Bank CERT,Bank Name,Bank Website,Bank City,Bank State,Bank Assets,Executive Name,Executive Title,Source URL
28332,Southern Bank,https://www.bankwithsouthern.com,Poplar Bluff,MO,$4.99B,Make a Loan Payment,Find A Loan Officer,https://www.bankwithsouthern.com/about-southern-bank/
8879,Community Bank of Mississippi,https://www.communitybank.net,Flowood,MS,$4.95B,Real client exposure,"Join loan officers on sales calls, meet customers face-to-face, and gain confidence through direct experience.",https://www.communitybank.net/management
3405,Vantage Bank Texas,https://www.vantage.bank,San Antonio,TX,$4.92B,Jay Leal,"Executive Vice President, Chief Information Officer",https://www.vantage.bank/leadership
3405,Vantage Bank Texas,https://www.vantage.bank,San Antonio,TX,$4.92B,"Executive Vice President, Chief Information Officer",Advisory Directors,https://www.vantage.bank/leadership
3405,Vantage Bank Texas,https://www.vantage.bank,San Antonio,TX,$4.92B,Executive Vice President,Chief Information Officer,https://www.vantage.bank/leadership
34395,"Barrington Bank & Trust Company, National Association",https://www.barringtonbank.com,Barrington,IL,$4.85B,Brad Stetson,CHAIRMAN,https://www.barringtonbank.com/about-your-bank/connect-with-us/findus.html
34395,"Barrington Bank & Trust Company, National Association",https://www.barringtonbank.com,Barrington,IL,$4.85B,Jon Stickney,CEO/PRESIDENT,https://www.barringtonbank.com/about-your-bank/connect-with-us/findus.html
34395,"Barrington Bank & Trust Company, National Association",https://www.barringtonbank.com,Barrington,IL,$4.85B,Steve Stupec-Hernandez,SENIOR VICE PRESIDENT & HEAD OF RETAIL,https://www.barringtonbank.com/about-your-bank/connect-with-us/findus.html
34395,"Barrington Bank & Trust Company, National Association",https://www.barringtonbank.com,Barrington,IL,$4.85B,Adam Cortes,VICE PRESIDENT,https://www.barringtonbank.com/about-your-bank/connect-with-us/findus.html
35237,"John Deere Financial, f.s.b.",https://www.deere.com,Middleton,WI,$4.78B,JOHN MAY,Chairman of the Board and,https://www.deere.com/leadership
35237,"John Deere Financial, f.s.b.",https://www.deere.com,Middleton,WI,$4.78B,Chairman of the Board and,Chief Executive Officer,https://www.deere.com/leadership
35237,"John Deere Financial, f.s.b.",https://www.deere.com,Middleton,WI,$4.78B,Ryan Campbell,"President, Worldwide Construction & Forestry Division and Power Systems",https://www.deere.com/leadership
35237,"John Deere Financial, f.s.b.",https://www.deere.com,Middleton,WI,$4.78B,Jahmy Hindman,Senior Vice President and Chief Technology Officer,https://www.deere.com/leadership
35237,"John Deere Financial, f.s.b.",https://www.deere.com,Middleton,WI,$4.78B,Joshua Jepsen,Senior Vice President and Chief Financial Officer,https://www.deere.com/leadership
35237,"John Deere Financial, f.s.b.",https://www.deere.com,Middleton,WI,$4.78B,Deanna Kovar,"President, Worldwide Agriculture & Turf Division, Production & Precision Agriculture, and Americas and Australia",https://www.deere.com/leadership
35237,"John Deere Financial, f.s.b.",https://www.deere.com,Middleton,WI,$4.78B,Rajesh Kalathur,"President, John Deere Financial, and Chief Information Officer",https://www.deere.com/leadership
35237,"John Deere Financial, f.s.b.",https://www.deere.com,Middleton,WI,$4.78B,Felecia Pryor,Senior Vice President and Chief People Officer,https://www.deere.com/leadership
35237,"John Deere Financial, f.s.b.",https://www.deere.com,Middleton,WI,$4.78B,Justin Rose,"President, Worldwide Agriculture & Turf Division, Small Agriculture and Turf Care, Europe, Africa, and Asia",https://www.deere.com/leadership
35237,"John Deere Financial, f.s.b.",https://www.deere.com,Middleton,WI,$4.78B,Cory Reed,"President, Lifecycle Solutions, Supply Management, and Customer Success",https://www.deere.com/leadership
35237,"John Deere Financial, f.s.b.",https://www.deere.com,Middleton,WI,$4.78B,Kellye Walker,"Senior Vice President and Chief Legal Officer, Global Law Services & Regulatory Affairs",https://www.deere.com/leadership
35237,"John Deere Financial, f.s.b.",https://www.deere.com,Middleton,WI,$4.78B,Guided by Experts,"Our directors help us create a sustainable business – for our customers, employees, communities, and investors.",https://www.deere.com/leadership
35237,"John Deere Financial, f.s.b.",https://www.deere.com,Middleton,WI,$4.78B,John C. May,"Chairman of the Board of Directors and Chief Executive Officer, Deere & Company",https://www.deere.com/leadership
35237,"John Deere Financial, f.s.b.",https://www.deere.com,Middleton,WI,$4.78B,Leanne G. Caret,"Retired Executive Vice President and Senior Advisor of The Boeing Company and Former President and Chief Officer of Boeing Defense, Space, & Security",https://www.deere.com/leadership
35237,"John Deere Financial, f.s.b.",https://www.deere.com,Middleton,WI,$4.78B,R. Preston Feight,"CEO, PACCAR Inc",https://www.deere.com/leadership
35237,"John Deere Financial, f.s.b.",https://www.deere.com,Middleton,WI,$4.78B,L. Neil Hunn,"President and Chief Executive Officer, Roper Technologies",https://www.deere.com/leadership
35237,"John Deere Financial, f.s.b.",https://www.deere.com,Middleton,WI,$4.78B,Michael O. Johanns,Retired U.S. Senator from Nebraska and former U.S. Secretary of Agriculture,https://www.deere.com/leadership
35237,"John Deere Financial, f.s.b.",https://www.deere.com,Middleton,WI,$4.78B,Gregory R. Page,"Chairman of Corteva, Inc. and Retired Chairman and Chief Executive Officer, Cargill, Inc.",https://www.deere.com/leadership
35237,"John Deere Financial, f.s.b.",https://www.deere.com,Middleton,WI,$4.78B,J. Brian Sikes,"Board Chair and Chief Executive Officer, Cargill",https://www.deere.com/leadership
35237,"John Deere Financial, f.s.b.",https://www.deere.com,Middleton,WI,$4.78B,Sheila G. Talton,"President and Chief Executive Officer, Gray Matter Analytics",https://www.deere.com/leadership
35237,"John Deere Financial, f.s.b.",https://www.deere.com,Middleton,WI,$4.78B,John Deere Pavilion,John Deere Tractor & Engine Museum,https://www.deere.com/leadership
35237,"John Deere Financial, f.s.b.",https://www.deere.com,Middleton,WI,$4.78B,Contact Us,Cookie Preferences,https://www.deere.com/leadership
35237,"John Deere Financial, f.s.b.",https://www.deere.com,Middleton,WI,$4.78B,Chairman of Corteva,"Inc. and Retired Chairman and Chief Executive Officer, Cargill, Inc.",https://www.deere.com/leadership
11971,Bar Harbor Bank & Trust,https://www.barharbor.bank,Bar Harbor,ME,$4.71B,Curtis C. Simard,President,https://www.barharbor.bank/board-of-directors
11971,Bar Harbor Bank & Trust,https://www.barharbor.bank,Bar Harbor,ME,$4.71B,Josephine Iannelli,Executive Vice President,https://www.barharbor.bank/board-of-directors
11971,Bar Harbor Bank & Trust,https://www.barharbor.bank,Bar Harbor,ME,$4.71B,Executive Vice President,Chief Financial Officer and Treasurer,https://www.barharbor.bank/board-of-directors
11971,Bar Harbor Bank & Trust,https://www.barharbor.bank,Bar Harbor,ME,$4.71B,John M. Mercier,Executive Vice President,https://www.barharbor.bank/board-of-directors
11971,Bar Harbor Bank & Trust,https://www.barharbor.bank,Bar Harbor,ME,$4.71B,Marion Colombo,Executive Vice President,https://www.barharbor.bank/board-of-directors
11971,Bar Harbor Bank & Trust,https://www.barharbor.bank,Bar Harbor,ME,$4.71B,Jason Edgar,President,https://www.barharbor.bank/board-of-directors
11971,Bar Harbor Bank & Trust,https://www.barharbor.bank,Bar Harbor,ME,$4.71B,Alison DiPaola,Senior Vice President,https://www.barharbor.bank/board-of-directors
11971,Bar Harbor Bank & Trust,https://www.barharbor.bank,Bar Harbor,ME,$4.71B,Senior Vice President,Chief Human Resources Officer,https://www.barharbor.bank/board-of-directors
11971,Bar Harbor Bank & Trust,https://www.barharbor.bank,Bar Harbor,ME,$4.71B,Joseph Scully,Senior Vice President,https://www.barharbor.bank/board-of-directors
11971,Bar Harbor Bank & Trust,https://www.barharbor.bank,Bar Harbor,ME,$4.71B,John Williams,Senior Vice President,https://www.barharbor.bank/board-of-directors
11971,Bar Harbor Bank & Trust,https://www.barharbor.bank,Bar Harbor,ME,$4.71B,Chief Risk Officer,Board of Directors,https://www.barharbor.bank/board-of-directors
11971,Bar Harbor Bank & Trust,https://www.barharbor.bank,Bar Harbor,ME,$4.71B,Matthew L. Caras,Chairman,https://www.barharbor.bank/board-of-directors
11971,Bar Harbor Bank & Trust,https://www.barharbor.bank,Bar Harbor,ME,$4.71B,"Arrowsic, ME",Founder and Former Owner and Managing Director of Leaders LLC,https://www.barharbor.bank/board-of-directors
11971,Bar Harbor Bank & Trust,https://www.barharbor.bank,Bar Harbor,ME,$4.71B,"Hampden, ME","President, GAC Chemical Corporation",https://www.barharbor.bank/board-of-directors
11971,Bar Harbor Bank & Trust,https://www.barharbor.bank,Bar Harbor,ME,$4.71B,"Mt. Desert, ME",President and an Owner in Jordan-Fernald Funeral Home,https://www.barharbor.bank/board-of-directors
11971,Bar Harbor Bank & Trust,https://www.barharbor.bank,Bar Harbor,ME,$4.71B,"Woodsville, NH",Retired Bank President & CEO of Woodsville Guaranty Savings Bank,https://www.barharbor.bank/board-of-directors
11971,Bar Harbor Bank & Trust,https://www.barharbor.bank,Bar Harbor,ME,$4.71B,"Londonderry, NH",Vice President of External Relations at NH Community Loan Fund,https://www.barharbor.bank/board-of-directors
11971,Bar Harbor Bank & Trust,https://www.barharbor.bank,Bar Harbor,ME,$4.71B,"Nashua, NH","Office Managing Director of CBIZ, LLC",https://www.barharbor.bank/board-of-directors
14650,Hills Bank and Trust Company,https://www.hillsbank.com,Hills,IA,$4.66B,Adrian Marsden,"First Vice President, Branch Manager",https://www.hillsbank.com/team-members/branch-managers
14650,Hills Bank and Trust Company,https://www.hillsbank.com,Hills,IA,$4.66B,Angela Ramirez,"First Vice President, Branch Manager",https://www.hillsbank.com/team-members/branch-managers
14650,Hills Bank and Trust Company,https://www.hillsbank.com,Hills,IA,$4.66B,Destyn Weber,"First Vice President, Branch Manager",https://www.hillsbank.com/team-members/branch-managers
14650,Hills Bank and Trust Company,https://www.hillsbank.com,Hills,IA,$4.66B,Amber DeMan,"First Vice President, Branch Manager",https://www.hillsbank.com/team-members/branch-managers
14650,Hills Bank and Trust Company,https://www.hillsbank.com,Hills,IA,$4.66B,Kelsey Redlinger,"Branch Manager, Vice President",https://www.hillsbank.com/team-members/branch-managers
14650,Hills Bank and Trust Company,https://www.hillsbank.com,Hills,IA,$4.66B,Allison Bates,"Branch Manager, Vice President",https://www.hillsbank.com/team-members/branch-managers
14650,Hills Bank and Trust Company,https://www.hillsbank.com,Hills,IA,$4.66B,Dawn Reimers,"Branch Manager, Vice President",https://www.hillsbank.com/team-members/branch-managers
14650,Hills Bank and Trust Company,https://www.hillsbank.com,Hills,IA,$4.66B,Mallory Valdez,"First Vice President, Branch Manager",https://www.hillsbank.com/team-members/branch-managers
14650,Hills Bank and Trust Company,https://www.hillsbank.com,Hills,IA,$4.66B,Tyler Bartlett,"Branch Manager, First Vice President",https://www.hillsbank.com/team-members/branch-managers
14650,Hills Bank and Trust Company,https://www.hillsbank.com,Hills,IA,$4.66B,Michelle Zaruba,"First Vice President, Branch Manager",https://www.hillsbank.com/team-members/branch-managers
14650,Hills Bank and Trust Company,https://www.hillsbank.com,Hills,IA,$4.66B,Sabrina Beyer,"Branch Manager, First Vice President",https://www.hillsbank.com/team-members/branch-managers
14650,Hills Bank and Trust Company,https://www.hillsbank.com,Hills,IA,$4.66B,Tim Higginbotham,"Branch Manager, First Vice President",https://www.hillsbank.com/team-members/branch-managers
14650,Hills Bank and Trust Company,https://www.hillsbank.com,Hills,IA,$4.66B,Brenda Langenberg,"Branch Manager, Vice President",https://www.hillsbank.com/team-members/branch-managers
14650,Hills Bank and Trust Company,https://www.hillsbank.com,Hills,IA,$4.66B,Donna Hallett,"Branch Manager, Vice President",https://www.hillsbank.com/team-members/branch-managers
14650,Hills Bank and Trust Company,https://www.hillsbank.com,Hills,IA,$4.66B,Kaytlyn Christner,"First Vice President, Branch Manager",https://www.hillsbank.com/team-members/branch-managers
14650,Hills Bank and Trust Company,https://www.hillsbank.com,Hills,IA,$4.66B,Jo Edgington,"First Vice President, Branch Manager",https://www.hillsbank.com/team-members/branch-managers
14650,Hills Bank and Trust Company,https://www.hillsbank.com,Hills,IA,$4.66B,Kristine Burns,"Vice President, Branch Manager",https://www.hillsbank.com/team-members/branch-managers
14650,Hills Bank and Trust Company,https://www.hillsbank.com,Hills,IA,$4.66B,Todd Shaull,"Branch Manager, Vice President",https://www.hillsbank.com/team-members/branch-managers
14650,Hills Bank and Trust Company,https://www.hillsbank.com,Hills,IA,$4.66B,Branch Manager,Vice President,https://www.hillsbank.com/team-members/branch-managers
14650,Hills Bank and Trust Company,https://www.hillsbank.com,Hills,IA,$4.66B,Brad Joens,"Senior Vice President, Commercial Banking",https://www.hillsbank.com/team-members/branch-managers
14650,Hills Bank and Trust Company,https://www.hillsbank.com,Hills,IA,$4.66B,Kelly Thompson,"Vice President, Treasury Management Sales",https://www.hillsbank.com/team-members/branch-managers
14650,Hills Bank and Trust Company,https://www.hillsbank.com,Hills,IA,$4.66B,TJ Filip,"Vice President, Commercial Banking",https://www.hillsbank.com/team-members/branch-managers
14650,Hills Bank and Trust Company,https://www.hillsbank.com,Hills,IA,$4.66B,Tyler Riebhoff,Commercial Banking Officer,https://www.hillsbank.com/team-members/branch-managers
14650,Hills Bank and Trust Company,https://www.hillsbank.com,Hills,IA,$4.66B,Bob Lamkins,"First Vice President, Commercial Banker",https://www.hillsbank.com/team-members/branch-managers
14650,Hills Bank and Trust Company,https://www.hillsbank.com,Hills,IA,$4.66B,Byson Croy,"Vice President, Commercial Banking",https://www.hillsbank.com/team-members/branch-managers
14650,Hills Bank and Trust Company,https://www.hillsbank.com,Hills,IA,$4.66B,Dean Stockman,"Senior Vice President, Commercial Banking",https://www.hillsbank.com/team-members/branch-managers
14650,Hills Bank and Trust Company,https://www.hillsbank.com,Hills,IA,$4.66B,Houston Harreld,"First Vice President, Commercial Banking",https://www.hillsbank.com/team-members/branch-managers
14650,Hills Bank and Trust Company,https://www.hillsbank.com,Hills,IA,$4.66B,Ian Probst,Treasury Management Relationship Officer,https://www.hillsbank.com/team-members/branch-managers
14650,Hills Bank and Trust Company,https://www.hillsbank.com,Hills,IA,$4.66B,Jen Stull,"Vice President, Commercial Banking",https://www.hillsbank.com/team-members/branch-managers
14650,Hills Bank and Trust Company,https://www.hillsbank.com,Hills,IA,$4.66B,Kenzie Hein,"Commercial Banking, FVP",https://www.hillsbank.com/team-members/branch-managers
14650,Hills Bank and Trust Company,https://www.hillsbank.com,Hills,IA,$4.66B,Patty Hansche,"Vice President, Treasury Management Sales",https://www.hillsbank.com/team-members/branch-managers
14650,Hills Bank and Trust Company,https://www.hillsbank.com,Hills,IA,$4.66B,Bethany Gorsch,"Senior Vice President, Treasury Management",https://www.hillsbank.com/team-members/branch-managers
14650,Hills Bank and Trust Company,https://www.hillsbank.com,Hills,IA,$4.66B,Brad Langguth,"Senior Vice President, Commercial Banking",https://www.hillsbank.com/team-members/branch-managers
14650,Hills Bank and Trust Company,https://www.hillsbank.com,Hills,IA,$4.66B,Brandon Keese,"Vice President, Commercial Banking",https://www.hillsbank.com/team-members/branch-managers
14650,Hills Bank and Trust Company,https://www.hillsbank.com,Hills,IA,$4.66B,Jace Bailey,"Vice President, Commercial Banking",https://www.hillsbank.com/team-members/branch-managers
14650,Hills Bank and Trust Company,https://www.hillsbank.com,Hills,IA,$4.66B,Tim Finer,"Director of Commercial Banking, Senior Vice President",https://www.hillsbank.com/team-members/branch-managers
14650,Hills Bank and Trust Company,https://www.hillsbank.com,Hills,IA,$4.66B,Bryan Overy,"First Vice President, Commercial Banking",https://www.hillsbank.com/team-members/branch-managers
14650,Hills Bank and Trust Company,https://www.hillsbank.com,Hills,IA,$4.66B,Tyler Coblentz,"First Vice President, Commercial Banking",https://www.hillsbank.com/team-members/branch-managers
14650,Hills Bank and Trust Company,https://www.hillsbank.com,Hills,IA,$4.66B,Marci Dahl,"First Vice President, Commercial Banking",https://www.hillsbank.com/team-members/branch-managers
14650,Hills Bank and Trust Company,https://www.hillsbank.com,Hills,IA,$4.66B,Patty Webster,"Vice President, Treasury Management Sales",https://www.hillsbank.com/team-members/branch-managers
14650,Hills Bank and Trust Company,https://www.hillsbank.com,Hills,IA,$4.66B,Carly Lefebure,"First Vice President, Mortgage Lender",https://www.hillsbank.com/team-members/branch-managers
14650,Hills Bank and Trust Company,https://www.hillsbank.com,Hills,IA,$4.66B,Marcus Ramirez,"First Vice President, Mortgage Lender",https://www.hillsbank.com/team-members/branch-managers
14650,Hills Bank and Trust Company,https://www.hillsbank.com,Hills,IA,$4.66B,Tammy Smith,"Vice President, Mortgage Lender",https://www.hillsbank.com/team-members/branch-managers
14650,Hills Bank and Trust Company,https://www.hillsbank.com,Hills,IA,$4.66B,Chris Jenn,"Vice President, Mortgage Lender",https://www.hillsbank.com/team-members/branch-managers
14650,Hills Bank and Trust Company,https://www.hillsbank.com,Hills,IA,$4.66B,Jack O'Rourke,"Vice President, Mortgage Lender",https://www.hillsbank.com/team-members/branch-managers
14650,Hills Bank and Trust Company,https://www.hillsbank.com,Hills,IA,$4.66B,Kevin Bachus,"First Vice President, Mortgage Lender",https://www.hillsbank.com/team-members/branch-managers
14650,Hills Bank and Trust Company,https://www.hillsbank.com,Hills,IA,$4.66B,Adam Calcara,"First Vice President, Mortgage Lender",https://www.hillsbank.com/team-members/branch-managers
14650,Hills Bank and Trust Company,https://www.hillsbank.com,Hills,IA,$4.66B,Holly Randall,"First Vice President, Mortgage Lender",https://www.hillsbank.com/team-members/branch-managers
14650,Hills Bank and Trust Company,https://www.hillsbank.com,Hills,IA,$4.66B,Stephanie Schumacher,"Senior Vice President, Mortgage Lending",https://www.hillsbank.com/team-members/branch-managers
35361,Five Star Bank,https://www.fivestarbank.com,Roseville,CA,$4.64B,Senior Vice President /,Managing Director,https://www.fivestarbank.com/meet-our-business-development-team
35361,Five Star Bank,https://www.fivestarbank.com,Roseville,CA,$4.64B,Vice President /,Director,https://www.fivestarbank.com/meet-our-business-development-team
35361,Five Star Bank,https://www.fivestarbank.com,Roseville,CA,$4.64B,Cook III,Senior Vice President /,https://www.fivestarbank.com/meet-our-business-development-team
35361,Five Star Bank,https://www.fivestarbank.com,Roseville,CA,$4.64B,Assistant Vice President /,Government Banking Officer,https://www.fivestarbank.com/meet-our-business-development-team
35361,Five Star Bank,https://www.fivestarbank.com,Roseville,CA,$4.64B,Van Straalen,Vice President /,https://www.fivestarbank.com/meet-our-business-development-team
34717,"Town Bank, National Association",https://www.townbank.us,Hartland,WI,$4.56B,Jay Mack,PRESIDENT & CEO,https://www.townbank.us/about-your-bank/connect-with-us/findus.html
34717,"Town Bank, National Association",https://www.townbank.us,Hartland,WI,$4.56B,Jeff Olsen,EXECUTIVE VICE PRESIDENT & CHIEF LENDING OFFICER,https://www.townbank.us/about-your-bank/connect-with-us/findus.html
34717,"Town Bank, National Association",https://www.townbank.us,Hartland,WI,$4.56B,LaVerne Davis,VP BUSINESS DEVELOPMENT OFFICER,https://www.townbank.us/about-your-bank/connect-with-us/findus.html
34717,"Town Bank, National Association",https://www.townbank.us,Hartland,WI,$4.56B,Nicole Ireland,SENIOR VICE PRESIDENT & HEAD OF RETAIL,https://www.townbank.us/about-your-bank/connect-with-us/findus.html
57056,Celtic Bank,http://www.celticbank.com,Salt Lake City,UT,$4.55B,Translating Vision into Reality,Celtic’s excellence is due to the vision and strategy of it’s Executive Team and Board. Meet our senior leaders and board of directors.,http://www.celticbank.com/executive-team
57056,Celtic Bank,http://www.celticbank.com,Salt Lake City,UT,$4.55B,Open box,Board of Directors - Emeritus,http://www.celticbank.com/executive-team
57056,Celtic Bank,http://www.celticbank.com,Salt Lake City,UT,$4.55B,"Reese S. Howell, Sr.",DIRECTOR EMERITUS,http://www.celticbank.com/executive-team
57056,Celtic Bank,http://www.celticbank.com,Salt Lake City,UT,$4.55B,"Reese Howell, Jr.",CHIEF EXECUTIVE OFFICER AND CHAIRMAN OF THE BOARD,http://www.celticbank.com/executive-team
57056,Celtic Bank,http://www.celticbank.com,Salt Lake City,UT,$4.55B,Todd Boren,PRESIDENT/COO/CHIEF RISK OFFICER,http://www.celticbank.com/executive-team
57056,Celtic Bank,http://www.celticbank.com,Salt Lake City,UT,$4.55B,Jake Barney,CHIEF FINANCIAL OFFICER,http://www.celticbank.com/executive-team
57056,Celtic Bank,http://www.celticbank.com,Salt Lake City,UT,$4.55B,Timothy J. McGoff,CHIEF BUSINESS DEVELOPMENT OFFICER,http://www.celticbank.com/executive-team
57056,Celtic Bank,http://www.celticbank.com,Salt Lake City,UT,$4.55B,Linda M. Howell,CHIEF MARKETING OFFICER,http://www.celticbank.com/executive-team
57056,Celtic Bank,http://www.celticbank.com,Salt Lake City,UT,$4.55B,Eric Petersen,"CHIEF STRATEGY OFFICER, DIRECTOR OF STRATEGIC LENDING PARTNERSHIPS",http://www.celticbank.com/executive-team
57056,Celtic Bank,http://www.celticbank.com,Salt Lake City,UT,$4.55B,Andrew Yenchik,CHIEF TECHNOLOGY OFFICER,http://www.celticbank.com/executive-team
57056,Celtic Bank,http://www.celticbank.com,Salt Lake City,UT,$4.55B,Ben Johnson,CHIEF COMMERCIAL FINANCE OFFICER,http://www.celticbank.com/executive-team
57056,Celtic Bank,http://www.celticbank.com,Salt Lake City,UT,$4.55B,Josh Hovermale,CHIEF CREDIT OFFICER,http://www.celticbank.com/executive-team
57056,Celtic Bank,http://www.celticbank.com,Salt Lake City,UT,$4.55B,CHIEF STRATEGY OFFICER,DIRECTOR OF STRATEGIC LENDING PARTNERSHIPS,http://www.celticbank.com/executive-team
90211,Hingham Institution for Savings,https://www.hinghamsavings.com,Hingham,MA,$4.53B,"Robert H. Gaughen, Jr.",CHAIRMAN AND CEO,https://www.hinghamsavings.com/team
90211,Hingham Institution for Savings,https://www.hinghamsavings.com,Hingham,MA,$4.53B,Patrick R . Gaughen,PRESIDENT AND COO,https://www.hinghamsavings.com/team
90211,Hingham Institution for Savings,https://www.hinghamsavings.com,Hingham,MA,$4.53B,Cristian Melej,VP AND CHIEF FINANCIAL OFFICER,https://www.hinghamsavings.com/team
90211,Hingham Institution for Savings,https://www.hinghamsavings.com,Hingham,MA,$4.53B,Eileen Trainor,VP AND TREASURER,https://www.hinghamsavings.com/team
90211,Hingham Institution for Savings,https://www.hinghamsavings.com,Hingham,MA,$4.53B,Holly Cirignano,VP - CHIEF OF STAFF,https://www.hinghamsavings.com/team
90211,Hingham Institution for Savings,https://www.hinghamsavings.com,Hingham,MA,$4.53B,Andrew Vebber,VP - RETAIL BANKING,https://www.hinghamsavings.com/team
90211,Hingham Institution for Savings,https://www.hinghamsavings.com,Hingham,MA,$4.53B,Leigh Hemmings,VP - DIGITAL BANKING GROUP,https://www.hinghamsavings.com/team
90211,Hingham Institution for Savings,https://www.hinghamsavings.com,Hingham,MA,$4.53B,Jeremy Martin,VP AND CHIEF COMPLIANCE OFFICER,https://www.hinghamsavings.com/team
90211,Hingham Institution for Savings,https://www.hinghamsavings.com,Hingham,MA,$4.53B,Daniel Bagley,VP AND CHIEF INFORMATION OFFICER,https://www.hinghamsavings.com/team
90211,Hingham Institution for Savings,https://www.hinghamsavings.com,Hingham,MA,$4.53B,Kristin Casey,VP - BSA/AML OFFICER,https://www.hinghamsavings.com/team
90211,Hingham Institution for Savings,https://www.hinghamsavings.com,Hingham,MA,$4.53B,Sebi Ovesian,VP - LOAN OPERATIONS,https://www.hinghamsavings.com/team
90211,Hingham Institution for Savings,https://www.hinghamsavings.com,Hingham,MA,$4.53B,Tony Frattini,VP - RESIDENTIAL LENDING,https://www.hinghamsavings.com/team
90211,Hingham Institution for Savings,https://www.hinghamsavings.com,Hingham,MA,$4.53B,Shawn Sullivan,VP - COMMERCIAL LENDING,https://www.hinghamsavings.com/team
90211,Hingham Institution for Savings,https://www.hinghamsavings.com,Hingham,MA,$4.53B,Jeffrey Geifman,VP - COMMERCIAL LENDING,https://www.hinghamsavings.com/team
90211,Hingham Institution for Savings,https://www.hinghamsavings.com,Hingham,MA,$4.53B,Sara Congdon,VP - REGIONAL MANAGER NANTUCKET,https://www.hinghamsavings.com/team
90211,Hingham Institution for Savings,https://www.hinghamsavings.com,Hingham,MA,$4.53B,Paul Barry,VP - COMMERCIAL LENDING,https://www.hinghamsavings.com/team
90211,Hingham Institution for Savings,https://www.hinghamsavings.com,Hingham,MA,$4.53B,Alex Boyd,VP - COMMERCIAL LENDING,https://www.hinghamsavings.com/team
90211,Hingham Institution for Savings,https://www.hinghamsavings.com,Hingham,MA,$4.53B,Patrick Garvey,VP - COMMERCIAL LENDING,https://www.hinghamsavings.com/team
90211,Hingham Institution for Savings,https://www.hinghamsavings.com,Hingham,MA,$4.53B,Janice Spiess,VP - COMMERCIAL CREDIT ADMINISTRATION,https://www.hinghamsavings.com/team
90211,Hingham Institution for Savings,https://www.hinghamsavings.com,Hingham,MA,$4.53B,William Donovan,VP - CONSTRUCTION LOAN INSPECTIONS,https://www.hinghamsavings.com/team
90211,Hingham Institution for Savings,https://www.hinghamsavings.com,Hingham,MA,$4.53B,Edson Bueno,"VP - RELATIONSHIP MANAGER, SPECIALIZED DEPOSIT GROUP",https://www.hinghamsavings.com/team
90211,Hingham Institution for Savings,https://www.hinghamsavings.com,Hingham,MA,$4.53B,Jeff Citerin,"VP - RELATIONSHIP MANAGER, SPECIALIZED DEPOSIT GROUP",https://www.hinghamsavings.com/team
90211,Hingham Institution for Savings,https://www.hinghamsavings.com,Hingham,MA,$4.53B,Larry Corthell,"VP - RELATIONSHIP MANAGER, SPECIALIZED DEPOSIT GROUP",https://www.hinghamsavings.com/team
90211,Hingham Institution for Savings,https://www.hinghamsavings.com,Hingham,MA,$4.53B,Phillip Donnici,VP - RELATIONSHIP MANAGER - SPECIALIZED DEPOSIT GROUP,https://www.hinghamsavings.com/team
90211,Hingham Institution for Savings,https://www.hinghamsavings.com,Hingham,MA,$4.53B,Amir Zahedani,VP - RELATIONSHIP MANAGER - SPECIALIZED DEPOSIT GROUP,https://www.hinghamsavings.com/team
90211,Hingham Institution for Savings,https://www.hinghamsavings.com,Hingham,MA,$4.53B,Selam Eyassu,"VP - RELATIONSHIP MANAGER, SPECIALIZED DEPOSIT GROUP",https://www.hinghamsavings.com/team
90211,Hingham Institution for Savings,https://www.hinghamsavings.com,Hingham,MA,$4.53B,Joseph Morse,"VP - RELATIONSHIP MANAGER, SPECIALIZED DEPOSIT GROUP",https://www.hinghamsavings.com/team
90211,Hingham Institution for Savings,https://www.hinghamsavings.com,Hingham,MA,$4.53B,Brian Seliber,"VP - RELATIONSHIP MANAGER, SPECIALIZED DEPOSIT GROUP",https://www.hinghamsavings.com/team
90211,Hingham Institution for Savings,https://www.hinghamsavings.com,Hingham,MA,$4.53B,Celina Tennant,AVP - RETAIL BANKING,https://www.hinghamsavings.com/team
90211,Hingham Institution for Savings,https://www.hinghamsavings.com,Hingham,MA,$4.53B,Julia Boutchie,AVP - RETAIL BANKING,https://www.hinghamsavings.com/team
90211,Hingham Institution for Savings,https://www.hinghamsavings.com,Hingham,MA,$4.53B,Carol Hood,AVP - RETAIL BANKING,https://www.hinghamsavings.com/team
90211,Hingham Institution for Savings,https://www.hinghamsavings.com,Hingham,MA,$4.53B,Dave Jean,AVP - RETAIL BANKING,https://www.hinghamsavings.com/team
90211,Hingham Institution for Savings,https://www.hinghamsavings.com,Hingham,MA,$4.53B,Dylan Sandoval,AVP - RETAIL BANKING,https://www.hinghamsavings.com/team
90211,Hingham Institution for Savings,https://www.hinghamsavings.com,Hingham,MA,$4.53B,John Lauterhahn,VP - CUSTOMER EXPERIENCE MANAGER,https://www.hinghamsavings.com/team
90211,Hingham Institution for Savings,https://www.hinghamsavings.com,Hingham,MA,$4.53B,ABOUT US,"ROBERT H. GAUGHEN, JR. (CHAIRMAN AND CEO)",https://www.hinghamsavings.com/team
90211,Hingham Institution for Savings,https://www.hinghamsavings.com,Hingham,MA,$4.53B,ROBERT H. GAUGHEN,JR. (CHAIRMAN AND CEO),https://www.hinghamsavings.com/team
21868,"Bessemer Trust Company, National Association",http://www.bessemertrust.com,New York,NY,$4.38B,INVESTMENT MANAGEMENT,Chief Investment Officer Jeff Mills on Bloomberg’s “The Close” (January 2026),https://www.bessemertrust.com/what-we-do-you/investment-management
25679,International Bank of Commerce,https://www.ibc.com,Brownsville,TX,$4.35B,Motto: We Do More,"Workforce: 2,000+ diverse employees, including at officer level.",https://www.ibc.com/about/leadership
25679,International Bank of Commerce,https://www.ibc.com,Brownsville,TX,$4.35B,Chief Executive: Dennis E. Nixon,Chairman and CEO,https://www.ibc.com/about/leadership
3250,"VeraBank, National Association",https://www.verabank.com,Henderson,TX,$4.34B,Marshall East ITM,2203 Victory Dr.,https://www.verabank.com/Resources/About-VeraBank/Locations-and-Hours
58816,Royal Business Bank,https://www.royalbusinessbankusa.com,Los Angeles,CA,$4.20B,View preferences,Cookie Policy,https://www.royalbusinessbankusa.com/about
58816,Royal Business Bank,https://www.royalbusinessbankusa.com,Los Angeles,CA,$4.20B,Johnny Lee,President,https://www.royalbusinessbankusa.com/about
58816,Royal Business Bank,https://www.royalbusinessbankusa.com,Los Angeles,CA,$4.20B,Lynn Hopkins,Executive Vice President,https://www.royalbusinessbankusa.com/about
58816,Royal Business Bank,https://www.royalbusinessbankusa.com,Los Angeles,CA,$4.20B,Executive Vice President,Chief Financial Officer,https://www.royalbusinessbankusa.com/about
58816,Royal Business Bank,https://www.royalbusinessbankusa.com,Los Angeles,CA,$4.20B,Gary Fan,Executive Vice President,https://www.royalbusinessbankusa.com/about
58816,Royal Business Bank,https://www.royalbusinessbankusa.com,Los Angeles,CA,$4.20B,Mina Rizkalla,Executive Vice President,https://www.royalbusinessbankusa.com/about
58816,Royal Business Bank,https://www.royalbusinessbankusa.com,Los Angeles,CA,$4.20B,I-Ming (Vincent) Liu,Executive Vice President,https://www.royalbusinessbankusa.com/about
58816,Royal Business Bank,https://www.royalbusinessbankusa.com,Los Angeles,CA,$4.20B,Tsu Te Huang,Executive Vice President,https://www.royalbusinessbankusa.com/about
58816,Royal Business Bank,https://www.royalbusinessbankusa.com,Los Angeles,CA,$4.20B,Ashley Chang,Executive Vice President,https://www.royalbusinessbankusa.com/about
58816,Royal Business Bank,https://www.royalbusinessbankusa.com,Los Angeles,CA,$4.20B,Jeffrey Yeh,Executive Vice President,https://www.royalbusinessbankusa.com/about
58816,Royal Business Bank,https://www.royalbusinessbankusa.com,Los Angeles,CA,$4.20B,Accessibility Statement,Cookie Policy,https://www.royalbusinessbankusa.com/about
33803,"Wheaton Bank & Trust, National Association",https://www.wheatonbank.com,Wheaton,IL,$4.19B,Bob Hutchinson,CHIEF EXECUTIVE OFFICER,https://www.wheatonbank.com/about-your-bank/connect-with-us/findus.html
33803,"Wheaton Bank & Trust, National Association",https://www.wheatonbank.com,Wheaton,IL,$4.19B,Kim Coyne,SENIOR VICE PRESIDENT,https://www.wheatonbank.com/about-your-bank/connect-with-us/findus.html
33803,"Wheaton Bank & Trust, National Association",https://www.wheatonbank.com,Wheaton,IL,$4.19B,Kimberly Quarrie,VICE PRESIDENT,https://www.wheatonbank.com/about-your-bank/connect-with-us/findus.html
31313,First Federal Bank,https://www.ffbf.com,Lake City,FL,$4.14B,Consumer Loans,Mortgage Loan Officers,https://www.ffbf.com/about/careers
31313,First Federal Bank,https://www.ffbf.com,Lake City,FL,$4.14B,Loan Officers,"Find a friendly, knowledgeable loan officer near you.",https://www.ffbf.com/about/careers
31313,First Federal Bank,https://www.ffbf.com,Lake City,FL,$4.14B,Keith Leibfried,Chairman of the Board,https://www.ffbf.com/about/careers
31313,First Federal Bank,https://www.ffbf.com,Lake City,FL,$4.14B,Find a friendly,knowledgeable loan officer near you.,https://www.ffbf.com/about/careers
31313,First Federal Bank,https://www.ffbf.com,Lake City,FL,$4.14B,Board of Directors,"Original Board of Directors, 1962",https://www.ffbf.com/about/careers
31313,First Federal Bank,https://www.ffbf.com,Lake City,FL,$4.14B,John Medina,President and Chief Executive Officer,https://www.ffbf.com/about/careers
31313,First Federal Bank,https://www.ffbf.com,Lake City,FL,$4.14B,David Brewer,Senior Executive Vice President and Chief Financial Officer,https://www.ffbf.com/about/careers
31313,First Federal Bank,https://www.ffbf.com,Lake City,FL,$4.14B,Pam Hitt,Senior Executive Vice President and Chief Operating Officer,https://www.ffbf.com/about/careers
31313,First Federal Bank,https://www.ffbf.com,Lake City,FL,$4.14B,Robert Turbeville,Senior Executive Vice President and Chief Lending Officer,https://www.ffbf.com/about/careers
31313,First Federal Bank,https://www.ffbf.com,Lake City,FL,$4.14B,Will Beardsley,EVP & Chief Compliance Risk Officer,https://www.ffbf.com/about/careers
31313,First Federal Bank,https://www.ffbf.com,Lake City,FL,$4.14B,Courtney Blackburn,EVP & Chief Marketing Officer,https://www.ffbf.com/about/careers
31313,First Federal Bank,https://www.ffbf.com,Lake City,FL,$4.14B,Doug Brendel,EVP & President of Residential Lending,https://www.ffbf.com/about/careers
31313,First Federal Bank,https://www.ffbf.com,Lake City,FL,$4.14B,Wayne Cochran,EVP & Chief Information Officer,https://www.ffbf.com/about/careers
31313,First Federal Bank,https://www.ffbf.com,Lake City,FL,$4.14B,Georgia Jones,EVP & Chief Risk Officer,https://www.ffbf.com/about/careers
31313,First Federal Bank,https://www.ffbf.com,Lake City,FL,$4.14B,Stephanie McClendon,EVP & Chief of Retail Community Banking,https://www.ffbf.com/about/careers
22918,The First Bank and Trust Company,https://www.firstbank.com,Lebanon,VA,$4.11B,Open Account,Language Change Detector,https://www.firstbank.com/about/leadership
22918,The First Bank and Trust Company,https://www.firstbank.com,Lebanon,VA,$4.11B,Who We Are,Board of Directors,https://www.firstbank.com/about/leadership
12982,Civista Bank,https://www.civistabank.com,Sandusky,OH,$4.11B,We're Glad You're Here,"A Message from Dennis G. Shaffer, CEO",https://www.civistabank.com/about-us
12982,Civista Bank,https://www.civistabank.com,Sandusky,OH,$4.11B,Darci L. Congrove,"Managing Director, GBQ Partners, LLC",https://www.civistabank.com/about-us
12982,Civista Bank,https://www.civistabank.com,Sandusky,OH,$4.11B,Mark J. Macioce,"Vice President and Chief Information Officer, Kichler Lighting",https://www.civistabank.com/about-us
12982,Civista Bank,https://www.civistabank.com,Sandusky,OH,$4.11B,Dennis G. Shaffer,"CEO, President, and Chairman of the Board, Civista Bancshares, Inc., CEO, Civista Bank",https://www.civistabank.com/about-us
12982,Civista Bank,https://www.civistabank.com,Sandusky,OH,$4.11B,Charles A. Parcher,"Executive Vice President, Member of the Board of Directors",https://www.civistabank.com/about-us
12982,Civista Bank,https://www.civistabank.com,Sandusky,OH,$4.11B,Harry Singer,"President & CEO, Sandusco, Inc. and ICM Distributing Company, Inc.",https://www.civistabank.com/about-us
12982,Civista Bank,https://www.civistabank.com,Sandusky,OH,$4.11B,Gerald B. Wurm,"President, Wurm’s Woodworking Co. and Creative Plastics International",https://www.civistabank.com/about-us
12982,Civista Bank,https://www.civistabank.com,Sandusky,OH,$4.11B,"Clyde A. ""Chip"" Perfect Jr.","President, Managing Partner, CEO, Perfect North Slopes",https://www.civistabank.com/about-us
12982,Civista Bank,https://www.civistabank.com,Sandusky,OH,$4.11B,Nathan E. Weaks,"President, Automatic Feed Company",https://www.civistabank.com/about-us
12982,Civista Bank,https://www.civistabank.com,Sandusky,OH,$4.11B,Lorina W. Wise,"Chief Human Resources Officer, Nationwide Children's Hospital",https://www.civistabank.com/about-us
57044,"California Bank of Commerce, National Association",https://www.californiabankofcommerce.com,San Diego,CA,$4.10B,David I. Rainer,Chairman & CEO,https://www.californiabankofcommerce.com/about-us/leadership
57044,"California Bank of Commerce, National Association",https://www.californiabankofcommerce.com,San Diego,CA,$4.10B,Thomas Dolan,Chief Financial Officer (California BanCorp) & Chief Strategy Officer,https://www.californiabankofcommerce.com/about-us/leadership
57044,"California Bank of Commerce, National Association",https://www.californiabankofcommerce.com,San Diego,CA,$4.10B,Richard Hernandez,President,https://www.californiabankofcommerce.com/about-us/leadership
57044,"California Bank of Commerce, National Association",https://www.californiabankofcommerce.com,San Diego,CA,$4.10B,Michele Wirfel,Chief Operating Officer,https://www.californiabankofcommerce.com/about-us/leadership
57044,"California Bank of Commerce, National Association",https://www.californiabankofcommerce.com,San Diego,CA,$4.10B,Jean Carandang,Chief Financial Officer,https://www.californiabankofcommerce.com/about-us/leadership
57044,"California Bank of Commerce, National Association",https://www.californiabankofcommerce.com,San Diego,CA,$4.10B,Jeff Hurtik,Chief Information Officer,https://www.californiabankofcommerce.com/about-us/leadership
57044,"California Bank of Commerce, National Association",https://www.californiabankofcommerce.com,San Diego,CA,$4.10B,Pamela Isaacson,Chief Operations Officer,https://www.californiabankofcommerce.com/about-us/leadership
57044,"California Bank of Commerce, National Association",https://www.californiabankofcommerce.com,San Diego,CA,$4.10B,Sam Kunianski,Chief Banking Officer,https://www.californiabankofcommerce.com/about-us/leadership
57044,"California Bank of Commerce, National Association",https://www.californiabankofcommerce.com,San Diego,CA,$4.10B,Martin Liska,Chief Risk Officer,https://www.californiabankofcommerce.com/about-us/leadership
57044,"California Bank of Commerce, National Association",https://www.californiabankofcommerce.com,San Diego,CA,$4.10B,Manisha Merchant,Chief Legal Officer & Corporate Secretary,https://www.californiabankofcommerce.com/about-us/leadership
57044,"California Bank of Commerce, National Association",https://www.californiabankofcommerce.com,San Diego,CA,$4.10B,Peter Nutz,Chief Credit Officer,https://www.californiabankofcommerce.com/about-us/leadership
57044,"California Bank of Commerce, National Association",https://www.californiabankofcommerce.com,San Diego,CA,$4.10B,Joann Yeung,Chief Accounting Officer,https://www.californiabankofcommerce.com/about-us/leadership
57044,"California Bank of Commerce, National Association",https://www.californiabankofcommerce.com,San Diego,CA,$4.10B,Chris Barr,"Regional Market President, Northern California",https://www.californiabankofcommerce.com/about-us/leadership
58481,First Bank,https://www.myfirstbank.com,Hamilton,NJ,$4.03B,A Welcome Message From,"Patrick Ryan, President & CEO.",https://www.myfirstbank.com/about-us
58481,First Bank,https://www.myfirstbank.com,Hamilton,NJ,$4.03B,Patrick L. Ryan,President & CEO,https://www.myfirstbank.com/about-us
58481,First Bank,https://www.myfirstbank.com,Hamilton,NJ,$4.03B,Patrick Ryan,President & CEO.,https://www.myfirstbank.com/about-us
30076,"Spencer Savings Bank, SLA",https://www.spencersavings.com,Elmwood Park,NJ,$4.00B,Corporate Information,Chairman’s Message,https://www.spencersavings.com/about/executive-team
30076,"Spencer Savings Bank, SLA",https://www.spencersavings.com,Elmwood Park,NJ,$4.00B,José B. Guerrero,"Chairman, President and CEO",https://www.spencersavings.com/about/executive-team
30076,"Spencer Savings Bank, SLA",https://www.spencersavings.com,Elmwood Park,NJ,$4.00B,Michael Claisse,"EVP, Chief Lending Officer",https://www.spencersavings.com/about/executive-team
30076,"Spencer Savings Bank, SLA",https://www.spencersavings.com,Elmwood Park,NJ,$4.00B,Steve Fusco,"EVP, Chief Financial Officer",https://www.spencersavings.com/about/executive-team
30076,"Spencer Savings Bank, SLA",https://www.spencersavings.com,Elmwood Park,NJ,$4.00B,George Celentano,"EVP, Chief Retail Officer",https://www.spencersavings.com/about/executive-team
30076,"Spencer Savings Bank, SLA",https://www.spencersavings.com,Elmwood Park,NJ,$4.00B,Dushyant Abhyankar,"SVP, Treasurer",https://www.spencersavings.com/about/executive-team
30076,"Spencer Savings Bank, SLA",https://www.spencersavings.com,Elmwood Park,NJ,$4.00B,Janel Bazih,"SVP, Head of Marketing",https://www.spencersavings.com/about/executive-team
30076,"Spencer Savings Bank, SLA",https://www.spencersavings.com,Elmwood Park,NJ,$4.00B,Dana Berlin,SVP/Director of CRE Lending,https://www.spencersavings.com/about/executive-team
30076,"Spencer Savings Bank, SLA",https://www.spencersavings.com,Elmwood Park,NJ,$4.00B,Marizel Collazo,"SVP, Director of Human Resources",https://www.spencersavings.com/about/executive-team
30076,"Spencer Savings Bank, SLA",https://www.spencersavings.com,Elmwood Park,NJ,$4.00B,MaryRose Genovese,"SVP, Director of Retail Sales & Service",https://www.spencersavings.com/about/executive-team
30076,"Spencer Savings Bank, SLA",https://www.spencersavings.com,Elmwood Park,NJ,$4.00B,Allison Danchak,"SVP, Director of Compliance/CRA & Loan Review",https://www.spencersavings.com/about/executive-team
30076,"Spencer Savings Bank, SLA",https://www.spencersavings.com,Elmwood Park,NJ,$4.00B,Silvia D'Onofrio,"VP, Corporate Services & Security Officer",https://www.spencersavings.com/about/executive-team
30076,"Spencer Savings Bank, SLA",https://www.spencersavings.com,Elmwood Park,NJ,$4.00B,Kinga Mikos,"SVP, Director of Retail Administration",https://www.spencersavings.com/about/executive-team
30076,"Spencer Savings Bank, SLA",https://www.spencersavings.com,Elmwood Park,NJ,$4.00B,Sergio Musacchio,"SVP, Director of Commercial & Industrial Lending and Small Business Finance",https://www.spencersavings.com/about/executive-team
30076,"Spencer Savings Bank, SLA",https://www.spencersavings.com,Elmwood Park,NJ,$4.00B,Sam Naik,"SVP, Director of Portfolio Management",https://www.spencersavings.com/about/executive-team
30076,"Spencer Savings Bank, SLA",https://www.spencersavings.com,Elmwood Park,NJ,$4.00B,Anthony Niciejewski,"SVP, Retail Administration/Director of Government Banking",https://www.spencersavings.com/about/executive-team
30076,"Spencer Savings Bank, SLA",https://www.spencersavings.com,Elmwood Park,NJ,$4.00B,Ken Plinio,"SVP, Director of Home Finance",https://www.spencersavings.com/about/executive-team
30076,"Spencer Savings Bank, SLA",https://www.spencersavings.com,Elmwood Park,NJ,$4.00B,Joseph K. Murphy,SVP and Controller,https://www.spencersavings.com/about/executive-team
30076,"Spencer Savings Bank, SLA",https://www.spencersavings.com,Elmwood Park,NJ,$4.00B,Maria Seretis,SVP/Chief Credit Officer,https://www.spencersavings.com/about/executive-team
30076,"Spencer Savings Bank, SLA",https://www.spencersavings.com,Elmwood Park,NJ,$4.00B,Gwendolyn Schenck,"SVP, BSA & OFAC Officer",https://www.spencersavings.com/about/executive-team
30076,"Spencer Savings Bank, SLA",https://www.spencersavings.com,Elmwood Park,NJ,$4.00B,Jonathan Shachov,"SVP, Director of Information Technologies",https://www.spencersavings.com/about/executive-team
24920,Woori America Bank,https://www.wooriamericabank.com,New York,NY,$3.99B,President and CEO Taehoon Lee,BOARD OF DIRECTORS,https://www.wooriamericabank.com/about-us/leadership
24920,Woori America Bank,https://www.wooriamericabank.com,New York,NY,$3.99B,BOARD OF DIRECTORS,Message from our President & CEO,https://www.wooriamericabank.com/about-us/leadership
24920,Woori America Bank,https://www.wooriamericabank.com,New York,NY,$3.99B,Taehoon Lee,President & CEO,https://www.wooriamericabank.com/about-us/leadership
24920,Woori America Bank,https://www.wooriamericabank.com,New York,NY,$3.99B,President/CEO : Mr. Taehoon Lee,"Directors : Mr.Yong Kwon Cho, Mr. Henry Moy, Mr. Hyeongno Lee, Mr. In-Sub Yoon, Mr. Rodney Watson, Mr. Brian Park",https://www.wooriamericabank.com/about-us/leadership
19459,United Community Bank,https://www.ucbbank.com,Chatham,IL,$3.97B,Customer Feedback,Contact our President,https://www.ucbbank.com/about/leadership
15815,Central Bank & Trust Co.,https://www.centralbank.com,Lexington,KY,$3.93B,Bill of Rights,Chairman's Letter,https://www.centralbank.com/about
57417,Commercial Bank of California,http://www.cbcal.com,Irvine,CA,$3.85B,Executive Team,Board of Directors,http://www.cbcal.com/about/leadership
57417,Commercial Bank of California,http://www.cbcal.com,Irvine,CA,$3.85B,Community Leaders,Board of Directors,http://www.cbcal.com/about/leadership
57417,Commercial Bank of California,http://www.cbcal.com,Irvine,CA,$3.85B,Ash Patel,"CEO, President & Chairman",http://www.cbcal.com/about/leadership
57417,Commercial Bank of California,http://www.cbcal.com,Irvine,CA,$3.85B,Christopher Colella,EVP | Chief Credit Officer,http://www.cbcal.com/about/leadership
57417,Commercial Bank of California,http://www.cbcal.com,Irvine,CA,$3.85B,Joseph Gonzales,EVP | Client Experience Officer,http://www.cbcal.com/about/leadership
57417,Commercial Bank of California,http://www.cbcal.com,Irvine,CA,$3.85B,Nikki Patel,SVP | Deputy Chief Credit Officer,http://www.cbcal.com/about/leadership
57417,Commercial Bank of California,http://www.cbcal.com,Irvine,CA,$3.85B,Thomas McCullough,"EVP, Executive Administration",http://www.cbcal.com/about/leadership
57417,Commercial Bank of California,http://www.cbcal.com,Irvine,CA,$3.85B,David Weiss,"SVP, Regional Manager | Fairfax Office",http://www.cbcal.com/about/leadership
57417,Commercial Bank of California,http://www.cbcal.com,Irvine,CA,$3.85B,Patty McAdams,"SVP, Regional Manager | Costa Mesa Office",http://www.cbcal.com/about/leadership
57417,Commercial Bank of California,http://www.cbcal.com,Irvine,CA,$3.85B,Neel Pinge,EVP | Chief Risk Officer,http://www.cbcal.com/about/leadership
57417,Commercial Bank of California,http://www.cbcal.com,Irvine,CA,$3.85B,Dan Murad,"SVP, Regional Manager | Ontario Office",http://www.cbcal.com/about/leadership
57417,Commercial Bank of California,http://www.cbcal.com,Irvine,CA,$3.85B,Daniel Fujimoto,"SVP, Regional Manager | Danville Office",http://www.cbcal.com/about/leadership
57417,Commercial Bank of California,http://www.cbcal.com,Irvine,CA,$3.85B,Jason DiLuigi,"SVP, Regional Manager | Anaheim Office",http://www.cbcal.com/about/leadership
57417,Commercial Bank of California,http://www.cbcal.com,Irvine,CA,$3.85B,Kathy Irby,"SVP, Regional Manager | Santa Monica Office",http://www.cbcal.com/about/leadership
57417,Commercial Bank of California,http://www.cbcal.com,Irvine,CA,$3.85B,Mark Yoon,EVP | Chief Financial Officer,http://www.cbcal.com/about/leadership
57417,Commercial Bank of California,http://www.cbcal.com,Irvine,CA,$3.85B,Francisco Terrizzano,"SVP, Regional Manager | San Jose Office",http://www.cbcal.com/about/leadership
57417,Commercial Bank of California,http://www.cbcal.com,Irvine,CA,$3.85B,Kevin Gonzalez,"SVP, Regional Manager | Los Angeles Office",http://www.cbcal.com/about/leadership
57417,Commercial Bank of California,http://www.cbcal.com,Irvine,CA,$3.85B,Raj Shukla,General Counsel and EVP Corporate Development,http://www.cbcal.com/about/leadership
57417,Commercial Bank of California,http://www.cbcal.com,Irvine,CA,$3.85B,Viren Patel,"SVP, Regional Manager | Irvine Office",http://www.cbcal.com/about/leadership
57417,Commercial Bank of California,http://www.cbcal.com,Irvine,CA,$3.85B,Mark Roach,"SVP, Regional Manager | San Mateo Office",http://www.cbcal.com/about/leadership
57417,Commercial Bank of California,http://www.cbcal.com,Irvine,CA,$3.85B,Sandip Patel,SVP | SBA & USDA National Production Manager,http://www.cbcal.com/about/leadership
57417,Commercial Bank of California,http://www.cbcal.com,Irvine,CA,$3.85B,Helen Wyman,Community Development Director | Oakland Office,http://www.cbcal.com/about/leadership
57417,Commercial Bank of California,http://www.cbcal.com,Irvine,CA,$3.85B,Johnny Khamis,Director of Community Engagement | San Jose Office,http://www.cbcal.com/about/leadership
57417,Commercial Bank of California,http://www.cbcal.com,Irvine,CA,$3.85B,Leadership Team,Board of Directors,http://www.cbcal.com/about/leadership
27774,Gate City Bank,https://www.gatecity.bank,Fargo,ND,$3.83B,Kevin Hanson,President & CEO,https://www.gatecity.bank/about-us/leadership
27774,Gate City Bank,https://www.gatecity.bank,Fargo,ND,$3.83B,Amy Durbin,"EVP, Chief Marketing Officer",https://www.gatecity.bank/about-us/leadership
27774,Gate City Bank,https://www.gatecity.bank,Fargo,ND,$3.83B,Chris Lee,"EVP, Chief Financial Officer",https://www.gatecity.bank/about-us/leadership
27774,Gate City Bank,https://www.gatecity.bank,Fargo,ND,$3.83B,Eric Malchodi,"EVP, Chief Risk Officer",https://www.gatecity.bank/about-us/leadership
27774,Gate City Bank,https://www.gatecity.bank,Fargo,ND,$3.83B,Jessica Ebeling,"EVP, Chief Digital & Payment Officer",https://www.gatecity.bank/about-us/leadership
27774,Gate City Bank,https://www.gatecity.bank,Fargo,ND,$3.83B,Kim Settel,"EVP, Chief Retail Banking Officer",https://www.gatecity.bank/about-us/leadership
27774,Gate City Bank,https://www.gatecity.bank,Fargo,ND,$3.83B,Ryan Goellner,"EVP, Chief Information Officer",https://www.gatecity.bank/about-us/leadership
27774,Gate City Bank,https://www.gatecity.bank,Fargo,ND,$3.83B,Heather Rye,"EVP, Chief Human Resources Officer",https://www.gatecity.bank/about-us/leadership
27774,Gate City Bank,https://www.gatecity.bank,Fargo,ND,$3.83B,Board of Directors,Meet our board of directors who help support Gate City Bank’s strategic goals and commitment to delivering best-in-class service to our customers.,https://www.gatecity.bank/about-us/leadership
27774,Gate City Bank,https://www.gatecity.bank,Fargo,ND,$3.83B,Our People,Board of Directors,https://www.gatecity.bank/about-us/leadership
12383,Carrollton Bank,https://www.carrolltonbanking.com,Carrollton,IL,$3.78B,Our Locations,Find A Home Loan Officer,https://www.carrolltonbanking.com/about/officers
12383,Carrollton Bank,https://www.carrolltonbanking.com,Carrollton,IL,$3.78B,Helping Others,HOME LOAN OFFICERS,https://www.carrolltonbanking.com/about/officers
12383,Carrollton Bank,https://www.carrolltonbanking.com,Carrollton,IL,$3.78B,Chris Purcell,President - Home Lending,https://www.carrolltonbanking.com/about/officers
12383,Carrollton Bank,https://www.carrolltonbanking.com,Carrollton,IL,$3.78B,Terrence Rogers,President – Community Lending,https://www.carrolltonbanking.com/about/officers
12383,Carrollton Bank,https://www.carrolltonbanking.com,Carrollton,IL,$3.78B,Apply Now with Scott,View more about Lvav Spector,https://www.carrolltonbanking.com/about/officers
12383,Carrollton Bank,https://www.carrolltonbanking.com,Carrollton,IL,$3.78B,View more about Lvav Spector,Lvav Spector,https://www.carrolltonbanking.com/about/officers
22597,Bank of the Sierra,https://www.bankofthesierra.com,Porterville,CA,$3.71B,Contact Us,Our Board of Directors.,https://www.bankofthesierra.com/about/leadership
22597,Bank of the Sierra,https://www.bankofthesierra.com,Porterville,CA,$3.71B,Morris A. Tharp,Chairman,https://www.bankofthesierra.com/about/leadership
22597,Bank of the Sierra,https://www.bankofthesierra.com,Porterville,CA,$3.71B,James C. Holly,Vice-Chairman,https://www.bankofthesierra.com/about/leadership
22597,Bank of the Sierra,https://www.bankofthesierra.com,Porterville,CA,$3.71B,Kevin J. McPhaill,President & CEO,https://www.bankofthesierra.com/about/leadership
22597,Bank of the Sierra,https://www.bankofthesierra.com,Porterville,CA,$3.71B,Susan M. Abundis,Director,https://www.bankofthesierra.com/about/leadership
22597,Bank of the Sierra,https://www.bankofthesierra.com,Porterville,CA,$3.71B,Albert L. Berra,Director,https://www.bankofthesierra.com/about/leadership
22597,Bank of the Sierra,https://www.bankofthesierra.com,Porterville,CA,$3.71B,Julie Castle,Director,https://www.bankofthesierra.com/about/leadership
22597,Bank of the Sierra,https://www.bankofthesierra.com,Porterville,CA,$3.71B,Vonn R. Christenson,Director,https://www.bankofthesierra.com/about/leadership
22597,Bank of the Sierra,https://www.bankofthesierra.com,Porterville,CA,$3.71B,"Laurence S. Dutto, Ph.D.",Director,https://www.bankofthesierra.com/about/leadership
22597,Bank of the Sierra,https://www.bankofthesierra.com,Porterville,CA,$3.71B,Michele Gil,Director,https://www.bankofthesierra.com/about/leadership
22597,Bank of the Sierra,https://www.bankofthesierra.com,Porterville,CA,$3.71B,Ermina Karim,Director,https://www.bankofthesierra.com/about/leadership
22597,Bank of the Sierra,https://www.bankofthesierra.com,Porterville,CA,$3.71B,Lynda B. Scearcy,Director,https://www.bankofthesierra.com/about/leadership
22597,Bank of the Sierra,https://www.bankofthesierra.com,Porterville,CA,$3.71B,Executive V.P.,Chief Financial Officer,https://www.bankofthesierra.com/about/leadership
58181,Metro City Bank,https://www.metrocitybank.bank,Doraville,GA,$3.63B,Performance Report,Board of Directors,https://www.metrocitybank.bank/business/resources/cash-management
58181,Metro City Bank,https://www.metrocitybank.bank,Doraville,GA,$3.63B,Start Site Search,Business Development Officers,https://www.metrocitybank.bank/business/resources/cash-management
23030,Community West Bank,https://www.communitywestbank.com,Fresno,CA,$3.61B,MEET OUR LEADERSHIP,Board of Directors,https://www.communitywestbank.com/board-of-directors
23030,Community West Bank,https://www.communitywestbank.com,Fresno,CA,$3.61B,Board of Directors,Home  About  Board of Directors,https://www.communitywestbank.com/board-of-directors
23030,Community West Bank,https://www.communitywestbank.com,Fresno,CA,$3.61B,Home  About  Board of Directors,Board of Directors,https://www.communitywestbank.com/board-of-directors
23030,Community West Bank,https://www.communitywestbank.com,Fresno,CA,$3.61B,Daniel J. Doyle | Chairman,Robert H. Bartlein | Vice Chairman,https://www.communitywestbank.com/board-of-directors
23030,Community West Bank,https://www.communitywestbank.com,Fresno,CA,$3.61B,Robert H. Bartlein | Vice Chairman,James J. Kim | CEO - Community West Bancshares; CEO and President - Community West Bank,https://www.communitywestbank.com/board-of-directors
23030,Community West Bank,https://www.communitywestbank.com,Fresno,CA,$3.61B,Director Emeritus,Louis C. McMurray | President - Charles McMurray Company,https://www.communitywestbank.com/board-of-directors
23030,Community West Bank,https://www.communitywestbank.com,Fresno,CA,$3.61B,View More Options,Accept Cookies,https://www.communitywestbank.com/board-of-directors
23030,Community West Bank,https://www.communitywestbank.com,Fresno,CA,$3.61B,Daniel J. Doyle,Chairman,https://www.communitywestbank.com/board-of-directors
23030,Community West Bank,https://www.communitywestbank.com,Fresno,CA,$3.61B,Robert H. Bartlein,Vice Chairman,https://www.communitywestbank.com/board-of-directors
23030,Community West Bank,https://www.communitywestbank.com,Fresno,CA,$3.61B,James J. Kim | CEO,Community West Bancshares; CEO and President - Community West Bank,https://www.communitywestbank.com/board-of-directors
23030,Community West Bank,https://www.communitywestbank.com,Fresno,CA,$3.61B,Martin E. Plourd,President - Community West Bancshares,https://www.communitywestbank.com/board-of-directors
23030,Community West Bank,https://www.communitywestbank.com,Fresno,CA,$3.61B,Daniel N. Cunningham,"Retired CFO - Quinn Group, Inc.",https://www.communitywestbank.com/board-of-directors
23030,Community West Bank,https://www.communitywestbank.com,Fresno,CA,$3.61B,Andriana D. Majarian,Executive Director - Valley Children’s Healthcare Foundation,https://www.communitywestbank.com/board-of-directors
23030,Community West Bank,https://www.communitywestbank.com,Fresno,CA,$3.61B,Steven D. McDonald,"President - McDonald Properties, Inc.",https://www.communitywestbank.com/board-of-directors
23030,Community West Bank,https://www.communitywestbank.com,Fresno,CA,$3.61B,William S. Smittcamp,President and CEO - Wawona Frozen Foods,https://www.communitywestbank.com/board-of-directors
23030,Community West Bank,https://www.communitywestbank.com,Fresno,CA,$3.61B,Louis C. McMurray,President - Charles McMurray Company,https://www.communitywestbank.com/board-of-directors
1399,Frandsen Bank & Trust,https://frandsenbank.com,Lonsdale,MN,$3.60B,"Karen Brekke, Chairperson","Rich Hoban, Vice Chairman",https://frandsenbank.com/about-us
1399,Frandsen Bank & Trust,https://frandsenbank.com,Lonsdale,MN,$3.60B,"Rich Hoban, Vice Chairman","Dan Hardel, Secretary",https://frandsenbank.com/about-us
1399,Frandsen Bank & Trust,https://frandsenbank.com,Lonsdale,MN,$3.60B,"Dan Hardel, Secretary","Charles Mausbach, Director",https://frandsenbank.com/about-us
1399,Frandsen Bank & Trust,https://frandsenbank.com,Lonsdale,MN,$3.60B,"Charles Mausbach, Director","Ken Osowski, Director",https://frandsenbank.com/about-us
1399,Frandsen Bank & Trust,https://frandsenbank.com,Lonsdale,MN,$3.60B,"Ken Osowski, Director","Melany Wynn, Director",https://frandsenbank.com/about-us
1399,Frandsen Bank & Trust,https://frandsenbank.com,Lonsdale,MN,$3.60B,"Melany Wynn, Director","Lon Kelling, Director",https://frandsenbank.com/about-us
1399,Frandsen Bank & Trust,https://frandsenbank.com,Lonsdale,MN,$3.60B,"Lon Kelling, Director","Mike Gay, Director",https://frandsenbank.com/about-us
1399,Frandsen Bank & Trust,https://frandsenbank.com,Lonsdale,MN,$3.60B,"Mike Gay, Director","Mike Schwartz, Director",https://frandsenbank.com/about-us
1399,Frandsen Bank & Trust,https://frandsenbank.com,Lonsdale,MN,$3.60B,"Mike Schwartz, Director","Nick Hinz, Director",https://frandsenbank.com/about-us
1399,Frandsen Bank & Trust,https://frandsenbank.com,Lonsdale,MN,$3.60B,"Nick Hinz, Director","Randy Morehart, Director",https://frandsenbank.com/about-us
1399,Frandsen Bank & Trust,https://frandsenbank.com,Lonsdale,MN,$3.60B,EXECUTIVE ADVISORS,"Darrin Davis, Regional President",https://frandsenbank.com/about-us
1399,Frandsen Bank & Trust,https://frandsenbank.com,Lonsdale,MN,$3.60B,"Darrin Davis, Regional President","Tyler Page, Regional President",https://frandsenbank.com/about-us
1399,Frandsen Bank & Trust,https://frandsenbank.com,Lonsdale,MN,$3.60B,"Tyler Page, Regional President","Troy Kalis, EVP, Chief Retail Lending Officer",https://frandsenbank.com/about-us
1399,Frandsen Bank & Trust,https://frandsenbank.com,Lonsdale,MN,$3.60B,"Jillian Botz, Chief Information Officer","Melani Abel, SVP, Director of Risk Managment",https://frandsenbank.com/about-us
1399,Frandsen Bank & Trust,https://frandsenbank.com,Lonsdale,MN,$3.60B,Charles Mausbach,Chief Executive Officer,https://frandsenbank.com/about-us
1399,Frandsen Bank & Trust,https://frandsenbank.com,Lonsdale,MN,$3.60B,Mike Gay,President and Chief Operating Officer,https://frandsenbank.com/about-us
1399,Frandsen Bank & Trust,https://frandsenbank.com,Lonsdale,MN,$3.60B,Karen Brekke,Executive Vice President and Chief Administrative Officer,https://frandsenbank.com/about-us
1399,Frandsen Bank & Trust,https://frandsenbank.com,Lonsdale,MN,$3.60B,Ken Osowski,Executive Vice President and Chief Financial Officer,https://frandsenbank.com/about-us
1399,Frandsen Bank & Trust,https://frandsenbank.com,Lonsdale,MN,$3.60B,Troy Kalis,Executive Vice President and Chief Retail Lending Officer,https://frandsenbank.com/about-us
1399,Frandsen Bank & Trust,https://frandsenbank.com,Lonsdale,MN,$3.60B,Randy Morehart,Executive Vice President and Regional Manager,https://frandsenbank.com/about-us
1399,Frandsen Bank & Trust,https://frandsenbank.com,Lonsdale,MN,$3.60B,Lon Kelling,Executive Vice President and Chief Credit Officer,https://frandsenbank.com/about-us
1399,Frandsen Bank & Trust,https://frandsenbank.com,Lonsdale,MN,$3.60B,Jillian Botz,Chief Information Officer,https://frandsenbank.com/about-us
1399,Frandsen Bank & Trust,https://frandsenbank.com,Lonsdale,MN,$3.60B,Melani Abel,Senior Vice President and Director of Risk Management,https://frandsenbank.com/about-us
1399,Frandsen Bank & Trust,https://frandsenbank.com,Lonsdale,MN,$3.60B,Melany Wynn,Chief Compliance & Regulatory Affairs Officer,https://frandsenbank.com/about-us
1399,Frandsen Bank & Trust,https://frandsenbank.com,Lonsdale,MN,$3.60B,Shannon Robideau,Senior Vice President and Director of Human Resources,https://frandsenbank.com/about-us
1399,Frandsen Bank & Trust,https://frandsenbank.com,Lonsdale,MN,$3.60B,Natalie Boike,"Senior Vice President, Director of Marketing",https://frandsenbank.com/about-us
1399,Frandsen Bank & Trust,https://frandsenbank.com,Lonsdale,MN,$3.60B,Dana Scammahorn,"Senior Vice President, Director of Retail Delivery",https://frandsenbank.com/about-us
1399,Frandsen Bank & Trust,https://frandsenbank.com,Lonsdale,MN,$3.60B,Darrin Davis,Regional President,https://frandsenbank.com/about-us
1399,Frandsen Bank & Trust,https://frandsenbank.com,Lonsdale,MN,$3.60B,Dan Hardel,Regional President,https://frandsenbank.com/about-us
1399,Frandsen Bank & Trust,https://frandsenbank.com,Lonsdale,MN,$3.60B,Nick Hinz,Regional President,https://frandsenbank.com/about-us
1399,Frandsen Bank & Trust,https://frandsenbank.com,Lonsdale,MN,$3.60B,Tyler Page,Regional President,https://frandsenbank.com/about-us
1399,Frandsen Bank & Trust,https://frandsenbank.com,Lonsdale,MN,$3.60B,Mike Schwartz,Regional President,https://frandsenbank.com/about-us
1399,Frandsen Bank & Trust,https://frandsenbank.com,Lonsdale,MN,$3.60B,Rich Hoban,"Vice Chairman, Executive Advisor",https://frandsenbank.com/about-us
1399,Frandsen Bank & Trust,https://frandsenbank.com,Lonsdale,MN,$3.60B,Senior Vice President,Director of Marketing,https://frandsenbank.com/about-us
22134,Cache Valley Bank,https://cachevalleybank.com,Logan,UT,$3.59B,Do More. Worry Less.,Contact an Officer Today,https://www.cachevalleybank.com/business/cash_management
34562,ENCORE BANK,https://www.bankencore.com,Little Rock,AR,$3.58B,Phillip Jett,CEO and Chairman,https://www.bankencore.com/leadership
34562,ENCORE BANK,https://www.bankencore.com,Little Rock,AR,$3.58B,Burt Hicks,President,https://www.bankencore.com/leadership
34562,ENCORE BANK,https://www.bankencore.com,Little Rock,AR,$3.58B,Eric Movassaghi,"EVP, Chief Financial Officer",https://www.bankencore.com/leadership
34562,ENCORE BANK,https://www.bankencore.com,Little Rock,AR,$3.58B,Erin Simpson,"EVP, Chief Operations Officer",https://www.bankencore.com/leadership
34562,ENCORE BANK,https://www.bankencore.com,Little Rock,AR,$3.58B,Jeff Stevenson,"EVP, Chief Accounting Officer",https://www.bankencore.com/leadership
34562,ENCORE BANK,https://www.bankencore.com,Little Rock,AR,$3.58B,Elizabeth Bradley,"EVP, Chief Risk Officer",https://www.bankencore.com/leadership
34562,ENCORE BANK,https://www.bankencore.com,Little Rock,AR,$3.58B,Greg Lewis,"EVP, Chief Deposit Officer",https://www.bankencore.com/leadership
34562,ENCORE BANK,https://www.bankencore.com,Little Rock,AR,$3.58B,"EVP, Chief Deposit Officer",Dana Cook,https://www.bankencore.com/leadership
34562,ENCORE BANK,https://www.bankencore.com,Little Rock,AR,$3.58B,Dana Cook,"EVP, Chief Audit Officer",https://www.bankencore.com/leadership
34562,ENCORE BANK,https://www.bankencore.com,Little Rock,AR,$3.58B,Allison Cox,"EVP, Chief People Officer",https://www.bankencore.com/leadership
34562,ENCORE BANK,https://www.bankencore.com,Little Rock,AR,$3.58B,Karla Dial,"EVP, Chief Information and Data Officer",https://www.bankencore.com/leadership
34562,ENCORE BANK,https://www.bankencore.com,Little Rock,AR,$3.58B,Chris Howe,"EVP, Chief Lending Officer & Regional Banking Officer",https://www.bankencore.com/leadership
34562,ENCORE BANK,https://www.bankencore.com,Little Rock,AR,$3.58B,Marc Massad,"EVP, Regional Banking Officer",https://www.bankencore.com/leadership
34562,ENCORE BANK,https://www.bankencore.com,Little Rock,AR,$3.58B,Wes Womack,"EVP, Chief Credit Officer",https://www.bankencore.com/leadership
34562,ENCORE BANK,https://www.bankencore.com,Little Rock,AR,$3.58B,Lane Allen,"EVP, Regional President",https://www.bankencore.com/leadership
34562,ENCORE BANK,https://www.bankencore.com,Little Rock,AR,$3.58B,David Bush,"EVP, Regional President",https://www.bankencore.com/leadership
34562,ENCORE BANK,https://www.bankencore.com,Little Rock,AR,$3.58B,Craig Caldwell,"EVP, Director of Specialty Finance",https://www.bankencore.com/leadership
34562,ENCORE BANK,https://www.bankencore.com,Little Rock,AR,$3.58B,Derrick Cox,"EVP, Regional President",https://www.bankencore.com/leadership
34562,ENCORE BANK,https://www.bankencore.com,Little Rock,AR,$3.58B,Ben Freeman,"SVP, Market President",https://www.bankencore.com/leadership
34562,ENCORE BANK,https://www.bankencore.com,Little Rock,AR,$3.58B,Gary Geis,"EVP, Market President",https://www.bankencore.com/leadership
34562,ENCORE BANK,https://www.bankencore.com,Little Rock,AR,$3.58B,Michael Hallmark,"EVP, Regional President",https://www.bankencore.com/leadership
34562,ENCORE BANK,https://www.bankencore.com,Little Rock,AR,$3.58B,Jenny Johnson,"SVP, Market Manager",https://www.bankencore.com/leadership
34562,ENCORE BANK,https://www.bankencore.com,Little Rock,AR,$3.58B,Scott Jones,"EVP, Regional President",https://www.bankencore.com/leadership
34562,ENCORE BANK,https://www.bankencore.com,Little Rock,AR,$3.58B,James Klingman,"EVP, Regional President",https://www.bankencore.com/leadership
34562,ENCORE BANK,https://www.bankencore.com,Little Rock,AR,$3.58B,Kevin Beck,"SVP, Dallas Market Manager",https://www.bankencore.com/leadership
34562,ENCORE BANK,https://www.bankencore.com,Little Rock,AR,$3.58B,Fallon Meyer,"SVP, Market President",https://www.bankencore.com/leadership
34562,ENCORE BANK,https://www.bankencore.com,Little Rock,AR,$3.58B,Hunter Norton,"SVP, Market President",https://www.bankencore.com/leadership
34562,ENCORE BANK,https://www.bankencore.com,Little Rock,AR,$3.58B,Josh Peebles,"EVP, Regional President",https://www.bankencore.com/leadership
34562,ENCORE BANK,https://www.bankencore.com,Little Rock,AR,$3.58B,Alan Perryman,"SVP, Market President",https://www.bankencore.com/leadership
34562,ENCORE BANK,https://www.bankencore.com,Little Rock,AR,$3.58B,Michael Sharpton,"EVP, Regional President",https://www.bankencore.com/leadership
34562,ENCORE BANK,https://www.bankencore.com,Little Rock,AR,$3.58B,Leigha Smith,"SVP, Market President",https://www.bankencore.com/leadership
34562,ENCORE BANK,https://www.bankencore.com,Little Rock,AR,$3.58B,Kris Wolf,"SVP, Market President",https://www.bankencore.com/leadership
34562,ENCORE BANK,https://www.bankencore.com,Little Rock,AR,$3.58B,"Jonesboro, AR","Encore Bancshares, Inc. Board of Directors",https://www.bankencore.com/leadership
34562,ENCORE BANK,https://www.bankencore.com,Little Rock,AR,$3.58B,John Allen,President & CEO,https://www.bankencore.com/leadership
34562,ENCORE BANK,https://www.bankencore.com,Little Rock,AR,$3.58B,Derek Alley,CEO,https://www.bankencore.com/leadership
34562,ENCORE BANK,https://www.bankencore.com,Little Rock,AR,$3.58B,Marcy Doderer,President & CEO,https://www.bankencore.com/leadership
34562,ENCORE BANK,https://www.bankencore.com,Little Rock,AR,$3.58B,Thomas Fuqua,Co-founder & President,https://www.bankencore.com/leadership
34562,ENCORE BANK,https://www.bankencore.com,Little Rock,AR,$3.58B,Co-Founder of U.S. Renal Care,Founder & CEO of Primary Capital Solutions,https://www.bankencore.com/leadership
34562,ENCORE BANK,https://www.bankencore.com,Little Rock,AR,$3.58B,Chris Johnson,SVP & Principal Financial Officer,https://www.bankencore.com/leadership
34562,ENCORE BANK,https://www.bankencore.com,Little Rock,AR,$3.58B,Mark Langston,Chairman,https://www.bankencore.com/leadership
34562,ENCORE BANK,https://www.bankencore.com,Little Rock,AR,$3.58B,Rita Lowman,CEO,https://www.bankencore.com/leadership
34562,ENCORE BANK,https://www.bankencore.com,Little Rock,AR,$3.58B,Michael Mosley,CEO,https://www.bankencore.com/leadership
34562,ENCORE BANK,https://www.bankencore.com,Little Rock,AR,$3.58B,Tim O'Reilly,CEO,https://www.bankencore.com/leadership
34562,ENCORE BANK,https://www.bankencore.com,Little Rock,AR,$3.58B,Mark Richardson,President & CEO,https://www.bankencore.com/leadership
34562,ENCORE BANK,https://www.bankencore.com,Little Rock,AR,$3.58B,Encore Bancshares,Inc. Board of Directors,https://www.bankencore.com/leadership
34618,"Macatawa Bank, National Association",https://www.macatawabank.com,Holland,MI,$3.52B,Christopher Woelffer,"CHIEF EXECUTIVE OFFICER, MARKET HEAD - MICHIGAN",https://www.macatawabank.com/about
34618,"Macatawa Bank, National Association",https://www.macatawabank.com,Holland,MI,$3.52B,Jill A. Walcott,BANK PRESIDENT,https://www.macatawabank.com/about
35530,First Carolina Bank,https://www.firstcarolinabank.com,Rocky Mount,NC,$3.52B,Chad Reese,Chief Investment Officer – First Carolina Wealth,https://www.firstcarolinabank.com/business/manage?tab=treasury-management
11666,D. L. Evans Bank,https://dlevans.com,Burley,ID,$3.49B,Don S. Evans Sr. passes away.,"Don S. Evans, Jr. succeeds his father in the role of Chairman of the Board of Directors.",https://dlevans.com/about
11666,D. L. Evans Bank,https://dlevans.com,Burley,ID,$3.49B,John V. Evans,Sr. passes away after serving as President of D.L. Evans Bank.,https://dlevans.com/about
11666,D. L. Evans Bank,https://dlevans.com,Burley,ID,$3.49B,Don S. Evans,Jr. succeeds his father in the role of Chairman of the Board of Directors.,https://dlevans.com/about
11666,D. L. Evans Bank,https://dlevans.com,Burley,ID,$3.49B,John V. (J.V.) Evans,"III, is appointed Chief Executive Officer and his father John V. Evans, Jr. assumes the role of President.",https://dlevans.com/about
22559,Bravera Bank,https://www.bravera.bank,Dickinson,ND,$3.45B,Our Purpose,Employee- and Director-owned,https://www.bravera.bank/digital-services/card-management
30470,Manasquan Bank,https://www.manasquanbank.com,Manasquan,NJ,$3.39B,OUR TEAM,Board of Directors,https://www.manasquanbank.com/about-us
30470,Manasquan Bank,https://www.manasquanbank.com,Manasquan,NJ,$3.39B,James S. Vaccaro,"Chair, President & CEO",https://www.manasquanbank.com/about-us
30470,Manasquan Bank,https://www.manasquanbank.com,Manasquan,NJ,$3.39B,Theodore F. Raffetto,Lead Director,https://www.manasquanbank.com/about-us
30470,Manasquan Bank,https://www.manasquanbank.com,Manasquan,NJ,$3.39B,Mark Beriault,"Senior Executive Vice President,",https://www.manasquanbank.com/about-us
30470,Manasquan Bank,https://www.manasquanbank.com,Manasquan,NJ,$3.39B,"Senior Executive Vice President,",Chief Lending Officer,https://www.manasquanbank.com/about-us
30470,Manasquan Bank,https://www.manasquanbank.com,Manasquan,NJ,$3.39B,Catherine Franzoni,"Senior Executive Vice President,",https://www.manasquanbank.com/about-us
30470,Manasquan Bank,https://www.manasquanbank.com,Manasquan,NJ,$3.39B,Lisa Roettger,Senior Executive Vice President &,https://www.manasquanbank.com/about-us
30470,Manasquan Bank,https://www.manasquanbank.com,Manasquan,NJ,$3.39B,Michael Malloy,"Senior Executive Vice President,",https://www.manasquanbank.com/about-us
30470,Manasquan Bank,https://www.manasquanbank.com,Manasquan,NJ,$3.39B,Jeffery Casten,"Executive Vice President,",https://www.manasquanbank.com/about-us
30470,Manasquan Bank,https://www.manasquanbank.com,Manasquan,NJ,$3.39B,"Executive Vice President,",Director of Commercial Lending,https://www.manasquanbank.com/about-us
30470,Manasquan Bank,https://www.manasquanbank.com,Manasquan,NJ,$3.39B,Robert Hart,"Executive Vice President,",https://www.manasquanbank.com/about-us
30470,Manasquan Bank,https://www.manasquanbank.com,Manasquan,NJ,$3.39B,Rich Lanza,"Executive Vice President,",https://www.manasquanbank.com/about-us
30470,Manasquan Bank,https://www.manasquanbank.com,Manasquan,NJ,$3.39B,Jennie Piperi,"Executive Vice President,",https://www.manasquanbank.com/about-us
30470,Manasquan Bank,https://www.manasquanbank.com,Manasquan,NJ,$3.39B,Alan J Stuart,"Senior Vice President,",https://www.manasquanbank.com/about-us
30470,Manasquan Bank,https://www.manasquanbank.com,Manasquan,NJ,$3.39B,"Senior Vice President,","Corporate Secretary,",https://www.manasquanbank.com/about-us
30470,Manasquan Bank,https://www.manasquanbank.com,Manasquan,NJ,$3.39B,Timothy Dempsey,"Executive Vice President,",https://www.manasquanbank.com/about-us
30470,Manasquan Bank,https://www.manasquanbank.com,Manasquan,NJ,$3.39B,Suellen Arecchi,"Senior Vice President,",https://www.manasquanbank.com/about-us
30470,Manasquan Bank,https://www.manasquanbank.com,Manasquan,NJ,$3.39B,"Luanne Siverio, CRCM","Senior Vice President,",https://www.manasquanbank.com/about-us
30470,Manasquan Bank,https://www.manasquanbank.com,Manasquan,NJ,$3.39B,Ann Slavick,Senior Vice President,https://www.manasquanbank.com/about-us
30470,Manasquan Bank,https://www.manasquanbank.com,Manasquan,NJ,$3.39B,Director of Marketing,Digital Operations Officer,https://www.manasquanbank.com/about-us
8468,Exchange Bank,https://www.exchangebank.com,Santa Rosa,CA,$3.31B,Jaimie Galeano,"SVP, Retail Banking",https://www.exchangebank.com/about
8468,Exchange Bank,https://www.exchangebank.com,Santa Rosa,CA,$3.31B,Privacy Choices,Accept All Cookies,https://www.exchangebank.com/about
27052,"St. Charles Bank & Trust Company, National Association",https://www.bankstcharles.com,Saint Charles,IL,$3.30B,Richard A. Davis,CEO,https://www.bankstcharles.com/about-your-bank/connect-with-us/findus.html
27052,"St. Charles Bank & Trust Company, National Association",https://www.bankstcharles.com,Saint Charles,IL,$3.30B,Yaneth Medina,PRESIDENT,https://www.bankstcharles.com/about-your-bank/connect-with-us/findus.html
27052,"St. Charles Bank & Trust Company, National Association",https://www.bankstcharles.com,Saint Charles,IL,$3.30B,Michele Petrie,"EVP, MARKET HEAD",https://www.bankstcharles.com/about-your-bank/connect-with-us/findus.html
27052,"St. Charles Bank & Trust Company, National Association",https://www.bankstcharles.com,Saint Charles,IL,$3.30B,Adnan Ebibi,VICE PRESIDENT & MARKET MANAGER,https://www.bankstcharles.com/about-your-bank/connect-with-us/findus.html
34120,Bank of Ann Arbor,https://www.bankofannarbor.com,Ann Arbor,MI,$3.30B,Patti Judson,President & Chief Operating Officer,https://www.bankofannarbor.com/about
34120,Bank of Ann Arbor,https://www.bankofannarbor.com,Ann Arbor,MI,$3.30B,Erik Bakker,Executive Vice President & Chief Lending Officer,https://www.bankofannarbor.com/about
34120,Bank of Ann Arbor,https://www.bankofannarbor.com,Ann Arbor,MI,$3.30B,Chris Prisby,Executive Vice President & Trust and Investment Management Group Manager,https://www.bankofannarbor.com/about
34120,Bank of Ann Arbor,https://www.bankofannarbor.com,Ann Arbor,MI,$3.30B,Cindy Livesay,Executive Vice President & Chief Credit Officer,https://www.bankofannarbor.com/about
34120,Bank of Ann Arbor,https://www.bankofannarbor.com,Ann Arbor,MI,$3.30B,Mark Slade,Executive Vice President & Chief Financial Officer,https://www.bankofannarbor.com/about
34120,Bank of Ann Arbor,https://www.bankofannarbor.com,Ann Arbor,MI,$3.30B,Tim Marshall,Executive Chairman of the Board & CEO,https://www.bankofannarbor.com/about
34120,Bank of Ann Arbor,https://www.bankofannarbor.com,Ann Arbor,MI,$3.30B,W. Seth Martin,"Founder & CEO, Quad Capital Partners",https://www.bankofannarbor.com/about
34120,Bank of Ann Arbor,https://www.bankofannarbor.com,Ann Arbor,MI,$3.30B,Joseph A. Sesi,"President & Owner, Sesi Motors, Inc.",https://www.bankofannarbor.com/about
34120,Bank of Ann Arbor,https://www.bankofannarbor.com,Ann Arbor,MI,$3.30B,"Vice President Emeritus, University of Michigan","Timothy G. Marshall, Executive Chairman",https://www.bankofannarbor.com/about
34120,Bank of Ann Arbor,https://www.bankofannarbor.com,Ann Arbor,MI,$3.30B,"Timothy G. Marshall, Executive Chairman","Chief Executive Officer, Bank of Ann Arbor",https://www.bankofannarbor.com/about
34120,Bank of Ann Arbor,https://www.bankofannarbor.com,Ann Arbor,MI,$3.30B,"Michael C. Martin, Vice Chairman","President, First Martin Corporation",https://www.bankofannarbor.com/about
34120,Bank of Ann Arbor,https://www.bankofannarbor.com,Ann Arbor,MI,$3.30B,Joshua T. Borders,"Vice President and Mortgage Banker, SouthState Bank",https://www.bankofannarbor.com/about
34120,Bank of Ann Arbor,https://www.bankofannarbor.com,Ann Arbor,MI,$3.30B,Stanley B. Dickson Jr.,"President, Dickson & Associates, P.C.",https://www.bankofannarbor.com/about
34120,Bank of Ann Arbor,https://www.bankofannarbor.com,Ann Arbor,MI,$3.30B,Jan L. Garfinkle,"Founder & Managing Director, Arboretum Ventures",https://www.bankofannarbor.com/about
34120,Bank of Ann Arbor,https://www.bankofannarbor.com,Ann Arbor,MI,$3.30B,"Founder & Managing Director, Arboretum Ventures",Our Directors Emeritus,https://www.bankofannarbor.com/about
34120,Bank of Ann Arbor,https://www.bankofannarbor.com,Ann Arbor,MI,$3.30B,Jan Barney Newman,"Vice President, Ann Arbor District Library Board",https://www.bankofannarbor.com/about
34120,Bank of Ann Arbor,https://www.bankofannarbor.com,Ann Arbor,MI,$3.30B,Ernest G. Perich,"President, Perich + Partners, Ltd.",https://www.bankofannarbor.com/about
34120,Bank of Ann Arbor,https://www.bankofannarbor.com,Ann Arbor,MI,$3.30B,Jeffery S. Williams,"Chairman of the Board, Strata Oncology, Inc.",https://www.bankofannarbor.com/about
34120,Bank of Ann Arbor,https://www.bankofannarbor.com,Ann Arbor,MI,$3.30B,Thomas P. Borders,"President, Midtown Group, Inc.",https://www.bankofannarbor.com/about
34120,Bank of Ann Arbor,https://www.bankofannarbor.com,Ann Arbor,MI,$3.30B,The Strength to Get There,"Have questions or need more information? Contact our Chief Financial Officer, Mark Slade, at 734.662.1600.",https://www.bankofannarbor.com/about
34120,Bank of Ann Arbor,https://www.bankofannarbor.com,Ann Arbor,MI,$3.30B,Timothy G. Marshall,Executive Chairman,https://www.bankofannarbor.com/about
34120,Bank of Ann Arbor,https://www.bankofannarbor.com,Ann Arbor,MI,$3.30B,Michael C. Martin,Vice Chairman,https://www.bankofannarbor.com/about
34120,Bank of Ann Arbor,https://www.bankofannarbor.com,Ann Arbor,MI,$3.30B,William C. Martin,Chairman Emeritus & Senior Advisor to the Board,https://www.bankofannarbor.com/about
6085,First PREMIER Bank,https://www.firstpremier.com,Sioux Falls,SD,$3.30B,Privacy Notice,Cookie Policy,https://www.firstpremier.com/#collapse17
33216,Northrim Bank,https://www.northrim.com,Anchorage,AK,$3.29B,Indigenous Peoples Day: Monday,October 12,https://www.northrim.com/About-Northrim/Contact-Us/Locations
58314,"Old Plank Trail Community Bank, National Association",https://www.oldplanktrailbank.com,New Lenox,IL,$3.26B,Paul Slade,FOUNDER & CHAIRMAN,https://www.oldplanktrailbank.com/about-your-bank/connect-with-us/findus.html
58314,"Old Plank Trail Community Bank, National Association",https://www.oldplanktrailbank.com,New Lenox,IL,$3.26B,Tim Lovell,CEO,https://www.oldplanktrailbank.com/about-your-bank/connect-with-us/findus.html
58314,"Old Plank Trail Community Bank, National Association",https://www.oldplanktrailbank.com,New Lenox,IL,$3.26B,Mary Ann Murphy,SENIOR VICE PRESIDENT & HEAD OF RETAIL,https://www.oldplanktrailbank.com/about-your-bank/connect-with-us/findus.html
58314,"Old Plank Trail Community Bank, National Association",https://www.oldplanktrailbank.com,New Lenox,IL,$3.26B,Cassandra Brandau,VP REGIONAL BRANCH MANAGER,https://www.oldplanktrailbank.com/about-your-bank/connect-with-us/findus.html
57368,Bankwell Bank,https://www.mybankwell.com,New Canaan,CT,$3.24B,Christopher Gruseke,CHIEF EXECUTIVE OFFICER,https://www.mybankwell.com/leadership
57368,Bankwell Bank,https://www.mybankwell.com,New Canaan,CT,$3.24B,Christine A. Chivily,EXECUTIVE VICE PRESIDENT & CHIEF CREDIT OFFICER,https://www.mybankwell.com/leadership
57368,Bankwell Bank,https://www.mybankwell.com,New Canaan,CT,$3.24B,Matthew McNeill,PRESIDENT & CHIEF BANKING OFFICER,https://www.mybankwell.com/leadership
57368,Bankwell Bank,https://www.mybankwell.com,New Canaan,CT,$3.24B,Courtney Sacchetti,EXECUTIVE VICE PRESIDENT & CHIEF FINANCIAL OFFICER,https://www.mybankwell.com/leadership
57368,Bankwell Bank,https://www.mybankwell.com,New Canaan,CT,$3.24B,Steven Brunner,EXECUTIVE VICE PRESIDENT & CHIEF RISK OFFICER,https://www.mybankwell.com/leadership
57368,Bankwell Bank,https://www.mybankwell.com,New Canaan,CT,$3.24B,Ryan Hildebrand,EXECUTIVE VICE PRESIDENT & CHIEF INNOVATION OFFICER,https://www.mybankwell.com/leadership
18266,Northern Bank & Trust Company,https://www.nbtc.com,Woburn,MA,$3.23B,Executive Team,Board of Directors,https://www.nbtc.com/team
18266,Northern Bank & Trust Company,https://www.nbtc.com,Woburn,MA,$3.23B,James Mawn,President & CEO,https://www.nbtc.com/team
18266,Northern Bank & Trust Company,https://www.nbtc.com,Woburn,MA,$3.23B,Joe Lussier,"Chief Financial Officer, EVP",https://www.nbtc.com/team
18266,Northern Bank & Trust Company,https://www.nbtc.com,Woburn,MA,$3.23B,Raymond Clark,Executive Vice President,https://www.nbtc.com/team
18266,Northern Bank & Trust Company,https://www.nbtc.com,Woburn,MA,$3.23B,Donald Queenin,Executive Vice President,https://www.nbtc.com/team
18266,Northern Bank & Trust Company,https://www.nbtc.com,Woburn,MA,$3.23B,Brent Boucher,"Residential Loan Officer, VP",https://www.nbtc.com/team
18266,Northern Bank & Trust Company,https://www.nbtc.com,Woburn,MA,$3.23B,Bridgeen Doherty,"Chief Commercial Loan Operations Officer, EVP",https://www.nbtc.com/team
18266,Northern Bank & Trust Company,https://www.nbtc.com,Woburn,MA,$3.23B,Michele Fitzpatrick,"1031 Exchange Relationship Manager, VP",https://www.nbtc.com/team
18266,Northern Bank & Trust Company,https://www.nbtc.com,Woburn,MA,$3.23B,Jeff Hall,Chief Technology Officer,https://www.nbtc.com/team
18266,Northern Bank & Trust Company,https://www.nbtc.com,Woburn,MA,$3.23B,Kathy Harris,"Chief Human Resources Officer, SVP",https://www.nbtc.com/team
18266,Northern Bank & Trust Company,https://www.nbtc.com,Woburn,MA,$3.23B,Christopher Hart,Chief Data Officer,https://www.nbtc.com/team
18266,Northern Bank & Trust Company,https://www.nbtc.com,Woburn,MA,$3.23B,Michael Kosicki,"Chief Operating Officer, SVP",https://www.nbtc.com/team
18266,Northern Bank & Trust Company,https://www.nbtc.com,Woburn,MA,$3.23B,Donna Koulas,"Residential Loan Officer, AVP",https://www.nbtc.com/team
18266,Northern Bank & Trust Company,https://www.nbtc.com,Woburn,MA,$3.23B,Sean Mahoney,"General Counsel, EVP",https://www.nbtc.com/team
18266,Northern Bank & Trust Company,https://www.nbtc.com,Woburn,MA,$3.23B,John Starling,"Senior Vice President, 1031 Exchange",https://www.nbtc.com/team
18266,Northern Bank & Trust Company,https://www.nbtc.com,Woburn,MA,$3.23B,Shawn Tully,"Residential Loan Officer, VP",https://www.nbtc.com/team
34980,Red River Bank,http://www.RedRiverBank.net,Alexandria,LA,$3.21B,Transfer Agent Information,R. Blake Chatelain - President & CEO,http://www.redriverbank.net/about
34980,Red River Bank,http://www.RedRiverBank.net,Alexandria,LA,$3.21B,R. Blake Chatelain,President & CEO,http://www.redriverbank.net/about
26725,Banco do Brasil Americas,http://www.bbamericas.com,Miami,FL,$3.21B,Ethics & Integrity,Board of Directors,http://www.bbamericas.com/about
24347,Lone Star National Bank,https://www.lonestarnationalbank.com,Pharr,TX,$3.20B,Alonzo Cantu,Director / Chairman of the Board,https://www.lonestarnationalbank.com/team
24347,Lone Star National Bank,https://www.lonestarnationalbank.com,Pharr,TX,$3.20B,"Oscar R. Gonzalez, CPA",Director Emeritus,https://www.lonestarnationalbank.com/team
24347,Lone Star National Bank,https://www.lonestarnationalbank.com,Pharr,TX,$3.20B,"S. David Deanda, Jr.",Director / President,https://www.lonestarnationalbank.com/team
24347,Lone Star National Bank,https://www.lonestarnationalbank.com,Pharr,TX,$3.20B,Cruz Cantu III,Director Emeritus,https://www.lonestarnationalbank.com/team
24347,Lone Star National Bank,https://www.lonestarnationalbank.com,Pharr,TX,$3.20B,Eddie Cantu,Director,https://www.lonestarnationalbank.com/team
24347,Lone Star National Bank,https://www.lonestarnationalbank.com,Pharr,TX,$3.20B,Narciso Escareno,Director,https://www.lonestarnationalbank.com/team
24347,Lone Star National Bank,https://www.lonestarnationalbank.com,Pharr,TX,$3.20B,Luis Flores III,Director,https://www.lonestarnationalbank.com/team
24347,Lone Star National Bank,https://www.lonestarnationalbank.com,Pharr,TX,$3.20B,Jaime A. Gonzalez,Director,https://www.lonestarnationalbank.com/team
24347,Lone Star National Bank,https://www.lonestarnationalbank.com,Pharr,TX,$3.20B,"Ambrosio Hernandez, MD",Director,https://www.lonestarnationalbank.com/team
24347,Lone Star National Bank,https://www.lonestarnationalbank.com,Pharr,TX,$3.20B,Abdala Kalifa,Director,https://www.lonestarnationalbank.com/team
24347,Lone Star National Bank,https://www.lonestarnationalbank.com,Pharr,TX,$3.20B,Angie Vera Oliva,Director / Executive Vice President,https://www.lonestarnationalbank.com/team
24347,Lone Star National Bank,https://www.lonestarnationalbank.com,Pharr,TX,$3.20B,"Damaso A. Oliva, Jr., MD",Director,https://www.lonestarnationalbank.com/team
34073,"Libertyville Bank & Trust Company, National Association",https://www.libertyvillebank.com,Libertyville,IL,$3.11B,Edward Werdell,CHAIRMAN & FOUNDING DIRECTOR,https://www.libertyvillebank.com/about-your-bank/connect-with-us/findus.html
34073,"Libertyville Bank & Trust Company, National Association",https://www.libertyvillebank.com,Libertyville,IL,$3.11B,Stephen L. Madden,CEO,https://www.libertyvillebank.com/about-your-bank/connect-with-us/findus.html
34073,"Libertyville Bank & Trust Company, National Association",https://www.libertyvillebank.com,Libertyville,IL,$3.11B,Greg Pinter,PRESIDENT,https://www.libertyvillebank.com/about-your-bank/connect-with-us/findus.html
34073,"Libertyville Bank & Trust Company, National Association",https://www.libertyvillebank.com,Libertyville,IL,$3.11B,Angela Atterberry,VICE PRESIDENT & BRANCH MANAGER,https://www.libertyvillebank.com/about-your-bank/connect-with-us/findus.html
21591,The Bank of Greene County,https://www.tbogc.com,Catskill,NY,$3.06B,Donald E. Gibson,"President, Chief Executive Officer & Director",https://www.tbogc.com/about
21591,The Bank of Greene County,https://www.tbogc.com,Catskill,NY,$3.06B,LEADERSHIP TEAM,"GREENE COUNTY BANCORP, INC. BOARD OF DIRECTORS",https://www.tbogc.com/about
21591,The Bank of Greene County,https://www.tbogc.com,Catskill,NY,$3.06B,GREENE COUNTY BANCORP,INC. BOARD OF DIRECTORS,https://www.tbogc.com/about
1058,Midwest BankCentre,https://www.midwestbankcentre.com,Lemay,MO,$2.98B,Conventional Loan,Doctor Loans,https://www.midwestbankcentre.com/about
23647,TIB National Association,https://www.tib.bank,Farmers Branch,TX,$2.98B,Proprietary model,"Straightforward, director-friendly presentations",https://www.tib.bank/federal-funds-treasury-management
26484,"North Shore Bank, a Co-operative Bank",https://www.northshore-bank.com,Peabody,MA,$2.98B,"Luis Figueroa, Branch Officer","Jennifer Barrows, Loan Servicing Officer",https://www.northshore-bank.com/about/
26484,"North Shore Bank, a Co-operative Bank",https://www.northshore-bank.com,Peabody,MA,$2.98B,"Jennifer Barrows, Loan Servicing Officer","Michael Sabanty, Assistant Vice President, Commercial Portfolio Lending",https://www.northshore-bank.com/about/
26484,"North Shore Bank, a Co-operative Bank",https://www.northshore-bank.com,Peabody,MA,$2.98B,Luis Figueroa,Branch Officer,https://www.northshore-bank.com/about/
26484,"North Shore Bank, a Co-operative Bank",https://www.northshore-bank.com,Peabody,MA,$2.98B,Jennifer Barrows,Loan Servicing Officer,https://www.northshore-bank.com/about/
26484,"North Shore Bank, a Co-operative Bank",https://www.northshore-bank.com,Peabody,MA,$2.98B,Michael Sabanty,"Assistant Vice President, Commercial Portfolio Lending",https://www.northshore-bank.com/about/
26484,"North Shore Bank, a Co-operative Bank",https://www.northshore-bank.com,Peabody,MA,$2.98B,Daniel Sousa,"Vice President, Cash Management | North Shore Bank",https://www.northshore-bank.com/about/
26484,"North Shore Bank, a Co-operative Bank",https://www.northshore-bank.com,Peabody,MA,$2.98B,Supo Kehinde,"Vice President, Cash Management | Abington Bank, a division of North Shore Bank",https://www.northshore-bank.com/about/
18129,BankNewport,https://www.banknewport.com,Middletown,RI,$2.98B,JACK MURPHY,President & Chief Executive Officer,https://www.banknewport.com/about/executive-team
18129,BankNewport,https://www.banknewport.com,Middletown,RI,$2.98B,JEANNE LAPAK,"Executive Vice President, Chief Commercial Officer",https://www.banknewport.com/about/executive-team
18129,BankNewport,https://www.banknewport.com,Middletown,RI,$2.98B,OSCAR JOAQUIM,President of OceanPoint Marine Lending,https://www.banknewport.com/about/executive-team
18129,BankNewport,https://www.banknewport.com,Middletown,RI,$2.98B,MARY E. LEACH,"Executive Vice President, Chief Retail and Marketing Officer",https://www.banknewport.com/about/executive-team
18129,BankNewport,https://www.banknewport.com,Middletown,RI,$2.98B,GREGORY DERDERIAN,"Executive Vice President, Chief Financial Officer and Director of Strategic Analysis",https://www.banknewport.com/about/executive-team
18129,BankNewport,https://www.banknewport.com,Middletown,RI,$2.98B,HOLLIE LUSSIER,"Executive Vice President, Chief Legal and Risk Officer",https://www.banknewport.com/about/executive-team
18129,BankNewport,https://www.banknewport.com,Middletown,RI,$2.98B,JOHN P. SULLIVAN,"Executive Vice President, Chief Information Officer",https://www.banknewport.com/about/executive-team
18129,BankNewport,https://www.banknewport.com,Middletown,RI,$2.98B,Executive Vice President,Chief Commercial Officer,https://www.banknewport.com/about/executive-team
18129,BankNewport,https://www.banknewport.com,Middletown,RI,$2.98B,Meet Our Team,Branch Managers Premier Bankers Residential Loan Officers,https://www.banknewport.com/about/executive-team
18129,BankNewport,https://www.banknewport.com,Middletown,RI,$2.98B,JUSTIN MENDOZA,"Vice President, Branch Manager",https://www.banknewport.com/about/executive-team
18129,BankNewport,https://www.banknewport.com,Middletown,RI,$2.98B,CIDALIA M. RODRIGUES,"Vice President, Branch Manager",https://www.banknewport.com/about/executive-team
18129,BankNewport,https://www.banknewport.com,Middletown,RI,$2.98B,SERINA BRADSHAW,"Vice President, Branch Manager",https://www.banknewport.com/about/executive-team
18129,BankNewport,https://www.banknewport.com,Middletown,RI,$2.98B,RON GREENWOOD,"Vice President, Branch Manager",https://www.banknewport.com/about/executive-team
18129,BankNewport,https://www.banknewport.com,Middletown,RI,$2.98B,BRIAN CUNNINGHAM,"Vice President, Branch Manager",https://www.banknewport.com/about/executive-team
18129,BankNewport,https://www.banknewport.com,Middletown,RI,$2.98B,ENRICA SABINO,"Vice President, Branch Manager",https://www.banknewport.com/about/executive-team
18129,BankNewport,https://www.banknewport.com,Middletown,RI,$2.98B,CARLOS CABRAL,"Vice President, Branch Manager",https://www.banknewport.com/about/executive-team
18129,BankNewport,https://www.banknewport.com,Middletown,RI,$2.98B,PATRICK BURNS,"Vice President, Branch Manager",https://www.banknewport.com/about/executive-team
18129,BankNewport,https://www.banknewport.com,Middletown,RI,$2.98B,LYNN WAGNER,"Vice President, Branch Manager",https://www.banknewport.com/about/executive-team
18129,BankNewport,https://www.banknewport.com,Middletown,RI,$2.98B,ANGELA BIEDERMAN,"Vice President, Branch Manager",https://www.banknewport.com/about/executive-team
18129,BankNewport,https://www.banknewport.com,Middletown,RI,$2.98B,DANIEL TOUGAS,"Vice President, Branch Manager",https://www.banknewport.com/about/executive-team
18129,BankNewport,https://www.banknewport.com,Middletown,RI,$2.98B,JULIA SIMONS,"Vice President, Branch Manager",https://www.banknewport.com/about/executive-team
18129,BankNewport,https://www.banknewport.com,Middletown,RI,$2.98B,JESSICA COUTO,"Vice President, Branch Manager",https://www.banknewport.com/about/executive-team
18129,BankNewport,https://www.banknewport.com,Middletown,RI,$2.98B,DAVID NOLAN,"Vice President, Branch Manager",https://www.banknewport.com/about/executive-team
18129,BankNewport,https://www.banknewport.com,Middletown,RI,$2.98B,ANTONE FRANCO,"Vice President, Branch Manager",https://www.banknewport.com/about/executive-team
18129,BankNewport,https://www.banknewport.com,Middletown,RI,$2.98B,JENNIFER KONEN,"Vice President, Branch Manager",https://www.banknewport.com/about/executive-team
18129,BankNewport,https://www.banknewport.com,Middletown,RI,$2.98B,BRIAN SOUSA,"Vice President, Branch Manager",https://www.banknewport.com/about/executive-team
18129,BankNewport,https://www.banknewport.com,Middletown,RI,$2.98B,JULIO JIMENEZ,"Vice President, Branch Manager",https://www.banknewport.com/about/executive-team
18129,BankNewport,https://www.banknewport.com,Middletown,RI,$2.98B,SARAH PEASLEY,"Vice President, Branch Manager",https://www.banknewport.com/about/executive-team
18129,BankNewport,https://www.banknewport.com,Middletown,RI,$2.98B,EVAN ROSE,"Vice President, Premier Banking Manager",https://www.banknewport.com/about/executive-team
18129,BankNewport,https://www.banknewport.com,Middletown,RI,$2.98B,JESSICA ALMEIDA,"Vice President, Premier Banking Officer",https://www.banknewport.com/about/executive-team
18129,BankNewport,https://www.banknewport.com,Middletown,RI,$2.98B,DIOGO A. VENTURA,"Vice President, Premier Banking Officer",https://www.banknewport.com/about/executive-team
18129,BankNewport,https://www.banknewport.com,Middletown,RI,$2.98B,Get Started,Residential Loan Officers,https://www.banknewport.com/about/executive-team
18129,BankNewport,https://www.banknewport.com,Middletown,RI,$2.98B,GINA M. LAURO,"Senior Vice President, Mortgage Producing Sales Manager",https://www.banknewport.com/about/executive-team
18129,BankNewport,https://www.banknewport.com,Middletown,RI,$2.98B,MARK T. CARNEVALE,"Vice President, Residential Loan Officer",https://www.banknewport.com/about/executive-team
18129,BankNewport,https://www.banknewport.com,Middletown,RI,$2.98B,DANIEL M. SILVERMAN,"Vice President, Residential Loan Officer",https://www.banknewport.com/about/executive-team
18129,BankNewport,https://www.banknewport.com,Middletown,RI,$2.98B,MATTHEW COLASANTI,"Vice President, Residential Loan Officer",https://www.banknewport.com/about/executive-team
18129,BankNewport,https://www.banknewport.com,Middletown,RI,$2.98B,KAREN VEBBER,"Vice President, Residential Loan Officer",https://www.banknewport.com/about/executive-team
18129,BankNewport,https://www.banknewport.com,Middletown,RI,$2.98B,KAREN XAVIER-DACUNHA,"Vice President, Residential Loan Officer",https://www.banknewport.com/about/executive-team
18129,BankNewport,https://www.banknewport.com,Middletown,RI,$2.98B,DIANA FIGUEROA,"Vice President, Community Lending Officer",https://www.banknewport.com/about/executive-team
18129,BankNewport,https://www.banknewport.com,Middletown,RI,$2.98B,ERIC WEINER,"Vice President, Residential Loan Officer, Inside Sales",https://www.banknewport.com/about/executive-team
18129,BankNewport,https://www.banknewport.com,Middletown,RI,$2.98B,VIOLET KRIKORIAN,"Vice President, Residential Loan Officer",https://www.banknewport.com/about/executive-team
18129,BankNewport,https://www.banknewport.com,Middletown,RI,$2.98B,GEORGE DUARTE,"Senior Vice President, Director of Business Banking",https://www.banknewport.com/about/executive-team
18129,BankNewport,https://www.banknewport.com,Middletown,RI,$2.98B,ANTONIO DESIMONE,"Vice President, Senior Business and Commercial Lending Officer",https://www.banknewport.com/about/executive-team
18129,BankNewport,https://www.banknewport.com,Middletown,RI,$2.98B,ADAM DUCLOS,"Vice President, Senior Business and Commercial Lending Officer",https://www.banknewport.com/about/executive-team
18129,BankNewport,https://www.banknewport.com,Middletown,RI,$2.98B,FREDY HUEZO,"Vice President, Business and Commercial Lending Officer",https://www.banknewport.com/about/executive-team
18129,BankNewport,https://www.banknewport.com,Middletown,RI,$2.98B,JOHN SAVIANO,"Vice President, Business and Commercial Lending Officer",https://www.banknewport.com/about/executive-team
18129,BankNewport,https://www.banknewport.com,Middletown,RI,$2.98B,KEVIN LEWIS,"Vice President, Business and Commercial Lending Officer",https://www.banknewport.com/about/executive-team
18129,BankNewport,https://www.banknewport.com,Middletown,RI,$2.98B,MARC SCANAPIECO,"Vice President, Business and Commercial Lending Officer",https://www.banknewport.com/about/executive-team
18129,BankNewport,https://www.banknewport.com,Middletown,RI,$2.98B,JON RICHMOND,"Vice President, Business and Commercial Lending Officer",https://www.banknewport.com/about/executive-team
18129,BankNewport,https://www.banknewport.com,Middletown,RI,$2.98B,ANNISHA VASQUEZ,"Vice President, Community Development Officer",https://www.banknewport.com/about/executive-team
18129,BankNewport,https://www.banknewport.com,Middletown,RI,$2.98B,JOHN SWEENEY,"Vice President, Director of Cash Management",https://www.banknewport.com/about/executive-team
18129,BankNewport,https://www.banknewport.com,Middletown,RI,$2.98B,SONIA WILLIAMS,"Assistant Vice President, Senior Cash Management Relationship Specialist",https://www.banknewport.com/about/executive-team
18129,BankNewport,https://www.banknewport.com,Middletown,RI,$2.98B,BRENNON VIOLA,"Vice President, Cash Management Relationship Manager",https://www.banknewport.com/about/executive-team
18129,BankNewport,https://www.banknewport.com,Middletown,RI,$2.98B,JIM COHILL,"Sr. Vice President, Director of Commercial Banking",https://www.banknewport.com/about/executive-team
18129,BankNewport,https://www.banknewport.com,Middletown,RI,$2.98B,STEVEN CARNEIRO,"Vice President, Commercial Loan Officer",https://www.banknewport.com/about/executive-team
18129,BankNewport,https://www.banknewport.com,Middletown,RI,$2.98B,DAVID RITACCO,"Vice President, Commercial Loan Officer",https://www.banknewport.com/about/executive-team
18129,BankNewport,https://www.banknewport.com,Middletown,RI,$2.98B,PETER SALVADORE,"Vice President, Portfolio Relationship Manager I",https://www.banknewport.com/about/executive-team
18129,BankNewport,https://www.banknewport.com,Middletown,RI,$2.98B,CRAIG SCHERMERHORN,"Vice President, Sr. Commercial Loan Officer",https://www.banknewport.com/about/executive-team
18129,BankNewport,https://www.banknewport.com,Middletown,RI,$2.98B,MURRAY CHARRON,"Vice President, Sr. Commercial Loan Officer",https://www.banknewport.com/about/executive-team
18129,BankNewport,https://www.banknewport.com,Middletown,RI,$2.98B,DAVID COSTA,"Vice President, Manager of Specialized Lending and Portfolio Management",https://www.banknewport.com/about/executive-team
18129,BankNewport,https://www.banknewport.com,Middletown,RI,$2.98B,VICTOR CORREIA,"Vice President, Portfolio Relationship Manager I",https://www.banknewport.com/about/executive-team
18129,BankNewport,https://www.banknewport.com,Middletown,RI,$2.98B,"Vice President, Portfolio Relationship Manager I",victor.correia@banknewport.com,https://www.banknewport.com/about/executive-team
18129,BankNewport,https://www.banknewport.com,Middletown,RI,$2.98B,TONY BRUM,"Vice President, Commercial Loan Officer",https://www.banknewport.com/about/executive-team
18129,BankNewport,https://www.banknewport.com,Middletown,RI,$2.98B,MARK MOREAU,"Vice President, Commercial Loan Officer",https://www.banknewport.com/about/executive-team
18129,BankNewport,https://www.banknewport.com,Middletown,RI,$2.98B,ALIZETE LAGESSE,"Vice President, Portfolio Relationship Manager I",https://www.banknewport.com/about/executive-team
18129,BankNewport,https://www.banknewport.com,Middletown,RI,$2.98B,DENNIS BOGDAN,"Vice President, Portfolio Relationship Manager",https://www.banknewport.com/about/executive-team
18129,BankNewport,https://www.banknewport.com,Middletown,RI,$2.98B,Vice President,Premier Banking Officer,https://www.banknewport.com/about/executive-team
18129,BankNewport,https://www.banknewport.com,Middletown,RI,$2.98B,Senior Vice President,Director of Business Banking,https://www.banknewport.com/about/executive-team
18129,BankNewport,https://www.banknewport.com,Middletown,RI,$2.98B,Sr. Vice President,Director of Commercial Banking,https://www.banknewport.com/about/executive-team
15953,Guaranty Bank and Trust Company,https://www.gbtonline.com,Belzoni,MS,$2.97B,VIEW UPCOMING EVENTS,"Hue Townsend, CEO",https://www.gbtonline.com/about
32647,Northwest Bank,https://www.nw.bank,Spencer,IA,$2.97B,Joe Conover,"President, 712.262.4100.",https://www.nw.bank/about
32647,Northwest Bank,https://www.nw.bank,Spencer,IA,$2.97B,Dan DeBoest,"Regional Bank President of Northwest Bank in Sioux City, is pleased to announce Dylan Benson as Commercial Banker",https://www.nw.bank/about
32647,Northwest Bank,https://www.nw.bank,Spencer,IA,$2.97B,Kelly Grefe,"Business Banking Manager, SVP of Northwest Bank in Omaha, is pleased to announce Jaden Beaugard as Commercial Banker.",https://www.nw.bank/about
58115,Oakstar Bank,https://www.oakstarbank.com,Springfield,MO,$2.97B,Mike Lawson,Chief Executive Officer,https://www.oakstarbank.com/who-we-are/our-leadership
58115,Oakstar Bank,https://www.oakstarbank.com,Springfield,MO,$2.97B,Jimmy Stilley,President,https://www.oakstarbank.com/who-we-are/our-leadership
58115,Oakstar Bank,https://www.oakstarbank.com,Springfield,MO,$2.97B,Scott Whisman,"SEVP, Chief Technology",https://www.oakstarbank.com/who-we-are/our-leadership
58115,Oakstar Bank,https://www.oakstarbank.com,Springfield,MO,$2.97B,"SEVP, Chief Technology",Officer,https://www.oakstarbank.com/who-we-are/our-leadership
58115,Oakstar Bank,https://www.oakstarbank.com,Springfield,MO,$2.97B,Matt McFail,"SEVP, Chief Financial",https://www.oakstarbank.com/who-we-are/our-leadership
58115,Oakstar Bank,https://www.oakstarbank.com,Springfield,MO,$2.97B,Rob Buchanan,"SEVP, Chief Risk",https://www.oakstarbank.com/who-we-are/our-leadership
58115,Oakstar Bank,https://www.oakstarbank.com,Springfield,MO,$2.97B,"SEVP, Chief Risk",Officer,https://www.oakstarbank.com/who-we-are/our-leadership
58115,Oakstar Bank,https://www.oakstarbank.com,Springfield,MO,$2.97B,Stephanie Hart,"SEVP, Chief Marketing",https://www.oakstarbank.com/who-we-are/our-leadership
58115,Oakstar Bank,https://www.oakstarbank.com,Springfield,MO,$2.97B,"SEVP, Chief Marketing",Officer,https://www.oakstarbank.com/who-we-are/our-leadership
58115,Oakstar Bank,https://www.oakstarbank.com,Springfield,MO,$2.97B,Luke Fraser,"SEVP, Chief Operating",https://www.oakstarbank.com/who-we-are/our-leadership
58115,Oakstar Bank,https://www.oakstarbank.com,Springfield,MO,$2.97B,"SEVP, Chief Operating",Officer,https://www.oakstarbank.com/who-we-are/our-leadership
58115,Oakstar Bank,https://www.oakstarbank.com,Springfield,MO,$2.97B,Micah Scott,"SEVP, Chief Lending",https://www.oakstarbank.com/who-we-are/our-leadership
58115,Oakstar Bank,https://www.oakstarbank.com,Springfield,MO,$2.97B,"SEVP, Chief Lending",Officer,https://www.oakstarbank.com/who-we-are/our-leadership
58115,Oakstar Bank,https://www.oakstarbank.com,Springfield,MO,$2.97B,Our Board of Directors,BOARD OF DIRECTORS,https://www.oakstarbank.com/who-we-are/our-leadership
58115,Oakstar Bank,https://www.oakstarbank.com,Springfield,MO,$2.97B,BOARD OF DIRECTORS,Our Board of Directors,https://www.oakstarbank.com/who-we-are/our-leadership
33860,The National Bank of Indianapolis,https://www.nbofi.com,Indianapolis,IN,$2.95B,Log In,BOARD OF DIRECTORS,https://www.nbofi.com/board-of-directors
33860,The National Bank of Indianapolis,https://www.nbofi.com,Indianapolis,IN,$2.95B,LOCAL LEADERSHIP,"With members representing a variety of local organizations, our Board of Directors is committed to strengthening Central Indiana communities.",https://www.nbofi.com/board-of-directors
33860,The National Bank of Indianapolis,https://www.nbofi.com,Indianapolis,IN,$2.95B,Greg Maurer,Chairman of the Board,https://www.nbofi.com/board-of-directors
33860,The National Bank of Indianapolis,https://www.nbofi.com,Indianapolis,IN,$2.95B,Mark E. Bruin,President and CEO,https://www.nbofi.com/board-of-directors
33860,The National Bank of Indianapolis,https://www.nbofi.com,Indianapolis,IN,$2.95B,Bradley Bostic,Chief Executive Officer,https://www.nbofi.com/board-of-directors
33860,The National Bank of Indianapolis,https://www.nbofi.com,Indianapolis,IN,$2.95B,Melina Kennedy,Chief Executive Officer of the Central Indiana Corporate Partnership (CICP),https://www.nbofi.com/board-of-directors
33860,The National Bank of Indianapolis,https://www.nbofi.com,Indianapolis,IN,$2.95B,Dennis Murphy,Chief Executive Officer,https://www.nbofi.com/board-of-directors
33860,The National Bank of Indianapolis,https://www.nbofi.com,Indianapolis,IN,$2.95B,"Una Osili, PhD.","Executive Director of Philanthropy, Strategy & Operations, Eli Lilly and Company Foundation",https://www.nbofi.com/board-of-directors
33860,The National Bank of Indianapolis,https://www.nbofi.com,Indianapolis,IN,$2.95B,John Thompson,President,https://www.nbofi.com/board-of-directors
33860,The National Bank of Indianapolis,https://www.nbofi.com,Indianapolis,IN,$2.95B,Active Community Involvement,Our Board of Directors and  Management Team,https://www.nbofi.com/board-of-directors
26906,Texas Regional Bank,https://www.trb.bank,Harlingen,TX,$2.94B,Foreign Exchange,Public Sector,https://www.trb.bank/about/leadership
26906,Texas Regional Bank,https://www.trb.bank,Harlingen,TX,$2.94B,"NOÉ HINOJOSA, JR.",President,https://www.trb.bank/about/leadership
26906,Texas Regional Bank,https://www.trb.bank,Harlingen,TX,$2.94B,San Antonio,Senior Managing Director,https://www.trb.bank/about/leadership
16958,Minnwest Bank,https://www.minnwestbank.com,Redwood Falls,MN,$2.94B,Minnwest Customer,"Deanna Hemmesch, Executive Director",https://www.minnwestbank.com/about-us
16958,Minnwest Bank,https://www.minnwestbank.com,Redwood Falls,MN,$2.94B,Deanna Hemmesch,Executive Director,https://www.minnwestbank.com/about-us
29708,"North American Savings Bank, F.S.B.",https://www.nasb.com,Grandview,MO,$2.93B,Investor relations,Loan officers,https://www.nasb.com/about-us/leadership
34656,American First National Bank,https://www.afnb.com,Houston,TX,$2.89B,BRIEF HISTORY AND LOCATIONS:,INFORMATION ON OUR DIRECTORS AND MANAGEMENT:,https://www.afnb.com/about-us
34656,American First National Bank,https://www.afnb.com,Houston,TX,$2.89B,INFORMATION ON OUR DIRECTORS AND MANAGEMENT:,BOARD OF DIRECTORS,https://www.afnb.com/about-us
34656,American First National Bank,https://www.afnb.com,Houston,TX,$2.89B,SENIOR MANAGEMENT,"Bruce Chang, President & CEO",https://www.afnb.com/about-us
34656,American First National Bank,https://www.afnb.com,Houston,TX,$2.89B,"Bruce Chang, President & CEO","Fion Chen, EVP & Chief Lending Officer",https://www.afnb.com/about-us
34656,American First National Bank,https://www.afnb.com,Houston,TX,$2.89B,"Dawning Ho, SVP & Investment Officer","Michael Klobosits, SVP & Internal Audit Manager",https://www.afnb.com/about-us
34656,American First National Bank,https://www.afnb.com,Houston,TX,$2.89B,LaTasha Franklin SVP/BSA Manager /BSA Officer,Jennifer Zhou SVP/PR Manager,https://www.afnb.com/about-us
34656,American First National Bank,https://www.afnb.com,Houston,TX,$2.89B,Jennifer Zhou SVP/PR Manager,"Sook Kim, SVP & Marketing Officer",https://www.afnb.com/about-us
34656,American First National Bank,https://www.afnb.com,Houston,TX,$2.89B,"Sook Kim, SVP & Marketing Officer","Mike Fann, SVP & Controller/Cashier",https://www.afnb.com/about-us
34656,American First National Bank,https://www.afnb.com,Houston,TX,$2.89B,"Mike Fann, SVP & Controller/Cashier","Fivan Tang, SVP & Chief Credit Administrator",https://www.afnb.com/about-us
34656,American First National Bank,https://www.afnb.com,Houston,TX,$2.89B,Bruce Chang,President & CEO,https://www.afnb.com/about-us
34656,American First National Bank,https://www.afnb.com,Houston,TX,$2.89B,Fion Chen,EVP & Chief Lending Officer,https://www.afnb.com/about-us
34656,American First National Bank,https://www.afnb.com,Houston,TX,$2.89B,Eleanor Kwan,EVP & Chief Operations Officer,https://www.afnb.com/about-us
34656,American First National Bank,https://www.afnb.com,Houston,TX,$2.89B,Lucheng Mailloux,EVP & Nevada Regional Manager,https://www.afnb.com/about-us
34656,American First National Bank,https://www.afnb.com,Houston,TX,$2.89B,Peter Lam,EVP & California Regional Manager,https://www.afnb.com/about-us
34656,American First National Bank,https://www.afnb.com,Houston,TX,$2.89B,Michael Bailey,EVP & Chief Compliance Officer & CRA Officer,https://www.afnb.com/about-us
34656,American First National Bank,https://www.afnb.com,Houston,TX,$2.89B,Monnie Mak,1st SVP & Assistant Chief Lending Officer,https://www.afnb.com/about-us
34656,American First National Bank,https://www.afnb.com,Houston,TX,$2.89B,Anita Nwosuocha,SVP & Chief Financial Officer,https://www.afnb.com/about-us
34656,American First National Bank,https://www.afnb.com,Houston,TX,$2.89B,Luke Yang,SVP & Dallas Regional Lending Manager,https://www.afnb.com/about-us
34656,American First National Bank,https://www.afnb.com,Houston,TX,$2.89B,Simon Lin,SVP & California Regional Portfolio Manager,https://www.afnb.com/about-us
34656,American First National Bank,https://www.afnb.com,Houston,TX,$2.89B,Jennifer Cho,SVP & Senior Lending Officer,https://www.afnb.com/about-us
34656,American First National Bank,https://www.afnb.com,Houston,TX,$2.89B,Mike Jan,SVP & Senior Lending Officer,https://www.afnb.com/about-us
34656,American First National Bank,https://www.afnb.com,Houston,TX,$2.89B,Lynn Lin,SVP & Senior Lending Officer,https://www.afnb.com/about-us
34656,American First National Bank,https://www.afnb.com,Houston,TX,$2.89B,Saeromee Kim,SVP & Senior Lending Officer,https://www.afnb.com/about-us
34656,American First National Bank,https://www.afnb.com,Houston,TX,$2.89B,Angeline Chen,SVP & Senior Lending Officer,https://www.afnb.com/about-us
34656,American First National Bank,https://www.afnb.com,Houston,TX,$2.89B,Jenny Yang,SVP & Senior Lending Officer,https://www.afnb.com/about-us
34656,American First National Bank,https://www.afnb.com,Houston,TX,$2.89B,Judith Lee,SVP & Senior Lending Officer,https://www.afnb.com/about-us
34656,American First National Bank,https://www.afnb.com,Houston,TX,$2.89B,Tim Chuang,SVP & Senior Lending Officer,https://www.afnb.com/about-us
34656,American First National Bank,https://www.afnb.com,Houston,TX,$2.89B,Dawning Ho,SVP & Investment Officer,https://www.afnb.com/about-us
34656,American First National Bank,https://www.afnb.com,Houston,TX,$2.89B,Michael Klobosits,SVP & Internal Audit Manager,https://www.afnb.com/about-us
34656,American First National Bank,https://www.afnb.com,Houston,TX,$2.89B,Kevin Hajek,SVP & Chief Information Security Officer,https://www.afnb.com/about-us
34656,American First National Bank,https://www.afnb.com,Houston,TX,$2.89B,Robert Pierce,SVP & Risk Management Manager,https://www.afnb.com/about-us
34656,American First National Bank,https://www.afnb.com,Houston,TX,$2.89B,Sook Kim,SVP & Marketing Officer,https://www.afnb.com/about-us
34656,American First National Bank,https://www.afnb.com,Houston,TX,$2.89B,Mike Fann,SVP & Controller/Cashier,https://www.afnb.com/about-us
34656,American First National Bank,https://www.afnb.com,Houston,TX,$2.89B,Fivan Tang,SVP & Chief Credit Administrator,https://www.afnb.com/about-us
34656,American First National Bank,https://www.afnb.com,Houston,TX,$2.89B,Jennifer Hao,SVP & Closing Department Manager,https://www.afnb.com/about-us
34656,American First National Bank,https://www.afnb.com,Houston,TX,$2.89B,Joanne You,SVP & HR Manager & Secretary to the Board,https://www.afnb.com/about-us
34656,American First National Bank,https://www.afnb.com,Houston,TX,$2.89B,Thalia Wang,SVP & Bookkeeping Department Manager,https://www.afnb.com/about-us
34656,American First National Bank,https://www.afnb.com,Houston,TX,$2.89B,Amy Gou,SVP & Harwin Branch Manager,https://www.afnb.com/about-us
34656,American First National Bank,https://www.afnb.com,Houston,TX,$2.89B,Linda Yi,SVP & Spring Branch Manager,https://www.afnb.com/about-us
34656,American First National Bank,https://www.afnb.com,Houston,TX,$2.89B,Nora Lao,SVP & Richardson Branch Manager,https://www.afnb.com/about-us
34656,American First National Bank,https://www.afnb.com,Houston,TX,$2.89B,Sun Kim,SVP & Harry Hines Branch Manager,https://www.afnb.com/about-us
34656,American First National Bank,https://www.afnb.com,Houston,TX,$2.89B,Jessie Lee,SVP & Legacy Branch Manager,https://www.afnb.com/about-us
34656,American First National Bank,https://www.afnb.com,Houston,TX,$2.89B,Joyce Lin,SVP & City of Industry Branch Manager,https://www.afnb.com/about-us
19573,Lakeside Bank,http://WWW.LAKESIDEBANK.COM,Chicago,IL,$2.84B,Steve Fister,"Senior Vice President, General Counsel",http://www.lakesidebank.com/about/board
19573,Lakeside Bank,http://WWW.LAKESIDEBANK.COM,Chicago,IL,$2.84B,Jonathan Demas,"Vice President, Commercial Lending",http://www.lakesidebank.com/about/board
19573,Lakeside Bank,http://WWW.LAKESIDEBANK.COM,Chicago,IL,$2.84B,Angela Florida,"Vice President, Business Banker",http://www.lakesidebank.com/about/board
19573,Lakeside Bank,http://WWW.LAKESIDEBANK.COM,Chicago,IL,$2.84B,James McGrogan,"Senior Vice President & Group Lead, Commercial Lending",http://www.lakesidebank.com/about/board
19573,Lakeside Bank,http://WWW.LAKESIDEBANK.COM,Chicago,IL,$2.84B,Fanny Yuen,"Vice President, Business Banker",http://www.lakesidebank.com/about/board
19573,Lakeside Bank,http://WWW.LAKESIDEBANK.COM,Chicago,IL,$2.84B,Darlin Oliva,Treasury Management Officer,http://www.lakesidebank.com/about/board
57591,West Coast Community Bank,https://www.wccb.com,Santa Cruz,CA,$2.84B,Market Makers,Board of Directors,https://www.wccb.com/leadership
57591,West Coast Community Bank,https://www.wccb.com,Santa Cruz,CA,$2.84B,Krista Snelling,Chairman,https://www.wccb.com/leadership
57591,West Coast Community Bank,https://www.wccb.com,Santa Cruz,CA,$2.84B,Cecilia Situ,EVP Chief Financial Officer,https://www.wccb.com/leadership
57591,West Coast Community Bank,https://www.wccb.com,Santa Cruz,CA,$2.84B,Jon P. Sisk,EVP Chief Banking Officer,https://www.wccb.com/leadership
57591,West Coast Community Bank,https://www.wccb.com,Santa Cruz,CA,$2.84B,"Angelo DeBernardo, Jr.",EVP Chief Lending Officer,https://www.wccb.com/leadership
57591,West Coast Community Bank,https://www.wccb.com,Santa Cruz,CA,$2.84B,Mark Gouvion,EVP Chief Operations Officer,https://www.wccb.com/leadership
57591,West Coast Community Bank,https://www.wccb.com,Santa Cruz,CA,$2.84B,Shawn Lipman,EVP Chief Credit Officer,https://www.wccb.com/leadership
57591,West Coast Community Bank,https://www.wccb.com,Santa Cruz,CA,$2.84B,Matthew March,EVP Chief Information Officer,https://www.wccb.com/leadership
57591,West Coast Community Bank,https://www.wccb.com,Santa Cruz,CA,$2.84B,Maxwell Sinclair,EVP Chief Risk Officer,https://www.wccb.com/leadership
57591,West Coast Community Bank,https://www.wccb.com,Santa Cruz,CA,$2.84B,Frederick L. Caiocca,EVP Regional Credit Executive,https://www.wccb.com/leadership
15310,"CB&S Bank, Inc.",https://www.cbsbank.com,Russellville,AL,$2.83B,Forest Suber,Financial Services Director,https://www.cbsbank.com/business-banking/treasury-management-solutions
27074,State Bank of Texas,https://www.statebnk.com,Irving,TX,$2.81B,Founded on hospitality,"Chan Patel, SBT’s founder, CEO and Chairman,",https://www.statebnk.com/about-us
27074,State Bank of Texas,https://www.statebnk.com,Irving,TX,$2.81B,Chan Patel,"SBT’s founder, CEO and Chairman,",https://www.statebnk.com/about-us
16470,Jefferson Bank,https://www.jeffersonbank.com,San Antonio,TX,$2.79B,Community Support,Board of Directors,https://www.jeffersonbank.com/about
33867,Quad City Bank and Trust Company,https://www.qcbt.com,Bettendorf,IA,$2.78B,"Laura ""Divot"" Ekizian","CEO and President, Quad City Bank & Trust",https://www.qcbt.com/board-of-directors
33867,Quad City Bank and Trust Company,https://www.qcbt.com,Bettendorf,IA,$2.78B,Jim Field,"Retired President/CFO, Deere & Company",https://www.qcbt.com/board-of-directors
33867,Quad City Bank and Trust Company,https://www.qcbt.com,Bettendorf,IA,$2.78B,Edna Denise Garrett,"Associate General Counsel and Deputy Director, Gates Foundation",https://www.qcbt.com/board-of-directors
33867,Quad City Bank and Trust Company,https://www.qcbt.com,Bettendorf,IA,$2.78B,Steven R. Geifman,"President and Managing Partner, GEIFMAN - First Equity",https://www.qcbt.com/board-of-directors
33867,Quad City Bank and Trust Company,https://www.qcbt.com,Bettendorf,IA,$2.78B,Todd A. Gipple,"President, Chief Executive Officer, QCR Holdings, Inc.",https://www.qcbt.com/board-of-directors
33867,Quad City Bank and Trust Company,https://www.qcbt.com,Bettendorf,IA,$2.78B,Mark C. Kilmer,"Chair of the Board, Quad City Bank & Trust Chairman, The Republic Companies",https://www.qcbt.com/board-of-directors
33867,Quad City Bank and Trust Company,https://www.qcbt.com,Bettendorf,IA,$2.78B,Caitlin Russell,"President, Russell Construction",https://www.qcbt.com/board-of-directors
33867,Quad City Bank and Trust Company,https://www.qcbt.com,Bettendorf,IA,$2.78B,"Scott Tinsman, Jr.","COO, Twin State, Inc.",https://www.qcbt.com/board-of-directors
33867,Quad City Bank and Trust Company,https://www.qcbt.com,Bettendorf,IA,$2.78B,James D. Von Maur,"President, Von Maur, Inc.",https://www.qcbt.com/board-of-directors
33867,Quad City Bank and Trust Company,https://www.qcbt.com,Bettendorf,IA,$2.78B,Angie Kendall,"Chief Executive Officer, Hand in Hand",https://www.qcbt.com/board-of-directors
33867,Quad City Bank and Trust Company,https://www.qcbt.com,Bettendorf,IA,$2.78B,Will Moon,"President, Iowa 80 Group, Inc.",https://www.qcbt.com/board-of-directors
33867,Quad City Bank and Trust Company,https://www.qcbt.com,Bettendorf,IA,$2.78B,Leadership Team,Board of Directors,https://www.qcbt.com/board-of-directors
33867,Quad City Bank and Trust Company,https://www.qcbt.com,Bettendorf,IA,$2.78B,Chair of the Board,"Quad City Bank & Trust Chairman, The Republic Companies",https://www.qcbt.com/board-of-directors
17741,Maine Community Bank,https://www.maine.bank,Portland,ME,$2.78B,Steve deCastro,Chief Executive Officer,https://www.maine.bank/about/leadership
17741,Maine Community Bank,https://www.maine.bank,Portland,ME,$2.78B,Julie Brooks,Chief Risk Officer,https://www.maine.bank/about/leadership
17741,Maine Community Bank,https://www.maine.bank,Portland,ME,$2.78B,"Carri L. Brown, CPA",Chief Financial Officer,https://www.maine.bank/about/leadership
17741,Maine Community Bank,https://www.maine.bank,Portland,ME,$2.78B,Suzanne M. Carney,Chief Administrative Officer & Corporate Clerk,https://www.maine.bank/about/leadership
17741,Maine Community Bank,https://www.maine.bank,Portland,ME,$2.78B,Kim Donnelly,Chief Client Development Officer,https://www.maine.bank/about/leadership
17741,Maine Community Bank,https://www.maine.bank,Portland,ME,$2.78B,Thomas A. MacDonald,Chief Credit Officer,https://www.maine.bank/about/leadership
17741,Maine Community Bank,https://www.maine.bank,Portland,ME,$2.78B,Dimitri Michaud,Chief Operating Officer,https://www.maine.bank/about/leadership
17741,Maine Community Bank,https://www.maine.bank,Portland,ME,$2.78B,Karl Suchecki,Chief Commercial Officer,https://www.maine.bank/about/leadership
5496,Cornerstone Bank,https://www.cornerstoneconnect.com,York,NE,$2.77B,Steve Gruber,Vice President/Farm Supervisor,https://www.cornerstoneconnect.com/Investment-Management/
57244,Cedar Rapids Bank and Trust Company,https://www.CRBT.bank,Cedar Rapids,IA,$2.77B,About CRBT,Board of Directors,https://crbt.bank/personal/loans/our-mortgage-lending-team/mortgage-rates
57244,Cedar Rapids Bank and Trust Company,https://www.CRBT.bank,Cedar Rapids,IA,$2.77B,Brittney Clarke,"Executive Vice President, Director of Retail Banking",https://crbt.bank/personal/loans/our-mortgage-lending-team/mortgage-rates
57244,Cedar Rapids Bank and Trust Company,https://www.CRBT.bank,Cedar Rapids,IA,$2.77B,Elizabeth Loney,"Retail Officer, Branch Manager",https://crbt.bank/personal/loans/our-mortgage-lending-team/mortgage-rates
57244,Cedar Rapids Bank and Trust Company,https://www.CRBT.bank,Cedar Rapids,IA,$2.77B,Erin Morris,"Retail Officer, Assistant Branch Manager",https://crbt.bank/personal/loans/our-mortgage-lending-team/mortgage-rates
57244,Cedar Rapids Bank and Trust Company,https://www.CRBT.bank,Cedar Rapids,IA,$2.77B,Tiffany Elwick,"Retail Officer, Digital Branch Manager",https://crbt.bank/personal/loans/our-mortgage-lending-team/mortgage-rates
57244,Cedar Rapids Bank and Trust Company,https://www.CRBT.bank,Cedar Rapids,IA,$2.77B,Virginia Wilts,"Retail Officer, Branch Manager",https://crbt.bank/personal/loans/our-mortgage-lending-team/mortgage-rates
57244,Cedar Rapids Bank and Trust Company,https://www.CRBT.bank,Cedar Rapids,IA,$2.77B,Executive Vice President,Director of Retail Banking,https://crbt.bank/personal/loans/our-mortgage-lending-team/mortgage-rates
57244,Cedar Rapids Bank and Trust Company,https://www.CRBT.bank,Cedar Rapids,IA,$2.77B,Cody Ritter,"Vice President, Real Estate Manager",https://crbt.bank/personal/loans/our-mortgage-lending-team/mortgage-rates
18198,Ion Bank,https://www.ionbank.com,Naugatuck,CT,$2.77B,OPEN AN ACCOUNT,Board of Directors & Corporators,https://www.ionbank.com/executive-team
18198,Ion Bank,https://www.ionbank.com,Naugatuck,CT,$2.77B,David J. Rotatori,Trustee & Director,https://www.ionbank.com/executive-team
18198,Ion Bank,https://www.ionbank.com,Naugatuck,CT,$2.77B,Dr. Stephen Widman,Trustee & Director,https://www.ionbank.com/executive-team
18198,Ion Bank,https://www.ionbank.com,Naugatuck,CT,$2.77B,Gary B. O’Connor,Trustee & Director,https://www.ionbank.com/executive-team
18198,Ion Bank,https://www.ionbank.com,Naugatuck,CT,$2.77B,Patrick A. Charmel,Trustee & Director,https://www.ionbank.com/executive-team
18198,Ion Bank,https://www.ionbank.com,Naugatuck,CT,$2.77B,Andrew K. Skipp,Trustee & Director,https://www.ionbank.com/executive-team
18198,Ion Bank,https://www.ionbank.com,Naugatuck,CT,$2.77B,William M. Samuelson,Trustee & Director,https://www.ionbank.com/executive-team
18198,Ion Bank,https://www.ionbank.com,Naugatuck,CT,$2.77B,Michelle M. Stronz,Trustee & Director,https://www.ionbank.com/executive-team
18198,Ion Bank,https://www.ionbank.com,Naugatuck,CT,$2.77B,Kathy K. Taylor,Trustee & Director,https://www.ionbank.com/executive-team
18198,Ion Bank,https://www.ionbank.com,Naugatuck,CT,$2.77B,David F. Scelba,Trustee & Director,https://www.ionbank.com/executive-team
18198,Ion Bank,https://www.ionbank.com,Naugatuck,CT,$2.77B,Message From Our CEO,"Hear from our President & Chief Executive Officer, David J. Rotatori, on our values and mission.",https://www.ionbank.com/executive-team
1528,Southern Bancorp Bank,https://www.banksouthern.com,Arkadelphia,AR,$2.75B,Darrin Williams,Chief Executive Officer,https://www.banksouthern.com/about/leadership
1528,Southern Bancorp Bank,https://www.banksouthern.com,Arkadelphia,AR,$2.75B,John Olaimey,President & CEO,https://www.banksouthern.com/about/leadership
1528,Southern Bancorp Bank,https://www.banksouthern.com,Arkadelphia,AR,$2.75B,Kenya Gordon,President,https://www.banksouthern.com/about/leadership
1528,Southern Bancorp Bank,https://www.banksouthern.com,Arkadelphia,AR,$2.75B,Will Lambe,SBI President &,https://www.banksouthern.com/about/leadership
1528,Southern Bancorp Bank,https://www.banksouthern.com,Arkadelphia,AR,$2.75B,SBI President &,Chief Integration Officer,https://www.banksouthern.com/about/leadership
1528,Southern Bancorp Bank,https://www.banksouthern.com,Arkadelphia,AR,$2.75B,Will Carrouthers,Chief Financial Officer,https://www.banksouthern.com/about/leadership
1528,Southern Bancorp Bank,https://www.banksouthern.com,Arkadelphia,AR,$2.75B,Jeremy Loftin,Chief Operating Officer,https://www.banksouthern.com/about/leadership
1528,Southern Bancorp Bank,https://www.banksouthern.com,Arkadelphia,AR,$2.75B,Walter Pryor,"Chief Administrative Officer, General Counsel",https://www.banksouthern.com/about/leadership
1528,Southern Bancorp Bank,https://www.banksouthern.com,Arkadelphia,AR,$2.75B,Nathan Pittman,Chief Brand Officer,https://www.banksouthern.com/about/leadership
1528,Southern Bancorp Bank,https://www.banksouthern.com,Arkadelphia,AR,$2.75B,Andrea Parnell,Chief People Officer,https://www.banksouthern.com/about/leadership
1528,Southern Bancorp Bank,https://www.banksouthern.com,Arkadelphia,AR,$2.75B,Georgetown University,Senior Advisor to the President,https://www.banksouthern.com/about/leadership
1528,Southern Bancorp Bank,https://www.banksouthern.com,Arkadelphia,AR,$2.75B,Helena-West Helena/Philips County Port Authority,General Counsel & Economic Development Director,https://www.banksouthern.com/about/leadership
1528,Southern Bancorp Bank,https://www.banksouthern.com,Arkadelphia,AR,$2.75B,Appalachian Community Capital,President & CEO,https://www.banksouthern.com/about/leadership
1528,Southern Bancorp Bank,https://www.banksouthern.com,Arkadelphia,AR,$2.75B,Clarksdale Collegiate Public Charter School,Executive Director,https://www.banksouthern.com/about/leadership
1528,Southern Bancorp Bank,https://www.banksouthern.com,Arkadelphia,AR,$2.75B,Texas Woman’s University,Chief Information Officer,https://www.banksouthern.com/about/leadership
1528,Southern Bancorp Bank,https://www.banksouthern.com,Arkadelphia,AR,$2.75B,"Southern Bancorp, Inc.",CEO,https://www.banksouthern.com/about/leadership
1528,Southern Bancorp Bank,https://www.banksouthern.com,Arkadelphia,AR,$2.75B,Cornerstone Group LLC,CEO,https://www.banksouthern.com/about/leadership
1528,Southern Bancorp Bank,https://www.banksouthern.com,Arkadelphia,AR,$2.75B,Sam’s Club,Former CFO,https://www.banksouthern.com/about/leadership
22957,West Texas National Bank,https://www.wtnb.com,Midland,TX,$2.75B,Board of Directors,David L. Davis - Chairman,https://www.wtnb.com/about-us/leadership
22957,West Texas National Bank,https://www.wtnb.com,Midland,TX,$2.75B,David L. Davis - Chairman,Mark D. McKinney - Director,https://www.wtnb.com/about-us/leadership
22957,West Texas National Bank,https://www.wtnb.com,Midland,TX,$2.75B,Mark D. McKinney - Director,R. Keith Moore - Vice Chairman of the Board,https://www.wtnb.com/about-us/leadership
22957,West Texas National Bank,https://www.wtnb.com,Midland,TX,$2.75B,David A. Moore - Director,Chris L. Whigham - CEO & Bank President,https://www.wtnb.com/about-us/leadership
22957,West Texas National Bank,https://www.wtnb.com,Midland,TX,$2.75B,Richard D. Hatchett - Secretary,Ron W. Stroman - Director,https://www.wtnb.com/about-us/leadership
22957,West Texas National Bank,https://www.wtnb.com,Midland,TX,$2.75B,Ron W. Stroman - Director,Nick Davis - Director,https://www.wtnb.com/about-us/leadership
22957,West Texas National Bank,https://www.wtnb.com,Midland,TX,$2.75B,David L. Davis,Chairman,https://www.wtnb.com/about-us/leadership
22957,West Texas National Bank,https://www.wtnb.com,Midland,TX,$2.75B,Chris L. Whigham,CEO & Bank President,https://www.wtnb.com/about-us/leadership
22957,West Texas National Bank,https://www.wtnb.com,Midland,TX,$2.75B,Richard D. Hatchett,Secretary,https://www.wtnb.com/about-us/leadership
22957,West Texas National Bank,https://www.wtnb.com,Midland,TX,$2.75B,Ron W. Stroman,Director,https://www.wtnb.com/about-us/leadership
90300,Westfield Bank,https://www.westfieldbank.com,Westfield,MA,$2.73B,Don Williams became the Chairman,CEO and President of Westfield Bank.,https://www.westfieldbank.com/about
90300,Westfield Bank,https://www.westfieldbank.com,Westfield,MA,$2.73B,Don Williams retires as CEO,and remains as Board Chair of Westfield Bank. Jim Hagan becomes CEO and President.,https://www.westfieldbank.com/about
34885,Susser Bank,https://www.susserbank.com/,Dallas,TX,$2.73B,Julie L. Anderson,"Executive Vice President, Chief Financial Officer",https://www.susserbank.com/about/leadership
34885,Susser Bank,https://www.susserbank.com/,Dallas,TX,$2.73B,Paul Champagne,"Senior Vice President, National Sales",https://www.susserbank.com/about/leadership
34885,Susser Bank,https://www.susserbank.com/,Dallas,TX,$2.73B,J.C. Pritchard,"Senior Vice President, Capital Markets",https://www.susserbank.com/about/leadership
34885,Susser Bank,https://www.susserbank.com/,Dallas,TX,$2.73B,Executive Vice President,Chief Financial Officer,https://www.susserbank.com/about/leadership
58057,Tradition Capital Bank,https://WWW.TRADITION.BANK,Wayzata,MN,$2.71B,Meet the Team,Relationship Officers,https://www.tradition.bank/about/our-team
58057,Tradition Capital Bank,https://WWW.TRADITION.BANK,Wayzata,MN,$2.71B,Our Team,Relationship Officers - Minnesota,https://www.tradition.bank/about/our-team
58057,Tradition Capital Bank,https://WWW.TRADITION.BANK,Wayzata,MN,$2.71B,Joe Morseth,"SVP, Relationship Officer",https://www.tradition.bank/about/our-team
58057,Tradition Capital Bank,https://WWW.TRADITION.BANK,Wayzata,MN,$2.71B,Pete Fitzsimmons,"AVP, Relationship Officer",https://www.tradition.bank/about/our-team
58057,Tradition Capital Bank,https://WWW.TRADITION.BANK,Wayzata,MN,$2.71B,Jennifer Soens,"SVP, Private Banking Manager",https://www.tradition.bank/about/our-team
58057,Tradition Capital Bank,https://WWW.TRADITION.BANK,Wayzata,MN,$2.71B,Jake Schoenberg,"VP, Relationship Officer",https://www.tradition.bank/about/our-team
58057,Tradition Capital Bank,https://WWW.TRADITION.BANK,Wayzata,MN,$2.71B,Greg Robertson,"VP, Relationship Officer",https://www.tradition.bank/about/our-team
58057,Tradition Capital Bank,https://WWW.TRADITION.BANK,Wayzata,MN,$2.71B,Tyler Pike,"AVP, Relationship Officer",https://www.tradition.bank/about/our-team
58057,Tradition Capital Bank,https://WWW.TRADITION.BANK,Wayzata,MN,$2.71B,Dave Peterson,"SVP, Relationship Officer",https://www.tradition.bank/about/our-team
58057,Tradition Capital Bank,https://WWW.TRADITION.BANK,Wayzata,MN,$2.71B,John Lindquist,"SVP, Relationship Officer",https://www.tradition.bank/about/our-team
58057,Tradition Capital Bank,https://WWW.TRADITION.BANK,Wayzata,MN,$2.71B,Tom Kruse,"EVP, Business Banking",https://www.tradition.bank/about/our-team
58057,Tradition Capital Bank,https://WWW.TRADITION.BANK,Wayzata,MN,$2.71B,Patrick Kasid,"SVP, Commercial Construction & Development",https://www.tradition.bank/about/our-team
58057,Tradition Capital Bank,https://WWW.TRADITION.BANK,Wayzata,MN,$2.71B,Kristi Jacobson,"SVP, Relationship Officer",https://www.tradition.bank/about/our-team
58057,Tradition Capital Bank,https://WWW.TRADITION.BANK,Wayzata,MN,$2.71B,Jarrett Isaacson,"SVP, Portfolio Manager",https://www.tradition.bank/about/our-team
58057,Tradition Capital Bank,https://WWW.TRADITION.BANK,Wayzata,MN,$2.71B,Kevin Howk,EVP Director of CRE Strategy + Market Expansion,https://www.tradition.bank/about/our-team
58057,Tradition Capital Bank,https://WWW.TRADITION.BANK,Wayzata,MN,$2.71B,Brett Ewig,"VP, Relationship Officer",https://www.tradition.bank/about/our-team
58057,Tradition Capital Bank,https://WWW.TRADITION.BANK,Wayzata,MN,$2.71B,Steve Bringgold,"SVP, Relationship Officer",https://www.tradition.bank/about/our-team
58057,Tradition Capital Bank,https://WWW.TRADITION.BANK,Wayzata,MN,$2.71B,Dave Boyce,"SVP, Relationship Officer",https://www.tradition.bank/about/our-team
58057,Tradition Capital Bank,https://WWW.TRADITION.BANK,Wayzata,MN,$2.71B,Lorri Borgelt,"EVP, Relationship Officer",https://www.tradition.bank/about/our-team
58057,Tradition Capital Bank,https://WWW.TRADITION.BANK,Wayzata,MN,$2.71B,Heidi Bellefy,EVP Director of Commercial Banking,https://www.tradition.bank/about/our-team
58057,Tradition Capital Bank,https://WWW.TRADITION.BANK,Wayzata,MN,$2.71B,CJ Becker,"SVP, Relationship Officer",https://www.tradition.bank/about/our-team
58057,Tradition Capital Bank,https://WWW.TRADITION.BANK,Wayzata,MN,$2.71B,Julie Anderson,"SVP, Relationship Officer",https://www.tradition.bank/about/our-team
58057,Tradition Capital Bank,https://WWW.TRADITION.BANK,Wayzata,MN,$2.71B,"SVP, Relationship Officer",Relationship Officers - Arizona,https://www.tradition.bank/about/our-team
58057,Tradition Capital Bank,https://WWW.TRADITION.BANK,Wayzata,MN,$2.71B,Brad Losee,"EVP, Scottsdale Market President",https://www.tradition.bank/about/our-team
58057,Tradition Capital Bank,https://WWW.TRADITION.BANK,Wayzata,MN,$2.71B,Michael Richter,"AVP, Portfolio Manager",https://www.tradition.bank/about/our-team
58057,Tradition Capital Bank,https://WWW.TRADITION.BANK,Wayzata,MN,$2.71B,Susana Crane,Relationship Officer,https://www.tradition.bank/about/our-team
58057,Tradition Capital Bank,https://WWW.TRADITION.BANK,Wayzata,MN,$2.71B,Ted Becker,"AVP, Treasury Management Advisor",https://www.tradition.bank/about/our-team
58057,Tradition Capital Bank,https://WWW.TRADITION.BANK,Wayzata,MN,$2.71B,Angie Eckley,"VP, Treasury Management Officer",https://www.tradition.bank/about/our-team
58057,Tradition Capital Bank,https://WWW.TRADITION.BANK,Wayzata,MN,$2.71B,Rachit Patel,"VP, Treasury Management Officer",https://www.tradition.bank/about/our-team
597,Chemung Canal Trust Company,https://WWW.CHEMUNGCANAL.COM,Elmira,NY,$2.70B,"Mark Lasch, CTFA",Sr. Vice President / Regional Wealth Management Group Executive – Capital,https://www.chemungcanal.com/team
597,Chemung Canal Trust Company,https://WWW.CHEMUNGCANAL.COM,Elmira,NY,$2.70B,"J. Edmond Morton, IV, CTFA",Sr. Vice President / Regional Wealth Management Group Executive – Binghamton,https://www.chemungcanal.com/team
597,Chemung Canal Trust Company,https://WWW.CHEMUNGCANAL.COM,Elmira,NY,$2.70B,"Peter Capozzola, CFA",Vice President / Senior Investment Officer,https://www.chemungcanal.com/team
597,Chemung Canal Trust Company,https://WWW.CHEMUNGCANAL.COM,Elmira,NY,$2.70B,"Michael D. Blatt, CFA, CMT",Vice President / Sr. Investment Officer,https://www.chemungcanal.com/team
597,Chemung Canal Trust Company,https://WWW.CHEMUNGCANAL.COM,Elmira,NY,$2.70B,"Shelby M. Fay, CFA, CFP®",Senior Vice President / Chief Investment Officer,https://www.chemungcanal.com/team
597,Chemung Canal Trust Company,https://WWW.CHEMUNGCANAL.COM,Elmira,NY,$2.70B,Joseph J. Tascone,Senior Vice President / Senior Investment Officer,https://www.chemungcanal.com/team
597,Chemung Canal Trust Company,https://WWW.CHEMUNGCANAL.COM,Elmira,NY,$2.70B,"Nathan Gage, AIF®, QKC, QKA®",Vice President / Retirement Services Manager,https://www.chemungcanal.com/team
597,Chemung Canal Trust Company,https://WWW.CHEMUNGCANAL.COM,Elmira,NY,$2.70B,Kevin W. Brimmer,Vice President / Retirement Plan Advisor,https://www.chemungcanal.com/team
597,Chemung Canal Trust Company,https://WWW.CHEMUNGCANAL.COM,Elmira,NY,$2.70B,"Sara Soprano, QKA®, QKS™",Asst. Vice President / Senior Retirement Plan Manager,https://www.chemungcanal.com/team
597,Chemung Canal Trust Company,https://WWW.CHEMUNGCANAL.COM,Elmira,NY,$2.70B,"Lauren Zell, CPC, QPA, CEBS",Asst. Vice President / Sr. Retirement Plan Manager,https://www.chemungcanal.com/team
597,Chemung Canal Trust Company,https://WWW.CHEMUNGCANAL.COM,Elmira,NY,$2.70B,Catherine B. Crandall,Sr. Vice President / Sr. Trust Officer,https://www.chemungcanal.com/team
597,Chemung Canal Trust Company,https://WWW.CHEMUNGCANAL.COM,Elmira,NY,$2.70B,"Michael L. Hart, CTFA",Vice President / Sr. Relationship Manager,https://www.chemungcanal.com/team
597,Chemung Canal Trust Company,https://WWW.CHEMUNGCANAL.COM,Elmira,NY,$2.70B,Gregory Stewart,Vice President / Sr. Relationship Manager,https://www.chemungcanal.com/team
597,Chemung Canal Trust Company,https://WWW.CHEMUNGCANAL.COM,Elmira,NY,$2.70B,"Austin Farrell, CTFA",Asst. Vice President / Relationship Manager,https://www.chemungcanal.com/team
597,Chemung Canal Trust Company,https://WWW.CHEMUNGCANAL.COM,Elmira,NY,$2.70B,Andrea McClure,Asst. Vice President / Manager of Tax Services,https://www.chemungcanal.com/team
597,Chemung Canal Trust Company,https://WWW.CHEMUNGCANAL.COM,Elmira,NY,$2.70B,Connie Sibrava,Asst. Vice President / Relationship Manager,https://www.chemungcanal.com/team
597,Chemung Canal Trust Company,https://WWW.CHEMUNGCANAL.COM,Elmira,NY,$2.70B,"Heidi Wahl, CFP",Asst. Vice President / Relationship Manager,https://www.chemungcanal.com/team
597,Chemung Canal Trust Company,https://WWW.CHEMUNGCANAL.COM,Elmira,NY,$2.70B,Investor Relations,Cookie Policy,https://www.chemungcanal.com/team
19899,KS StateBank,http://ksstate.bank,Manhattan,KS,$2.68B,Checking the site connection security,This page requires cookies to be enabled in your browser settings. Please check this setting and enable cookies (if disabled),https://www.ksstate.bank/connect/about-us
57997,Bryant Bank,https://www.bryantbank.com,Tuscaloosa,AL,$2.68B,ABOUT US,Chairman Message,https://www.bryantbank.com/about
57997,Bryant Bank,https://www.bryantbank.com,Tuscaloosa,AL,$2.68B,Chairman Message,Chairman Message,https://www.bryantbank.com/about
4789,Emprise Bank,https://www.emprisebank.com,Wichita,KS,$2.68B,Matt Michaelis,Chairman of the Board – Chief Executive Officer,https://www.emprisebank.com/about/leadership
4789,Emprise Bank,https://www.emprisebank.com,Wichita,KS,$2.68B,Whitney Woyke,Executive Vice President – Consumer & Embedded Banking,https://www.emprisebank.com/about/leadership
4789,Emprise Bank,https://www.emprisebank.com,Wichita,KS,$2.68B,Jason Beckmann,"Executive Vice President – Commercial, Wealth & Technology",https://www.emprisebank.com/about/leadership
4789,Emprise Bank,https://www.emprisebank.com,Wichita,KS,$2.68B,Jessica Jones,Executive Vice President – People & Culture,https://www.emprisebank.com/about/leadership
4789,Emprise Bank,https://www.emprisebank.com,Wichita,KS,$2.68B,Sonja Theisen,Chief Financial Officer – Executive Vice President Risk & Operations,https://www.emprisebank.com/about/leadership
4789,Emprise Bank,https://www.emprisebank.com,Wichita,KS,$2.68B,M.D. Michaelis,Vice Chairman / Emprise Bank & President / Emprise Financial Corporation,https://www.emprisebank.com/about/leadership
4789,Emprise Bank,https://www.emprisebank.com,Wichita,KS,$2.68B,Mike Daood,"President / LodgeWorks Partners, L.P.",https://www.emprisebank.com/about/leadership
4789,Emprise Bank,https://www.emprisebank.com,Wichita,KS,$2.68B,Kaye Monk-Morgan,President & CEO / Kansas Leadership Center,https://www.emprisebank.com/about/leadership
4789,Emprise Bank,https://www.emprisebank.com,Wichita,KS,$2.68B,Derrick Nielsen,Chief Strategy and Revenue Officer / Envision,https://www.emprisebank.com/about/leadership
4789,Emprise Bank,https://www.emprisebank.com,Wichita,KS,$2.68B,Trish Minard,Retired Executive Vice President / Chief Financial Officer,https://www.emprisebank.com/about/leadership
12517,Bank Five Nine,https://WWW.BANKFIVENINE.COM,Oconomowoc,WI,$2.63B,SBA Preferred Lender,NMLS Directory,https://www.bankfivenine.com/about-us
57944,Open Bank,https://www.myopenbank.com,Los Angeles,CA,$2.61B,CRA Public File,"This website uses cookies and behavioral data for analytics, personalized content and to optimize your browsing experience.",https://www.myopenbank.com/about
19333,Republic Bank of Chicago,https://www.republicebank.com,Oak Brook,IL,$2.59B,Thomas Bugielski,President & CEO,https://www.republicebank.com/about/leadership
19333,Republic Bank of Chicago,https://www.republicebank.com,Oak Brook,IL,$2.59B,Philip Ordway,EVP/CFO,https://www.republicebank.com/about/leadership
19333,Republic Bank of Chicago,https://www.republicebank.com,Oak Brook,IL,$2.59B,Adam Brook,EVP/COO,https://www.republicebank.com/about/leadership
19333,Republic Bank of Chicago,https://www.republicebank.com,Oak Brook,IL,$2.59B,John F. Slade,EVP/CCO,https://www.republicebank.com/about/leadership
19333,Republic Bank of Chicago,https://www.republicebank.com,Oak Brook,IL,$2.59B,Mike Cherwin,EVP/CPO,https://www.republicebank.com/about/leadership
19333,Republic Bank of Chicago,https://www.republicebank.com,Oak Brook,IL,$2.59B,Madhu Reddy,EVP/CIO,https://www.republicebank.com/about/leadership
19333,Republic Bank of Chicago,https://www.republicebank.com,Oak Brook,IL,$2.59B,Steven Campanella,EVP/Retail Banking,https://www.republicebank.com/about/leadership
19333,Republic Bank of Chicago,https://www.republicebank.com,Oak Brook,IL,$2.59B,Joseph Haugh,"EVP/Director, Commercial Lending",https://www.republicebank.com/about/leadership
19333,Republic Bank of Chicago,https://www.republicebank.com,Oak Brook,IL,$2.59B,Jac Currie,"EVP/Director, Commercial Real Estate",https://www.republicebank.com/about/leadership
19333,Republic Bank of Chicago,https://www.republicebank.com,Oak Brook,IL,$2.59B,Robert Hanigan,EVP/Head of Specialty Lending,https://www.republicebank.com/about/leadership
57716,United Business Bank,http://www.unitedbusinessbank.com,Walnut Creek,CA,$2.59B,Contact Us,Directors,http://www.unitedbusinessbank.com/our-team
57449,Medallion Bank,https://www.medallionbank.com,Salt Lake City,UT,$2.58B,Recreation Dealers,Home Improvement Contractors,https://www.medallionbank.com/executive-team
57449,Medallion Bank,https://www.medallionbank.com,Salt Lake City,UT,$2.58B,Recreation Dealer,Home Improvement Contractor,https://www.medallionbank.com/executive-team
58291,CalPrivate Bank,https://www.calprivate.bank,La Jolla,CA,$2.58B,Job Openings,Board of Directors,https://www.calprivate.bank/about/leadership
58291,CalPrivate Bank,https://www.calprivate.bank,La Jolla,CA,$2.58B,Board of Directors,Directors & Leadership,https://www.calprivate.bank/about/leadership
58291,CalPrivate Bank,https://www.calprivate.bank,La Jolla,CA,$2.58B,Directors & Leadership,Directors & Leadership,https://www.calprivate.bank/about/leadership
3887,First National Bank,http://www.fnbank.net,Paragould,AR,$2.56B,Amanda Eaton,Mortgage President,https://www.fnbank.net/home/meet-our-lending-team
23620,Dedham Institution for Savings,https://www.dedhamsavings.com,Dedham,MA,$2.55B,Peter Brown,Chief Executive Officer,https://www.dedhamsavings.com/about/leadership
23620,Dedham Institution for Savings,https://www.dedhamsavings.com,Dedham,MA,$2.55B,Chief Executive Officer,Victoria Kane,https://www.dedhamsavings.com/about/leadership
23620,Dedham Institution for Savings,https://www.dedhamsavings.com,Dedham,MA,$2.55B,Victoria Kane,President & Chief People Officer,https://www.dedhamsavings.com/about/leadership
23620,Dedham Institution for Savings,https://www.dedhamsavings.com,Dedham,MA,$2.55B,Daniel Brennan,Chief Financial Officer,https://www.dedhamsavings.com/about/leadership
23620,Dedham Institution for Savings,https://www.dedhamsavings.com,Dedham,MA,$2.55B,Victoria Graves,Chief Information Officer,https://www.dedhamsavings.com/about/leadership
23620,Dedham Institution for Savings,https://www.dedhamsavings.com,Dedham,MA,$2.55B,John Huether,Chief Risk Officer,https://www.dedhamsavings.com/about/leadership
23620,Dedham Institution for Savings,https://www.dedhamsavings.com,Dedham,MA,$2.55B,Dan Picha,Chief Banking Operations Officer,https://www.dedhamsavings.com/about/leadership
23620,Dedham Institution for Savings,https://www.dedhamsavings.com,Dedham,MA,$2.55B,Liz Bissell,Executive Vice President | Chief Marketing Officer,https://www.dedhamsavings.com/about/leadership
23620,Dedham Institution for Savings,https://www.dedhamsavings.com,Dedham,MA,$2.55B,Laura W. Dorfman,Executive Vice President | Residential & Consumer Lending | NMLS #915580,https://www.dedhamsavings.com/about/leadership
23620,Dedham Institution for Savings,https://www.dedhamsavings.com,Dedham,MA,$2.55B,Douglas Shaw,Executive Vice President | Senior Lending Officer,https://www.dedhamsavings.com/about/leadership
23620,Dedham Institution for Savings,https://www.dedhamsavings.com,Dedham,MA,$2.55B,Executive Vice President,Chief Marketing Officer,https://www.dedhamsavings.com/about/leadership
57777,Meridian Bank,https://www.meridianbanker.com,Wayne,PA,$2.54B,Christopher J. Annas,"Founder, President, CEO, Chairman of the Board",https://www.meridianbanker.com/about/leadership
57777,Meridian Bank,https://www.meridianbanker.com,Wayne,PA,$2.54B,Denise Lindsay,"Executive Vice President, CFO, Director",https://www.meridianbanker.com/about/leadership
57777,Meridian Bank,https://www.meridianbanker.com,Wayne,PA,$2.54B,Robert M. Casciato,Director,https://www.meridianbanker.com/about/leadership
57777,Meridian Bank,https://www.meridianbanker.com,Wayne,PA,$2.54B,George C. Collier,Director,https://www.meridianbanker.com/about/leadership
57777,Meridian Bank,https://www.meridianbanker.com,Wayne,PA,$2.54B,Christine Helmig,Director,https://www.meridianbanker.com/about/leadership
57777,Meridian Bank,https://www.meridianbanker.com,Wayne,PA,$2.54B,Robert T. Holland,Director,https://www.meridianbanker.com/about/leadership
57777,Meridian Bank,https://www.meridianbanker.com,Wayne,PA,$2.54B,Edward J. Hollin,Director,https://www.meridianbanker.com/about/leadership
57777,Meridian Bank,https://www.meridianbanker.com,Wayne,PA,$2.54B,Anthony M. Imbesi,Director,https://www.meridianbanker.com/about/leadership
57777,Meridian Bank,https://www.meridianbanker.com,Wayne,PA,$2.54B,Executive Vice President,"CFO, Director",https://www.meridianbanker.com/about/leadership
22334,One Community Bank,http://www.onecommunity.bank,Oregon,WI,$2.53B,Steve Peotter,PRESIDENT & CHIEF EXECUTIVE OFFICER,http://www.onecommunity.bank/about/our-team
22334,One Community Bank,http://www.onecommunity.bank,Oregon,WI,$2.53B,William Bosshard,PRESIDENT,http://www.onecommunity.bank/about/our-team
22334,One Community Bank,http://www.onecommunity.bank,Oregon,WI,$2.53B,Martin Hillert,RETIRED CEO,http://www.onecommunity.bank/about/our-team
22334,One Community Bank,http://www.onecommunity.bank,Oregon,WI,$2.53B,RETIRED CEO,ADAMS COLUMBIA ELECTRIC COOPERATIVE,http://www.onecommunity.bank/about/our-team
22334,One Community Bank,http://www.onecommunity.bank,Oregon,WI,$2.53B,BOARD MEMBER,FORMER PRESIDENT,http://www.onecommunity.bank/about/our-team
22334,One Community Bank,http://www.onecommunity.bank,Oregon,WI,$2.53B,ALL COLOR POWDER COATING,Mike Victorson,http://www.onecommunity.bank/about/our-team
22334,One Community Bank,http://www.onecommunity.bank,Oregon,WI,$2.53B,Mike Victorson,CEO,http://www.onecommunity.bank/about/our-team
22334,One Community Bank,http://www.onecommunity.bank,Oregon,WI,$2.53B,Mark Barberino,EXECUTIVE VICE PRESIDENT & CHIEF CREDIT OFFICER,http://www.onecommunity.bank/about/our-team
22334,One Community Bank,http://www.onecommunity.bank,Oregon,WI,$2.53B,Dan Carey,EXECUTIVE VICE PRESIDENT & CHIEF COMMERCIAL OFFICER,http://www.onecommunity.bank/about/our-team
22334,One Community Bank,http://www.onecommunity.bank,Oregon,WI,$2.53B,Liz Deihs,EXECUTIVE VICE PRESIDENT & CHIEF EXPERIENCE OFFICER,http://www.onecommunity.bank/about/our-team
22334,One Community Bank,http://www.onecommunity.bank,Oregon,WI,$2.53B,Shelley Edgington,SVP CLIENT EXPERIENCE OPERATIONS,http://www.onecommunity.bank/about/our-team
22334,One Community Bank,http://www.onecommunity.bank,Oregon,WI,$2.53B,Shauna Gnorski,EXECUTIVE VICE PRESIDENT & CHIEF FINANCIAL OFFICER,http://www.onecommunity.bank/about/our-team
22334,One Community Bank,http://www.onecommunity.bank,Oregon,WI,$2.53B,Brian O’Handley,SVP - HEAD OF MORTGAGE AND CONSUMER LENDING,http://www.onecommunity.bank/about/our-team
22334,One Community Bank,http://www.onecommunity.bank,Oregon,WI,$2.53B,Holly Heuer,CHIEF TALENT OFFICER,http://www.onecommunity.bank/about/our-team
22334,One Community Bank,http://www.onecommunity.bank,Oregon,WI,$2.53B,Carol Jefferies,REGIONAL PRESIDENT,http://www.onecommunity.bank/about/our-team
22334,One Community Bank,http://www.onecommunity.bank,Oregon,WI,$2.53B,Dan Lentz,SVP FACILITIES MANAGEMENT & SPECIAL PROJECTS,http://www.onecommunity.bank/about/our-team
22334,One Community Bank,http://www.onecommunity.bank,Oregon,WI,$2.53B,Jami Noyes,CHIEF RISK OFFICER,http://www.onecommunity.bank/about/our-team
22334,One Community Bank,http://www.onecommunity.bank,Oregon,WI,$2.53B,Chris Pfender,REGIONAL PRESIDENT,http://www.onecommunity.bank/about/our-team
22334,One Community Bank,http://www.onecommunity.bank,Oregon,WI,$2.53B,Jonathan Schalow,SVP CLIENT EXPERIENCE,http://www.onecommunity.bank/about/our-team
22334,One Community Bank,http://www.onecommunity.bank,Oregon,WI,$2.53B,Mike Tallman,CHIEF TECHNOLOGY OFFICER,http://www.onecommunity.bank/about/our-team
22334,One Community Bank,http://www.onecommunity.bank,Oregon,WI,$2.53B,Jeff Versluys,EXECUTIVE VICE PRESIDENT & CHIEF STRATEGY OFFICER,http://www.onecommunity.bank/about/our-team
5551,"Extraco Banks, National Association",https://www.extracobanks.com,Temple,TX,$2.52B,Accept All,Reject All Cookies,https://www.extracobanks.com/about/leadership
24516,Interaudi Bank,https://www.interaudibank.com,New York,NY,$2.50B,Joseph G. Audi,"Chairman, Interaudi Bank",https://www.interaudibank.com/about-us
24516,Interaudi Bank,https://www.interaudibank.com,New York,NY,$2.50B,George Audi,"CEO, Interaudi Bank",https://www.interaudibank.com/about-us
24516,Interaudi Bank,https://www.interaudibank.com,New York,NY,$2.50B,Richard Burns,"Executive Chairman, ISS Corporation",https://www.interaudibank.com/about-us
24516,Interaudi Bank,https://www.interaudibank.com,New York,NY,$2.50B,Patricia Hayes Cole,"Executive Managing Director,  Corcoran Sunshine Marketing Group",https://www.interaudibank.com/about-us
24516,Interaudi Bank,https://www.interaudibank.com,New York,NY,$2.50B,Wael Khoury,"Chairman, ACWa Services Ltd.",https://www.interaudibank.com/about-us
24516,Interaudi Bank,https://www.interaudibank.com,New York,NY,$2.50B,Attorney at Law,"Former Director, Citigroup",https://www.interaudibank.com/about-us
24516,Interaudi Bank,https://www.interaudibank.com,New York,NY,$2.50B,"Former Director, Citigroup","Former Sr. Vice President, Bank of America",https://www.interaudibank.com/about-us
24516,Interaudi Bank,https://www.interaudibank.com,New York,NY,$2.50B,Andrew Panzures,"Former Managing Director, JP Morgan",https://www.interaudibank.com/about-us
24516,Interaudi Bank,https://www.interaudibank.com,New York,NY,$2.50B,Demir Sabanci,"President, Sedesco Inc.",https://www.interaudibank.com/about-us
24516,Interaudi Bank,https://www.interaudibank.com,New York,NY,$2.50B,Raymond Debbane,Honorary Advisory Director,https://www.interaudibank.com/about-us
24516,Interaudi Bank,https://www.interaudibank.com,New York,NY,$2.50B,Honorary Advisory Director,"Founder and CEO, The Invus Group",https://www.interaudibank.com/about-us
24516,Interaudi Bank,https://www.interaudibank.com,New York,NY,$2.50B,Louis E. Lataif,Honorary Advisory Director,https://www.interaudibank.com/about-us
57701,"Beverly Bank & Trust Company, National Association",https://www.thebeverlybank.com,Chicago,IL,$2.50B,Dennis O’Malley,VICE CHAIRMAN,https://www.thebeverlybank.com/about-your-bank/connect-with-us/findus.html
57701,"Beverly Bank & Trust Company, National Association",https://www.thebeverlybank.com,Chicago,IL,$2.50B,William Cordes,CEO,https://www.thebeverlybank.com/about-your-bank/connect-with-us/findus.html
57701,"Beverly Bank & Trust Company, National Association",https://www.thebeverlybank.com,Chicago,IL,$2.50B,Michael Harris,PRESIDENT,https://www.thebeverlybank.com/about-your-bank/connect-with-us/findus.html
57701,"Beverly Bank & Trust Company, National Association",https://www.thebeverlybank.com,Chicago,IL,$2.50B,Cheyenita Allen,VP BUSINESS RELATIONSHIP MANAGER,https://www.thebeverlybank.com/about-your-bank/connect-with-us/findus.html
30953,"El Dorado Savings Bank, F.S.B.",http://www.eldoradosavingsbank.com,Placerville,CA,$2.48B,David O. Cook,President & Chief Executive Officer,http://www.eldoradosavingsbank.com/about-us/leadership
35274,"Blue Ridge Bank,  National Association",https://www.mybrb.com,Martinsville,VA,$2.48B,"G. William (""Billy"") Beale",Chief Executive Officer,https://www.mybrb.com/about
35274,"Blue Ridge Bank,  National Association",https://www.mybrb.com,Martinsville,VA,$2.48B,Judy C. Gavant,President & Chief Financial Officer,https://www.mybrb.com/about
35274,"Blue Ridge Bank,  National Association",https://www.mybrb.com,Martinsville,VA,$2.48B,Dean Brown,"EVP, Chief Operations and Technology Officer",https://www.mybrb.com/about
35274,"Blue Ridge Bank,  National Association",https://www.mybrb.com,Martinsville,VA,$2.48B,Harry Golliday,Chief Credit Officer,https://www.mybrb.com/about
35274,"Blue Ridge Bank,  National Association",https://www.mybrb.com,Martinsville,VA,$2.48B,Loreen Lagatta,"EVP, Chief Human Resources Officer",https://www.mybrb.com/about
35274,"Blue Ridge Bank,  National Association",https://www.mybrb.com,Martinsville,VA,$2.48B,Grace Vallacchi,Chief Risk Officer,https://www.mybrb.com/about
19559,TexasBank,https://www.texasbank.com,Brownwood,TX,$2.45B,Mona Andrus,"VP, Mortgage Loan Officer",https://www.texasbank.com/mortgage/meet-our-mortgage-team
19559,TexasBank,https://www.texasbank.com,Brownwood,TX,$2.45B,George Azpiri,Mortgage Loan Officer,https://www.texasbank.com/mortgage/meet-our-mortgage-team
19559,TexasBank,https://www.texasbank.com,Brownwood,TX,$2.45B,Annabelle Borrero,Mortgage Loan Officer,https://www.texasbank.com/mortgage/meet-our-mortgage-team
19559,TexasBank,https://www.texasbank.com,Brownwood,TX,$2.45B,William Brewer,"AVP, Mortgage Loan Officer",https://www.texasbank.com/mortgage/meet-our-mortgage-team
19559,TexasBank,https://www.texasbank.com,Brownwood,TX,$2.45B,Tracy Byrom,"AVP, Mortgage Loan Officer",https://www.texasbank.com/mortgage/meet-our-mortgage-team
19559,TexasBank,https://www.texasbank.com,Brownwood,TX,$2.45B,Ray Garza,"SVP, Mortgage Loan Officer",https://www.texasbank.com/mortgage/meet-our-mortgage-team
19559,TexasBank,https://www.texasbank.com,Brownwood,TX,$2.45B,Diego Giraldo,"VP, Mortgage Loan Officer",https://www.texasbank.com/mortgage/meet-our-mortgage-team
19559,TexasBank,https://www.texasbank.com,Brownwood,TX,$2.45B,Iveth Guzman,"AVP, Mortgage Loan Officer",https://www.texasbank.com/mortgage/meet-our-mortgage-team
19559,TexasBank,https://www.texasbank.com,Brownwood,TX,$2.45B,Renessa Knowles,"AVP, Mortgage Loan Officer",https://www.texasbank.com/mortgage/meet-our-mortgage-team
19559,TexasBank,https://www.texasbank.com,Brownwood,TX,$2.45B,Misti Lightfoot,Mortgage Loan Officer,https://www.texasbank.com/mortgage/meet-our-mortgage-team
19559,TexasBank,https://www.texasbank.com,Brownwood,TX,$2.45B,Carmen Lupercio,"AVP, Mortgage Loan Officer",https://www.texasbank.com/mortgage/meet-our-mortgage-team
19559,TexasBank,https://www.texasbank.com,Brownwood,TX,$2.45B,Carolina Moreno,"VP, Mortgage Loan Officer",https://www.texasbank.com/mortgage/meet-our-mortgage-team
19559,TexasBank,https://www.texasbank.com,Brownwood,TX,$2.45B,Brian Pound,"AVP, Mortgage Loan Officer",https://www.texasbank.com/mortgage/meet-our-mortgage-team
19559,TexasBank,https://www.texasbank.com,Brownwood,TX,$2.45B,Kelli Raymond,"VP, Mortgage Loan Officer",https://www.texasbank.com/mortgage/meet-our-mortgage-team
19559,TexasBank,https://www.texasbank.com,Brownwood,TX,$2.45B,Gabe Reyes,"AVP, Mortgage Loan Officer",https://www.texasbank.com/mortgage/meet-our-mortgage-team
19559,TexasBank,https://www.texasbank.com,Brownwood,TX,$2.45B,Dina Robles,"VP, Mortgage Loan Officer",https://www.texasbank.com/mortgage/meet-our-mortgage-team
19559,TexasBank,https://www.texasbank.com,Brownwood,TX,$2.45B,Lisa Lockwood,"SVP, Mortgage Production Manager",https://www.texasbank.com/mortgage/meet-our-mortgage-team
19559,TexasBank,https://www.texasbank.com,Brownwood,TX,$2.45B,I Understand,Manage Cookie Preferences,https://www.texasbank.com/mortgage/meet-our-mortgage-team
19559,TexasBank,https://www.texasbank.com,Brownwood,TX,$2.45B,Melissa Barrientos,"VP, Market Manager",https://www.texasbank.com/mortgage/meet-our-mortgage-team
19559,TexasBank,https://www.texasbank.com,Brownwood,TX,$2.45B,Nate Bayless,Decatur Market President,https://www.texasbank.com/mortgage/meet-our-mortgage-team
19559,TexasBank,https://www.texasbank.com,Brownwood,TX,$2.45B,Lin Bearden,"Chief Lending Officer, Parker County Market President",https://www.texasbank.com/mortgage/meet-our-mortgage-team
19559,TexasBank,https://www.texasbank.com,Brownwood,TX,$2.45B,John Belcher,"SVP, Commercial Lending",https://www.texasbank.com/mortgage/meet-our-mortgage-team
19559,TexasBank,https://www.texasbank.com,Brownwood,TX,$2.45B,Liz Brown,"EVP, Community Relations",https://www.texasbank.com/mortgage/meet-our-mortgage-team
19559,TexasBank,https://www.texasbank.com,Brownwood,TX,$2.45B,Janna Brown,"AVP, Branch Manager",https://www.texasbank.com/mortgage/meet-our-mortgage-team
19559,TexasBank,https://www.texasbank.com,Brownwood,TX,$2.45B,Mattie Byler,"AVP, Branch Manager, Loan Officer",https://www.texasbank.com/mortgage/meet-our-mortgage-team
19559,TexasBank,https://www.texasbank.com,Brownwood,TX,$2.45B,L.V. Coffee,Central Texas Regional President,https://www.texasbank.com/mortgage/meet-our-mortgage-team
19559,TexasBank,https://www.texasbank.com,Brownwood,TX,$2.45B,Eastland | Stephenville,Doyle Cooper,https://www.texasbank.com/mortgage/meet-our-mortgage-team
19559,TexasBank,https://www.texasbank.com,Brownwood,TX,$2.45B,Doyle Cooper,"SVP, Commercial Lending",https://www.texasbank.com/mortgage/meet-our-mortgage-team
19559,TexasBank,https://www.texasbank.com,Brownwood,TX,$2.45B,Cory Crenshaw,"SVP, Commercial Lending",https://www.texasbank.com/mortgage/meet-our-mortgage-team
19559,TexasBank,https://www.texasbank.com,Brownwood,TX,$2.45B,Jarrod Dickey,"SVP, Commercial Lending",https://www.texasbank.com/mortgage/meet-our-mortgage-team
19559,TexasBank,https://www.texasbank.com,Brownwood,TX,$2.45B,Tim Espinoza,Brown County Market President,https://www.texasbank.com/mortgage/meet-our-mortgage-team
19559,TexasBank,https://www.texasbank.com,Brownwood,TX,$2.45B,Kelsey Goates,"VP, Market Manager",https://www.texasbank.com/mortgage/meet-our-mortgage-team
19559,TexasBank,https://www.texasbank.com,Brownwood,TX,$2.45B,Rita Hairston,"VP, Branch Manager, Loan Officer",https://www.texasbank.com/mortgage/meet-our-mortgage-team
19559,TexasBank,https://www.texasbank.com,Brownwood,TX,$2.45B,Ann Herkenhoff,"President, El Paso Market",https://www.texasbank.com/mortgage/meet-our-mortgage-team
19559,TexasBank,https://www.texasbank.com,Brownwood,TX,$2.45B,Kim Laws,"VP, Commercial Lending, Lobby Manager",https://www.texasbank.com/mortgage/meet-our-mortgage-team
19559,TexasBank,https://www.texasbank.com,Brownwood,TX,$2.45B,Bruce Leib,Dallas Market President,https://www.texasbank.com/mortgage/meet-our-mortgage-team
19559,TexasBank,https://www.texasbank.com,Brownwood,TX,$2.45B,Debra Meador,VP Retail Market Manager,https://www.texasbank.com/mortgage/meet-our-mortgage-team
19559,TexasBank,https://www.texasbank.com,Brownwood,TX,$2.45B,Trey Miller,"SVP, Commercial Lending",https://www.texasbank.com/mortgage/meet-our-mortgage-team
19559,TexasBank,https://www.texasbank.com,Brownwood,TX,$2.45B,Tim Mitchell,"VP, Parker County Market Manager",https://www.texasbank.com/mortgage/meet-our-mortgage-team
19559,TexasBank,https://www.texasbank.com,Brownwood,TX,$2.45B,David Milhollon,"SVP, Commercial Lending",https://www.texasbank.com/mortgage/meet-our-mortgage-team
19559,TexasBank,https://www.texasbank.com,Brownwood,TX,$2.45B,John Patterson,"SVP, Commercial Lending",https://www.texasbank.com/mortgage/meet-our-mortgage-team
19559,TexasBank,https://www.texasbank.com,Brownwood,TX,$2.45B,Christina Roethlisberger,"AVP, Branch Manager",https://www.texasbank.com/mortgage/meet-our-mortgage-team
19559,TexasBank,https://www.texasbank.com,Brownwood,TX,$2.45B,Andrew Rottner,"President, Wise County Market",https://www.texasbank.com/mortgage/meet-our-mortgage-team
19559,TexasBank,https://www.texasbank.com,Brownwood,TX,$2.45B,Juvenal Sierra,"President, Comanche Market",https://www.texasbank.com/mortgage/meet-our-mortgage-team
19559,TexasBank,https://www.texasbank.com,Brownwood,TX,$2.45B,Cee Yager,Tarrant County President,https://www.texasbank.com/mortgage/meet-our-mortgage-team
19559,TexasBank,https://www.texasbank.com,Brownwood,TX,$2.45B,Chief Lending Officer,Parker County Market President,https://www.texasbank.com/mortgage/meet-our-mortgage-team
58892,Guaranty Bank,https://www.gbankmo.com,Springfield,MO,$2.45B,Community Impact,Board of Directors,https://www.gbankmo.com/about
34908,Cogent Bank,https://WWW.cogentbank.net,Orlando,FL,$2.42B,Keith Felton,"SVP, Private Banking Relationship Manager",https://cogentbank.com/business-banking/treasury-management/
34908,Cogent Bank,https://WWW.cogentbank.net,Orlando,FL,$2.42B,Jessica Fontana,"SVP, Private Banking Relationship Manager",https://cogentbank.com/business-banking/treasury-management/
14521,Bank Iowa,https://www.bankiowa.bank,West Des Moines,IA,$2.40B,Jim Plagge,President & CEO,https://www.bankiowa.bank/about-us/leadership
14521,Bank Iowa,https://www.bankiowa.bank,West Des Moines,IA,$2.40B,Dustin Caldwell,IT Director,https://www.bankiowa.bank/about-us/leadership
14521,Bank Iowa,https://www.bankiowa.bank,West Des Moines,IA,$2.40B,Brian Carolan,Regional President,https://www.bankiowa.bank/about-us/leadership
14521,Bank Iowa,https://www.bankiowa.bank,West Des Moines,IA,$2.40B,Dan Comer,Regional President,https://www.bankiowa.bank/about-us/leadership
14521,Bank Iowa,https://www.bankiowa.bank,West Des Moines,IA,$2.40B,Rich Davitt,Chief Credit Officer,https://www.bankiowa.bank/about-us/leadership
14521,Bank Iowa,https://www.bankiowa.bank,West Des Moines,IA,$2.40B,James Feudner,Regional President,https://www.bankiowa.bank/about-us/leadership
14521,Bank Iowa,https://www.bankiowa.bank,West Des Moines,IA,$2.40B,Jessica Ferin,Operations Director,https://www.bankiowa.bank/about-us/leadership
14521,Bank Iowa,https://www.bankiowa.bank,West Des Moines,IA,$2.40B,Josh Fleming,Marketing Director,https://www.bankiowa.bank/about-us/leadership
14521,Bank Iowa,https://www.bankiowa.bank,West Des Moines,IA,$2.40B,Angie Frerk,Community Bank President,https://www.bankiowa.bank/about-us/leadership
14521,Bank Iowa,https://www.bankiowa.bank,West Des Moines,IA,$2.40B,Nick Griffin,Director of Ag & Commercial Lending,https://www.bankiowa.bank/about-us/leadership
14521,Bank Iowa,https://www.bankiowa.bank,West Des Moines,IA,$2.40B,Scott Hansen,Internal Audit Director,https://www.bankiowa.bank/about-us/leadership
14521,Bank Iowa,https://www.bankiowa.bank,West Des Moines,IA,$2.40B,Ryan Huinker,Chief Financial Officer,https://www.bankiowa.bank/about-us/leadership
14521,Bank Iowa,https://www.bankiowa.bank,West Des Moines,IA,$2.40B,Tanya Johnson,Compliance & Risk Director,https://www.bankiowa.bank/about-us/leadership
14521,Bank Iowa,https://www.bankiowa.bank,West Des Moines,IA,$2.40B,Chad Leighty,Community Bank President,https://www.bankiowa.bank/about-us/leadership
14521,Bank Iowa,https://www.bankiowa.bank,West Des Moines,IA,$2.40B,Trisha Menke,Retail Banking Director,https://www.bankiowa.bank/about-us/leadership
14521,Bank Iowa,https://www.bankiowa.bank,West Des Moines,IA,$2.40B,John Rathjen,Regional President,https://www.bankiowa.bank/about-us/leadership
14521,Bank Iowa,https://www.bankiowa.bank,West Des Moines,IA,$2.40B,Jon Sarvis,Chief Banking Officer,https://www.bankiowa.bank/about-us/leadership
14521,Bank Iowa,https://www.bankiowa.bank,West Des Moines,IA,$2.40B,Jill Shedek,Human Resources Director,https://www.bankiowa.bank/about-us/leadership
14521,Bank Iowa,https://www.bankiowa.bank,West Des Moines,IA,$2.40B,Todd Smith,"Senior Director, Consumer Finance",https://www.bankiowa.bank/about-us/leadership
14521,Bank Iowa,https://www.bankiowa.bank,West Des Moines,IA,$2.40B,Amber Weger,"Vice President, Treasury Management",https://www.bankiowa.bank/about-us/leadership
14521,Bank Iowa,https://www.bankiowa.bank,West Des Moines,IA,$2.40B,About Us,Bank Iowa Board of Directors,https://www.bankiowa.bank/about-us/leadership
14521,Bank Iowa,https://www.bankiowa.bank,West Des Moines,IA,$2.40B,Robert Duncan,"Chairman Emeritus, Duncan Aviation & Bank Iowa Co-Founder",https://www.bankiowa.bank/about-us/leadership
14521,Bank Iowa,https://www.bankiowa.bank,West Des Moines,IA,$2.40B,Michael Wilson,"Retired President & CEO, Federal Home Loan Bank of Des Moines",https://www.bankiowa.bank/about-us/leadership
14521,Bank Iowa,https://www.bankiowa.bank,West Des Moines,IA,$2.40B,John Hartford,Retired Bank Iowa Chief Lending Officer,https://www.bankiowa.bank/about-us/leadership
14521,Bank Iowa,https://www.bankiowa.bank,West Des Moines,IA,$2.40B,Craig Hill,Retired CEO/Farmer,https://www.bankiowa.bank/about-us/leadership
14521,Bank Iowa,https://www.bankiowa.bank,West Des Moines,IA,$2.40B,Chris Minor,President & CEO SmartStory Technologies,https://www.bankiowa.bank/about-us/leadership
14521,Bank Iowa,https://www.bankiowa.bank,West Des Moines,IA,$2.40B,Matthew Sells,"President & CEO, Shenandoah Medical Center",https://www.bankiowa.bank/about-us/leadership
14521,Bank Iowa,https://www.bankiowa.bank,West Des Moines,IA,$2.40B,Megan Milligan,"President, Anawim Housing",https://www.bankiowa.bank/about-us/leadership
9123,Western State Bank,https://www.westernbanks.com,Devils Lake,ND,$2.40B,Alison Abramson,Senior Vice President/Commercial Banking Officer,https://www.westernbanks.com/our-team
9123,Western State Bank,https://www.westernbanks.com,Devils Lake,ND,$2.40B,Cameron Avelsgard,Assistant Vice President/Business Banking Officer,https://www.westernbanks.com/our-team
9123,Western State Bank,https://www.westernbanks.com,Devils Lake,ND,$2.40B,Alice Borge,Personal Banker/Good Neighbor Club Director,https://www.westernbanks.com/our-team
9123,Western State Bank,https://www.westernbanks.com,Devils Lake,ND,$2.40B,Kim Bossert,Senior Vice President/ND Mortgage Production Manager,https://www.westernbanks.com/our-team
9123,Western State Bank,https://www.westernbanks.com,Devils Lake,ND,$2.40B,Danny Burrell,Senior Vice President/Commercial Banking Officer,https://www.westernbanks.com/our-team
2711,"Traditional Bank, Inc.",https://www.traditionalbank.com,Mount Sterling,KY,$2.39B,Anthony C. Baker,Chief Executive Officer,https://www.traditionalbank.com/about-us/leadership
2711,"Traditional Bank, Inc.",https://www.traditionalbank.com,Mount Sterling,KY,$2.39B,Dan Mason,President,https://www.traditionalbank.com/about-us/leadership
2711,"Traditional Bank, Inc.",https://www.traditionalbank.com,Mount Sterling,KY,$2.39B,Kim Thiel,Chief Credit Officer,https://www.traditionalbank.com/about-us/leadership
2711,"Traditional Bank, Inc.",https://www.traditionalbank.com,Mount Sterling,KY,$2.39B,Chas Sargent,Chief Financial Officer,https://www.traditionalbank.com/about-us/leadership
2711,"Traditional Bank, Inc.",https://www.traditionalbank.com,Mount Sterling,KY,$2.39B,Buddy Schneider,Chief Lending Officer,https://www.traditionalbank.com/about-us/leadership
2711,"Traditional Bank, Inc.",https://www.traditionalbank.com,Mount Sterling,KY,$2.39B,Dana Adamson,Chief Marketing Development Officer,https://www.traditionalbank.com/about-us/leadership
2711,"Traditional Bank, Inc.",https://www.traditionalbank.com,Mount Sterling,KY,$2.39B,Asa McCracken,Chief Operating Officer,https://www.traditionalbank.com/about-us/leadership
2711,"Traditional Bank, Inc.",https://www.traditionalbank.com,Mount Sterling,KY,$2.39B,Laura Fraley,Chief Risk Officer,https://www.traditionalbank.com/about-us/leadership
2711,"Traditional Bank, Inc.",https://www.traditionalbank.com,Mount Sterling,KY,$2.39B,Chief Risk Officer,Board of Directors,https://www.traditionalbank.com/about-us/leadership
2711,"Traditional Bank, Inc.",https://www.traditionalbank.com,Mount Sterling,KY,$2.39B,Board of Directors,"Anthony C. Baker, Chairman",https://www.traditionalbank.com/about-us/leadership
5744,"State Bank of the Lakes, National Association",https://www.sbotl.com,Antioch,IL,$2.39B,Mike Deney,PRESIDENT & CEO,https://www.sbotl.com/about-your-bank/connect-with-us/findus.html
5744,"State Bank of the Lakes, National Association",https://www.sbotl.com,Antioch,IL,$2.39B,William Battistone,EXECUTIVE VICE PRESIDENT & CHIEF CREDIT OFFICER,https://www.sbotl.com/about-your-bank/connect-with-us/findus.html
5744,"State Bank of the Lakes, National Association",https://www.sbotl.com,Antioch,IL,$2.39B,Tom Mahoney,MARKET PRESIDENT - KENOSHA,https://www.sbotl.com/about-your-bank/connect-with-us/findus.html
5744,"State Bank of the Lakes, National Association",https://www.sbotl.com,Antioch,IL,$2.39B,Jennifer W. Olsen,SENIOR VICE PRESIDENT & HEAD OF RETAIL,https://www.sbotl.com/about-your-bank/connect-with-us/findus.html
57103,"Schaumburg Bank & Trust Company, National Association",https://www.bankschaumburg.com,Schaumburg,IL,$2.38B,Ursula Moncau,CEO,https://www.bankschaumburg.com/about-your-bank/connect-with-us/findus.html
57103,"Schaumburg Bank & Trust Company, National Association",https://www.bankschaumburg.com,Schaumburg,IL,$2.38B,Caterina Aiello,SENIOR VICE PRESIDENT & HEAD OF RETAIL,https://www.bankschaumburg.com/about-your-bank/connect-with-us/findus.html
57103,"Schaumburg Bank & Trust Company, National Association",https://www.bankschaumburg.com,Schaumburg,IL,$2.38B,Anthony Kandah,VICE PRESIDENT/AREA BRANCH MANAGER,https://www.bankschaumburg.com/about-your-bank/connect-with-us/findus.html
57103,"Schaumburg Bank & Trust Company, National Association",https://www.bankschaumburg.com,Schaumburg,IL,$2.38B,Raul Diaz,VICE PRESIDENT/SMALL BUSINESS BANKING,https://www.bankschaumburg.com/about-your-bank/connect-with-us/findus.html
3256,"Horizon Bank, SSB",https://www.horizon.bank,Austin,TX,$2.38B,James Dyess,Chief Executive Officer,https://www.horizon.bank/about/leadership
3256,"Horizon Bank, SSB",https://www.horizon.bank,Austin,TX,$2.38B,Kristen Villas,Chief Operating Officer,https://www.horizon.bank/about/leadership
3256,"Horizon Bank, SSB",https://www.horizon.bank,Austin,TX,$2.38B,Wade Miller,Chief Financial Officer,https://www.horizon.bank/about/leadership
3256,"Horizon Bank, SSB",https://www.horizon.bank,Austin,TX,$2.38B,Jeff O'Jibway,Chief Lending Officer,https://www.horizon.bank/about/leadership
3256,"Horizon Bank, SSB",https://www.horizon.bank,Austin,TX,$2.38B,Ramona Anderson,Executive Vice President of Compliance & Chief Risk Officer,https://www.horizon.bank/about/leadership
3256,"Horizon Bank, SSB",https://www.horizon.bank,Austin,TX,$2.38B,Will Pascarella,Chief Technology Officer,https://www.horizon.bank/about/leadership
3256,"Horizon Bank, SSB",https://www.horizon.bank,Austin,TX,$2.38B,Chris Whitaker,Senior Vice President of Real Estate & Mortgage Lending,https://www.horizon.bank/about/leadership
3256,"Horizon Bank, SSB",https://www.horizon.bank,Austin,TX,$2.38B,Kelli Raymond,Senior Vice President Human Resources,https://www.horizon.bank/about/leadership
3256,"Horizon Bank, SSB",https://www.horizon.bank,Austin,TX,$2.38B,Michael Henderson,Chief Information Security Officer,https://www.horizon.bank/about/leadership
57095,Dogwood State Bank,https://www.dogwoodstatebank.com,Raleigh,NC,$2.36B,Dual Control Approval Levels,Multi-Factor Authentication,https://www.dogwoodstatebank.com/business/treasury-management
57095,Dogwood State Bank,https://www.dogwoodstatebank.com,Raleigh,NC,$2.36B,Dogwood Team,Board of Directors,https://www.dogwoodstatebank.com/business/treasury-management
57095,Dogwood State Bank,https://www.dogwoodstatebank.com,Raleigh,NC,$2.36B,Board of Directors,Meet Dogwood State Bank's Board of Directors,https://www.dogwoodstatebank.com/business/treasury-management
57510,Avidbank,https://www.avidbank.com,San Jose,CA,$2.36B,Mark D. Mordell,Chairman & Chief Executive Officer,https://www.avidbank.com/officers
57510,Avidbank,https://www.avidbank.com,San Jose,CA,$2.36B,Tami Benedict,"Executive Vice President, Chief of Staff",https://www.avidbank.com/officers
57510,Avidbank,https://www.avidbank.com,San Jose,CA,$2.36B,Sam Bhaumik,"Executive Vice President,",https://www.avidbank.com/officers
57510,Avidbank,https://www.avidbank.com,San Jose,CA,$2.36B,Victor DeMarco,"Executive Vice President, Chief Legal Officer & Head of Advisory Services",https://www.avidbank.com/officers
57510,Avidbank,https://www.avidbank.com,San Jose,CA,$2.36B,Lisa Foussianes,Executive Vice President &,https://www.avidbank.com/officers
57510,Avidbank,https://www.avidbank.com,San Jose,CA,$2.36B,Executive Vice President &,Chief Credit Officer,https://www.avidbank.com/officers
57510,Avidbank,https://www.avidbank.com,San Jose,CA,$2.36B,Joe Maleti,"Executive Vice President,",https://www.avidbank.com/officers
57510,Avidbank,https://www.avidbank.com,San Jose,CA,$2.36B,"Patrick Oakes, CFA",Executive Vice President &,https://www.avidbank.com/officers
57510,Avidbank,https://www.avidbank.com,San Jose,CA,$2.36B,Fergal J. O'Boyle,"Executive Vice President,",https://www.avidbank.com/officers
57510,Avidbank,https://www.avidbank.com,San Jose,CA,$2.36B,Gina T. Peterson,Executive Vice President &,https://www.avidbank.com/officers
57510,Avidbank,https://www.avidbank.com,San Jose,CA,$2.36B,Arthur Wasson,"Executive Vice President,",https://www.avidbank.com/officers
57510,Avidbank,https://www.avidbank.com,San Jose,CA,$2.36B,Sarah Wesner,"Senior Vice President,",https://www.avidbank.com/officers
22373,American National Bank & Trust,https://www.amnat.com,Wichita Falls,TX,$2.34B,About Us,From the President,https://www.amnat.com/about
24897,Community National Bank,https://www.cnbtx.bank,Midland,TX,$2.34B,Jeb B. Hughes,Chairman of the Board,https://www.cnbtx.bank/about-us
24897,Community National Bank,https://www.cnbtx.bank,Midland,TX,$2.34B,Chairman of the Board,Our Board of Directors,https://www.cnbtx.bank/about-us
24897,Community National Bank,https://www.cnbtx.bank,Midland,TX,$2.34B,Yates Legacy,President/CEO,https://www.cnbtx.bank/about-us
24897,Community National Bank,https://www.cnbtx.bank,Midland,TX,$2.34B,Clayton Williams Family Investments,Vice President,https://www.cnbtx.bank/about-us
24897,Community National Bank,https://www.cnbtx.bank,Midland,TX,$2.34B,Rogers Ford Lincoln,President,https://www.cnbtx.bank/about-us
24897,Community National Bank,https://www.cnbtx.bank,Midland,TX,$2.34B,"Word B. Wilson Investments, Inc.",President,https://www.cnbtx.bank/about-us
24897,Community National Bank,https://www.cnbtx.bank,Midland,TX,$2.34B,Bill Stovall,Chief Executive Officer,https://www.cnbtx.bank/about-us
24897,Community National Bank,https://www.cnbtx.bank,Midland,TX,$2.34B,Brad Bullock,Executive Vice President -,https://www.cnbtx.bank/about-us
24897,Community National Bank,https://www.cnbtx.bank,Midland,TX,$2.34B,Executive Vice President -,Chief Operating Officer,https://www.cnbtx.bank/about-us
24897,Community National Bank,https://www.cnbtx.bank,Midland,TX,$2.34B,Carl Milam,Executive Vice President -,https://www.cnbtx.bank/about-us
24897,Community National Bank,https://www.cnbtx.bank,Midland,TX,$2.34B,Ryan Lovell,Executive Vice President -,https://www.cnbtx.bank/about-us
24897,Community National Bank,https://www.cnbtx.bank,Midland,TX,$2.34B,Stuart Beall,Executive Vice President -,https://www.cnbtx.bank/about-us
24897,Community National Bank,https://www.cnbtx.bank,Midland,TX,$2.34B,Chief Lending Officer,Our Market Presidents,https://www.cnbtx.bank/about-us
24897,Community National Bank,https://www.cnbtx.bank,Midland,TX,$2.34B,Sterling Swack,Odessa Market President,https://www.cnbtx.bank/about-us
24897,Community National Bank,https://www.cnbtx.bank,Midland,TX,$2.34B,Travis Hillman,Lubbock Market President,https://www.cnbtx.bank/about-us
24897,Community National Bank,https://www.cnbtx.bank,Midland,TX,$2.34B,Jay Sudderth,Dallas Market President,https://www.cnbtx.bank/about-us
58243,John Marshall Bank,https://www.johnmarshallbank.com,Reston,VA,$2.32B,Christopher W. Bergstrom,President &,https://www.johnmarshallbank.com/about/leadership
58243,John Marshall Bank,https://www.johnmarshallbank.com,Reston,VA,$2.32B,President &,Chief Executive Officer,https://www.johnmarshallbank.com/about/leadership
58243,John Marshall Bank,https://www.johnmarshallbank.com,Reston,VA,$2.32B,Kent D. Carstater,"Sr. EVP, Chief Financial Officer",https://www.johnmarshallbank.com/about/leadership
58243,John Marshall Bank,https://www.johnmarshallbank.com,Reston,VA,$2.32B,Andrew J. Peden,"Sr. EVP, Chief Banking Officer",https://www.johnmarshallbank.com/about/leadership
58243,John Marshall Bank,https://www.johnmarshallbank.com,Reston,VA,$2.32B,Kelly Bell,"EVP, Chief Operating Officer",https://www.johnmarshallbank.com/about/leadership
58243,John Marshall Bank,https://www.johnmarshallbank.com,Reston,VA,$2.32B,Jason R. McDonough,"EVP, Chief Lending Officer",https://www.johnmarshallbank.com/about/leadership
58243,John Marshall Bank,https://www.johnmarshallbank.com,Reston,VA,$2.32B,James Estep,"EVP, Director of Commercial",https://www.johnmarshallbank.com/about/leadership
58243,John Marshall Bank,https://www.johnmarshallbank.com,Reston,VA,$2.32B,Veronica Wilson,"SVP, Director of",https://www.johnmarshallbank.com/about/leadership
58243,John Marshall Bank,https://www.johnmarshallbank.com,Reston,VA,$2.32B,Patrick Runge,"SVP, Chief Technology",https://www.johnmarshallbank.com/about/leadership
58243,John Marshall Bank,https://www.johnmarshallbank.com,Reston,VA,$2.32B,"SVP, Chief Technology",Officer,https://www.johnmarshallbank.com/about/leadership
28513,"WaterStone Bank, SSB",https://www.wsbonline.com,Wauwatosa,WI,$2.27B,Experienced leaders who make a difference.,Board of Directors,https://www.wsbonline.com/about/board
28513,"WaterStone Bank, SSB",https://www.wsbonline.com,Wauwatosa,WI,$2.27B,Pat Lawton,Chairman,https://www.wsbonline.com/about/board
1213,"Cornerstone Capital Bank, SSB",https://www.cornerstonecapital.com,Houston,TX,$2.26B,Leadership Team,Executive Officers,https://www.cornerstonecapital.com/team
1213,"Cornerstone Capital Bank, SSB",https://www.cornerstonecapital.com,Houston,TX,$2.26B,SCOTT ALMY,President and Chief Executive Officer,https://www.cornerstonecapital.com/team
1213,"Cornerstone Capital Bank, SSB",https://www.cornerstonecapital.com,Houston,TX,$2.26B,ADAM LAIRD,Chief Executive Officer- Mortgage Banking,https://www.cornerstonecapital.com/team
1213,"Cornerstone Capital Bank, SSB",https://www.cornerstonecapital.com,Houston,TX,$2.26B,PAUL WOO,Executive Vice President and Chief Financial Officer,https://www.cornerstonecapital.com/team
1213,"Cornerstone Capital Bank, SSB",https://www.cornerstonecapital.com,Houston,TX,$2.26B,MARY CLOUTHIER,Executive Vice President and Chief Risk Officer,https://www.cornerstonecapital.com/team
1213,"Cornerstone Capital Bank, SSB",https://www.cornerstonecapital.com,Houston,TX,$2.26B,DAVID FRASER,Executive Vice President and Chief Credit Officer,https://www.cornerstonecapital.com/team
1213,"Cornerstone Capital Bank, SSB",https://www.cornerstonecapital.com,Houston,TX,$2.26B,GREG JACKSON,Executive Vice President and Chief Lending Officer,https://www.cornerstonecapital.com/team
1213,"Cornerstone Capital Bank, SSB",https://www.cornerstonecapital.com,Houston,TX,$2.26B,TIM WHITE,Executive Vice President and Chief Legal Officer,https://www.cornerstonecapital.com/team
1213,"Cornerstone Capital Bank, SSB",https://www.cornerstonecapital.com,Houston,TX,$2.26B,BROOK SILVESTRI,"Executive Vice President and Managing Director, Institutional Banking",https://www.cornerstonecapital.com/team
1213,"Cornerstone Capital Bank, SSB",https://www.cornerstonecapital.com,Houston,TX,$2.26B,CHRIS PARADA,"Senior Vice President and Managing Director, Energy Banking",https://www.cornerstonecapital.com/team
1213,"Cornerstone Capital Bank, SSB",https://www.cornerstonecapital.com,Houston,TX,$2.26B,RICK WOMBLE,Executive Vice President and Branch President – Bastrop,https://www.cornerstonecapital.com/team
1213,"Cornerstone Capital Bank, SSB",https://www.cornerstonecapital.com,Houston,TX,$2.26B,CHRIS CASTO,Executive Vice President and Branch President – Sweetwater,https://www.cornerstonecapital.com/team
1213,"Cornerstone Capital Bank, SSB",https://www.cornerstonecapital.com,Houston,TX,$2.26B,SHANE TOMLIN,Executive Vice President and Branch President – Roscoe,https://www.cornerstonecapital.com/team
1213,"Cornerstone Capital Bank, SSB",https://www.cornerstonecapital.com,Houston,TX,$2.26B,CARA WILLIAMS,Senior Vice President and Chief Compliance Officer,https://www.cornerstonecapital.com/team
1213,"Cornerstone Capital Bank, SSB",https://www.cornerstonecapital.com,Houston,TX,$2.26B,PATRICK RAMSIER,President – Capital Markets CRE,https://www.cornerstonecapital.com/team
1213,"Cornerstone Capital Bank, SSB",https://www.cornerstonecapital.com,Houston,TX,$2.26B,President – Capital Markets CRE,Board of Directors,https://www.cornerstonecapital.com/team
1213,"Cornerstone Capital Bank, SSB",https://www.cornerstonecapital.com,Houston,TX,$2.26B,MARC LAIRD,Chairman and Co-Founder,https://www.cornerstonecapital.com/team
1213,"Cornerstone Capital Bank, SSB",https://www.cornerstonecapital.com,Houston,TX,$2.26B,JOHN JAY,Retired banker and former Chairman and CEO of Roscoe State Bank*,https://www.cornerstonecapital.com/team
1213,"Cornerstone Capital Bank, SSB",https://www.cornerstonecapital.com,Houston,TX,$2.26B,HOWARD KEY,Attorney and former director of Lubbock National Bank*,https://www.cornerstonecapital.com/team
57756,Coastal States Bank,https://www.coastalstatesbank.com,Hilton Head Island,SC,$2.25B,View Current Openings,Message From Our CEO,https://www.coastalstatesbank.com/about-us
57756,Coastal States Bank,https://www.coastalstatesbank.com,Hilton Head Island,SC,$2.25B,Message From Our CEO,"Steve R. Stone, President, Chief Executive Officer",https://www.coastalstatesbank.com/about-us
57756,Coastal States Bank,https://www.coastalstatesbank.com,Hilton Head Island,SC,$2.25B,Steve R. Stone,"President, Chief Executive Officer",https://www.coastalstatesbank.com/about-us
20741,"Pioneer Bank, National Association",https://www.pioneerny.com,Albany,NY,$2.24B,Executive Management,Thomas Amell - Chief Executive Officer & President,https://www.pioneerwealthmgt.com/
20741,"Pioneer Bank, National Association",https://www.pioneerny.com,Albany,NY,$2.24B,Thomas Amell,Chief Executive Officer & President,https://www.pioneerwealthmgt.com/
20741,"Pioneer Bank, National Association",https://www.pioneerny.com,Albany,NY,$2.24B,Susan Hollister,Executive Vice President & Chief Human Resources Officer & Corporate Secretary,https://www.pioneerwealthmgt.com/
20741,"Pioneer Bank, National Association",https://www.pioneerny.com,Albany,NY,$2.24B,Patrick Hughes,Executive Vice President & Chief Financial Officer,https://www.pioneerwealthmgt.com/
20741,"Pioneer Bank, National Association",https://www.pioneerny.com,Albany,NY,$2.24B,Thomas Ratsep,Executive Vice President & Chief Credit Officer,https://www.pioneerwealthmgt.com/
20741,"Pioneer Bank, National Association",https://www.pioneerny.com,Albany,NY,$2.24B,Thomas Signor,Executive Vice President & Chief Administrative Officer,https://www.pioneerwealthmgt.com/
20741,"Pioneer Bank, National Association",https://www.pioneerny.com,Albany,NY,$2.24B,Jesse Tomczak,Executive Vice President & Chief Banking Officer,https://www.pioneerwealthmgt.com/
8021,Crews Bank & Trust,https://www.crews.bank,Wauchula,FL,$2.24B,Receive instant alerts for important transactions,Secure access with multi-factor authentication,https://www.crews.bank/commercial-banking-services/treasury-management-services
6623,LCNB National Bank,https://www.lcnb.com,Lebanon,OH,$2.24B,Lisa Emmel,"VP of Treasury Management, Sales",https://www.lcnb.com/learn
6623,LCNB National Bank,https://www.lcnb.com,Lebanon,OH,$2.24B,Amberly Davila,"Treasury Management Officer, Operations",https://www.lcnb.com/learn
23275,Plumas Bank,http://www.plumasbank.com,Quincy,CA,$2.23B,Our Impact,PLUMAS BANK EXECUTIVE MANAGEMENT AND BOARD OF DIRECTORS,http://www.plumasbank.com/about
58513,The Bank of Princeton,https://WWW.THEBANKOFPRINCETON.COM,Princeton,NJ,$2.23B,Biographies – Directors,"Richard Gillespie, Chairman",https://thebankofprinceton.com/contact/about-us
58513,The Bank of Princeton,https://WWW.THEBANKOFPRINCETON.COM,Princeton,NJ,$2.23B,"Richard Gillespie, Chairman","Stephen Distler, Vice Chairman",https://thebankofprinceton.com/contact/about-us
58513,The Bank of Princeton,https://WWW.THEBANKOFPRINCETON.COM,Princeton,NJ,$2.23B,"Stephen Distler, Vice Chairman","Ross E. Wishnick, Vice Chairman",https://thebankofprinceton.com/contact/about-us
58513,The Bank of Princeton,https://WWW.THEBANKOFPRINCETON.COM,Princeton,NJ,$2.23B,Susan Barrett,Biographies - Officers,https://thebankofprinceton.com/contact/about-us
58513,The Bank of Princeton,https://WWW.THEBANKOFPRINCETON.COM,Princeton,NJ,$2.23B,Biographies - Officers,"Edward J. Dietzler, President, Chief Executive Officer",https://thebankofprinceton.com/contact/about-us
58513,The Bank of Princeton,https://WWW.THEBANKOFPRINCETON.COM,Princeton,NJ,$2.23B,Richard Gillespie,Chairman,https://thebankofprinceton.com/contact/about-us
58513,The Bank of Princeton,https://WWW.THEBANKOFPRINCETON.COM,Princeton,NJ,$2.23B,Stephen Distler,Vice Chairman,https://thebankofprinceton.com/contact/about-us
58513,The Bank of Princeton,https://WWW.THEBANKOFPRINCETON.COM,Princeton,NJ,$2.23B,Ross E. Wishnick,Vice Chairman,https://thebankofprinceton.com/contact/about-us
58513,The Bank of Princeton,https://WWW.THEBANKOFPRINCETON.COM,Princeton,NJ,$2.23B,Edward J. Dietzler,"President, Chief Executive Officer",https://thebankofprinceton.com/contact/about-us
58513,The Bank of Princeton,https://WWW.THEBANKOFPRINCETON.COM,Princeton,NJ,$2.23B,Daniel J. O'Donnell,"Executive Vice President, General Counsel & Chief Operating Officer",https://thebankofprinceton.com/contact/about-us
58513,The Bank of Princeton,https://WWW.THEBANKOFPRINCETON.COM,Princeton,NJ,$2.23B,George S. Rapp,"Executive Vice President, Chief Financial Officer",https://thebankofprinceton.com/contact/about-us
58513,The Bank of Princeton,https://WWW.THEBANKOFPRINCETON.COM,Princeton,NJ,$2.23B,Stephanie M. Adkins,"Executive Vice President, Chief Lending Officer",https://thebankofprinceton.com/contact/about-us
58513,The Bank of Princeton,https://WWW.THEBANKOFPRINCETON.COM,Princeton,NJ,$2.23B,Matthew T. Clark,"Executive Vice President, Chief Information Officer",https://thebankofprinceton.com/contact/about-us
58513,The Bank of Princeton,https://WWW.THEBANKOFPRINCETON.COM,Princeton,NJ,$2.23B,Kris Muse,"Senior Vice President, Healthcare Lender",https://thebankofprinceton.com/contact/about-us
58513,The Bank of Princeton,https://WWW.THEBANKOFPRINCETON.COM,Princeton,NJ,$2.23B,Karen D. Pfeifer,"Senior Vice President, Director of Compliance",https://thebankofprinceton.com/contact/about-us
58513,The Bank of Princeton,https://WWW.THEBANKOFPRINCETON.COM,Princeton,NJ,$2.23B,Anna Maria Potter-Miller,"MA, Senior Vice President, Director of Human Resources",https://thebankofprinceton.com/contact/about-us
14266,National Bank of Commerce,https://www.nbcbanking.com,Superior,WI,$2.23B,Investor Relations,Directors,https://www.nbcbanking.com/about-us
23992,Country Bank for Savings,https://www.countrybank.com,Ware,MA,$2.19B,"Edward J. Noonan, II",Chairman of the Board,https://www.countrybank.com/about/board
23992,Country Bank for Savings,https://www.countrybank.com,Ware,MA,$2.19B,Chairman of the Board,President,https://www.countrybank.com/about/board
23992,Country Bank for Savings,https://www.countrybank.com,Ware,MA,$2.19B,Steven P. Musso,Vice Chairman of the Board,https://www.countrybank.com/about/board
23992,Country Bank for Savings,https://www.countrybank.com,Ware,MA,$2.19B,Vice Chairman of the Board,Retired Chief Operating Officer,https://www.countrybank.com/about/board
23992,Country Bank for Savings,https://www.countrybank.com,Ware,MA,$2.19B,Board Member,"President, Chief Executive Officer Country Bank",https://www.countrybank.com/about/board
23992,Country Bank for Savings,https://www.countrybank.com,Ware,MA,$2.19B,MBA CPHIMS Informatics & Technology,"Director, Patient & Population Health Technologies",https://www.countrybank.com/about/board
23992,Country Bank for Savings,https://www.countrybank.com,Ware,MA,$2.19B,SMS Privacy Policy,Cookie Policy,https://www.countrybank.com/about/board
22354,Commercial Bank,https://www.cbtn.com,Harrogate,TN,$2.19B,Find A Location,Contact a Loan Officer,https://www.cbtn.com/about/contact-us
22354,Commercial Bank,https://www.cbtn.com,Harrogate,TN,$2.19B,Our Core Values,Board of Directors,https://www.cbtn.com/about/contact-us
9923,Anderson Brothers Bank,https://www.abbank.com,Mullins,SC,$2.19B,Coin Counting Machine,"Accepts Payments for Grand Strand Water & Sewer, Horry Electric and Santee Cooper",https://abbank.payweb360.com/login?returnUrl=%2Fdashboard
9923,Anderson Brothers Bank,https://www.abbank.com,Mullins,SC,$2.19B,Night Deposit Drop,"Accepts Payments for Grand Strand Water & Sewer, Horry Electric and Santee Cooper",https://abbank.payweb360.com/login?returnUrl=%2Fdashboard
253,Luana Savings Bank,http://www.luanasavingsbank.com,Luana,IA,$2.17B,Polk City,IA	180	Full Kitchen	projector/screen: HDMI (not wireless)	Yes (Free),https://www.luanasavingsbank.com/about/contact-us/
34888,Parke Bank,https://www.parkebank.com,Sewell,NJ,$2.17B,Checking the site connection security,This page requires cookies to be enabled in your browser settings. Please check this setting and enable cookies (if disabled),https://www.parkebank.com/board-of-directors
24563,Texas Community Bank,https://www.tx-communitybank.com,Laredo,TX,$2.16B,OUR OFFICERS,Board of Directors,https://www.tx-communitybank.com/board-of-directors
24563,Texas Community Bank,https://www.tx-communitybank.com,Laredo,TX,$2.16B,Board of Directors,Douglas G. Macdonald | Director/Chairman/President/CEO,https://www.tx-communitybank.com/board-of-directors
24563,Texas Community Bank,https://www.tx-communitybank.com,Laredo,TX,$2.16B,Douglas G. Macdonald | Director/Chairman/President/CEO,Sheryl A. Cox | Director/Senior Exec Vice President/COO,https://www.tx-communitybank.com/board-of-directors
24563,Texas Community Bank,https://www.tx-communitybank.com,Laredo,TX,$2.16B,Douglas M. Brice | Director,"Juan B. Carranza, III | Director",https://www.tx-communitybank.com/board-of-directors
24563,Texas Community Bank,https://www.tx-communitybank.com,Laredo,TX,$2.16B,"Juan B. Carranza, III | Director","Radcliffe Killam, II | Director",https://www.tx-communitybank.com/board-of-directors
24563,Texas Community Bank,https://www.tx-communitybank.com,Laredo,TX,$2.16B,"Radcliffe Killam, II | Director",Francisco G. Noriega | Director,https://www.tx-communitybank.com/board-of-directors
24563,Texas Community Bank,https://www.tx-communitybank.com,Laredo,TX,$2.16B,Francisco G. Noriega | Director,Richard E. Sames | Director,https://www.tx-communitybank.com/board-of-directors
24563,Texas Community Bank,https://www.tx-communitybank.com,Laredo,TX,$2.16B,Richard E. Sames | Director,Steven Trautmann | Director,https://www.tx-communitybank.com/board-of-directors
24563,Texas Community Bank,https://www.tx-communitybank.com,Laredo,TX,$2.16B,Steven Trautmann | Director,"Dr. Carlos Vela, Jr. | Director",https://www.tx-communitybank.com/board-of-directors
24563,Texas Community Bank,https://www.tx-communitybank.com,Laredo,TX,$2.16B,"Dr. Carlos Vela, Jr. | Director",Laredo Region Officers,https://www.tx-communitybank.com/board-of-directors
24563,Texas Community Bank,https://www.tx-communitybank.com,Laredo,TX,$2.16B,Laredo Region Officers,Douglas G. Macdonald | President/CEO,https://www.tx-communitybank.com/board-of-directors
24563,Texas Community Bank,https://www.tx-communitybank.com,Laredo,TX,$2.16B,Douglas G. Macdonald | President/CEO,Sheryl A. Cox | Senior Exec Vice President/COO,https://www.tx-communitybank.com/board-of-directors
24563,Texas Community Bank,https://www.tx-communitybank.com,Laredo,TX,$2.16B,Colleen Guerrero | Exec Vice President,George D. Kazen | Exec Vice President,https://www.tx-communitybank.com/board-of-directors
24563,Texas Community Bank,https://www.tx-communitybank.com,Laredo,TX,$2.16B,Ricardo Peña | Exec Vice President/Cashier,David Reuthinger | Exec Vice President,https://www.tx-communitybank.com/board-of-directors
24563,Texas Community Bank,https://www.tx-communitybank.com,Laredo,TX,$2.16B,David Reuthinger | Exec Vice President,Joe Sanchez | Exec Vice President,https://www.tx-communitybank.com/board-of-directors
24563,Texas Community Bank,https://www.tx-communitybank.com,Laredo,TX,$2.16B,Joe Sanchez | Exec Vice President,C. Edward Whitworth | Exec Vice President,https://www.tx-communitybank.com/board-of-directors
24563,Texas Community Bank,https://www.tx-communitybank.com,Laredo,TX,$2.16B,Eloy Cantu | Senior Vice President,Oscar Cisneros | Senior Vice President,https://www.tx-communitybank.com/board-of-directors
24563,Texas Community Bank,https://www.tx-communitybank.com,Laredo,TX,$2.16B,Oscar Cisneros | Senior Vice President,Alberto De Llano | Senior Vice President,https://www.tx-communitybank.com/board-of-directors
24563,Texas Community Bank,https://www.tx-communitybank.com,Laredo,TX,$2.16B,Rachel Garcia | Senior Vice President,Melanie Gonzales | Senior Vice President,https://www.tx-communitybank.com/board-of-directors
24563,Texas Community Bank,https://www.tx-communitybank.com,Laredo,TX,$2.16B,Melanie Gonzales | Senior Vice President,"Carlos Gutierrez, III | Senior Vice President",https://www.tx-communitybank.com/board-of-directors
24563,Texas Community Bank,https://www.tx-communitybank.com,Laredo,TX,$2.16B,Yolanda Jimenez | Senior Vice President,Estela Martinez | Senior Vice President,https://www.tx-communitybank.com/board-of-directors
24563,Texas Community Bank,https://www.tx-communitybank.com,Laredo,TX,$2.16B,Estela Martinez | Senior Vice President,Blanca E. Perez | Senior Vice President,https://www.tx-communitybank.com/board-of-directors
24563,Texas Community Bank,https://www.tx-communitybank.com,Laredo,TX,$2.16B,Ana Vazquez | Senior Vice President,Maria Amezcua | First Vice President,https://www.tx-communitybank.com/board-of-directors
24563,Texas Community Bank,https://www.tx-communitybank.com,Laredo,TX,$2.16B,Maria Amezcua | First Vice President,Linda Flores | First Vice President,https://www.tx-communitybank.com/board-of-directors
24563,Texas Community Bank,https://www.tx-communitybank.com,Laredo,TX,$2.16B,Linda Flores | First Vice President,Ma. Antonia Flores | First Vice President,https://www.tx-communitybank.com/board-of-directors
24563,Texas Community Bank,https://www.tx-communitybank.com,Laredo,TX,$2.16B,Elyza Lopez | First Vice President,"Jose A. Palacios, Jr. | First Vice President",https://www.tx-communitybank.com/board-of-directors
24563,Texas Community Bank,https://www.tx-communitybank.com,Laredo,TX,$2.16B,Linda Peña | First Vice President,Oscar Peña | First Vice President,https://www.tx-communitybank.com/board-of-directors
24563,Texas Community Bank,https://www.tx-communitybank.com,Laredo,TX,$2.16B,Oscar Peña | First Vice President,Abelina V. Perez | First Vice President,https://www.tx-communitybank.com/board-of-directors
24563,Texas Community Bank,https://www.tx-communitybank.com,Laredo,TX,$2.16B,Monica Ayala | Vice President,Hector Caballero | Vice President,https://www.tx-communitybank.com/board-of-directors
24563,Texas Community Bank,https://www.tx-communitybank.com,Laredo,TX,$2.16B,Hector Caballero | Vice President,Patricia Caballero | Vice President,https://www.tx-communitybank.com/board-of-directors
24563,Texas Community Bank,https://www.tx-communitybank.com,Laredo,TX,$2.16B,Patricia Caballero | Vice President,Lizette Carrera | Vice President,https://www.tx-communitybank.com/board-of-directors
24563,Texas Community Bank,https://www.tx-communitybank.com,Laredo,TX,$2.16B,Lizette Carrera | Vice President,Violeta Esparza | Vice President,https://www.tx-communitybank.com/board-of-directors
24563,Texas Community Bank,https://www.tx-communitybank.com,Laredo,TX,$2.16B,Violeta Esparza | Vice President,Amelia Falk | Vice President,https://www.tx-communitybank.com/board-of-directors
24563,Texas Community Bank,https://www.tx-communitybank.com,Laredo,TX,$2.16B,Amelia Falk | Vice President,Mary Garcia | Vice President,https://www.tx-communitybank.com/board-of-directors
24563,Texas Community Bank,https://www.tx-communitybank.com,Laredo,TX,$2.16B,Mary Garcia | Vice President,Vanessa Garcia  | Vice President,https://www.tx-communitybank.com/board-of-directors
24563,Texas Community Bank,https://www.tx-communitybank.com,Laredo,TX,$2.16B,Vanessa Garcia  | Vice President,"Luis J. González, III | Vice President",https://www.tx-communitybank.com/board-of-directors
24563,Texas Community Bank,https://www.tx-communitybank.com,Laredo,TX,$2.16B,Pat Gonzalez | Vice President,Jerome Jordan | Vice President,https://www.tx-communitybank.com/board-of-directors
24563,Texas Community Bank,https://www.tx-communitybank.com,Laredo,TX,$2.16B,Jerome Jordan | Vice President,Martha Keiser | Vice President,https://www.tx-communitybank.com/board-of-directors
24563,Texas Community Bank,https://www.tx-communitybank.com,Laredo,TX,$2.16B,Martha Keiser | Vice President,Blanca E. Lopez | Vice President,https://www.tx-communitybank.com/board-of-directors
24563,Texas Community Bank,https://www.tx-communitybank.com,Laredo,TX,$2.16B,Blanca E. Lopez | Vice President,Reagan Macdonald | Vice President,https://www.tx-communitybank.com/board-of-directors
24563,Texas Community Bank,https://www.tx-communitybank.com,Laredo,TX,$2.16B,Reagan Macdonald | Vice President,Dolores Martinez | Vice President,https://www.tx-communitybank.com/board-of-directors
24563,Texas Community Bank,https://www.tx-communitybank.com,Laredo,TX,$2.16B,Dolores Martinez | Vice President,Venessa Nuñez | Vice President,https://www.tx-communitybank.com/board-of-directors
24563,Texas Community Bank,https://www.tx-communitybank.com,Laredo,TX,$2.16B,Venessa Nuñez | Vice President,Silvia Ornelas | Vice President,https://www.tx-communitybank.com/board-of-directors
24563,Texas Community Bank,https://www.tx-communitybank.com,Laredo,TX,$2.16B,Silvia Ornelas | Vice President,Laura A. Reyes| Vice President,https://www.tx-communitybank.com/board-of-directors
24563,Texas Community Bank,https://www.tx-communitybank.com,Laredo,TX,$2.16B,Laura A. Reyes| Vice President,Rosaura Rivera | Vice President,https://www.tx-communitybank.com/board-of-directors
24563,Texas Community Bank,https://www.tx-communitybank.com,Laredo,TX,$2.16B,Rosaura Rivera | Vice President,Lourdes Rodriguez | Vice President,https://www.tx-communitybank.com/board-of-directors
24563,Texas Community Bank,https://www.tx-communitybank.com,Laredo,TX,$2.16B,Lourdes Rodriguez | Vice President,Rosa Trujano | Vice President,https://www.tx-communitybank.com/board-of-directors
24563,Texas Community Bank,https://www.tx-communitybank.com,Laredo,TX,$2.16B,Rosa Trujano | Vice President,Robert Dodier | Asst. Vice President,https://www.tx-communitybank.com/board-of-directors
24563,Texas Community Bank,https://www.tx-communitybank.com,Laredo,TX,$2.16B,Robert Dodier | Asst. Vice President,Brenda Galvan | Asst. Vice President,https://www.tx-communitybank.com/board-of-directors
24563,Texas Community Bank,https://www.tx-communitybank.com,Laredo,TX,$2.16B,Brenda Galvan | Asst. Vice President,Sandra Garza | Asst. Vice President,https://www.tx-communitybank.com/board-of-directors
24563,Texas Community Bank,https://www.tx-communitybank.com,Laredo,TX,$2.16B,Sandra Garza | Asst. Vice President,Veronica Guerrero Mendoza | Asst. Vice President,https://www.tx-communitybank.com/board-of-directors
24563,Texas Community Bank,https://www.tx-communitybank.com,Laredo,TX,$2.16B,Monica Harrison | Asst. Vice President,Avery Jackson  | Asst. Vice President,https://www.tx-communitybank.com/board-of-directors
24563,Texas Community Bank,https://www.tx-communitybank.com,Laredo,TX,$2.16B,Avery Jackson  | Asst. Vice President,Diana Lara | Asst. Vice President,https://www.tx-communitybank.com/board-of-directors
24563,Texas Community Bank,https://www.tx-communitybank.com,Laredo,TX,$2.16B,Diana Lara | Asst. Vice President,Blanca Lopez | Asst. Vice President,https://www.tx-communitybank.com/board-of-directors
24563,Texas Community Bank,https://www.tx-communitybank.com,Laredo,TX,$2.16B,Blanca Lopez | Asst. Vice President,Sylvia D. Lopez | Asst. Vice President,https://www.tx-communitybank.com/board-of-directors
24563,Texas Community Bank,https://www.tx-communitybank.com,Laredo,TX,$2.16B,Gabriela Lozano | Asst. Vice President,Miguel Martinez | Asst. Vice President,https://www.tx-communitybank.com/board-of-directors
24563,Texas Community Bank,https://www.tx-communitybank.com,Laredo,TX,$2.16B,Miguel Martinez | Asst. Vice President,Ruben Montoya | Asst. Vice President,https://www.tx-communitybank.com/board-of-directors
24563,Texas Community Bank,https://www.tx-communitybank.com,Laredo,TX,$2.16B,Ruben Montoya | Asst. Vice President,Jessica Orozco | Asst. Vice President,https://www.tx-communitybank.com/board-of-directors
24563,Texas Community Bank,https://www.tx-communitybank.com,Laredo,TX,$2.16B,Jessica Orozco | Asst. Vice President,Alejandro X. Peña| Asst. Vice President,https://www.tx-communitybank.com/board-of-directors
24563,Texas Community Bank,https://www.tx-communitybank.com,Laredo,TX,$2.16B,Alejandro X. Peña| Asst. Vice President,Gloria Rocha | Asst. Vice President,https://www.tx-communitybank.com/board-of-directors
24563,Texas Community Bank,https://www.tx-communitybank.com,Laredo,TX,$2.16B,Gloria Rocha | Asst. Vice President,Joe Salazar | Asst. Vice President,https://www.tx-communitybank.com/board-of-directors
24563,Texas Community Bank,https://www.tx-communitybank.com,Laredo,TX,$2.16B,Joe Salazar | Asst. Vice President,Gustavo Santos | Asst. Vice President,https://www.tx-communitybank.com/board-of-directors
24563,Texas Community Bank,https://www.tx-communitybank.com,Laredo,TX,$2.16B,Gustavo Santos | Asst. Vice President,Anna Vidaurri | Asst. Vice President,https://www.tx-communitybank.com/board-of-directors
24563,Texas Community Bank,https://www.tx-communitybank.com,Laredo,TX,$2.16B,Anna Vidaurri | Asst. Vice President,Corina Villagomez | Asst. Vice President,https://www.tx-communitybank.com/board-of-directors
24563,Texas Community Bank,https://www.tx-communitybank.com,Laredo,TX,$2.16B,Corina Villagomez | Asst. Vice President,Lorena Cruz | Financial Services Officer,https://www.tx-communitybank.com/board-of-directors
24563,Texas Community Bank,https://www.tx-communitybank.com,Laredo,TX,$2.16B,Roy Ramos | Credit Administration Officer,Joe Rodriguez | Credit Administration Officer,https://www.tx-communitybank.com/board-of-directors
24563,Texas Community Bank,https://www.tx-communitybank.com,Laredo,TX,$2.16B,Joe Rodriguez | Credit Administration Officer,Sonia Pacheco | Operations Officer,https://www.tx-communitybank.com/board-of-directors
24563,Texas Community Bank,https://www.tx-communitybank.com,Laredo,TX,$2.16B,Sonia Pacheco | Operations Officer,Leticia Romo | Operations Officer,https://www.tx-communitybank.com/board-of-directors
24563,Texas Community Bank,https://www.tx-communitybank.com,Laredo,TX,$2.16B,Leticia Romo | Operations Officer,Laura Villareal | Operations Officer,https://www.tx-communitybank.com/board-of-directors
24563,Texas Community Bank,https://www.tx-communitybank.com,Laredo,TX,$2.16B,Laura Villareal | Operations Officer,Gina Reyes | Accounting Officer,https://www.tx-communitybank.com/board-of-directors
24563,Texas Community Bank,https://www.tx-communitybank.com,Laredo,TX,$2.16B,Rosa Martinez | Compliance Analyst,Ricardo Espinoza | eBanking Officer,https://www.tx-communitybank.com/board-of-directors
24563,Texas Community Bank,https://www.tx-communitybank.com,Laredo,TX,$2.16B,Lilia V. Cardenas | BSA Officer,Jessica Gaona | BSA Officer,https://www.tx-communitybank.com/board-of-directors
24563,Texas Community Bank,https://www.tx-communitybank.com,Laredo,TX,$2.16B,Jessica Gaona | BSA Officer,John D. Magana | BSA Officer,https://www.tx-communitybank.com/board-of-directors
24563,Texas Community Bank,https://www.tx-communitybank.com,Laredo,TX,$2.16B,Nilsa Gonzalez | Asst. Auditor,Matalie M. Palacios | Human Resources Officer,https://www.tx-communitybank.com/board-of-directors
24563,Texas Community Bank,https://www.tx-communitybank.com,Laredo,TX,$2.16B,Austin Region Officers,Sean Denton | Exec Vice President,https://www.tx-communitybank.com/board-of-directors
24563,Texas Community Bank,https://www.tx-communitybank.com,Laredo,TX,$2.16B,Sean Denton | Exec Vice President,Cary Mansfield | First Vice President,https://www.tx-communitybank.com/board-of-directors
24563,Texas Community Bank,https://www.tx-communitybank.com,Laredo,TX,$2.16B,Cary Mansfield | First Vice President,Del Rio Region Officers,https://www.tx-communitybank.com/board-of-directors
24563,Texas Community Bank,https://www.tx-communitybank.com,Laredo,TX,$2.16B,Del Rio Region Officers,Sylvia B. Owens | Exec Vice President,https://www.tx-communitybank.com/board-of-directors
24563,Texas Community Bank,https://www.tx-communitybank.com,Laredo,TX,$2.16B,Pedro Bermea | Vice President,Norma L. Garza | Asst. Vice President/Branch Operations Manager,https://www.tx-communitybank.com/board-of-directors
24563,Texas Community Bank,https://www.tx-communitybank.com,Laredo,TX,$2.16B,San Antonio Region Officers,Adam Garza | Exec Vice President,https://www.tx-communitybank.com/board-of-directors
24563,Texas Community Bank,https://www.tx-communitybank.com,Laredo,TX,$2.16B,Adam Garza | Exec Vice President,Jesse Navarro | First Vice President/Regional Operations Manager,https://www.tx-communitybank.com/board-of-directors
24563,Texas Community Bank,https://www.tx-communitybank.com,Laredo,TX,$2.16B,Jorge A. Saucedo | Vice President,Giselle Valdez | Vice President/Branch Manager,https://www.tx-communitybank.com/board-of-directors
24563,Texas Community Bank,https://www.tx-communitybank.com,Laredo,TX,$2.16B,Giselle Valdez | Vice President/Branch Manager,Laura Sandoval | Asst. Vice President/Branch Manager,https://www.tx-communitybank.com/board-of-directors
24563,Texas Community Bank,https://www.tx-communitybank.com,Laredo,TX,$2.16B,Luis Gutierrez| Asst. Vice President,Alex Longoria | Asst. Vice President,https://www.tx-communitybank.com/board-of-directors
24563,Texas Community Bank,https://www.tx-communitybank.com,Laredo,TX,$2.16B,Alex Longoria | Asst. Vice President,Hector Longoria | Asst. Cashier,https://www.tx-communitybank.com/board-of-directors
24563,Texas Community Bank,https://www.tx-communitybank.com,Laredo,TX,$2.16B,Hector Longoria | Asst. Cashier,Somerset Region Officers,https://www.tx-communitybank.com/board-of-directors
24563,Texas Community Bank,https://www.tx-communitybank.com,Laredo,TX,$2.16B,Somerset Region Officers,Mary Ann Akers | Vice President,https://www.tx-communitybank.com/board-of-directors
24563,Texas Community Bank,https://www.tx-communitybank.com,Laredo,TX,$2.16B,Mary Ann Akers | Vice President,Joanne Garcia | Financial Services Officer,https://www.tx-communitybank.com/board-of-directors
24563,Texas Community Bank,https://www.tx-communitybank.com,Laredo,TX,$2.16B,Ginger West | Asst. Cashier,Valley Region Officers,https://www.tx-communitybank.com/board-of-directors
24563,Texas Community Bank,https://www.tx-communitybank.com,Laredo,TX,$2.16B,Valley Region Officers,Rogelio Moreno | Exec Vice President,https://www.tx-communitybank.com/board-of-directors
24563,Texas Community Bank,https://www.tx-communitybank.com,Laredo,TX,$2.16B,Rogelio Moreno | Exec Vice President,Guadalupe Carmen Casanova | Vice President,https://www.tx-communitybank.com/board-of-directors
24563,Texas Community Bank,https://www.tx-communitybank.com,Laredo,TX,$2.16B,Guadalupe Carmen Casanova | Vice President,Jonathan R. Coody | Vice President,https://www.tx-communitybank.com/board-of-directors
24563,Texas Community Bank,https://www.tx-communitybank.com,Laredo,TX,$2.16B,Jonathan R. Coody | Vice President,Consuelo Gonzalez | Vice President,https://www.tx-communitybank.com/board-of-directors
24563,Texas Community Bank,https://www.tx-communitybank.com,Laredo,TX,$2.16B,Consuelo Gonzalez | Vice President,Concepcion Gutierrez | Vice President,https://www.tx-communitybank.com/board-of-directors
24563,Texas Community Bank,https://www.tx-communitybank.com,Laredo,TX,$2.16B,Concepcion Gutierrez | Vice President,Amparo Lozano | Asst. Vice President,https://www.tx-communitybank.com/board-of-directors
24563,Texas Community Bank,https://www.tx-communitybank.com,Laredo,TX,$2.16B,Amparo Lozano | Asst. Vice President,Idalia Zamora | Asst. Vice President,https://www.tx-communitybank.com/board-of-directors
24563,Texas Community Bank,https://www.tx-communitybank.com,Laredo,TX,$2.16B,Joaquin G. Cigarroa,III | Director/Senior Exec Vice President,https://www.tx-communitybank.com/board-of-directors
24563,Texas Community Bank,https://www.tx-communitybank.com,Laredo,TX,$2.16B,Juan B. Carranza,III | Director,https://www.tx-communitybank.com/board-of-directors
24563,Texas Community Bank,https://www.tx-communitybank.com,Laredo,TX,$2.16B,Radcliffe Killam,II | Director,https://www.tx-communitybank.com/board-of-directors
24563,Texas Community Bank,https://www.tx-communitybank.com,Laredo,TX,$2.16B,Dr. Carlos Vela,Jr. | Director,https://www.tx-communitybank.com/board-of-directors
24563,Texas Community Bank,https://www.tx-communitybank.com,Laredo,TX,$2.16B,Melanie Gonzales,Senior Vice President,https://www.tx-communitybank.com/board-of-directors
24563,Texas Community Bank,https://www.tx-communitybank.com,Laredo,TX,$2.16B,Carlos Gutierrez,III | Senior Vice President,https://www.tx-communitybank.com/board-of-directors
24563,Texas Community Bank,https://www.tx-communitybank.com,Laredo,TX,$2.16B,Linda Flores,First Vice President,https://www.tx-communitybank.com/board-of-directors
24563,Texas Community Bank,https://www.tx-communitybank.com,Laredo,TX,$2.16B,Jose A. Palacios,Jr. | First Vice President,https://www.tx-communitybank.com/board-of-directors
24563,Texas Community Bank,https://www.tx-communitybank.com,Laredo,TX,$2.16B,Patricia Caballero,Vice President,https://www.tx-communitybank.com/board-of-directors
24563,Texas Community Bank,https://www.tx-communitybank.com,Laredo,TX,$2.16B,Luis J. González,III | Vice President,https://www.tx-communitybank.com/board-of-directors
24563,Texas Community Bank,https://www.tx-communitybank.com,Laredo,TX,$2.16B,Monica Harrison,Asst. Vice President,https://www.tx-communitybank.com/board-of-directors
24563,Texas Community Bank,https://www.tx-communitybank.com,Laredo,TX,$2.16B,Gabriela Lozano,Asst. Vice President,https://www.tx-communitybank.com/board-of-directors
24563,Texas Community Bank,https://www.tx-communitybank.com,Laredo,TX,$2.16B,Miguel Martinez,Asst. Vice President,https://www.tx-communitybank.com/board-of-directors
24563,Texas Community Bank,https://www.tx-communitybank.com,Laredo,TX,$2.16B,Corina Villagomez,Asst. Vice President,https://www.tx-communitybank.com/board-of-directors
24563,Texas Community Bank,https://www.tx-communitybank.com,Laredo,TX,$2.16B,Lorena Cruz,Financial Services Officer,https://www.tx-communitybank.com/board-of-directors
24563,Texas Community Bank,https://www.tx-communitybank.com,Laredo,TX,$2.16B,Roy Ramos,Credit Administration Officer,https://www.tx-communitybank.com/board-of-directors
24563,Texas Community Bank,https://www.tx-communitybank.com,Laredo,TX,$2.16B,Joe Rodriguez,Credit Administration Officer,https://www.tx-communitybank.com/board-of-directors
24563,Texas Community Bank,https://www.tx-communitybank.com,Laredo,TX,$2.16B,Gina Reyes,Accounting Officer,https://www.tx-communitybank.com/board-of-directors
24563,Texas Community Bank,https://www.tx-communitybank.com,Laredo,TX,$2.16B,Jessica Gaona,BSA Officer,https://www.tx-communitybank.com/board-of-directors
24563,Texas Community Bank,https://www.tx-communitybank.com,Laredo,TX,$2.16B,Matalie M. Palacios,Human Resources Officer,https://www.tx-communitybank.com/board-of-directors
24563,Texas Community Bank,https://www.tx-communitybank.com,Laredo,TX,$2.16B,Sean Denton,Exec Vice President,https://www.tx-communitybank.com/board-of-directors
24563,Texas Community Bank,https://www.tx-communitybank.com,Laredo,TX,$2.16B,Cary Mansfield,First Vice President,https://www.tx-communitybank.com/board-of-directors
24563,Texas Community Bank,https://www.tx-communitybank.com,Laredo,TX,$2.16B,Norma L. Garza,Asst. Vice President/Branch Operations Manager,https://www.tx-communitybank.com/board-of-directors
24563,Texas Community Bank,https://www.tx-communitybank.com,Laredo,TX,$2.16B,Beverly Rosas,Asst. Vice President/Branch Operations Manager,https://www.tx-communitybank.com/board-of-directors
24563,Texas Community Bank,https://www.tx-communitybank.com,Laredo,TX,$2.16B,Giselle Valdez,Vice President/Branch Manager,https://www.tx-communitybank.com/board-of-directors
24563,Texas Community Bank,https://www.tx-communitybank.com,Laredo,TX,$2.16B,Alex Longoria,Asst. Vice President,https://www.tx-communitybank.com/board-of-directors
24563,Texas Community Bank,https://www.tx-communitybank.com,Laredo,TX,$2.16B,Amparo Lozano,Asst. Vice President,https://www.tx-communitybank.com/board-of-directors
24563,Texas Community Bank,https://www.tx-communitybank.com,Laredo,TX,$2.16B,Idalia Zamora,Asst. Vice President,https://www.tx-communitybank.com/board-of-directors
58536,Think Mutual Bank,https://www.thinkbank.com,Rochester,MN,$2.14B,"John Wade, Chair","President, Rochester Area Economic Development, Inc.",https://www.thinkbank.com/leadership
58536,Think Mutual Bank,https://www.thinkbank.com,Rochester,MN,$2.14B,"Melissa Brinkman, Vice Chair","CEO, Custom Alarm, Inc.",https://www.thinkbank.com/leadership
58536,Think Mutual Bank,https://www.thinkbank.com,Rochester,MN,$2.14B,"CEO, Custom Alarm, Inc.","Paul Mackin, Secretary",https://www.thinkbank.com/leadership
58536,Think Mutual Bank,https://www.thinkbank.com,Rochester,MN,$2.14B,"Paul Mackin, Secretary","Chief Executive Officer, Think Bank (retired)",https://www.thinkbank.com/leadership
58536,Think Mutual Bank,https://www.thinkbank.com,Rochester,MN,$2.14B,Virginia Witherspoon,"Executive Director, Channel One Regional Food Bank",https://www.thinkbank.com/leadership
58536,Think Mutual Bank,https://www.thinkbank.com,Rochester,MN,$2.14B,Jennifer Hosfeld,"President and Chief Executive Officer, Think Bank",https://www.thinkbank.com/leadership
58536,Think Mutual Bank,https://www.thinkbank.com,Rochester,MN,$2.14B,Dennis Dahlen,"Chief Financial Officer, Mayo Clinic",https://www.thinkbank.com/leadership
58536,Think Mutual Bank,https://www.thinkbank.com,Rochester,MN,$2.14B,Bob Ehren,"Sr VP Risk, Actuarial, Analytics, Data, Securian Financial",https://www.thinkbank.com/leadership
58536,Think Mutual Bank,https://www.thinkbank.com,Rochester,MN,$2.14B,Sara Patrick,"President and CEO, Midwest Reliability Organization",https://www.thinkbank.com/leadership
58536,Think Mutual Bank,https://www.thinkbank.com,Rochester,MN,$2.14B,Jenny Hosfeld,"President, Chief Executive Officer",https://www.thinkbank.com/leadership
58536,Think Mutual Bank,https://www.thinkbank.com,Rochester,MN,$2.14B,Becky Wendland,"SVP, Chief Technology & Innovation Officer",https://www.thinkbank.com/leadership
58536,Think Mutual Bank,https://www.thinkbank.com,Rochester,MN,$2.14B,"SVP, Chief Technology & Innovation Officer",Chad DeCook,https://www.thinkbank.com/leadership
58536,Think Mutual Bank,https://www.thinkbank.com,Rochester,MN,$2.14B,Chad DeCook,"SVP, Chief Credit Officer",https://www.thinkbank.com/leadership
58536,Think Mutual Bank,https://www.thinkbank.com,Rochester,MN,$2.14B,Chad Murray,"SVP, Chief Marketing Officer",https://www.thinkbank.com/leadership
58536,Think Mutual Bank,https://www.thinkbank.com,Rochester,MN,$2.14B,Larry Guse,"SVP, Chief People Officer",https://www.thinkbank.com/leadership
58536,Think Mutual Bank,https://www.thinkbank.com,Rochester,MN,$2.14B,Greg Layton,"SVP, Chief Commercial Banking Officer",https://www.thinkbank.com/leadership
58536,Think Mutual Bank,https://www.thinkbank.com,Rochester,MN,$2.14B,Nate Boyer,"SVP, Chief Financial Officer",https://www.thinkbank.com/leadership
58536,Think Mutual Bank,https://www.thinkbank.com,Rochester,MN,$2.14B,Tammy Pfeffer,"SVP, Financial Services",https://www.thinkbank.com/leadership
58536,Think Mutual Bank,https://www.thinkbank.com,Rochester,MN,$2.14B,Jeff Ihrke,"SVP, Chief Risk Officer",https://www.thinkbank.com/leadership
58536,Think Mutual Bank,https://www.thinkbank.com,Rochester,MN,$2.14B,Paul Mackin,Secretary,https://www.thinkbank.com/leadership
28263,"CFBank, National Association",https://www.cf.bank,Columbus,OH,$2.11B,Ethan Nordberg,"SVP, Treasury Management Officer",https://www.ezbusinesscardmanagement.com/bid/8800WP
28263,"CFBank, National Association",https://www.cf.bank,Columbus,OH,$2.11B,Heather Reifel,"SVP, Treasury Management Officer",https://www.ezbusinesscardmanagement.com/bid/8800WP
28263,"CFBank, National Association",https://www.cf.bank,Columbus,OH,$2.11B,Equipment Financing,Treasury Management Officers,https://www.ezbusinesscardmanagement.com/bid/8800WP
28263,"CFBank, National Association",https://www.cf.bank,Columbus,OH,$2.11B,Treasury Management Services,"CFBank’s Treasury Management Officers are here to partner with you, helping you effectively manage capital and grow your business.",https://www.ezbusinesscardmanagement.com/bid/8800WP
28263,"CFBank, National Association",https://www.cf.bank,Columbus,OH,$2.11B,TREASURY MANAGEMENT OFFICERS,Contact your local Treasury Management Officer today to get started!,https://www.ezbusinesscardmanagement.com/bid/8800WP
17470,First Bank Chicago,https://www.firstbankchicago.com,Highland Park,IL,$2.09B,Randy L. Green,Executive Chairman of the Board,https://www.firstbankchicago.com/our-team
17470,First Bank Chicago,https://www.firstbankchicago.com,Highland Park,IL,$2.09B,Eric Ephraim,Chief Executive Officer & President,https://www.firstbankchicago.com/our-team
17470,First Bank Chicago,https://www.firstbankchicago.com,Highland Park,IL,$2.09B,Brien Leahy,Chief Operating Officer,https://www.firstbankchicago.com/our-team
17470,First Bank Chicago,https://www.firstbankchicago.com,Highland Park,IL,$2.09B,Jackie Flick,Senior Vice President,https://www.firstbankchicago.com/our-team
17470,First Bank Chicago,https://www.firstbankchicago.com,Highland Park,IL,$2.09B,Amy Kahhat,Vice President,https://www.firstbankchicago.com/our-team
17470,First Bank Chicago,https://www.firstbankchicago.com,Highland Park,IL,$2.09B,David Putrus,Vice President,https://www.firstbankchicago.com/our-team
17470,First Bank Chicago,https://www.firstbankchicago.com,Highland Park,IL,$2.09B,David J. Giangiorgi,Senior Vice President,https://www.firstbankchicago.com/our-team
17470,First Bank Chicago,https://www.firstbankchicago.com,Highland Park,IL,$2.09B,Nancy Boshes,Senior Vice President,https://www.firstbankchicago.com/our-team
17470,First Bank Chicago,https://www.firstbankchicago.com,Highland Park,IL,$2.09B,Senior Vice President,"Managing Director, Private Banking",https://www.firstbankchicago.com/our-team
17470,First Bank Chicago,https://www.firstbankchicago.com,Highland Park,IL,$2.09B,Anthony Kapp,Vice President,https://www.firstbankchicago.com/our-team
17470,First Bank Chicago,https://www.firstbankchicago.com,Highland Park,IL,$2.09B,Angela Castaneda,Assistant Vice President,https://www.firstbankchicago.com/our-team
17470,First Bank Chicago,https://www.firstbankchicago.com,Highland Park,IL,$2.09B,Jordan Kaskel,Private Banking Officer,https://www.firstbankchicago.com/our-team
17470,First Bank Chicago,https://www.firstbankchicago.com,Highland Park,IL,$2.09B,Courtney Olson,Senior Vice President,https://www.firstbankchicago.com/our-team
17470,First Bank Chicago,https://www.firstbankchicago.com,Highland Park,IL,$2.09B,Claudia Phalen,Vice President,https://www.firstbankchicago.com/our-team
17470,First Bank Chicago,https://www.firstbankchicago.com,Highland Park,IL,$2.09B,Vice President,Business Banking Credit Officer,https://www.firstbankchicago.com/our-team
17470,First Bank Chicago,https://www.firstbankchicago.com,Highland Park,IL,$2.09B,William K. McGowan,Chief Commercial Banking Officer,https://www.firstbankchicago.com/our-team
17470,First Bank Chicago,https://www.firstbankchicago.com,Highland Park,IL,$2.09B,Deanna Levin,Executive Vice President,https://www.firstbankchicago.com/our-team
17470,First Bank Chicago,https://www.firstbankchicago.com,Highland Park,IL,$2.09B,Christina K. Bavery,Senior Vice President,https://www.firstbankchicago.com/our-team
17470,First Bank Chicago,https://www.firstbankchicago.com,Highland Park,IL,$2.09B,Merrilee Rojas,Senior Vice President,https://www.firstbankchicago.com/our-team
17470,First Bank Chicago,https://www.firstbankchicago.com,Highland Park,IL,$2.09B,Sarah Gin,Senior Vice President,https://www.firstbankchicago.com/our-team
17470,First Bank Chicago,https://www.firstbankchicago.com,Highland Park,IL,$2.09B,Jodi Sugar,Senior Vice President,https://www.firstbankchicago.com/our-team
17470,First Bank Chicago,https://www.firstbankchicago.com,Highland Park,IL,$2.09B,Brian Bock,Vice President,https://www.firstbankchicago.com/our-team
17470,First Bank Chicago,https://www.firstbankchicago.com,Highland Park,IL,$2.09B,Olga Edds,Vice President,https://www.firstbankchicago.com/our-team
17470,First Bank Chicago,https://www.firstbankchicago.com,Highland Park,IL,$2.09B,Andy Kocur,Vice President,https://www.firstbankchicago.com/our-team
17470,First Bank Chicago,https://www.firstbankchicago.com,Highland Park,IL,$2.09B,Michael Dotson,Vice President,https://www.firstbankchicago.com/our-team
17470,First Bank Chicago,https://www.firstbankchicago.com,Highland Park,IL,$2.09B,Andrew Brinkman,Assistant Vice President,https://www.firstbankchicago.com/our-team
17470,First Bank Chicago,https://www.firstbankchicago.com,Highland Park,IL,$2.09B,Angela Santello,"Portfolio Manager, Deposit Relationships - Commercial Banking Officer",https://www.firstbankchicago.com/our-team
17470,First Bank Chicago,https://www.firstbankchicago.com,Highland Park,IL,$2.09B,Lesley Prestegaard,Senior Vice President,https://www.firstbankchicago.com/our-team
17470,First Bank Chicago,https://www.firstbankchicago.com,Highland Park,IL,$2.09B,Mary Hadzalic,Vice President,https://www.firstbankchicago.com/our-team
17470,First Bank Chicago,https://www.firstbankchicago.com,Highland Park,IL,$2.09B,Marcela Melendez,"Chief Lending Officer, Lease Finance",https://www.firstbankchicago.com/our-team
17470,First Bank Chicago,https://www.firstbankchicago.com,Highland Park,IL,$2.09B,Patrick Tatarek,Executive Vice President,https://www.firstbankchicago.com/our-team
17470,First Bank Chicago,https://www.firstbankchicago.com,Highland Park,IL,$2.09B,Michael Trimble,Senior Vice President,https://www.firstbankchicago.com/our-team
17470,First Bank Chicago,https://www.firstbankchicago.com,Highland Park,IL,$2.09B,Ryan Liebgott,Vice President,https://www.firstbankchicago.com/our-team
17470,First Bank Chicago,https://www.firstbankchicago.com,Highland Park,IL,$2.09B,Patrick Niday,Vice President,https://www.firstbankchicago.com/our-team
17470,First Bank Chicago,https://www.firstbankchicago.com,Highland Park,IL,$2.09B,Jon Komerofsky,Assistant Vice President,https://www.firstbankchicago.com/our-team
17470,First Bank Chicago,https://www.firstbankchicago.com,Highland Park,IL,$2.09B,Samuel Jaramillo,Assistant Vice President,https://www.firstbankchicago.com/our-team
17470,First Bank Chicago,https://www.firstbankchicago.com,Highland Park,IL,$2.09B,Janet Contreras,Credit Analyst and Documentation Officer,https://www.firstbankchicago.com/our-team
17470,First Bank Chicago,https://www.firstbankchicago.com,Highland Park,IL,$2.09B,John Berghorst,"Chief Lending Officer, Commercial Real Estate",https://www.firstbankchicago.com/our-team
17470,First Bank Chicago,https://www.firstbankchicago.com,Highland Park,IL,$2.09B,Nathan Bowker,Senior Vice President,https://www.firstbankchicago.com/our-team
17470,First Bank Chicago,https://www.firstbankchicago.com,Highland Park,IL,$2.09B,Marcus D. Frye,Senior Vice President,https://www.firstbankchicago.com/our-team
17470,First Bank Chicago,https://www.firstbankchicago.com,Highland Park,IL,$2.09B,Vince Laughlin,Senior Vice President,https://www.firstbankchicago.com/our-team
17470,First Bank Chicago,https://www.firstbankchicago.com,Highland Park,IL,$2.09B,Katerina A. Ouchakov,Senior Vice President,https://www.firstbankchicago.com/our-team
17470,First Bank Chicago,https://www.firstbankchicago.com,Highland Park,IL,$2.09B,Marc Zisook,Senior Vice President,https://www.firstbankchicago.com/our-team
17470,First Bank Chicago,https://www.firstbankchicago.com,Highland Park,IL,$2.09B,Regina M. Hirn,Senior Vice President,https://www.firstbankchicago.com/our-team
17470,First Bank Chicago,https://www.firstbankchicago.com,Highland Park,IL,$2.09B,Matthew Caja,Vice President,https://www.firstbankchicago.com/our-team
17470,First Bank Chicago,https://www.firstbankchicago.com,Highland Park,IL,$2.09B,Cheryl Braude,Chief Credit Officer,https://www.firstbankchicago.com/our-team
17470,First Bank Chicago,https://www.firstbankchicago.com,Highland Park,IL,$2.09B,Sara DeKuiper,Senior Vice President,https://www.firstbankchicago.com/our-team
17470,First Bank Chicago,https://www.firstbankchicago.com,Highland Park,IL,$2.09B,Franki Tran,Assistant Vice President,https://www.firstbankchicago.com/our-team
17470,First Bank Chicago,https://www.firstbankchicago.com,Highland Park,IL,$2.09B,Assistant Vice President,Credit Review Officer,https://www.firstbankchicago.com/our-team
17470,First Bank Chicago,https://www.firstbankchicago.com,Highland Park,IL,$2.09B,Joseph Levigne,Chief Risk Officer,https://www.firstbankchicago.com/our-team
17470,First Bank Chicago,https://www.firstbankchicago.com,Highland Park,IL,$2.09B,Kerry Duellman,Executive Vice President,https://www.firstbankchicago.com/our-team
17470,First Bank Chicago,https://www.firstbankchicago.com,Highland Park,IL,$2.09B,Executive Vice President,Risk Officer,https://www.firstbankchicago.com/our-team
17470,First Bank Chicago,https://www.firstbankchicago.com,Highland Park,IL,$2.09B,Adam Vocalino-Szymanski,Vice President,https://www.firstbankchicago.com/our-team
17470,First Bank Chicago,https://www.firstbankchicago.com,Highland Park,IL,$2.09B,Kornelia Majkut,Assistant Vice President,https://www.firstbankchicago.com/our-team
17470,First Bank Chicago,https://www.firstbankchicago.com,Highland Park,IL,$2.09B,Randall Kiner,Assistant Vice President,https://www.firstbankchicago.com/our-team
17470,First Bank Chicago,https://www.firstbankchicago.com,Highland Park,IL,$2.09B,Sena Kararic,Assistant Vice President,https://www.firstbankchicago.com/our-team
17470,First Bank Chicago,https://www.firstbankchicago.com,Highland Park,IL,$2.09B,Scott Elza,Senior Vice President,https://www.firstbankchicago.com/our-team
17470,First Bank Chicago,https://www.firstbankchicago.com,Highland Park,IL,$2.09B,Jessica Brown,Senior Vice President,https://www.firstbankchicago.com/our-team
17470,First Bank Chicago,https://www.firstbankchicago.com,Highland Park,IL,$2.09B,Mary Ann Bley,Vice President,https://www.firstbankchicago.com/our-team
17470,First Bank Chicago,https://www.firstbankchicago.com,Highland Park,IL,$2.09B,Jacqueline Kaiser,Vice President,https://www.firstbankchicago.com/our-team
17470,First Bank Chicago,https://www.firstbankchicago.com,Highland Park,IL,$2.09B,Kimberly Imroth,Vice President,https://www.firstbankchicago.com/our-team
17470,First Bank Chicago,https://www.firstbankchicago.com,Highland Park,IL,$2.09B,Kimberly Smith,Vice President,https://www.firstbankchicago.com/our-team
17470,First Bank Chicago,https://www.firstbankchicago.com,Highland Park,IL,$2.09B,David Barrera,Assistant Vice President,https://www.firstbankchicago.com/our-team
17470,First Bank Chicago,https://www.firstbankchicago.com,Highland Park,IL,$2.09B,Miguel Hernandez,Loan Operations Officer,https://www.firstbankchicago.com/our-team
17470,First Bank Chicago,https://www.firstbankchicago.com,Highland Park,IL,$2.09B,Deuen Villa,Loan Operations Compliance Officer,https://www.firstbankchicago.com/our-team
17470,First Bank Chicago,https://www.firstbankchicago.com,Highland Park,IL,$2.09B,Todd Finnelly,Loan Operations Officer,https://www.firstbankchicago.com/our-team
17470,First Bank Chicago,https://www.firstbankchicago.com,Highland Park,IL,$2.09B,Dean Jukovich,Chief Financial Officer,https://www.firstbankchicago.com/our-team
17470,First Bank Chicago,https://www.firstbankchicago.com,Highland Park,IL,$2.09B,Silvia Chen,Vice President,https://www.firstbankchicago.com/our-team
17470,First Bank Chicago,https://www.firstbankchicago.com,Highland Park,IL,$2.09B,Yan Song,Vice President,https://www.firstbankchicago.com/our-team
17470,First Bank Chicago,https://www.firstbankchicago.com,Highland Park,IL,$2.09B,Lisa Nichols,Chief Human Resources Officer,https://www.firstbankchicago.com/our-team
17470,First Bank Chicago,https://www.firstbankchicago.com,Highland Park,IL,$2.09B,Deborah Elliott,Senior Vice President,https://www.firstbankchicago.com/our-team
17470,First Bank Chicago,https://www.firstbankchicago.com,Highland Park,IL,$2.09B,Nicole DiVito,Vice President,https://www.firstbankchicago.com/our-team
17470,First Bank Chicago,https://www.firstbankchicago.com,Highland Park,IL,$2.09B,Becky Davia,Total Rewards Officer,https://www.firstbankchicago.com/our-team
17470,First Bank Chicago,https://www.firstbankchicago.com,Highland Park,IL,$2.09B,Denise Bryant,Vice President,https://www.firstbankchicago.com/our-team
17470,First Bank Chicago,https://www.firstbankchicago.com,Highland Park,IL,$2.09B,Stacy Raven,Assistant Vice President,https://www.firstbankchicago.com/our-team
17470,First Bank Chicago,https://www.firstbankchicago.com,Highland Park,IL,$2.09B,Portfolio Manager,Deposit Relationships - Commercial Banking Officer,https://www.firstbankchicago.com/our-team
7151,The Lyons National Bank,https://www.bankwithlnb.com,Lyons,NY,$2.09B,Contact Us,Your experience on this site will be improved by allowing cookies.,https://bankwithlnb.com/business-banking/cash-management-solutions
7151,The Lyons National Bank,https://www.bankwithlnb.com,Lyons,NY,$2.09B,"Clair J. Britt, Jr.",Executive Vice President & Chief Commercial Loan Officer,https://bankwithlnb.com/business-banking/cash-management-solutions
7151,The Lyons National Bank,https://www.bankwithlnb.com,Lyons,NY,$2.09B,Ryan M. Hallings,Senior Vice President & Commercial/Agricultural Loan Officer,https://bankwithlnb.com/business-banking/cash-management-solutions
7151,The Lyons National Bank,https://www.bankwithlnb.com,Lyons,NY,$2.09B,James H. King,Senior Vice President & Commercial Loan Officer,https://bankwithlnb.com/business-banking/cash-management-solutions
7151,The Lyons National Bank,https://www.bankwithlnb.com,Lyons,NY,$2.09B,Mark J. DeBacco,Vice President & Commercial Loan Officer,https://bankwithlnb.com/business-banking/cash-management-solutions
7151,The Lyons National Bank,https://www.bankwithlnb.com,Lyons,NY,$2.09B,Michael A. Fratto,Vice President & Commercial Loan Officer,https://bankwithlnb.com/business-banking/cash-management-solutions
7151,The Lyons National Bank,https://www.bankwithlnb.com,Lyons,NY,$2.09B,Scott A. MacKenzie,Vice President/ Commercial & Agricultural Loan Officer,https://bankwithlnb.com/business-banking/cash-management-solutions
7151,The Lyons National Bank,https://www.bankwithlnb.com,Lyons,NY,$2.09B,Kraig M. vonHahmann,Vice President/ Commercial & Agricultural Loan Officer,https://bankwithlnb.com/business-banking/cash-management-solutions
7151,The Lyons National Bank,https://www.bankwithlnb.com,Lyons,NY,$2.09B,Todd L. Borsa,Assistant Vice President/ Commercial Loan Officer,https://bankwithlnb.com/business-banking/cash-management-solutions
7151,The Lyons National Bank,https://www.bankwithlnb.com,Lyons,NY,$2.09B,Michael Rusinko,Assistant Vice President/ Commercial Loan Officer,https://bankwithlnb.com/business-banking/cash-management-solutions
7151,The Lyons National Bank,https://www.bankwithlnb.com,Lyons,NY,$2.09B,Mackenzie M. Roberts,Commercial/Agricultural Loan Officer,https://bankwithlnb.com/business-banking/cash-management-solutions
7151,The Lyons National Bank,https://www.bankwithlnb.com,Lyons,NY,$2.09B,Justin J. Sinisi,Commercial/Agricultural Loan Officer,https://bankwithlnb.com/business-banking/cash-management-solutions
7151,The Lyons National Bank,https://www.bankwithlnb.com,Lyons,NY,$2.09B,ROBERT KOCZENT,"Vice President, Director of Financial Services",https://bankwithlnb.com/business-banking/cash-management-solutions
7151,The Lyons National Bank,https://www.bankwithlnb.com,Lyons,NY,$2.09B,CFP® CHFC®,Vice President,https://bankwithlnb.com/business-banking/cash-management-solutions
7151,The Lyons National Bank,https://www.bankwithlnb.com,Lyons,NY,$2.09B,Vice President,Director of Financial Services,https://bankwithlnb.com/business-banking/cash-management-solutions
8235,Planters Bank & Trust Company,https://www.planters-bank.com,Indianola,MS,$2.07B,Our Mission,Planters Bank Board of Directors,https://www.planters-bank.com/about-us
8235,Planters Bank & Trust Company,https://www.planters-bank.com,Indianola,MS,$2.07B,John Rodgers Brashier,Chairman,https://www.planters-bank.com/about-us
8235,Planters Bank & Trust Company,https://www.planters-bank.com,Indianola,MS,$2.07B,Fritz W. Anderson II,Director,https://www.planters-bank.com/about-us
8235,Planters Bank & Trust Company,https://www.planters-bank.com,Indianola,MS,$2.07B,Victor G. Byas Sr.,Director,https://www.planters-bank.com/about-us
8235,Planters Bank & Trust Company,https://www.planters-bank.com,Indianola,MS,$2.07B,Timothy A. Clements,Director,https://www.planters-bank.com/about-us
8235,Planters Bank & Trust Company,https://www.planters-bank.com,Indianola,MS,$2.07B,Edward P. (Ted) Connell,Director,https://www.planters-bank.com/about-us
8235,Planters Bank & Trust Company,https://www.planters-bank.com,Indianola,MS,$2.07B,Thomas G. Gresham,Director,https://www.planters-bank.com/about-us
8235,Planters Bank & Trust Company,https://www.planters-bank.com,Indianola,MS,$2.07B,Alan H. Hargett,Director/ President and CEO,https://www.planters-bank.com/about-us
8235,Planters Bank & Trust Company,https://www.planters-bank.com,Indianola,MS,$2.07B,Margaret R.(Becky) Nowell,Director,https://www.planters-bank.com/about-us
8235,Planters Bank & Trust Company,https://www.planters-bank.com,Indianola,MS,$2.07B,William E. (Billy) Orgel,Director,https://www.planters-bank.com/about-us
8235,Planters Bank & Trust Company,https://www.planters-bank.com,Indianola,MS,$2.07B,"Michael Retzer, Jr.",Director,https://www.planters-bank.com/about-us
8235,Planters Bank & Trust Company,https://www.planters-bank.com,Indianola,MS,$2.07B,Alexander B. Robertson Sr.,Director,https://www.planters-bank.com/about-us
8235,Planters Bank & Trust Company,https://www.planters-bank.com,Indianola,MS,$2.07B,Benjamin B. Robertson,Director,https://www.planters-bank.com/about-us
8235,Planters Bank & Trust Company,https://www.planters-bank.com,Indianola,MS,$2.07B,"James C. Robertson, Jr.",Director,https://www.planters-bank.com/about-us
8235,Planters Bank & Trust Company,https://www.planters-bank.com,Indianola,MS,$2.07B,Jimmy Gammill,EVP/ Chief Information Officer,https://www.planters-bank.com/about-us
8235,Planters Bank & Trust Company,https://www.planters-bank.com,Indianola,MS,$2.07B,Zak Kinchen,EVP/Chief Risk Officer,https://www.planters-bank.com/about-us
8235,Planters Bank & Trust Company,https://www.planters-bank.com,Indianola,MS,$2.07B,Jessica Milam,EVP/ Chief Administrative Officer,https://www.planters-bank.com/about-us
8235,Planters Bank & Trust Company,https://www.planters-bank.com,Indianola,MS,$2.07B,Jim Quinn,EVP/ Chief Banking Officer,https://www.planters-bank.com/about-us
8235,Planters Bank & Trust Company,https://www.planters-bank.com,Indianola,MS,$2.07B,Andy Sanders,EVP/ Chief Operating Officer,https://www.planters-bank.com/about-us
8235,Planters Bank & Trust Company,https://www.planters-bank.com,Indianola,MS,$2.07B,Henry Torres,EVP/ Chief Financial Officer,https://www.planters-bank.com/about-us
34047,First Community Bank,https://www.firstcommunitysc.com,Lexington,SC,$2.07B,Michael C. “Mike” Crapps,President & Chief Executive Officer,https://www.firstcommunitysc.com/about/leadership
34047,First Community Bank,https://www.firstcommunitysc.com,Lexington,SC,$2.07B,"John F. ""Jack"" Walker IV",Executive Vice President,https://www.firstcommunitysc.com/about/leadership
34047,First Community Bank,https://www.firstcommunitysc.com,Lexington,SC,$2.07B,Executive Vice President,Chief Credit Officer,https://www.firstcommunitysc.com/about/leadership
34047,First Community Bank,https://www.firstcommunitysc.com,Lexington,SC,$2.07B,"Joseph A. ""Drew"" Painter",Executive Vice President,https://www.firstcommunitysc.com/about/leadership
34047,First Community Bank,https://www.firstcommunitysc.com,Lexington,SC,$2.07B,Robin D. Brown,Executive Vice President,https://www.firstcommunitysc.com/about/leadership
34047,First Community Bank,https://www.firstcommunitysc.com,Lexington,SC,$2.07B,J. Ted Nissen,President & Chief Executive Officer,https://www.firstcommunitysc.com/about/leadership
34047,First Community Bank,https://www.firstcommunitysc.com,Lexington,SC,$2.07B,D. Shawn Jordan,Executive Vice President,https://www.firstcommunitysc.com/about/leadership
34047,First Community Bank,https://www.firstcommunitysc.com,Lexington,SC,$2.07B,Sarah T. Donley,Executive Vice President,https://www.firstcommunitysc.com/about/leadership
34047,First Community Bank,https://www.firstcommunitysc.com,Lexington,SC,$2.07B,Vaughan R. Dozier Jr.,Executive Vice President,https://www.firstcommunitysc.com/about/leadership
34047,First Community Bank,https://www.firstcommunitysc.com,Lexington,SC,$2.07B,Jon W. Been,CEO,https://www.firstcommunitysc.com/about/leadership
34047,First Community Bank,https://www.firstcommunitysc.com,Lexington,SC,$2.07B,Thomas C. Brown,Rector,https://www.firstcommunitysc.com/about/leadership
34047,First Community Bank,https://www.firstcommunitysc.com,Lexington,SC,$2.07B,Chimin J. Chao,Chairman,https://www.firstcommunitysc.com/about/leadership
34047,First Community Bank,https://www.firstcommunitysc.com,Lexington,SC,$2.07B,Michael C. Crapps,President & Chief Executive Officer,https://www.firstcommunitysc.com/about/leadership
34047,First Community Bank,https://www.firstcommunitysc.com,Lexington,SC,$2.07B,Freddie J. Deutsch,Executive Vice President,https://www.firstcommunitysc.com/about/leadership
34047,First Community Bank,https://www.firstcommunitysc.com,Lexington,SC,$2.07B,Jan H. Hollar,Former CEO,https://www.firstcommunitysc.com/about/leadership
34047,First Community Bank,https://www.firstcommunitysc.com,Lexington,SC,$2.07B,"W. James Kitchens, Jr.",Vice Chairman,https://www.firstcommunitysc.com/about/leadership
34047,First Community Bank,https://www.firstcommunitysc.com,Lexington,SC,$2.07B,Mickey E. Layden,"President/CEO, LCK",https://www.firstcommunitysc.com/about/leadership
34047,First Community Bank,https://www.firstcommunitysc.com,Lexington,SC,$2.07B,"President/CEO, LCK","Executive Vice President, Colliers International",https://www.firstcommunitysc.com/about/leadership
34047,First Community Bank,https://www.firstcommunitysc.com,Lexington,SC,$2.07B,E. Leland Reynolds,Co-Owner and Vice President,https://www.firstcommunitysc.com/about/leadership
34047,First Community Bank,https://www.firstcommunitysc.com,Lexington,SC,$2.07B,"Alexander ""Alex"" Snipe Jr.",President,https://www.firstcommunitysc.com/about/leadership
34047,First Community Bank,https://www.firstcommunitysc.com,Lexington,SC,$2.07B,Jane S. Sosebee,Former President,https://www.firstcommunitysc.com/about/leadership
9204,Central Bank,https://www.cbutah.com,Provo,UT,$2.06B,About Us,President’s Message,https://www.cbutah.com/about
21573,Bank of Tennessee,https://www.bankoftennessee.com,Kingsport,TN,$2.05B,Manage Your Cash Flow,The Treasurer’s Security Checklist,https://www.bankoftennessee.com/about/leadership
5854,"South Central Bank,  Inc.",https://www.southcentralbank.com,Glasgow,KY,$2.04B,Login Menu,Board of Directors,https://www.southcentralbank.com/about/board
5854,"South Central Bank,  Inc.",https://www.southcentralbank.com,Glasgow,KY,$2.04B,You are here:,Board of Directors,https://www.southcentralbank.com/about/board
5854,"South Central Bank,  Inc.",https://www.southcentralbank.com,Glasgow,KY,$2.04B,Billy Bale,Secretary,https://www.southcentralbank.com/about/board
5854,"South Central Bank,  Inc.",https://www.southcentralbank.com,Glasgow,KY,$2.04B,Tommy Ross,President/CEO,https://www.southcentralbank.com/about/board
5854,"South Central Bank,  Inc.",https://www.southcentralbank.com,Glasgow,KY,$2.04B,William Bucher,Director,https://www.southcentralbank.com/about/board
5854,"South Central Bank,  Inc.",https://www.southcentralbank.com,Glasgow,KY,$2.04B,James Cook,Director,https://www.southcentralbank.com/about/board
5854,"South Central Bank,  Inc.",https://www.southcentralbank.com,Glasgow,KY,$2.04B,David Fort,Director,https://www.southcentralbank.com/about/board
5854,"South Central Bank,  Inc.",https://www.southcentralbank.com,Glasgow,KY,$2.04B,Woody Gardner,Director,https://www.southcentralbank.com/about/board
5854,"South Central Bank,  Inc.",https://www.southcentralbank.com,Glasgow,KY,$2.04B,Larry Glass,Director,https://www.southcentralbank.com/about/board
5854,"South Central Bank,  Inc.",https://www.southcentralbank.com,Glasgow,KY,$2.04B,Michael Halliday,Director,https://www.southcentralbank.com/about/board
5854,"South Central Bank,  Inc.",https://www.southcentralbank.com,Glasgow,KY,$2.04B,Matthew Hayden,Director,https://www.southcentralbank.com/about/board
5854,"South Central Bank,  Inc.",https://www.southcentralbank.com,Glasgow,KY,$2.04B,Dr. Gary Inman,Director,https://www.southcentralbank.com/about/board
5854,"South Central Bank,  Inc.",https://www.southcentralbank.com,Glasgow,KY,$2.04B,George Kauffeld,Director,https://www.southcentralbank.com/about/board
5854,"South Central Bank,  Inc.",https://www.southcentralbank.com,Glasgow,KY,$2.04B,David Mann,Director,https://www.southcentralbank.com/about/board
5854,"South Central Bank,  Inc.",https://www.southcentralbank.com,Glasgow,KY,$2.04B,Dan McIvor,Director,https://www.southcentralbank.com/about/board
5854,"South Central Bank,  Inc.",https://www.southcentralbank.com,Glasgow,KY,$2.04B,Tim McMillen,Director,https://www.southcentralbank.com/about/board
5854,"South Central Bank,  Inc.",https://www.southcentralbank.com,Glasgow,KY,$2.04B,Dr. Chris Nichols,Director,https://www.southcentralbank.com/about/board
5854,"South Central Bank,  Inc.",https://www.southcentralbank.com,Glasgow,KY,$2.04B,Al Pedigo,Director,https://www.southcentralbank.com/about/board
5854,"South Central Bank,  Inc.",https://www.southcentralbank.com,Glasgow,KY,$2.04B,Dr. Matthew Riley,Director,https://www.southcentralbank.com/about/board
5854,"South Central Bank,  Inc.",https://www.southcentralbank.com,Glasgow,KY,$2.04B,Ed Riney,Director,https://www.southcentralbank.com/about/board
5854,"South Central Bank,  Inc.",https://www.southcentralbank.com,Glasgow,KY,$2.04B,Ben Quinn,Director,https://www.southcentralbank.com/about/board
5854,"South Central Bank,  Inc.",https://www.southcentralbank.com,Glasgow,KY,$2.04B,Richie Sanders,Director,https://www.southcentralbank.com/about/board
5854,"South Central Bank,  Inc.",https://www.southcentralbank.com,Glasgow,KY,$2.04B,Norbert Skees,Director,https://www.southcentralbank.com/about/board
5854,"South Central Bank,  Inc.",https://www.southcentralbank.com,Glasgow,KY,$2.04B,Joe Stephens,Director,https://www.southcentralbank.com/about/board
5854,"South Central Bank,  Inc.",https://www.southcentralbank.com,Glasgow,KY,$2.04B,John Wright,Director,https://www.southcentralbank.com/about/board
5854,"South Central Bank,  Inc.",https://www.southcentralbank.com,Glasgow,KY,$2.04B,Walter York,Director,https://www.southcentralbank.com/about/board
5854,"South Central Bank,  Inc.",https://www.southcentralbank.com,Glasgow,KY,$2.04B,Values Statement,Board of Directors,https://www.southcentralbank.com/about/board
26336,The Village Bank,https://www.village-bank.com,Newton,MA,$2.03B,Joseph A. De Vito,President and Chief Executive Officer,https://www.village-bank.com/about/leadership
26336,The Village Bank,https://www.village-bank.com,Newton,MA,$2.03B,"Thomas R. Keery, II",Chairman of the Board,https://www.village-bank.com/about/leadership
26336,The Village Bank,https://www.village-bank.com,Newton,MA,$2.03B,Walter F. Tennant,Executives & Senior VP's,https://www.village-bank.com/about/leadership
26336,The Village Bank,https://www.village-bank.com,Newton,MA,$2.03B,Andrew Franklin,Executive Vice President,https://www.village-bank.com/about/leadership
26336,The Village Bank,https://www.village-bank.com,Newton,MA,$2.03B,Executive Vice President,Chief Lending Officer,https://www.village-bank.com/about/leadership
26336,The Village Bank,https://www.village-bank.com,Newton,MA,$2.03B,Lisa Boccabella,Senior Vice President,https://www.village-bank.com/about/leadership
26336,The Village Bank,https://www.village-bank.com,Newton,MA,$2.03B,Senior Vice President,Chief Risk Officer,https://www.village-bank.com/about/leadership
26336,The Village Bank,https://www.village-bank.com,Newton,MA,$2.03B,Eric D. Boecher,Senior Vice President,https://www.village-bank.com/about/leadership
26336,The Village Bank,https://www.village-bank.com,Newton,MA,$2.03B,John L. Karacalidis,Senior Vice President,https://www.village-bank.com/about/leadership
26336,The Village Bank,https://www.village-bank.com,Newton,MA,$2.03B,Amy Werner,Senior Vice President,https://www.village-bank.com/about/leadership
26336,The Village Bank,https://www.village-bank.com,Newton,MA,$2.03B,Michael W. Harrington,Senior Vice President,https://www.village-bank.com/about/leadership
26336,The Village Bank,https://www.village-bank.com,Newton,MA,$2.03B,Nicole E. Jencunas,Senior Vice President,https://www.village-bank.com/about/leadership
26336,The Village Bank,https://www.village-bank.com,Newton,MA,$2.03B,Michael P. Jordan,Senior Vice President,https://www.village-bank.com/about/leadership
26336,The Village Bank,https://www.village-bank.com,Newton,MA,$2.03B,Stephanie Lewers,Senior Vice President,https://www.village-bank.com/about/leadership
26336,The Village Bank,https://www.village-bank.com,Newton,MA,$2.03B,"David C. Pennybaker, Jr.",Senior Vice President,https://www.village-bank.com/about/leadership
26336,The Village Bank,https://www.village-bank.com,Newton,MA,$2.03B,Stephanie Rodgers,Senior Vice President,https://www.village-bank.com/about/leadership
26336,The Village Bank,https://www.village-bank.com,Newton,MA,$2.03B,Website Terms & Conditions,Website Privacy and Cookie Usage Statement,https://www.village-bank.com/about/leadership
1117,American Bank & Trust,https://www.abt.bank,Sioux Falls,SD,$2.02B,Jeff Erickson,Executive Chairman,https://www.abt.bank/about/board
1117,American Bank & Trust,https://www.abt.bank,Sioux Falls,SD,$2.02B,Scott Erickson,President & Chief Executive Officer,https://www.abt.bank/about/board
34681,"Crystal Lake Bank and Trust Company, National Association",https://crystallakebank.com,Crystal Lake,IL,$2.02B,Jim Thorpe,CEO,https://www.crystallakebank.com/about-your-bank/connect-with-us/findus.html
34681,"Crystal Lake Bank and Trust Company, National Association",https://crystallakebank.com,Crystal Lake,IL,$2.02B,Karen Baker,VICE PRESIDENT,https://www.crystallakebank.com/about-your-bank/connect-with-us/findus.html
34681,"Crystal Lake Bank and Trust Company, National Association",https://crystallakebank.com,Crystal Lake,IL,$2.02B,Mary Caporale,VICE PRESIDENT,https://www.crystallakebank.com/about-your-bank/connect-with-us/findus.html
34681,"Crystal Lake Bank and Trust Company, National Association",https://crystallakebank.com,Crystal Lake,IL,$2.02B,Pierre Garcia,VICE PRESIDENT,https://www.crystallakebank.com/about-your-bank/connect-with-us/findus.html
28453,Timberland Bank,http://www.timberlandbank.com,Hoquiam,WA,$2.01B,Matt DeBord,"EVP, Chief Lending Officer",https://treasury.jackhenry.com/timberlandbank#/login
28453,Timberland Bank,http://www.timberlandbank.com,Hoquiam,WA,$2.01B,Tim Collins,"SVP, Commercial Loan Officer",https://treasury.jackhenry.com/timberlandbank#/login
28453,Timberland Bank,http://www.timberlandbank.com,Hoquiam,WA,$2.01B,Steve Kim,"SVP, Commercial Loan Officer",https://treasury.jackhenry.com/timberlandbank#/login
28453,Timberland Bank,http://www.timberlandbank.com,Hoquiam,WA,$2.01B,Brent Stenman,"SVP, Commercial Loan Officer",https://treasury.jackhenry.com/timberlandbank#/login
28453,Timberland Bank,http://www.timberlandbank.com,Hoquiam,WA,$2.01B,Ashley VanZuyt,"SVP, Commercial Loan Officer",https://treasury.jackhenry.com/timberlandbank#/login
28453,Timberland Bank,http://www.timberlandbank.com,Hoquiam,WA,$2.01B,Samantha Neuzil,"VP, Commercial Loan Officer",https://treasury.jackhenry.com/timberlandbank#/login
28453,Timberland Bank,http://www.timberlandbank.com,Hoquiam,WA,$2.01B,Tyler Gore,"VP, Commercial Loan Officer",https://treasury.jackhenry.com/timberlandbank#/login
28453,Timberland Bank,http://www.timberlandbank.com,Hoquiam,WA,$2.01B,Joel Slovick,"VP, Commercial Loan Officer",https://treasury.jackhenry.com/timberlandbank#/login
28453,Timberland Bank,http://www.timberlandbank.com,Hoquiam,WA,$2.01B,Jack McEntee,"VP, Commercial Loan Officer",https://treasury.jackhenry.com/timberlandbank#/login
28453,Timberland Bank,http://www.timberlandbank.com,Hoquiam,WA,$2.01B,Tony Phillips,Commercial Loan Officer,https://treasury.jackhenry.com/timberlandbank#/login
28453,Timberland Bank,http://www.timberlandbank.com,Hoquiam,WA,$2.01B,Diana Grantham,"VP, Cash Management Manager",https://treasury.jackhenry.com/timberlandbank#/login
28453,Timberland Bank,http://www.timberlandbank.com,Hoquiam,WA,$2.01B,Brenda Gisse,"VP, Cash Management Specialist",https://treasury.jackhenry.com/timberlandbank#/login
28453,Timberland Bank,http://www.timberlandbank.com,Hoquiam,WA,$2.01B,Michelle Hanson,"VP, Private Banking Officer",https://treasury.jackhenry.com/timberlandbank#/login
28453,Timberland Bank,http://www.timberlandbank.com,Hoquiam,WA,$2.01B,Gilda Obi-Davis,"AVP, Cash Management Specialist",https://treasury.jackhenry.com/timberlandbank#/login
8252,Omb Bank,https://www.ombbank.com,Springfield,MO,$2.01B,Mark A. Harrington,President & CEO,https://www.ombbank.com/about
8252,Omb Bank,https://www.ombbank.com,Springfield,MO,$2.01B,Mark Harrington,President & Chief Executive Officer,https://www.ombbank.com/about
8252,Omb Bank,https://www.ombbank.com,Springfield,MO,$2.01B,Jeff Palmer,"EVP, Chief Financial Officer",https://www.ombbank.com/about
8252,Omb Bank,https://www.ombbank.com,Springfield,MO,$2.01B,John Maupin,"EVP, Chief Lending Officer",https://www.ombbank.com/about
8252,Omb Bank,https://www.ombbank.com,Springfield,MO,$2.01B,Joey Orr,"EVP, Chief Operations Officer",https://www.ombbank.com/about
8252,Omb Bank,https://www.ombbank.com,Springfield,MO,$2.01B,Cody Hansen,"EVP, Chief Credit Officer",https://www.ombbank.com/about
8252,Omb Bank,https://www.ombbank.com,Springfield,MO,$2.01B,Michelle Sullivan,"EVP, Chief Risk Officer",https://www.ombbank.com/about
8252,Omb Bank,https://www.ombbank.com,Springfield,MO,$2.01B,Jessica Sims,"EVP, Chief of Staff",https://www.ombbank.com/about
59205,Nelnet Bank,https://www.nelnetbank.com,Draper,UT,$2.00B,Rohit Dewan,President and Chief Executive Officer,https://www.nelnetbank.com/leadership
59205,Nelnet Bank,https://www.nelnetbank.com,Draper,UT,$2.00B,Julie Buchholz,Chief Operations Officer / Community Reinvestment Act Officer,https://www.nelnetbank.com/leadership
59205,Nelnet Bank,https://www.nelnetbank.com,Draper,UT,$2.00B,Cindy Fulton-Serrano,Chief Financial Officer,https://www.nelnetbank.com/leadership
59205,Nelnet Bank,https://www.nelnetbank.com,Draper,UT,$2.00B,Mike Dunlap,Chairman,https://www.nelnetbank.com/leadership
59205,Nelnet Bank,https://www.nelnetbank.com,Draper,UT,$2.00B,Tim Tewes,Vice Chairman,https://www.nelnetbank.com/leadership
59205,Nelnet Bank,https://www.nelnetbank.com,Draper,UT,$2.00B,Executive Leadership,Board of Directors,https://www.nelnetbank.com/leadership
4857,First United Bank & Trust,https://www.mybank.com,Oakland,MD,$2.00B,Online Account Opening,"Expanding available digital solutions for customers, First United begins offering online personal account opening on October 18, 2008.",https://www.mybank.com/about
4857,First United Bank & Trust,https://www.mybank.com,Oakland,MD,$2.00B,Rodeheaver Named President & CFO,Carissa L. Rodeheaver is promoted to President and Chief Financial Officer.,https://www.mybank.com/about
4857,First United Bank & Trust,https://www.mybank.com,Oakland,MD,$2.00B,Rodeheaver Named CEO & Chairman,"January 1, 2016, Carissa L. Rodeheaver is promoted to Chairman of the Board, Chief Executive Officer and President.",https://www.mybank.com/about
4857,First United Bank & Trust,https://www.mybank.com,Oakland,MD,$2.00B,Carissa Rodeheaver,"Chairman of the Board, President and CEO",https://www.mybank.com/about
4857,First United Bank & Trust,https://www.mybank.com,Oakland,MD,$2.00B,Carissa L. Rodeheaver,"SENIOR VICE PRESIDENT, CHIEF FINANCIAL OFFICER, SECRETARY AND TREASURER",https://www.mybank.com/about
4857,First United Bank & Trust,https://www.mybank.com,Oakland,MD,$2.00B,Tonya K. Sturm,"SENIOR VICE PRESIDENT, CHIEF WEALTH OFFICER",https://www.mybank.com/about
4857,First United Bank & Trust,https://www.mybank.com,Oakland,MD,$2.00B,Keith Sanders,PRESIDENT & CHIEF EXECUTIVE OFFICER,https://www.mybank.com/about
4857,First United Bank & Trust,https://www.mybank.com,Oakland,MD,$2.00B,Jason B. Rush,"SENIOR VICE PRESIDENT, CHIEF REVENUE OFFICER",https://www.mybank.com/about
4857,First United Bank & Trust,https://www.mybank.com,Oakland,MD,$2.00B,R.L. Fisher,"SENIOR VICE PRESIDENT, CHIEF CREDIT OFFICER",https://www.mybank.com/about
4857,First United Bank & Trust,https://www.mybank.com,Oakland,MD,$2.00B,Executive Team,CHIEF EXECUTIVE OFFICER,https://www.mybank.com/about
4857,First United Bank & Trust,https://www.mybank.com,Oakland,MD,$2.00B,Brian R. Boal,INDEPENDENT DIRECTOR,https://www.mybank.com/about
4857,First United Bank & Trust,https://www.mybank.com,Oakland,MD,$2.00B,Sanu Chadha,INDEPENDENT DIRECTOR,https://www.mybank.com/about
4857,First United Bank & Trust,https://www.mybank.com,Oakland,MD,$2.00B,John F. Barr,INDEPENDENT DIRECTOR,https://www.mybank.com/about
4857,First United Bank & Trust,https://www.mybank.com,Oakland,MD,$2.00B,Christy DiPietro,INDEPENDENT DIRECTOR,https://www.mybank.com/about
4857,First United Bank & Trust,https://www.mybank.com,Oakland,MD,$2.00B,I. Robert Rudy,INDEPENDENT DIRECTOR,https://www.mybank.com/about
4857,First United Bank & Trust,https://www.mybank.com,Oakland,MD,$2.00B,Hoye Andrew Walls III,INDEPENDENT DIRECTOR,https://www.mybank.com/about
4857,First United Bank & Trust,https://www.mybank.com,Oakland,MD,$2.00B,Patricia Milon,INDEPENDENT DIRECTOR,https://www.mybank.com/about
4857,First United Bank & Trust,https://www.mybank.com,Oakland,MD,$2.00B,Kevin Hessler,Board of Directors,https://www.mybank.com/about
4857,First United Bank & Trust,https://www.mybank.com,Oakland,MD,$2.00B,Expanding available digital solutions for customers,"First United begins offering online personal account opening on October 18, 2008.",https://www.mybank.com/about
4857,First United Bank & Trust,https://www.mybank.com,Oakland,MD,$2.00B,Chairman of the Board,President and CEO,https://www.mybank.com/about
4857,First United Bank & Trust,https://www.mybank.com,Oakland,MD,$2.00B,SENIOR VICE PRESIDENT,"CHIEF FINANCIAL OFFICER, SECRETARY AND TREASURER",https://www.mybank.com/about
33457,Oak Valley Community Bank,https://www.ovcb.com,Oakdale,CA,$2.00B,EXECUTIVE TEAM,BRANCH OFFICERS,https://www.ovcb.com/about/our-team
33457,Oak Valley Community Bank,https://www.ovcb.com,Oakdale,CA,$2.00B,BRANCH OFFICERS,COMMERCIAL BANKING OFFICERS,https://www.ovcb.com/about/our-team
58811,One Florida Bank,https://WWW.ONEFLORIDABANK.COM,Orlando,FL,$2.00B,Randy Burden,Chairman,https://www.onefloridabank.com/about-us
58811,One Florida Bank,https://WWW.ONEFLORIDABANK.COM,Orlando,FL,$2.00B,Rick Pullum,President and Chief Executive Officer,https://www.onefloridabank.com/about-us
58811,One Florida Bank,https://WWW.ONEFLORIDABANK.COM,Orlando,FL,$2.00B,Eric Nadeau,Chief Financial Officer,https://www.onefloridabank.com/about-us
58811,One Florida Bank,https://WWW.ONEFLORIDABANK.COM,Orlando,FL,$2.00B,Rick Anderson,Chief Commercial Banking Officer,https://www.onefloridabank.com/about-us
58811,One Florida Bank,https://WWW.ONEFLORIDABANK.COM,Orlando,FL,$2.00B,Cary Berman,Chief Retail Banking Officer,https://www.onefloridabank.com/about-us
58811,One Florida Bank,https://WWW.ONEFLORIDABANK.COM,Orlando,FL,$2.00B,Jessica Cross,Director of Treasury Management,https://www.onefloridabank.com/about-us
58811,One Florida Bank,https://WWW.ONEFLORIDABANK.COM,Orlando,FL,$2.00B,Matt Diemer,Commercial Banking Director,https://www.onefloridabank.com/about-us
58811,One Florida Bank,https://WWW.ONEFLORIDABANK.COM,Orlando,FL,$2.00B,Pam Gass,Director of Human Resources,https://www.onefloridabank.com/about-us
58811,One Florida Bank,https://WWW.ONEFLORIDABANK.COM,Orlando,FL,$2.00B,Susan Rich,Chief Compliance Officer,https://www.onefloridabank.com/about-us
58811,One Florida Bank,https://WWW.ONEFLORIDABANK.COM,Orlando,FL,$2.00B,Renee Smith,Director of Credit Administration,https://www.onefloridabank.com/about-us
58811,One Florida Bank,https://WWW.ONEFLORIDABANK.COM,Orlando,FL,$2.00B,Bill Stange,Commercial Relationship Officer,https://www.onefloridabank.com/about-us
58811,One Florida Bank,https://WWW.ONEFLORIDABANK.COM,Orlando,FL,$2.00B,Kyle Thompson,Senior Credit Officer,https://www.onefloridabank.com/about-us
58811,One Florida Bank,https://WWW.ONEFLORIDABANK.COM,Orlando,FL,$2.00B,Samantha Baiman Vellios,Director of Bank Operations,https://www.onefloridabank.com/about-us
15809,Security State Bank & Trust,https://www.ssbtexas.com,Fredericksburg,TX,$1.98B,A Message from our Chairman,"Dan Kemp, Chairman",https://www.ssbtexas.com/about/leadership
15809,Security State Bank & Trust,https://www.ssbtexas.com,Fredericksburg,TX,$1.98B,Dan Kemp,Chairman,https://www.ssbtexas.com/about/leadership
34068,Thomasville National Bank,https://www.tnbank.com,Thomasville,GA,$1.98B,STEPHEN H. CHENEY,CEO,https://tnbank.com/#
34068,Thomasville National Bank,https://www.tnbank.com,Thomasville,GA,$1.98B,CHARLES H. (BERT) HODGES,President,https://tnbank.com/#
34068,Thomasville National Bank,https://www.tnbank.com,Thomasville,GA,$1.98B,LINDA CHASTAIN,Banking Officer,https://tnbank.com/#
34068,Thomasville National Bank,https://www.tnbank.com,Thomasville,GA,$1.98B,HANK STONE,Chief Operating Officer,https://tnbank.com/#
34068,Thomasville National Bank,https://www.tnbank.com,Thomasville,GA,$1.98B,TIL CULBRETH,Senior Vice President,https://tnbank.com/#
34068,Thomasville National Bank,https://www.tnbank.com,Thomasville,GA,$1.98B,Portfolio Manager,Loan Systems Officer.,https://tnbank.com/#
34068,Thomasville National Bank,https://www.tnbank.com,Thomasville,GA,$1.98B,"STEPHEN CHENEY, JR.",Senior Vice President,https://tnbank.com/#
34068,Thomasville National Bank,https://www.tnbank.com,Thomasville,GA,$1.98B,ERIC WARD,Senior Vice President,https://tnbank.com/#
34068,Thomasville National Bank,https://www.tnbank.com,Thomasville,GA,$1.98B,JANET LILES,Vice President,https://tnbank.com/#
34068,Thomasville National Bank,https://www.tnbank.com,Thomasville,GA,$1.98B,CHARLOTTE HODGES,Vice President,https://tnbank.com/#
34068,Thomasville National Bank,https://www.tnbank.com,Thomasville,GA,$1.98B,JOSH CONE,Senior Vice President,https://tnbank.com/#
34068,Thomasville National Bank,https://www.tnbank.com,Thomasville,GA,$1.98B,WYLIE WATT,Vice President,https://tnbank.com/#
34068,Thomasville National Bank,https://www.tnbank.com,Thomasville,GA,$1.98B,BEVERLY HAWKINS,Banking Officer,https://tnbank.com/#
34068,Thomasville National Bank,https://www.tnbank.com,Thomasville,GA,$1.98B,IVAN CROCKER,Senior Vice President,https://tnbank.com/#
34068,Thomasville National Bank,https://www.tnbank.com,Thomasville,GA,$1.98B,JASON STUMP,Vice President,https://tnbank.com/#
34068,Thomasville National Bank,https://www.tnbank.com,Thomasville,GA,$1.98B,DEEDEE BECKHAM,Banking Officer,https://tnbank.com/#
34068,Thomasville National Bank,https://www.tnbank.com,Thomasville,GA,$1.98B,GENA BOYLES,Banking Officer,https://tnbank.com/#
34068,Thomasville National Bank,https://www.tnbank.com,Thomasville,GA,$1.98B,DANNIELL SLOCUMB,Vice President,https://tnbank.com/#
34068,Thomasville National Bank,https://www.tnbank.com,Thomasville,GA,$1.98B,HOLLIE LLOYD,Executive Vice President,https://tnbank.com/#
34068,Thomasville National Bank,https://www.tnbank.com,Thomasville,GA,$1.98B,Executive Vice President,CFO.,https://tnbank.com/#
34068,Thomasville National Bank,https://www.tnbank.com,Thomasville,GA,$1.98B,CARLA MILAM,Vice President,https://tnbank.com/#
34068,Thomasville National Bank,https://www.tnbank.com,Thomasville,GA,$1.98B,CHARITY LUTES,Vice President,https://tnbank.com/#
34068,Thomasville National Bank,https://www.tnbank.com,Thomasville,GA,$1.98B,JAMIE PARRAMORE,HR Officer,https://tnbank.com/#
34068,Thomasville National Bank,https://www.tnbank.com,Thomasville,GA,$1.98B,MELVIN HUGANS,CRA Officer,https://tnbank.com/#
34068,Thomasville National Bank,https://www.tnbank.com,Thomasville,GA,$1.98B,CHANDLER DOLLAR,Technology Officer,https://tnbank.com/#
15118,Gateway First Bank,https://www.gatewayfirst.com,Jenks,OK,$1.97B,CONNECT WITH US,Board of Directors,https://www.gatewayfirst.com/about/leadership
15118,Gateway First Bank,https://www.gatewayfirst.com,Jenks,OK,$1.97B,James Redman,"DIRECTOR, CHAIRMAN OF THE BOARD & CHAIR, TRUST COMMITTEE",https://www.gatewayfirst.com/about/leadership
15118,Gateway First Bank,https://www.gatewayfirst.com,Jenks,OK,$1.97B,Grant Humphreys,"DIRECTOR, CHAIR OF COMPENSATION, NOMINATION & GOVERNANCE COMMITTEE",https://www.gatewayfirst.com/about/leadership
15118,Gateway First Bank,https://www.gatewayfirst.com,Jenks,OK,$1.97B,"Mikel ""Mickey"" Buckmaster","DIRECTOR, CHAIR OF AUDIT COMMITTEE",https://www.gatewayfirst.com/about/leadership
15118,Gateway First Bank,https://www.gatewayfirst.com,Jenks,OK,$1.97B,Kyle Hubbard,DIRECTOR AND CEO,https://www.gatewayfirst.com/about/leadership
15118,Gateway First Bank,https://www.gatewayfirst.com,Jenks,OK,$1.97B,Alan Ferree,DIRECTOR,https://www.gatewayfirst.com/about/leadership
15118,Gateway First Bank,https://www.gatewayfirst.com,Jenks,OK,$1.97B,Donelle Harder,DIRECTOR,https://www.gatewayfirst.com/about/leadership
15118,Gateway First Bank,https://www.gatewayfirst.com,Jenks,OK,$1.97B,J. Kevin Vann,DIRECTOR,https://www.gatewayfirst.com/about/leadership
15118,Gateway First Bank,https://www.gatewayfirst.com,Jenks,OK,$1.97B,Scott Gesell,DIRECTOR,https://www.gatewayfirst.com/about/leadership
15118,Gateway First Bank,https://www.gatewayfirst.com,Jenks,OK,$1.97B,Susan Faulkner,DIRECTOR,https://www.gatewayfirst.com/about/leadership
15118,Gateway First Bank,https://www.gatewayfirst.com,Jenks,OK,$1.97B,Jonathan Wallace,CHIEF FINANCIAL OFFICER,https://www.gatewayfirst.com/about/leadership
15118,Gateway First Bank,https://www.gatewayfirst.com,Jenks,OK,$1.97B,Hobie Higgins,CHIEF ENGAGEMENT OFFICER,https://www.gatewayfirst.com/about/leadership
15118,Gateway First Bank,https://www.gatewayfirst.com,Jenks,OK,$1.97B,Michelle Choquette,CHIEF ADMINISTRATIVE OFFICER,https://www.gatewayfirst.com/about/leadership
15118,Gateway First Bank,https://www.gatewayfirst.com,Jenks,OK,$1.97B,Jeff Schmidt,"PRESIDENT, MORTGAGE BANKING",https://www.gatewayfirst.com/about/leadership
15118,Gateway First Bank,https://www.gatewayfirst.com,Jenks,OK,$1.97B,Brett Myers,"PRESIDENT, BANKING",https://www.gatewayfirst.com/about/leadership
15118,Gateway First Bank,https://www.gatewayfirst.com,Jenks,OK,$1.97B,Chris Greer,CHIEF INFORMATION OFFICER,https://www.gatewayfirst.com/about/leadership
15118,Gateway First Bank,https://www.gatewayfirst.com,Jenks,OK,$1.97B,Carlos Torres,CHIEF COMPLIANCE OFFICER,https://www.gatewayfirst.com/about/leadership
15118,Gateway First Bank,https://www.gatewayfirst.com,Jenks,OK,$1.97B,Pete Carey,CHIEF CREDIT OFFICER,https://www.gatewayfirst.com/about/leadership
15118,Gateway First Bank,https://www.gatewayfirst.com,Jenks,OK,$1.97B,Mark Revard,REGIONAL EXECUTIVE VICE PRESIDENT,https://www.gatewayfirst.com/about/leadership
15118,Gateway First Bank,https://www.gatewayfirst.com,Jenks,OK,$1.97B,Katie Kossman,CHIEF ACCOUNTING OFFICER,https://www.gatewayfirst.com/about/leadership
15118,Gateway First Bank,https://www.gatewayfirst.com,Jenks,OK,$1.97B,Jennifer Jones,"VP, DIRECTOR OF CORPORATE MARKETING",https://www.gatewayfirst.com/about/leadership
13063,Kennebunk Savings Bank,https://www.kennebunksavings.com,Kennebunk,ME,$1.97B,Lex Meagher,President & CEO,https://www.kennebunksavings.com/about/leadership
13063,Kennebunk Savings Bank,https://www.kennebunksavings.com,Kennebunk,ME,$1.97B,Chris Kehl,"Executive Vice President,",https://www.kennebunksavings.com/about/leadership
13063,Kennebunk Savings Bank,https://www.kennebunksavings.com,Kennebunk,ME,$1.97B,"Executive Vice President,",Managing Director,https://www.kennebunksavings.com/about/leadership
13063,Kennebunk Savings Bank,https://www.kennebunksavings.com,Kennebunk,ME,$1.97B,Lynn Howe,"Executive Vice President, Chief Credit Officer",https://www.kennebunksavings.com/about/leadership
13063,Kennebunk Savings Bank,https://www.kennebunksavings.com,Kennebunk,ME,$1.97B,Tom Zuke,"Executive Vice President, Chief Financial Officer, Treasurer",https://www.kennebunksavings.com/about/leadership
13063,Kennebunk Savings Bank,https://www.kennebunksavings.com,Kennebunk,ME,$1.97B,Peg Stansfield,"Executive Vice President, Chief Human Resources Officer",https://www.kennebunksavings.com/about/leadership
13063,Kennebunk Savings Bank,https://www.kennebunksavings.com,Kennebunk,ME,$1.97B,Maureen Flaherty,"Executive Vice President, Chief Strategy Officer",https://www.kennebunksavings.com/about/leadership
13063,Kennebunk Savings Bank,https://www.kennebunksavings.com,Kennebunk,ME,$1.97B,"Aaron Awbrey,","Executive Vice President, Chief Lending Officer",https://www.kennebunksavings.com/about/leadership
13063,Kennebunk Savings Bank,https://www.kennebunksavings.com,Kennebunk,ME,$1.97B,"Branch, lending, and insurance team members",Board of directors,https://www.kennebunksavings.com/about/leadership
13063,Kennebunk Savings Bank,https://www.kennebunksavings.com,Kennebunk,ME,$1.97B,Our leadership,Our board of directors,https://www.kennebunksavings.com/about/leadership
13063,Kennebunk Savings Bank,https://www.kennebunksavings.com,Kennebunk,ME,$1.97B,Aaron Awbrey Executive Vice President,Chief Lending Officer,https://www.kennebunksavings.com/about/leadership
16216,The Farmers & Merchants Bank,https://www.gofm.bank,Stuttgart,AR,$1.95B,LOG IN,"Celebrating New Leadership: Dickson, Pattillo and Spoon Step Into Companywide Director Roles",https://gofm.bank/about/
16216,The Farmers & Merchants Bank,https://www.gofm.bank,Stuttgart,AR,$1.95B,Micheal Dickson: Director of Portfolio Profitability,"Based in Pocahontas, Micheal has served as Pocahontas Market President since joining",https://gofm.bank/about/
16216,The Farmers & Merchants Bank,https://www.gofm.bank,Stuttgart,AR,$1.95B,Recent post,"New Leaders, Familiar Faces: Gauthier, Jackson, Krisell Step Into Community President Roles",https://gofm.bank/about/
16216,The Farmers & Merchants Bank,https://www.gofm.bank,Stuttgart,AR,$1.95B,Celebrating New Leadership: Dickson,Pattillo and Spoon Step Into Companywide Director Roles,https://gofm.bank/about/
16216,The Farmers & Merchants Bank,https://www.gofm.bank,Stuttgart,AR,$1.95B,Based in Pocahontas,Micheal has served as Pocahontas Market President since joining,https://gofm.bank/about/
16216,The Farmers & Merchants Bank,https://www.gofm.bank,Stuttgart,AR,$1.95B,With this promotion,Tyler steps away from his role as Community President for the Fayetteville,https://gofm.bank/about/
16216,The Farmers & Merchants Bank,https://www.gofm.bank,Stuttgart,AR,$1.95B,New Leaders,"Familiar Faces: Gauthier, Jackson, Krisell Step Into Community President Roles",https://gofm.bank/about/
23293,Florence Bank,https://www.florencebank.com,Florence,MA,$1.95B,JOHN DOLEVA,PRESIDENT & CEO,https://www.florencebank.com/business/deposit-accounts/cash-management-services
23293,Florence Bank,https://www.florencebank.com,Florence,MA,$1.95B,Ryan Hess,"Senior Vice President, Chief Commercial Banking Officer",https://www.florencebank.com/business/deposit-accounts/cash-management-services
23293,Florence Bank,https://www.florencebank.com,Florence,MA,$1.95B,Barbara-Jean DeLoria,"Senior Vice President, Chief Credit Risk Officer",https://www.florencebank.com/business/deposit-accounts/cash-management-services
23293,Florence Bank,https://www.florencebank.com,Florence,MA,$1.95B,Doug Gilbert,"Vice President, Commercial Team Leader",https://www.florencebank.com/business/deposit-accounts/cash-management-services
23293,Florence Bank,https://www.florencebank.com,Florence,MA,$1.95B,Michael Lynch,Senior Director of Business Development,https://www.florencebank.com/business/deposit-accounts/cash-management-services
23293,Florence Bank,https://www.florencebank.com,Florence,MA,$1.95B,James Montemayor,"Vice President, Commercial Loan Officer",https://www.florencebank.com/business/deposit-accounts/cash-management-services
23293,Florence Bank,https://www.florencebank.com,Florence,MA,$1.95B,"Henry ""Hank"" Downey","Vice President, Commercial Loan Officer",https://www.florencebank.com/business/deposit-accounts/cash-management-services
23293,Florence Bank,https://www.florencebank.com,Florence,MA,$1.95B,Andrew Sullivan,"Vice President, Commercial Lender",https://www.florencebank.com/business/deposit-accounts/cash-management-services
23293,Florence Bank,https://www.florencebank.com,Florence,MA,$1.95B,Christopher Fager,"Vice President, Commercial Loan Officer",https://www.florencebank.com/business/deposit-accounts/cash-management-services
23293,Florence Bank,https://www.florencebank.com,Florence,MA,$1.95B,Xiaolei Hua,"Vice President, Commercial Loan Officer",https://www.florencebank.com/business/deposit-accounts/cash-management-services
23293,Florence Bank,https://www.florencebank.com,Florence,MA,$1.95B,Senior Vice President,Chief Commercial Banking Officer,https://www.florencebank.com/business/deposit-accounts/cash-management-services
23293,Florence Bank,https://www.florencebank.com,Florence,MA,$1.95B,Vice President,Commercial Loan Officer,https://www.florencebank.com/business/deposit-accounts/cash-management-services
34805,Mission Bank,https://www.missionbank.bank,Bakersfield,CA,$1.95B,I Understand,Manage Cookie Preferences,https://www.missionbank.bank/1031-exchange/about
4160,Regent Bank,https://www.Regent.Bank,Tulsa,OK,$1.95B,Sean Kouplen,Chairman & CEO,https://www.regent.bank/about/leadership
4160,Regent Bank,https://www.Regent.Bank,Tulsa,OK,$1.95B,Greg Boudreau,EVP/Chief Banking Officer,https://www.regent.bank/about/leadership
4160,Regent Bank,https://www.Regent.Bank,Tulsa,OK,$1.95B,Steve Baker,EVP/Chief Innovation Officer,https://www.regent.bank/about/leadership
4160,Regent Bank,https://www.Regent.Bank,Tulsa,OK,$1.95B,Bill Glover,EVP/Chief Credit Officer,https://www.regent.bank/about/leadership
4160,Regent Bank,https://www.Regent.Bank,Tulsa,OK,$1.95B,Taylor Bates,EVP/Chief Operations Officer,https://www.regent.bank/about/leadership
4160,Regent Bank,https://www.Regent.Bank,Tulsa,OK,$1.95B,Kyle Roberson,EVP/Chief Financial Officer,https://www.regent.bank/about/leadership
4160,Regent Bank,https://www.Regent.Bank,Tulsa,OK,$1.95B,Jason Porter,EVP/Chief Deposit Officer,https://www.regent.bank/about/leadership
4160,Regent Bank,https://www.Regent.Bank,Tulsa,OK,$1.95B,Corey Bates,EVP/Chief Lending Officer,https://www.regent.bank/about/leadership
4160,Regent Bank,https://www.Regent.Bank,Tulsa,OK,$1.95B,David Wright,EVP/Chief Risk Officer,https://www.regent.bank/about/leadership
4160,Regent Bank,https://www.Regent.Bank,Tulsa,OK,$1.95B,Darin Kent,EVP/Oklahoma Regional President,https://www.regent.bank/about/leadership
4160,Regent Bank,https://www.Regent.Bank,Tulsa,OK,$1.95B,Becky Goumaz,EVP/Texas Regional Bank President – Frisco,https://www.regent.bank/about/leadership
4160,Regent Bank,https://www.Regent.Bank,Tulsa,OK,$1.95B,Mitchell (Mick) Nitsch,EVP/Missouri Regional President,https://www.regent.bank/about/leadership
4160,Regent Bank,https://www.Regent.Bank,Tulsa,OK,$1.95B,Tina Patel,Chief Financial Officer and Owner,https://www.regent.bank/about/leadership
4160,Regent Bank,https://www.Regent.Bank,Tulsa,OK,$1.95B,Darrel Fry,Retired Chief Executive Officer and Owner,https://www.regent.bank/about/leadership
4160,Regent Bank,https://www.Regent.Bank,Tulsa,OK,$1.95B,Brian Busey,President and Chief Executive Officer,https://www.regent.bank/about/leadership
4160,Regent Bank,https://www.Regent.Bank,Tulsa,OK,$1.95B,Robert (Bob) Peterson,Chairman,https://www.regent.bank/about/leadership
4160,Regent Bank,https://www.Regent.Bank,Tulsa,OK,$1.95B,Lisa Narrel-Mead,Chief Executive Officer,https://www.regent.bank/about/leadership
4160,Regent Bank,https://www.Regent.Bank,Tulsa,OK,$1.95B,Frank Rodriguez,Chairman,https://www.regent.bank/about/leadership
3719,"American Commercial Bank & Trust, National Association",https://www.acbandt.com,Ottawa,IL,$1.94B,Message from Management,Officer Directory,https://www.acbandt.com/about
18922,Tri City National Bank,https://www.tcnb.com,Oak Creek,WI,$1.94B,TREASURY MANAGEMENT TEAM,DAHLIA COOPER,https://tcnb.com/treasury-management.html
18922,Tri City National Bank,https://www.tcnb.com,Oak Creek,WI,$1.94B,DAHLIA COOPER,AVP | Merchant Services,https://tcnb.com/treasury-management.html
18922,Tri City National Bank,https://www.tcnb.com,Oak Creek,WI,$1.94B,ERICKA JUSKIEWICZ,Account Executive | Merchant Services Officer,https://tcnb.com/treasury-management.html
18922,Tri City National Bank,https://www.tcnb.com,Oak Creek,WI,$1.94B,BRIAN MORRISON,VP | Business Services,https://tcnb.com/treasury-management.html
18922,Tri City National Bank,https://www.tcnb.com,Oak Creek,WI,$1.94B,LISA RAUWERDINK,VP | Treasury Management & Merchant Services,https://tcnb.com/treasury-management.html
18922,Tri City National Bank,https://www.tcnb.com,Oak Creek,WI,$1.94B,Account Executive,Merchant Services Officer,https://tcnb.com/treasury-management.html
32912,Whitaker Bank,https://www.whitakerbank.com,Lexington,KY,$1.93B,Consumer Loans,Our loan officers will help you find the right financing solution.,https://team.digitaldefense.com/index.php?var=77a411a91c597892dd181deac7a2413c
58490,Beneficial State Bank,https://www.beneficialstatebank.com,Oakland,CA,$1.92B,Terms of Use,Cookie Preferences,https://www.beneficialstatebank.com/business-banking/cash-management
3440,First Northern Bank of Dixon,https://www.thatsmybank.com,Dixon,CA,$1.91B,Meet Our Team,"Get to know our board, management, bank officers, and mortgage team!",https://www.thatsmybank.com/about-us
3440,First Northern Bank of Dixon,https://www.thatsmybank.com,Dixon,CA,$1.91B,Get to know our board,"management, bank officers, and mortgage team!",https://www.thatsmybank.com/about-us
4433,First Citizens Bank,https://www.myfcb.bank,Mason City,IA,$1.91B,Jeff Gribben,President & CEO,https://www.myfcb.bank/about-us/leadership
4433,First Citizens Bank,https://www.myfcb.bank,Mason City,IA,$1.91B,Sarah Nielsen,Chief Financial Officer,https://www.myfcb.bank/about-us/leadership
4433,First Citizens Bank,https://www.myfcb.bank,Mason City,IA,$1.91B,"Dan McGuire, SHRM-SCP",Chief Human Resources Officer,https://www.myfcb.bank/about-us/leadership
4433,First Citizens Bank,https://www.myfcb.bank,Mason City,IA,$1.91B,Joleen Fleming,Chief Operations and Retail Officer,https://www.myfcb.bank/about-us/leadership
4433,First Citizens Bank,https://www.myfcb.bank,Mason City,IA,$1.91B,"Nicole Rognes Olson, JD, CFP®",Chief Wealth Management Officer,https://www.myfcb.bank/about-us/leadership
4433,First Citizens Bank,https://www.myfcb.bank,Mason City,IA,$1.91B,Kevin Meyer,Chief Credit Officer,https://www.myfcb.bank/about-us/leadership
4433,First Citizens Bank,https://www.myfcb.bank,Mason City,IA,$1.91B,Nate Ten Haken,Chief Information Officer,https://www.myfcb.bank/about-us/leadership
4433,First Citizens Bank,https://www.myfcb.bank,Mason City,IA,$1.91B,Jon Prebeck,"SVP, Retail",https://www.myfcb.bank/about-us/leadership
33119,"Heritage Bank, Inc.",https://www.ourheritage.bank,Burlington,KY,$1.89B,Nick Salsgiver,"SVP, Treasury Management",https://www.ourheritage.bank/treasury-management
4147,Bank 7,https://www.bank7.com,Oklahoma City,OK,$1.89B,Our Mission,Officers,https://www.bank7.com/about
4147,Bank 7,https://www.bank7.com,Oklahoma City,OK,$1.89B,William B. Haines – Chairman,Tom Travis – Vice Chairman and CEO,https://www.bank7.com/about
4147,Bank 7,https://www.bank7.com,Oklahoma City,OK,$1.89B,Jason Estes – President and CCO,John T. Phillips – Senior Executive VP,https://www.bank7.com/about
58689,South Atlantic Bank,https://SouthAtlantic.bank,Myrtle Beach,SC,$1.89B,Submit Search Query,Board of Directors,https://southatlantic.bank/about/board
58689,South Atlantic Bank,https://SouthAtlantic.bank,Myrtle Beach,SC,$1.89B,Board of Directors,Meet Our Board of Directors & Executive Officers,https://southatlantic.bank/about/board
58689,South Atlantic Bank,https://SouthAtlantic.bank,Myrtle Beach,SC,$1.89B,Tony Cox,Retired Executive Vice President,https://southatlantic.bank/about/board
58689,South Atlantic Bank,https://SouthAtlantic.bank,Myrtle Beach,SC,$1.89B,R. Scott Plyler,President,https://southatlantic.bank/about/board
58689,South Atlantic Bank,https://SouthAtlantic.bank,Myrtle Beach,SC,$1.89B,Albert Springs,Co-Owner & President,https://southatlantic.bank/about/board
58689,South Atlantic Bank,https://SouthAtlantic.bank,Myrtle Beach,SC,$1.89B,K. Wayne Wicker,Chairman & Chief Executive Officer,https://southatlantic.bank/about/board
58689,South Atlantic Bank,https://SouthAtlantic.bank,Myrtle Beach,SC,$1.89B,Edgar L. Woods,Owner & President,https://southatlantic.bank/about/board
23286,Fall River Five Cents Savings Bank,http://www.bankfive.com,Fall River,MA,$1.88B,Anne P. Tangen,"President & CEO,",http://www.bankfive.com/about/leadership
23286,Fall River Five Cents Savings Bank,http://www.bankfive.com,Fall River,MA,$1.88B,Senior Leadership,Board of Directors,http://www.bankfive.com/about/leadership
23286,Fall River Five Cents Savings Bank,http://www.bankfive.com,Fall River,MA,$1.88B,William H. Lapointe,"Chairman of the Board,",http://www.bankfive.com/about/leadership
23286,Fall River Five Cents Savings Bank,http://www.bankfive.com,Fall River,MA,$1.88B,"Chairman of the Board,","President, The Lapointe Insurance Agency",http://www.bankfive.com/about/leadership
23286,Fall River Five Cents Savings Bank,http://www.bankfive.com,Fall River,MA,$1.88B,Karl D. Hetzler,"President, H & S Tool & Engineering, Inc.",http://www.bankfive.com/about/leadership
23286,Fall River Five Cents Savings Bank,http://www.bankfive.com,Fall River,MA,$1.88B,"Jeffrey J. Reilly, D.C.","Doctor of Chiropractic, Jeffrey J. Reilly Chiropractic",http://www.bankfive.com/about/leadership
23286,Fall River Five Cents Savings Bank,http://www.bankfive.com,Fall River,MA,$1.88B,Fernando Sousa,"President, M-O-N Landscaping, Inc.",http://www.bankfive.com/about/leadership
23286,Fall River Five Cents Savings Bank,http://www.bankfive.com,Fall River,MA,$1.88B,Samia Walker,"Executive Director, EforAll South Coast",http://www.bankfive.com/about/leadership
23286,Fall River Five Cents Savings Bank,http://www.bankfive.com,Fall River,MA,$1.88B,"Sumner J. Waring, III","CEO, Service Corporation International",http://www.bankfive.com/about/leadership
18402,Blackhawk Bank & Trust,https://www.choosethechief.com,Milan,IL,$1.87B,NewsBlog Post,ONE YEAR IN — HOW BLACKHAWK BANK & TRUST IS GROWING UNDER PRESIDENT CHRISTOPHER J. LEMON,https://www.choosethechief.com/why-choose-the-chief/
18402,Blackhawk Bank & Trust,https://www.choosethechief.com,Milan,IL,$1.87B,By Ashley Horberg,Director of Marketing at Blackhawk Bank and Trust,https://www.choosethechief.com/why-choose-the-chief/
18355,North Dallas Bank & Trust Co.,https://www.ndbt.com,Dallas,TX,$1.87B,Larry Miller,President / CEO / Chairman,https://www.ndbt.com/about/leadership
18355,North Dallas Bank & Trust Co.,https://www.ndbt.com,Dallas,TX,$1.87B,Glenn Henry,Chief Financial Officer,https://www.ndbt.com/about/leadership
18355,North Dallas Bank & Trust Co.,https://www.ndbt.com,Dallas,TX,$1.87B,Allen Hudson,Chief Lending Officer,https://www.ndbt.com/about/leadership
18355,North Dallas Bank & Trust Co.,https://www.ndbt.com,Dallas,TX,$1.87B,Pam Murray,Chief Human Resources Officer,https://www.ndbt.com/about/leadership
18355,North Dallas Bank & Trust Co.,https://www.ndbt.com,Dallas,TX,$1.87B,Brandi Shiflett,Chief Operating Officer,https://www.ndbt.com/about/leadership
18355,North Dallas Bank & Trust Co.,https://www.ndbt.com,Dallas,TX,$1.87B,James Tipton,Chief Analytics Officer,https://www.ndbt.com/about/leadership
18355,North Dallas Bank & Trust Co.,https://www.ndbt.com,Dallas,TX,$1.87B,Patrick McDonald,Chief Credit Officer,https://www.ndbt.com/about/leadership
18355,North Dallas Bank & Trust Co.,https://www.ndbt.com,Dallas,TX,$1.87B,Shane Harkins,Chief Information Officer,https://www.ndbt.com/about/leadership
18355,North Dallas Bank & Trust Co.,https://www.ndbt.com,Dallas,TX,$1.87B,Jerri Anderson,Executive Vice President and Director,https://www.ndbt.com/about/leadership
18355,North Dallas Bank & Trust Co.,https://www.ndbt.com,Dallas,TX,$1.87B,Pouroo Dastur,Executive Vice President,https://www.ndbt.com/about/leadership
18355,North Dallas Bank & Trust Co.,https://www.ndbt.com,Dallas,TX,$1.87B,Executive Vice President,Director of Deposit Relations,https://www.ndbt.com/about/leadership
18355,North Dallas Bank & Trust Co.,https://www.ndbt.com,Dallas,TX,$1.87B,Karah Edwards,Executive Vice President,https://www.ndbt.com/about/leadership
18355,North Dallas Bank & Trust Co.,https://www.ndbt.com,Dallas,TX,$1.87B,Jay Henry,Market President,https://www.ndbt.com/about/leadership
18355,North Dallas Bank & Trust Co.,https://www.ndbt.com,Dallas,TX,$1.87B,Ralph Thompson,Market President,https://www.ndbt.com/about/leadership
18355,North Dallas Bank & Trust Co.,https://www.ndbt.com,Dallas,TX,$1.87B,Jeff Crow,Market President,https://www.ndbt.com/about/leadership
18258,Thomaston Savings Bank,https://www.thomastonsavingsbank.com,Thomaston,CT,$1.86B,Phase III,"New Haven County | October 1st – 31st, 2026 | CLOSED",https://www.thomastonsavingsbank.com/resources/learn/about
3387,FirstBank Southwest,https://www.fbsw.com,Amarillo,TX,$1.86B,Bobby Martinez,Director of Wealth Management & Trust,https://fbsw.com/ourstory/
3387,FirstBank Southwest,https://www.fbsw.com,Amarillo,TX,$1.86B,Todd Wetsel,Investment Officer,https://fbsw.com/ourstory/
3387,FirstBank Southwest,https://www.fbsw.com,Amarillo,TX,$1.86B,Investment Officer,Senior Vice President,https://fbsw.com/ourstory/
3387,FirstBank Southwest,https://www.fbsw.com,Amarillo,TX,$1.86B,Marisol Marquez,Retirement Plan Officer,https://fbsw.com/ourstory/
3387,FirstBank Southwest,https://www.fbsw.com,Amarillo,TX,$1.86B,Retirement Plan Officer,Vice President,https://fbsw.com/ourstory/
10667,Mabrey Bank,https://www.mabreybank.com,Bixby,OK,$1.85B,Scott Mabrey,Chief Executive Officer,https://www.mabreybank.com/leadership
10667,Mabrey Bank,https://www.mabreybank.com,Bixby,OK,$1.85B,John Pixley,President,https://www.mabreybank.com/leadership
10667,Mabrey Bank,https://www.mabreybank.com,Bixby,OK,$1.85B,Carlisle Mabrey IV,Chief Operating Officer,https://www.mabreybank.com/leadership
10667,Mabrey Bank,https://www.mabreybank.com,Bixby,OK,$1.85B,Brad Stieben,Chief Financial & Risk Officer,https://www.mabreybank.com/leadership
10667,Mabrey Bank,https://www.mabreybank.com,Bixby,OK,$1.85B,Kendall Mullen,Chief Human Resources Officer,https://www.mabreybank.com/leadership
10667,Mabrey Bank,https://www.mabreybank.com,Bixby,OK,$1.85B,Tim Smith,Chief Credit Officer,https://www.mabreybank.com/leadership
10667,Mabrey Bank,https://www.mabreybank.com,Bixby,OK,$1.85B,Kevin Short,Chief Lending Officer,https://www.mabreybank.com/leadership
10667,Mabrey Bank,https://www.mabreybank.com,Bixby,OK,$1.85B,Thom Meyer,Chief Underwriting Officer,https://www.mabreybank.com/leadership
10667,Mabrey Bank,https://www.mabreybank.com,Bixby,OK,$1.85B,Lisa McLarty,Chief Marketing Officer,https://www.mabreybank.com/leadership
10667,Mabrey Bank,https://www.mabreybank.com,Bixby,OK,$1.85B,Chris Odom,Director of Tulsa Lending,https://www.mabreybank.com/leadership
10667,Mabrey Bank,https://www.mabreybank.com,Bixby,OK,$1.85B,Darren Dixon,Oklahoma City Metro President,https://www.mabreybank.com/leadership
10667,Mabrey Bank,https://www.mabreybank.com,Bixby,OK,$1.85B,Heather Van Hooser,Director of Private Bank,https://www.mabreybank.com/leadership
10667,Mabrey Bank,https://www.mabreybank.com,Bixby,OK,$1.85B,Kim Ganus,Senior Operations & Trust Officer,https://www.mabreybank.com/leadership
10667,Mabrey Bank,https://www.mabreybank.com,Bixby,OK,$1.85B,Mark Mabrey,East Central Oklahoma Region President,https://www.mabreybank.com/leadership
10667,Mabrey Bank,https://www.mabreybank.com,Bixby,OK,$1.85B,Jeff Moser,Director of Mabrey Mortgage,https://www.mabreybank.com/leadership
2240,First American Bank,https://www.firstamericanbanknm.com,Artesia,NM,$1.84B,Investment Services,Our Officers are here to help,https://www.firstamericanbanknm.com/about/officers
2240,First American Bank,https://www.firstamericanbanknm.com,Artesia,NM,$1.84B,Our Services,Officers,https://www.firstamericanbanknm.com/about/officers
2240,First American Bank,https://www.firstamericanbanknm.com,Artesia,NM,$1.84B,Creating Wealth for the Future,Meet our Trust & Wealth Officers.,https://www.firstamericanbanknm.com/about/officers
2240,First American Bank,https://www.firstamericanbanknm.com,Artesia,NM,$1.84B,Message to our Customers,Board of Directors,https://www.firstamericanbanknm.com/about/officers
2240,First American Bank,https://www.firstamericanbanknm.com,Artesia,NM,$1.84B,Employment Application,Officers,https://www.firstamericanbanknm.com/about/officers
3775,"CNB Bank and Trust, N.A.",https://www.cnbil.com,Carlinville,IL,$1.84B,Alicia Vaulx,Treasury Management & Business Development Officer,https://www.cnbil.com/about
3775,"CNB Bank and Trust, N.A.",https://www.cnbil.com,Carlinville,IL,$1.84B,Peter W. Gruben,CFA | Chief Investment Officer,https://www.cnbil.com/about
3775,"CNB Bank and Trust, N.A.",https://www.cnbil.com,Carlinville,IL,$1.84B,Norma Bellcoff,Vice President & Senior Trust Officer | Director of Wealth Management,https://www.cnbil.com/about
3775,"CNB Bank and Trust, N.A.",https://www.cnbil.com,Carlinville,IL,$1.84B,Amy Warren,Vice President & Trust Officer,https://www.cnbil.com/about
3775,"CNB Bank and Trust, N.A.",https://www.cnbil.com,Carlinville,IL,$1.84B,Michael Oeser,Business Development Officer,https://www.cnbil.com/about
3775,"CNB Bank and Trust, N.A.",https://www.cnbil.com,Carlinville,IL,$1.84B,Becca Johnson,CTFA | Trust Officer,https://www.cnbil.com/about
34207,Great Plains National Bank,https://www.gpbankok.com.,Elk City,OK,$1.84B,Mark Russell - CEO,Terry Shelby - President,https://www.gpbankok.com./about/leadership
34207,Great Plains National Bank,https://www.gpbankok.com.,Elk City,OK,$1.84B,Terry Shelby - President,Barry Schwarz - CFO,https://www.gpbankok.com./about/leadership
34207,Great Plains National Bank,https://www.gpbankok.com.,Elk City,OK,$1.84B,Brett Miller - CCO,J.R. Mills - CIO,https://www.gpbankok.com./about/leadership
34207,Great Plains National Bank,https://www.gpbankok.com.,Elk City,OK,$1.84B,J.R. Mills - CIO,Trace Larman - COO,https://www.gpbankok.com./about/leadership
34207,Great Plains National Bank,https://www.gpbankok.com.,Elk City,OK,$1.84B,Trace Larman - COO,Manuel Quintero - Regional President,https://www.gpbankok.com./about/leadership
34207,Great Plains National Bank,https://www.gpbankok.com.,Elk City,OK,$1.84B,Manuel Quintero - Regional President,Sean Shope - Regional President,https://www.gpbankok.com./about/leadership
34207,Great Plains National Bank,https://www.gpbankok.com.,Elk City,OK,$1.84B,Robert Garton,Division President | Head of Retail,https://www.gpbankok.com./about/leadership
34207,Great Plains National Bank,https://www.gpbankok.com.,Elk City,OK,$1.84B,Division President | Head of Retail,Ryan Ward - Regional President,https://www.gpbankok.com./about/leadership
34207,Great Plains National Bank,https://www.gpbankok.com.,Elk City,OK,$1.84B,Mark Russell,CEO,https://www.gpbankok.com./about/leadership
34207,Great Plains National Bank,https://www.gpbankok.com.,Elk City,OK,$1.84B,Terry Shelby,President,https://www.gpbankok.com./about/leadership
34207,Great Plains National Bank,https://www.gpbankok.com.,Elk City,OK,$1.84B,Barry Schwarz,CFO,https://www.gpbankok.com./about/leadership
34207,Great Plains National Bank,https://www.gpbankok.com.,Elk City,OK,$1.84B,J.R. Mills,CIO,https://www.gpbankok.com./about/leadership
34207,Great Plains National Bank,https://www.gpbankok.com.,Elk City,OK,$1.84B,Trace Larman,COO,https://www.gpbankok.com./about/leadership
34207,Great Plains National Bank,https://www.gpbankok.com.,Elk City,OK,$1.84B,Manuel Quintero,Regional President,https://www.gpbankok.com./about/leadership
34207,Great Plains National Bank,https://www.gpbankok.com.,Elk City,OK,$1.84B,Sean Shope,Regional President,https://www.gpbankok.com./about/leadership
34207,Great Plains National Bank,https://www.gpbankok.com.,Elk City,OK,$1.84B,Ryan Ward,Regional President,https://www.gpbankok.com./about/leadership
22319,Legacy Bank & Trust Company,https://www.legacybankandtrust.com,Mountain Grove,MO,$1.84B,Our Mission,A Message From Our President & CEO,https://www.legacybankandtrust.com/about
17897,Kennebec Savings Bank,https://www.kennebecsavings.bank,Augusta,ME,$1.80B,Leadership Team,Board of Directors,https://www.kennebecsavings.bank/leadership
17897,Kennebec Savings Bank,https://www.kennebecsavings.bank,Augusta,ME,$1.80B,Board of Directors,Officers & Key Managers,https://www.kennebecsavings.bank/leadership
17897,Kennebec Savings Bank,https://www.kennebecsavings.bank,Augusta,ME,$1.80B,Andrew E. Silsby,President & Chief Executive Officer,https://www.kennebecsavings.bank/leadership
17897,Kennebec Savings Bank,https://www.kennebecsavings.bank,Augusta,ME,$1.80B,Craig J. Garofalo,"Executive Vice President, Chief Operating Officer & Chief Loan Officer",https://www.kennebecsavings.bank/leadership
17897,Kennebec Savings Bank,https://www.kennebecsavings.bank,Augusta,ME,$1.80B,Kristine A. Avery,Senior Vice President & Chief Human Resources Officer,https://www.kennebecsavings.bank/leadership
17897,Kennebec Savings Bank,https://www.kennebecsavings.bank,Augusta,ME,$1.80B,Amanda L. Cooley,"Senior Vice President, Chief Marketing & Communications Officer",https://www.kennebecsavings.bank/leadership
17897,Kennebec Savings Bank,https://www.kennebecsavings.bank,Augusta,ME,$1.80B,Michelle P. Labonte,Senior Vice President & Senior Residential Lender,https://www.kennebecsavings.bank/leadership
17897,Kennebec Savings Bank,https://www.kennebecsavings.bank,Augusta,ME,$1.80B,Nicolas G. Patenaude,"Senior Vice President, Chief Financial Officer & Treasurer",https://www.kennebecsavings.bank/leadership
17897,Kennebec Savings Bank,https://www.kennebecsavings.bank,Augusta,ME,$1.80B,David J. Roy,Senior Vice President & Chief Risk Officer,https://www.kennebecsavings.bank/leadership
17897,Kennebec Savings Bank,https://www.kennebecsavings.bank,Augusta,ME,$1.80B,Dan L. Swindler,Senior Vice President & Chief Banking Operations Officer,https://www.kennebecsavings.bank/leadership
17897,Kennebec Savings Bank,https://www.kennebecsavings.bank,Augusta,ME,$1.80B,Aline R. Taylor,Senior Vice President & Chief Retail Banking Officer,https://www.kennebecsavings.bank/leadership
17897,Kennebec Savings Bank,https://www.kennebecsavings.bank,Augusta,ME,$1.80B,Amy P. Tardiff,Officers & Key Managers,https://www.kennebecsavings.bank/leadership
17897,Kennebec Savings Bank,https://www.kennebecsavings.bank,Augusta,ME,$1.80B,Gail P. Conley,Regional Vice President & Director of Investment Services,https://www.kennebecsavings.bank/leadership
17897,Kennebec Savings Bank,https://www.kennebecsavings.bank,Augusta,ME,$1.80B,Rene M. Couverette,Regional Vice President & Enterprise Risk & Business Continuity,https://www.kennebecsavings.bank/leadership
17897,Kennebec Savings Bank,https://www.kennebecsavings.bank,Augusta,ME,$1.80B,David M. Eldridge,Regional Vice President & Commercial Banking Officer,https://www.kennebecsavings.bank/leadership
17897,Kennebec Savings Bank,https://www.kennebecsavings.bank,Augusta,ME,$1.80B,Amos M. Byron,Vice President & Senior Trust Officer,https://www.kennebecsavings.bank/leadership
17897,Kennebec Savings Bank,https://www.kennebecsavings.bank,Augusta,ME,$1.80B,Matthew W. Dwyer,Vice President & Loan Officer,https://www.kennebecsavings.bank/leadership
17897,Kennebec Savings Bank,https://www.kennebecsavings.bank,Augusta,ME,$1.80B,Jim N. Edwards,Vice President & Director of Cash Management,https://www.kennebecsavings.bank/leadership
17897,Kennebec Savings Bank,https://www.kennebecsavings.bank,Augusta,ME,$1.80B,Brent L. Hall,Vice President & Commercial Banking Officer,https://www.kennebecsavings.bank/leadership
17897,Kennebec Savings Bank,https://www.kennebecsavings.bank,Augusta,ME,$1.80B,James R. Lagasse,Vice President & Information Security Officer,https://www.kennebecsavings.bank/leadership
17897,Kennebec Savings Bank,https://www.kennebecsavings.bank,Augusta,ME,$1.80B,Gary Lapierre,Vice President & Loan Officer,https://www.kennebecsavings.bank/leadership
17897,Kennebec Savings Bank,https://www.kennebecsavings.bank,Augusta,ME,$1.80B,Michael G. Marchus,Vice President & Commercial Banking Officer,https://www.kennebecsavings.bank/leadership
17897,Kennebec Savings Bank,https://www.kennebecsavings.bank,Augusta,ME,$1.80B,Ian T. McCarthy,Vice President & Director of Business Banking,https://www.kennebecsavings.bank/leadership
17897,Kennebec Savings Bank,https://www.kennebecsavings.bank,Augusta,ME,$1.80B,Jessica J. Norton,Vice President & Banking Systems Officer,https://www.kennebecsavings.bank/leadership
17897,Kennebec Savings Bank,https://www.kennebecsavings.bank,Augusta,ME,$1.80B,Angela B. Robbin,"Vice President, Regulatory Counsel, CRA & Senior Compliance Officer",https://www.kennebecsavings.bank/leadership
17897,Kennebec Savings Bank,https://www.kennebecsavings.bank,Augusta,ME,$1.80B,D. Mark Stebbins,"Vice President, Senior Credit & Appraisal Analyst",https://www.kennebecsavings.bank/leadership
17897,Kennebec Savings Bank,https://www.kennebecsavings.bank,Augusta,ME,$1.80B,Steve Stromsky,Vice President & Senior Relationship Manager,https://www.kennebecsavings.bank/leadership
17897,Kennebec Savings Bank,https://www.kennebecsavings.bank,Augusta,ME,$1.80B,Marco J. Stigling,Vice President & Residential Lending Manager,https://www.kennebecsavings.bank/leadership
17897,Kennebec Savings Bank,https://www.kennebecsavings.bank,Augusta,ME,$1.80B,Tracy L. Warren,Vice President & Loan Officer,https://www.kennebecsavings.bank/leadership
17897,Kennebec Savings Bank,https://www.kennebecsavings.bank,Augusta,ME,$1.80B,Jessica Benevides-Caron,Vice President & Senior Commercial Credit Officer,https://www.kennebecsavings.bank/leadership
17897,Kennebec Savings Bank,https://www.kennebecsavings.bank,Augusta,ME,$1.80B,Erin N. Bechard,Assistant Vice President & BSA Officer,https://www.kennebecsavings.bank/leadership
17897,Kennebec Savings Bank,https://www.kennebecsavings.bank,Augusta,ME,$1.80B,Jean M. Conway,Assistant Vice President & Accounting Manager,https://www.kennebecsavings.bank/leadership
17897,Kennebec Savings Bank,https://www.kennebecsavings.bank,Augusta,ME,$1.80B,Heather L. Dutill,Assistant Vice President & Director of Loan Operations,https://www.kennebecsavings.bank/leadership
17897,Kennebec Savings Bank,https://www.kennebecsavings.bank,Augusta,ME,$1.80B,Natusha L. Fate,Vice President & Director of Retail Operations,https://www.kennebecsavings.bank/leadership
17897,Kennebec Savings Bank,https://www.kennebecsavings.bank,Augusta,ME,$1.80B,Angela M. Fletcher,Assistant Vice President & Customer Care and Customer Experience Manager,https://www.kennebecsavings.bank/leadership
17897,Kennebec Savings Bank,https://www.kennebecsavings.bank,Augusta,ME,$1.80B,Heather O. Knowles,Vice President & Controller,https://www.kennebecsavings.bank/leadership
17897,Kennebec Savings Bank,https://www.kennebecsavings.bank,Augusta,ME,$1.80B,Carol L. Payne,Vice President & Vendor Management & Security Officer,https://www.kennebecsavings.bank/leadership
17897,Kennebec Savings Bank,https://www.kennebecsavings.bank,Augusta,ME,$1.80B,Anthony W. Rhoades,Assistant Vice President & Loan Officer,https://www.kennebecsavings.bank/leadership
17897,Kennebec Savings Bank,https://www.kennebecsavings.bank,Augusta,ME,$1.80B,Kristin Grant,Assistant Vice President & Executive Project Manager,https://www.kennebecsavings.bank/leadership
17897,Kennebec Savings Bank,https://www.kennebecsavings.bank,Augusta,ME,$1.80B,Lydia M. Tuttle,Assistant Vice President & Loan Officer,https://www.kennebecsavings.bank/leadership
17897,Kennebec Savings Bank,https://www.kennebecsavings.bank,Augusta,ME,$1.80B,Todd E. Wentworth,Assistant Vice President & Creative Officer,https://www.kennebecsavings.bank/leadership
17897,Kennebec Savings Bank,https://www.kennebecsavings.bank,Augusta,ME,$1.80B,Benjamin A. Weymouth,Assistant Vice President & Technology Officer,https://www.kennebecsavings.bank/leadership
17897,Kennebec Savings Bank,https://www.kennebecsavings.bank,Augusta,ME,$1.80B,Nicholas C. Guiou,Compliance Officer,https://www.kennebecsavings.bank/leadership
17897,Kennebec Savings Bank,https://www.kennebecsavings.bank,Augusta,ME,$1.80B,Tamara R. Hillman-Tardiff,Loan Officer,https://www.kennebecsavings.bank/leadership
17897,Kennebec Savings Bank,https://www.kennebecsavings.bank,Augusta,ME,$1.80B,I Understand,Manage Cookie Preferences,https://www.kennebecsavings.bank/leadership
17897,Kennebec Savings Bank,https://www.kennebecsavings.bank,Augusta,ME,$1.80B,Executive Vice President,Chief Operating Officer & Chief Loan Officer,https://www.kennebecsavings.bank/leadership
17897,Kennebec Savings Bank,https://www.kennebecsavings.bank,Augusta,ME,$1.80B,Senior Vice President,Chief Marketing & Communications Officer,https://www.kennebecsavings.bank/leadership
17897,Kennebec Savings Bank,https://www.kennebecsavings.bank,Augusta,ME,$1.80B,Vice President,"Regulatory Counsel, CRA & Senior Compliance Officer",https://www.kennebecsavings.bank/leadership
4993,The Citizens National Bank of Meridian,http://www.yourcnb.com,Meridian,MS,$1.79B,Cookie Policy,We use our own and third-party cookies to personalize content and to analyze web traffic. More information.,http://www.yourcnb.com/about/our-team
4993,The Citizens National Bank of Meridian,http://www.yourcnb.com,Meridian,MS,$1.79B,John David Barr,Chief Trust & Investments Officer*,http://www.yourcnb.com/about/our-team
4993,The Citizens National Bank of Meridian,http://www.yourcnb.com,Meridian,MS,$1.79B,Mary Lauren Deweese,"Vice President/Trust Advisor, CTFA*",http://www.yourcnb.com/about/our-team
4993,The Citizens National Bank of Meridian,http://www.yourcnb.com,Meridian,MS,$1.79B,Jennifer Ferguson,Vice President/Trust Operations Manager*,http://www.yourcnb.com/about/our-team
17751,Androscoggin Savings Bank,https://www.androscogginbank.com,Lewiston,ME,$1.78B,NEIL KIELY,President & CEO,https://www.androscogginbank.com/about
17751,Androscoggin Savings Bank,https://www.androscogginbank.com,Lewiston,ME,$1.78B,We want to hear from you.,"Feedback and questions are always welcome. Submit a message here and it will find its way to our President, Neil Kiely.",https://www.androscogginbank.com/about
90282,Cornerstone Bank,https://www.cornerstonebank.com,Spencer,MA,$1.77B,Personal Lending,Mortgage Loan Officers,https://www.cornerstonebank.com/about/board
90282,Cornerstone Bank,https://www.cornerstonebank.com,Spencer,MA,$1.77B,ZRENT LOG IN,Board of Directors,https://www.cornerstonebank.com/about/board
90282,Cornerstone Bank,https://www.cornerstonebank.com,Spencer,MA,$1.77B,Board of Directors,Directors,https://www.cornerstonebank.com/about/board
90282,Cornerstone Bank,https://www.cornerstonebank.com,Spencer,MA,$1.77B,K. Michael Robbins,Position: Chairman of the Board,https://www.cornerstonebank.com/about/board
90282,Cornerstone Bank,https://www.cornerstonebank.com,Spencer,MA,$1.77B,VIEW PROFILE,Honorary Directors,https://www.cornerstonebank.com/about/board
90282,Cornerstone Bank,https://www.cornerstonebank.com,Spencer,MA,$1.77B,Homebuyer Resources,Mortgage Loan Officers,https://www.cornerstonebank.com/about/board
90282,Cornerstone Bank,https://www.cornerstonebank.com,Spencer,MA,$1.77B,Since the DIF was established,no depositor has ever lost a penny in any Massachusetts savings or cooperative bank.,https://www.cornerstonebank.com/about/board
90227,The Lowell Five Cent Savings Bank,https://www.lowellfive.com,Tewksbury,MA,$1.76B,Jason K. Stephens,"CEO, President",https://www.lowellfive.com/about/leadership
90227,The Lowell Five Cent Savings Bank,https://www.lowellfive.com,Tewksbury,MA,$1.76B,Trevor Bloom,"EVP, Chief Lending Officer",https://www.lowellfive.com/about/leadership
90227,The Lowell Five Cent Savings Bank,https://www.lowellfive.com,Tewksbury,MA,$1.76B,Ed Campanella,"EVP, Chief Financial Officer, Treasurer",https://www.lowellfive.com/about/leadership
90227,The Lowell Five Cent Savings Bank,https://www.lowellfive.com,Tewksbury,MA,$1.76B,Alison Kalman,"EVP, Chief Banking Officer",https://www.lowellfive.com/about/leadership
90227,The Lowell Five Cent Savings Bank,https://www.lowellfive.com,Tewksbury,MA,$1.76B,Kevin Kouble,"EVP, Chief Information Officer",https://www.lowellfive.com/about/leadership
90227,The Lowell Five Cent Savings Bank,https://www.lowellfive.com,Tewksbury,MA,$1.76B,Maura Sweeney,"EVP, Chief Human Resources Officer",https://www.lowellfive.com/about/leadership
90227,The Lowell Five Cent Savings Bank,https://www.lowellfive.com,Tewksbury,MA,$1.76B,Colleen Beaumont,"SVP, Business Banking",https://www.lowellfive.com/about/leadership
90227,The Lowell Five Cent Savings Bank,https://www.lowellfive.com,Tewksbury,MA,$1.76B,Thomas Boucher,"SVP, Commercial Lending",https://www.lowellfive.com/about/leadership
90227,The Lowell Five Cent Savings Bank,https://www.lowellfive.com,Tewksbury,MA,$1.76B,Kelly Doherty,"SVP, Marketing",https://www.lowellfive.com/about/leadership
90227,The Lowell Five Cent Savings Bank,https://www.lowellfive.com,Tewksbury,MA,$1.76B,"Tom Hosey, III","SVP, Risk & BSA",https://www.lowellfive.com/about/leadership
90227,The Lowell Five Cent Savings Bank,https://www.lowellfive.com,Tewksbury,MA,$1.76B,Daniel Jacobs,"SVP, Credit Manager",https://www.lowellfive.com/about/leadership
90227,The Lowell Five Cent Savings Bank,https://www.lowellfive.com,Tewksbury,MA,$1.76B,Sandeep Jain,"SVP, Commercial Lending",https://www.lowellfive.com/about/leadership
90227,The Lowell Five Cent Savings Bank,https://www.lowellfive.com,Tewksbury,MA,$1.76B,David Karpinsky,"SVP, Business Intelligence",https://www.lowellfive.com/about/leadership
90227,The Lowell Five Cent Savings Bank,https://www.lowellfive.com,Tewksbury,MA,$1.76B,Mark Katimy,"SVP, Commercial Lending",https://www.lowellfive.com/about/leadership
90227,The Lowell Five Cent Savings Bank,https://www.lowellfive.com,Tewksbury,MA,$1.76B,Justin McCarthy,"SVP, Commercial Construction",https://www.lowellfive.com/about/leadership
90227,The Lowell Five Cent Savings Bank,https://www.lowellfive.com,Tewksbury,MA,$1.76B,Kerianne Pereira,"SVP, Commercial Lending",https://www.lowellfive.com/about/leadership
90227,The Lowell Five Cent Savings Bank,https://www.lowellfive.com,Tewksbury,MA,$1.76B,Cheryl Popp,"SVP, Business Banking",https://www.lowellfive.com/about/leadership
90227,The Lowell Five Cent Savings Bank,https://www.lowellfive.com,Tewksbury,MA,$1.76B,John Pratt,"SVP, Commercial Lending",https://www.lowellfive.com/about/leadership
90227,The Lowell Five Cent Savings Bank,https://www.lowellfive.com,Tewksbury,MA,$1.76B,Steven Martin Rochette,"SVP, Operations Officer",https://www.lowellfive.com/about/leadership
90227,The Lowell Five Cent Savings Bank,https://www.lowellfive.com,Tewksbury,MA,$1.76B,Rachel Tierney,"SVP, Retail Administration",https://www.lowellfive.com/about/leadership
90227,The Lowell Five Cent Savings Bank,https://www.lowellfive.com,Tewksbury,MA,$1.76B,Steven Ventre,"SVP, Top Commercial Lending",https://www.lowellfive.com/about/leadership
90227,The Lowell Five Cent Savings Bank,https://www.lowellfive.com,Tewksbury,MA,$1.76B,Christopher Wilcox,"SVP, Commercial Lending",https://www.lowellfive.com/about/leadership
90227,The Lowell Five Cent Savings Bank,https://www.lowellfive.com,Tewksbury,MA,$1.76B,Executive Committee,"James C. Shannon, III, CPA (Chairman)",https://www.lowellfive.com/about/leadership
90227,The Lowell Five Cent Savings Bank,https://www.lowellfive.com,Tewksbury,MA,$1.76B,David E. Wallace,Board of Directors,https://www.lowellfive.com/about/leadership
90227,The Lowell Five Cent Savings Bank,https://www.lowellfive.com,Tewksbury,MA,$1.76B,Board of Directors,"James C. Shannon, III, CPA (Chairman)	Member, Shannon, Cullen & Associates, LLC",https://www.lowellfive.com/about/leadership
90227,The Lowell Five Cent Savings Bank,https://www.lowellfive.com,Tewksbury,MA,$1.76B,Deborah Belanger	Retired Non-Profit Executive,"Brian L. Chapman	Owner/President, Mill City Environmental",https://www.lowellfive.com/about/leadership
90227,The Lowell Five Cent Savings Bank,https://www.lowellfive.com,Tewksbury,MA,$1.76B,A. Justin McCarthy	Retired Attorney,"Michael S. Reilly, CIC	President and Chairman, Fred C. Church Insurance",https://www.lowellfive.com/about/leadership
90227,The Lowell Five Cent Savings Bank,https://www.lowellfive.com,Tewksbury,MA,$1.76B,"F. Alex Wilson, II",*denotes member is also on Board of Directors,https://www.lowellfive.com/about/leadership
90227,The Lowell Five Cent Savings Bank,https://www.lowellfive.com,Tewksbury,MA,$1.76B,James C. Shannon,"III, CPA (Chairman)",https://www.lowellfive.com/about/leadership
90227,The Lowell Five Cent Savings Bank,https://www.lowellfive.com,Tewksbury,MA,$1.76B,Michael S. Reilly,"CIC	President and Chairman, Fred C. Church Insurance",https://www.lowellfive.com/about/leadership
90227,The Lowell Five Cent Savings Bank,https://www.lowellfive.com,Tewksbury,MA,$1.76B,Angelos Sakelarios	Founder,"President, and CEO, Advanced Technology Marketing",https://www.lowellfive.com/about/leadership
90227,The Lowell Five Cent Savings Bank,https://www.lowellfive.com,Tewksbury,MA,$1.76B,Maura D. Sweeney	Executive Vice President,"Chief Human Resource Officer, Lowell Five Bank",https://www.lowellfive.com/about/leadership
90227,The Lowell Five Cent Savings Bank,https://www.lowellfive.com,Tewksbury,MA,$1.76B,David E. Wallace	Retired,"Chief Executive Officer, Lowell Five Bank",https://www.lowellfive.com/about/leadership
90227,The Lowell Five Cent Savings Bank,https://www.lowellfive.com,Tewksbury,MA,$1.76B,Jay R. Wallace	Principal CAD Designer,Applied Materials/Varian Semiconductor,https://www.lowellfive.com/about/leadership
58433,"Waterford Bank, N.A.",https://www.waterfordbankna.com,Toledo,OH,$1.76B,Board of Directors,Home » About » Board of Directors,https://www.waterfordbankna.com/about/board
58433,"Waterford Bank, N.A.",https://www.waterfordbankna.com,Toledo,OH,$1.76B,By using this site,you agree to our Cookie and Privacy Policy.,https://www.waterfordbankna.com/about/board
13198,Cornerstone Bank,https://www.cornerstone.bank,Fargo,ND,$1.75B,Gary Petersen,Chairman,https://www.cornerstone.bank/about/leadership
13198,Cornerstone Bank,https://www.cornerstone.bank,Fargo,ND,$1.75B,Nancy Petersen,Board of Directors,https://www.cornerstone.bank/about/leadership
13198,Cornerstone Bank,https://www.cornerstone.bank,Fargo,ND,$1.75B,Rebecca Ternes,Market President,https://www.cornerstone.bank/about/leadership
13198,Cornerstone Bank,https://www.cornerstone.bank,Fargo,ND,$1.75B,Scott Tschetter,Market President,https://www.cornerstone.bank/about/leadership
13198,Cornerstone Bank,https://www.cornerstone.bank,Fargo,ND,$1.75B,Jeff Thomas,President/Chief Executive Officer,https://www.cornerstone.bank/about/leadership
13198,Cornerstone Bank,https://www.cornerstone.bank,Fargo,ND,$1.75B,Brian Grave,Chief Financial Officer,https://www.cornerstone.bank/about/leadership
13198,Cornerstone Bank,https://www.cornerstone.bank,Fargo,ND,$1.75B,Deneen Axtman,Chief Operating Officer,https://www.cornerstone.bank/about/leadership
13198,Cornerstone Bank,https://www.cornerstone.bank,Fargo,ND,$1.75B,Craig Ehrmantraut,Chief Credit Officer,https://www.cornerstone.bank/about/leadership
13198,Cornerstone Bank,https://www.cornerstone.bank,Fargo,ND,$1.75B,Jeff Weiler,Chief Risk Officer,https://www.cornerstone.bank/about/leadership
13198,Cornerstone Bank,https://www.cornerstone.bank,Fargo,ND,$1.75B,Dan Staller,Chief Banking Officer,https://www.cornerstone.bank/about/leadership
13198,Cornerstone Bank,https://www.cornerstone.bank,Fargo,ND,$1.75B,Ryan Grussing,Market President,https://www.cornerstone.bank/about/leadership
13198,Cornerstone Bank,https://www.cornerstone.bank,Fargo,ND,$1.75B,Lindsay Mack,Human Resources & Training Director,https://www.cornerstone.bank/about/leadership
13198,Cornerstone Bank,https://www.cornerstone.bank,Fargo,ND,$1.75B,Lane Huseby,Director of Operations,https://www.cornerstone.bank/about/leadership
13198,Cornerstone Bank,https://www.cornerstone.bank,Fargo,ND,$1.75B,Grant Wentz,Market President,https://www.cornerstone.bank/about/leadership
13198,Cornerstone Bank,https://www.cornerstone.bank,Fargo,ND,$1.75B,Kristin Jaeger,Director of Marketing and Communications,https://www.cornerstone.bank/about/leadership
13198,Cornerstone Bank,https://www.cornerstone.bank,Fargo,ND,$1.75B,Kyle Nelsen,Market President,https://www.cornerstone.bank/about/leadership
13198,Cornerstone Bank,https://www.cornerstone.bank,Fargo,ND,$1.75B,Terry Cleberg,Market President,https://www.cornerstone.bank/about/leadership
13198,Cornerstone Bank,https://www.cornerstone.bank,Fargo,ND,$1.75B,Deb Palmer,Director of Deposit Development,https://www.cornerstone.bank/about/leadership
13198,Cornerstone Bank,https://www.cornerstone.bank,Fargo,ND,$1.75B,Vicki Monsen,Market President,https://www.cornerstone.bank/about/leadership
20015,Bessemer Trust Company,http://www.bessemertrust.com,Woodbridge,NJ,$1.75B,INVESTMENT MANAGEMENT,Chief Investment Officer Jeff Mills on Bloomberg’s “The Close” (January 2026),https://www.bessemertrust.com/what-we-do-you/investment-management
1487,First Farmers and Merchants Bank,https://www.myfirstfarmers.com,Columbia,TN,$1.74B,Jill A. Giles,Chief Financial Officer,https://www.myfirstfarmers.com/about/leadership
1487,First Farmers and Merchants Bank,https://www.myfirstfarmers.com,Columbia,TN,$1.74B,Molly T. Hissong,Chief Marketing & Communications Officer,https://www.myfirstfarmers.com/about/leadership
1487,First Farmers and Merchants Bank,https://www.myfirstfarmers.com,Columbia,TN,$1.74B,Stephen K. Hughes,Chief Operating Officer,https://www.myfirstfarmers.com/about/leadership
1487,First Farmers and Merchants Bank,https://www.myfirstfarmers.com,Columbia,TN,$1.74B,Rory A. Mallard,Chief Banking Officer,https://www.myfirstfarmers.com/about/leadership
1487,First Farmers and Merchants Bank,https://www.myfirstfarmers.com,Columbia,TN,$1.74B,Jennifer J. McConnell,Chief Risk Officer,https://www.myfirstfarmers.com/about/leadership
1487,First Farmers and Merchants Bank,https://www.myfirstfarmers.com,Columbia,TN,$1.74B,Liz G. Miller,Senior Commercial Banking Officer,https://www.myfirstfarmers.com/about/leadership
1487,First Farmers and Merchants Bank,https://www.myfirstfarmers.com,Columbia,TN,$1.74B,Dawn D. Moore,Chief Wealth Management Officer,https://www.myfirstfarmers.com/about/leadership
1487,First Farmers and Merchants Bank,https://www.myfirstfarmers.com,Columbia,TN,$1.74B,C. Stacey Shedd,Chief Retail Banking Officer,https://www.myfirstfarmers.com/about/leadership
1487,First Farmers and Merchants Bank,https://www.myfirstfarmers.com,Columbia,TN,$1.74B,Shannon L. Tidwell,Chief Information Officer,https://www.myfirstfarmers.com/about/leadership
1487,First Farmers and Merchants Bank,https://www.myfirstfarmers.com,Columbia,TN,$1.74B,Darcy Wagner,Chief Compliance Officer,https://www.myfirstfarmers.com/about/leadership
1487,First Farmers and Merchants Bank,https://www.myfirstfarmers.com,Columbia,TN,$1.74B,Brian K. Williams,Chairman & Chief Executive Officer,https://www.myfirstfarmers.com/about/leadership
1487,First Farmers and Merchants Bank,https://www.myfirstfarmers.com,Columbia,TN,$1.74B,Chairman & Chief Executive Officer,Board of Directors,https://www.myfirstfarmers.com/about/leadership
1487,First Farmers and Merchants Bank,https://www.myfirstfarmers.com,Columbia,TN,$1.74B,Dr. Martin M. Chaney,"CEO, Maury Regional Health",https://www.myfirstfarmers.com/about/leadership
1487,First Farmers and Merchants Bank,https://www.myfirstfarmers.com,Columbia,TN,$1.74B,Jonathan M. Edwards,"President and CEO, Edwards Oil Company",https://www.myfirstfarmers.com/about/leadership
1487,First Farmers and Merchants Bank,https://www.myfirstfarmers.com,Columbia,TN,$1.74B,Dr. Christa S. Martin,"Executive Director of Belonging and Student Resources, Columbia State Community College",https://www.myfirstfarmers.com/about/leadership
1487,First Farmers and Merchants Bank,https://www.myfirstfarmers.com,Columbia,TN,$1.74B,W. Eric Mayberry,"President, Tennessee Farm Bureau Federation",https://www.myfirstfarmers.com/about/leadership
1487,First Farmers and Merchants Bank,https://www.myfirstfarmers.com,Columbia,TN,$1.74B,Jeffrey L. Pannell,"CEO, Tennessee Farmers Insurance Companies",https://www.myfirstfarmers.com/about/leadership
1487,First Farmers and Merchants Bank,https://www.myfirstfarmers.com,Columbia,TN,$1.74B,Richard C. Perko,"President and CEO, Lee Company",https://www.myfirstfarmers.com/about/leadership
34728,Independent Bank,https://www.i-bankonline.com,Memphis,TN,$1.73B,Fraud Prevention,Enhanced Multifactor Authentication,https://www.i-bankonline.com/about
57265,Citizens Community Federal National Association,https://www.ccf.us,Altoona,WI,$1.72B,Agriculture Team,Market Presidents,https://www.ccf.us/team
57265,Citizens Community Federal National Association,https://www.ccf.us,Altoona,WI,$1.72B,Adam Hartmann,VP – Ag & Commercial Banking,https://www.ccf.us/team
57265,Citizens Community Federal National Association,https://www.ccf.us,Altoona,WI,$1.72B,Brett Kemmer,Mortgage Loan Officer,https://www.ccf.us/team
57265,Citizens Community Federal National Association,https://www.ccf.us,Altoona,WI,$1.72B,Courtney Berg,SVP Consumer Banking,https://www.ccf.us/team
57265,Citizens Community Federal National Association,https://www.ccf.us,Altoona,WI,$1.72B,Erick Lehman,VP – Ag & Commercial Banking,https://www.ccf.us/team
57265,Citizens Community Federal National Association,https://www.ccf.us,Altoona,WI,$1.72B,Jason Erb,SVP – Ag & Commercial Banking,https://www.ccf.us/team
57265,Citizens Community Federal National Association,https://www.ccf.us,Altoona,WI,$1.72B,Kaylea Payer,Mortgage Loan Officer,https://www.ccf.us/team
57265,Citizens Community Federal National Association,https://www.ccf.us,Altoona,WI,$1.72B,Margaret Tozier,Mortgage Loan Officer,https://www.ccf.us/team
57265,Citizens Community Federal National Association,https://www.ccf.us,Altoona,WI,$1.72B,Nathan Wester,Mortgage Loan Officer,https://www.ccf.us/team
57265,Citizens Community Federal National Association,https://www.ccf.us,Altoona,WI,$1.72B,Samantha Paris,Mortgage Loan Officer,https://www.ccf.us/team
57265,Citizens Community Federal National Association,https://www.ccf.us,Altoona,WI,$1.72B,Tyler Tomesh,Chief Banking Officer,https://www.ccf.us/team
57265,Citizens Community Federal National Association,https://www.ccf.us,Altoona,WI,$1.72B,Paul Swartos,SVP Consumer & Commercial Banking,https://www.ccf.us/team
57265,Citizens Community Federal National Association,https://www.ccf.us,Altoona,WI,$1.72B,Andrew Hanvelt,SVP Consumer & Commercial Banking,https://www.ccf.us/team
57265,Citizens Community Federal National Association,https://www.ccf.us,Altoona,WI,$1.72B,Dustin Hundt,SVP Consumer & Commercial Banking,https://www.ccf.us/team
57265,Citizens Community Federal National Association,https://www.ccf.us,Altoona,WI,$1.72B,Brian Wentz,SVP Consumer & Commercial Banking,https://www.ccf.us/team
57265,Citizens Community Federal National Association,https://www.ccf.us,Altoona,WI,$1.72B,Rebecca Reinhardt,SVP Treasury Management,https://www.ccf.us/team
57265,Citizens Community Federal National Association,https://www.ccf.us,Altoona,WI,$1.72B,Josh Villella,Community Banking President,https://www.ccf.us/team
57265,Citizens Community Federal National Association,https://www.ccf.us,Altoona,WI,$1.72B,Terry Keller,Community Banking President,https://www.ccf.us/team
57265,Citizens Community Federal National Association,https://www.ccf.us,Altoona,WI,$1.72B,Colin Fleming,Community Banking President,https://www.ccf.us/team
57265,Citizens Community Federal National Association,https://www.ccf.us,Altoona,WI,$1.72B,Justin Harings,Community Banking President,https://www.ccf.us/team
57265,Citizens Community Federal National Association,https://www.ccf.us,Altoona,WI,$1.72B,Scott Sadowski,Vice President Commercial Banking,https://www.ccf.us/team
57265,Citizens Community Federal National Association,https://www.ccf.us,Altoona,WI,$1.72B,Greg Dahl,Vice President Commercial Banking,https://www.ccf.us/team
57265,Citizens Community Federal National Association,https://www.ccf.us,Altoona,WI,$1.72B,Tony Jenkins,Vice President Commercial Banking,https://www.ccf.us/team
57265,Citizens Community Federal National Association,https://www.ccf.us,Altoona,WI,$1.72B,Chad Larson,VP Commercial Banking & Campground Lending,https://www.ccf.us/team
57265,Citizens Community Federal National Association,https://www.ccf.us,Altoona,WI,$1.72B,Brock Pottinger,Vice President Commercial Banking,https://www.ccf.us/team
57265,Citizens Community Federal National Association,https://www.ccf.us,Altoona,WI,$1.72B,Mike Britton,Vice President Commercial Banking,https://www.ccf.us/team
57265,Citizens Community Federal National Association,https://www.ccf.us,Altoona,WI,$1.72B,Robert Grinde,Vice President Commercial Banking,https://www.ccf.us/team
57265,Citizens Community Federal National Association,https://www.ccf.us,Altoona,WI,$1.72B,Eric Rogness,Vice President Commercial Banking,https://www.ccf.us/team
57265,Citizens Community Federal National Association,https://www.ccf.us,Altoona,WI,$1.72B,Jerry Twinde,Vice President Commercial Banking,https://www.ccf.us/team
57265,Citizens Community Federal National Association,https://www.ccf.us,Altoona,WI,$1.72B,Tammy Johnson,Vice President Treasury Management Sales,https://www.ccf.us/team
57265,Citizens Community Federal National Association,https://www.ccf.us,Altoona,WI,$1.72B,Stacey Bunkelman,Treasury Management Officer,https://www.ccf.us/team
57265,Citizens Community Federal National Association,https://www.ccf.us,Altoona,WI,$1.72B,Josh Mayo,Treasury Management Officer,https://www.ccf.us/team
58054,First Commerce Bank,http://www.firstcommercebk.com,Lakewood,NJ,$1.71B,Donald Mindiak,President,http://www.firstcommercebk.com/our-team
58054,First Commerce Bank,http://www.firstcommercebk.com,Lakewood,NJ,$1.71B,Gregory Scott Garcia,Executive Vice President,http://www.firstcommercebk.com/our-team
58054,First Commerce Bank,http://www.firstcommercebk.com,Lakewood,NJ,$1.71B,Executive Vice President,Chief Operating Officer,http://www.firstcommercebk.com/our-team
58054,First Commerce Bank,http://www.firstcommercebk.com,Lakewood,NJ,$1.71B,Eli Rennert,Executive Vice President,http://www.firstcommercebk.com/our-team
58054,First Commerce Bank,http://www.firstcommercebk.com,Lakewood,NJ,$1.71B,David Onderko,Senior Vice President,http://www.firstcommercebk.com/our-team
58054,First Commerce Bank,http://www.firstcommercebk.com,Lakewood,NJ,$1.71B,Senior Vice President,Chief Financial Officer,http://www.firstcommercebk.com/our-team
58054,First Commerce Bank,http://www.firstcommercebk.com,Lakewood,NJ,$1.71B,Debra Morgan,Senior Vice President,http://www.firstcommercebk.com/our-team
58054,First Commerce Bank,http://www.firstcommercebk.com,Lakewood,NJ,$1.71B,Danny R. Beagle,Senior Vice President,http://www.firstcommercebk.com/our-team
58054,First Commerce Bank,http://www.firstcommercebk.com,Lakewood,NJ,$1.71B,Rhiannon Williams,Senior Vice President,http://www.firstcommercebk.com/our-team
58054,First Commerce Bank,http://www.firstcommercebk.com,Lakewood,NJ,$1.71B,LaTifa Sciscoe,Senior Vice President,http://www.firstcommercebk.com/our-team
58054,First Commerce Bank,http://www.firstcommercebk.com,Lakewood,NJ,$1.71B,Tonia Thompson,Senior Vice President,http://www.firstcommercebk.com/our-team
58054,First Commerce Bank,http://www.firstcommercebk.com,Lakewood,NJ,$1.71B,Chief Compliance,BSA/AML & OFAC Officer,http://www.firstcommercebk.com/our-team
58054,First Commerce Bank,http://www.firstcommercebk.com,Lakewood,NJ,$1.71B,Mary Kay Malec,Senior Vice President,http://www.firstcommercebk.com/our-team
4506,"The Security National Bank of Sioux City, Iowa",https://www.snbonline.com,Sioux City,IA,$1.70B,Employment Opportunities,Chairman & CEO Message,https://www.snbonline.com/about
18272,Community State Bank,https://www.bankcsb.com,Ankeny,IA,$1.68B,Board of Directors,HOME BOARD OF DIRECTORS,https://www.bankcsb.com/board-of-directors
18272,Community State Bank,https://www.bankcsb.com,Ankeny,IA,$1.68B,Suzanna de Baca,"CEO, Story Board Advisors",https://www.bankcsb.com/board-of-directors
18272,Community State Bank,https://www.bankcsb.com,Ankeny,IA,$1.68B,Tej Dhawan,"Managing Director & Co-founder, Plains Angels",https://www.bankcsb.com/board-of-directors
18272,Community State Bank,https://www.bankcsb.com,Ankeny,IA,$1.68B,Kurt A. Gibson,"CEO, Community State Bank",https://www.bankcsb.com/board-of-directors
18272,Community State Bank,https://www.bankcsb.com,Ankeny,IA,$1.68B,Elizabeth (Libby) S. Jacobs,"President, The Jacobs Group, LLC",https://www.bankcsb.com/board-of-directors
18272,Community State Bank,https://www.bankcsb.com,Ankeny,IA,$1.68B,Joseph L. Jones,"Chief Community Impact Officer, United Way of Central Iowa",https://www.bankcsb.com/board-of-directors
18272,Community State Bank,https://www.bankcsb.com,Ankeny,IA,$1.68B,Scott D. Packard,"Retired Chairman, Wright Service Corp.",https://www.bankcsb.com/board-of-directors
18609,American Bank of Commerce,https://www.theabcbank.com,Wolfforth,TX,$1.67B,"John Moore, MD",Chairman of the Board,https://www.theabcbank.com/about/leadership
18609,American Bank of Commerce,https://www.theabcbank.com,Wolfforth,TX,$1.67B,Edvin Beasley,Director,https://www.theabcbank.com/about/leadership
18609,American Bank of Commerce,https://www.theabcbank.com,Wolfforth,TX,$1.67B,Steve McGavock,Director,https://www.theabcbank.com/about/leadership
18609,American Bank of Commerce,https://www.theabcbank.com,Wolfforth,TX,$1.67B,Andy Meyercord,Director,https://www.theabcbank.com/about/leadership
18609,American Bank of Commerce,https://www.theabcbank.com,Wolfforth,TX,$1.67B,David Mehok,Director,https://www.theabcbank.com/about/leadership
18609,American Bank of Commerce,https://www.theabcbank.com,Wolfforth,TX,$1.67B,Todd Moore,Director,https://www.theabcbank.com/about/leadership
18609,American Bank of Commerce,https://www.theabcbank.com,Wolfforth,TX,$1.67B,"Jim Nolen, Jr.",Director,https://www.theabcbank.com/about/leadership
18609,American Bank of Commerce,https://www.theabcbank.com,Wolfforth,TX,$1.67B,Stephen Phillips,Director,https://www.theabcbank.com/about/leadership
18609,American Bank of Commerce,https://www.theabcbank.com,Wolfforth,TX,$1.67B,Loyd Rinehart,Director,https://www.theabcbank.com/about/leadership
18609,American Bank of Commerce,https://www.theabcbank.com,Wolfforth,TX,$1.67B,Bobby Shapiro,Director,https://www.theabcbank.com/about/leadership
18609,American Bank of Commerce,https://www.theabcbank.com,Wolfforth,TX,$1.67B,Melissa Thoveson,Director,https://www.theabcbank.com/about/leadership
18609,American Bank of Commerce,https://www.theabcbank.com,Wolfforth,TX,$1.67B,David Anderson,"SEVP, Chief Operations Officer",https://www.theabcbank.com/about/leadership
18609,American Bank of Commerce,https://www.theabcbank.com,Wolfforth,TX,$1.67B,Leslie Demma,"EVP, Human Resources Director",https://www.theabcbank.com/about/leadership
18609,American Bank of Commerce,https://www.theabcbank.com,Wolfforth,TX,$1.67B,Sam Johnson,"EVP, Chief Credit Officer",https://www.theabcbank.com/about/leadership
18609,American Bank of Commerce,https://www.theabcbank.com,Wolfforth,TX,$1.67B,Tracy Riddle,"SEVP, Chief Administrative Officer",https://www.theabcbank.com/about/leadership
18609,American Bank of Commerce,https://www.theabcbank.com,Wolfforth,TX,$1.67B,Tom Tebo,"SEVP, Chief Financial Officer",https://www.theabcbank.com/about/leadership
18609,American Bank of Commerce,https://www.theabcbank.com,Wolfforth,TX,$1.67B,Derek Zelazny,"EVP, Chief Banking Officer",https://www.theabcbank.com/about/leadership
6161,Kitsap Bank,https://www.kitsapbank.com,Port Orchard,WA,$1.67B,Steven Politakis,"Chief Executive Officer, Kitsap Bank",https://www.kitsapbank.com/about/leadership
6161,Kitsap Bank,https://www.kitsapbank.com,Port Orchard,WA,$1.67B,Anthony George,"President & Chief Operating Officer, Kitsap Bank",https://www.kitsapbank.com/about/leadership
6161,Kitsap Bank,https://www.kitsapbank.com,Port Orchard,WA,$1.67B,Alan Crain,Executive Vice President & Chief Financial Officer,https://www.kitsapbank.com/about/leadership
6161,Kitsap Bank,https://www.kitsapbank.com,Port Orchard,WA,$1.67B,Linda Smith,Executive Vice President & Chief Credit Officer,https://www.kitsapbank.com/about/leadership
6161,Kitsap Bank,https://www.kitsapbank.com,Port Orchard,WA,$1.67B,Charles Robertson,Executive Vice President & Chief Retail Officer,https://www.kitsapbank.com/about/leadership
6161,Kitsap Bank,https://www.kitsapbank.com,Port Orchard,WA,$1.67B,Basant Singh,"Executive Vice President, Bellevue Commercial Banking and SBA Manager",https://www.kitsapbank.com/about/leadership
6161,Kitsap Bank,https://www.kitsapbank.com,Port Orchard,WA,$1.67B,Privacy Policy | Help Center,"We serve cookies. If you think that's ok, just click ""Accept all"". You can also choose what kind of cookies you want by clicking ""Settings"".",https://www.kitsapbank.com/about/leadership
6161,Kitsap Bank,https://www.kitsapbank.com,Port Orchard,WA,$1.67B,Accept all,Cookies,https://www.kitsapbank.com/about/leadership
6161,Kitsap Bank,https://www.kitsapbank.com,Port Orchard,WA,$1.67B,President & Chief Executive Officer,Olympic Bancorp Board of Directors,https://www.kitsapbank.com/about/leadership
5019,Southern Michigan Bank & Trust,https://www.smb-t.com,Coldwater,MI,$1.66B,Investment management,Tax coordination,https://www.smb-t.com/wealth-management/investment-management
5962,Sutton Bank,https://www.suttonbank.com,Attica,OH,$1.66B,Multi-user implementation,Identify fraud or other suspicious payments,https://www.suttonbank.com/services-tools/treasury-management
90235,Main Street Bank,https://www.bankmainstreet.com,Marlborough,MA,$1.66B,David Alexander,"Director, CPA - Alexander Advisors, Inc.",https://www.bankmainstreet.com/about/board
90235,Main Street Bank,https://www.bankmainstreet.com,Marlborough,MA,$1.66B,Sem Aykanian,"Chairman, Attorney - Sem Aykanian Attorney at Law",https://www.bankmainstreet.com/about/board
90235,Main Street Bank,https://www.bankmainstreet.com,Marlborough,MA,$1.66B,Jeffrey J. Batta,"Director, President - Nissan Automobile Dealer Marlboro/Milford",https://www.bankmainstreet.com/about/board
90235,Main Street Bank,https://www.bankmainstreet.com,Marlborough,MA,$1.66B,Richard K. Bennett,Director,https://www.bankmainstreet.com/about/board
90235,Main Street Bank,https://www.bankmainstreet.com,Marlborough,MA,$1.66B,Heidi DeGrazia,"Director, Partner/CFO - Int2 Solutions",https://www.bankmainstreet.com/about/board
90235,Main Street Bank,https://www.bankmainstreet.com,Marlborough,MA,$1.66B,"Walter J. Dwyer, IV",Chief Executive Officer,https://www.bankmainstreet.com/about/board
90235,Main Street Bank,https://www.bankmainstreet.com,Marlborough,MA,$1.66B,John Gervais,"Director, President - Gervais Ford, Ayer",https://www.bankmainstreet.com/about/board
90235,Main Street Bank,https://www.bankmainstreet.com,Marlborough,MA,$1.66B,Emily K. Greenwood,"Director, President/CEO - EKG Networking Inc.",https://www.bankmainstreet.com/about/board
90235,Main Street Bank,https://www.bankmainstreet.com,Marlborough,MA,$1.66B,Kevin Horgan,"Director, ClaimLinx",https://www.bankmainstreet.com/about/board
90235,Main Street Bank,https://www.bankmainstreet.com,Marlborough,MA,$1.66B,William Marshall,"Clerk, Chairman - Devens Enterprise Commission",https://www.bankmainstreet.com/about/board
90235,Main Street Bank,https://www.bankmainstreet.com,Marlborough,MA,$1.66B,Arthur P. Redding,"Director, Owner - Hudson Appliance",https://www.bankmainstreet.com/about/board
90235,Main Street Bank,https://www.bankmainstreet.com,Marlborough,MA,$1.66B,Steven Roach,Director,https://www.bankmainstreet.com/about/board
90235,Main Street Bank,https://www.bankmainstreet.com,Marlborough,MA,$1.66B,Cynthia Russo,"Director, Attorney",https://www.bankmainstreet.com/about/board
90235,Main Street Bank,https://www.bankmainstreet.com,Marlborough,MA,$1.66B,Meet Our Leadership Team,Board of Directors & Corporators,https://www.bankmainstreet.com/about/board
1209,"Commercial Bank of Texas, National Association",https://www.cbtx.com,Nacogdoches,TX,$1.64B,Home Loans,Find a Loan Officer,https://www.cbtx.com/about
6862,Chesapeake Bank,https://www.ches.bank,Kilmarnock,VA,$1.63B,Board of Directors,Home » About Us » Board of Directors,https://www.ches.bank/about/board
6862,Chesapeake Bank,https://www.ches.bank,Kilmarnock,VA,$1.63B,Jeffrey M. Szyperski,"Chairman of the Board, President, and CEO",https://www.ches.bank/about/board
6862,Chesapeake Bank,https://www.ches.bank,Kilmarnock,VA,$1.63B,R. Blaine Altaffer,"CEO, Green Top Sporting Goods",https://www.ches.bank/about/board
6862,Chesapeake Bank,https://www.ches.bank,Kilmarnock,VA,$1.63B,Thomas E. Kellum,"President, W. Ellery Kellum, Inc.",https://www.ches.bank/about/board
6862,Chesapeake Bank,https://www.ches.bank,Kilmarnock,VA,$1.63B,Craig J. Kelly,"Managing Director, Creekside Consultants",https://www.ches.bank/about/board
6862,Chesapeake Bank,https://www.ches.bank,Kilmarnock,VA,$1.63B,Susan P. Quinn,"President and CEO of circle S studio, LLC and President and CEO of WorQ Coach, LLC",https://www.ches.bank/about/board
6862,Chesapeake Bank,https://www.ches.bank,Kilmarnock,VA,$1.63B,Delores (Dee Ann) Remo,"CEO of Heritage Wealth Advisors, LLC",https://www.ches.bank/about/board
6862,Chesapeake Bank,https://www.ches.bank,Kilmarnock,VA,$1.63B,Robert J. Singley,"President, RJS & Associates, Inc.",https://www.ches.bank/about/board
6862,Chesapeake Bank,https://www.ches.bank,Kilmarnock,VA,$1.63B,"Thomas G. Tingle, AIA","Former President, Guernsey Tingle",https://www.ches.bank/about/board
6862,Chesapeake Bank,https://www.ches.bank,Kilmarnock,VA,$1.63B,"Earl T Granger, III","Chief Development and Impact Officer, The Executive Leadership Council",https://www.ches.bank/about/board
6862,Chesapeake Bank,https://www.ches.bank,Kilmarnock,VA,$1.63B,Dede Ramoneda,Retired Chief Information Officer,https://www.ches.bank/about/board
6862,Chesapeake Bank,https://www.ches.bank,Kilmarnock,VA,$1.63B,Retired Chief Information Officer,Chesapeake Bank – Directors,https://www.ches.bank/about/board
6862,Chesapeake Bank,https://www.ches.bank,Kilmarnock,VA,$1.63B,Ron Andrews,"Former EVP Head of Direct Bank, Capital One",https://www.ches.bank/about/board
6862,Chesapeake Bank,https://www.ches.bank,Kilmarnock,VA,$1.63B,"David E. Bush, CPA, CFP, PFS","Managing Director, PBMares Wealth Management, LLC",https://www.ches.bank/about/board
6862,Chesapeake Bank,https://www.ches.bank,Kilmarnock,VA,$1.63B,"Charles C. Chase, II","President, Chase Properties, Inc.",https://www.ches.bank/about/board
6862,Chesapeake Bank,https://www.ches.bank,Kilmarnock,VA,$1.63B,Daniel L. Hargett,"Founder & CEO, Roka Partners",https://www.ches.bank/about/board
6862,Chesapeake Bank,https://www.ches.bank,Kilmarnock,VA,$1.63B,"Former President, GuernseyTingle",Chesapeake Wealth Management Inc. – Directors,https://www.ches.bank/about/board
6862,Chesapeake Bank,https://www.ches.bank,Kilmarnock,VA,$1.63B,Chesapeake Wealth Management Inc. – Directors,"Jeffrey M. Szyperski, Chairman",https://www.ches.bank/about/board
6862,Chesapeake Bank,https://www.ches.bank,Kilmarnock,VA,$1.63B,"Jeffrey M. Szyperski, Chairman","Chairman, CEO and President, Chesapeake Bank",https://www.ches.bank/about/board
6862,Chesapeake Bank,https://www.ches.bank,Kilmarnock,VA,$1.63B,Scott H. Garber,"President, Chesapeake Wealth Management",https://www.ches.bank/about/board
6862,Chesapeake Bank,https://www.ches.bank,Kilmarnock,VA,$1.63B,Marshall N. Warner,"Former, Executive Vice President, Chesapeake Bank",https://www.ches.bank/about/board
6862,Chesapeake Bank,https://www.ches.bank,Kilmarnock,VA,$1.63B,Chairman of the Board,"President, and CEO",https://www.ches.bank/about/board
6862,Chesapeake Bank,https://www.ches.bank,Kilmarnock,VA,$1.63B,TAKE A TRIP DOWN MEMORY LANE,Our Board of Directors,https://www.ches.bank/about/board
59093,International Bank of Commerce,https://www.ibc.com,Oklahoma City,OK,$1.63B,Motto: We Do More,"Workforce: 2,000+ diverse employees, including at officer level.",https://www.ibc.com/about/leadership
59093,International Bank of Commerce,https://www.ibc.com,Oklahoma City,OK,$1.63B,Chief Executive: Dennis E. Nixon,Chairman and CEO,https://www.ibc.com/about/leadership
18185,Community National Bank & Trust of Texas,https://WWW.MYBANKTX.COM,Corsicana,TX,$1.63B,Meet Our Team,Board of Directors,https://www.mybanktx.com/leadership
18185,Community National Bank & Trust of Texas,https://WWW.MYBANKTX.COM,Corsicana,TX,$1.63B,Board of Directors,Byron Cook,https://www.mybanktx.com/leadership
18185,Community National Bank & Trust of Texas,https://WWW.MYBANKTX.COM,Corsicana,TX,$1.63B,Scott Summerall,Tim Cooper,https://www.mybanktx.com/leadership
18185,Community National Bank & Trust of Texas,https://WWW.MYBANKTX.COM,Corsicana,TX,$1.63B,White Settlement Team,Board of Directors,https://www.mybanktx.com/leadership
34781,"Transportation Alliance Bank, Inc. d/b/a TAB Bank",https://www.TABBANK.COM,Ogden,UT,$1.63B,Asset-Based Lending,Trucking Factoring,https://www.tabbank.com/about/leadership
34781,"Transportation Alliance Bank, Inc. d/b/a TAB Bank",https://www.TABBANK.COM,Ogden,UT,$1.63B,Trucking Factoring,SMB Factoring,https://www.tabbank.com/about/leadership
34781,"Transportation Alliance Bank, Inc. d/b/a TAB Bank",https://www.TABBANK.COM,Ogden,UT,$1.63B,Austin Strong,Chief Executive Officer,https://www.tabbank.com/about/leadership
34781,"Transportation Alliance Bank, Inc. d/b/a TAB Bank",https://www.TABBANK.COM,Ogden,UT,$1.63B,Tyler Heap,President,https://www.tabbank.com/about/leadership
34781,"Transportation Alliance Bank, Inc. d/b/a TAB Bank",https://www.TABBANK.COM,Ogden,UT,$1.63B,Boyd Hunter,Chief Financial Officer,https://www.tabbank.com/about/leadership
34781,"Transportation Alliance Bank, Inc. d/b/a TAB Bank",https://www.TABBANK.COM,Ogden,UT,$1.63B,Michael Palmer,Chief Operating Officer,https://www.tabbank.com/about/leadership
34781,"Transportation Alliance Bank, Inc. d/b/a TAB Bank",https://www.TABBANK.COM,Ogden,UT,$1.63B,Terri Lins,Chief Credit Officer,https://www.tabbank.com/about/leadership
34781,"Transportation Alliance Bank, Inc. d/b/a TAB Bank",https://www.TABBANK.COM,Ogden,UT,$1.63B,Tami Fisher,Chief Information Officer,https://www.tabbank.com/about/leadership
34781,"Transportation Alliance Bank, Inc. d/b/a TAB Bank",https://www.TABBANK.COM,Ogden,UT,$1.63B,Justin Hatch,Chief Lending Officer,https://www.tabbank.com/about/leadership
34755,Virginia National Bank,https://www.vnb.com,Charlottesville,VA,$1.60B,OUR STORY,BOARD OF DIRECTORS,https://www.vnb.com/about-us
34755,Virginia National Bank,https://www.vnb.com,Charlottesville,VA,$1.60B,ATM LOCATIONS,VNB DIRECTORY,https://www.vnb.com/about-us
12204,"The Citizens Bank of Philadelphia, Mississippi",https://www.thecitizensbankphila.com,Philadelphia,MS,$1.59B,Checking the site connection security,This page requires cookies to be enabled in your browser settings. Please check this setting and enable cookies (if disabled),https://www.thecitizensbankphila.com/our-team
90169,Bluestone Bank,https://www.bluestone.bank,Raynham,MA,$1.58B,Meg McIsaac,"President, Chief Executive Officer",https://www.bluestone.bank/leadership
90169,Bluestone Bank,https://www.bluestone.bank,Raynham,MA,$1.58B,William Benford,Executive Vice President & Chief Lending Officer,https://www.bluestone.bank/leadership
90169,Bluestone Bank,https://www.bluestone.bank,Raynham,MA,$1.58B,Benjamin Lord,"Executive Vice President, Chief Operating Officer",https://www.bluestone.bank/leadership
90169,Bluestone Bank,https://www.bluestone.bank,Raynham,MA,$1.58B,Christine Moscaritolo,"Senior Vice President, Human Resources Officer",https://www.bluestone.bank/leadership
90169,Bluestone Bank,https://www.bluestone.bank,Raynham,MA,$1.58B,Robert Peixoto,First Senior Vice President & Senior Wealth Management Officer,https://www.bluestone.bank/leadership
90169,Bluestone Bank,https://www.bluestone.bank,Raynham,MA,$1.58B,Danielle Walsh,"Executive Vice President, Chief Financial Officer & Treasurer",https://www.bluestone.bank/leadership
90169,Bluestone Bank,https://www.bluestone.bank,Raynham,MA,$1.58B,Lisa Zenack,"Senior Vice President, Senior Risk Officer",https://www.bluestone.bank/leadership
90169,Bluestone Bank,https://www.bluestone.bank,Raynham,MA,$1.58B,MEET WITH US,We use cookies to provide the services and features offered on our website and to improve our user experience. Click for details.,https://www.bluestone.bank/leadership
90169,Bluestone Bank,https://www.bluestone.bank,Raynham,MA,$1.58B,Home Equity Line of Credit,Your Loan Officers,https://www.bluestone.bank/leadership
90169,Bluestone Bank,https://www.bluestone.bank,Raynham,MA,$1.58B,Executive Vice President,Chief Operating Officer,https://www.bluestone.bank/leadership
90169,Bluestone Bank,https://www.bluestone.bank,Raynham,MA,$1.58B,Senior Vice President,Human Resources Officer,https://www.bluestone.bank/leadership
90169,Bluestone Bank,https://www.bluestone.bank,Raynham,MA,$1.58B,Meet Meg McIsaac,President and CEO of Bluestone Bank,https://www.bluestone.bank/leadership
14158,Union Bank,https://www.ublocal.com,Morrisville,VT,$1.57B,Positive Pay and ACH Filtering,October is National Cybersecurity Awareness Month,https://www.ublocal.com/about
1365,Peoples Bank and Trust Company,http://www.peoples.bank,Mcpherson,KS,$1.57B,Farm Management Newsletter,October 2024,https://www.ezbusinesscardmanagement.com/
57415,"Forcht Bank, National Association",https://www.forchtbank.com,Lexington,KY,$1.56B,KRISTEN WELLS,"SVP, Director of Treasury Management",https://www.forchtbank.com/Personal/Mortgage-Home-Loans/Questions-About-Your-Mortgage
57415,"Forcht Bank, National Association",https://www.forchtbank.com,Lexington,KY,$1.56B,JENNY WYGANT,Treasury Management Officer,https://www.forchtbank.com/Personal/Mortgage-Home-Loans/Questions-About-Your-Mortgage
57415,"Forcht Bank, National Association",https://www.forchtbank.com,Lexington,KY,$1.56B,Contact Us,Talk To The President,https://www.forchtbank.com/Personal/Mortgage-Home-Loans/Questions-About-Your-Mortgage
6636,THE VINTON COUNTY NATIONAL BANK,https://www.vcnbfamily.bank,Mcarthur,OH,$1.55B,Unsubscribe >,Dee Mowry Retires From VCNB Board Of Directors,https://www.vcnbfamily.bank/Why-VCNB/About-VCNB