Investor Name,Check Size,Check Size Min,Check Size Max,Investment Stages,Interests,Firm Type,Operating Countries,Address,Website,LinkedIn,Twitter,Email,Description,Profile URL
10K Ventures,100K - 200K,100K,200K,Pre-seed; Seed; Idea,AR; XR; Robotics; Software; Data; Media,Family Office,UN; Germany; Brazil,,https://www.cookiebot.com/en/what-is-behind-powered-by-cookiebot/,https://www.linkedin.com/company/10kventures,https://twitter.com/capboardio,,Some of the data collected by this provider is for the purposes of personalization and measuring advertising effectiveness.,https://www.capboard.io/en/investor/10k-ventures
1414 Ventures,100K - 400K,100K,400K,Pre-seed; Seed; Idea,Software; Data; Cybersecurity; Security; Media,Venture Capital,CA; Ireland; Canada; Israel,,https://www.cookiebot.com/en/what-is-behind-powered-by-cookiebot/,https://www.linkedin.com/company/1414ventures,https://www.twitter.com/1414Ventures,,Some of the data collected by this provider is for the purposes of personalization and measuring advertising effectiveness.,https://www.capboard.io/en/investor/1414-ventures
Act Venture Capital,100K - 10M,100K,10M,Pre-seed; Seed; Series A,Software; Data; Media,Venture Capital,GE; Germany; Denmark; France,,https://www.cookiebot.com/en/what-is-behind-powered-by-cookiebot/,https://www.linkedin.com/company/act-venturecapital/,https://twitter.com/capboardio,,Some of the data collected by this provider is for the purposes of personalization and measuring advertising effectiveness.,https://www.capboard.io/en/investor/act-venture-capital
Adevinta Ventures,1M - 7M,1M,7M,Seed; Series A,FinTech; Marketplace; E-commerce; AR; XR; PropTech; Mobility; Software; Data; Media,VC,GE; Germany; France; Spain; Netherlands,,https://www.cookiebot.com/en/what-is-behind-powered-by-cookiebot/,https://www.linkedin.com/company/adevinta/,https://twitter.com/capboardio,,Some of the data collected by this provider is for the purposes of personalization and measuring advertising effectiveness.,https://www.capboard.io/en/investor/adevinta-ventures
All Iron Ventures,,,,Pre-seed; Seed; Series A,SaaS; B2B; B2C; AI; Enterprise; Consumer; Marketplace; E-commerce; AR; XR; Software; Data; Media,Venture Capital,GE; Germany; France; Spain; Portugal; United States,,https://www.cookiebot.com/en/what-is-behind-powered-by-cookiebot/,https://www.linkedin.com/company/all-iron-vc/,https://twitter.com/capboardio,,Some of the data collected by this provider is for the purposes of personalization and measuring advertising effectiveness.,https://www.capboard.io/en/investor/all-iron-ventures
"American Prudential Capital, inc.",25K - 15M,25K,15M,Seed; Series A; Series B; Pre-IPO,SaaS; B2B; B2C; web3; Crypto; AR; XR; BioTech; Mobility; Software; Data; Media,Venture Capital,UN; United States,,https://www.cookiebot.com/en/what-is-behind-powered-by-cookiebot/,https://www.linkedin.com/company/american-prudential-capital-inc./,https://twitter.com/capboardio,,Some of the data collected by this provider is for the purposes of personalization and measuring advertising effectiveness.,https://www.capboard.io/en/investor/american-prudential-capital-inc
Amplifica Capital,25K - 100K,25K,100K,Pre-seed; Seed; Series A; Idea,AR; XR; Software; Data; Media,Venture Capital,AR; Mexico,,https://www.cookiebot.com/en/what-is-behind-powered-by-cookiebot/,https://mx.linkedin.com/company/amplifica-capital,https://twitter.com/capboardio,,Some of the data collected by this provider is for the purposes of personalization and measuring advertising effectiveness.,https://www.capboard.io/en/investor/amplifica-capital
Ananda Impact Ventures,500K - 3M,500K,3M,Seed,SaaS; HealthTech; EdTech; AR; XR; Mobility; Software; Data; Media,Venture Capital,GE; Germany; Austria; Belgium; UK,,https://www.cookiebot.com/en/what-is-behind-powered-by-cookiebot/,https://www.linkedin.com/company/anandaventures/,https://twitter.com/capboardio,,Some of the data collected by this provider is for the purposes of personalization and measuring advertising effectiveness.,https://www.capboard.io/en/investor/ananda-impact-ventures
AnD Ventures,500K - 2M,500K,2M,Seed; Series A,B2B; web3; Enterprise; Consumer; AR; XR; Mobility; Software; Data; Media,VC,IS; Israel,,https://www.cookiebot.com/en/what-is-behind-powered-by-cookiebot/,https://www.linkedin.com/company/and-ventures/,https://www.twitter.com/AnDVenturesVC,,Some of the data collected by this provider is for the purposes of personalization and measuring advertising effectiveness.,https://www.capboard.io/en/investor/and-ventures
Angelsquare Capital,50K - 500K,50K,500K,Pre-seed; Seed; Idea,SaaS; FinTech; Mobility; Software; Data; Media,Angel,FR; France,,https://www.cookiebot.com/en/what-is-behind-powered-by-cookiebot/,https://www.linkedin.com/company/angelsquare/,https://twitter.com/capboardio,,Some of the data collected by this provider is for the purposes of personalization and measuring advertising effectiveness.,https://www.capboard.io/en/investor/angelsquare-capital
ATP Fund,250K - 1M,250K,1M,Pre-seed; Seed; Idea,HealthTech; AR; XR; Robotics; Software; Data; Media,Venture Capital,UN; United States,,https://www.cookiebot.com/en/what-is-behind-powered-by-cookiebot/,https://www.linkedin.com/company/atpfund,https://twitter.com/capboardio,,Some of the data collected by this provider is for the purposes of personalization and measuring advertising effectiveness.,https://www.capboard.io/en/investor/atp-fund
Axon Partners Group,,,,Seed,SaaS; B2B; B2C; FinTech; Gaming; Software; Data; Media,Venture Capital,SP; Spain,,https://www.cookiebot.com/en/what-is-behind-powered-by-cookiebot/,https://www.linkedin.com/company/capboard/,https://twitter.com/capboardio,,Some of the data collected by this provider is for the purposes of personalization and measuring advertising effectiveness.,https://www.capboard.io/en/investor/axon-partners-group
BDC Capital,500K - 7M,500K,7M,Pre-seed; Seed; Series A,B2B; Enterprise; AR; XR; Software; Data; Media,Venture Capital,CA; Canada,,https://www.cookiebot.com/en/what-is-behind-powered-by-cookiebot/,https://www.linkedin.com/company/bdc/,https://twitter.com/capboardio,,Some of the data collected by this provider is for the purposes of personalization and measuring advertising effectiveness.,https://www.capboard.io/en/investor/bdc-capital
Begin Capital,200K - 3M,200K,3M,Seed; Series A; Series B,Mobility; Software; Data; Media,Venture Capital,CA; Germany; Austria; UK; Canada,,https://www.cookiebot.com/en/what-is-behind-powered-by-cookiebot/,https://www.linkedin.com/company/begin-capital/,https://twitter.com/capboardio,,Some of the data collected by this provider is for the purposes of personalization and measuring advertising effectiveness.,https://www.capboard.io/en/investor/begin-capital
BFM Fund,50K - 100K,50K,100K,Seed; Series A,FinTech; AR; XR; Mobility; Software; Data; Media,Venture Capital,UN; United States,,https://www.cookiebot.com/en/what-is-behind-powered-by-cookiebot/,https://www.linkedin.com/company/bfmfund/,https://twitter.com/capboardio,,Some of the data collected by this provider is for the purposes of personalization and measuring advertising effectiveness.,https://www.capboard.io/en/investor/bfm-fund
Black Pearls VC,80-309,80,309,Seed; Series A,SaaS; Enterprise; AR; XR; Robotics; Software; Machine Learning; Data; Media,VC,GE; Germany; Austria; Czech Republic,,https://www.cookiebot.com/en/what-is-behind-powered-by-cookiebot/,https://www.linkedin.com/company/black-pearls-vc/,https://twitter.com/capboardio,,Some of the data collected by this provider is for the purposes of personalization and measuring advertising effectiveness.,https://www.capboard.io/en/investor/black-pearls-vc
BlackFin Tech,1M - 30M,1M,30M,Seed; Series A; Series B,FinTech; Consumer; InsurTech; Software; Data; Media,VC,GE; Germany; Austria; France; Belgium,,https://www.cookiebot.com/en/what-is-behind-powered-by-cookiebot/,https://www.linkedin.com/company/blackfin-capital-partners/,https://twitter.com/capboardio,,Some of the data collected by this provider is for the purposes of personalization and measuring advertising effectiveness.,https://www.capboard.io/en/investor/blackfin-tech
BlackSheep MadTech Fund,500K - 5M,500K,5M,Seed; Series A; Series B,AR; XR; Climate; Software; Data; Media,Venture Capital,GE; Germany; Austria; Italy,,https://www.cookiebot.com/en/what-is-behind-powered-by-cookiebot/,https://www.linkedin.com/company/blacksheep-madtech-fund/,https://twitter.com/capboardio,,Some of the data collected by this provider is for the purposes of personalization and measuring advertising effectiveness.,https://www.capboard.io/en/investor/blacksheep-madtech-fund
Blossom Capital,1M - 25M,1M,25M,Seed; Series A,SaaS; FinTech; Software; Data; Media,VC,GE; Germany; Austria; Belgium,,https://www.cookiebot.com/en/what-is-behind-powered-by-cookiebot/,https://www.linkedin.com/company/blossomcap/,https://twitter.com/capboardio,,Some of the data collected by this provider is for the purposes of personalization and measuring advertising effectiveness.,https://www.capboard.io/en/investor/blossom-capital
Blue Future Partners,2M - 5M,2M,5M,Series A; Series B,SaaS; B2B; Enterprise; Software; Data; Media,Venture Capital,IS; Germany; Israel; Singapore,,https://www.cookiebot.com/en/what-is-behind-powered-by-cookiebot/,https://www.linkedin.com/company/bluefp/,https://twitter.com/capboardio,,Some of the data collected by this provider is for the purposes of personalization and measuring advertising effectiveness.,https://www.capboard.io/en/investor/blue-future-partners
Blueworld.Group,1M - 15M,1M,15M,Seed; Series A; Series B,Climate; Software; Data; Media; Entertainment,Venture Capital,GE; Germany; Austria; Belgium; Israel,,https://www.cookiebot.com/en/what-is-behind-powered-by-cookiebot/,https://www.linkedin.com/company/blueworldgroup/,https://twitter.com/capboardio,,Some of the data collected by this provider is for the purposes of personalization and measuring advertising effectiveness.,https://www.capboard.io/en/investor/blueworld-group
Blumberg Capital,500K - 5M,500K,5M,Seed; Series A,B2B; AI; Consumer; AR; XR; Software; Data; Media,Venture Capital,IS; United States; Israel,,https://www.cookiebot.com/en/what-is-behind-powered-by-cookiebot/,https://www.linkedin.com/company/blumberg-capital/,https://twitter.com/capboardio,,Some of the data collected by this provider is for the purposes of personalization and measuring advertising effectiveness.,https://www.capboard.io/en/investor/blumberg-capital
Bookmark Capital,10K - 200K,10K,200K,Pre-seed; Seed; Series A; Series B; Pre-IPO; Idea,Software; Data; Media,Venture Capital,UN; United States,,https://www.cookiebot.com/en/what-is-behind-powered-by-cookiebot/,https://www.linkedin.com/in/champion-m-5382548/,https://twitter.com/capboardio,,Some of the data collected by this provider is for the purposes of personalization and measuring advertising effectiveness.,https://www.capboard.io/en/investor/bookmark-capital
Bowery Capital,750K - 2M,750K,2M,Pre-seed; Seed; Idea,SaaS; B2B; Consumer; Marketplace; AR; XR; Software; Data; Media,Venture Capital,CA; United States; Canada,,https://www.cookiebot.com/en/what-is-behind-powered-by-cookiebot/,https://www.linkedin.com/company/bowery-capital,https://twitter.com/capboardio,,Some of the data collected by this provider is for the purposes of personalization and measuring advertising effectiveness.,https://www.capboard.io/en/investor/bowery-capital
Brandenburg Kapital,500K - 2M,500K,2M,Pre-seed; Seed; Series A,HealthTech; AR; XR; BioTech; Mobility; Software; Data; Media,Venture Capital,GE; Germany,,https://www.cookiebot.com/en/what-is-behind-powered-by-cookiebot/,https://www.linkedin.com/company/bfb-brandenburg-kapital-gmbh---ilb/,https://twitter.com/capboardio,,Some of the data collected by this provider is for the purposes of personalization and measuring advertising effectiveness.,https://www.capboard.io/en/investor/brandenburg-kapital
Breakout Ventures,300K - 5M,300K,5M,Pre-seed; Seed; Series A,HealthTech; Robotics; BioTech; Mobility; Software; Data; Media,Venture Capital,CA; United States; Canada,,https://www.cookiebot.com/en/what-is-behind-powered-by-cookiebot/,https://www.linkedin.com/company/breakout-ventures/,https://twitter.com/capboardio,,Some of the data collected by this provider is for the purposes of personalization and measuring advertising effectiveness.,https://www.capboard.io/en/investor/breakout-ventures
Breed Reply,1M - 5M,1M,5M,Seed; Series A; Idea,B2B; B2C; HealthTech; IoT; AR; XR; Robotics; Software; Machine Learning; Data; Media,Venture Capital,GE; Germany; Austria; Belgium; UK,,https://www.cookiebot.com/en/what-is-behind-powered-by-cookiebot/,https://www.linkedin.com/company/breed-reply/,https://twitter.com/capboardio,,Some of the data collected by this provider is for the purposes of personalization and measuring advertising effectiveness.,https://www.capboard.io/en/investor/breed-reply
Breega,500K - 5M,500K,5M,Pre-seed; Seed; Series A; Idea,SaaS; FinTech; EdTech; Hardware; Marketplace; AR; XR; Robotics; InsurTech; Mobility; Software; Data; Media,Venture Capital,GE; Germany; France; Belgium,,https://www.cookiebot.com/en/what-is-behind-powered-by-cookiebot/,https://www.linkedin.com/company/breega/,https://www.twitter.com/breegavc,,Some of the data collected by this provider is for the purposes of personalization and measuring advertising effectiveness.,https://www.capboard.io/en/investor/breega
Brickyard,50K - 250K,50K,250K,Pre-seed; Seed; Series A; Idea,SaaS; B2C; HealthTech; web3; Crypto; Marketplace; E-commerce; AR; XR; Software; Data; Media,Incubator,UN; United States,,https://www.cookiebot.com/en/what-is-behind-powered-by-cookiebot/,https://www.linkedin.com/company/justlaybrick,https://twitter.com/capboardio,masons@justlaybrick.com,Some of the data collected by this provider is for the purposes of personalization and measuring advertising effectiveness.,https://www.capboard.io/en/investor/brickyard
Bridge Partners,300K - 500K,300K,500K,Pre-seed; Seed; Series A,AR; XR; Software; Data; Media,Venture Capital,AR; Brazil; Mexico,,https://www.cookiebot.com/en/what-is-behind-powered-by-cookiebot/,https://www.linkedin.com/company/bridge-partners-latam,https://twitter.com/capboardio,,Some of the data collected by this provider is for the purposes of personalization and measuring advertising effectiveness.,https://www.capboard.io/en/investor/bridge-partners
Brighter Capital,50K - 250K,50K,250K,Pre-seed; Seed; Series A,SaaS; FinTech; HealthTech; EdTech; Software; Data; Cybersecurity; Media,Family Office,UN; United States; USA,,https://www.cookiebot.com/en/what-is-behind-powered-by-cookiebot/,https://www.linkedin.com/in/yun-fang-juan-a6a4ab2/,https://twitter.com/capboardio,,Some of the data collected by this provider is for the purposes of personalization and measuring advertising effectiveness.,https://www.capboard.io/en/investor/brighter-capital
Bynd Venture Capital,100K - 5M,100K,5M,Pre-seed; Seed,SaaS; B2B; B2C; Marketplace; Software; Data; Media,Venture Capital,PO; Spain; Portugal,,https://www.cookiebot.com/en/what-is-behind-powered-by-cookiebot/,https://www.linkedin.com/company/capboard/,https://twitter.com/capboardio,,Some of the data collected by this provider is for the purposes of personalization and measuring advertising effectiveness.,https://www.capboard.io/en/investor/bynd-venture-capital
C4 Ventures,2M - 5M,2M,5M,Pre-seed; Seed; Series A,IoT; Hardware; Consumer; AR; XR; Software; Data; Media,Venture Capital,IS; Germany; Belgium; UK; Israel,,https://www.cookiebot.com/en/what-is-behind-powered-by-cookiebot/,https://www.linkedin.com/company/c4-ventures/,https://twitter.com/capboardio,,Some of the data collected by this provider is for the purposes of personalization and measuring advertising effectiveness.,https://www.capboard.io/en/investor/c4-ventures
Cacao Capital VC,3-56,3,56,Seed; Series A,AR; XR; Mobility; Software; Data; Media,VC,AR; Brazil,,https://www.cookiebot.com/en/what-is-behind-powered-by-cookiebot/,https://www.linkedin.com/company/cacao-capital/,https://twitter.com/capboardio,,Some of the data collected by this provider is for the purposes of personalization and measuring advertising effectiveness.,https://www.capboard.io/en/investor/cacao-capital-vc
Caixa Capital Risc,500K - 3M,500K,3M,Pre-seed; Seed; Series A; Series B; Idea,AR; XR; BioTech; Software; Data; Media,Venture Capital,PO; Spain; Portugal,,https://www.cookiebot.com/en/what-is-behind-powered-by-cookiebot/,https://www.linkedin.com/company/caixa-capital-risc,https://twitter.com/capboardio,,Some of the data collected by this provider is for the purposes of personalization and measuring advertising effectiveness.,https://www.capboard.io/en/investor/caixa-capital-risc
Calm Company Fund,25K - 250K,25K,250K,Seed,AR; XR; Mobility; Software; Data; Media,Venture Capital,AR; USA; Canada; Brazil,,https://www.cookiebot.com/en/what-is-behind-powered-by-cookiebot/,https://www.linkedin.com/company/calmcompanyfund/,https://twitter.com/capboardio,,Some of the data collected by this provider is for the purposes of personalization and measuring advertising effectiveness.,https://www.capboard.io/en/investor/calm-company-fund
Cambridge Companies SPG,1M - 10M,1M,10M,Seed; Series A; Series B,B2C; Consumer; Mobility; Software; Data; Media,Venture Capital,UN; United States,,https://www.cookiebot.com/en/what-is-behind-powered-by-cookiebot/,https://www.linkedin.com/company/cambridge-companies-spg/,https://twitter.com/capboardio,,Some of the data collected by this provider is for the purposes of personalization and measuring advertising effectiveness.,https://www.capboard.io/en/investor/cambridge-companies-spg
Canaan,500K - 20M,500K,20M,Pre-seed; Seed; Series A,B2B; B2C; FinTech; Enterprise; Consumer; AR; XR; Software; Data; Media,Venture Capital,BR; United States; Canada; Israel; India; Brazil,,https://www.cookiebot.com/en/what-is-behind-powered-by-cookiebot/,https://www.linkedin.com/company/canaan-partners/,https://twitter.com/capboardio,,Some of the data collected by this provider is for the purposes of personalization and measuring advertising effectiveness.,https://www.capboard.io/en/investor/canaan
CapAgro,1M - 10M,1M,10M,Seed; Series A,Software; Data; Media,Venture Capital,CA; Germany; France; Canada; Israel,,https://www.cookiebot.com/en/what-is-behind-powered-by-cookiebot/,https://www.linkedin.com/company/capagro/?originalSubdomain=fr,https://twitter.com/capboardio,,Some of the data collected by this provider is for the purposes of personalization and measuring advertising effectiveness.,https://www.capboard.io/en/investor/capagro
Capchase,,,,Seed; Series A; Series B; Pre-IPO,SaaS; FinTech; AR; XR; Mobility; Software; Data; Media,,CA; Denmark; Belgium; Canada,,https://www.cookiebot.com/en/what-is-behind-powered-by-cookiebot/,https://www.linkedin.com/company/capchase/,https://twitter.com/capboardio,,Some of the data collected by this provider is for the purposes of personalization and measuring advertising effectiveness.,https://www.capboard.io/en/investor/capchase
Casa Verde Capital,,,,,FinTech; InsurTech; Software; Data; Media,Venture Capital,CA; United States; USA; Canada,,https://www.cookiebot.com/en/what-is-behind-powered-by-cookiebot/,https://www.linkedin.com/company/capboard/,https://twitter.com/capboardio,,Some of the data collected by this provider is for the purposes of personalization and measuring advertising effectiveness.,https://www.capboard.io/en/investor/casa-verde-capital
Cell Capital,100K - 3M,100K,3M,Seed,AR; XR; Software; Data; Media,Venture Capital,IS; Germany; Austria; Israel; Singapore,,https://www.cookiebot.com/en/what-is-behind-powered-by-cookiebot/,https://www.linkedin.com/company/cell-capital-partners/,https://twitter.com/capboardio,,Some of the data collected by this provider is for the purposes of personalization and measuring advertising effectiveness.,https://www.capboard.io/en/investor/cell-capital
Chanzo Capital,25K - 250K,25K,250K,Pre-seed; Seed; Series A; Idea,FinTech; HealthTech; EdTech; AR; XR; Software; Data; Media,Venture Capital,,,https://www.cookiebot.com/en/what-is-behind-powered-by-cookiebot/,https://www.linkedin.com/company/chanzo-capital/,https://twitter.com/capboardio,,Some of the data collected by this provider is for the purposes of personalization and measuring advertising effectiveness.,https://www.capboard.io/en/investor/chanzo-capital
Cherry Ventures,1M - 3M,1M,3M,Pre-seed; Seed; Idea,SaaS; FinTech; Enterprise; Consumer; AR; XR; Software; Data; Media,Venture Capital,GE; Germany; Finland; France,,https://www.cookiebot.com/en/what-is-behind-powered-by-cookiebot/,https://de.linkedin.com/company/cherry-ventures,https://twitter.com/capboardio,,Some of the data collected by this provider is for the purposes of personalization and measuring advertising effectiveness.,https://www.capboard.io/en/investor/cherry-ventures
Chisos Capital,15K - 50K,15K,50K,Pre-seed; Seed; Idea,Software; Data; Media,,UN; United States,,https://www.cookiebot.com/en/what-is-behind-powered-by-cookiebot/,https://www.linkedin.com/company/chisos-llc/,https://twitter.com/capboardio,,Some of the data collected by this provider is for the purposes of personalization and measuring advertising effectiveness.,https://www.capboard.io/en/investor/chisos-capital
Choco Up,10K - 5M,10K,5M,Seed; Series A; Series B; Pre-IPO; Growth,SaaS; FinTech; Marketplace; E-commerce; AR; XR; Mobility; Software; Machine Learning; Data; Media,,CA; Canada; Australia,,https://www.cookiebot.com/en/what-is-behind-powered-by-cookiebot/,https://www.linkedin.com/company/getchocoup/,https://twitter.com/capboardio,,Some of the data collected by this provider is for the purposes of personalization and measuring advertising effectiveness.,https://www.capboard.io/en/investor/choco-up
ClearCo,10K - 20M,10K,20M,Seed; Series A; Series B; Pre-IPO,E-commerce; Mobility; Software; Data; Media,,CA; Germany; Ireland; Canada,,https://www.cookiebot.com/en/what-is-behind-powered-by-cookiebot/,https://www.linkedin.com/company/getclearco/,https://twitter.com/capboardio,,Some of the data collected by this provider is for the purposes of personalization and measuring advertising effectiveness.,https://www.capboard.io/en/investor/clearco
Climate-KIC,50K - 1M,50K,1M,Pre-seed; Seed; Series A; Idea,AR; XR; Climate; Mobility; Software; Data; Media,Venture Capital,GE; Germany; Austria; Netherlands; Belgium; UK,,https://www.cookiebot.com/en/what-is-behind-powered-by-cookiebot/,https://www.linkedin.com/company/climate-kic/,https://twitter.com/capboardio,,Some of the data collected by this provider is for the purposes of personalization and measuring advertising effectiveness.,https://www.capboard.io/en/investor/climate-kic
CofounderZone,100K - 700K,100K,700K,Pre-seed; Seed; Series A,web3; AR; XR; Mobility; Software; Data; Media,Venture Capital,GE; Germany; Austria; Poland; Belgium,,https://www.cookiebot.com/en/what-is-behind-powered-by-cookiebot/,https://pl.linkedin.com/company/cofounderzone,https://twitter.com/capboardio,,Some of the data collected by this provider is for the purposes of personalization and measuring advertising effectiveness.,https://www.capboard.io/en/investor/cofounderzone
Comeback Capital,100K - 250K,100K,250K,Seed,SaaS; FinTech; Hardware; Consumer; AR; XR; Mobility; Software; Data; Media,VC,UN; United States,,https://www.cookiebot.com/en/what-is-behind-powered-by-cookiebot/,https://www.linkedin.com/company/comebackcapital,https://twitter.com/capboardio,,Some of the data collected by this provider is for the purposes of personalization and measuring advertising effectiveness.,https://www.capboard.io/en/investor/comeback-capital
Company Ventures,100K - 1M,100K,1M,Pre-seed; Seed; Idea,SaaS; B2B; HealthTech; Enterprise; AR; XR; PropTech; Software; Data; Media,Venture Capital,UN; United States,,https://www.cookiebot.com/en/what-is-behind-powered-by-cookiebot/,https://www.linkedin.com/company/11522372/admin/,https://twitter.com/capboardio,,Some of the data collected by this provider is for the purposes of personalization and measuring advertising effectiveness.,https://www.capboard.io/en/investor/company-ventures
Compass Digital Ventures,1M - 5M,1M,5M,Pre-seed; Seed; Series A,HealthTech; EdTech; Consumer; AR; XR; Mobility; Software; Data; Media,VC,CA; United States; USA; Canada,,https://www.cookiebot.com/en/what-is-behind-powered-by-cookiebot/,https://www.linkedin.com/company/cdventures/,https://twitter.com/capboardio,,Some of the data collected by this provider is for the purposes of personalization and measuring advertising effectiveness.,https://www.capboard.io/en/investor/compass-digital-ventures
Concentric,500K - 5M,500K,5M,Seed; Series A,SaaS; AI; FinTech; HealthTech; AR; XR; PropTech; InsurTech; Mobility; Software; Data; Media,Venture Capital,GE; Germany; Austria; Belgium; United States; Singapore,,https://www.cookiebot.com/en/what-is-behind-powered-by-cookiebot/,https://www.linkedin.com/company/concentric-ventures/,https://twitter.com/capboardio,,Some of the data collected by this provider is for the purposes of personalization and measuring advertising effectiveness.,https://www.capboard.io/en/investor/concentric
Concept Ventures,91-93,91,93,Pre-seed; Seed,SaaS; FinTech; Gaming; AR; XR; Software; Data; Media; Entertainment,Venture Capital,UN; United Kingdom; Mexico,,https://www.cookiebot.com/en/what-is-behind-powered-by-cookiebot/,https://www.linkedin.com/company/conceptvc/,https://twitter.com/capboardio,,Some of the data collected by this provider is for the purposes of personalization and measuring advertising effectiveness.,https://www.capboard.io/en/investor/concept-ventures
Conscience,100K - 250K,100K,250K,Pre-seed; Seed; Series A; Idea,B2B; B2C; Enterprise; Consumer; AR; XR; Mobility; Software; Data; Media,VC,CA; United States; Canada; Israel,,https://www.cookiebot.com/en/what-is-behind-powered-by-cookiebot/,https://www.linkedin.com/company/conscience-vc,https://twitter.com/capboardio,,Some of the data collected by this provider is for the purposes of personalization and measuring advertising effectiveness.,https://www.capboard.io/en/investor/conscience
Constantia New Business,500K - 3M,500K,3M,Seed; Series A,B2B; AR; XR; Mobility; Software; Data; Media,VC,GE; Germany; Austria; Switzerland,,https://www.cookiebot.com/en/what-is-behind-powered-by-cookiebot/,https://www.linkedin.com/company/constantia-new-business/,https://twitter.com/capboardio,,Some of the data collected by this provider is for the purposes of personalization and measuring advertising effectiveness.,https://www.capboard.io/en/investor/constantia-new-business
Convivialité Ventures,250K - 10M,250K,10M,Seed; Series A; Series B,AR; XR; Mobility; Software; Data; Media,VC,CH; Germany; Austria; Portugal; UK; USA,,https://www.cookiebot.com/en/what-is-behind-powered-by-cookiebot/,https://www.linkedin.com/company/convivialit%C3%A9-ventures/,https://twitter.com/capboardio,,Some of the data collected by this provider is for the purposes of personalization and measuring advertising effectiveness.,https://www.capboard.io/en/investor/convivialite-ventures
Copilot Ventures,25K - 250K,25K,250K,Seed; Series A,EdTech; Software; Data; Media,Venture Capital,UN; United Kingdom,,https://www.cookiebot.com/en/what-is-behind-powered-by-cookiebot/,https://www.linkedin.com/company/copilot-ventures,https://twitter.com/capboardio,,Some of the data collected by this provider is for the purposes of personalization and measuring advertising effectiveness.,https://www.capboard.io/en/investor/copilot-ventures
Correlation Ventures,100K - 4M,100K,4M,Pre-seed; Seed; Series A; Series B; Idea,B2B; AR; XR; Software; Data; Media,Venture Capital,UN; United States,,https://www.cookiebot.com/en/what-is-behind-powered-by-cookiebot/,https://www.linkedin.com/company/correlation-ventures,https://twitter.com/capboardio,,Some of the data collected by this provider is for the purposes of personalization and measuring advertising effectiveness.,https://www.capboard.io/en/investor/correlation-ventures
Cortado Ventures,100K - 750K,100K,750K,Pre-seed; Seed; Idea,B2B; HealthTech; AR; XR; BioTech; Mobility; Software; Data; Media,Venture Capital,UN; United States,,https://www.cookiebot.com/en/what-is-behind-powered-by-cookiebot/,https://www.linkedin.com/company/cortadoventures,https://twitter.com/capboardio,,Some of the data collected by this provider is for the purposes of personalization and measuring advertising effectiveness.,https://www.capboard.io/en/investor/cortado-ventures
Countdown Capital,200K - 600K,200K,600K,Pre-seed; Idea,AR; XR; Software; Machine Learning; Data; Media,Venture Capital,UN; Germany; United States,,https://www.cookiebot.com/en/what-is-behind-powered-by-cookiebot/,https://www.linkedin.com/company/countdown-capital/,https://twitter.com/capboardio,,Some of the data collected by this provider is for the purposes of personalization and measuring advertising effectiveness.,https://www.capboard.io/en/investor/countdown-capital
Counter Culture Ventures,100K - 1M,100K,1M,Pre-seed; Idea,AR; XR; Mobility; Software; Data; Media,Venture Capital,KO; United States,,https://www.cookiebot.com/en/what-is-behind-powered-by-cookiebot/,https://www.linkedin.com/company/couterculture/,https://twitter.com/capboardio,,Some of the data collected by this provider is for the purposes of personalization and measuring advertising effectiveness.,https://www.capboard.io/en/investor/counter-culture-ventures
Creadev,3M - 30M,3M,30M,Series A; Series B,B2B; HealthTech; Gaming; AR; XR; Mobility; Software; Data; Media; Entertainment,Venture Capital,CA; France; Canada; Singapore,,https://www.cookiebot.com/en/what-is-behind-powered-by-cookiebot/,https://www.linkedin.com/company/creadev-investissements/mycompany/,https://twitter.com/capboardio,,Some of the data collected by this provider is for the purposes of personalization and measuring advertising effectiveness.,https://www.capboard.io/en/investor/creadev
CreativeCo Capital,100K - 500K,100K,500K,Seed; Series A; Series B,SaaS; B2B; Enterprise; Marketplace; AR; XR; Software; Data; Media,Venture Capital,UN; United States,"College Street, Suite 2700, Charlotte, North Carolina 28244, US",https://www.cookiebot.com/en/what-is-behind-powered-by-cookiebot/,https://www.linkedin.com/company/creativecoventures,https://twitter.com/capboardio,,Some of the data collected by this provider is for the purposes of personalization and measuring advertising effectiveness.,https://www.capboard.io/en/investor/creativeco-capital
Crédit Mutuel Innovation,1M - 20M,1M,20M,Seed; Series A; Series B; Pre-IPO,BioTech; Mobility; Software; Data; Media,Venture Capital,FR; France; UK,,https://www.cookiebot.com/en/what-is-behind-powered-by-cookiebot/,https://www.linkedin.com/company/creditmutuelinnovation,https://twitter.com/capboardio,,Some of the data collected by this provider is for the purposes of personalization and measuring advertising effectiveness.,https://www.capboard.io/en/investor/credit-mutuel-innovation
CreditEase Fintech Investment Fund,1M - 5M,1M,5M,Seed; Series A; Series B; Pre-IPO,SaaS; B2B; FinTech; Enterprise; AR; XR; Software; Data; Media,Venture Capital,CH; Israel; Singapore,,https://www.cookiebot.com/en/what-is-behind-powered-by-cookiebot/,https://www.linkedin.com/company/creditease-fintech-investment-fund/,https://twitter.com/capboardio,,Some of the data collected by this provider is for the purposes of personalization and measuring advertising effectiveness.,https://www.capboard.io/en/investor/creditease-fintech-investment-fund
Crescent Fund,40K - 40K,40K,40K,Pre-seed; Idea,Software; Data; Media,Venture Capital,UN; United States; USA,,https://www.cookiebot.com/en/what-is-behind-powered-by-cookiebot/,https://www.linkedin.com/company/california-crescent-fund/,https://twitter.com/capboardio,,Some of the data collected by this provider is for the purposes of personalization and measuring advertising effectiveness.,https://www.capboard.io/en/investor/crescent-fund
Crossbeam Ventures,500K - 3M,500K,3M,Pre-seed; Seed; Series A; Idea,SaaS; B2B; FinTech; E-commerce; AR; XR; Mobility; Software; Data; Media,VC,CA; Canada,,https://www.cookiebot.com/en/what-is-behind-powered-by-cookiebot/,https://www.linkedin.com/company/crossbeamvc/,https://www.twitter.com/crossbeamvc,,Some of the data collected by this provider is for the purposes of personalization and measuring advertising effectiveness.,https://www.capboard.io/en/investor/crossbeam-ventures
Crush Ventures,100K - 500K,100K,500K,Pre-seed; Seed; Series B; Idea,B2C; Enterprise; Consumer; AR; XR; Software; Data; Media; Entertainment,Venture Capital,CA; United Kingdom; United States; Canada,,https://www.cookiebot.com/en/what-is-behind-powered-by-cookiebot/,https://www.linkedin.com/company/crush-music/,https://twitter.com/capboardio,,Some of the data collected by this provider is for the purposes of personalization and measuring advertising effectiveness.,https://www.capboard.io/en/investor/crush-ventures
CRV,100K - 50M,100K,50M,Pre-seed; Seed; Series A,SaaS; FinTech; Enterprise; Consumer; AR; VR; XR; Software; Data; Media,Venture Capital,CA; Germany; Canada; Israel,"Hamilton Avenue, 3rd Floor, Palo Alto, CA 94301, US",https://www.cookiebot.com/en/what-is-behind-powered-by-cookiebot/,https://www.linkedin.com/company/crvvc,https://twitter.com/capboardio,,Some of the data collected by this provider is for the purposes of personalization and measuring advertising effectiveness.,https://www.capboard.io/en/investor/crv
Cubit Ventures,100K - 500K,100K,500K,Seed; Series A,SaaS; AR; XR; Software; Data; Media,VC,EG; USA,,https://www.cookiebot.com/en/what-is-behind-powered-by-cookiebot/,https://www.linkedin.com/company/cubit-ventures,https://twitter.com/capboardio,,Some of the data collected by this provider is for the purposes of personalization and measuring advertising effectiveness.,https://www.capboard.io/en/investor/cubit-ventures
Cuir Invest,100K - 500K,100K,500K,Seed,Consumer; AR; XR; Software; Data; Media,Venture Capital,FR; France,,https://www.cookiebot.com/en/what-is-behind-powered-by-cookiebot/,https://www.linkedin.com/company/cuir-invest/,https://twitter.com/capboardio,,Some of the data collected by this provider is for the purposes of personalization and measuring advertising effectiveness.,https://www.capboard.io/en/investor/cuir-invest
Curate Capital,500K - 500K,500K,500K,Seed; Series A,B2C; Enterprise; Consumer; AR; XR; Software; Data; Media,Venture Capital,UN; United States,,https://www.cookiebot.com/en/what-is-behind-powered-by-cookiebot/,https://www.linkedin.com/company/curate-capital,https://twitter.com/capboardio,,Some of the data collected by this provider is for the purposes of personalization and measuring advertising effectiveness.,https://www.capboard.io/en/investor/curate-capital
Cusp Capital,1M - 10M,1M,10M,Seed; Series A,SaaS; web3; AR; XR; Mobility; Software; Data; Media,Venture Capital,GE; Germany; Austria; Belgium,,https://www.cookiebot.com/en/what-is-behind-powered-by-cookiebot/,https://www.linkedin.com/company/cuspcapital,https://twitter.com/capboardio,,Some of the data collected by this provider is for the purposes of personalization and measuring advertising effectiveness.,https://www.capboard.io/en/investor/cusp-capital
Datainsight,15K - 100K,15K,100K,Pre-seed; Seed; Idea,AR; XR; Software; Data; Media,Angel,UN; UK; United Kingdom,,https://www.cookiebot.com/en/what-is-behind-powered-by-cookiebot/,https://www.linkedin.com/company/capboard/,https://twitter.com/capboardio,,Some of the data collected by this provider is for the purposes of personalization and measuring advertising effectiveness.,https://www.capboard.io/en/investor/datainsight
Day One Capital,300K - 1M,300K,1M,Seed; Series A,SaaS; B2B; Hardware; AR; XR; Software; Data; Media,Venture Capital,AU; Austria; Hungary; UK,,https://www.cookiebot.com/en/what-is-behind-powered-by-cookiebot/,https://www.linkedin.com/company/day-one-capital-fund-management,https://twitter.com/capboardio,,Some of the data collected by this provider is for the purposes of personalization and measuring advertising effectiveness.,https://www.capboard.io/en/investor/day-one-capital
Dedicated VC,500K - 3M,500K,3M,Seed; Series A; Series B; Pre-IPO,AR; XR; Mobility; Software; Data; Media,VC,GE; Germany; Belgium; Luxembourg,,https://www.cookiebot.com/en/what-is-behind-powered-by-cookiebot/,https://www.linkedin.com/company/dedicatedvc,https://twitter.com/capboardio,,Some of the data collected by this provider is for the purposes of personalization and measuring advertising effectiveness.,https://www.capboard.io/en/investor/dedicated-vc
Demium Capital,100K - 500K,100K,500K,Pre-seed; Seed; Series A; Series B; Idea,AR; XR; Software; Data; Media,Venture Capital,CZ; Czech Republic; Poland; Portugal; UK,,https://www.cookiebot.com/en/what-is-behind-powered-by-cookiebot/,https://www.linkedin.com/company/demium/,https://twitter.com/capboardio,,Some of the data collected by this provider is for the purposes of personalization and measuring advertising effectiveness.,https://www.capboard.io/en/investor/demium-capital
Deosai Ventures,50K - 300K,50K,300K,Pre-seed; Seed; Series A; Idea,FinTech; AR; XR; Software; Machine Learning; Data; Media,Venture Capital,UN; UK; United States,,https://www.cookiebot.com/en/what-is-behind-powered-by-cookiebot/,https://www.linkedin.com/company/deosai-ventures,https://twitter.com/capboardio,,Some of the data collected by this provider is for the purposes of personalization and measuring advertising effectiveness.,https://www.capboard.io/en/investor/deosai-ventures
DH Ventures (Delivery Hero Ventures),500K - 5M,500K,5M,Seed; Series A,B2B; B2C; FinTech; Marketplace; E-commerce; AR; XR; Software; Data; Media,Venture Capital,UN; Germany; Brazil,,https://www.cookiebot.com/en/what-is-behind-powered-by-cookiebot/,https://www.linkedin.com/company/dh-ventures/,https://twitter.com/capboardio,,Some of the data collected by this provider is for the purposes of personalization and measuring advertising effectiveness.,https://www.capboard.io/en/investor/dh-ventures-delivery-hero-ventures
Diaspora Ventures,50K - 200K,50K,200K,Pre-seed; Seed; Idea,FinTech; Blockchain; Software; Data; Media,Venture Capital,FR; France; United States; USA,,https://www.cookiebot.com/en/what-is-behind-powered-by-cookiebot/,https://www.linkedin.com/company/diasporavc/,https://twitter.com/capboardio,,Some of the data collected by this provider is for the purposes of personalization and measuring advertising effectiveness.,https://www.capboard.io/en/investor/diaspora-ventures
DIP Capital,2M - 8M,2M,8M,Seed; Series A; Series B,B2B; B2C; Marketplace; AR; XR; Mobility; Software; Data; Media,Venture Capital,Germany; UK; Israel,,https://www.cookiebot.com/en/what-is-behind-powered-by-cookiebot/,https://www.linkedin.com/in/david-boulton-82707718/,https://twitter.com/capboardio,,Some of the data collected by this provider is for the purposes of personalization and measuring advertising effectiveness.,https://www.capboard.io/en/investor/dip-capital
District Ventures Capital,500K - 6M,500K,6M,Seed; Series A; Series B,B2C; HealthTech; Consumer; AR; XR; Mobility; Software; Data; Media,Venture Capital,CA; United States; Canada,,https://www.cookiebot.com/en/what-is-behind-powered-by-cookiebot/,https://www.linkedin.com/company/districtvcap,https://twitter.com/capboardio,,Some of the data collected by this provider is for the purposes of personalization and measuring advertising effectiveness.,https://www.capboard.io/en/investor/district-ventures-capital
Dwarves Ventures,20K - 80K,20K,80K,Pre-seed; Seed; Idea,AI; FinTech; Blockchain; AR; XR; Software; Data; Media,Venture Capital,CA; Canada; Singapore,,https://www.cookiebot.com/en/what-is-behind-powered-by-cookiebot/,https://www.linkedin.com/m/company/dwarvesv,https://twitter.com/capboardio,,Some of the data collected by this provider is for the purposes of personalization and measuring advertising effectiveness.,https://www.capboard.io/en/investor/dwarves-ventures
Earlybird Ventures - Digital East Fund,500K - 10M,500K,10M,Pre-seed; Seed; Series A; Series B,AR; XR; Software; Data; Media,Venture Capital,JO; UK,,https://www.cookiebot.com/en/what-is-behind-powered-by-cookiebot/,https://www.linkedin.com/company/earlybird-venture-capital/,https://twitter.com/capboardio,,Some of the data collected by this provider is for the purposes of personalization and measuring advertising effectiveness.,https://www.capboard.io/en/investor/earlybird-ventures-digital-east-fund
ECBF European Circular Bioeconomy Fund,3M - 10M,3M,10M,Seed; Series A; Series B; Pre-IPO,FinTech; AR; XR; BioTech; Mobility; Software; Data; Media,VC,IS; Germany; UK; Israel; Singapore,,https://www.cookiebot.com/en/what-is-behind-powered-by-cookiebot/,https://www.linkedin.com/company/european-circular-bioeconomy-fund/,https://twitter.com/capboardio,,Some of the data collected by this provider is for the purposes of personalization and measuring advertising effectiveness.,https://www.capboard.io/en/investor/ecbf-european-circular-bioeconomy-fund
EcoMachines Ventures,50K - 250K,50K,250K,Pre-seed; Seed; Idea,FinTech; web3; Hardware; AR; XR; Software; Data; Media,Family Office,IS; Germany; UK; Canada; Israel; Australia,,https://www.cookiebot.com/en/what-is-behind-powered-by-cookiebot/,https://www.linkedin.com/company/ecomachines-ventures-limited/,https://twitter.com/capboardio,,Some of the data collected by this provider is for the purposes of personalization and measuring advertising effectiveness.,https://www.capboard.io/en/investor/ecomachines-ventures
Ecosystem Integrity Fund,3M - 10M,3M,10M,Seed; Series A,BioTech; Mobility; Software; Data; Media,Venture Capital,CA; Canada,,https://www.cookiebot.com/en/what-is-behind-powered-by-cookiebot/,https://www.linkedin.com/company/ecosystem-integrity-fund/,https://twitter.com/capboardio,,Some of the data collected by this provider is for the purposes of personalization and measuring advertising effectiveness.,https://www.capboard.io/en/investor/ecosystem-integrity-fund
Element Ventures,1M - 8M,1M,8M,Seed; Series A,B2B; B2C; FinTech; InsurTech; Software; Data; Cybersecurity; Media,VC,GE; Germany; Austria; Czech Republic; UK,,https://www.cookiebot.com/en/what-is-behind-powered-by-cookiebot/,https://www.linkedin.com/company/element-ventures,https://twitter.com/capboardio,,Some of the data collected by this provider is for the purposes of personalization and measuring advertising effectiveness.,https://www.capboard.io/en/investor/element-ventures
Elev8 VC,04-01,04,01,Pre-seed; Seed; Idea,EdTech; AR; XR; Mobility; Software; Data; Media,VC,IN; Singapore,,https://www.cookiebot.com/en/what-is-behind-powered-by-cookiebot/,https://www.linkedin.com/company/elev8vc/,https://twitter.com/capboardio,,Some of the data collected by this provider is for the purposes of personalization and measuring advertising effectiveness.,https://www.capboard.io/en/investor/elev8-vc
Elevation Capital Partners,1M - 15M,1M,15M,Seed; Series A; Series B,AR; XR; Software; Data; Media,Venture Capital,FR; France,,https://www.cookiebot.com/en/what-is-behind-powered-by-cookiebot/,https://www.linkedin.com/company/inter-invest-capital/,https://twitter.com/capboardio,,Some of the data collected by this provider is for the purposes of personalization and measuring advertising effectiveness.,https://www.capboard.io/en/investor/elevation-capital-partners
Elevator Ventures,500K - 2M,500K,2M,Seed; Series A,FinTech; Mobility; Software; Data; Media,VC,AL; Austria; UK,,https://www.cookiebot.com/en/what-is-behind-powered-by-cookiebot/,https://www.linkedin.com/company/elevatorventures/,https://twitter.com/capboardio,,Some of the data collected by this provider is for the purposes of personalization and measuring advertising effectiveness.,https://www.capboard.io/en/investor/elevator-ventures
Embryo Ventures,10K - 1M,10K,1M,Pre-seed; Seed; Idea,SaaS; B2C; HealthTech; Consumer; AR; XR; Mobility; Software; Data; Media,Venture Capital,IS; Germany; Austria; United Kingdom; Israel,,https://www.cookiebot.com/en/what-is-behind-powered-by-cookiebot/,https://www.linkedin.com/company/embryo-ventures/,https://twitter.com/capboardio,,Some of the data collected by this provider is for the purposes of personalization and measuring advertising effectiveness.,https://www.capboard.io/en/investor/embryo-ventures
Emerge Education,300K - 500K,300K,500K,Pre-seed; Seed; Idea,EdTech; AR; XR; Software; Data; Media,Venture Capital,GE; Germany; Austria; Belgium,,https://www.cookiebot.com/en/what-is-behind-powered-by-cookiebot/,https://www.linkedin.com/company/emergeeducation,https://twitter.com/capboardio,,Some of the data collected by this provider is for the purposes of personalization and measuring advertising effectiveness.,https://www.capboard.io/en/investor/emerge-education
Emil Capital,500K - 10M,500K,10M,Seed; Series A; Series B,B2C; Enterprise; Consumer; Software; Data; Media,Venture Capital,CA; Germany; United States; Canada,,https://www.cookiebot.com/en/what-is-behind-powered-by-cookiebot/,https://www.linkedin.com/company/emil-capital-partners-llc/,https://twitter.com/capboardio,,Some of the data collected by this provider is for the purposes of personalization and measuring advertising effectiveness.,https://www.capboard.io/en/investor/emil-capital
EMVC Emphasis Ventures,100K - 1M,100K,1M,Pre-seed; Seed; Series A; Idea,SaaS; B2B; B2C; FinTech; AR; XR; InsurTech; Software; Data; Media,VC,BA,,https://www.cookiebot.com/en/what-is-behind-powered-by-cookiebot/,https://www.linkedin.com/company/emvcfintechfund,https://twitter.com/capboardio,,Some of the data collected by this provider is for the purposes of personalization and measuring advertising effectiveness.,https://www.capboard.io/en/investor/emvc-emphasis-ventures
End Poverty. Make Trillions.,10K - 10M,10K,10M,Pre-seed; Seed; Series A; Series B; Pre-IPO; Idea,Software; Data; Media,Venture Capital,UN; United States,,https://www.cookiebot.com/en/what-is-behind-powered-by-cookiebot/,https://www.linkedin.com/company/end-poverty-make-trillions,https://twitter.com/capboardio,,Some of the data collected by this provider is for the purposes of personalization and measuring advertising effectiveness.,https://www.capboard.io/en/investor/end-poverty-make-trillions
Engage,250K - 500K,250K,500K,Seed; Series A; Series B,B2B; Enterprise; AR; XR; Software; Data; Media,Venture Capital,CA; Canada; Israel; Mexico,,https://www.cookiebot.com/en/what-is-behind-powered-by-cookiebot/,https://www.linkedin.com/company/engagevc,https://twitter.com/capboardio,,Some of the data collected by this provider is for the purposes of personalization and measuring advertising effectiveness.,https://www.capboard.io/en/investor/engage
Entrepreneur Invest,2M - 10M,2M,10M,Series A; Series B; Pre-IPO,Software; Data; Media,PE,GE; Germany; France; Belgium,,https://www.cookiebot.com/en/what-is-behind-powered-by-cookiebot/,https://www.linkedin.com/company/entrepreneur-venture/?viewAsMember=true,https://twitter.com/capboardio,,Some of the data collected by this provider is for the purposes of personalization and measuring advertising effectiveness.,https://www.capboard.io/en/investor/entrepreneur-invest
Epakon Capital,100K - 200K,100K,200K,Pre-seed; Seed; Series A,web3; Climate; Mobility; Software; Data; Media,VC,BR; USA; Brazil,,https://www.cookiebot.com/en/what-is-behind-powered-by-cookiebot/,https://www.linkedin.com/company/epakoncapital/,https://twitter.com/capboardio,,Some of the data collected by this provider is for the purposes of personalization and measuring advertising effectiveness.,https://www.capboard.io/en/investor/epakon-capital
Episode 1,112-116,112,116,Pre-seed; Seed,SaaS; B2B; AR; XR; Software; Data; Media,Venture Capital,UN; UK; United Kingdom,,https://www.cookiebot.com/en/what-is-behind-powered-by-cookiebot/,https://www.linkedin.com/company/episode-1-ventures,https://twitter.com/capboardio,,Some of the data collected by this provider is for the purposes of personalization and measuring advertising effectiveness.,https://www.capboard.io/en/investor/episode-1
EQT Ventures,,,,Pre-seed; Seed; Series A,AI; Robotics; Software; Data; Media,VC,CA; Estonia; Sweden; Canada,,https://www.cookiebot.com/en/what-is-behind-powered-by-cookiebot/,https://www.linkedin.com/company/capboard/,https://twitter.com/capboardio,,Some of the data collected by this provider is for the purposes of personalization and measuring advertising effectiveness.,https://www.capboard.io/en/investor/eqt-ventures
Equator Invest,100K - 200K,100K,200K,Pre-seed; Seed; Idea,FinTech; AR; XR; Software; Data; Media,Venture Capital,ET,,https://www.cookiebot.com/en/what-is-behind-powered-by-cookiebot/,https://www.linkedin.com/company/equator-partners/,https://twitter.com/capboardio,,Some of the data collected by this provider is for the purposes of personalization and measuring advertising effectiveness.,https://www.capboard.io/en/investor/equator-invest
EQx Fund,50K - 100K,50K,100K,Pre-seed; Seed; Series A,AR; XR; BioTech; InsurTech; Software; Data; Media,Venture Capital,CA; United States; Canada,,https://www.cookiebot.com/en/what-is-behind-powered-by-cookiebot/,https://www.linkedin.com/company/eqx-fund,https://twitter.com/capboardio,,Some of the data collected by this provider is for the purposes of personalization and measuring advertising effectiveness.,https://www.capboard.io/en/investor/eqx-fund
Era Ventures,1M - 20M,1M,20M,Pre-seed; Seed; Series A; Series B; Idea,AR; XR; PropTech; Software; Data; Media,Venture Capital,UN; United States,,https://www.cookiebot.com/en/what-is-behind-powered-by-cookiebot/,https://www.linkedin.com/company/era-ventures,https://twitter.com/capboardio,,Some of the data collected by this provider is for the purposes of personalization and measuring advertising effectiveness.,https://www.capboard.io/en/investor/era-ventures
Ethos VC,250K - 3M,250K,3M,Seed; Series A; Series B,SaaS; AI; FinTech; Blockchain; Hardware; AR; XR; Robotics; Software; Data; Media,VC,BR; Brazil,"Montgomery St, 1250, San Francisco, California 94104, US",https://www.cookiebot.com/en/what-is-behind-powered-by-cookiebot/,https://www.linkedin.com/company/ethosvc,https://twitter.com/capboardio,,Some of the data collected by this provider is for the purposes of personalization and measuring advertising effectiveness.,https://www.capboard.io/en/investor/ethos-vc
Evolution Equity Partners,5M - 25M,5M,25M,Seed; Series A; Series B,SaaS; B2B; Enterprise; Consumer; AR; XR; Software; Data; Cybersecurity; Media,Venture Capital,CA; Germany; Canada; Israel,"rd Street, 18th Floor, New York, New York 10022, US",https://www.cookiebot.com/en/what-is-behind-powered-by-cookiebot/,https://www.linkedin.com/company/evolution-equity-partners,https://twitter.com/capboardio,,Some of the data collected by this provider is for the purposes of personalization and measuring advertising effectiveness.,https://www.capboard.io/en/investor/evolution-equity-partners
Excellis Holding,200K - 500K,200K,500K,Pre-seed; Seed; Series A,AR; XR; Software; Data; Media,Venture Capital,GE; Germany; Denmark; Italy; Belgium,,https://www.cookiebot.com/en/what-is-behind-powered-by-cookiebot/,https://www.linkedin.com/company/excellis-holding-s-r-l/,https://twitter.com/capboardio,,Some of the data collected by this provider is for the purposes of personalization and measuring advertising effectiveness.,https://www.capboard.io/en/investor/excellis-holding
Expon Capital,1M - 5M,1M,5M,Seed; Series A; Series B,SaaS; AR; XR; Software; Data; Media; Entertainment,Venture Capital,GE; Germany; Austria; Belgium; Luxembourg,,https://www.cookiebot.com/en/what-is-behind-powered-by-cookiebot/,https://www.linkedin.com/company/exponcapital/,https://twitter.com/capboardio,,Some of the data collected by this provider is for the purposes of personalization and measuring advertising effectiveness.,https://www.capboard.io/en/investor/expon-capital
Fabric Ventures,50K - 2M,50K,2M,Pre-seed; Seed; Series A; Series B; Idea,web3; AR; XR; Software; Data; Media,Venture Capital,LU; United Kingdom; Luxembourg,,https://www.cookiebot.com/en/what-is-behind-powered-by-cookiebot/,https://www.linkedin.com/company/fabricventures/,https://twitter.com/capboardio,,Some of the data collected by this provider is for the purposes of personalization and measuring advertising effectiveness.,https://www.capboard.io/en/investor/fabric-ventures
Factor[e] Ventures,250K - 750K,250K,750K,Seed,AR; XR; Mobility; Software; Data; Media,VC,KE; India,,https://www.cookiebot.com/en/what-is-behind-powered-by-cookiebot/,https://www.linkedin.com/company/factor-e-ventures/,https://twitter.com/capboardio,,Some of the data collected by this provider is for the purposes of personalization and measuring advertising effectiveness.,https://www.capboard.io/en/investor/factor-e-ventures
Femmes Business Angels,23-25,23,25,Pre-seed; Seed,Software; Data; Media,Angel,FR; France,,https://www.cookiebot.com/en/what-is-behind-powered-by-cookiebot/,https://www.linkedin.com/company/femmes-business-angels/,https://twitter.com/capboardio,,Some of the data collected by this provider is for the purposes of personalization and measuring advertising effectiveness.,https://www.capboard.io/en/investor/femmes-business-angels
Fernbrook Capital Management,1M - 2M,1M,2M,Seed; Series A,SaaS; B2C; Consumer; Marketplace; E-commerce; AR; XR; Mobility; Software; Machine Learning; Data; Media,Venture Capital,UN; United Kingdom; United States,"Park Avenue, 2nd Floor, New York, NY 10022, Un",https://www.cookiebot.com/en/what-is-behind-powered-by-cookiebot/,https://www.linkedin.com/company/fernbrookcapitalmanagement/,https://twitter.com/capboardio,,Some of the data collected by this provider is for the purposes of personalization and measuring advertising effectiveness.,https://www.capboard.io/en/investor/fernbrook-capital-management
ff Venture Capital,300K - 700K,300K,700K,Pre-seed; Seed; Series A; Series B; Idea,AI; FinTech; Enterprise; Consumer; AR; XR; Robotics; Mobility; Software; Machine Learning; Data; Media,VC,CA; Estonia; Canada; Mexico,,https://www.cookiebot.com/en/what-is-behind-powered-by-cookiebot/,https://www.linkedin.com/company/ff-venture-capital/,https://twitter.com/capboardio,,Some of the data collected by this provider is for the purposes of personalization and measuring advertising effectiveness.,https://www.capboard.io/en/investor/ff-venture-capital
Fintech Ventures Fund,250K - 2M,250K,2M,Pre-seed; Seed; Idea,FinTech; AR; XR; InsurTech; Software; Data; Media,Venture Capital,UN; United States; USA,,https://www.cookiebot.com/en/what-is-behind-powered-by-cookiebot/,https://www.linkedin.com/company/fintech-ventures-fund/,https://twitter.com/capboardio,,Some of the data collected by this provider is for the purposes of personalization and measuring advertising effectiveness.,https://www.capboard.io/en/investor/fintech-ventures-fund
First Bridge Ventures,3M - 15M,3M,15M,Series A; Series B; Pre-IPO,FinTech; web3; Enterprise; Marketplace; AR; XR; Software; Data; Media,Venture Capital,IS; Germany; France; Belgium; Israel,,https://www.cookiebot.com/en/what-is-behind-powered-by-cookiebot/,https://www.linkedin.com/company/first-bridge-ventures,https://twitter.com/capboardio,,Some of the data collected by this provider is for the purposes of personalization and measuring advertising effectiveness.,https://www.capboard.io/en/investor/first-bridge-ventures
First Stage Labs,100K - 2M,100K,2M,Pre-seed; Seed; Idea,web3; Blockchain; AR; XR; Climate; Software; Data; Media,Venture Capital,UN; Brazil,,https://www.cookiebot.com/en/what-is-behind-powered-by-cookiebot/,https://www.linkedin.com/company/firststagelabs/,https://twitter.com/capboardio,,Some of the data collected by this provider is for the purposes of personalization and measuring advertising effectiveness.,https://www.capboard.io/en/investor/first-stage-labs
Fitt Insider,15K - 150K,15K,150K,Pre-seed; Seed; Idea,HealthTech; AR; XR; Mobility; Software; Data; Media; Entertainment,VC,CA; United States; Canada,,https://www.cookiebot.com/en/what-is-behind-powered-by-cookiebot/,https://www.linkedin.com/company/fitt-insiders,https://twitter.com/capboardio,,Some of the data collected by this provider is for the purposes of personalization and measuring advertising effectiveness.,https://www.capboard.io/en/investor/fitt-insider
Five Elms Capital,5M - 50M,5M,50M,Series A; Series B,SaaS; B2B; AR; XR; Mobility; Software; Data; Media,Venture Capital,AR; UK; USA; Brazil,,https://www.cookiebot.com/en/what-is-behind-powered-by-cookiebot/,https://www.linkedin.com/company/five-elms-capital/,https://twitter.com/capboardio,,Some of the data collected by this provider is for the purposes of personalization and measuring advertising effectiveness.,https://www.capboard.io/en/investor/five-elms-capital
FJ Labs,50K - 5M,50K,5M,Seed; Series A; Series B; Pre-IPO,SaaS; B2C; Consumer; Marketplace; Software; Data; Media,Venture Capital,AR; United States; Canada; Brazil,,https://www.cookiebot.com/en/what-is-behind-powered-by-cookiebot/,https://www.linkedin.com/company/fj-labs/,https://twitter.com/capboardio,,Some of the data collected by this provider is for the purposes of personalization and measuring advertising effectiveness.,https://www.capboard.io/en/investor/fj-labs
Flash Ventures,500K - 1M,500K,1M,Pre-seed; Seed; Idea,Software; Data; Media,VC,BR; Germany; Brazil,,https://www.cookiebot.com/en/what-is-behind-powered-by-cookiebot/,https://www.linkedin.com/company/fl4shventures,https://twitter.com/capboardio,,Some of the data collected by this provider is for the purposes of personalization and measuring advertising effectiveness.,https://www.capboard.io/en/investor/flash-ventures
Flashpoint,1M - 5M,1M,5M,Seed; Series A; Series B,Software; Data; Media,VC,IS; Austria; UK; United Kingdom; Israel,,https://www.cookiebot.com/en/what-is-behind-powered-by-cookiebot/,https://www.linkedin.com/company/flashpointvc,https://twitter.com/capboardio,,Some of the data collected by this provider is for the purposes of personalization and measuring advertising effectiveness.,https://www.capboard.io/en/investor/flashpoint
Fontinalis Partners,100K - 5M,100K,5M,Pre-seed; Seed; Series A,AR; XR; Mobility; Logistics; Software; Data; Media,Venture Capital,CA; United States; Canada; Israel,,https://www.cookiebot.com/en/what-is-behind-powered-by-cookiebot/,https://www.linkedin.com/company/fontinalis-partners-llc,https://twitter.com/capboardio,,Some of the data collected by this provider is for the purposes of personalization and measuring advertising effectiveness.,https://www.capboard.io/en/investor/fontinalis-partners
Forerunner Ventures,1M - 20M,1M,20M,Seed; Series A,B2C; Consumer; Software; Data; Media,Venture Capital,UN; United States,,https://www.cookiebot.com/en/what-is-behind-powered-by-cookiebot/,https://www.linkedin.com/company/forerunner-ventures/,https://twitter.com/capboardio,,Some of the data collected by this provider is for the purposes of personalization and measuring advertising effectiveness.,https://www.capboard.io/en/investor/forerunner-ventures
Form Life Ventures,500K - 2M,500K,2M,Seed; Series A,HealthTech; Mobility; Software; Data; Media,Venture Capital,IS; Germany; United States; Israel,,https://www.cookiebot.com/en/what-is-behind-powered-by-cookiebot/,https://www.linkedin.com/company/formlife,https://twitter.com/capboardio,,Some of the data collected by this provider is for the purposes of personalization and measuring advertising effectiveness.,https://www.capboard.io/en/investor/form-life-ventures
Forster Chase Ventures,100K - 4M,100K,4M,Seed; Series A; Series B; Pre-IPO,SaaS; FinTech; EdTech; AR; XR; InsurTech; Mobility; Software; Data; Media,PE,UN; UK; United Kingdom,,https://www.cookiebot.com/en/what-is-behind-powered-by-cookiebot/,https://www.linkedin.com/company/forster-chase-advisory/,https://twitter.com/capboardio,,Some of the data collected by this provider is for the purposes of personalization and measuring advertising effectiveness.,https://www.capboard.io/en/investor/forster-chase-ventures
Fortino Capital,1M - 4M,1M,4M,Seed; Series A,SaaS; B2B; AR; XR; Mobility; Software; Data; Media,VC,GE; Germany; France; Belgium,,https://www.cookiebot.com/en/what-is-behind-powered-by-cookiebot/,https://www.linkedin.com/company/fortinocapitalpartners,https://twitter.com/capboardio,,Some of the data collected by this provider is for the purposes of personalization and measuring advertising effectiveness.,https://www.capboard.io/en/investor/fortino-capital
FortySix Venture Capital,250K - 1M,250K,1M,Pre-seed; Seed; Series A,HealthTech; Enterprise; Consumer; Gaming; AR; XR; Mobility; Software; Data; Media,VC,UN; United States,,https://www.cookiebot.com/en/what-is-behind-powered-by-cookiebot/,https://www.linkedin.com/company/fortysix-venture-capital-llc/,https://twitter.com/capboardio,,Some of the data collected by this provider is for the purposes of personalization and measuring advertising effectiveness.,https://www.capboard.io/en/investor/fortysix-venture-capital
Forward Partners,300K - 3M,300K,3M,Pre-seed; Seed; Idea,Marketplace; E-commerce; AR; XR; Climate; Software; Data; Media,Venture Capital,UN; United Kingdom,,https://www.cookiebot.com/en/what-is-behind-powered-by-cookiebot/,https://www.linkedin.com/company/forward-partners-uk/,https://twitter.com/capboardio,,Some of the data collected by this provider is for the purposes of personalization and measuring advertising effectiveness.,https://www.capboard.io/en/investor/forward-partners
Foundation Ventures,100K - 500K,100K,500K,Pre-seed; Seed; Idea,web3; AR; XR; Software; Data; Media,VC,UN,,https://www.cookiebot.com/en/what-is-behind-powered-by-cookiebot/,https://www.linkedin.com/company/foundationventures/,https://twitter.com/capboardio,,Some of the data collected by this provider is for the purposes of personalization and measuring advertising effectiveness.,https://www.capboard.io/en/investor/foundation-ventures
Founders Fund,,,,Pre-seed; Seed; Series A; Series B,SaaS; B2B; B2C; AI; FinTech; Consumer; Software; Data; Media,Venture Capital,CA; United States; Canada; Israel; Mexico,,https://www.cookiebot.com/en/what-is-behind-powered-by-cookiebot/,https://www.linkedin.com/company/capboard/,https://twitter.com/capboardio,,Some of the data collected by this provider is for the purposes of personalization and measuring advertising effectiveness.,https://www.capboard.io/en/investor/founders-fund
FSB Capital,10K - 150K,10K,150K,Pre-seed; Seed; Idea,web3; AR; XR; Software; Data; Media,Venture Capital,CA; UK,,https://www.cookiebot.com/en/what-is-behind-powered-by-cookiebot/,https://www.linkedin.com/company/fsbcapital,https://twitter.com/capboardio,,Some of the data collected by this provider is for the purposes of personalization and measuring advertising effectiveness.,https://www.capboard.io/en/investor/fsb-capital
Fuel Ventures,200K - 4M,200K,4M,Pre-seed; Seed; Series A; Idea,SaaS; B2B; B2C; FinTech; Marketplace; AR; XR; Mobility; Software; Data; Media,Venture Capital,UN; UK; United Kingdom,,https://www.cookiebot.com/en/what-is-behind-powered-by-cookiebot/,https://www.linkedin.com/company/fuel-ventures,https://twitter.com/capboardio,,Some of the data collected by this provider is for the purposes of personalization and measuring advertising effectiveness.,https://www.capboard.io/en/investor/fuel-ventures
FullCircle,100K - 200K,100K,200K,Pre-seed; Seed; Idea,B2B; Enterprise; AR; XR; PropTech; Mobility; Software; Data; Media,Venture Capital,UN; United States,,https://www.cookiebot.com/en/what-is-behind-powered-by-cookiebot/,https://www.linkedin.com/company/fullcirclefundllc,https://twitter.com/capboardio,,Some of the data collected by this provider is for the purposes of personalization and measuring advertising effectiveness.,https://www.capboard.io/en/investor/fullcircle
Fuse Venture Partners,81-83,81,83,Series A; Series B; Pre-IPO; Growth,AR; XR; FoodTech; Software; Data; Media,VC,GE; Germany; Austria; UK; United Kingdom,,https://www.cookiebot.com/en/what-is-behind-powered-by-cookiebot/,https://uk.linkedin.com/company/fuse-venture-partners,https://twitter.com/capboardio,,Some of the data collected by this provider is for the purposes of personalization and measuring advertising effectiveness.,https://www.capboard.io/en/investor/fuse-venture-partners
G. Ventures,60K - 100K,60K,100K,Pre-seed; Seed; Idea,AR; XR; Software; Data; Media,Venture Capital,FR; France,,https://www.cookiebot.com/en/what-is-behind-powered-by-cookiebot/,https://www.linkedin.com/company/g-ventures-the-student-vc/,https://twitter.com/capboardio,,Some of the data collected by this provider is for the purposes of personalization and measuring advertising effectiveness.,https://www.capboard.io/en/investor/g-ventures
G+D Ventures,500K - 3M,500K,3M,Pre-seed; Seed; Series A,AR; XR; Mobility; Software; Data; Cybersecurity; Media,Venture Capital,AU; Germany; Austria,,https://www.cookiebot.com/en/what-is-behind-powered-by-cookiebot/,https://www.linkedin.com/company/giesecke-devrient,https://twitter.com/capboardio,,Some of the data collected by this provider is for the purposes of personalization and measuring advertising effectiveness.,https://www.capboard.io/en/investor/g-d-ventures
G2VP,5M - 50M,5M,50M,Seed; Series A; Series B,Enterprise; CleanTech; Software; Data; Media,Venture Capital,UN; United States,,https://www.cookiebot.com/en/what-is-behind-powered-by-cookiebot/,https://www.linkedin.com/company/g2vp/,https://twitter.com/capboardio,,Some of the data collected by this provider is for the purposes of personalization and measuring advertising effectiveness.,https://www.capboard.io/en/investor/g2vp
Gaia Capital Partners,10M - 40M,10M,40M,Series B; Pre-IPO,FinTech; Consumer; Software; Data; Media,Venture Capital,GE; Germany; Austria; France; Belgium,,https://www.cookiebot.com/en/what-is-behind-powered-by-cookiebot/,https://www.linkedin.com/company/gaiacap/,https://twitter.com/capboardio,,Some of the data collected by this provider is for the purposes of personalization and measuring advertising effectiveness.,https://www.capboard.io/en/investor/gaia-capital-partners
Galliott Capital Advisors,1M - 5M,1M,5M,Seed; Series A; Series B; Pre-IPO,AR; XR; Software; Data; Media,Family Office,SA; United States; India,,https://www.cookiebot.com/en/what-is-behind-powered-by-cookiebot/,https://www.linkedin.com/company/galliott/,https://twitter.com/capboardio,,Some of the data collected by this provider is for the purposes of personalization and measuring advertising effectiveness.,https://www.capboard.io/en/investor/galliott-capital-advisors
George Town Capital Management,25K - 40M,25K,40M,Pre-seed; Seed; Series A; Series B; Pre-IPO; Idea,SaaS; B2B; B2C; FinTech; Enterprise; InsurTech; Software; Data; Cybersecurity; Media,VC,UN; Germany; Austria; Switzerland,,https://www.cookiebot.com/en/what-is-behind-powered-by-cookiebot/,https://www.linkedin.com/company/george-town-capital-management/,https://twitter.com/capboardio,,Some of the data collected by this provider is for the purposes of personalization and measuring advertising effectiveness.,https://www.capboard.io/en/investor/george-town-capital-management
GoingVC Partners,10K - 150K,10K,150K,Pre-seed; Seed; Series A,AR; XR; Mobility; Software; Data; Media,VC,UN; United States,,https://www.cookiebot.com/en/what-is-behind-powered-by-cookiebot/,https://www.linkedin.com/company/goingvc-partners/,https://twitter.com/capboardio,,Some of the data collected by this provider is for the purposes of personalization and measuring advertising effectiveness.,https://www.capboard.io/en/investor/goingvc-partners
Good Alpha Industries,250K - 5M,250K,5M,Seed; Series A; Series B; Idea,B2C; Consumer; Software; Data; Media; Entertainment,Venture Capital,UN; United States,,https://www.cookiebot.com/en/what-is-behind-powered-by-cookiebot/,https://www.linkedin.com/company/good-alpha-industries/,https://twitter.com/capboardio,,Some of the data collected by this provider is for the purposes of personalization and measuring advertising effectiveness.,https://www.capboard.io/en/investor/good-alpha-industries
GPI Global Partners Investments,5K - 30M,5K,30M,Pre-seed; Seed; Series A; Series B; Pre-IPO; Idea,AR; XR; Software; Data; Media,,UN; UK,,https://www.cookiebot.com/en/what-is-behind-powered-by-cookiebot/,https://www.linkedin.com/company/gpiuk/,https://twitter.com/capboardio,,Some of the data collected by this provider is for the purposes of personalization and measuring advertising effectiveness.,https://www.capboard.io/en/investor/gpi-global-partners-investments
Graft Ventures,250K - 1M,250K,1M,Seed; Series A; Series B; Pre-IPO,FinTech; Enterprise; AR; XR; Mobility; Software; Data; Media,Venture Capital,AN,,https://www.cookiebot.com/en/what-is-behind-powered-by-cookiebot/,https://jm.linkedin.com/company/graft-ventures,https://twitter.com/capboardio,,Some of the data collected by this provider is for the purposes of personalization and measuring advertising effectiveness.,https://www.capboard.io/en/investor/graft-ventures
Graham & Walker,25K - 400K,25K,400K,Pre-seed; Seed; Series A; Idea,Software; Data; Media,Venture Capital,UN; United States,,https://www.cookiebot.com/en/what-is-behind-powered-by-cookiebot/,https://www.linkedin.com/company/graham-and-walker/,https://twitter.com/capboardio,,Some of the data collected by this provider is for the purposes of personalization and measuring advertising effectiveness.,https://www.capboard.io/en/investor/graham-walker
Grand Ventures,500K - 2M,500K,2M,Pre-seed; Seed; Series A,SaaS; B2B; Software; Data; Media,Venture Capital,CA; United States; Canada; Japan,,https://www.cookiebot.com/en/what-is-behind-powered-by-cookiebot/,https://www.linkedin.com/company/grand-ventures-fund-i/,https://twitter.com/capboardio,,Some of the data collected by this provider is for the purposes of personalization and measuring advertising effectiveness.,https://www.capboard.io/en/investor/grand-ventures
Greycroft Partners,,,,Pre-seed; Seed; Series A,Software; Data; Media,Venture Capital,CA; United States; Canada; Israel,,https://www.cookiebot.com/en/what-is-behind-powered-by-cookiebot/,https://www.linkedin.com/company/capboard/,https://twitter.com/capboardio,,Some of the data collected by this provider is for the purposes of personalization and measuring advertising effectiveness.,https://www.capboard.io/en/investor/greycroft-partners
Greylock Partners,,,,Seed,Enterprise; Consumer; Software; Data; Media,Venture Capital,CA; United States; Canada; Israel,,https://www.cookiebot.com/en/what-is-behind-powered-by-cookiebot/,https://www.linkedin.com/company/capboard/,https://twitter.com/capboardio,,Some of the data collected by this provider is for the purposes of personalization and measuring advertising effectiveness.,https://www.capboard.io/en/investor/greylock-partners
Group 11,,,,Pre-seed; Seed; Idea,SaaS; FinTech; AR; XR; Mobility; Software; Data; Media,Venture Capital,IS; United States; Israel,"Santa Monica Blvd, Suite 555, Beverly Hills, CA 90210, US",https://www.cookiebot.com/en/what-is-behind-powered-by-cookiebot/,https://www.linkedin.com/company/group11/about/,https://twitter.com/capboardio,,Some of the data collected by this provider is for the purposes of personalization and measuring advertising effectiveness.,https://www.capboard.io/en/investor/group-11
Growth Warrior Capital,125K - 1M,125K,1M,Pre-seed; Seed; Series A; Series B; Growth; Idea,SaaS; FinTech; HealthTech; AR; XR; Software; Machine Learning; Data; Media,Venture Capital,CA; United States; USA; Canada,,https://www.cookiebot.com/en/what-is-behind-powered-by-cookiebot/,https://www.linkedin.com/company/the-growth-warrior/,https://twitter.com/capboardio,,Some of the data collected by this provider is for the purposes of personalization and measuring advertising effectiveness.,https://www.capboard.io/en/investor/growth-warrior-capital
GSV Ventures,250K - 15M,250K,15M,Seed; Series A; Series B,EdTech; Software; Data; Media,Venture Capital,UN; Brazil,,https://www.cookiebot.com/en/what-is-behind-powered-by-cookiebot/,https://www.linkedin.com/company/gsvventures,https://twitter.com/capboardio,,Some of the data collected by this provider is for the purposes of personalization and measuring advertising effectiveness.,https://www.capboard.io/en/investor/gsv-ventures
Hanwha Holdings USA,500K - 50M,500K,50M,Pre-seed; Seed; Series A; Series B; Pre-IPO,B2B; Enterprise; AR; XR; Mobility; Software; Data; Media,VC,UN; United States; USA; South Korea,,https://www.cookiebot.com/en/what-is-behind-powered-by-cookiebot/,https://www.linkedin.com/company/hanwha-group,https://twitter.com/capboardio,,Some of the data collected by this provider is for the purposes of personalization and measuring advertising effectiveness.,https://www.capboard.io/en/investor/hanwha-holdings-usa
Hartmann Metaverse Ventures,100K - 1M,100K,1M,Pre-seed; Seed; Series A; Growth,Crypto; Software; Data; Media,Venture Capital,CA; Germany; Austria; UK; USA; Canada,,https://www.cookiebot.com/en/what-is-behind-powered-by-cookiebot/,https://www.linkedin.com/company/hartmann-capital/,https://twitter.com/capboardio,,Some of the data collected by this provider is for the purposes of personalization and measuring advertising effectiveness.,https://www.capboard.io/en/investor/hartmann-metaverse-ventures
Heartcore Capital,100K - 5M,100K,5M,Pre-seed; Idea,B2B; B2C; web3; AR; XR; Software; Data; Media; Entertainment,Venture Capital,GE; Germany; Denmark; Belgium,,https://www.cookiebot.com/en/what-is-behind-powered-by-cookiebot/,https://www.linkedin.com/company/heartcorecapital/,https://twitter.com/capboardio,,Some of the data collected by this provider is for the purposes of personalization and measuring advertising effectiveness.,https://www.capboard.io/en/investor/heartcore-capital
Helicase Venture,500K - 5M,500K,5M,Pre-seed; Idea,HealthTech; AR; XR; Mobility; Software; Data; Media,VC,UN; United States,,https://www.cookiebot.com/en/what-is-behind-powered-by-cookiebot/,https://www.linkedin.com/company/helicase-venture/,https://twitter.com/capboardio,,Some of the data collected by this provider is for the purposes of personalization and measuring advertising effectiveness.,https://www.capboard.io/en/investor/helicase-venture
Hellen's Rock Capital,100K - 1M,100K,1M,Seed; Series A,AI; FinTech; HealthTech; web3; Blockchain; Software; Data; Media; Entertainment,Venture Capital,GE; Germany; Austria; Belgium,,https://www.cookiebot.com/en/what-is-behind-powered-by-cookiebot/,https://www.linkedin.com/company/hellensrock/,https://twitter.com/capboardio,,Some of the data collected by this provider is for the purposes of personalization and measuring advertising effectiveness.,https://www.capboard.io/en/investor/hellen-s-rock-capital
Hi Inov by Dentressangle,24-26,24,26,Seed; Series A,SaaS; B2B; AR; XR; Software; Data; Media,Venture Capital,GE; Germany; Austria; France; Belgium,,https://www.cookiebot.com/en/what-is-behind-powered-by-cookiebot/,https://www.linkedin.com/company/hi-inov/,https://twitter.com/capboardio,,Some of the data collected by this provider is for the purposes of personalization and measuring advertising effectiveness.,https://www.capboard.io/en/investor/hi-inov-by-dentressangle
High Alpha,1M - 5M,1M,5M,Seed; Series A,SaaS; B2B; Enterprise; Consumer; E-commerce; AR; XR; Software; Data; Media,Venture Capital,CA; United States; Canada; India,,https://www.cookiebot.com/en/what-is-behind-powered-by-cookiebot/,https://www.linkedin.com/company/high-alpha/,https://twitter.com/capboardio,,Some of the data collected by this provider is for the purposes of personalization and measuring advertising effectiveness.,https://www.capboard.io/en/investor/high-alpha
High Street Equity Partners,50K - 400K,50K,400K,Seed; Series A; Idea,Mobility; Software; Data; Media,Venture Capital,UN; United States,,https://www.cookiebot.com/en/what-is-behind-powered-by-cookiebot/,https://www.linkedin.com/company/high-street-equity-partners/%20https://www.linkedin.com/company/high-street-equity-partners/,https://twitter.com/capboardio,,Some of the data collected by this provider is for the purposes of personalization and measuring advertising effectiveness.,https://www.capboard.io/en/investor/high-street-equity-partners
Highline Beta,100K - 500K,100K,500K,Pre-seed; Seed; Idea,AR; XR; Software; Data; Media,Venture Capital,CA; Canada,,https://www.cookiebot.com/en/what-is-behind-powered-by-cookiebot/,https://www.linkedin.com/company/highlinebeta/,https://twitter.com/capboardio,,Some of the data collected by this provider is for the purposes of personalization and measuring advertising effectiveness.,https://www.capboard.io/en/investor/highline-beta
Holland Capital,500K - 5M,500K,5M,Seed; Series A; Series B,AR; XR; Climate; Software; Data; Media,Venture Capital,GE; Germany; Netherlands; Belgium,,https://www.cookiebot.com/en/what-is-behind-powered-by-cookiebot/,https://www.linkedin.com/company/hollandcapital/,https://twitter.com/capboardio,,Some of the data collected by this provider is for the purposes of personalization and measuring advertising effectiveness.,https://www.capboard.io/en/investor/holland-capital
HTGF High-Tech Gründerfonds,300K - 1M,300K,1M,Pre-seed; Seed,SaaS; B2B; FinTech; AR; XR; Software; Data; Media,VC,GE; Germany; Austria; Belgium,,https://www.cookiebot.com/en/what-is-behind-powered-by-cookiebot/,https://www.linkedin.com/company/high-tech-gruenderfonds/,https://twitter.com/capboardio,,Some of the data collected by this provider is for the purposes of personalization and measuring advertising effectiveness.,https://www.capboard.io/en/investor/htgf-high-tech-gruenderfonds
HubSpot Ventures,500K - 3M,500K,3M,Seed; Series A; Series B; Pre-IPO,SaaS; Software; Data; Media,VC,UN; UK; Brazil,,https://www.cookiebot.com/en/what-is-behind-powered-by-cookiebot/,https://www.linkedin.com/company/hubspot-ventures/,https://twitter.com/capboardio,,Some of the data collected by this provider is for the purposes of personalization and measuring advertising effectiveness.,https://www.capboard.io/en/investor/hubspot-ventures
Hypertherm Ventures,3M - 3M,3M,3M,Pre-seed; Seed; Series A,AR; XR; Mobility; Software; Data; Media,VC,UN; United Kingdom; United States,,https://www.cookiebot.com/en/what-is-behind-powered-by-cookiebot/,https://www.linkedin.com/company/hypertherm-ventures/mycompany/,https://twitter.com/capboardio,,Some of the data collected by this provider is for the purposes of personalization and measuring advertising effectiveness.,https://www.capboard.io/en/investor/hypertherm-ventures
IAN Fund,1M - 6M,1M,6M,Seed; Series A; Series B,Consumer; AR; XR; Mobility; Logistics; Software; Data; Media,Venture Capital,IN; India,,https://www.cookiebot.com/en/what-is-behind-powered-by-cookiebot/,https://www.linkedin.com/showcase/ian-fund,https://twitter.com/capboardio,,Some of the data collected by this provider is for the purposes of personalization and measuring advertising effectiveness.,https://www.capboard.io/en/investor/ian-fund
IDC Ventures,1M - 7M,1M,7M,Seed; Series A,FinTech; Marketplace; E-commerce; AR; XR; Software; Data; Media,Venture Capital,AR; Denmark; Mexico,,https://www.cookiebot.com/en/what-is-behind-powered-by-cookiebot/,https://www.linkedin.com/company/idcvc/,https://twitter.com/capboardio,,Some of the data collected by this provider is for the purposes of personalization and measuring advertising effectiveness.,https://www.capboard.io/en/investor/idc-ventures
Idekapital,1M - 10M,1M,10M,Seed; Series A; Series B,SaaS; B2B; AR; XR; Software; Data; Media,Venture Capital,SI; Germany; Denmark; Norway; Singapore,,https://www.cookiebot.com/en/what-is-behind-powered-by-cookiebot/,https://www.linkedin.com/company/idekapital/,https://twitter.com/capboardio,,Some of the data collected by this provider is for the purposes of personalization and measuring advertising effectiveness.,https://www.capboard.io/en/investor/idekapital
Idinvest,,,,Seed; Series A,SaaS; B2B; FinTech; Robotics; BioTech; Software; Data; Cybersecurity; Media,Venture Capital,UN; France; Canada,,https://www.cookiebot.com/en/what-is-behind-powered-by-cookiebot/,https://www.linkedin.com/company/capboard/,https://twitter.com/capboardio,,Some of the data collected by this provider is for the purposes of personalization and measuring advertising effectiveness.,https://www.capboard.io/en/investor/idinvest
Illumina Ventures,500K - 10M,500K,10M,Pre-seed; Seed,HealthTech; AR; XR; BioTech; Software; Data; Media,VC,FR; France; Ireland; United States,,https://www.cookiebot.com/en/what-is-behind-powered-by-cookiebot/,https://www.linkedin.com/company/illumina-ventures/,https://twitter.com/capboardio,,Some of the data collected by this provider is for the purposes of personalization and measuring advertising effectiveness.,https://www.capboard.io/en/investor/illumina-ventures
Impacta VC,100K - 500K,100K,500K,Pre-seed; Seed; Series A,AI; AR; XR; Mobility; Software; Data; Media,VC,AR; Brazil,,https://www.cookiebot.com/en/what-is-behind-powered-by-cookiebot/,https://www.linkedin.com/company/impacta-vc,https://twitter.com/capboardio,,Some of the data collected by this provider is for the purposes of personalization and measuring advertising effectiveness.,https://www.capboard.io/en/investor/impacta-vc
Impression Ventures,1M - 3M,1M,3M,Pre-seed; Seed,FinTech; AR; XR; Software; Data; Media,VC,CA; United States; Canada,,https://www.cookiebot.com/en/what-is-behind-powered-by-cookiebot/,https://www.linkedin.com/company/impression-ventures,https://www.twitter.com/ImpressionVC,,Some of the data collected by this provider is for the purposes of personalization and measuring advertising effectiveness.,https://www.capboard.io/en/investor/impression-ventures
Index Ventures,,,,Seed; Series A,AI; FinTech; E-commerce; Gaming; Mobility; Software; Data; Security; Media,Venture Capital,CA; France; United States; Canada; Israel,,https://www.cookiebot.com/en/what-is-behind-powered-by-cookiebot/,https://www.linkedin.com/company/capboard/,https://twitter.com/capboardio,,Some of the data collected by this provider is for the purposes of personalization and measuring advertising effectiveness.,https://www.capboard.io/en/investor/index-ventures
Indian Angel Network,30K - 1M,30K,1M,Pre-seed; Seed; Series A; Series B; Idea,AR; XR; Software; Data; Media,Angel,IN; India,,https://www.cookiebot.com/en/what-is-behind-powered-by-cookiebot/,https://in.linkedin.com/company/indian-angel-network,https://twitter.com/capboardio,,Some of the data collected by this provider is for the purposes of personalization and measuring advertising effectiveness.,https://www.capboard.io/en/investor/indian-angel-network
Inertia Ventures,500K - 5M,500K,5M,Seed; Series A; Series B,SaaS; FinTech; AR; XR; PropTech; Mobility; Software; Data; Media,Venture Capital,UN; United States,,https://www.cookiebot.com/en/what-is-behind-powered-by-cookiebot/,https://www.linkedin.com/company/inertiaventures/,https://twitter.com/capboardio,,Some of the data collected by this provider is for the purposes of personalization and measuring advertising effectiveness.,https://www.capboard.io/en/investor/inertia-ventures
Infravia Capital Partners,15M - 50M,15M,50M,Series A; Series B,SaaS; B2B; AR; XR; Software; Data; Media,Venture Capital,GE; Germany; France; Netherlands,,https://www.cookiebot.com/en/what-is-behind-powered-by-cookiebot/,https://www.linkedin.com/company/ofi-infravia/,https://twitter.com/capboardio,,Some of the data collected by this provider is for the purposes of personalization and measuring advertising effectiveness.,https://www.capboard.io/en/investor/infravia-capital-partners
Innopact,50K - 300K,50K,300K,Pre-seed; Seed; Series A; Idea,B2C; AR; XR; Software; Data; Media,VC,BA; Singapore; Mexico,,https://www.cookiebot.com/en/what-is-behind-powered-by-cookiebot/,https://www.linkedin.com/company/innopact-vc/,https://twitter.com/capboardio,,Some of the data collected by this provider is for the purposes of personalization and measuring advertising effectiveness.,https://www.capboard.io/en/investor/innopact
Innovatiefonds Noord-Holland,50K - 300K,50K,300K,Pre-seed; Seed; Idea,AR; XR; Mobility; Software; Data; Media,Venture Capital,NE; Netherlands,,https://www.cookiebot.com/en/what-is-behind-powered-by-cookiebot/,https://www.linkedin.com/company/innovatiefonds-noord-holland/,https://twitter.com/capboardio,,Some of the data collected by this provider is for the purposes of personalization and measuring advertising effectiveness.,https://www.capboard.io/en/investor/innovatiefonds-noord-holland
Inovia Capital,100K - 50M,100K,50M,Seed; Series A; Series B; Pre-IPO,SaaS; AR; XR; Software; Data; Media,Venture Capital,CA; Germany; France; Canada,,https://www.cookiebot.com/en/what-is-behind-powered-by-cookiebot/,https://www.linkedin.com/company/inovia-capital/,https://twitter.com/capboardio,,Some of the data collected by this provider is for the purposes of personalization and measuring advertising effectiveness.,https://www.capboard.io/en/investor/inovia-capital
Inovo Venture Partners,02-001,02,001,Pre-seed; Seed; Series A,AR; XR; Software; Data; Media,Venture Capital,GE; Germany; Czech Republic; Poland; UK,,https://www.cookiebot.com/en/what-is-behind-powered-by-cookiebot/,https://www.linkedin.com/company/i18s/,https://twitter.com/capboardio,,Some of the data collected by this provider is for the purposes of personalization and measuring advertising effectiveness.,https://www.capboard.io/en/investor/inovo-venture-partners
Insight Partners,7M - 700M,7M,700M,Seed; Series A; Series B; Pre-IPO,SaaS; FinTech; AR; XR; Mobility; Software; Data; Media,Venture Capital,CA; France; United States; Canada; Israel,,https://www.cookiebot.com/en/what-is-behind-powered-by-cookiebot/,https://www.linkedin.com/company/insight--partners/,https://twitter.com/capboardio,,Some of the data collected by this provider is for the purposes of personalization and measuring advertising effectiveness.,https://www.capboard.io/en/investor/insight-partners
IrishAngels,150K - 1M,150K,1M,Pre-seed; Seed,SaaS; B2C; AR; XR; Mobility; Software; Data; Media,Venture Capital,UN; United States,,https://www.cookiebot.com/en/what-is-behind-powered-by-cookiebot/,https://www.linkedin.com/company/vitalizeventuregroup/,https://twitter.com/capboardio,,Some of the data collected by this provider is for the purposes of personalization and measuring advertising effectiveness.,https://www.capboard.io/en/investor/irishangels
irrvrntVC,150K - 350K,150K,350K,Pre-seed; Seed; Idea,Consumer; AR; XR; Software; Data; Media,VC,CA; United States; USA; Canada,,https://www.cookiebot.com/en/what-is-behind-powered-by-cookiebot/,https://www.linkedin.com/company/irrvrntvc/,https://twitter.com/capboardio,,Some of the data collected by this provider is for the purposes of personalization and measuring advertising effectiveness.,https://www.capboard.io/en/investor/irrvrntvc
Jumpspeed Ventures,200K - 1M,200K,1M,Pre-seed; Idea,FinTech; HealthTech; AR; XR; Robotics; Software; Data; Media,Venture Capital,IS; Israel,,https://www.cookiebot.com/en/what-is-behind-powered-by-cookiebot/,https://il.linkedin.com/company/jumpspeed-ventures,https://twitter.com/capboardio,,Some of the data collected by this provider is for the purposes of personalization and measuring advertising effectiveness.,https://www.capboard.io/en/investor/jumpspeed-ventures
Keen Venture Partners,6M - 11M,6M,11M,Seed; Series A,AR; XR; Software; Data; Media,Venture Capital,GE; Germany; France; Switzerland,,https://www.cookiebot.com/en/what-is-behind-powered-by-cookiebot/,https://www.linkedin.com/company/keen-venture-partners/,https://twitter.com/capboardio,,Some of the data collected by this provider is for the purposes of personalization and measuring advertising effectiveness.,https://www.capboard.io/en/investor/keen-venture-partners
Kleiner Perkins,,,,Pre-seed; Seed; Idea,Software; Data; Media,Venture Capital,CA; United States; Canada; Israel,,https://www.cookiebot.com/en/what-is-behind-powered-by-cookiebot/,https://www.linkedin.com/company/capboard/,https://twitter.com/capboardio,,Some of the data collected by this provider is for the purposes of personalization and measuring advertising effectiveness.,https://www.capboard.io/en/investor/kleiner-perkins
Knockout Capital,2M - 10M,2M,10M,Series B; Pre-IPO,web3; AR; XR; Software; Data; Media,Angel,JA; United States; Japan,,https://www.cookiebot.com/en/what-is-behind-powered-by-cookiebot/,https://www.linkedin.com/company/knockoutcap/,https://twitter.com/capboardio,,Some of the data collected by this provider is for the purposes of personalization and measuring advertising effectiveness.,https://www.capboard.io/en/investor/knockout-capital
Konvoy Ventures,,,,Pre-seed; Seed; Series A,Gaming; AR; XR; Software; Data; Media,VC,CA; United States; USA; Canada; Israel,,https://www.cookiebot.com/en/what-is-behind-powered-by-cookiebot/,https://www.linkedin.com/company/capboard/,https://twitter.com/capboardio,,Some of the data collected by this provider is for the purposes of personalization and measuring advertising effectiveness.,https://www.capboard.io/en/investor/konvoy-ventures
KV Ventures,20K - 200K,20K,200K,Pre-seed; Seed; Series A; Idea,web3; AR; XR; Software; Data; Media,VC,VI; United States,,https://www.cookiebot.com/en/what-is-behind-powered-by-cookiebot/,https://www.linkedin.com/company/capboard/,https://twitter.com/capboardio,,Some of the data collected by this provider is for the purposes of personalization and measuring advertising effectiveness.,https://www.capboard.io/en/investor/kv-ventures
La Famiglia,,,,Pre-seed; Seed; Idea,SaaS; B2B; FinTech; LegalTech; Software; Data; Media,VC,GE; Germany; Austria; Netherlands; Israel,,https://www.cookiebot.com/en/what-is-behind-powered-by-cookiebot/,https://www.linkedin.com/company/capboard/,https://twitter.com/capboardio,,Some of the data collected by this provider is for the purposes of personalization and measuring advertising effectiveness.,https://www.capboard.io/en/investor/la-famiglia
Leafy Tunnel,250K - 2M,250K,2M,Pre-seed; Seed; Idea,HealthTech; BioTech; InsurTech; Software; Data; Media,Venture Capital,GE; Germany; Denmark; France; United Kingdom,,https://www.cookiebot.com/en/what-is-behind-powered-by-cookiebot/,https://www.linkedin.com/company/leafy-tunnel/,https://twitter.com/capboardio,,Some of the data collected by this provider is for the purposes of personalization and measuring advertising effectiveness.,https://www.capboard.io/en/investor/leafy-tunnel
Lightbank VC,100K - 5M,100K,5M,Pre-seed; Seed; Series A; Idea,SaaS; FinTech; Crypto; AR; XR; Software; Data; Media,VC,UN; United States,,https://www.cookiebot.com/en/what-is-behind-powered-by-cookiebot/,https://www.linkedin.com/company/lightbank/,https://twitter.com/capboardio,,Some of the data collected by this provider is for the purposes of personalization and measuring advertising effectiveness.,https://www.capboard.io/en/investor/lightbank-vc
LiveOak Venture Partners,500K - 5M,500K,5M,Pre-seed; Seed; Series A,AR; XR; Software; Data; Media,VC,UN; United States,,https://www.cookiebot.com/en/what-is-behind-powered-by-cookiebot/,https://www.linkedin.com/company/liveoak-venture-partners,https://twitter.com/capboardio,,Some of the data collected by this provider is for the purposes of personalization and measuring advertising effectiveness.,https://www.capboard.io/en/investor/liveoak-venture-partners
MFO Ventures,500K - 10M,500K,10M,Pre-seed; Seed; Series A; Series B; Idea,B2B; HealthTech; IoT; Enterprise; AR; XR; Mobility; Software; Data; Media,Family Office,UN; United States,,https://www.cookiebot.com/en/what-is-behind-powered-by-cookiebot/,https://www.linkedin.com/company/mfo-ventures,https://twitter.com/capboardio,,Some of the data collected by this provider is for the purposes of personalization and measuring advertising effectiveness.,https://www.capboard.io/en/investor/mfo-ventures
Nationwide Ventures,1M - 10M,1M,10M,Seed; Series A; Series B,FinTech; HealthTech; AR; XR; InsurTech; Mobility; Software; Data; Media,VC,IS; United States; Israel,,https://www.cookiebot.com/en/what-is-behind-powered-by-cookiebot/,https://www.linkedin.com/company/nationwide/,https://twitter.com/capboardio,,Some of the data collected by this provider is for the purposes of personalization and measuring advertising effectiveness.,https://www.capboard.io/en/investor/nationwide-ventures
New Mexico Angels,100K - 300K,100K,300K,Pre-seed; Seed; Series A,AR; XR; Software; Data; Media,Angel,UN; United States; Mexico,,https://www.cookiebot.com/en/what-is-behind-powered-by-cookiebot/,https://www.linkedin.com/company/new-mexico-angels-inc.,https://twitter.com/capboardio,,Some of the data collected by this provider is for the purposes of personalization and measuring advertising effectiveness.,https://www.capboard.io/en/investor/new-mexico-angels
Newfund Capital,250K - 2M,250K,2M,Pre-seed; Seed,Gaming; AR; XR; Software; Data; Media; Entertainment,VC,IS; France; United States; Israel,,https://www.cookiebot.com/en/what-is-behind-powered-by-cookiebot/,https://www.linkedin.com/company/newfund-management/,https://twitter.com/capboardio,,Some of the data collected by this provider is for the purposes of personalization and measuring advertising effectiveness.,https://www.capboard.io/en/investor/newfund-capital
Nina Capital,150K - 750K,150K,750K,Pre-seed; Seed; Idea,HealthTech; Software; Data; Media,Venture Capital,CA; Germany; Spain; UK; Canada; Israel,,https://www.cookiebot.com/en/what-is-behind-powered-by-cookiebot/,https://www.linkedin.com/company/ninacapital/,https://twitter.com/capboardio,,Some of the data collected by this provider is for the purposes of personalization and measuring advertising effectiveness.,https://www.capboard.io/en/investor/nina-capital
Nordic Secondary Fund,2M - 9M,2M,9M,Series A; Series B; Pre-IPO,AR; XR; Mobility; Software; Data; Media,Venture Capital,DE; Denmark; Estonia; Finland,,https://www.cookiebot.com/en/what-is-behind-powered-by-cookiebot/,https://www.linkedin.com/company/nordic-secondary-fund/,https://twitter.com/capboardio,,Some of the data collected by this provider is for the purposes of personalization and measuring advertising effectiveness.,https://www.capboard.io/en/investor/nordic-secondary-fund
NXTP Ventures,,,,Pre-seed; Seed,SaaS; B2B; B2C; FinTech; Logistics; Software; Data; Cybersecurity; Security; Media,VC,AR; Brazil,,https://www.cookiebot.com/en/what-is-behind-powered-by-cookiebot/,https://www.linkedin.com/company/capboard/,https://twitter.com/capboardio,,Some of the data collected by this provider is for the purposes of personalization and measuring advertising effectiveness.,https://www.capboard.io/en/investor/nxtp-ventures
OIF Ventures,30-36,30,36,Seed; Series B,FinTech; E-commerce; AR; XR; Software; Data; Media,VC,AU; United States; Australia,,https://www.cookiebot.com/en/what-is-behind-powered-by-cookiebot/,https://www.linkedin.com/company/oifventures/,https://www.twitter.com/OIFVC,,Some of the data collected by this provider is for the purposes of personalization and measuring advertising effectiveness.,https://www.capboard.io/en/investor/oif-ventures
Oltre Venture,1M - 3M,1M,3M,Series A; Series B,AI; HealthTech; EdTech; AR; XR; Mobility; Software; Data; Media,VC,GE; Germany; France; Italy,,https://www.cookiebot.com/en/what-is-behind-powered-by-cookiebot/,https://www.linkedin.com/company/oltre-venture,https://twitter.com/capboardio,,Some of the data collected by this provider is for the purposes of personalization and measuring advertising effectiveness.,https://www.capboard.io/en/investor/oltre-venture
One Way Ventures,250K - 1M,250K,1M,Pre-seed; Seed; Idea,InsurTech; Software; Data; Media,Venture Capital,CA; United States; USA; Canada,,https://www.cookiebot.com/en/what-is-behind-powered-by-cookiebot/,https://www.linkedin.com/company/one-way-ventures/,https://twitter.com/capboardio,,Some of the data collected by this provider is for the purposes of personalization and measuring advertising effectiveness.,https://www.capboard.io/en/investor/one-way-ventures
OpenCNP by CNP Assurances,1M - 5M,1M,5M,Seed; Series A,B2B; FinTech; HealthTech; AR; XR; Climate; InsurTech; Software; Data; Media,VC,GE; Germany; France; United Kingdom; Brazil,,https://www.cookiebot.com/en/what-is-behind-powered-by-cookiebot/,https://www.linkedin.com/showcase/opencnp/,https://twitter.com/capboardio,,Some of the data collected by this provider is for the purposes of personalization and measuring advertising effectiveness.,https://www.capboard.io/en/investor/opencnp-by-cnp-assurances
OpenOcean,1M - 5M,1M,5M,Pre-seed; Seed; Series A,SaaS; B2B; Enterprise; AR; XR; Software; Data; Media,VC,GE; Germany; Austria; Denmark,,https://www.cookiebot.com/en/what-is-behind-powered-by-cookiebot/,https://www.linkedin.com/company/openoceanvc,https://twitter.com/capboardio,,Some of the data collected by this provider is for the purposes of personalization and measuring advertising effectiveness.,https://www.capboard.io/en/investor/openocean
Orange Ventures,5M - 15M,5M,15M,Seed; Series A; Series B,AR; XR; Software; Data; Media,VC,ET; France,,https://www.cookiebot.com/en/what-is-behind-powered-by-cookiebot/,https://www.linkedin.com/company/orange-ventures1/mycompany/,https://twitter.com/capboardio,,Some of the data collected by this provider is for the purposes of personalization and measuring advertising effectiveness.,https://www.capboard.io/en/investor/orange-ventures
Panache Ventures,250K - 1M,250K,1M,Pre-seed; Seed; Idea,Software; Data; Media,Venture Capital,CA; United States; Canada,,https://www.cookiebot.com/en/what-is-behind-powered-by-cookiebot/,https://www.linkedin.com/company/panache-ventures/,https://twitter.com/capboardio,,Some of the data collected by this provider is for the purposes of personalization and measuring advertising effectiveness.,https://www.capboard.io/en/investor/panache-ventures
Pear VC,150K - 4M,150K,4M,Pre-seed; Seed; Series A; Idea,SaaS; B2B; B2C; AI; Software; Data; Media,VC,AR; Canada; Brazil,,https://www.cookiebot.com/en/what-is-behind-powered-by-cookiebot/,https://www.linkedin.com/company/pear-vc/,https://twitter.com/capboardio,,Some of the data collected by this provider is for the purposes of personalization and measuring advertising effectiveness.,https://www.capboard.io/en/investor/pear-vc
Portugal Ventures,4100-079,4100,079,Pre-seed; Seed,AR; XR; Software; Data; Media,Venture Capital,PO; Portugal,,https://www.cookiebot.com/en/what-is-behind-powered-by-cookiebot/,https://www.linkedin.com/company/portugal-ventures,https://twitter.com/capboardio,,Some of the data collected by this provider is for the purposes of personalization and measuring advertising effectiveness.,https://www.capboard.io/en/investor/portugal-ventures
Rakuten Capital,,,,Seed; Series A; Series B,SaaS; FinTech; E-commerce; Software; Data; Media,VC,IS; Israel; Singapore; Japan,,https://www.cookiebot.com/en/what-is-behind-powered-by-cookiebot/,https://www.linkedin.com/company/capboard/,https://twitter.com/capboardio,,Some of the data collected by this provider is for the purposes of personalization and measuring advertising effectiveness.,https://www.capboard.io/en/investor/rakuten-capital
Resolution Ventures,500K - 1M,500K,1M,Pre-seed; Seed; Idea,FinTech; AR; XR; Software; Data; Media,VC,CA; Singapore,,https://www.cookiebot.com/en/what-is-behind-powered-by-cookiebot/,https://www.linkedin.com/company/resolution-ventures,https://twitter.com/capboardio,,Some of the data collected by this provider is for the purposes of personalization and measuring advertising effectiveness.,https://www.capboard.io/en/investor/resolution-ventures
Rosecliff Ventures,250K - 2M,250K,2M,Seed; Series A; Series B,FinTech; Mobility; Software; Data; Media,Venture Capital,UN; United States,,https://www.cookiebot.com/en/what-is-behind-powered-by-cookiebot/,https://www.linkedin.com/company/rosecliff-ventures/,https://twitter.com/capboardio,,Some of the data collected by this provider is for the purposes of personalization and measuring advertising effectiveness.,https://www.capboard.io/en/investor/rosecliff-ventures
Saka Ventures,100K - 300K,100K,300K,Pre-seed; Seed,Hardware; AR; XR; Software; Data; Media,Venture Capital,SI; United Kingdom; United States; USA; Singapore,,https://www.cookiebot.com/en/what-is-behind-powered-by-cookiebot/,https://www.linkedin.com/in/pankajjain,https://twitter.com/capboardio,,Some of the data collected by this provider is for the purposes of personalization and measuring advertising effectiveness.,https://www.capboard.io/en/investor/saka-ventures
Samsung Catalyst Fund,3M - 5M,3M,5M,Seed; Series A; Series B; Pre-IPO,Consumer; AR; XR; Software; Data; Media,VC,CA; Canada; Israel,"Sand Hill Rd, Suite 101, Menlo Park, California 94025, US",https://www.cookiebot.com/en/what-is-behind-powered-by-cookiebot/,https://www.linkedin.com/company/samsungcatalystfund/,https://twitter.com/capboardio,,Some of the data collected by this provider is for the purposes of personalization and measuring advertising effectiveness.,https://www.capboard.io/en/investor/samsung-catalyst-fund
Sandwater,1M - 10M,1M,10M,Seed; Series A; Series B,Software; Data; Media,Venture Capital,NO; Norway,,https://www.cookiebot.com/en/what-is-behind-powered-by-cookiebot/,https://www.linkedin.com/company/sandwater/,https://twitter.com/capboardio,,Some of the data collected by this provider is for the purposes of personalization and measuring advertising effectiveness.,https://www.capboard.io/en/investor/sandwater
ScienceVest,50K - 250K,50K,250K,Pre-seed,AR; XR; Mobility; Software; Data; Media,Venture Capital,CA; United States; USA; Canada,,https://www.cookiebot.com/en/what-is-behind-powered-by-cookiebot/,https://www.linkedin.com/company/sciencevest,https://twitter.com/capboardio,,Some of the data collected by this provider is for the purposes of personalization and measuring advertising effectiveness.,https://www.capboard.io/en/investor/sciencevest
SE Ventures,2M - 20M,2M,20M,Seed; Series A; Series B; Pre-IPO,Software; Data; Media,VC,CA; Canada; Israel,,https://www.cookiebot.com/en/what-is-behind-powered-by-cookiebot/,https://www.linkedin.com/showcase/innovation-at-the-edge/,https://twitter.com/capboardio,,Some of the data collected by this provider is for the purposes of personalization and measuring advertising effectiveness.,https://www.capboard.io/en/investor/se-ventures
Sea Fund,50K - 200K,50K,200K,Pre-seed; Seed; Idea,Consumer; Marketplace; Gaming; AR; XR; Mobility; Software; Data; Media; Entertainment,Venture Capital,UN; United States; India,"A, Godrej Woodsman Estate, Hebbal, Bangalore-560024, In",https://www.cookiebot.com/en/what-is-behind-powered-by-cookiebot/,https://www.linkedin.com/company/seafund/,https://twitter.com/capboardio,,Some of the data collected by this provider is for the purposes of personalization and measuring advertising effectiveness.,https://www.capboard.io/en/investor/sea-fund
SeedRocket 4Founders Capital,100K - 2M,100K,2M,Pre-seed; Seed; Series A,SaaS; B2B; FinTech; HealthTech; web3; Marketplace; AR; XR; Mobility; Software; Data; Cybersecurity; Media,Venture Capital,SP; Spain,,https://www.cookiebot.com/en/what-is-behind-powered-by-cookiebot/,https://www.linkedin.com/company/capboard/,https://twitter.com/capboardio,,Some of the data collected by this provider is for the purposes of personalization and measuring advertising effectiveness.,https://www.capboard.io/en/investor/seedrocket-4founders-capital
Seedrs,100K - 8M,100K,8M,Pre-seed; Seed; Series A; Series B; Idea,B2B; B2C; AR; XR; Software; Data; Media,Venture Capital,UN; UK; United Kingdom,,https://www.cookiebot.com/en/what-is-behind-powered-by-cookiebot/,https://www.linkedin.com/company/seedrs/,https://twitter.com/capboardio,,Some of the data collected by this provider is for the purposes of personalization and measuring advertising effectiveness.,https://www.capboard.io/en/investor/seedrs
Seedstars Africa Ventures,250K - 2M,250K,2M,Seed; Series A; Series B,AR; XR; Mobility; Software; Data; Media,VC,ET; France,,https://www.cookiebot.com/en/what-is-behind-powered-by-cookiebot/,https://www.linkedin.com/company/seedstars-africa-ventures,https://twitter.com/capboardio,,Some of the data collected by this provider is for the purposes of personalization and measuring advertising effectiveness.,https://www.capboard.io/en/investor/seedstars-africa-ventures
Sequoia Capital,1M - 5M,1M,5M,Pre-seed; Seed; Series A,SaaS; EdTech; web3; Enterprise; Marketplace; AR; XR; Software; Data; Media,VC,CA; United States; Canada; Israel,,https://www.cookiebot.com/en/what-is-behind-powered-by-cookiebot/,https://www.linkedin.com/company/capboard/,https://twitter.com/capboardio,,Some of the data collected by this provider is for the purposes of personalization and measuring advertising effectiveness.,https://www.capboard.io/en/investor/sequoia-capital
Seraphim Capital,58-64,58,64,Seed; Series A,Software; Data; Media,Venture Capital,UN; United Kingdom; United States,,https://www.cookiebot.com/en/what-is-behind-powered-by-cookiebot/,https://www.linkedin.com/company/seraphim-capital,https://twitter.com/capboardio,,Some of the data collected by this provider is for the purposes of personalization and measuring advertising effectiveness.,https://www.capboard.io/en/investor/seraphim-capital
Seventure - Digital Technologies,5-7,5,7,Pre-seed; Seed; Series A,SaaS; B2B; FinTech; EdTech; Consumer; Marketplace; Gaming; AR; XR; CleanTech; FoodTech; InsurTech; Mobility; Software; Data; Cybersecurity; Media; Entertainment,Venture Capital,GE; Germany; France,,https://www.cookiebot.com/en/what-is-behind-powered-by-cookiebot/,https://www.linkedin.com/company/seventure-partners/,https://twitter.com/capboardio,,Some of the data collected by this provider is for the purposes of personalization and measuring advertising effectiveness.,https://www.capboard.io/en/investor/seventure-digital-technologies
Shamrock Capital,15M - 100M,15M,100M,Series B,AR; XR; Mobility; Software; Data; Media; Entertainment,Venture Capital,UN; United States,,https://www.cookiebot.com/en/what-is-behind-powered-by-cookiebot/,https://www.linkedin.com/company/capboard/,https://twitter.com/capboardio,,Some of the data collected by this provider is for the purposes of personalization and measuring advertising effectiveness.,https://www.capboard.io/en/investor/shamrock-capital
Shape VC,30-062,30,062,Pre-seed; Seed; Idea,Enterprise; Consumer; AR; XR; Software; Machine Learning; Data; Media,VC,BE; Czech Republic; Lithuania; Poland; UK,,https://www.cookiebot.com/en/what-is-behind-powered-by-cookiebot/,https://www.linkedin.com/company/shapevc/,https://twitter.com/capboardio,,Some of the data collected by this provider is for the purposes of personalization and measuring advertising effectiveness.,https://www.capboard.io/en/investor/shape-vc
Shorooq Partners,1M - 3M,1M,3M,Pre-seed; Seed; Series A; Idea,SaaS; FinTech; AR; XR; Software; Data; Media,Venture Capital,UN,,https://www.cookiebot.com/en/what-is-behind-powered-by-cookiebot/,https://www.linkedin.com/company/shorooqpartners/,https://twitter.com/capboardio,,Some of the data collected by this provider is for the purposes of personalization and measuring advertising effectiveness.,https://www.capboard.io/en/investor/shorooq-partners
Shrug Capital,,,,Pre-seed; Seed,web3; Crypto; Consumer; Software; Data; Media,,GE; Germany; France; United States; USA,,https://www.cookiebot.com/en/what-is-behind-powered-by-cookiebot/,https://www.linkedin.com/company/capboard/,https://twitter.com/capboardio,,Some of the data collected by this provider is for the purposes of personalization and measuring advertising effectiveness.,https://www.capboard.io/en/investor/shrug-capital
Signal Ventures,,,,Seed,web3; Crypto; Hardware; AR; XR; Software; Data; Media,Venture Capital,AU; Singapore; Australia,,https://www.cookiebot.com/en/what-is-behind-powered-by-cookiebot/,https://www.linkedin.com/company/capboard/,https://twitter.com/capboardio,,Some of the data collected by this provider is for the purposes of personalization and measuring advertising effectiveness.,https://www.capboard.io/en/investor/signal-ventures
Singular,1M - 25M,1M,25M,Pre-seed; Seed; Series A,Consumer; AR; XR; Software; Data; Media,Venture Capital,GE; Germany; Austria; France; Belgium; United States,,https://www.cookiebot.com/en/what-is-behind-powered-by-cookiebot/,https://www.linkedin.com/company/singularvc,https://twitter.com/capboardio,,Some of the data collected by this provider is for the purposes of personalization and measuring advertising effectiveness.,https://www.capboard.io/en/investor/singular
Sixty Degree Capital,1M - 5M,1M,5M,Seed; Series A; Series B; Pre-IPO,SaaS; HealthTech; AR; XR; Mobility; Software; Data; Media,VC,AR; Canada; Brazil,,https://www.cookiebot.com/en/what-is-behind-powered-by-cookiebot/,https://www.linkedin.com/company/sixtydegreecapital,https://twitter.com/capboardio,,Some of the data collected by this provider is for the purposes of personalization and measuring advertising effectiveness.,https://www.capboard.io/en/investor/sixty-degree-capital
SoGal Ventures,250K - 3M,250K,3M,Pre-seed; Seed; Series A; Idea,HealthTech; Enterprise; Consumer; Mobility; Software; Data; Media,Venture Capital,CA; USA; Canada; Singapore,,https://www.cookiebot.com/en/what-is-behind-powered-by-cookiebot/,https://www.linkedin.com/company/sogal-ventures,https://twitter.com/capboardio,,Some of the data collected by this provider is for the purposes of personalization and measuring advertising effectiveness.,https://www.capboard.io/en/investor/sogal-ventures
Spacecadet Ventures,100K - 500K,100K,500K,Pre-seed; Seed; Series A; Idea,Consumer; AR; XR; Software; Data; Media,Venture Capital,UN; USA; Brazil,,https://www.cookiebot.com/en/what-is-behind-powered-by-cookiebot/,https://www.linkedin.com/company/spacecadet2020,https://twitter.com/capboardio,,Some of the data collected by this provider is for the purposes of personalization and measuring advertising effectiveness.,https://www.capboard.io/en/investor/spacecadet-ventures
Spark Capital,,,,Pre-seed; Seed,SaaS; B2B; FinTech; Enterprise; Consumer; LegalTech; Software; Data; Media; Entertainment,VC,CA; United States; Canada; Israel,,https://www.cookiebot.com/en/what-is-behind-powered-by-cookiebot/,https://www.linkedin.com/company/capboard/,https://twitter.com/capboardio,,Some of the data collected by this provider is for the purposes of personalization and measuring advertising effectiveness.,https://www.capboard.io/en/investor/spark-capital
Spring Invest,500K - 3M,500K,3M,Seed; Series A,SaaS; AR; XR; Software; Data; Media,Venture Capital,FR; France,,https://www.cookiebot.com/en/what-is-behind-powered-by-cookiebot/,https://www.linkedin.com/company/spring-invest/,https://twitter.com/capboardio,,Some of the data collected by this provider is for the purposes of personalization and measuring advertising effectiveness.,https://www.capboard.io/en/investor/spring-invest
Starquest Capital,1M - 10M,1M,10M,Seed; Series A; Series B,Climate; Mobility; Software; Data; Cybersecurity; Media,Venture Capital,FR; France,,https://www.cookiebot.com/en/what-is-behind-powered-by-cookiebot/,https://www.linkedin.com/company/starquest-capital,https://twitter.com/capboardio,,Some of the data collected by this provider is for the purposes of personalization and measuring advertising effectiveness.,https://www.capboard.io/en/investor/starquest-capital
StratMinds VC,100K - 750K,100K,750K,Pre-seed; Seed; Series A; Idea,AR; XR; Software; Data; Media,VC,CA; USA; Canada; Japan,,https://www.cookiebot.com/en/what-is-behind-powered-by-cookiebot/,https://www.linkedin.com/company/stratminds-vc,https://twitter.com/capboardio,,Some of the data collected by this provider is for the purposes of personalization and measuring advertising effectiveness.,https://www.capboard.io/en/investor/stratminds-vc
Studio VC,,,,,Enterprise; Consumer; Software; Data; Media,VC,UN; United States,,https://www.cookiebot.com/en/what-is-behind-powered-by-cookiebot/,https://www.linkedin.com/company/studio-vc/,https://twitter.com/capboardio,,Some of the data collected by this provider is for the purposes of personalization and measuring advertising effectiveness.,https://www.capboard.io/en/investor/studio-vc
Takara Capital,300K - 600K,300K,600K,Seed,B2B; AI; FinTech; Software; Data; Media,Venture Capital,FR; France; Luxembourg,,https://www.cookiebot.com/en/what-is-behind-powered-by-cookiebot/,https://www.linkedin.com/company/takara-capital,https://twitter.com/capboardio,,Some of the data collected by this provider is for the purposes of personalization and measuring advertising effectiveness.,https://www.capboard.io/en/investor/takara-capital
Team8,1M - 20M,1M,20M,Pre-seed; Seed; Series A; Idea,B2B; FinTech; Enterprise; Mobility; Software; Data; Media,Venture Capital,IS; Israel,,https://www.cookiebot.com/en/what-is-behind-powered-by-cookiebot/,https://www.linkedin.com/company/team8group/mycompany/,https://twitter.com/capboardio,,Some of the data collected by this provider is for the purposes of personalization and measuring advertising effectiveness.,https://www.capboard.io/en/investor/team8
Tech Square Ventures,500K - 2M,500K,2M,Seed,SaaS; B2B; Enterprise; Marketplace; Software; Data; Media,Venture Capital,UN; United States,,https://www.cookiebot.com/en/what-is-behind-powered-by-cookiebot/,https://www.linkedin.com/company/tech-square-ventures,https://twitter.com/capboardio,,Some of the data collected by this provider is for the purposes of personalization and measuring advertising effectiveness.,https://www.capboard.io/en/investor/tech-square-ventures
TechOperators,500K - 6M,500K,6M,Pre-seed; Seed; Idea,AR; XR; Software; Data; Cybersecurity; Security; Media,VC,UN; United States,,https://www.cookiebot.com/en/what-is-behind-powered-by-cookiebot/,https://www.linkedin.com/company/techoperators-llc/,https://twitter.com/capboardio,,Some of the data collected by this provider is for the purposes of personalization and measuring advertising effectiveness.,https://www.capboard.io/en/investor/techoperators
Techstart Ventures,50K - 750K,50K,750K,Pre-seed; Seed; Idea,Software; Data; Media,Venture Capital,UN; Ireland; UK; United Kingdom,,https://www.cookiebot.com/en/what-is-behind-powered-by-cookiebot/,https://www.linkedin.com/company/techstart-ventures,https://twitter.com/capboardio,,Some of the data collected by this provider is for the purposes of personalization and measuring advertising effectiveness.,https://www.capboard.io/en/investor/techstart-ventures
The Arkfund,50K - 50K,50K,50K,Pre-seed; Seed; Series A,AR; XR; Software; Data; Media,Venture Capital,AR,,https://www.cookiebot.com/en/what-is-behind-powered-by-cookiebot/,https://www.linkedin.com/company/thearkfund/,https://twitter.com/capboardio,,Some of the data collected by this provider is for the purposes of personalization and measuring advertising effectiveness.,https://www.capboard.io/en/investor/the-arkfund
The Council Capital,50K - 250K,50K,250K,Pre-seed; Seed; Idea,FinTech; HealthTech; Software; Data; Media,VC,UN; United States,,https://www.cookiebot.com/en/what-is-behind-powered-by-cookiebot/,https://www.linkedin.com/company/the-council-angels/,https://twitter.com/capboardio,,Some of the data collected by this provider is for the purposes of personalization and measuring advertising effectiveness.,https://www.capboard.io/en/investor/the-council-capital
The Net Street Capital,2M - 10M,2M,10M,Seed; Series A; Series B,SaaS; B2B; FinTech; InsurTech; Software; Data; Media,VC,BR; UK; Brazil,,https://www.cookiebot.com/en/what-is-behind-powered-by-cookiebot/,https://www.linkedin.com/company/thenetstreet,https://twitter.com/capboardio,,Some of the data collected by this provider is for the purposes of personalization and measuring advertising effectiveness.,https://www.capboard.io/en/investor/the-net-street-capital
Third Prime,50K - 20M,50K,20M,Pre-seed; Seed; Series A; Idea,FinTech; web3; Crypto; PropTech; Software; Data; Media,Venture Capital,UN; United States; Israel,,https://www.cookiebot.com/en/what-is-behind-powered-by-cookiebot/,https://www.linkedin.com/company/third-prime,https://twitter.com/capboardio,,Some of the data collected by this provider is for the purposes of personalization and measuring advertising effectiveness.,https://www.capboard.io/en/investor/third-prime
Tilia Impact Ventures,100K - 2M,100K,2M,Pre-seed; Seed,AR; XR; Software; Data; Media,Venture Capital,AU; Austria; Czech Republic; UK,,https://www.cookiebot.com/en/what-is-behind-powered-by-cookiebot/,https://www.linkedin.com/company/tilia-impact-ventures,https://twitter.com/capboardio,,Some of the data collected by this provider is for the purposes of personalization and measuring advertising effectiveness.,https://www.capboard.io/en/investor/tilia-impact-ventures
Trailhead Capital,500K - 2M,500K,2M,Seed; Series A,Software; Data; Media,Venture Capital,BR; United States; Canada; Israel; Brazil,,https://www.cookiebot.com/en/what-is-behind-powered-by-cookiebot/,https://www.linkedin.com/company/trailheadcapitalllc,https://twitter.com/capboardio,,Some of the data collected by this provider is for the purposes of personalization and measuring advertising effectiveness.,https://www.capboard.io/en/investor/trailhead-capital
Tsingyuan Ventures,500K - 2M,500K,2M,Pre-seed; Seed; Series A,SaaS; IoT; AR; XR; BioTech; Software; Data; Media,VC,UN; United States,"Second Street, Suite C, Los Altos, California 94022, US",https://www.cookiebot.com/en/what-is-behind-powered-by-cookiebot/,https://www.linkedin.com/company/tsingyuan-ventures,https://twitter.com/capboardio,,Some of the data collected by this provider is for the purposes of personalization and measuring advertising effectiveness.,https://www.capboard.io/en/investor/tsingyuan-ventures
TSP Ventures,70K - 700K,70K,700K,Pre-seed; Seed; Idea,AI; Enterprise; Robotics; InsurTech; Software; Data; Media,Angel,UN; United Kingdom,,https://www.cookiebot.com/en/what-is-behind-powered-by-cookiebot/,https://www.linkedin.com/company/tsp-ventures/,https://twitter.com/capboardio,,Some of the data collected by this provider is for the purposes of personalization and measuring advertising effectiveness.,https://www.capboard.io/en/investor/tsp-ventures
United Ventures,2M - 20M,2M,20M,Seed; Series A; Series B,web3; Consumer; AR; XR; Software; Data; Media,Venture Capital,IS; Italy; Israel; Switzerland,"ventures
 Piazza Fontana, 1, Milano, Lombardia 20122, IT",https://www.cookiebot.com/en/what-is-behind-powered-by-cookiebot/,https://www.linkedin.com/company/united-ventures,https://twitter.com/capboardio,,Some of the data collected by this provider is for the purposes of personalization and measuring advertising effectiveness.,https://www.capboard.io/en/investor/united-ventures
Unpopular Ventures,100K - 500K,100K,500K,Pre-seed; Seed; Series A; Series B; Pre-IPO; Idea,Software; Data; Media,Venture Capital,UN; UK; United States,,https://www.cookiebot.com/en/what-is-behind-powered-by-cookiebot/,https://www.linkedin.com/company/unpopular-ventures/,https://twitter.com/capboardio,,Some of the data collected by this provider is for the purposes of personalization and measuring advertising effectiveness.,https://www.capboard.io/en/investor/unpopular-ventures
Unrest,20K - 40K,20K,40K,Pre-seed; Seed; Idea,AR; XR; Software; Data; Media,VC,UN; UK,,https://www.cookiebot.com/en/what-is-behind-powered-by-cookiebot/,https://www.linkedin.com/company/unrest-group/,https://twitter.com/capboardio,,Some of the data collected by this provider is for the purposes of personalization and measuring advertising effectiveness.,https://www.capboard.io/en/investor/unrest
Unshackled Ventures,150K - 500K,150K,500K,Pre-seed; Seed; Idea,AR; XR; Software; Data; Media,Venture Capital,CA; United States; Canada,,https://www.cookiebot.com/en/what-is-behind-powered-by-cookiebot/,https://www.linkedin.com/company/unshackled/,https://twitter.com/capboardio,,Some of the data collected by this provider is for the purposes of personalization and measuring advertising effectiveness.,https://www.capboard.io/en/investor/unshackled-ventures
USV Union Square Ventures,,,,Seed; Series A,SaaS; FinTech; LegalTech; Software; Data; Media,Venture Capital,CA; France; United States; Canada,,https://www.cookiebot.com/en/what-is-behind-powered-by-cookiebot/,https://www.linkedin.com/company/capboard/,https://twitter.com/capboardio,,Some of the data collected by this provider is for the purposes of personalization and measuring advertising effectiveness.,https://www.capboard.io/en/investor/usv-union-square-ventures
Velocity Ventures,02-01,02,01,Pre-seed; Seed; Series A,AR; XR; Software; Data; Media,Venture Capital,CA; Singapore,,https://www.cookiebot.com/en/what-is-behind-powered-by-cookiebot/,https://www.linkedin.com/company/velocity-ventures-singapore/,https://twitter.com/capboardio,,Some of the data collected by this provider is for the purposes of personalization and measuring advertising effectiveness.,https://www.capboard.io/en/investor/velocity-ventures
Venpace,100K - 500K,100K,500K,Pre-seed; Seed; Idea,AR; XR; InsurTech; Software; Data; Media,VC,GE; Germany; Austria,,https://www.cookiebot.com/en/what-is-behind-powered-by-cookiebot/,https://www.linkedin.com/company/venpace/,https://twitter.com/capboardio,,Some of the data collected by this provider is for the purposes of personalization and measuring advertising effectiveness.,https://www.capboard.io/en/investor/venpace
Venture Inc,50-033,50,033,Pre-seed; Seed,SaaS; AR; XR; Mobility; Software; Data; Media,VC,ES; Estonia; Poland; UK,,https://www.cookiebot.com/en/what-is-behind-powered-by-cookiebot/,https://www.linkedin.com/company/venture-inc-sa,https://twitter.com/capboardio,,Some of the data collected by this provider is for the purposes of personalization and measuring advertising effectiveness.,https://www.capboard.io/en/investor/venture-inc
Vertex Ventures US,1M - 10M,1M,10M,Pre-seed; Seed,B2B; Consumer; AR; XR; Software; Data; Media,Venture Capital,UN; United States; Israel; India,,https://www.cookiebot.com/en/what-is-behind-powered-by-cookiebot/,https://www.linkedin.com/company/vertex-ventures/,https://twitter.com/capboardio,,Some of the data collected by this provider is for the purposes of personalization and measuring advertising effectiveness.,https://www.capboard.io/en/investor/vertex-ventures-us
Vine VC,50K - 500K,50K,500K,Pre-seed; Seed; Series A; Series B; Pre-IPO; Idea,AI; HealthTech; Robotics; BioTech; Mobility; Software; Machine Learning; Data; Media,VC,CA; Germany; United States; Canada,,https://www.cookiebot.com/en/what-is-behind-powered-by-cookiebot/,https://www.linkedin.com/company/vine-ventures/,https://twitter.com/capboardio,,Some of the data collected by this provider is for the purposes of personalization and measuring advertising effectiveness.,https://www.capboard.io/en/investor/vine-vc
Virtue,250K - 1M,250K,1M,Pre-seed; Seed; Idea,HealthTech; AR; XR; Mobility; Software; Data; Media,VC,CA; United States; Canada,,https://www.cookiebot.com/en/what-is-behind-powered-by-cookiebot/,https://www.linkedin.com/company/virtuevc,https://twitter.com/capboardio,,Some of the data collected by this provider is for the purposes of personalization and measuring advertising effectiveness.,https://www.capboard.io/en/investor/virtue
Visible Hands,25K - 175K,25K,175K,Pre-seed; Seed; Idea,AR; XR; Mobility; Software; Data; Media,VC,UN; Estonia; United States,,https://www.cookiebot.com/en/what-is-behind-powered-by-cookiebot/,https://www.linkedin.com/company/visiblehands/,https://twitter.com/capboardio,,Some of the data collected by this provider is for the purposes of personalization and measuring advertising effectiveness.,https://www.capboard.io/en/investor/visible-hands
WOCstar Fund,200K - 2M,200K,2M,Seed; Series A,web3; AR; XR; Software; Data; Media,Venture Capital,UN; United States,,https://www.cookiebot.com/en/what-is-behind-powered-by-cookiebot/,https://www.linkedin.com/company/wocstarfund/,https://twitter.com/capboardio,,Some of the data collected by this provider is for the purposes of personalization and measuring advertising effectiveness.,https://www.capboard.io/en/investor/wocstar-fund
Yara Ventures,10K - 250K,10K,250K,Seed; Series A,AI; AR; XR; Mobility; Software; Data; Media,VC,IS; Spain; Ireland; United States; Israel,,https://www.cookiebot.com/en/what-is-behind-powered-by-cookiebot/,https://www.linkedin.com/company/yaraventures/,https://twitter.com/capboardio,,Some of the data collected by this provider is for the purposes of personalization and measuring advertising effectiveness.,https://www.capboard.io/en/investor/yara-ventures
Yaya Capital,300K - 5M,300K,5M,Seed; Series A,HealthTech; EdTech; IoT; AR; XR; BioTech; Mobility; Software; Data; Media,Venture Capital,BR; Germany; Israel; Brazil; Switzerland,,https://www.cookiebot.com/en/what-is-behind-powered-by-cookiebot/,https://www.linkedin.com/company/yaya-capital,https://twitter.com/capboardio,,Some of the data collected by this provider is for the purposes of personalization and measuring advertising effectiveness.,https://www.capboard.io/en/investor/yaya-capital
Zell Capital,250K - 2M,250K,2M,Pre-seed; Seed,Enterprise; Consumer; AR; XR; Software; Data; Media,Venture Capital,UN; United States,"Third, Suite 200, Columbus, OH 43215, Un",https://www.cookiebot.com/en/what-is-behind-powered-by-cookiebot/,https://www.linkedin.com/company/zell-capital,https://twitter.com/capboardio,,Some of the data collected by this provider is for the purposes of personalization and measuring advertising effectiveness.,https://www.capboard.io/en/investor/zell-capital
ZWC Partners,500K - 1M,500K,1M,Pre-seed; Seed; Series A; Series B; Pre-IPO; Idea,Consumer; AR; XR; Software; Data; Media,VC,CH,,https://www.cookiebot.com/en/what-is-behind-powered-by-cookiebot/,https://www.linkedin.com/company/zwcpartners/,https://twitter.com/capboardio,,Some of the data collected by this provider is for the purposes of personalization and measuring advertising effectiveness.,https://www.capboard.io/en/investor/zwc-partners