Name,Email,City,State,Zip,Property Types,Tagline
"Great North Property Management","justin.gargiulo@greatnorth.net","Exeter","NH","03833","Office (10,000 - 100,000 sqft); Office (100,000+ sqft); Homeowners Association (50-99 units); Condominium Association (50-99 units); Homeowners Association (100+ units); Condominium Association (100+ units)","Locally Owned and Locally Controlled.  A Family Company!"
"MC Property Management Corporation","leslie@mcpmc.com,ashley@mcpmc.com","Lemont","IL","60439","Condominium Association (50-99 units); Homeowners Association (100+ units); Condominium Association (100+ units)","Customized service to fit your association's needs."
"Optimum Professional Property Management, Inc.","partnerwithus@optimumpm.com","Irvine","CA","92602","Homeowners Association (50-99 units); Condominium Association (50-99 units); Homeowners Association (100+ units); Condominium Association (100+ units)","YOUR VISION OUR MISSION  - ""Our transition to Optimum has been seamless"" - Board of Directors"
"The Cooper Company","bobb@thecooperco.com,taylerg@thecooperco.com","Modesto","CA","95355","Homeowners Association (2-49 units); Homeowners Association (50-99 units); Condominium Association (2-49 units); Condominium Association (50-99 units); Homeowners Association (100+ units); Condominium Association (100+ units)","Real-World Management - Improving Our Community - 
One 
Partnership at a Time"
"EJF Real Estate Services","lynn.simpson@ejfrealestate.com,ysy3lgdf@robot.zapier.com,melissa.bagherian@ejfrealestate.com,richen.padiz@ejfrealestate.com","Washington","DC","20009","Other Associations (Hotel, Resort etc.); Homeowners Association (2-49 units); Homeowners Association (50-99 units); Condominium Association (2-49 units); Condominium Association (50-99 units); Homeowners Association (100+ units); Condominium Association (100+ units)","EJF Real Estate Services is the leader in association management throughout Washington DC, Maryland,"
"Associa Arizona (Scottsdale)","Michael.Arrington@associaarizona.com,dcastillo@associaarizona.com,gzuppa@associaonline.com,mitch.armstrong@associa.us,Lee.Klimansky@associa.us","Tucson/Scottsdale","AZ","85704","Homeowners Association (50-99 units); Condominium Association (50-99 units); Homeowners Association (100+ units); Condominium Association (100+ units)","Is your community reaching its potential? Discover the possibilities of life with Associa."
"Houston Community Management Services, Inc.","erica.slater@associa.us,alexandra.turner@associa.us,erica.morgan@associa.us","Greater Houston Market","TX","77058","Homeowners Association (50-99 units); Condominium Association (50-99 units); Homeowners Association (100+ units); Condominium Association (100+ units)","Is your community reaching its potential? Discover the possibilities of life with Associa."
"Community Group","coleen.hillen@associa.us,cbritton@communitygroup.com,Nick.buccola@associa.us,alexandra.turner@associa.us","Glen Allen","VA","23060","Homeowners Association (50-99 units); Condominium Association (50-99 units); Homeowners Association (100+ units); Condominium Association (100+ units)","Is your community reaching its potential? Discover the possibilities of life with Associa."
"Associa","Matthew.Briguglio@associa.us,alexandra.turner@associa.us,ashley.c.miller@associa.us","Novi","MI","48375","Homeowners Association (50-99 units); Condominium Association (50-99 units); Homeowners Association (100+ units); Condominium Association (100+ units)","Is your community reaching its potential? Discover the possibilities of life with Associa."
"Community Association Services of Indiana","jfreeman@cas-indiana.com,alexandra.turner@associa.us,nikki.bjerke@associa.us,kayla.hintz@associa.us","Fishers","IN","46038","Homeowners Association (50-99 units); Condominium Association (50-99 units); Homeowners Association (100+ units); Condominium Association (100+ units)","Is your community reaching its potential? Discover the possibilities of life with Associa."
"Associa Tennessee ","mary.herrick@associa.us,john.hensley@associa.us,Nick.buccola@associa.us,alexandra.turner@associa.us","Brentwood, Nashville, Murfreesboro, Knoxville","TN","37027","Homeowners Association (50-99 units); Condominium Association (50-99 units); Homeowners Association (100+ units); Condominium Association (100+ units)","Is your community reaching its potential? Discover the possibilities of life with Associa."
"Washington DC","alexandra.turner@associa.us,nick.buccola@associa.us","DC, MD, VA, DE","VA","22033","Homeowners Association (50-99 units); Condominium Association (50-99 units); Homeowners Association (100+ units); Condominium Association (100+ units)","Is your community reaching its potential? Discover the possibilities of life with Associa."
"Principal Management Group North Texas","kmunson@somersetassociations.com,drobinson@associanortherncalifornia.com,alexandra.turner@associa.us,kwalker@principal-mgmt.com","Dallas","TX","75251","Homeowners Association (50-99 units); Condominium Association (50-99 units); Homeowners Association (100+ units); Condominium Association (100+ units)","Principal Management Group North Texas, located in Dallas, TX, partners with Associa to provide exce"
"Association Services of Florida","alexandra.turner@associa.us,stephen.wecksler@associa.us,srichardson@associaflorida.com,Nick.buccola@associa.us","Miramar, Sunrise, Coral Springs","FL","33025 ","Homeowners Association (50-99 units); Condominium Association (2-49 units); Condominium Association (50-99 units); Homeowners Association (100+ units); Condominium Association (100+ units)","Is your community reaching its potential? Discover the possibilities of life with Associa.."
"Associa Hill Country","alexandra.turner@associa.us,stephen.wecksler@associa.us,mhernandez@associahillcountry.com","Austin, San Antonio","TX","78258","Homeowners Association (50-99 units); Condominium Association (50-99 units); Homeowners Association (100+ units); Condominium Association (100+ units)","Is your community reaching its potential? Discover the possibilities of life with Associa."
"Associa Mid-Atlantic","nikki.bjerke@associa.us,Joanne.Granozio@associamidatlantic.com,tsteedley@associamidatlantic.com,jbittencourt@associamidatlantic.com,alexandra.turner@associa.us","Serving entire Mid-Atlantic","NJ","08054","Homeowners Association (50-99 units); Condominium Association (50-99 units); Homeowners Association (100+ units); Condominium Association (100+ units)","Is your community reaching its potential? Discover the possibilities of life with Associa.."
"EJF Real Estate Services","lynn.simpson@ejfrealestate.com,ysy3lgdf@robot.zapier.com,melissa.bagherian@ejfrealestate.com,richen.padiz@ejfrealestate.com","Washington","DC","20009","Other Associations (Hotel, Resort etc.); Homeowners Association (2-49 units); Homeowners Association (50-99 units); Condominium Association (2-49 units); Condominium Association (50-99 units); Homeowners Association (100+ units); Condominium Association (100+ units)","""At EJF Real Estate Services, we're your trusted partners for exceptional property management in DC"
"Beven and Brock","Fin.Beven@BevenandBrock.com","Pasadena","CA","91101","Single Home or Condo (Valued up to $300K); Single Home or Condo ($300 to $500K); Multi-Family (2-4 units); Multi-Family (5-19 units); Multi-Family (20-99 units); Homeowners Association (2-49 units); Homeowners Association (50-99 units); Condominium Association (2-49 units); Condominium Association (50-99 units); Homeowners Association (100+ units); Condominium Association (100+ units)","Beven & Brock is the largest full-service property management company operating in the San Gabriel V"
"mem property management corporation","martin.laderman@memproperty.com,mkl@memproperty.com","Ridgefield Park","NJ","07660","Multi-Family (20-99 units); Multi-Family (100+ units); Homeowners Association (50-99 units); Condominium Association (50-99 units); Homeowners Association (100+ units); Condominium Association (100+ units)","mem property management corporation, based in Ridgefield Park, NJ, prioritizes operating each proper"
"Cedar Management Group - North Carolina","sales@mycmg.com,julie@mycmg.com,apm@mycmg.com,cminnix@gmail.com,celine@mycmg.com","Charlotte","NC","28269","Homeowners Association (2-49 units); Homeowners Association (50-99 units); Condominium Association (2-49 units); Condominium Association (50-99 units); Homeowners Association (100+ units); Condominium Association (100+ units)","Cedar Management Group is an Accredited Association Management Company with offices in NC, SC, TN, G"
"Alliant Association Management","j.busa@alliantproperty.com,kglick@alliantproperty.com","Fort Myers","FL","33907","Homeowners Association (100+ units); Condominium Association (100+ units); Mobile Home Community","Community Management
We Specialize in Master Planned Communities, Cooperatives, Homeowner and Condom"
"Towne Properties","DerekWehman@TowneProperties.com,JohnRecob@TowneProperties.com,marylynnkalbli@towneproperties.com","Cincinnati","OH","45202","Multi-Family (100+ units); Homeowners Association (50-99 units); Condominium Association (2-49 units); Condominium Association (50-99 units); Homeowners Association (100+ units); Condominium Association (100+ units)","Great Places to Live, Work, Shop & Play."
"M&M Property Services & Management","brucemills@bmrealtor.com,robert.dean2@comcast.net,chad@mmproperties.com","Sacramento","CA","95815","Single Home or Condo ($300 to $500K); Single Home or Condo ($500K to $1 Million); Multi-Family (2-4 units); Multi-Family (5-19 units); Multi-Family (20-99 units); Homeowners Association (100+ units); Condominium Association (100+ units)","""You Invest and We Do the Rest"". 40 yrs of experience, Our unique feature, Single Point of Contact"
"Towne Properties","DerekWehman@TowneProperties.com,JohnRecob@TowneProperties.com","Erlanger","KY","41018","Multi-Family (100+ units); Homeowners Association (50-99 units); Condominium Association (50-99 units); Homeowners Association (100+ units); Condominium Association (100+ units)","Great Places to Live, Work, Shop and Play!"
"CSA Management Inc.","andrew@csarealtygroup.com","Austin","TX","78759","Multi-Family (5-19 units); Multi-Family (20-99 units); Office (Up to 9,999 sqft); Office (10,000 - 100,000 sqft); Office (100,000+ sqft); Retail (Up to 9,999 sqft); Retail (10,000 - 100,000 sqft); Retail (100,000+ sqft); Light Manufacturing (Up to 100,000 sqft); Light Manufacturing (100,000+ sqft); Warehouse/Distribution (Up to 100,000 sqft); Warehouse/Distribution (100,000+ sqft); Parking Garage; Multi-Family (100+ units); Homeowners Association (50-99 units); Condominium Association (50-99 units); Homeowners Association (100+ units); Condominium Association (100+ units)","We offer unique, flexible, & individually tailored Management solutions to each client's particular "
"Reese Management Company","info@ReeseManagement.com","King of Prussia","PA","19406","Homeowners Association (50-99 units); Condominium Association (50-99 units); Homeowners Association (100+ units); Condominium Association (100+ units)","Reese Management provides the most professional management of Homeowner Associations (HOA's) and Con"
"Cities Management","alexandra.turner@associa.us,erike@citiesmanagement.com,nikki.bjerke@associa.us,lbaldwin@associaonline.com,eric.gronli@associaminnesota.com","Western Wisconsin","WI","53118","Homeowners Association (50-99 units); Condominium Association (50-99 units); Homeowners Association (100+ units); Condominium Association (100+ units)","Is your community reaching its potential? Discover the possibilities of life with Associa."
"RealManage","support@www.realmanage.com-1.hs-inbox.com","Austin","TX","78729","Homeowners Association (50-99 units); Condominium Association (50-99 units); Homeowners Association (100+ units); Condominium Association (100+ units)","Setting a New Standard for Community Management. We simplify HOA management so you can focus on what"
"RealManage","support@www.realmanage.com-1.hs-inbox.com","San Francisco/Bay Area","CA","94947","Homeowners Association (50-99 units); Condominium Association (50-99 units); Homeowners Association (100+ units); Condominium Association (100+ units)","Setting a New Standard for Community Management. We simplify HOA management so you can focus on what"
"Pristine Property Management","excel@pristineprop.com,Mrhhuntersnbmanagement@gmail.com","Downey","CA","90240","Single Home or Condo (Valued up to $300K); Single Home or Condo ($300 to $500K); Single Home or Condo ($500K to $1 Million); Single Home or Condo (Over $1 Million); Multi-Family (2-4 units); Multi-Family (5-19 units); Multi-Family (20-99 units); Office (Up to 9,999 sqft); Office (10,000 - 100,000 sqft); Office (100,000+ sqft); Multi-Family (100+ units); Homeowners Association (2-49 units); Homeowners Association (50-99 units); Condominium Association (2-49 units); Condominium Association (50-99 units); Homeowners Association (100+ units); Condominium Association (100+ units)","Pristine was established by the request of 
property owners looking 
for ""Stress-Free"" managemen"
"RealManage","support@www.realmanage.com-1.hs-inbox.com","Houston","TX","77079","Homeowners Association (50-99 units); Condominium Association (50-99 units); Homeowners Association (100+ units); Condominium Association (100+ units)","Setting a New Standard for Community Management. We simplify HOA management so you can focus on what"
"Westport Properties, Inc.","creiter@westport-mn.com,jessica@westport-mn.com","Bloomington","MN","55425","Multi-Family (20-99 units); Multi-Family (100+ units); Homeowners Association (50-99 units); Condominium Association (50-99 units); Homeowners Association (100+ units); Condominium Association (100+ units)","Celebrating over 30 plus years, remembering what is important to you is important to us."
"DTA Community Management Services, Inc.","stephanie@webdta.com,kelly@webdta.com,todd@webdta.com","Conroe","TX","77304","Homeowners Association (2-49 units); Homeowners Association (50-99 units); Condominium Association (2-49 units); Condominium Association (50-99 units); Homeowners Association (100+ units); Condominium Association (100+ units)","DTA provides community management solutions custom tailored for your association."
"Westward360","miked@westward360.com,leads@westward360.com,ae@hoasales.com,marketingbot@camcollective.com,ashdaoey@westward360.com","Chicago","IL","60614","Single Home or Condo (Valued up to $300K); Single Home or Condo ($300 to $500K); Single Home or Condo ($500K to $1 Million); Single Home or Condo (Over $1 Million); Multi-Family (2-4 units); Multi-Family (5-19 units); Multi-Family (20-99 units); Multi-Family (100+ units); Homeowners Association (2-49 units); Homeowners Association (50-99 units); Condominium Association (2-49 units); Condominium Association (50-99 units); Homeowners Association (100+ units); Condominium Association (100+ units)","Holistic Property Management:

from calm moments to crazy ones, our expertise is yours to lean on."
"Associa Hawaii","pauli@associahawaii.com,arnold@associahawaii.com,phyllis@associahawaii.com,alexandra.turner@associa.us","Honolulu, Kapaa, Kailua, Kona","HI","96813","Homeowners Association (50-99 units); Condominium Association (50-99 units); Homeowners Association (100+ units); Condominium Association (100+ units)","Is your community reaching its potential? Discover the possibilities of life with Associa."
"Canyon Gate Real Estate Services","KEggleston@cgres.com,lynn.harmon@associa.us,alexandra.turner@associa.us,Kayla.Hintz@associa.us","Albuquerque","NM","87199","Homeowners Association (50-99 units); Condominium Association (50-99 units); Homeowners Association (100+ units); Condominium Association (100+ units)","Is your community reaching its potential? Discover the possibilities of life with Associa."
"Associa Gulf Coast","nicholas.pilafas@associa.us,sgawecki@associagulfcoast.com,Nick.buccola@associa.us,alexandra.turner@associa.us,marc.scoleri@associa.us","Naples, Ft. Myers, Punta Gorda","FL","33912","Homeowners Association (50-99 units); Condominium Association (2-49 units); Condominium Association (50-99 units); Homeowners Association (100+ units); Condominium Association (100+ units)","Is your community reaching its potential? Discover the possibilities of life with Associa."
"Colorado Association Services","lynn.harmon@associa.us,jfield@msihoa.com,stephen.wecksler@associa.us","Lakewood, Fort Collins, Colorado Springs","CO","80401","Homeowners Association (50-99 units); Condominium Association (2-49 units); Condominium Association (50-99 units); Homeowners Association (100+ units); Condominium Association (100+ units)","Is your community reaching its potential? Discover the possibilities of life with Associa."
"EMB Management","kledbetter@embmanagement.com,gzuppa@associaonline.com,lbaldwin@associaonline.com","Bellevue, Seattle, Statewide","WA","98004","Homeowners Association (50-99 units); Condominium Association (50-99 units); Homeowners Association (100+ units); Condominium Association (100+ units)","Is your community reaching its potential? Discover the possibilities of life with Associa."
"HRW, Inc.","kayla.hintz@associa.us,lynn.harmon@associa.us,alexandra.turner@associa.us","Cary, Raleigh","NC","27513","Homeowners Association (50-99 units); Condominium Association (50-99 units); Homeowners Association (100+ units); Condominium Association (100+ units)","Is your community reaching its potential? Discover the possibilities of life with Associa."
"Associa Northern California","gina.bocage@associa.us,lynn.harmon@associa.us,maria.rust@associa.us,Scott.Hubbard@associa.us,lbaldwin@associaonline.com","Serving all of Northern California","CA","94559","Homeowners Association (50-99 units); Condominium Association (50-99 units); Homeowners Association (100+ units); Condominium Association (100+ units)","Is your community reaching its potential? Discover the possibilities of life with Associa."
"Associa","lynn.harmon@associa.us,stephen.wecksler@associa.us,alexandra.turner@associa.us,John.cooperlara@associa.us,Mitch.Armstrong@associa.us","Serving Southern California","CA","92121","Homeowners Association (50-99 units); Condominium Association (50-99 units); Homeowners Association (100+ units); Condominium Association (100+ units)","Is your community reaching its potential? Discover the possibilities of life with Associa."
"Real Property Management & CMS","alexandra.turner@associa.us,evan.pandell@associa.us,Preston.Steele@associa.us,Maria.Rust@associa.us,melissa.elick@associa.ca","Lewis Center, Greater Columbus Market","OH","43035","Homeowners Association (50-99 units); Condominium Association (50-99 units); Homeowners Association (100+ units); Condominium Association (100+ units)","Real Property Management & CMS, located in Lewis Center, Greater Columbus Market, OH, prioritizes ex"
"Homeside Properties","jarterbury@homesideproperties.com,MHilliard@homesideproperties.com,alexandra.turner@associa.us","Alpharetta, Atlanta","GA","30004","Homeowners Association (50-99 units); Condominium Association (50-99 units); Homeowners Association (100+ units); Condominium Association (100+ units)","Is your community reaching its potential? Discover the possibilities of life with Associa."
"Ashoka Lion","Jay.Raman@ashokalion.com,alice.riley@ashokalion.com,associationmanager@ashokalion.com","Houston","TX","77056","Homeowners Association (2-49 units); Homeowners Association (50-99 units); Homeowners Association (100+ units)","Let the Lion help for all your homeowner and townhome association services in the Houston and Dallas"
"Great North Property Management","justin.gargiulo@greatnorth.net","Peabody","MA","01960","Office (10,000 - 100,000 sqft); Office (100,000+ sqft); Homeowners Association (50-99 units); Condominium Association (50-99 units); Homeowners Association (100+ units); Condominium Association (100+ units)","Locally Owned and Locally Controlled.  A Family Company!"
"Great North Property Management","justin.gargiulo@greatnorth.net","Kittery","ME","03904","Office (10,000 - 100,000 sqft); Office (100,000+ sqft); Homeowners Association (50-99 units); Condominium Association (50-99 units); Homeowners Association (100+ units); Condominium Association (100+ units)","Locally Owned and Locally Controlled.  A Family Company!"
"Great North Property Management","justin.gargiulo@greatnorth.net","Killington","VT","05751","Office (10,000 - 100,000 sqft); Office (100,000+ sqft); Homeowners Association (50-99 units); Condominium Association (50-99 units); Homeowners Association (100+ units); Condominium Association (100+ units)","Locally Owned and Locally Controlled.  A Family Company!"
"Barnett Management Inc.","david@barnettmanagement.com","Twinsburg","OH","44087","Homeowners Association (50-99 units); Condominium Association (50-99 units); Homeowners Association (100+ units); Condominium Association (100+ units)","We Make Your Community Our Family!"
"Tidewater Property Management","gwindisch@tidewaterproperty.com","Owings Mills","MD","21117","Homeowners Association (100+ units); Condominium Association (100+ units)","We're not just a management company - we're a resource! Contact our team to learn more!"
"Signature Property Management","joy@lovespm.com","Lenexa","KS","66215","Homeowners Association (50-99 units); Condominium Association (50-99 units); Homeowners Association (100+ units); Condominium Association (100+ units)","Good People Using Good Systems - Think of the 
Possibilities 
"
"API Property Management","Info@APIManagement.net","Laguna Hills","CA","92653","Homeowners Association (2-49 units); Homeowners Association (50-99 units); Condominium Association (2-49 units); Condominium Association (50-99 units); Homeowners Association (100+ units); Condominium Association (100+ units)","Specializing in smaller HOA's from 2 to 200 units; a low 
all-inclusive monthly fee. We tailor make "
"Signature Property Management","joy@lovespm.com","Jackson County","MO","","Homeowners Association (50-99 units); Condominium Association (50-99 units); Homeowners Association (100+ units); Condominium Association (100+ units)","Good People Using Good Systems...Think of the 
Possibilities "
"RealManage","support@www.realmanage.com-1.hs-inbox.com","Denver","CO","80112","Homeowners Association (50-99 units); Condominium Association (50-99 units); Homeowners Association (100+ units); Condominium Association (100+ units)","Setting a New Standard for Community Management. We simplify HOA management so you can focus on what"
"Scalzo Property Management, Inc","jkeller@scalzoproperty.com","Bethel","CT","06801","Office (10,000 - 100,000 sqft); Retail (10,000 - 100,000 sqft); Homeowners Association (50-99 units); Condominium Association (50-99 units); Homeowners Association (100+ units); Condominium Association (100+ units)","Your partner in management solutions"
"Goebel Realty","bczoer@goebelrealty.com","Evansville","IN","47715","Single Home or Condo (Valued up to $300K); Single Home or Condo ($300 to $500K); Single Home or Condo ($500K to $1 Million); Single Home or Condo (Over $1 Million); Multi-Family (2-4 units); Multi-Family (5-19 units); Multi-Family (20-99 units); Office (Up to 9,999 sqft); Office (10,000 - 100,000 sqft); Office (100,000+ sqft); Retail (Up to 9,999 sqft); Retail (10,000 - 100,000 sqft); Retail (100,000+ sqft); Light Manufacturing (Up to 100,000 sqft); Light Manufacturing (100,000+ sqft); Warehouse/Distribution (Up to 100,000 sqft); Warehouse/Distribution (100,000+ sqft); Parking Garage; Multi-Family (100+ units); Homeowners Association (2-49 units); Homeowners Association (50-99 units); Condominium Association (2-49 units); Condominium Association (50-99 units); Homeowners Association (100+ units); Condominium Association (100+ units)","With over 55 years of experience, Goebel Realty is a trusted leader in property management. We proud"
"Davis and Co. Realtors","amber@davisandcotx.com","Midland","TX","79707","Single Home or Condo (Valued up to $300K); Single Home or Condo ($300 to $500K); Single Home or Condo ($500K to $1 Million); Single Home or Condo (Over $1 Million); Multi-Family (2-4 units); Multi-Family (5-19 units); Multi-Family (20-99 units); Multi-Family (100+ units); Homeowners Association (2-49 units); Homeowners Association (50-99 units); Condominium Association (2-49 units); Condominium Association (50-99 units); Homeowners Association (100+ units); Condominium Association (100+ units)","The area's leading property management company. "
"RealManage","support@www.realmanage.com-1.hs-inbox.com","Orlando","FL","32801","Homeowners Association (50-99 units); Condominium Association (50-99 units); Homeowners Association (100+ units); Condominium Association (100+ units)","Setting a New Standard for Community Management. We simplify HOA management so you can focus on what"
"RealManage","support@www.realmanage.com-1.hs-inbox.com","Dallas/Ft.Worth","TX","75093","Homeowners Association (50-99 units); Condominium Association (50-99 units); Homeowners Association (100+ units); Condominium Association (100+ units)","Setting a New Standard for Community Management. We simplify HOA management so you can focus on what"
"RealManage","support@www.realmanage.com-1.hs-inbox.com","San Antonio","TX","78216","Homeowners Association (100+ units); Condominium Association (100+ units)","Setting a New Standard for Community Management. We simplify HOA management so you can focus on what"
"VIS Group, Inc.","eugene.kiyan@vismanagement.com,new-deal0c3ef841f9@newlead.leadsimple.com","Lacey","WA","98516","Condominium Association (2-49 units); Condominium Association (50-99 units); Homeowners Association (100+ units); Condominium Association (100+ units)","Providing a custom management solution for your 
needs, while leading the industry with cutting-
e"
"Castle-Breckenridge Management","mhuntsman@cbmgmt.com,mkuhn@cbmgmt.com","La Mesa","CA","91941","Homeowners Association (50-99 units); Condominium Association (50-99 units); Homeowners Association (100+ units); Condominium Association (100+ units); Mobile Home Community","Better Management, Better Living"
"Community Management Solutions - Associa","ahmyers@mycommunitymanagement.com","Erlanger, Cincinnati","KY","41018","Homeowners Association (50-99 units); Condominium Association (50-99 units); Homeowners Association (100+ units); Condominium Association (100+ units)","Is your community reaching its potential? Discover the possibilities of life with Associa."
"Management Realty Partners","Larry@ManagementRealtyPartners.com","Waukegan","IL","60085","Single Home or Condo (Valued up to $300K); Single Home or Condo ($300 to $500K); Multi-Family (2-4 units); Multi-Family (5-19 units); Multi-Family (20-99 units); Retail (Up to 9,999 sqft); Retail (10,000 - 100,000 sqft); Multi-Family (100+ units); Homeowners Association (2-49 units); Homeowners Association (50-99 units); Condominium Association (2-49 units); Condominium Association (50-99 units); Homeowners Association (100+ units); Condominium Association (100+ units)","Our goal is to manage a property with the same 
interest and concerns of our Owners."
"Associa Minnesota","nikki.bjerke@associa.us,alexandra.turner@associa.us,eric.gronli@associaminnesota.com,lbaldwin@associaonline.com,erike@citiesmanagement.com","Golden Valley, Greater Minneapolis","MN","55427","Homeowners Association (50-99 units); Condominium Association (50-99 units); Homeowners Association (100+ units); Condominium Association (100+ units)","Is your community reaching its potential? Discover the possibilities of life with Associa.."
"Triplett Property Management","kexcell@triplettre.com","Ames","IA","50010","Single Home or Condo (Valued up to $300K); Single Home or Condo ($300 to $500K); Multi-Family (2-4 units); Multi-Family (5-19 units); Multi-Family (20-99 units); Homeowners Association (2-49 units); Homeowners Association (50-99 units); Condominium Association (2-49 units); Condominium Association (50-99 units)"," We bring it all: 
Excellent, Professional Service with a Sincere 
Iowa Smile!
"
"Sterling Association Services, Inc.","jose@sterlingasi.com,joyce@sterlingasi.com","Houston","TX","77064","Homeowners Association (100+ units); Condominium Association (100+ units)","Dedicated to supplying our clients with the best management service available by putting their objec"
"MRH Enterprise","mrhenterprise@aol.com","Allentown","PA","18106","Homeowners Association (2-49 units); Homeowners Association (50-99 units); Condominium Association (2-49 units); Condominium Association (50-99 units); Homeowners Association (100+ units); Condominium Association (100+ units)","Large enough to meet your needs.
Small enough to provide personal service."
"MMT Property Group","mike_twentyfive@yahoo.com","Rochester","NY","14607","Single Home or Condo (Valued up to $300K); Single Home or Condo ($300 to $500K); Multi-Family (2-4 units); Multi-Family (5-19 units); Multi-Family (20-99 units); Vacation (1-2 units); Vacation (3+ units); Multi-Family (100+ units); Homeowners Association (2-49 units); Homeowners Association (50-99 units); Condominium Association (2-49 units); Condominium Association (50-99 units); Homeowners Association (100+ units); Condominium Association (100+ units)","Family owned and operated. NARPM Certified. BCB Member. Insured & Bonded. EPA & HUD certified."
"HOALiving","michael@hoaliving.com,lara@hoaliving.com,jessikar@hoaliving.com,greggardner@hoaliving.com,walkers@hoaliving.com","Draper","UT","84020","Homeowners Association (50-99 units); Condominium Association (50-99 units); Homeowners Association (100+ units); Condominium Association (100+ units)","Utah's original accredited community association management 
and maintenance company. Offices statew"
"Hearthstone Realty, Inc.","hearthstone1414@sbcglobal.net","River Forest","IL","60305","Single Home or Condo (Valued up to $300K); Single Home or Condo ($300 to $500K); Single Home or Condo ($500K to $1 Million); Single Home or Condo (Over $1 Million); Multi-Family (2-4 units); Multi-Family (5-19 units); Multi-Family (20-99 units); Office (Up to 9,999 sqft); Office (10,000 - 100,000 sqft); Office (100,000+ sqft); Multi-Family (100+ units); Condominium Association (2-49 units); Condominium Association (50-99 units); Condominium Association (100+ units)","Hearthstone is a small company that makes service to 
our clients our number one priority."
"Alvic Property Management","info@alvicmgm.com","Brooklyn","NY","11204","Multi-Family (5-19 units); Multi-Family (20-99 units); Homeowners Association (2-49 units); Homeowners Association (50-99 units); Condominium Association (2-49 units); Condominium Association (50-99 units); Homeowners Association (100+ units); Condominium Association (100+ units)","Serving the people behind the property."
"Metropolis Condominium Management","mjlobb@gmail.com,MJLOBB@wearemetropolis.com","Hyattsville","MD","20781","Homeowners Association (50-99 units); Condominium Association (50-99 units); Homeowners Association (100+ units); Condominium Association (100+ units)","Combining real-time, online communication and personalized creative solutions to meet your community"
"ProRealtyUSA.com","darwin@prorealtyusa.com,david@prorealtyusa.com,sales@prorealtyusa.com","Brooklyn","NY","11222","Homeowners Association (2-49 units); Homeowners Association (50-99 units); Condominium Association (2-49 units); Condominium Association (50-99 units); Homeowners Association (100+ units); Condominium Association (100+ units)","ProRealty Property Management – Where Property Meets Performance. We specialize in full-service mana"
"ACRI  Commercial Realty, Inc.","rinaldo.acri@acrirlty.com","Pittsburgh","PA","15229","Homeowners Association (2-49 units); Homeowners Association (50-99 units); Condominium Association (2-49 units); Condominium Association (50-99 units); Homeowners Association (100+ units); Condominium Association (100+ units)","Homeowners are at the center of everything we do.
Over 25 years of providing pro-active community 
p"
"CAMCO Property Management","Chris@camcomgmt.com","","","","Homeowners Association (50-99 units); Condominium Association (50-99 units); Homeowners Association (100+ units); Condominium Association (100+ units)","Results-driven property management success."
"Keystone Pacific Property Management","jwinkler@keystonepacific.com,mtripp@keystonepacific.com,gjacksonshields@keystonepacific.com,lkim@keystonepacific.com","Irvine","CA","92602","Homeowners Association (50-99 units); Condominium Association (50-99 units); Homeowners Association (100+ units); Condominium Association (100+ units)","Reconnect to where you live."
"M&M Property Management","mmpm-leads@mmhoaservices.com","Parker","CO","80134","Homeowners Association (2-49 units); Homeowners Association (50-99 units); Condominium Association (2-49 units); Condominium Association (50-99 units); Homeowners Association (100+ units); Condominium Association (100+ units)","Providing HOA property management services 
throughout the entire Denver, Colorado metro area."
"Impact Real Estate Management","stuart@impactremgt.com","Long Island City","NY","11101","Homeowners Association (2-49 units); Homeowners Association (50-99 units); Condominium Association (2-49 units); Condominium Association (50-99 units); Homeowners Association (100+ units); Condominium Association (100+ units)","We Put a Team of Experts Behind Every Property We 
Represent"
"Advanced Community Services","ryan@acs-hoa.com","Lehi","UT","84043","Homeowners Association (2-49 units); Homeowners Association (50-99 units); Condominium Association (2-49 units); Condominium Association (50-99 units); Homeowners Association (100+ units); Condominium Association (100+ units)","Increasing the value of your community"
"Grayson Community Management","allan@graysoncm.com,melkesmelia@yahoo.com","San Jose","CA","95126","Homeowners Association (2-49 units); Homeowners Association (50-99 units); Condominium Association (2-49 units); Condominium Association (50-99 units); Homeowners Association (100+ units); Condominium Association (100+ units)","GCM will help to solve the most pressing challenges while reducing its expenses and enhancing its lo"
"Capitol Property Management","jlawrence@capitolcorp.com,apeterson@capitolcorp.com,dholcombe@Capitolcorp.com,aweigelt@capitolcorp.com","Chantilly","VA","20151 ","Office (Up to 9,999 sqft); Office (10,000 - 100,000 sqft); Office (100,000+ sqft); Retail (Up to 9,999 sqft); Retail (10,000 - 100,000 sqft); Retail (100,000+ sqft); Multi-Family (100+ units); Homeowners Association (50-99 units); Condominium Association (50-99 units); Homeowners Association (100+ units); Condominium Association (100+ units)","Experience. Excellence. Capitol | Over 23 Years of Trusted Property Expertise"
"Homestead Management Services, LLC.","LCurtis@homesteadmgmt.org","Pine Brook","NJ","07058","Homeowners Association (50-99 units); Condominium Association (50-99 units); Homeowners Association (100+ units); Condominium Association (100+ units)","As a professionally owned business we are committed to the highest level of Customer Service to the "
"Community Management Concepts - Jacksonville","Michelle.Griggs@cmcjaxfla.com,lynn.harmon@associa.us,alexandra.turner@associa.us","Jacksonville","FL","32256  ","Homeowners Association (50-99 units); Condominium Association (50-99 units); Homeowners Association (100+ units); Condominium Association (100+ units)","Is your community reaching its potential? Discover the possibilities of life with Associa."
"Central Florida","alexandra.turner@associa.us,Nick.buccola@associa.us,kayla.hintz@associa.us","Orlando","FL","32819 ","Homeowners Association (50-99 units); Condominium Association (50-99 units); Homeowners Association (100+ units); Condominium Association (100+ units)","Is your community reaching its potential? Discover the possibilities of life with Associa."
"Association Services","patrick.thompson@associa.us,carolyn.neely@associa.us,a.pope@asihhi.com,alexandra.turner@associa.us,stephen.wecksler@associa.us","Hilton Head, Savannah","SC","29928","Homeowners Association (50-99 units); Condominium Association (50-99 units); Homeowners Association (100+ units); Condominium Association (100+ units)","Is your community reaching its potential? Discover the possibilities of life with Associa."
"MK Asset Management","margolis@mkasset.com","Des Plaines","IL","60018","Multi-Family (20-99 units); Retail (10,000 - 100,000 sqft); Retail (100,000+ sqft); Warehouse/Distribution (100,000+ sqft); Multi-Family (100+ units); Homeowners Association (50-99 units); Condominium Association (50-99 units); Homeowners Association (100+ units); Condominium Association (100+ units)","We are a full-service residential and commercial property management company committed to maximizing"
"Sharper Management ","apmleads@sharpermanagement.com","Eden Prairie","MN","55344","Homeowners Association (2-49 units); Homeowners Association (50-99 units); Condominium Association (2-49 units); Condominium Association (50-99 units); Homeowners Association (100+ units); Condominium Association (100+ units)","Your Minnesota Neighbor!"
"The Property Group ","dmaffucci@thepropertygroup.net","Stamford","CT","06906","Homeowners Association (50-99 units); Condominium Association (50-99 units); Homeowners Association (100+ units); Condominium Association (100+ units)","Your one source for residential property 
management."
"A Different Association Management Company (ADAM)","james@adamllc.com,jacklyn@adamllc.com","Tucson","AZ","85705 ","Homeowners Association (2-49 units); Homeowners Association (50-99 units); Condominium Association (2-49 units); Condominium Association (50-99 units); Homeowners Association (100+ units); Condominium Association (100+ units)","As our name implies, A Different Association 
Management strives to offer our clients distinctive "
"IN RHODES MANAGEMENT, INC","angela@inrhodes.com","Auburn Hills","MI","48326","Homeowners Association (2-49 units); Homeowners Association (50-99 units); Condominium Association (2-49 units); Condominium Association (50-99 units); Homeowners Association (100+ units); Condominium Association (100+ units)","IRM specializes in the day to day management of Condominium and Homeowner Associations."
"May Property Management ","mm@maypm.com","Worcester","MA","01608","Homeowners Association (50-99 units); Condominium Association (2-49 units); Condominium Association (50-99 units); Homeowners Association (100+ units)","We offer property management services to condominium associations and multi-family. Efficient Manage"
"Professional Management and Association Services, Inc.","tyarce@myprofessionalmanagement.com","Miami","FL","33186","Homeowners Association (2-49 units); Homeowners Association (50-99 units); Condominium Association (2-49 units); Condominium Association (50-99 units); Homeowners Association (100+ units); Condominium Association (100+ units)","Our full trained staff will handle your day-to-day 
operations and optimize your maintenance dues."
"Progressive Association Management","ScottBrady1963@gmail.com,cameron@progressive-am.com,pam-trevor.u2@lindymail.ai,stephen@domicileRE.com","Anaheim","CA","92807","Homeowners Association (2-49 units); Homeowners Association (50-99 units); Condominium Association (2-49 units); Condominium Association (50-99 units); Homeowners Association (100+ units); Condominium Association (100+ units)","If you are looking for better, not bigger, association management services.  Enjoy superior communit"
"RealManage","support@www.realmanage.com-1.hs-inbox.com","Chicago","IL","60532","Homeowners Association (50-99 units); Condominium Association (50-99 units); Homeowners Association (100+ units); Condominium Association (100+ units)","Setting a New Standard for Community Management. We simplify HOA management so you can focus on what"
"Intempus Management","zap.am@intempus.net,Gcruz@intempus.net,Ekorsunsky@intempus.net","Saratoga","CA","95070","Multi-Family (100+ units); Homeowners Association (2-49 units); Homeowners Association (50-99 units); Condominium Association (2-49 units); Condominium Association (50-99 units); Homeowners Association (100+ units); Condominium Association (100+ units)","Intempus Property Management delivers full-service HOA and property management solutions powered by "
"Northland Group, RA","info@northlandgroupra.com","Mercer Island","WA","98040","Homeowners Association (2-49 units); Homeowners Association (50-99 units); Condominium Association (2-49 units); Condominium Association (50-99 units); Homeowners Association (100+ units)","Providing unsurpassed service to Homeowner & 
Condominium associations in the Puget Sound area 
si"
"LBPM","leads@lbpm.com,lbpm_apm_827ea32a917aa94cb5f8@newlead.leadsimple.com,lead.4f744a13.business-development.lbpm@item-create.podio.com","Sherman Oaks","CA","91423","Multi-Family (2-4 units); Multi-Family (5-19 units); Multi-Family (20-99 units); Multi-Family (100+ units); Homeowners Association (2-49 units); Homeowners Association (50-99 units); Condominium Association (2-49 units); Condominium Association (50-99 units); Homeowners Association (100+ units); Condominium Association (100+ units)","The only management company in California that 
gives you 24/7 
access to the management of your p"
"Menas HOA Management, a Diversified Company","jmenas@menas.com","San Diego","CA","92108","Homeowners Association (2-49 units); Homeowners Association (50-99 units); Condominium Association (2-49 units); Condominium Association (50-99 units); Homeowners Association (100+ units); Condominium Association (100+ units)","Our daily objective is to exceed our clients expectations by providing value to the communities we s"
"Corner Property Management, LLC","Tony.nardone@cp-management.com,larry.sauer@cp-management.com","Newark","NJ","07104","Office (Up to 9,999 sqft); Office (10,000 - 100,000 sqft); Retail (Up to 9,999 sqft); Retail (10,000 - 100,000 sqft); Homeowners Association (50-99 units); Condominium Association (50-99 units); Homeowners Association (100+ units); Condominium Association (100+ units)","Corner Property Management, LLC offers professional association property management services to hand"
"Associa Sierra North","lynn.harmon@associa.us,alexandra.turner@associa.us,Maria.Rust@associa.us","Reno","NV","89521","Homeowners Association (50-99 units); Condominium Association (50-99 units); Homeowners Association (100+ units); Condominium Association (100+ units)","Is your community reaching its potential? Discover the possibilities of life with Associa."
"Associa Nevada South","voliva@associans.com,lynn.harmon@associa.us,alexandra.turner@associa.us,Maria.Rust@associa.us","North Las Vegas","NV","89032","Homeowners Association (50-99 units); Condominium Association (50-99 units); Homeowners Association (100+ units); Condominium Association (100+ units)","Is your community reaching its potential? Discover the possibilities of life with Associa."
"Associa Chicagoland","alexandra.turner@associa.us,rose.rogic@associachicagoland.com,Erica.Horndasch@associachicagoland.com,nikki.bjerke@associa.us","Serving all of Illinois ","IL","60654","Homeowners Association (50-99 units); Condominium Association (50-99 units); Homeowners Association (100+ units); Condominium Association (100+ units)","Is your community reaching its potential? Discover the possibilities of life with Associa.."
"McKay Management Corporation","morgan.place@associa.us,alexandra.turner@associa.us,brittany.washington@associa.us","Birmingham","AL","35244","Homeowners Association (50-99 units); Condominium Association (50-99 units); Homeowners Association (100+ units); Condominium Association (100+ units)","Is your community reaching its potential? Discover the possibilities of life with Associa."
"Associa New York","nikkib@citiesmanagement.com,lynn.harmon@associa.us,kristine.bates@associa.us,Dianne.Feinstein@associanewyork.com,brian.pizzuti@associa.us","Poughkeepsie","NY","12603","Homeowners Association (50-99 units); Condominium Association (50-99 units); Homeowners Association (100+ units); Condominium Association (100+ units)","Is your community reaching its potential? Discover the possibilities of life with Associa."
"Wyoming Association Services","alexandra.turner@associa.us","Serving Wyoming","WY","82602","Homeowners Association (50-99 units); Condominium Association (50-99 units); Homeowners Association (100+ units); Condominium Association (100+ units)","Is your community reaching its potential? Discover the possibilities of life with Associa."
"J. Butler Property Management- Association","jbutlerleasing@gmail.com,clientsvc@jbutlerpropertymgmt.com,james@jbutlerpropertymgmt.com","Andover","MA","01810","Homeowners Association (50-99 units); Condominium Association (50-99 units); Homeowners Association (100+ units); Condominium Association (100+ units)","A company you can trust...A company you can depend 
on... A company of professionals!!! "
"Real Property Management Sapphire","rchild@rpmsapphire.com","Hamilton","MT","59840","Single Home or Condo (Valued up to $300K); Single Home or Condo ($300 to $500K); Single Home or Condo ($500K to $1 Million); Multi-Family (2-4 units); Vacation (1-2 units); Vacation (3+ units); Homeowners Association (2-49 units); Homeowners Association (50-99 units); Condominium Association (2-49 units); Condominium Association (50-99 units)","Our company has managed thousands of rental 
properties for over 25 years."
"MMT Property Group","mike_twentyfive@yahoo.com","Buffalo","NY","14604","Multi-Family (5-19 units); Multi-Family (20-99 units); Multi-Family (100+ units); Homeowners Association (2-49 units); Homeowners Association (50-99 units); Condominium Association (2-49 units); Condominium Association (50-99 units); Homeowners Association (100+ units); Condominium Association (100+ units)","Family owned and operated. BBB A+ Rated. BCB Member. NARPM Certified. Epa & HUD Certified. Insured a"
"AMI - Advanced Management, LLC","katie@amihoa.com,katie.bikshaeva@amihoa.com","Denver","CO","80237","Homeowners Association (100+ units); Condominium Association (100+ units)","“Experience you can trust. Integrity you can count on.”"
"Cedar Management Group","sales@emsohio.com,Sales@emspm.com,cminnix@gmail.com,ae@hoasales.com,marketingbot@camcollective.com","Dublin","OH","43017","Homeowners Association (2-49 units); Homeowners Association (50-99 units); Condominium Association (2-49 units); Condominium Association (50-99 units); Homeowners Association (100+ units); Condominium Association (100+ units)","Cedar Management Group is an Accredited Association Management Company with offices in NC, SC, TN, G"
"J&J Management Services","Jvitanza@jjmanagementservices.com,cvitanza@jjmanagementservices.com","Carmel","NY","10512","Office (Up to 9,999 sqft); Office (10,000 - 100,000 sqft); Office (100,000+ sqft); Retail (Up to 9,999 sqft); Retail (10,000 - 100,000 sqft); Retail (100,000+ sqft); Light Manufacturing (Up to 100,000 sqft); Light Manufacturing (100,000+ sqft); Warehouse/Distribution (Up to 100,000 sqft); Warehouse/Distribution (100,000+ sqft); Parking Garage; Other Associations (Hotel, Resort etc.); Biotech/Mission-Critical; Homeowners Association (2-49 units); Homeowners Association (50-99 units); Condominium Association (2-49 units); Condominium Association (50-99 units); Homeowners Association (100+ units); Condominium Association (100+ units); Mobile Home Community","To connect your property with the future of property management and build a long term business relat"
"Southern Property Management Group","boakley@southernpmg.com","Birmingham","AL","35205","Homeowners Association (50-99 units); Condominium Association (50-99 units); Homeowners Association (100+ units); Condominium Association (100+ units)","Fresh, Aggressive, Innovative, and Service - Oriented Solutions"
"Lawyers Condo Management","josh@lawyerscondomgmt.com","Farmington Hills","MI","48334","Homeowners Association (2-49 units); Homeowners Association (50-99 units); Condominium Association (2-49 units); Condominium Association (50-99 units); Homeowners Association (100+ units); Condominium Association (100+ units)","Our solid track record and history of satisfied 
clients speaks for itself."
"Professional Property Management & Construction, LLC","mbiller@profpropertymanagement.com","Warwick","RI","02889","Multi-Family (20-99 units); Multi-Family (100+ units); Homeowners Association (50-99 units); Condominium Association (50-99 units); Homeowners Association (100+ units); Condominium Association (100+ units)","Serving all of Massachusetts and Rhode Island!"
"Caribou Property Management","Caribou.Management@CaribouPM.com","Madison","WI","53713","Single Home or Condo (Valued up to $300K); Single Home or Condo ($300 to $500K); Single Home or Condo ($500K to $1 Million); Multi-Family (2-4 units); Multi-Family (5-19 units); Multi-Family (20-99 units); Multi-Family (100+ units); Homeowners Association (2-49 units); Homeowners Association (50-99 units); Condominium Association (2-49 units); Condominium Association (50-99 units); Homeowners Association (100+ units); Condominium Association (100+ units)","Caribou Property Management - great Communication 
and Transparency - A Full Service Property 
Man"
"CAMCO Property Management","Chris@camcomgmt.com","Fort Washingotn","PA","19034","Homeowners Association (50-99 units); Condominium Association (50-99 units); Homeowners Association (100+ units); Condominium Association (100+ units)","""To Enhance Community Life"""
"Silvercreek Association Management ","new-deal05dd25541e@newlead.leadsimple.com,james@sc-manage.com,kim@sc-manage.com","Citrus Heights","CA","95610","Homeowners Association (2-49 units); Homeowners Association (50-99 units); Condominium Association (2-49 units); Condominium Association (50-99 units); Homeowners Association (100+ units); Condominium Association (100+ units)","Empowering Your Community, Every Step of the Way."
"Bullseye Property Management & Realty","john@bullseye411.com,7633008612@txt.att.net","Big Lake","MN","55309","Office (Up to 9,999 sqft); Office (10,000 - 100,000 sqft); Office (100,000+ sqft); Retail (Up to 9,999 sqft); Retail (10,000 - 100,000 sqft); Retail (100,000+ sqft); Light Manufacturing (Up to 100,000 sqft); Light Manufacturing (100,000+ sqft); Warehouse/Distribution (Up to 100,000 sqft); Warehouse/Distribution (100,000+ sqft); Homeowners Association (2-49 units); Homeowners Association (50-99 units); Condominium Association (2-49 units); Condominium Association (50-99 units); Homeowners Association (100+ units); Condominium Association (100+ units)","""We worry about everything so you don't have to!"""
"Celtic Property Management","tim@celticpm.com","Joliet","IL","60435","Homeowners Association (2-49 units); Homeowners Association (50-99 units); Condominium Association (2-49 units); Condominium Association (50-99 units); Homeowners Association (100+ units); Condominium Association (100+ units)","Providing the highest level of service to meet 
Condominium/HOA Association's needs with 24/7 access"
"Baldoni Management","info@baldonimanagement.com","Lebanon","NJ","08833","Homeowners Association (2-49 units); Homeowners Association (50-99 units); Condominium Association (2-49 units); Condominium Association (50-99 units)","Property Management Tailored To Your Needs"
"606 Realty & Property Management","kurt@606realty.com","Chicago","IL","60630","Multi-Family (20-99 units); Multi-Family (100+ units); Homeowners Association (50-99 units); Condominium Association (50-99 units); Homeowners Association (100+ units); Condominium Association (100+ units)","World Class Property Management in Chicago"
"Absolute Value Property Management (AVPro)","Paul@avmre.com,jeff@avmre.com,billy@avmre.com,staff@avmre.com,Trey@avmre.com,Jchase@avmre.com,2039622082@vtext.com,2039849025@vtext.com,2036679235@vtext.com,4077096176@vtext.com","Riverside ","CT","06878","Homeowners Association (2-49 units); Homeowners Association (50-99 units); Condominium Association (2-49 units); Condominium Association (50-99 units); Homeowners Association (100+ units); Condominium Association (100+ units)","On Point. On Time. Every Time."
"Associa Carolinas","edward.corless@associa.us,lynn.harmon@associa.us,brian.pizzuti@associa.us,alexandra.turner@associa.us","Charlotte","NC","28217","Homeowners Association (50-99 units); Condominium Association (50-99 units); Homeowners Association (100+ units); Condominium Association (100+ units)","Is your community reaching its potential? Discover the possibilities of life with Associa."
"Great North Property Management","justin.gargiulo@greatnorth.net","Providence","RI","02828","Homeowners Association (50-99 units); Condominium Association (50-99 units); Homeowners Association (100+ units); Condominium Association (100+ units)","Locally Owned and Locally Controlled.  A Family Company!"
"Neighborhood Services","lynn.harmon@associa.us,lee.klimansky@associa.us,alexandra.turner@associa.us,MSmith@neighborhoodsplus.com","Edmond","OK","73003","Homeowners Association (50-99 units); Condominium Association (2-49 units); Condominium Association (50-99 units); Homeowners Association (100+ units); Condominium Association (100+ units)","Is your community reaching its potential? Discover the possibilities of life with Associa."
"Ithacor Management Inc","mark@ithacor.com","Cortland","NY","13045","Single Home or Condo (Valued up to $300K); Single Home or Condo ($300 to $500K); Single Home or Condo ($500K to $1 Million); Single Home or Condo (Over $1 Million); Multi-Family (2-4 units); Multi-Family (5-19 units); Multi-Family (20-99 units); Other Associations (Hotel, Resort etc.); Multi-Family (100+ units); Homeowners Association (2-49 units); Homeowners Association (50-99 units); Condominium Association (2-49 units); Condominium Association (50-99 units); Homeowners Association (100+ units); Condominium Association (100+ units); Mobile Home Community","A full service property management company serving the Central NY including Syracuse, Ithaca and Cor"
"Reside Rentals","manager@residerentals.com,andrea@residerentals.com","Logan","UT","84321","Single Home or Condo (Valued up to $300K); Single Home or Condo ($300 to $500K); Single Home or Condo ($500K to $1 Million); Single Home or Condo (Over $1 Million); Multi-Family (2-4 units); Multi-Family (5-19 units); Multi-Family (20-99 units); Vacation (1-2 units); Vacation (3+ units); Multi-Family (100+ units); Homeowners Association (2-49 units); Homeowners Association (50-99 units); Condominium Association (2-49 units); Condominium Association (50-99 units); Homeowners Association (100+ units); Condominium Association (100+ units)","Property Management in the Modern World"
"PMI Birdy Properties - Associations","hoaleads@birdy.com","San Antonio","TX","78258","Homeowners Association (2-49 units); Homeowners Association (50-99 units); Condominium Association (2-49 units); Condominium Association (50-99 units); Homeowners Association (100+ units); Condominium Association (100+ units)","Where Happy Communities Take Flight"
"Rise Association Management Group, LLC","john@riseamg.com,jason@riseamg.com,letsrise@riseamg.com,bethany@riseamg.com","Houston","TX","77098","Other Associations (Hotel, Resort etc.); Homeowners Association (2-49 units); Homeowners Association (50-99 units); Condominium Association (2-49 units); Condominium Association (50-99 units); Homeowners Association (100+ units); Condominium Association (100+ units)","Texas' Leader in HOA Management & Condo Association Management

Together, we RISE"
"Kansas City Property Solutions","april@kansascitypropertysolutions.com","Independence","MO","64052","Multi-Family (2-4 units); Multi-Family (5-19 units); Multi-Family (20-99 units); Homeowners Association (2-49 units); Homeowners Association (50-99 units); Homeowners Association (100+ units)","For everyone, we try to keep things simple and easy."
"GreyStone Property Management","bgatz@blackstonepropertymanagement.com,sales@greystoneprm.com","Southampton","NY","11968","Single Home or Condo (Valued up to $300K); Single Home or Condo ($300 to $500K); Single Home or Condo ($500K to $1 Million); Single Home or Condo (Over $1 Million); Multi-Family (2-4 units); Multi-Family (5-19 units); Multi-Family (20-99 units); Office (Up to 9,999 sqft); Office (10,000 - 100,000 sqft); Office (100,000+ sqft); Retail (Up to 9,999 sqft); Retail (10,000 - 100,000 sqft); Retail (100,000+ sqft); Multi-Family (100+ units); Homeowners Association (2-49 units); Homeowners Association (50-99 units); Condominium Association (2-49 units); Condominium Association (50-99 units); Homeowners Association (100+ units); Condominium Association (100+ units)","For All Your Commercial, Association and Residential Property Management Needs"
"VTE Consulting LLC","valentin@vteconsultingllc.com,office@vteconsultingllc.com","Hialeah","FL","33012","Retail (10,000 - 100,000 sqft); Warehouse/Distribution (Up to 100,000 sqft); Warehouse/Distribution (100,000+ sqft); Homeowners Association (2-49 units); Homeowners Association (50-99 units); Condominium Association (2-49 units); Condominium Association (50-99 units); Homeowners Association (100+ units); Condominium Association (100+ units)","Integrity Defines All Odds"
"Touchstone Property Management, CMCA,AMS","Brian@TouchstonePropertyManagement.org","Bellport","NY","11713","Homeowners Association (50-99 units); Condominium Association (50-99 units); Homeowners Association (100+ units); Condominium Association (100+ units)","We offer customized management programs based on your needs and budget considerations. Hands on appr"
"RealManage","support@www.realmanage.com-1.hs-inbox.com","Raleigh/Durham","NC","27615","Homeowners Association (100+ units); Condominium Association (100+ units)","Setting a New Standard for Community Management. We simplify HOA management so you can focus on what"
"RealManage","support@www.realmanage.com-1.hs-inbox.com","Seattle","WA","98107","Condominium Association (50-99 units); Homeowners Association (100+ units); Condominium Association (100+ units)","Setting a New Standard for Community Management. We simplify HOA management so you can focus on what"
"Alvic Property Management","info@alvicmgm.com","Manhattan","NY","10024","Homeowners Association (2-49 units); Homeowners Association (50-99 units); Condominium Association (2-49 units); Condominium Association (50-99 units); Homeowners Association (100+ units); Condominium Association (100+ units)","Serving the people behind the property."
"Cedar Management Group - South Carolina","sales@mycmg.com,celine@hoamservices.com,apm@mycmg.com,cminnix@gmail.com,marketingbot@camcollective.com","Mt Pleasant","SC","29466","Homeowners Association (2-49 units); Homeowners Association (50-99 units); Condominium Association (2-49 units); Condominium Association (50-99 units); Homeowners Association (100+ units); Condominium Association (100+ units)","Cedar Management Group is an Accredited Association Management Company with offices in NC, SC, TN, G"
"Goodwin & Company - Austin","mitch.krauss@goodwintx.com,derek.taylor@goodwintx.com","Austin","TX","78759","Other Associations (Hotel, Resort etc.); Homeowners Association (2-49 units); Homeowners Association (50-99 units); Condominium Association (2-49 units); Condominium Association (50-99 units); Homeowners Association (100+ units); Condominium Association (100+ units)","Don't Worry, We Got This!

Serving Texas since 1978"
"PMI of Rhode Island - Associations","ed@pmirhodeisland.com","Middletown","RI","02842","Homeowners Association (2-49 units); Homeowners Association (50-99 units); Condominium Association (2-49 units); Condominium Association (50-99 units); Homeowners Association (100+ units); Condominium Association (100+ units)","Making association management manageable."
"PMI North Dallas - Associations","oscar.pedrajo@pminorthdallas.com","Mckinney","TX","75070","Homeowners Association (2-49 units); Homeowners Association (50-99 units); Condominium Association (2-49 units); Condominium Association (50-99 units)","Exceptional team of Local Association
professionals,""Making 
Association Management Manageable"""
"PMI Top Florida Properties - Associations","fabio@topfloridaproperties.com","Miami","FL","33179","Homeowners Association (2-49 units); Homeowners Association (50-99 units); Condominium Association (2-49 units); Condominium Association (50-99 units)","Making association management manageable."
"DKM Realty, LLC","DKMREALTYLLCANDPROPMGMT@GMAIL.COM","Canton","OH","44718","Single Home or Condo (Valued up to $300K); Single Home or Condo ($300 to $500K); Single Home or Condo ($500K to $1 Million); Multi-Family (2-4 units); Multi-Family (5-19 units); Multi-Family (20-99 units); Multi-Family (100+ units); Homeowners Association (50-99 units); Condominium Association (50-99 units); Homeowners Association (100+ units); Condominium Association (100+ units); Mobile Home Community","Over 50 years combined experience to completely service your property management needs helping you m"
"PMI Properties-Association","andres@pmiprop.com","New City","NY","10956","Homeowners Association (2-49 units); Homeowners Association (50-99 units); Condominium Association (2-49 units); Condominium Association (50-99 units); Homeowners Association (100+ units); Condominium Association (100+ units)","Your LOCAL Rockland County – Real Estate EXPERTS
Making Property Management, Manageable!"
"Floridian Property Management","kmeagher@floridianproperty.net,amanda@summitmanagementpartners.com","Fleming Island","FL","32003","Homeowners Association (50-99 units); Condominium Association (50-99 units); Homeowners Association (100+ units); Condominium Association (100+ units)","A consistent leader among community association property management firms."
"Goodwin & CO","erin.baker@goodwin-co.com","Aurora","CO","80014","Homeowners Association (2-49 units); Homeowners Association (50-99 units); Condominium Association (2-49 units); Condominium Association (50-99 units); Homeowners Association (100+ units); Condominium Association (100+ units)","Providing a customizable & high level of service to a variety of condos, HOA's, onsite communities a"
"Towne Properties - Columbus","DerekWehman@TowneProperties.com,JohnRecob@TowneProperties.com","Worthington","OH","43085","Multi-Family (100+ units); Homeowners Association (50-99 units); Condominium Association (2-49 units); Condominium Association (50-99 units); Homeowners Association (100+ units); Condominium Association (100+ units)","Great Places to Live, Work, Shop, and Play!"
"Great Day Management, LLC","davidnicholson01@gmail.com,gerard@greatdaymanage.com","Richmond","VA","23229","Homeowners Association (2-49 units); Homeowners Association (50-99 units); Condominium Association (2-49 units); Condominium Association (50-99 units); Homeowners Association (100+ units); Condominium Association (100+ units)","Providing the full range of professional management services with a personal touch."
"Bay Property Management Group Philadelphia","danderson@baymgmtgroup.com,Jnattrass@bmgphilly.com","Philadelphia","PA","19125","Homeowners Association (2-49 units); Homeowners Association (50-99 units); Condominium Association (2-49 units); Condominium Association (50-99 units); Homeowners Association (100+ units); Condominium Association (100+ units)","Bay Management Group Philadelphia is a full-service property management company servicing the Greate"
"Oklahoma HOA Partner","sheila@hoppishomes.com","Oklahoma City","OK","73139","Other Associations (Hotel, Resort etc.); Homeowners Association (2-49 units); Homeowners Association (50-99 units); Condominium Association (2-49 units); Condominium Association (50-99 units); Homeowners Association (100+ units); Condominium Association (100+ units); Mobile Home Community","Oklahoma's Premier HOA Management Resource!  Specializing in a structured Association Management sys"
"Smith Management Group","dminer@smithmgmt.com,alexandra.turner@associa.us","Saint Louis","MO","63131","Homeowners Association (50-99 units); Condominium Association (50-99 units); Homeowners Association (100+ units); Condominium Association (100+ units)","Is your community reaching its potential? Discover the possibilities of life with Associa."
"Towne Properties","DerekWehman@TowneProperties.com,timothysnowden@towneproperties.com","Raleigh","NC","27615","Condominium Association (50-99 units); Homeowners Association (100+ units); Condominium Association (100+ units)","Great Places to Live, Work, Shop, and Play!"
"Signature Property Management","joy@lovespm.com","Omaha","NE","68154","Homeowners Association (50-99 units); Condominium Association (50-99 units); Homeowners Association (100+ units); Condominium Association (100+ units)","Good People Using Good Systems - Think of the 
Possibilities"
"Silvercreek Association Management - Bay Area","new-deal05dd25541e@newlead.leadsimple.com,james@sc-manage.com,kim@sc-manage.com","Walnut Creek","CA","94597","Homeowners Association (2-49 units); Homeowners Association (50-99 units); Condominium Association (2-49 units); Condominium Association (50-99 units); Homeowners Association (100+ units); Condominium Association (100+ units)","Empowering Your Community, Every Step of the Way."
"PMI Metroplex - Association","brian@metroplexpmi.com","Bedford","TX","76021","Homeowners Association (2-49 units); Homeowners Association (50-99 units); Homeowners Association (100+ units)","Making association management manageable."
"ResCom Property Management","mkenyon@rescom-mgt.com,vkenyon@rescom-mgt.com","Bradenton","FL","34210","Vacation (1-2 units); Vacation (3+ units); Homeowners Association (2-49 units); Homeowners Association (50-99 units); Condominium Association (50-99 units); Homeowners Association (100+ units); Condominium Association (100+ units)","We measure our success by the ability to elevate your expectations of what property management shoul"
"Empire Realty Services Group, Inc.","nicole.manges@empirers.com","Derby","NY","14006","Single Home or Condo (Valued up to $300K); Multi-Family (2-4 units); Multi-Family (5-19 units); Multi-Family (20-99 units); Office (Up to 9,999 sqft); Office (10,000 - 100,000 sqft); Office (100,000+ sqft); Retail (Up to 9,999 sqft); Retail (10,000 - 100,000 sqft); Retail (100,000+ sqft); Homeowners Association (2-49 units); Homeowners Association (50-99 units); Condominium Association (2-49 units); Condominium Association (50-99 units)","Currently managing over 200 properties."
"HOA Strategies","trever@hoastrategies.com,joseph@hoastrategies.com","Kaysville","UT","84037","Homeowners Association (2-49 units); Homeowners Association (50-99 units); Condominium Association (2-49 units); Condominium Association (50-99 units); Homeowners Association (100+ units); Condominium Association (100+ units)","HOA Management Done Right."
"Burg Management","tammy@burgmanagement.com,judithw@burgmanagement.com,stephen.wecksler@associa.us,alexandra.turner@associa.us","Panama City Beach","FL","32408","Homeowners Association (2-49 units); Homeowners Association (50-99 units); Condominium Association (2-49 units); Condominium Association (50-99 units); Homeowners Association (100+ units); Condominium Association (100+ units)","Is your community reaching its potential? Discover the possibilities of life with Associa."
"The Dartmouth Group","lschmitt@TheDartmouthGroup.com,Nick.buccola@associa.us,alexandra.turner@associa.us","Bedford","MA","01730","Homeowners Association (50-99 units); Condominium Association (2-49 units); Condominium Association (50-99 units); Homeowners Association (100+ units); Condominium Association (100+ units)","Is your community reaching its potential? Discover the possibilities of life with Associa."
"Evergreen Harvard","dboston@tpw.com,clebaron@evergreenmgt.com,nikki.bjerke@associa.us,ktheodoulou@evergreenmgt.com,alexandra.turner@associa.us","Bedford","NH","03110","Homeowners Association (50-99 units); Condominium Association (50-99 units); Homeowners Association (100+ units); Condominium Association (100+ units)","Is your community reaching its potential? Discover the possibilities of life with Associa."
"Pasadena Condominium Management (PCM)","info@pcmcondomgmt.com,prgirl830@gmail.com","Pasadena","CA","91114","Homeowners Association (2-49 units); Homeowners Association (50-99 units); Condominium Association (2-49 units); Condominium Association (50-99 units); Homeowners Association (100+ units); Condominium Association (100+ units)","Providing HOA management services to the
San Gabriel Valley and Los Angele area for over 25 years."
"ProRealtyUSA.com","darwin@prorealtymanager.com","New York","NY","10003","Single Home or Condo (Valued up to $300K); Single Home or Condo ($300 to $500K); Single Home or Condo ($500K to $1 Million); Single Home or Condo (Over $1 Million); Homeowners Association (2-49 units); Homeowners Association (50-99 units); Condominium Association (2-49 units); Condominium Association (50-99 units); Homeowners Association (100+ units); Condominium Association (100+ units)","ProRealty Property Management – Where Property Meets Performance.

We specialize in full-service man"
"RowCal | The Smarter Way to HOA - Minnesota","Sales@rowcal.com,Elena.Love@RowCal.com,cg71tii7@robot.zapier.com","Minneapolis","MN","55442","Single Home or Condo (Valued up to $300K); Single Home or Condo ($300 to $500K); Single Home or Condo ($500K to $1 Million); Multi-Family (2-4 units); Multi-Family (5-19 units); Multi-Family (20-99 units); Multi-Family (100+ units); Homeowners Association (2-49 units); Homeowners Association (50-99 units); Condominium Association (2-49 units); Condominium Association (50-99 units); Homeowners Association (100+ units); Condominium Association (100+ units)","Looking for a better HOA Management solution? You just found it."
"Blackbird Property Management","success@blackbirdpm.com,Billing@Blackbirdpm.com,new-deal76c8029dfd@newlead.leadsimple.com,new-deald23e3771ad@newlead.leadsimple.com","Oxon Hill","MD","20750","Single Home or Condo ($300 to $500K); Single Home or Condo ($500K to $1 Million); Multi-Family (20-99 units); Multi-Family (100+ units); Homeowners Association (50-99 units); Condominium Association (50-99 units); Homeowners Association (100+ units); Condominium Association (100+ units)","Elevated Property Management for Modern Investors in D.C., Maryland & Virginia

At Blackbird, we bri"
"RealManage","support@www.realmanage.com-1.hs-inbox.com","South Carolina","SC","29420","Homeowners Association (100+ units); Condominium Association (100+ units)","Setting a New Standard for Community Management. We simplify HOA management so you can focus on what"
"Precedent Hospitality and Property Management","wmurray@precedentmgt.com,jjordan@esplanadeequityllc.com","Fort Myers","FL","33919","Homeowners Association (50-99 units); Condominium Association (50-99 units); Homeowners Association (100+ units); Condominium Association (100+ units)","Setting the Highest Standards in Community Association Management"
"RealManage","support@www.realmanage.com-1.hs-inbox.com","Palm Desert","CA","92806","Homeowners Association (100+ units); Condominium Association (100+ units)","Setting a New Standard for Community Management. We simplify HOA management so you can focus on what"
"Silvercreek Association Management - San Jose","new-deal05dd25541e@newlead.leadsimple.com,james@sc-manage.com,kim@sc-manage.com","San Jose","CA","95101","Homeowners Association (2-49 units); Homeowners Association (50-99 units); Condominium Association (2-49 units); Condominium Association (50-99 units); Homeowners Association (100+ units); Condominium Association (100+ units)","Empowering Your Community, Every Step of the Way."
"Property Management International Greater Philadelphia/Homesmart Realty Advisors","msimmons@greaterphilapm.com,new-deal172ef8aaa4@newlead.leadsimple.com","Philadelphia","PA","19136","Single Home or Condo (Valued up to $300K); Single Home or Condo ($300 to $500K); Multi-Family (2-4 units); Multi-Family (5-19 units); Multi-Family (20-99 units); Homeowners Association (2-49 units); Homeowners Association (50-99 units); Condominium Association (2-49 units); Condominium Association (50-99 units); Homeowners Association (100+ units); Condominium Association (100+ units)","Making property management manageable."
"Florida 360","douglas@florida360mgmt.com,georgia@florida360mgmt.com,philip@florida360mgmt.com,marketing@florida360mgmt.com,tibor@florida360mgmt.com","Naples","FL","34103","Single Home or Condo (Valued up to $300K); Single Home or Condo ($300 to $500K); Single Home or Condo ($500K to $1 Million); Single Home or Condo (Over $1 Million); Multi-Family (2-4 units); Multi-Family (5-19 units); Office (Up to 9,999 sqft); Office (10,000 - 100,000 sqft); Office (100,000+ sqft); Retail (Up to 9,999 sqft); Retail (10,000 - 100,000 sqft); Retail (100,000+ sqft); Light Manufacturing (Up to 100,000 sqft); Light Manufacturing (100,000+ sqft); Warehouse/Distribution (Up to 100,000 sqft); Warehouse/Distribution (100,000+ sqft); Homeowners Association (2-49 units); Homeowners Association (50-99 units); Condominium Association (2-49 units); Condominium Association (50-99 units); Homeowners Association (100+ units); Condominium Association (100+ units)","We are a BBB A+ rating for many years. As a result, we have the tools and know-how to manage your pr"
"SVN TRCA Property Management","tylerstjohn@gmail.com,zack.fejes@svn.com","Pittsburgh","PA","15237","Single Home or Condo (Valued up to $300K); Single Home or Condo ($300 to $500K); Single Home or Condo ($500K to $1 Million); Single Home or Condo (Over $1 Million); Multi-Family (5-19 units); Multi-Family (20-99 units); Office (Up to 9,999 sqft); Office (10,000 - 100,000 sqft); Office (100,000+ sqft); Retail (Up to 9,999 sqft); Retail (10,000 - 100,000 sqft); Retail (100,000+ sqft); Light Manufacturing (Up to 100,000 sqft); Light Manufacturing (100,000+ sqft); Warehouse/Distribution (Up to 100,000 sqft); Warehouse/Distribution (100,000+ sqft); Multi-Family (100+ units); Homeowners Association (50-99 units); Condominium Association (50-99 units); Homeowners Association (100+ units); Condominium Association (100+ units)","Learn why finding the right property manager is an important step in leveraging your investment. Cal"
"Community Management Corp. - New Jersey","nikki.bjerke@associa.us,michael.ryan@associa.us,lbaldwin@associaonline.com","Fairfield","NJ","07004","Homeowners Association (50-99 units); Condominium Association (2-49 units); Condominium Association (50-99 units); Homeowners Association (100+ units); Condominium Association (100+ units)","Is your community reaching its potential? Discover the possibilities of life with Associa."
"Colby Management - Arizona","marcy.cowan@associa.us,rcolon@associaonline.com,lynn.harmon@associa.us,lee.klimansky@associa.us,alexandra.turner@associa.us","Sun City","AZ","85373","Homeowners Association (50-99 units); Condominium Association (2-49 units); Condominium Association (50-99 units); Homeowners Association (100+ units); Condominium Association (100+ units)","Is your community reaching its potential? Discover the possibilities of life with Associa."
"Blue Mountain Community Management","Lee.Klimansky@associa.us,gzuppa@associaonline.com,lbaldwin@associaonline.com,caren@bluemountaincommunity.com","Beaverton","OR","97006","Homeowners Association (50-99 units); Condominium Association (2-49 units); Condominium Association (50-99 units); Homeowners Association (100+ units); Condominium Association (100+ units)","Is your community reaching its potential? Discover the possibilities of life with Blue Mountain."
"Kentuckiana Property Management LLC","travis@kypmllc.com","Louisville","KY","40223","Single Home or Condo (Valued up to $300K); Single Home or Condo ($300 to $500K); Single Home or Condo ($500K to $1 Million); Single Home or Condo (Over $1 Million); Multi-Family (2-4 units); Multi-Family (5-19 units); Multi-Family (20-99 units); Multi-Family (100+ units); Homeowners Association (2-49 units); Homeowners Association (50-99 units); Condominium Association (2-49 units); Condominium Association (50-99 units); Homeowners Association (100+ units)","See why Louisville owners & tenants trust us with all their property needs.  We also specialize in m"
"Cedar Management Group","sales@emsohio.com,sales@emspm.com,cminnix@gmail.com,marketingbot@camcollective.com","Lexington","KY","40504","Homeowners Association (2-49 units); Homeowners Association (50-99 units); Condominium Association (2-49 units); Condominium Association (50-99 units); Homeowners Association (100+ units); Condominium Association (100+ units)","Cedar Management Group is an Accredited Association Management Company with offices in NC, SC, TN, G"
"Cedar Management Group - Indiana","cminnix@gmail.com,marketingbot@camcollective.com,ae@hoasales.com,sales@mycmg.com","Indianapolis","IN","46256","Homeowners Association (2-49 units); Homeowners Association (50-99 units); Condominium Association (2-49 units); Condominium Association (50-99 units); Homeowners Association (100+ units); Condominium Association (100+ units)","Cedar Management Group is an Accredited Association Management Company with offices in NC, SC, TN, G"
"Cedar Management Group","cminnix@gmail.com,marketingbot@camcollective.com,sales@mycmg.com,jshadrick@mycmg.com","Charleston","WV","25301","Homeowners Association (2-49 units); Homeowners Association (50-99 units); Condominium Association (2-49 units); Condominium Association (50-99 units); Homeowners Association (100+ units); Condominium Association (100+ units)","Cedar Management Group is an Accredited Association Management Company with offices in NC, SC, TN, G"
"RealManage","support@www.realmanage.com-1.hs-inbox.com","Atlanta","GA","30096","Homeowners Association (50-99 units); Condominium Association (50-99 units); Homeowners Association (100+ units); Condominium Association (100+ units)","Setting a New Standard for Community Management. We simplify HOA management so you can focus on what"
"The Hignell Companies - Associations","Tina@hignell.com,c.musler@hignell.com","Chico","CA","95928","Homeowners Association (50-99 units); Condominium Association (50-99 units); Homeowners Association (100+ units); Condominium Association (100+ units)","Celebrating our 78th year anniversary in business - Residential, Multifamily, Commercial and HOA Man"
"Tidewater Property Management - MD and DE","gwindisch@tidewaterproperty.com,dgentry@tidewaterproperty.com","Owings Mills","MD","21117","Homeowners Association (100+ units); Condominium Association (100+ units)","We're not just a management company - we're a resource! Contact our team to learn more!"
"Legum & Norman Resorts","ljohnson@legumnorman.com,kayla.hintz@associa.us,Nick.buccola@associa.us,alexandra.turner@associa.us","Ocean City","MD","21842","Homeowners Association (50-99 units); Condominium Association (50-99 units); Homeowners Association (100+ units); Condominium Association (100+ units)","Is your community reaching its potential? Discover the possibilities of life with Associa."
"RealManage","support@www.realmanage.com-1.hs-inbox.com","Southeast","FL","33065","Homeowners Association (100+ units); Condominium Association (100+ units)","Setting a New Standard for Community Management. We simplify HOA management so you can focus on what"
"RealManage","support@www.realmanage.com-1.hs-inbox.com","Southwest","FL","34229","Homeowners Association (50-99 units); Condominium Association (50-99 units); Homeowners Association (100+ units); Condominium Association (100+ units)","Setting a New Standard for Community Management. We simplify HOA management so you can focus on what"
"RealManage","support@www.realmanage.com-1.hs-inbox.com","Tampa","FL","33607","Homeowners Association (50-99 units); Condominium Association (50-99 units); Homeowners Association (100+ units); Condominium Association (100+ units)","Setting a New Standard for Community Management. We simplify HOA management so you can focus on what"
"RealtyWerx Property Management","info@realtywerxpm.com,troy@realtywerxpm.com","Watkinsville","GA","30677","Single Home or Condo (Valued up to $300K); Single Home or Condo ($300 to $500K); Single Home or Condo ($500K to $1 Million); Single Home or Condo (Over $1 Million); Homeowners Association (50-99 units); Condominium Association (50-99 units); Homeowners Association (100+ units); Condominium Association (100+ units)","Managing Homes Away From Home"
"Grant Property Management","mitchell@grantmgmt.com","Boca Raton","FL","33486","Office (Up to 9,999 sqft); Office (10,000 - 100,000 sqft); Office (100,000+ sqft); Retail (Up to 9,999 sqft); Retail (10,000 - 100,000 sqft); Homeowners Association (100+ units); Condominium Association (100+ units)","Full-service association management firm. Servicing: Commercial, HOA, & Condo Assocaitions for over "
"Associa Gulf Coast","sgawecki@associagulfcoast.com,npilafas@associagulfcoast.com,Nick.buccola@associa.us,alexandra.turner@associa.us","Tampa St. Petersburg Sarasota Longboat Key","FL","33912","Homeowners Association (50-99 units); Condominium Association (2-49 units); Condominium Association (50-99 units); Homeowners Association (100+ units); Condominium Association (100+ units)",""
"Iconic Property Management","Emily@iconicpm.com","San Diego","CA","92123","Single Home or Condo (Valued up to $300K); Single Home or Condo ($300 to $500K); Single Home or Condo ($500K to $1 Million); Single Home or Condo (Over $1 Million); Office (Up to 9,999 sqft); Office (10,000 - 100,000 sqft); Light Manufacturing (Up to 100,000 sqft); Warehouse/Distribution (Up to 100,000 sqft); Warehouse/Distribution (100,000+ sqft); Vacation (1-2 units); Vacation (3+ units); Other Associations (Hotel, Resort etc.); Homeowners Association (50-99 units); Condominium Association (2-49 units); Condominium Association (50-99 units); Homeowners Association (100+ units); Condominium Association (100+ units); Mobile Home Community","Comprehensive residential & HOA mgmt services, dedicated to maximizing property value & delivering e"
"Maxwell-Kates, Inc","akarabaic@associait.onmicrosoft.com,amarks@maxwellkates.com,nikki.bjerke@associa.us,alexandra.turner@associa.us","New York","NY","10016","Condominium Association (50-99 units); Condominium Association (100+ units)",""
"Partners Community Management Inc (HOA)","davidm@partnerscm.com,candiceb@partnerscm.com,maryi@partnerscm.com","Monterey Park","CA","91754","Multi-Family (5-19 units); Multi-Family (20-99 units); Multi-Family (100+ units); Homeowners Association (50-99 units); Condominium Association (50-99 units); Homeowners Association (100+ units); Condominium Association (100+ units)","Let us take care of the management...so you can enjoy your community!"
"Premier Association Services - Fort Lauderdale","Dale.Clappison@associait.onmicrosoft.com,alexandra.turner@associa.us","Coral Springs","FL","33065","Homeowners Association (50-99 units); Condominium Association (50-99 units); Homeowners Association (100+ units); Condominium Association (100+ units)",""
"Sandcastle Community Management","alexandra.turner@associa.us,swecksler@associaonline.com,Nick.buccola@associa.us,damians@sandcastlecm.com","Naples","FL","34109","Homeowners Association (50-99 units); Condominium Association (50-99 units); Homeowners Association (100+ units); Condominium Association (100+ units)",""
"Gordon James Realty","Jenna@gordonjamesrealty.com,thomas@realtymanager.org,matthew@gordonjamesrealty.com,elenaw@gordonjamesrealty.com,george@gordonjamesrealty.com","Washington","DC","20005","Single Home or Condo (Valued up to $300K); Single Home or Condo ($300 to $500K); Single Home or Condo ($500K to $1 Million); Single Home or Condo (Over $1 Million); Multi-Family (2-4 units); Multi-Family (5-19 units); Multi-Family (20-99 units); Office (Up to 9,999 sqft); Office (10,000 - 100,000 sqft); Office (100,000+ sqft); Retail (Up to 9,999 sqft); Retail (10,000 - 100,000 sqft); Retail (100,000+ sqft); Light Manufacturing (Up to 100,000 sqft); Light Manufacturing (100,000+ sqft); Warehouse/Distribution (Up to 100,000 sqft); Warehouse/Distribution (100,000+ sqft); Parking Garage; Multi-Family (100+ units); Homeowners Association (2-49 units); Homeowners Association (50-99 units); Condominium Association (2-49 units); Condominium Association (50-99 units); Homeowners Association (100+ units); Condominium Association (100+ units)","Reinventing Real Estate- Simple, Innovative, Proven"
"Goodwin & Company - Houston","mitch.krauss@goodwintx.com,kc.sterling@goodwintx.com,Cameron.Travis@Goodwintx.com","Spring","TX","77373","Other Associations (Hotel, Resort etc.); Homeowners Association (2-49 units); Homeowners Association (50-99 units); Condominium Association (2-49 units); Condominium Association (50-99 units); Homeowners Association (100+ units); Condominium Association (100+ units)","Don't Worry, We Got This!

Serving Texas since 1978"
"IPM HOA Management","bdorry@ipmhoa.com,lynn.harmon@associa.us,maria.rust@associa.us,melanie.hudson@associa.us,deidre.mccarthy@associa.us","Arden","NC","29704","Homeowners Association (50-99 units); Condominium Association (50-99 units); Homeowners Association (100+ units); Condominium Association (100+ units)",""
"PMI Bluebonnet Realty","steven@pmibluebonnetrealty.com,tara@pmibluebonnetrealty.com,new-deal77ff7a3c94@newlead.leadsimple.com","Blanco","TX","78606","Homeowners Association (2-49 units); Homeowners Association (50-99 units); Condominium Association (2-49 units); Condominium Association (50-99 units); Homeowners Association (100+ units); Condominium Association (100+ units)","PMI BLUEBONNET REALTY provides the high-quality customer service that only a LOCAL community manager"
"PMI Alliance","christian@pmialliance.com","Flower Mound","TX","75022","Homeowners Association (2-49 units); Homeowners Association (50-99 units); Condominium Association (2-49 units); Condominium Association (50-99 units); Homeowners Association (100+ units); Condominium Association (100+ units)","With over 20 years of real estate and property management experience, PMI Alliance delivers unmatche"
"All County Perimeter Property Management","garrett@allcountyperimeter.com","Atlanta","GA","30346","Single Home or Condo (Valued up to $300K); Single Home or Condo ($300 to $500K); Single Home or Condo ($500K to $1 Million); Single Home or Condo (Over $1 Million); Multi-Family (2-4 units); Multi-Family (5-19 units); Multi-Family (20-99 units); Multi-Family (100+ units); Homeowners Association (2-49 units); Homeowners Association (50-99 units); Condominium Association (2-49 units); Condominium Association (50-99 units); Homeowners Association (100+ units); Condominium Association (100+ units)","All County Perimeter Property Management, located in Atlanta, GA, offers comprehensive management se"
"RowCal | The Smarter Way to HOA - Colorado","Elena.Love@RowCal.com,sales@rowcal.com,cg71tii7@robot.zapier.com","Colorado Springs","CO","80907","Single Home or Condo (Valued up to $300K); Single Home or Condo ($300 to $500K); Single Home or Condo ($500K to $1 Million); Multi-Family (2-4 units); Multi-Family (5-19 units); Multi-Family (20-99 units); Multi-Family (100+ units); Homeowners Association (2-49 units); Homeowners Association (50-99 units); Condominium Association (2-49 units); Condominium Association (50-99 units); Homeowners Association (100+ units); Condominium Association (100+ units)","Looking for a better HOA Management solution? You just found it."
"Paradigm Realty","mgmt@paradigmrealty.com","Las Vegas","NV","89148","Single Home or Condo (Valued up to $300K); Single Home or Condo ($300 to $500K); Single Home or Condo ($500K to $1 Million); Single Home or Condo (Over $1 Million); Multi-Family (2-4 units); Multi-Family (5-19 units); Multi-Family (20-99 units); Homeowners Association (2-49 units); Homeowners Association (50-99 units); Condominium Association (2-49 units); Condominium Association (50-99 units)","8% Management Fees; Residential, Commercial, Condo/ High-Rise, and Multiplex!!!"
"Westcoast Management and Realty, Inc. - Associations","denise@wcmanagement.info,kim@wcmanagement.info","Tampa","fl","33618","Homeowners Association (50-99 units); Condominium Association (50-99 units); Homeowners Association (100+ units); Condominium Association (100+ units)","Committed to Service!"
"PMI Hudson Property Management - Associations","robert@pmihudson.com","White Plains","NY","10601","Homeowners Association (2-49 units); Homeowners Association (50-99 units); Condominium Association (2-49 units); Condominium Association (50-99 units); Homeowners Association (100+ units); Condominium Association (100+ units)","PMI Hudson Property Management has the tools and experience to provide stress free property manageme"
"Restoration Property Management","chad@restorationpm.com,joy@restorationpm.com","Hammond","LA","70404","Single Home or Condo (Valued up to $300K); Homeowners Association (2-49 units); Homeowners Association (50-99 units); Condominium Association (2-49 units); Condominium Association (50-99 units); Homeowners Association (100+ units); Condominium Association (100+ units)","Restoring the Heart of the Community"
"Homestead Property Management","frank@homesteadpm.com,kat@homesteadpm.com,sales@homesteadpm.com,christine@homesteadpm.com,jeff@homesteadpm.com","Novi","MI","48377","Homeowners Association (2-49 units); Homeowners Association (50-99 units); Condominium Association (2-49 units); Condominium Association (50-99 units); Homeowners Association (100+ units); Condominium Association (100+ units)","""Crafting unique services to meet your property needs and drive your success"""
"K&R Property Management","kenny@krhoautah.com","Lindon","UT","84042","Homeowners Association (2-49 units); Homeowners Association (50-99 units); Condominium Association (2-49 units); Condominium Association (50-99 units); Homeowners Association (100+ units); Condominium Association (100+ units)","We ANSWER our phones and call you back!!"
"Associa Arizona (Tucson)","claudia.oberthier@associa.us,dcastillo@associaarizona.com,alexandra.turner@associa.us,gzuppa@associaonline.com","Tucson","AZ","85704","Homeowners Association (50-99 units); Condominium Association (50-99 units); Homeowners Association (100+ units); Condominium Association (100+ units)",""
"Susquehanna Realty Management LLC - Associations","angela@susqrealty.com","Lancaster","PA","17603","Homeowners Association (2-49 units); Homeowners Association (50-99 units); Condominium Association (2-49 units); Condominium Association (50-99 units); Homeowners Association (100+ units); Condominium Association (100+ units)","Experts in residential property management, proudly serving Central PA since 2005."
"MAK Management, LLC","paul@makmanagementllc.com,megan@makmanagementllc.com","Olathe","KS","66062","Homeowners Association (2-49 units); Homeowners Association (50-99 units); Homeowners Association (100+ units)","Association management that is uncommonly close to the community!"
"PMI Louisville, Inc","todd@pmilouisville.com,hoa@pmilouisville.com,tobin@pmilouisville.com","Louisville","KY","40223","Single Home or Condo (Valued up to $300K); Single Home or Condo ($300 to $500K); Single Home or Condo ($500K to $1 Million); Single Home or Condo (Over $1 Million); Multi-Family (2-4 units); Multi-Family (5-19 units); Homeowners Association (2-49 units); Homeowners Association (50-99 units); Condominium Association (2-49 units); Condominium Association (50-99 units); Homeowners Association (100+ units); Condominium Association (100+ units)","Discover why PMI Louisville (LOO-a-vul) is the only choice for
Property Management!"
"Keystone Pacific Property Management-Ontario","","Irvine","CA","92606","Homeowners Association (100+ units); Condominium Association (100+ units)",""
"Vantage Asset Management","michele.working@gmail.com","Pasadena","CA","91101","Single Home or Condo (Valued up to $300K); Single Home or Condo ($300 to $500K); Single Home or Condo ($500K to $1 Million); Single Home or Condo (Over $1 Million); Multi-Family (2-4 units); Multi-Family (5-19 units); Multi-Family (20-99 units); Office (Up to 9,999 sqft); Office (10,000 - 100,000 sqft); Office (100,000+ sqft); Retail (Up to 9,999 sqft); Retail (10,000 - 100,000 sqft); Retail (100,000+ sqft); Multi-Family (100+ units); Homeowners Association (2-49 units); Homeowners Association (50-99 units); Condominium Association (2-49 units); Condominium Association (50-99 units); Homeowners Association (100+ units); Condominium Association (100+ units)","Vigilant Attentive Management System!"
"IN RHODES MANAGEMENT, INC","angela@inrhodes.com","Ann Arbor","MI","48104","Homeowners Association (50-99 units); Condominium Association (50-99 units); Homeowners Association (100+ units); Condominium Association (100+ units)","IRM specializes in the day to day management of Condominium and Homeowner Associations."
"Community Solutions Property Management","eric@csshoa.com,Lee.Klimansky@associa.us,aschauers@csshoa.com,Calvin@csshoa.com,lbaldwin@associaonline.com","Draper","UT","84020","Homeowners Association (50-99 units); Condominium Association (50-99 units); Homeowners Association (100+ units); Condominium Association (100+ units)",""
"Florida 360","douglas@florida360mgmt.com,marketing@florida360mgmt.com,tibor@florida360mgmt.com,philip@florida360mgmt.com,georgia@florida360mgmt.com","Fort Lauderdale","FL","33306","Single Home or Condo ($300 to $500K); Single Home or Condo ($500K to $1 Million); Single Home or Condo (Over $1 Million); Multi-Family (2-4 units); Multi-Family (5-19 units); Office (Up to 9,999 sqft); Office (10,000 - 100,000 sqft); Office (100,000+ sqft); Retail (Up to 9,999 sqft); Retail (10,000 - 100,000 sqft); Retail (100,000+ sqft); Light Manufacturing (Up to 100,000 sqft); Light Manufacturing (100,000+ sqft); Warehouse/Distribution (Up to 100,000 sqft); Warehouse/Distribution (100,000+ sqft); Homeowners Association (2-49 units); Homeowners Association (50-99 units); Condominium Association (2-49 units); Condominium Association (50-99 units); Homeowners Association (100+ units); Condominium Association (100+ units)","We are a BBB A+ rating for many years. As a result, we have the tools and know-how to manage your pr"
"Florida 360","douglas@florida360mgmt.com,marketing@florida360mgmt.com,georgia@florida360mgmt.com,tibor@florida360mgmt.com,philip@florida360mgmt.com","Miami","FL","33179","Single Home or Condo ($500K to $1 Million); Single Home or Condo (Over $1 Million); Multi-Family (2-4 units); Multi-Family (5-19 units); Office (Up to 9,999 sqft); Office (10,000 - 100,000 sqft); Office (100,000+ sqft); Retail (Up to 9,999 sqft); Retail (10,000 - 100,000 sqft); Retail (100,000+ sqft); Light Manufacturing (Up to 100,000 sqft); Light Manufacturing (100,000+ sqft); Warehouse/Distribution (Up to 100,000 sqft); Warehouse/Distribution (100,000+ sqft); Homeowners Association (2-49 units); Homeowners Association (50-99 units); Condominium Association (2-49 units); Condominium Association (50-99 units); Homeowners Association (100+ units); Condominium Association (100+ units)","We are a BBB A+ rating for many years. As a result, we have the tools and know-how to manage your pr"
"Cedar Management Group - Tennessee","sales@mycmg.com,celine@hoamservices.com,apm@mycmg.com,celine@hoamservices.com,cminnix@gmail.com","Knoxville","TN","37923","Homeowners Association (2-49 units); Homeowners Association (50-99 units); Condominium Association (2-49 units); Condominium Association (50-99 units); Homeowners Association (100+ units); Condominium Association (100+ units)","Cedar Management Group is an Accredited Association Management Company with offices in NC, SC, TN, G"
"Westward360 - Denver","erics@westward360.com,leads@westward360.com,miked@westward360.com","Denver","CO","80204","Homeowners Association (2-49 units); Homeowners Association (50-99 units); Condominium Association (2-49 units); Condominium Association (50-99 units); Homeowners Association (100+ units); Condominium Association (100+ units)","Holistic Property Management: from calm moments to crazy ones, our expertise is yours to lean on."
"Westward360 - Portland","ashdaoey@westward360.com,welcome@westward360.com,leads@westward360.com,ae@hoasales.com,marketingbot@camcollective.com","Portland","OR","97209","Homeowners Association (2-49 units); Homeowners Association (50-99 units); Condominium Association (2-49 units); Condominium Association (50-99 units); Homeowners Association (100+ units); Condominium Association (100+ units)","Holistic Property Management: from calm moments to crazy ones, our expertise is yours to lean on."
"American Property Management","lynn.harmon@associa.us,justin.callahan@associa.us,alexandra.turner@associa.us","Schaumburg","IL","60173","Single Home or Condo (Valued up to $300K); Single Home or Condo ($300 to $500K); Single Home or Condo ($500K to $1 Million); Single Home or Condo (Over $1 Million); Homeowners Association (50-99 units); Condominium Association (50-99 units); Homeowners Association (100+ units); Condominium Association (100+ units)",""
"Atlantic States Management, Inc.","lynn.harmon@associa.us,brian.pizzuti@associa.us,alexandra.turner@associa.us","Hilton Head","SC","29938","Single Home or Condo (Valued up to $300K); Single Home or Condo ($300 to $500K); Single Home or Condo ($500K to $1 Million); Single Home or Condo (Over $1 Million); Homeowners Association (50-99 units); Condominium Association (50-99 units); Homeowners Association (100+ units); Condominium Association (100+ units)",""
"SBB Management Company - Dallas","chris.harrison@goodwintx.com,v.burch@sbbmanagement.com,j.clark@sbbmanagement.com,j.sloan@sbbmanagement.com","Dallas","TX","75243","Homeowners Association (2-49 units); Homeowners Association (50-99 units); Condominium Association (2-49 units); Condominium Association (50-99 units); Homeowners Association (100+ units); Condominium Association (100+ units)","SBB Management Company, based in Dallas, TX, specializes in HOA management with a focus on quality o"
"PMI Reliance","dzisoff@hoapmi.com","Suwanee","GA","30024","Homeowners Association (2-49 units); Homeowners Association (50-99 units); Condominium Association (2-49 units); Condominium Association (50-99 units); Homeowners Association (100+ units); Condominium Association (100+ units)","PMI Reliance: Protecting, Maintaining, and Enhancing Your Community!"
"New World Properties LLC","millie.fernandez@new-world-properties.com","Columbia","SC","29201","Single Home or Condo (Valued up to $300K); Single Home or Condo ($300 to $500K); Single Home or Condo ($500K to $1 Million); Single Home or Condo (Over $1 Million); Multi-Family (20-99 units); Office (Up to 9,999 sqft); Office (10,000 - 100,000 sqft); Office (100,000+ sqft); Retail (Up to 9,999 sqft); Retail (10,000 - 100,000 sqft); Retail (100,000+ sqft); Multi-Family (100+ units); Homeowners Association (50-99 units); Condominium Association (50-99 units); Homeowners Association (100+ units); Condominium Association (100+ units)","Solving all of your property management needs!"
"Idaho HOA Management Inc","nick@idahohoa.com,virginia@idahohoa.com","Caldwell","ID","83605","Homeowners Association (2-49 units); Homeowners Association (50-99 units); Condominium Association (2-49 units); Condominium Association (50-99 units); Homeowners Association (100+ units); Condominium Association (100+ units)","Locally owned and operated.  Over 20 years expericence managing HOAs."
"Altus Property Partners","kevind@urbanrei.com,businessinquiries@urbanrei.com","Chicago","IL","60604","Multi-Family (2-4 units); Multi-Family (5-19 units); Multi-Family (20-99 units); Homeowners Association (2-49 units); Homeowners Association (50-99 units); Condominium Association (2-49 units); Condominium Association (50-99 units); Homeowners Association (100+ units); Condominium Association (100+ units)","Managing with Excellence: Property Management You Can Trust to Think Like an Owner."
"My Arizona HOA Manager","gpaielli@paiellirealty.com,new-deal8e86975b33@newlead.leadsimple.com,insidesales@paiellirealty.com","Tuscon","AZ","85711","Homeowners Association (2-49 units); Homeowners Association (50-99 units); Condominium Association (2-49 units); Condominium Association (50-99 units)","Let our 30 + years of experience go to work for you ! A+ BBB accredited, We make it Simple Not Compl"
"My Florida HOA Manager","gpaielli@paiellirealty.com,6027222139@vtext.com,new-deal73eb9a631d@newlead.leadsimple.com,insidesales@paiellirealty.com","Tampa","FL","33609","Homeowners Association (2-49 units); Homeowners Association (50-99 units); Condominium Association (2-49 units); Condominium Association (50-99 units)","Let our 30 + years of experience go to work for you ! A+ BBB accredited, We make it Simple Not Compl"
"PMI Austin Experts","katrina@pmiaustinexperts.com,anna@pmiaustinexperts.com","Lakeway","TX","78738","Single Home or Condo (Valued up to $300K); Single Home or Condo ($300 to $500K); Single Home or Condo ($500K to $1 Million); Single Home or Condo (Over $1 Million); Multi-Family (2-4 units); Multi-Family (5-19 units); Multi-Family (20-99 units); Multi-Family (100+ units); Homeowners Association (2-49 units); Homeowners Association (50-99 units); Homeowners Association (100+ units)","PMI Austin Experts- We make property management manageable"
"Shook & Tarlton","david.fontana@shook-Tarlton.com","Hickory","NC","28601","Multi-Family (20-99 units); Multi-Family (100+ units); Homeowners Association (2-49 units); Homeowners Association (50-99 units); Homeowners Association (100+ units)","Established 1958"
"PMI Buckeye Services","dingram893@pmibuckeyeservices.com","Lebanon","OH","45036","Homeowners Association (2-49 units); Homeowners Association (50-99 units); Condominium Association (2-49 units); Condominium Association (50-99 units); Homeowners Association (100+ units); Condominium Association (100+ units)","Enjoy Your Community.  We got the rest!"
"Westward360 - Las Vegas","ashdaoey@westward360.com,miked@westward360.com,erics@westward360.com","Las Vegas","NV","89129","Homeowners Association (2-49 units); Homeowners Association (50-99 units); Condominium Association (2-49 units); Condominium Association (50-99 units); Homeowners Association (100+ units); Condominium Association (100+ units)","Holistic Property Management: from calm moments to crazy ones, our expertise is yours to lean on."
"PMI Galveston Bay","michael@pmigalvestonbay.com,kbjggdum@mailparser.io,sales@pmigalvestonbay.com","League City","TX","77574","Single Home or Condo (Valued up to $300K); Single Home or Condo ($300 to $500K); Single Home or Condo ($500K to $1 Million); Single Home or Condo (Over $1 Million); Multi-Family (2-4 units); Vacation (1-2 units); Vacation (3+ units); Homeowners Association (2-49 units); Homeowners Association (50-99 units); Condominium Association (2-49 units); Condominium Association (50-99 units); Homeowners Association (100+ units); Condominium Association (100+ units)","The Best in Galveston and Brazoria Counties!"
"Greenhouse Management Association, LLC","al.perry@greenhousemgt.com","McKinney","TX","75071","Multi-Family (2-4 units); Multi-Family (5-19 units); Multi-Family (20-99 units); Multi-Family (100+ units); Homeowners Association (2-49 units); Homeowners Association (50-99 units); Condominium Association (2-49 units); Condominium Association (50-99 units); Homeowners Association (100+ units); Condominium Association (100+ units)","We promise to protect your property values and be honest and forthright stewards of your interests."
"PMI Scioto Metro","new-deal61d662820a@newlead.leadsimple.com","Columbus","OH","43212","Homeowners Association (50-99 units); Condominium Association (50-99 units); Homeowners Association (100+ units); Condominium Association (100+ units)","Columbus-based HOA and condo association management with the strength of PMI"
"Zeal Community - Condo & HOA Management","ryan@byzeal.com","Winter Park","FL","32789","Homeowners Association (2-49 units); Homeowners Association (50-99 units); Homeowners Association (100+ units)","2025 year-end incentives available!"
"RealManage","support@www.realmanage.com-1.hs-inbox.com","Phoenix","AZ","85048","Homeowners Association (100+ units); Condominium Association (100+ units)","Setting a New Standard for Community Management. We simplify HOA management so you can focus on what"
"RealManage","support@www.realmanage.com-1.hs-inbox.com","Charlotte","NC","28262","Homeowners Association (50-99 units); Condominium Association (50-99 units); Homeowners Association (100+ units); Condominium Association (100+ units)","Setting a New Standard for Community Management. We simplify HOA management so you can focus on what"
"RealManage","support@www.realmanage.com-1.hs-inbox.com","Sacramento","CA","94588","Homeowners Association (100+ units); Condominium Association (100+ units)","Setting a New Standard for Community Management. We simplify HOA management so you can focus on what"
"Legacy Community Services","jcarman@legacycommunityservice.com","Sterling","VA","20166","Homeowners Association (2-49 units); Homeowners Association (50-99 units); Condominium Association (2-49 units); Condominium Association (50-99 units); Homeowners Association (100+ units); Condominium Association (100+ units)","Creating Partnerships one association at a time !"
"CARMANI ENTERPRISES, LLC","david.proinvest@gmail.com","Winter Haven","FL","33881","Homeowners Association (50-99 units); Homeowners Association (100+ units)","Your Golden Rule Response Team"
"Encore Properties & Community Management, LLC","Kelly@encore-NC.com","Fuquay Varina","NC","27526","Homeowners Association (2-49 units); Homeowners Association (50-99 units); Homeowners Association (100+ units)","Excellent service for a low, flat rate!"
"My Arizona HOA Manager","insidesales@paiellirealty.com,6027222139@vtext.com,new-deal8e86975b33@newlead.leadsimple.com,gpaielli@paiellirealty.com","Phoenix","AZ","85053","Homeowners Association (2-49 units); Homeowners Association (50-99 units); Condominium Association (2-49 units); Condominium Association (50-99 units)","Let our 30 + years of experience go to work for you ! A+ BBB accredited, We make it Simple Not Compl"
"Kinetic Property Management","manager@kpmsobe.com","Miami Beach","FL","33119","Single Home or Condo (Valued up to $300K); Single Home or Condo ($300 to $500K); Single Home or Condo ($500K to $1 Million); Single Home or Condo (Over $1 Million); Multi-Family (2-4 units); Multi-Family (5-19 units); Multi-Family (20-99 units); Multi-Family (100+ units); Homeowners Association (2-49 units); Homeowners Association (50-99 units); Condominium Association (2-49 units); Condominium Association (50-99 units)","NOT YOUR TYPICAL MANAGEMENT.
WE GO THE EXTRA STEP TO INCREASE YOUR PROPERTY EFFICIENCY AND PROFITABI"
"HSM Realty & Property Managment","jjoseph@hsmsf.com,jmachado@hsmsf.com,hlin@hsmsf.com","San Francisco","CA","94117","Multi-Family (20-99 units); Multi-Family (100+ units); Homeowners Association (2-49 units); Homeowners Association (50-99 units); Homeowners Association (100+ units)","With over 60 years of experience HSM is a valued consultant to homeowners' associations and owner's "
"Arbella Properties Inc","jefforr423@gmail.com,brenda@arbellatn.com,new-deal767394386e@newlead.leadsimple.com","Johnson City","TN","37604","Single Home or Condo ($300 to $500K); Single Home or Condo ($500K to $1 Million); Single Home or Condo (Over $1 Million); Multi-Family (2-4 units); Multi-Family (5-19 units); Multi-Family (20-99 units); Vacation (1-2 units); Vacation (3+ units); Multi-Family (100+ units); Homeowners Association (2-49 units); Homeowners Association (50-99 units); Condominium Association (2-49 units); Condominium Association (50-99 units); Homeowners Association (100+ units); Condominium Association (100+ units)","Your full-service real estate firm offering brokerage, and property management services to the Tri-C"
"Somerset Association Management","awiles@somersetassociations.com,eslater@houcomm.com,alexandra.turner@associa.us,franes@somersetassociations.com","Fulton","TX","78336","Homeowners Association (50-99 units); Condominium Association (50-99 units); Homeowners Association (100+ units); Condominium Association (100+ units)",""
"ASSOCIATION MANAGEMENT, INC","Nthompson@amihome.net,ajaneashby@amihome.net,jrubelt@amihome.net,jrubelt@keystonepacific.com,Nthompson@keystonepacific.com","Meridian","ID","83646","Homeowners Association (50-99 units); Homeowners Association (100+ units)","Idaho's preferred community association management company"
"Full Circle Management, LLC","nickg@fullcirclemanage.com","Goodhue","MN","55027","Single Home or Condo (Valued up to $300K); Single Home or Condo ($300 to $500K); Single Home or Condo ($500K to $1 Million); Single Home or Condo (Over $1 Million); Multi-Family (2-4 units); Multi-Family (5-19 units); Multi-Family (20-99 units); Multi-Family (100+ units); Homeowners Association (2-49 units); Homeowners Association (50-99 units); Condominium Association (2-49 units); Condominium Association (50-99 units); Homeowners Association (100+ units); Condominium Association (100+ units)","Local Full Service Property Management Company"
"Signer Property Management","jasong@signerboston.com","Brookline","MA","02446","Multi-Family (5-19 units); Multi-Family (20-99 units); Multi-Family (100+ units); Condominium Association (2-49 units); Condominium Association (50-99 units); Condominium Association (100+ units)","Building Relationships"
"Key PA Property Management","anthony@keypapm.com,new-dealb9dcc6b825@newlead.leadsimple.com","Cochranville","PA","19330","Single Home or Condo (Valued up to $300K); Single Home or Condo ($300 to $500K); Single Home or Condo ($500K to $1 Million); Single Home or Condo (Over $1 Million); Multi-Family (2-4 units); Multi-Family (5-19 units); Multi-Family (20-99 units); Office (Up to 9,999 sqft); Office (10,000 - 100,000 sqft); Office (100,000+ sqft); Retail (Up to 9,999 sqft); Retail (10,000 - 100,000 sqft); Retail (100,000+ sqft); Warehouse/Distribution (Up to 100,000 sqft); Warehouse/Distribution (100,000+ sqft); Multi-Family (100+ units); Homeowners Association (2-49 units); Homeowners Association (50-99 units); Condominium Association (2-49 units); Condominium Association (50-99 units); Homeowners Association (100+ units); Condominium Association (100+ units)","Delaware County and Chester County Property Management You Can Trust"
"PMI Birmingham Region","brady@pmibirminghamregion.com","Vestavia Hills","AL","35216","Homeowners Association (2-49 units); Homeowners Association (50-99 units); Condominium Association (2-49 units); Condominium Association (50-99 units); Homeowners Association (100+ units); Condominium Association (100+ units)","Making Property Management Manageable!"
"Cedar Management Group - Virginia","julie@mycmg.com,sales@mycmg.com,apm@mycmg.com,celine@hoamservices.com,cminnix@gmail.com","Richmond","VA","23173","Homeowners Association (2-49 units); Homeowners Association (50-99 units); Condominium Association (2-49 units); Condominium Association (50-99 units); Homeowners Association (100+ units); Condominium Association (100+ units)","Cedar Management Group is an Accredited Association Management Company with offices in NC, SC, TN, G"
"Goodwin and Company - San Antonio","derek.taylor@goodwintx.com,Mitch.Krauss@Goodwintx.com","Austin","TX","78759","Other Associations (Hotel, Resort etc.); Homeowners Association (2-49 units); Homeowners Association (50-99 units); Condominium Association (2-49 units); Condominium Association (50-99 units); Homeowners Association (100+ units); Condominium Association (100+ units)","Don't Worry, We Got This!

Serving Texas Since 1978"
"Goodwin and Company - Dallas Fort Worth","Mitch.Krauss@Goodwintx.com,Matthew.Redmond@Goodwintx.com","Richardson","TX","75080","Other Associations (Hotel, Resort etc.); Homeowners Association (2-49 units); Homeowners Association (50-99 units); Condominium Association (2-49 units); Condominium Association (50-99 units); Homeowners Association (100+ units); Condominium Association (100+ units)","Goodwin and Company, serving Texas since 1978 from their Richardson, TX office, offers reliable prop"
"RedStar Property Partners (Condo)","erik@redstarpm.com","Chicago","IL","60647","Homeowners Association (2-49 units); Homeowners Association (50-99 units); Condominium Association (2-49 units); Condominium Association (50-99 units); Homeowners Association (100+ units); Condominium Association (100+ units)","Don't just work with another Manager; Work with a Property Partner!"
"PMI-Bayou City","ryan.trostad@pmibayoucity.com","Houston","TX","77084","Single Home or Condo (Valued up to $300K); Single Home or Condo ($300 to $500K); Single Home or Condo ($500K to $1 Million); Single Home or Condo (Over $1 Million); Homeowners Association (2-49 units); Homeowners Association (50-99 units); Homeowners Association (100+ units)","Making association management manageable!"
"Integrity HOA and Asset Management","lallis@integrityhoa.com","Denver","CO","80247","Office (Up to 9,999 sqft); Office (10,000 - 100,000 sqft); Office (100,000+ sqft); Homeowners Association (50-99 units); Condominium Association (50-99 units); Homeowners Association (100+ units); Condominium Association (100+ units)","Your Community is Our Community! Professional Customized HOA, Condo and Commercial Association Asset"
"Abacus Avenue Property Management","admin@abacusavenue.com","Hoboken","NJ","07030","Single Home or Condo (Valued up to $300K); Single Home or Condo ($300 to $500K); Single Home or Condo ($500K to $1 Million); Single Home or Condo (Over $1 Million); Multi-Family (2-4 units); Multi-Family (5-19 units); Multi-Family (20-99 units); Office (Up to 9,999 sqft); Office (10,000 - 100,000 sqft); Office (100,000+ sqft); Warehouse/Distribution (Up to 100,000 sqft); Warehouse/Distribution (100,000+ sqft); Vacation (1-2 units); Vacation (3+ units); Multi-Family (100+ units); Homeowners Association (2-49 units); Homeowners Association (50-99 units); Condominium Association (2-49 units); Condominium Association (50-99 units); Mobile Home Community","We know what is important to create, maintain, and protect value from many different angles."
"RealManage","support@www.realmanage.com-1.hs-inbox.com","San Diego","CA","92123","Homeowners Association (100+ units); Condominium Association (100+ units)","Setting a New Standard for Community Management. We simplify HOA management so you can focus on what"
"STK Realty","sayeda@stkrealty.com","Haymarket","VA","20168","Homeowners Association (2-49 units); Homeowners Association (50-99 units); Condominium Association (2-49 units); Condominium Association (50-99 units); Homeowners Association (100+ units); Condominium Association (100+ units)","Someone You Can Trust"
"STK Realty - Washington, DC","sayeda@stkrealty.com","Haymarket","VA","20168","Homeowners Association (2-49 units); Homeowners Association (50-99 units); Condominium Association (2-49 units); Condominium Association (50-99 units); Homeowners Association (100+ units); Condominium Association (100+ units)","Someone You Can Trust"
"Property Management by Design","jeffhorner@pm-bydesign.com","Ankeny","IA","50023","Homeowners Association (2-49 units); Homeowners Association (50-99 units); Condominium Association (2-49 units); Condominium Association (50-99 units); Homeowners Association (100+ units); Condominium Association (100+ units)","Design what works for your association with Property Management by Design!"
"Nesbitt Realty","will@nesbittrealty.com,john@nesbittrealty.com","Alexandria","VA","22307","Homeowners Association (2-49 units); Homeowners Association (50-99 units); Condominium Association (2-49 units); Condominium Association (50-99 units); Homeowners Association (100+ units); Condominium Association (100+ units)","A family-business serving Northern Virginia"
"Waterfield Property Management, LLC","sam@waterfield-pm.com,joemarie@waterfield-pm.com,aurielle@kallmertenre.com","Winchester","MA","01890","Multi-Family (2-4 units); Multi-Family (5-19 units); Homeowners Association (2-49 units); Homeowners Association (50-99 units); Condominium Association (2-49 units); Condominium Association (50-99 units)","Tech driven efficiency. Local knowledge & expertise."
"Greenacre Management","david@greenroadcap.com","Great Neck","NY","11021","Multi-Family (20-99 units); Multi-Family (100+ units); Homeowners Association (2-49 units); Homeowners Association (50-99 units); Homeowners Association (100+ units)","A boutique New York City property management firm experienced in luxury, mixed income, and affordabl"
"Nicodi Management","chantz.morris@nicodimanagement.com","Columbus","IN","47201","Single Home or Condo (Valued up to $300K); Single Home or Condo ($300 to $500K); Single Home or Condo ($500K to $1 Million); Single Home or Condo (Over $1 Million); Multi-Family (2-4 units); Multi-Family (5-19 units); Office (Up to 9,999 sqft); Office (10,000 - 100,000 sqft); Office (100,000+ sqft); Retail (Up to 9,999 sqft); Retail (10,000 - 100,000 sqft); Retail (100,000+ sqft); Light Manufacturing (Up to 100,000 sqft); Light Manufacturing (100,000+ sqft); Warehouse/Distribution (Up to 100,000 sqft); Warehouse/Distribution (100,000+ sqft); Parking Garage; Biotech/Mission-Critical; Homeowners Association (2-49 units); Homeowners Association (50-99 units); Homeowners Association (100+ units)","Your go to property managers!"
"Evolve Association Management","Contact@EvolveAM.com","Atlanta","GA","30316","Homeowners Association (2-49 units); Homeowners Association (50-99 units); Condominium Association (2-49 units); Condominium Association (50-99 units); Homeowners Association (100+ units); Condominium Association (100+ units)","Evolve Association Management offers top-tier association management services tailored specifically "
"Denali Property Management, Inc.","salesforce@denalipm.com","Chester","NJ","07930","Multi-Family (100+ units); Homeowners Association (50-99 units); Condominium Association (50-99 units); Homeowners Association (100+ units); Condominium Association (100+ units)","Denali Property Management, Inc., established in New Jersey & Eastern Pennsylvania, offers top-tier "
"GNO Property Management, LLC","Faith@gnoproperty.com,larae@gnoproperty.com,anne@gnoproperty.com","Harahan","LA","70123","Homeowners Association (2-49 units); Homeowners Association (50-99 units); Condominium Association (2-49 units); Condominium Association (50-99 units); Homeowners Association (100+ units); Condominium Association (100+ units)","Full-service management company dedicated to providing the highest quality customer service."
"GIM Property Management","leads@getgim.com","Upton","MA","01568","Single Home or Condo (Valued up to $300K); Single Home or Condo ($300 to $500K); Single Home or Condo ($500K to $1 Million); Single Home or Condo (Over $1 Million); Multi-Family (2-4 units); Multi-Family (5-19 units); Multi-Family (20-99 units); Multi-Family (100+ units); Homeowners Association (2-49 units); Homeowners Association (50-99 units); Condominium Association (2-49 units); Condominium Association (50-99 units)","GIM Property Management, located in Upton, MA, prides itself on being Massachusetts' most trustworth"
"Alliance Association Management","steven@thealliancemgt.com,allie@thealliancemgt.com","Temecula","CA","92590","Homeowners Association (2-49 units); Homeowners Association (50-99 units); Condominium Association (2-49 units); Condominium Association (50-99 units); Homeowners Association (100+ units); Condominium Association (100+ units)","Technology, Transparency, and Communication."
"Menas HOA Management, a Diversified Company","jmenas@menas.com","Orange County","CA","92108","Homeowners Association (2-49 units); Homeowners Association (50-99 units); Condominium Association (2-49 units); Condominium Association (50-99 units); Homeowners Association (100+ units); Condominium Association (100+ units)","We have been serving HOA communities since 1973 and we welcome the opportunity to add your community"
"Kahana Management","adrian@kahananyc.com","New York","NY","10168","Single Home or Condo ($300 to $500K); Single Home or Condo ($500K to $1 Million); Single Home or Condo (Over $1 Million); Multi-Family (20-99 units); Homeowners Association (2-49 units); Homeowners Association (50-99 units); Condominium Association (2-49 units); Condominium Association (50-99 units)","Property Management firm specializing in Multifamily, Coops and Condos"
"PMI Breck","scott@pmibreck.com,trace@pmibreck.com","BRECKENRIDGE","CO","80424","Office (Up to 9,999 sqft); Office (10,000 - 100,000 sqft); Office (100,000+ sqft); Retail (Up to 9,999 sqft); Retail (10,000 - 100,000 sqft); Retail (100,000+ sqft); Vacation (1-2 units); Vacation (3+ units); Other Associations (Hotel, Resort etc.); Homeowners Association (2-49 units); Homeowners Association (50-99 units); Condominium Association (2-49 units); Condominium Association (50-99 units); Homeowners Association (100+ units); Condominium Association (100+ units)","Experience The PMI Difference. Effective. Honest. Accurate. Available."
"Community Compass, LLC","andrea@communitycompassva.com","McGaheysville","VA","22840","Other Associations (Hotel, Resort etc.); Homeowners Association (2-49 units); Homeowners Association (50-99 units); Condominium Association (2-49 units); Condominium Association (50-99 units); Homeowners Association (100+ units); Condominium Association (100+ units)","Community Compass LLC is the only association management company in Harrisonburg, VA, led by a PCAM-"
"Ghertner & Company","julian.white@ghertner.com","Nashville","TN","37228","Homeowners Association (100+ units); Condominium Association (100+ units)","Emblem of Homeowner Association Management Excellence Since 1968"
"PMI Prestige","aorot@pmiprestige.com,alexander@pmiprestige.com","Katy","TX","77494","Homeowners Association (2-49 units); Homeowners Association (50-99 units); Condominium Association (2-49 units); Condominium Association (50-99 units); Homeowners Association (100+ units); Condominium Association (100+ units)","Your Association's Success is Our Priority"
"Watts Team Real Estate","uscwatts@gmail.com","Dana Point","CA","92629","Single Home or Condo ($500K to $1 Million); Single Home or Condo (Over $1 Million); Homeowners Association (50-99 units); Condominium Association (50-99 units)","Committed to providing exemplary service and communication to find the dream home you deserve."
"RowCal | The Smarter Way to HOA - Texas","Elena.Love@rowcal.com,Sales@rowcal.com,cg71tii7@robot.zapier.com","Austin","TX","78758","Homeowners Association (2-49 units); Homeowners Association (50-99 units); Condominium Association (2-49 units); Condominium Association (50-99 units); Homeowners Association (100+ units); Condominium Association (100+ units)","Looking for a better HOA Management solution? You just found it."
"RowCal | The Smarter Way to HOA - Illinois","Sales@rowcal.com,Elena.Love@RowCal.com,cg71tii7@robot.zapier.com","Arlington Heights","IL","60005","Homeowners Association (2-49 units); Homeowners Association (50-99 units); Condominium Association (2-49 units); Condominium Association (50-99 units); Homeowners Association (100+ units); Condominium Association (100+ units)","Looking for a better HOA Management solution? You just found it."
"Intempus Management","mforcier@intempus.net,ekorsunsky@intempus.net,zap.am@intempus.net","Sacramento","CA","94203","Homeowners Association (2-49 units); Homeowners Association (50-99 units); Condominium Association (2-49 units); Condominium Association (50-99 units); Homeowners Association (100+ units); Condominium Association (100+ units)","Trusted HOA Management for Sacramento Communities."
"SunWest Management","finance@swmlife.com","St. George","UT","84790","Homeowners Association (2-49 units); Homeowners Association (50-99 units); Homeowners Association (100+ units)","Creating Community...Welcome Home!"
"Westward360 - Milwaukee","leads@westward360.com,micheller@westward360.com","Milwaukee","WI","53202","Homeowners Association (2-49 units); Homeowners Association (50-99 units); Condominium Association (2-49 units); Condominium Association (50-99 units); Homeowners Association (100+ units); Condominium Association (100+ units)","Holistic Property Management:

from calm moments to crazy ones, our expertise is yours to lean on."
"Watkins Carter Property Management","brady@watkinscarter.com","Meridian","ID","83680","Homeowners Association (2-49 units); Homeowners Association (50-99 units); Condominium Association (2-49 units); Condominium Association (50-99 units); Homeowners Association (100+ units); Condominium Association (100+ units)","No days off!"
"PMI PHX SW","mu@pmiphxsw.com","Phoenix","AZ","85048","Homeowners Association (2-49 units); Homeowners Association (50-99 units); Condominium Association (2-49 units); Condominium Association (50-99 units)","HOA Management you can TRUST"
"PMI Cross Timbers","john@pmicrosstimbers.com,craig@pmicrosstimbers.com,new-deal5fe3645e80@newlead.leadsimple.com","Lewisville","TX","75067","Homeowners Association (2-49 units); Homeowners Association (50-99 units); Condominium Association (50-99 units); Homeowners Association (100+ units); Condominium Association (100+ units)","Welcome to PMI Cross Timbers: Redefining Excellence in Association Management."
"United Community Management","anthony@unitedcommunitymgt.com","ROYAL OAK","MI","48067","Homeowners Association (50-99 units); Condominium Association (50-99 units); Homeowners Association (100+ units); Condominium Association (100+ units)","We Make Community Management A Breeze!"
"Maudern Management","estelle@maudernmgmt.com","Dallas","TX","75208","Homeowners Association (2-49 units); Homeowners Association (50-99 units); Condominium Association (2-49 units); Condominium Association (50-99 units); Homeowners Association (100+ units)","Managing associations in thriving communities."
"PMI Northeast Atlanta","kent@pmi-neatl.com,new-deald654cb7164@newlead.leadsimple.com","Suwanee","GA","30024","Homeowners Association (100+ units); Condominium Association (100+ units)","PMI Northeast Atlanta, located in Suwanee, GA, offers full-service Association management services. "
"EJF Real Estate Services","lynn.simpson@ejfrealestate.com,ysy3lgdf@robot.zapier.com,melissa.bagherian@ejfrealestate.com,richen.padiz@ejfrealestate.com","Washington","DC","20009","Other Associations (Hotel, Resort etc.); Homeowners Association (2-49 units); Homeowners Association (50-99 units); Condominium Association (2-49 units); Condominium Association (50-99 units); Homeowners Association (100+ units); Condominium Association (100+ units)","""At EJF Real Estate Services, we're your trusted partners for exceptional property management in DC"
