Name,Email,City,State,Zip,Property Types,Tagline
"Great North Property Management","justin.gargiulo@greatnorth.net","Exeter","NH","03833","Office (10,000 - 100,000 sqft); Office (100,000+ sqft); Homeowners Association (50-99 units); Condominium Association (50-99 units); Homeowners Association (100+ units); Condominium Association (100+ units)","Locally Owned and Locally Controlled.  A Family Company!"
"MC Property Management Corporation","leslie@mcpmc.com,ashley@mcpmc.com","Lemont","IL","60439","Condominium Association (50-99 units); Homeowners Association (100+ units); Condominium Association (100+ units)","Customized service to fit your association's needs."
"Optimum Professional Property Management, Inc.","partnerwithus@optimumpm.com","Irvine","CA","92602","Homeowners Association (50-99 units); Condominium Association (50-99 units); Homeowners Association (100+ units); Condominium Association (100+ units)","YOUR VISION OUR MISSION  - ""Our transition to Optimum has been seamless"" - Board of Directors"
"The Cooper Company","bobb@thecooperco.com,taylerg@thecooperco.com","Modesto","CA","95355","Homeowners Association (2-49 units); Homeowners Association (50-99 units); Condominium Association (2-49 units); Condominium Association (50-99 units); Homeowners Association (100+ units); Condominium Association (100+ units)","Real-World Management - Improving Our Community - 
One 
Partnership at a Time"
"EJF Real Estate Services","lynn.simpson@ejfrealestate.com,ysy3lgdf@robot.zapier.com,melissa.bagherian@ejfrealestate.com,richen.padiz@ejfrealestate.com","Washington","DC","20009","Other Associations (Hotel, Resort etc.); Homeowners Association (2-49 units); Homeowners Association (50-99 units); Condominium Association (2-49 units); Condominium Association (50-99 units); Homeowners Association (100+ units); Condominium Association (100+ units)","EJF Real Estate Services is the leader in association management throughout Washington DC, Maryland,"
"Associa Arizona (Scottsdale)","Michael.Arrington@associaarizona.com,dcastillo@associaarizona.com,gzuppa@associaonline.com,mitch.armstrong@associa.us,Lee.Klimansky@associa.us","Tucson/Scottsdale","AZ","85704","Homeowners Association (50-99 units); Condominium Association (50-99 units); Homeowners Association (100+ units); Condominium Association (100+ units)","Is your community reaching its potential? Discover the possibilities of life with Associa."
"Houston Community Management Services, Inc.","erica.slater@associa.us,alexandra.turner@associa.us,erica.morgan@associa.us","Greater Houston Market","TX","77058","Homeowners Association (50-99 units); Condominium Association (50-99 units); Homeowners Association (100+ units); Condominium Association (100+ units)","Is your community reaching its potential? Discover the possibilities of life with Associa."
"Community Group","coleen.hillen@associa.us,cbritton@communitygroup.com,Nick.buccola@associa.us,alexandra.turner@associa.us","Glen Allen","VA","23060","Homeowners Association (50-99 units); Condominium Association (50-99 units); Homeowners Association (100+ units); Condominium Association (100+ units)","Is your community reaching its potential? Discover the possibilities of life with Associa."
"Associa","Matthew.Briguglio@associa.us,alexandra.turner@associa.us,ashley.c.miller@associa.us","Novi","MI","48375","Homeowners Association (50-99 units); Condominium Association (50-99 units); Homeowners Association (100+ units); Condominium Association (100+ units)","Is your community reaching its potential? Discover the possibilities of life with Associa."
"Community Association Services of Indiana","jfreeman@cas-indiana.com,alexandra.turner@associa.us,nikki.bjerke@associa.us,kayla.hintz@associa.us","Fishers","IN","46038","Homeowners Association (50-99 units); Condominium Association (50-99 units); Homeowners Association (100+ units); Condominium Association (100+ units)","Is your community reaching its potential? Discover the possibilities of life with Associa."
"Associa Tennessee ","mary.herrick@associa.us,john.hensley@associa.us,Nick.buccola@associa.us,alexandra.turner@associa.us","Brentwood, Nashville, Murfreesboro, Knoxville","TN","37027","Homeowners Association (50-99 units); Condominium Association (50-99 units); Homeowners Association (100+ units); Condominium Association (100+ units)","Is your community reaching its potential? Discover the possibilities of life with Associa."
"Washington DC","alexandra.turner@associa.us,nick.buccola@associa.us","DC, MD, VA, DE","VA","22033","Homeowners Association (50-99 units); Condominium Association (50-99 units); Homeowners Association (100+ units); Condominium Association (100+ units)","Is your community reaching its potential? Discover the possibilities of life with Associa."
"Principal Management Group North Texas","kmunson@somersetassociations.com,drobinson@associanortherncalifornia.com,alexandra.turner@associa.us,kwalker@principal-mgmt.com","Dallas","TX","75251","Homeowners Association (50-99 units); Condominium Association (50-99 units); Homeowners Association (100+ units); Condominium Association (100+ units)","Principal Management Group North Texas, located in Dallas, TX, partners with Associa to provide exce"
"Association Services of Florida","alexandra.turner@associa.us,stephen.wecksler@associa.us,srichardson@associaflorida.com,Nick.buccola@associa.us","Miramar, Sunrise, Coral Springs","FL","33025 ","Homeowners Association (50-99 units); Condominium Association (2-49 units); Condominium Association (50-99 units); Homeowners Association (100+ units); Condominium Association (100+ units)","Is your community reaching its potential? Discover the possibilities of life with Associa.."
"Associa Hill Country","alexandra.turner@associa.us,stephen.wecksler@associa.us,mhernandez@associahillcountry.com","Austin, San Antonio","TX","78258","Homeowners Association (50-99 units); Condominium Association (50-99 units); Homeowners Association (100+ units); Condominium Association (100+ units)","Is your community reaching its potential? Discover the possibilities of life with Associa."
"Associa Mid-Atlantic","nikki.bjerke@associa.us,Joanne.Granozio@associamidatlantic.com,tsteedley@associamidatlantic.com,jbittencourt@associamidatlantic.com,alexandra.turner@associa.us","Serving entire Mid-Atlantic","NJ","08054","Homeowners Association (50-99 units); Condominium Association (50-99 units); Homeowners Association (100+ units); Condominium Association (100+ units)","Is your community reaching its potential? Discover the possibilities of life with Associa.."
"EJF Real Estate Services","lynn.simpson@ejfrealestate.com,ysy3lgdf@robot.zapier.com,melissa.bagherian@ejfrealestate.com,richen.padiz@ejfrealestate.com","Washington","DC","20009","Other Associations (Hotel, Resort etc.); Homeowners Association (2-49 units); Homeowners Association (50-99 units); Condominium Association (2-49 units); Condominium Association (50-99 units); Homeowners Association (100+ units); Condominium Association (100+ units)","""At EJF Real Estate Services, we're your trusted partners for exceptional property management in DC"
"Beven and Brock","Fin.Beven@BevenandBrock.com","Pasadena","CA","91101","Single Home or Condo (Valued up to $300K); Single Home or Condo ($300 to $500K); Multi-Family (2-4 units); Multi-Family (5-19 units); Multi-Family (20-99 units); Homeowners Association (2-49 units); Homeowners Association (50-99 units); Condominium Association (2-49 units); Condominium Association (50-99 units); Homeowners Association (100+ units); Condominium Association (100+ units)","Beven & Brock is the largest full-service property management company operating in the San Gabriel V"
"mem property management corporation","martin.laderman@memproperty.com,mkl@memproperty.com","Ridgefield Park","NJ","07660","Multi-Family (20-99 units); Multi-Family (100+ units); Homeowners Association (50-99 units); Condominium Association (50-99 units); Homeowners Association (100+ units); Condominium Association (100+ units)","mem property management corporation, based in Ridgefield Park, NJ, prioritizes operating each proper"
"Cedar Management Group - North Carolina","sales@mycmg.com,julie@mycmg.com,apm@mycmg.com,cminnix@gmail.com,celine@mycmg.com","Charlotte","NC","28269","Homeowners Association (2-49 units); Homeowners Association (50-99 units); Condominium Association (2-49 units); Condominium Association (50-99 units); Homeowners Association (100+ units); Condominium Association (100+ units)","Cedar Management Group is an Accredited Association Management Company with offices in NC, SC, TN, G"
"Alliant Association Management","j.busa@alliantproperty.com,kglick@alliantproperty.com","Fort Myers","FL","33907","Homeowners Association (100+ units); Condominium Association (100+ units); Mobile Home Community","Community Management
We Specialize in Master Planned Communities, Cooperatives, Homeowner and Condom"
"Towne Properties","DerekWehman@TowneProperties.com,JohnRecob@TowneProperties.com,marylynnkalbli@towneproperties.com","Cincinnati","OH","45202","Multi-Family (100+ units); Homeowners Association (50-99 units); Condominium Association (2-49 units); Condominium Association (50-99 units); Homeowners Association (100+ units); Condominium Association (100+ units)","Great Places to Live, Work, Shop & Play."
"M&M Property Services & Management","brucemills@bmrealtor.com,robert.dean2@comcast.net,chad@mmproperties.com","Sacramento","CA","95815","Single Home or Condo ($300 to $500K); Single Home or Condo ($500K to $1 Million); Multi-Family (2-4 units); Multi-Family (5-19 units); Multi-Family (20-99 units); Homeowners Association (100+ units); Condominium Association (100+ units)","""You Invest and We Do the Rest"". 40 yrs of experience, Our unique feature, Single Point of Contact"
"Towne Properties","DerekWehman@TowneProperties.com,JohnRecob@TowneProperties.com","Erlanger","KY","41018","Multi-Family (100+ units); Homeowners Association (50-99 units); Condominium Association (50-99 units); Homeowners Association (100+ units); Condominium Association (100+ units)","Great Places to Live, Work, Shop and Play!"
"CSA Management Inc.","andrew@csarealtygroup.com","Austin","TX","78759","Multi-Family (5-19 units); Multi-Family (20-99 units); Office (Up to 9,999 sqft); Office (10,000 - 100,000 sqft); Office (100,000+ sqft); Retail (Up to 9,999 sqft); Retail (10,000 - 100,000 sqft); Retail (100,000+ sqft); Light Manufacturing (Up to 100,000 sqft); Light Manufacturing (100,000+ sqft); Warehouse/Distribution (Up to 100,000 sqft); Warehouse/Distribution (100,000+ sqft); Parking Garage; Multi-Family (100+ units); Homeowners Association (50-99 units); Condominium Association (50-99 units); Homeowners Association (100+ units); Condominium Association (100+ units)","We offer unique, flexible, & individually tailored Management solutions to each client's particular "
"Reese Management Company","info@ReeseManagement.com","King of Prussia","PA","19406","Homeowners Association (50-99 units); Condominium Association (50-99 units); Homeowners Association (100+ units); Condominium Association (100+ units)","Reese Management provides the most professional management of Homeowner Associations (HOA's) and Con"
"Cities Management","alexandra.turner@associa.us,erike@citiesmanagement.com,nikki.bjerke@associa.us,lbaldwin@associaonline.com,eric.gronli@associaminnesota.com","Western Wisconsin","WI","53118","Homeowners Association (50-99 units); Condominium Association (50-99 units); Homeowners Association (100+ units); Condominium Association (100+ units)","Is your community reaching its potential? Discover the possibilities of life with Associa."
"RealManage","support@www.realmanage.com-1.hs-inbox.com","Austin","TX","78729","Homeowners Association (50-99 units); Condominium Association (50-99 units); Homeowners Association (100+ units); Condominium Association (100+ units)","Setting a New Standard for Community Management. We simplify HOA management so you can focus on what"
"RealManage","support@www.realmanage.com-1.hs-inbox.com","San Francisco/Bay Area","CA","94947","Homeowners Association (50-99 units); Condominium Association (50-99 units); Homeowners Association (100+ units); Condominium Association (100+ units)","Setting a New Standard for Community Management. We simplify HOA management so you can focus on what"
"Pristine Property Management","excel@pristineprop.com,Mrhhuntersnbmanagement@gmail.com","Downey","CA","90240","Single Home or Condo (Valued up to $300K); Single Home or Condo ($300 to $500K); Single Home or Condo ($500K to $1 Million); Single Home or Condo (Over $1 Million); Multi-Family (2-4 units); Multi-Family (5-19 units); Multi-Family (20-99 units); Office (Up to 9,999 sqft); Office (10,000 - 100,000 sqft); Office (100,000+ sqft); Multi-Family (100+ units); Homeowners Association (2-49 units); Homeowners Association (50-99 units); Condominium Association (2-49 units); Condominium Association (50-99 units); Homeowners Association (100+ units); Condominium Association (100+ units)","Pristine was established by the request of 
property owners looking 
for ""Stress-Free"" managemen"
"RealManage","support@www.realmanage.com-1.hs-inbox.com","Houston","TX","77079","Homeowners Association (50-99 units); Condominium Association (50-99 units); Homeowners Association (100+ units); Condominium Association (100+ units)","Setting a New Standard for Community Management. We simplify HOA management so you can focus on what"
"Westport Properties, Inc.","creiter@westport-mn.com,jessica@westport-mn.com","Bloomington","MN","55425","Multi-Family (20-99 units); Multi-Family (100+ units); Homeowners Association (50-99 units); Condominium Association (50-99 units); Homeowners Association (100+ units); Condominium Association (100+ units)","Celebrating over 30 plus years, remembering what is important to you is important to us."
"DTA Community Management Services, Inc.","stephanie@webdta.com,kelly@webdta.com,todd@webdta.com","Conroe","TX","77304","Homeowners Association (2-49 units); Homeowners Association (50-99 units); Condominium Association (2-49 units); Condominium Association (50-99 units); Homeowners Association (100+ units); Condominium Association (100+ units)","DTA provides community management solutions custom tailored for your association."
"Westward360","miked@westward360.com,leads@westward360.com,ae@hoasales.com,marketingbot@camcollective.com,ashdaoey@westward360.com","Chicago","IL","60614","Single Home or Condo (Valued up to $300K); Single Home or Condo ($300 to $500K); Single Home or Condo ($500K to $1 Million); Single Home or Condo (Over $1 Million); Multi-Family (2-4 units); Multi-Family (5-19 units); Multi-Family (20-99 units); Multi-Family (100+ units); Homeowners Association (2-49 units); Homeowners Association (50-99 units); Condominium Association (2-49 units); Condominium Association (50-99 units); Homeowners Association (100+ units); Condominium Association (100+ units)","Holistic Property Management:

from calm moments to crazy ones, our expertise is yours to lean on."
"Associa Hawaii","pauli@associahawaii.com,arnold@associahawaii.com,phyllis@associahawaii.com,alexandra.turner@associa.us","Honolulu, Kapaa, Kailua, Kona","HI","96813","Homeowners Association (50-99 units); Condominium Association (50-99 units); Homeowners Association (100+ units); Condominium Association (100+ units)","Is your community reaching its potential? Discover the possibilities of life with Associa."
"Canyon Gate Real Estate Services","KEggleston@cgres.com,lynn.harmon@associa.us,alexandra.turner@associa.us,Kayla.Hintz@associa.us","Albuquerque","NM","87199","Homeowners Association (50-99 units); Condominium Association (50-99 units); Homeowners Association (100+ units); Condominium Association (100+ units)","Is your community reaching its potential? Discover the possibilities of life with Associa."
"Associa Gulf Coast","nicholas.pilafas@associa.us,sgawecki@associagulfcoast.com,Nick.buccola@associa.us,alexandra.turner@associa.us,marc.scoleri@associa.us","Naples, Ft. Myers, Punta Gorda","FL","33912","Homeowners Association (50-99 units); Condominium Association (2-49 units); Condominium Association (50-99 units); Homeowners Association (100+ units); Condominium Association (100+ units)","Is your community reaching its potential? Discover the possibilities of life with Associa."
"Colorado Association Services","lynn.harmon@associa.us,jfield@msihoa.com,stephen.wecksler@associa.us","Lakewood, Fort Collins, Colorado Springs","CO","80401","Homeowners Association (50-99 units); Condominium Association (2-49 units); Condominium Association (50-99 units); Homeowners Association (100+ units); Condominium Association (100+ units)","Is your community reaching its potential? Discover the possibilities of life with Associa."
"EMB Management","kledbetter@embmanagement.com,gzuppa@associaonline.com,lbaldwin@associaonline.com","Bellevue, Seattle, Statewide","WA","98004","Homeowners Association (50-99 units); Condominium Association (50-99 units); Homeowners Association (100+ units); Condominium Association (100+ units)","Is your community reaching its potential? Discover the possibilities of life with Associa."
"HRW, Inc.","kayla.hintz@associa.us,lynn.harmon@associa.us,alexandra.turner@associa.us","Cary, Raleigh","NC","27513","Homeowners Association (50-99 units); Condominium Association (50-99 units); Homeowners Association (100+ units); Condominium Association (100+ units)","Is your community reaching its potential? Discover the possibilities of life with Associa."
"Associa Northern California","gina.bocage@associa.us,lynn.harmon@associa.us,maria.rust@associa.us,Scott.Hubbard@associa.us,lbaldwin@associaonline.com","Serving all of Northern California","CA","94559","Homeowners Association (50-99 units); Condominium Association (50-99 units); Homeowners Association (100+ units); Condominium Association (100+ units)","Is your community reaching its potential? Discover the possibilities of life with Associa."
"Associa","lynn.harmon@associa.us,stephen.wecksler@associa.us,alexandra.turner@associa.us,John.cooperlara@associa.us,Mitch.Armstrong@associa.us","Serving Southern California","CA","92121","Homeowners Association (50-99 units); Condominium Association (50-99 units); Homeowners Association (100+ units); Condominium Association (100+ units)","Is your community reaching its potential? Discover the possibilities of life with Associa."
"Real Property Management & CMS","alexandra.turner@associa.us,evan.pandell@associa.us,Preston.Steele@associa.us,Maria.Rust@associa.us,melissa.elick@associa.ca","Lewis Center, Greater Columbus Market","OH","43035","Homeowners Association (50-99 units); Condominium Association (50-99 units); Homeowners Association (100+ units); Condominium Association (100+ units)","Real Property Management & CMS, located in Lewis Center, Greater Columbus Market, OH, prioritizes ex"
"Homeside Properties","jarterbury@homesideproperties.com,MHilliard@homesideproperties.com,alexandra.turner@associa.us","Alpharetta, Atlanta","GA","30004","Homeowners Association (50-99 units); Condominium Association (50-99 units); Homeowners Association (100+ units); Condominium Association (100+ units)","Is your community reaching its potential? Discover the possibilities of life with Associa."
"Ashoka Lion","Jay.Raman@ashokalion.com,alice.riley@ashokalion.com,associationmanager@ashokalion.com","Houston","TX","77056","Homeowners Association (2-49 units); Homeowners Association (50-99 units); Homeowners Association (100+ units)","Let the Lion help for all your homeowner and townhome association services in the Houston and Dallas"
"Great North Property Management","justin.gargiulo@greatnorth.net","Peabody","MA","01960","Office (10,000 - 100,000 sqft); Office (100,000+ sqft); Homeowners Association (50-99 units); Condominium Association (50-99 units); Homeowners Association (100+ units); Condominium Association (100+ units)","Locally Owned and Locally Controlled.  A Family Company!"
"Great North Property Management","justin.gargiulo@greatnorth.net","Kittery","ME","03904","Office (10,000 - 100,000 sqft); Office (100,000+ sqft); Homeowners Association (50-99 units); Condominium Association (50-99 units); Homeowners Association (100+ units); Condominium Association (100+ units)","Locally Owned and Locally Controlled.  A Family Company!"
"Great North Property Management","justin.gargiulo@greatnorth.net","Killington","VT","05751","Office (10,000 - 100,000 sqft); Office (100,000+ sqft); Homeowners Association (50-99 units); Condominium Association (50-99 units); Homeowners Association (100+ units); Condominium Association (100+ units)","Locally Owned and Locally Controlled.  A Family Company!"
"Barnett Management Inc.","david@barnettmanagement.com","Twinsburg","OH","44087","Homeowners Association (50-99 units); Condominium Association (50-99 units); Homeowners Association (100+ units); Condominium Association (100+ units)","We Make Your Community Our Family!"
"Tidewater Property Management","gwindisch@tidewaterproperty.com","Owings Mills","MD","21117","Homeowners Association (100+ units); Condominium Association (100+ units)","We're not just a management company - we're a resource! Contact our team to learn more!"
"Signature Property Management","joy@lovespm.com","Lenexa","KS","66215","Homeowners Association (50-99 units); Condominium Association (50-99 units); Homeowners Association (100+ units); Condominium Association (100+ units)","Good People Using Good Systems - Think of the 
Possibilities 
"
"API Property Management","Info@APIManagement.net","Laguna Hills","CA","92653","Homeowners Association (2-49 units); Homeowners Association (50-99 units); Condominium Association (2-49 units); Condominium Association (50-99 units); Homeowners Association (100+ units); Condominium Association (100+ units)","Specializing in smaller HOA's from 2 to 200 units; a low 
all-inclusive monthly fee. We tailor make "
"Signature Property Management","joy@lovespm.com","Jackson County","MO","","Homeowners Association (50-99 units); Condominium Association (50-99 units); Homeowners Association (100+ units); Condominium Association (100+ units)","Good People Using Good Systems...Think of the 
Possibilities "
"RealManage","support@www.realmanage.com-1.hs-inbox.com","Denver","CO","80112","Homeowners Association (50-99 units); Condominium Association (50-99 units); Homeowners Association (100+ units); Condominium Association (100+ units)","Setting a New Standard for Community Management. We simplify HOA management so you can focus on what"
"Scalzo Property Management, Inc","jkeller@scalzoproperty.com","Bethel","CT","06801","Office (10,000 - 100,000 sqft); Retail (10,000 - 100,000 sqft); Homeowners Association (50-99 units); Condominium Association (50-99 units); Homeowners Association (100+ units); Condominium Association (100+ units)","Your partner in management solutions"
"Goebel Realty","bczoer@goebelrealty.com","Evansville","IN","47715","Single Home or Condo (Valued up to $300K); Single Home or Condo ($300 to $500K); Single Home or Condo ($500K to $1 Million); Single Home or Condo (Over $1 Million); Multi-Family (2-4 units); Multi-Family (5-19 units); Multi-Family (20-99 units); Office (Up to 9,999 sqft); Office (10,000 - 100,000 sqft); Office (100,000+ sqft); Retail (Up to 9,999 sqft); Retail (10,000 - 100,000 sqft); Retail (100,000+ sqft); Light Manufacturing (Up to 100,000 sqft); Light Manufacturing (100,000+ sqft); Warehouse/Distribution (Up to 100,000 sqft); Warehouse/Distribution (100,000+ sqft); Parking Garage; Multi-Family (100+ units); Homeowners Association (2-49 units); Homeowners Association (50-99 units); Condominium Association (2-49 units); Condominium Association (50-99 units); Homeowners Association (100+ units); Condominium Association (100+ units)","With over 55 years of experience, Goebel Realty is a trusted leader in property management. We proud"
"Davis and Co. Realtors","amber@davisandcotx.com","Midland","TX","79707","Single Home or Condo (Valued up to $300K); Single Home or Condo ($300 to $500K); Single Home or Condo ($500K to $1 Million); Single Home or Condo (Over $1 Million); Multi-Family (2-4 units); Multi-Family (5-19 units); Multi-Family (20-99 units); Multi-Family (100+ units); Homeowners Association (2-49 units); Homeowners Association (50-99 units); Condominium Association (2-49 units); Condominium Association (50-99 units); Homeowners Association (100+ units); Condominium Association (100+ units)","The area's leading property management company. "
"RealManage","support@www.realmanage.com-1.hs-inbox.com","Orlando","FL","32801","Homeowners Association (50-99 units); Condominium Association (50-99 units); Homeowners Association (100+ units); Condominium Association (100+ units)","Setting a New Standard for Community Management. We simplify HOA management so you can focus on what"
"RealManage","support@www.realmanage.com-1.hs-inbox.com","Dallas/Ft.Worth","TX","75093","Homeowners Association (50-99 units); Condominium Association (50-99 units); Homeowners Association (100+ units); Condominium Association (100+ units)","Setting a New Standard for Community Management. We simplify HOA management so you can focus on what"
"RealManage","support@www.realmanage.com-1.hs-inbox.com","San Antonio","TX","78216","Homeowners Association (100+ units); Condominium Association (100+ units)","Setting a New Standard for Community Management. We simplify HOA management so you can focus on what"
"VIS Group, Inc.","eugene.kiyan@vismanagement.com,new-deal0c3ef841f9@newlead.leadsimple.com","Lacey","WA","98516","Condominium Association (2-49 units); Condominium Association (50-99 units); Homeowners Association (100+ units); Condominium Association (100+ units)","Providing a custom management solution for your 
needs, while leading the industry with cutting-
e"
"Castle-Breckenridge Management","mhuntsman@cbmgmt.com,mkuhn@cbmgmt.com","La Mesa","CA","91941","Homeowners Association (50-99 units); Condominium Association (50-99 units); Homeowners Association (100+ units); Condominium Association (100+ units); Mobile Home Community","Better Management, Better Living"
"Community Management Solutions - Associa","ahmyers@mycommunitymanagement.com","Erlanger, Cincinnati","KY","41018","Homeowners Association (50-99 units); Condominium Association (50-99 units); Homeowners Association (100+ units); Condominium Association (100+ units)","Is your community reaching its potential? Discover the possibilities of life with Associa."
"Management Realty Partners","Larry@ManagementRealtyPartners.com","Waukegan","IL","60085","Single Home or Condo (Valued up to $300K); Single Home or Condo ($300 to $500K); Multi-Family (2-4 units); Multi-Family (5-19 units); Multi-Family (20-99 units); Retail (Up to 9,999 sqft); Retail (10,000 - 100,000 sqft); Multi-Family (100+ units); Homeowners Association (2-49 units); Homeowners Association (50-99 units); Condominium Association (2-49 units); Condominium Association (50-99 units); Homeowners Association (100+ units); Condominium Association (100+ units)","Our goal is to manage a property with the same 
interest and concerns of our Owners."
"Associa Minnesota","nikki.bjerke@associa.us,alexandra.turner@associa.us,eric.gronli@associaminnesota.com,lbaldwin@associaonline.com,erike@citiesmanagement.com","Golden Valley, Greater Minneapolis","MN","55427","Homeowners Association (50-99 units); Condominium Association (50-99 units); Homeowners Association (100+ units); Condominium Association (100+ units)","Is your community reaching its potential? Discover the possibilities of life with Associa.."
"Triplett Property Management","kexcell@triplettre.com","Ames","IA","50010","Single Home or Condo (Valued up to $300K); Single Home or Condo ($300 to $500K); Multi-Family (2-4 units); Multi-Family (5-19 units); Multi-Family (20-99 units); Homeowners Association (2-49 units); Homeowners Association (50-99 units); Condominium Association (2-49 units); Condominium Association (50-99 units)"," We bring it all: 
Excellent, Professional Service with a Sincere 
Iowa Smile!
"
"Sterling Association Services, Inc.","jose@sterlingasi.com,joyce@sterlingasi.com","Houston","TX","77064","Homeowners Association (100+ units); Condominium Association (100+ units)","Dedicated to supplying our clients with the best management service available by putting their objec"
"MRH Enterprise","mrhenterprise@aol.com","Allentown","PA","18106","Homeowners Association (2-49 units); Homeowners Association (50-99 units); Condominium Association (2-49 units); Condominium Association (50-99 units); Homeowners Association (100+ units); Condominium Association (100+ units)","Large enough to meet your needs.
Small enough to provide personal service."
"MMT Property Group","mike_twentyfive@yahoo.com","Rochester","NY","14607","Single Home or Condo (Valued up to $300K); Single Home or Condo ($300 to $500K); Multi-Family (2-4 units); Multi-Family (5-19 units); Multi-Family (20-99 units); Vacation (1-2 units); Vacation (3+ units); Multi-Family (100+ units); Homeowners Association (2-49 units); Homeowners Association (50-99 units); Condominium Association (2-49 units); Condominium Association (50-99 units); Homeowners Association (100+ units); Condominium Association (100+ units)","Family owned and operated. NARPM Certified. BCB Member. Insured & Bonded. EPA & HUD certified."
"HOALiving","michael@hoaliving.com,lara@hoaliving.com,jessikar@hoaliving.com,greggardner@hoaliving.com,walkers@hoaliving.com","Draper","UT","84020","Homeowners Association (50-99 units); Condominium Association (50-99 units); Homeowners Association (100+ units); Condominium Association (100+ units)","Utah's original accredited community association management 
and maintenance company. Offices statew"
"Hearthstone Realty, Inc.","hearthstone1414@sbcglobal.net","River Forest","IL","60305","Single Home or Condo (Valued up to $300K); Single Home or Condo ($300 to $500K); Single Home or Condo ($500K to $1 Million); Single Home or Condo (Over $1 Million); Multi-Family (2-4 units); Multi-Family (5-19 units); Multi-Family (20-99 units); Office (Up to 9,999 sqft); Office (10,000 - 100,000 sqft); Office (100,000+ sqft); Multi-Family (100+ units); Condominium Association (2-49 units); Condominium Association (50-99 units); Condominium Association (100+ units)","Hearthstone is a small company that makes service to 
our clients our number one priority."
"Alvic Property Management","info@alvicmgm.com","Brooklyn","NY","11204","Multi-Family (5-19 units); Multi-Family (20-99 units); Homeowners Association (2-49 units); Homeowners Association (50-99 units); Condominium Association (2-49 units); Condominium Association (50-99 units); Homeowners Association (100+ units); Condominium Association (100+ units)","Serving the people behind the property."
"Metropolis Condominium Management","mjlobb@gmail.com,MJLOBB@wearemetropolis.com","Hyattsville","MD","20781","Homeowners Association (50-99 units); Condominium Association (50-99 units); Homeowners Association (100+ units); Condominium Association (100+ units)","Combining real-time, online communication and personalized creative solutions to meet your community"
"ProRealtyUSA.com","darwin@prorealtyusa.com,david@prorealtyusa.com,sales@prorealtyusa.com","Brooklyn","NY","11222","Homeowners Association (2-49 units); Homeowners Association (50-99 units); Condominium Association (2-49 units); Condominium Association (50-99 units); Homeowners Association (100+ units); Condominium Association (100+ units)","ProRealty Property Management – Where Property Meets Performance. We specialize in full-service mana"
"ACRI  Commercial Realty, Inc.","rinaldo.acri@acrirlty.com","Pittsburgh","PA","15229","Homeowners Association (2-49 units); Homeowners Association (50-99 units); Condominium Association (2-49 units); Condominium Association (50-99 units); Homeowners Association (100+ units); Condominium Association (100+ units)","Homeowners are at the center of everything we do.
Over 25 years of providing pro-active community 
p"
"CAMCO Property Management","Chris@camcomgmt.com","","","","Homeowners Association (50-99 units); Condominium Association (50-99 units); Homeowners Association (100+ units); Condominium Association (100+ units)","Results-driven property management success."
"Keystone Pacific Property Management","jwinkler@keystonepacific.com,mtripp@keystonepacific.com,gjacksonshields@keystonepacific.com,lkim@keystonepacific.com","Irvine","CA","92602","Homeowners Association (50-99 units); Condominium Association (50-99 units); Homeowners Association (100+ units); Condominium Association (100+ units)","Reconnect to where you live."
"M&M Property Management","mmpm-leads@mmhoaservices.com","Parker","CO","80134","Homeowners Association (2-49 units); Homeowners Association (50-99 units); Condominium Association (2-49 units); Condominium Association (50-99 units); Homeowners Association (100+ units); Condominium Association (100+ units)","Providing HOA property management services 
throughout the entire Denver, Colorado metro area."
"Impact Real Estate Management","stuart@impactremgt.com","Long Island City","NY","11101","Homeowners Association (2-49 units); Homeowners Association (50-99 units); Condominium Association (2-49 units); Condominium Association (50-99 units); Homeowners Association (100+ units); Condominium Association (100+ units)","We Put a Team of Experts Behind Every Property We 
Represent"
"Advanced Community Services","ryan@acs-hoa.com","Lehi","UT","84043","Homeowners Association (2-49 units); Homeowners Association (50-99 units); Condominium Association (2-49 units); Condominium Association (50-99 units); Homeowners Association (100+ units); Condominium Association (100+ units)","Increasing the value of your community"
"Grayson Community Management","allan@graysoncm.com,melkesmelia@yahoo.com","San Jose","CA","95126","Homeowners Association (2-49 units); Homeowners Association (50-99 units); Condominium Association (2-49 units); Condominium Association (50-99 units); Homeowners Association (100+ units); Condominium Association (100+ units)","GCM will help to solve the most pressing challenges while reducing its expenses and enhancing its lo"
"Capitol Property Management","jlawrence@capitolcorp.com,apeterson@capitolcorp.com,dholcombe@Capitolcorp.com,aweigelt@capitolcorp.com","Chantilly","VA","20151 ","Office (Up to 9,999 sqft); Office (10,000 - 100,000 sqft); Office (100,000+ sqft); Retail (Up to 9,999 sqft); Retail (10,000 - 100,000 sqft); Retail (100,000+ sqft); Multi-Family (100+ units); Homeowners Association (50-99 units); Condominium Association (50-99 units); Homeowners Association (100+ units); Condominium Association (100+ units)","Experience. Excellence. Capitol | Over 23 Years of Trusted Property Expertise"
"Homestead Management Services, LLC.","LCurtis@homesteadmgmt.org","Pine Brook","NJ","07058","Homeowners Association (50-99 units); Condominium Association (50-99 units); Homeowners Association (100+ units); Condominium Association (100+ units)","As a professionally owned business we are committed to the highest level of Customer Service to the "
"Community Management Concepts - Jacksonville","Michelle.Griggs@cmcjaxfla.com,lynn.harmon@associa.us,alexandra.turner@associa.us","Jacksonville","FL","32256  ","Homeowners Association (50-99 units); Condominium Association (50-99 units); Homeowners Association (100+ units); Condominium Association (100+ units)","Is your community reaching its potential? Discover the possibilities of life with Associa."
"Central Florida","alexandra.turner@associa.us,Nick.buccola@associa.us,kayla.hintz@associa.us","Orlando","FL","32819 ","Homeowners Association (50-99 units); Condominium Association (50-99 units); Homeowners Association (100+ units); Condominium Association (100+ units)","Is your community reaching its potential? Discover the possibilities of life with Associa."
"Association Services","patrick.thompson@associa.us,carolyn.neely@associa.us,a.pope@asihhi.com,alexandra.turner@associa.us,stephen.wecksler@associa.us","Hilton Head, Savannah","SC","29928","Homeowners Association (50-99 units); Condominium Association (50-99 units); Homeowners Association (100+ units); Condominium Association (100+ units)","Is your community reaching its potential? Discover the possibilities of life with Associa."
"MK Asset Management","margolis@mkasset.com","Des Plaines","IL","60018","Multi-Family (20-99 units); Retail (10,000 - 100,000 sqft); Retail (100,000+ sqft); Warehouse/Distribution (100,000+ sqft); Multi-Family (100+ units); Homeowners Association (50-99 units); Condominium Association (50-99 units); Homeowners Association (100+ units); Condominium Association (100+ units)","We are a full-service residential and commercial property management company committed to maximizing"
"Sharper Management ","apmleads@sharpermanagement.com","Eden Prairie","MN","55344","Homeowners Association (2-49 units); Homeowners Association (50-99 units); Condominium Association (2-49 units); Condominium Association (50-99 units); Homeowners Association (100+ units); Condominium Association (100+ units)","Your Minnesota Neighbor!"
"The Property Group ","dmaffucci@thepropertygroup.net","Stamford","CT","06906","Homeowners Association (50-99 units); Condominium Association (50-99 units); Homeowners Association (100+ units); Condominium Association (100+ units)","Your one source for residential property 
management."
"A Different Association Management Company (ADAM)","james@adamllc.com,jacklyn@adamllc.com","Tucson","AZ","85705 ","Homeowners Association (2-49 units); Homeowners Association (50-99 units); Condominium Association (2-49 units); Condominium Association (50-99 units); Homeowners Association (100+ units); Condominium Association (100+ units)","As our name implies, A Different Association 
Management strives to offer our clients distinctive "
"IN RHODES MANAGEMENT, INC","angela@inrhodes.com","Auburn Hills","MI","48326","Homeowners Association (2-49 units); Homeowners Association (50-99 units); Condominium Association (2-49 units); Condominium Association (50-99 units); Homeowners Association (100+ units); Condominium Association (100+ units)","IRM specializes in the day to day management of Condominium and Homeowner Associations."
"May Property Management ","mm@maypm.com","Worcester","MA","01608","Homeowners Association (50-99 units); Condominium Association (2-49 units); Condominium Association (50-99 units); Homeowners Association (100+ units)","We offer property management services to condominium associations and multi-family. Efficient Manage"
"Professional Management and Association Services, Inc.","tyarce@myprofessionalmanagement.com","Miami","FL","33186","Homeowners Association (2-49 units); Homeowners Association (50-99 units); Condominium Association (2-49 units); Condominium Association (50-99 units); Homeowners Association (100+ units); Condominium Association (100+ units)","Our full trained staff will handle your day-to-day 
operations and optimize your maintenance dues."
"Progressive Association Management","ScottBrady1963@gmail.com,cameron@progressive-am.com,pam-trevor.u2@lindymail.ai,stephen@domicileRE.com","Anaheim","CA","92807","Homeowners Association (2-49 units); Homeowners Association (50-99 units); Condominium Association (2-49 units); Condominium Association (50-99 units); Homeowners Association (100+ units); Condominium Association (100+ units)","If you are looking for better, not bigger, association management services.  Enjoy superior communit"
"RealManage","support@www.realmanage.com-1.hs-inbox.com","Chicago","IL","60532","Homeowners Association (50-99 units); Condominium Association (50-99 units); Homeowners Association (100+ units); Condominium Association (100+ units)","Setting a New Standard for Community Management. We simplify HOA management so you can focus on what"
"Intempus Management","zap.am@intempus.net,Gcruz@intempus.net,Ekorsunsky@intempus.net","Saratoga","CA","95070","Multi-Family (100+ units); Homeowners Association (2-49 units); Homeowners Association (50-99 units); Condominium Association (2-49 units); Condominium Association (50-99 units); Homeowners Association (100+ units); Condominium Association (100+ units)","Intempus Property Management delivers full-service HOA and property management solutions powered by "
"Northland Group, RA","info@northlandgroupra.com","Mercer Island","WA","98040","Homeowners Association (2-49 units); Homeowners Association (50-99 units); Condominium Association (2-49 units); Condominium Association (50-99 units); Homeowners Association (100+ units)","Providing unsurpassed service to Homeowner & 
Condominium associations in the Puget Sound area 
si"
"LBPM","leads@lbpm.com,lbpm_apm_827ea32a917aa94cb5f8@newlead.leadsimple.com,lead.4f744a13.business-development.lbpm@item-create.podio.com","Sherman Oaks","CA","91423","Multi-Family (2-4 units); Multi-Family (5-19 units); Multi-Family (20-99 units); Multi-Family (100+ units); Homeowners Association (2-49 units); Homeowners Association (50-99 units); Condominium Association (2-49 units); Condominium Association (50-99 units); Homeowners Association (100+ units); Condominium Association (100+ units)","The only management company in California that 
gives you 24/7 
access to the management of your p"
"Menas HOA Management, a Diversified Company","jmenas@menas.com","San Diego","CA","92108","Homeowners Association (2-49 units); Homeowners Association (50-99 units); Condominium Association (2-49 units); Condominium Association (50-99 units); Homeowners Association (100+ units); Condominium Association (100+ units)","Our daily objective is to exceed our clients expectations by providing value to the communities we s"
"Corner Property Management, LLC","Tony.nardone@cp-management.com,larry.sauer@cp-management.com","Newark","NJ","07104","Office (Up to 9,999 sqft); Office (10,000 - 100,000 sqft); Retail (Up to 9,999 sqft); Retail (10,000 - 100,000 sqft); Homeowners Association (50-99 units); Condominium Association (50-99 units); Homeowners Association (100+ units); Condominium Association (100+ units)","Corner Property Management, LLC offers professional association property management services to hand"
"Associa Sierra North","lynn.harmon@associa.us,alexandra.turner@associa.us,Maria.Rust@associa.us","Reno","NV","89521","Homeowners Association (50-99 units); Condominium Association (50-99 units); Homeowners Association (100+ units); Condominium Association (100+ units)","Is your community reaching its potential? Discover the possibilities of life with Associa."
"Associa Nevada South","voliva@associans.com,lynn.harmon@associa.us,alexandra.turner@associa.us,Maria.Rust@associa.us","North Las Vegas","NV","89032","Homeowners Association (50-99 units); Condominium Association (50-99 units); Homeowners Association (100+ units); Condominium Association (100+ units)","Is your community reaching its potential? Discover the possibilities of life with Associa."
"Associa Chicagoland","alexandra.turner@associa.us,rose.rogic@associachicagoland.com,Erica.Horndasch@associachicagoland.com,nikki.bjerke@associa.us","Serving all of Illinois ","IL","60654","Homeowners Association (50-99 units); Condominium Association (50-99 units); Homeowners Association (100+ units); Condominium Association (100+ units)","Is your community reaching its potential? Discover the possibilities of life with Associa.."
"McKay Management Corporation","morgan.place@associa.us,alexandra.turner@associa.us,brittany.washington@associa.us","Birmingham","AL","35244","Homeowners Association (50-99 units); Condominium Association (50-99 units); Homeowners Association (100+ units); Condominium Association (100+ units)","Is your community reaching its potential? Discover the possibilities of life with Associa."
"Associa New York","nikkib@citiesmanagement.com,lynn.harmon@associa.us,kristine.bates@associa.us,Dianne.Feinstein@associanewyork.com,brian.pizzuti@associa.us","Poughkeepsie","NY","12603","Homeowners Association (50-99 units); Condominium Association (50-99 units); Homeowners Association (100+ units); Condominium Association (100+ units)","Is your community reaching its potential? Discover the possibilities of life with Associa."
"Wyoming Association Services","alexandra.turner@associa.us","Serving Wyoming","WY","82602","Homeowners Association (50-99 units); Condominium Association (50-99 units); Homeowners Association (100+ units); Condominium Association (100+ units)","Is your community reaching its potential? Discover the possibilities of life with Associa."
"J. Butler Property Management- Association","jbutlerleasing@gmail.com,clientsvc@jbutlerpropertymgmt.com,james@jbutlerpropertymgmt.com","Andover","MA","01810","Homeowners Association (50-99 units); Condominium Association (50-99 units); Homeowners Association (100+ units); Condominium Association (100+ units)","A company you can trust...A company you can depend 
on... A company of professionals!!! "
"Real Property Management Sapphire","rchild@rpmsapphire.com","Hamilton","MT","59840","Single Home or Condo (Valued up to $300K); Single Home or Condo ($300 to $500K); Single Home or Condo ($500K to $1 Million); Multi-Family (2-4 units); Vacation (1-2 units); Vacation (3+ units); Homeowners Association (2-49 units); Homeowners Association (50-99 units); Condominium Association (2-49 units); Condominium Association (50-99 units)","Our company has managed thousands of rental 
properties for over 25 years."
"MMT Property Group","mike_twentyfive@yahoo.com","Buffalo","NY","14604","Multi-Family (5-19 units); Multi-Family (20-99 units); Multi-Family (100+ units); Homeowners Association (2-49 units); Homeowners Association (50-99 units); Condominium Association (2-49 units); Condominium Association (50-99 units); Homeowners Association (100+ units); Condominium Association (100+ units)","Family owned and operated. BBB A+ Rated. BCB Member. NARPM Certified. Epa & HUD Certified. Insured a"
"AMI - Advanced Management, LLC","katie@amihoa.com,katie.bikshaeva@amihoa.com","Denver","CO","80237","Homeowners Association (100+ units); Condominium Association (100+ units)","“Experience you can trust. Integrity you can count on.”"
"Cedar Management Group","sales@emsohio.com,Sales@emspm.com,cminnix@gmail.com,ae@hoasales.com,marketingbot@camcollective.com","Dublin","OH","43017","Homeowners Association (2-49 units); Homeowners Association (50-99 units); Condominium Association (2-49 units); Condominium Association (50-99 units); Homeowners Association (100+ units); Condominium Association (100+ units)","Cedar Management Group is an Accredited Association Management Company with offices in NC, SC, TN, G"
"J&J Management Services","Jvitanza@jjmanagementservices.com,cvitanza@jjmanagementservices.com","Carmel","NY","10512","Office (Up to 9,999 sqft); Office (10,000 - 100,000 sqft); Office (100,000+ sqft); Retail (Up to 9,999 sqft); Retail (10,000 - 100,000 sqft); Retail (100,000+ sqft); Light Manufacturing (Up to 100,000 sqft); Light Manufacturing (100,000+ sqft); Warehouse/Distribution (Up to 100,000 sqft); Warehouse/Distribution (100,000+ sqft); Parking Garage; Other Associations (Hotel, Resort etc.); Biotech/Mission-Critical; Homeowners Association (2-49 units); Homeowners Association (50-99 units); Condominium Association (2-49 units); Condominium Association (50-99 units); Homeowners Association (100+ units); Condominium Association (100+ units); Mobile Home Community","To connect your property with the future of property management and build a long term business relat"
"Southern Property Management Group","boakley@southernpmg.com","Birmingham","AL","35205","Homeowners Association (50-99 units); Condominium Association (50-99 units); Homeowners Association (100+ units); Condominium Association (100+ units)","Fresh, Aggressive, Innovative, and Service - Oriented Solutions"
"Lawyers Condo Management","josh@lawyerscondomgmt.com","Farmington Hills","MI","48334","Homeowners Association (2-49 units); Homeowners Association (50-99 units); Condominium Association (2-49 units); Condominium Association (50-99 units); Homeowners Association (100+ units); Condominium Association (100+ units)","Our solid track record and history of satisfied 
clients speaks for itself."
"Professional Property Management & Construction, LLC","mbiller@profpropertymanagement.com","Warwick","RI","02889","Multi-Family (20-99 units); Multi-Family (100+ units); Homeowners Association (50-99 units); Condominium Association (50-99 units); Homeowners Association (100+ units); Condominium Association (100+ units)","Serving all of Massachusetts and Rhode Island!"
"Caribou Property Management","Caribou.Management@CaribouPM.com","Madison","WI","53713","Single Home or Condo (Valued up to $300K); Single Home or Condo ($300 to $500K); Single Home or Condo ($500K to $1 Million); Multi-Family (2-4 units); Multi-Family (5-19 units); Multi-Family (20-99 units); Multi-Family (100+ units); Homeowners Association (2-49 units); Homeowners Association (50-99 units); Condominium Association (2-49 units); Condominium Association (50-99 units); Homeowners Association (100+ units); Condominium Association (100+ units)","Caribou Property Management - great Communication 
and Transparency - A Full Service Property 
Man"
"CAMCO Property Management","Chris@camcomgmt.com","Fort Washingotn","PA","19034","Homeowners Association (50-99 units); Condominium Association (50-99 units); Homeowners Association (100+ units); Condominium Association (100+ units)","""To Enhance Community Life"""
"Silvercreek Association Management ","new-deal05dd25541e@newlead.leadsimple.com,james@sc-manage.com,kim@sc-manage.com","Citrus Heights","CA","95610","Homeowners Association (2-49 units); Homeowners Association (50-99 units); Condominium Association (2-49 units); Condominium Association (50-99 units); Homeowners Association (100+ units); Condominium Association (100+ units)","Empowering Your Community, Every Step of the Way."
"Bullseye Property Management & Realty","john@bullseye411.com,7633008612@txt.att.net","Big Lake","MN","55309","Office (Up to 9,999 sqft); Office (10,000 - 100,000 sqft); Office (100,000+ sqft); Retail (Up to 9,999 sqft); Retail (10,000 - 100,000 sqft); Retail (100,000+ sqft); Light Manufacturing (Up to 100,000 sqft); Light Manufacturing (100,000+ sqft); Warehouse/Distribution (Up to 100,000 sqft); Warehouse/Distribution (100,000+ sqft); Homeowners Association (2-49 units); Homeowners Association (50-99 units); Condominium Association (2-49 units); Condominium Association (50-99 units); Homeowners Association (100+ units); Condominium Association (100+ units)","""We worry about everything so you don't have to!"""
"Celtic Property Management","tim@celticpm.com","Joliet","IL","60435","Homeowners Association (2-49 units); Homeowners Association (50-99 units); Condominium Association (2-49 units); Condominium Association (50-99 units); Homeowners Association (100+ units); Condominium Association (100+ units)","Providing the highest level of service to meet 
Condominium/HOA Association's needs with 24/7 access"
"Baldoni Management","info@baldonimanagement.com","Lebanon","NJ","08833","Homeowners Association (2-49 units); Homeowners Association (50-99 units); Condominium Association (2-49 units); Condominium Association (50-99 units)","Property Management Tailored To Your Needs"
"606 Realty & Property Management","kurt@606realty.com","Chicago","IL","60630","Multi-Family (20-99 units); Multi-Family (100+ units); Homeowners Association (50-99 units); Condominium Association (50-99 units); Homeowners Association (100+ units); Condominium Association (100+ units)","World Class Property Management in Chicago"
"Absolute Value Property Management (AVPro)","Paul@avmre.com,jeff@avmre.com,billy@avmre.com,staff@avmre.com,Trey@avmre.com,Jchase@avmre.com,2039622082@vtext.com,2039849025@vtext.com,2036679235@vtext.com,4077096176@vtext.com","Riverside ","CT","06878","Homeowners Association (2-49 units); Homeowners Association (50-99 units); Condominium Association (2-49 units); Condominium Association (50-99 units); Homeowners Association (100+ units); Condominium Association (100+ units)","On Point. On Time. Every Time."
"Associa Carolinas","edward.corless@associa.us,lynn.harmon@associa.us,brian.pizzuti@associa.us,alexandra.turner@associa.us","Charlotte","NC","28217","Homeowners Association (50-99 units); Condominium Association (50-99 units); Homeowners Association (100+ units); Condominium Association (100+ units)","Is your community reaching its potential? Discover the possibilities of life with Associa."
"Great North Property Management","justin.gargiulo@greatnorth.net","Providence","RI","02828","Homeowners Association (50-99 units); Condominium Association (50-99 units); Homeowners Association (100+ units); Condominium Association (100+ units)","Locally Owned and Locally Controlled.  A Family Company!"
"Neighborhood Services","lynn.harmon@associa.us,lee.klimansky@associa.us,alexandra.turner@associa.us,MSmith@neighborhoodsplus.com","Edmond","OK","73003","Homeowners Association (50-99 units); Condominium Association (2-49 units); Condominium Association (50-99 units); Homeowners Association (100+ units); Condominium Association (100+ units)","Is your community reaching its potential? Discover the possibilities of life with Associa."
"Ithacor Management Inc","mark@ithacor.com","Cortland","NY","13045","Single Home or Condo (Valued up to $300K); Single Home or Condo ($300 to $500K); Single Home or Condo ($500K to $1 Million); Single Home or Condo (Over $1 Million); Multi-Family (2-4 units); Multi-Family (5-19 units); Multi-Family (20-99 units); Other Associations (Hotel, Resort etc.); Multi-Family (100+ units); Homeowners Association (2-49 units); Homeowners Association (50-99 units); Condominium Association (2-49 units); Condominium Association (50-99 units); Homeowners Association (100+ units); Condominium Association (100+ units); Mobile Home Community","A full service property management company serving the Central NY including Syracuse, Ithaca and Cor"
"Reside Rentals","manager@residerentals.com,andrea@residerentals.com","Logan","UT","84321","Single Home or Condo (Valued up to $300K); Single Home or Condo ($300 to $500K); Single Home or Condo ($500K to $1 Million); Single Home or Condo (Over $1 Million); Multi-Family (2-4 units); Multi-Family (5-19 units); Multi-Family (20-99 units); Vacation (1-2 units); Vacation (3+ units); Multi-Family (100+ units); Homeowners Association (2-49 units); Homeowners Association (50-99 units); Condominium Association (2-49 units); Condominium Association (50-99 units); Homeowners Association (100+ units); Condominium Association (100+ units)","Property Management in the Modern World"
"PMI Birdy Properties - Associations","hoaleads@birdy.com","San Antonio","TX","78258","Homeowners Association (2-49 units); Homeowners Association (50-99 units); Condominium Association (2-49 units); Condominium Association (50-99 units); Homeowners Association (100+ units); Condominium Association (100+ units)","Where Happy Communities Take Flight"
"Rise Association Management Group, LLC","john@riseamg.com,jason@riseamg.com,letsrise@riseamg.com,bethany@riseamg.com","Houston","TX","77098","Other Associations (Hotel, Resort etc.); Homeowners Association (2-49 units); Homeowners Association (50-99 units); Condominium Association (2-49 units); Condominium Association (50-99 units); Homeowners Association (100+ units); Condominium Association (100+ units)","Texas' Leader in HOA Management & Condo Association Management

Together, we RISE"
"Kansas City Property Solutions","april@kansascitypropertysolutions.com","Independence","MO","64052","Multi-Family (2-4 units); Multi-Family (5-19 units); Multi-Family (20-99 units); Homeowners Association (2-49 units); Homeowners Association (50-99 units); Homeowners Association (100+ units)","For everyone, we try to keep things simple and easy."
"GreyStone Property Management","bgatz@blackstonepropertymanagement.com,sales@greystoneprm.com","Southampton","NY","11968","Single Home or Condo (Valued up to $300K); Single Home or Condo ($300 to $500K); Single Home or Condo ($500K to $1 Million); Single Home or Condo (Over $1 Million); Multi-Family (2-4 units); Multi-Family (5-19 units); Multi-Family (20-99 units); Office (Up to 9,999 sqft); Office (10,000 - 100,000 sqft); Office (100,000+ sqft); Retail (Up to 9,999 sqft); Retail (10,000 - 100,000 sqft); Retail (100,000+ sqft); Multi-Family (100+ units); Homeowners Association (2-49 units); Homeowners Association (50-99 units); Condominium Association (2-49 units); Condominium Association (50-99 units); Homeowners Association (100+ units); Condominium Association (100+ units)","For All Your Commercial, Association and Residential Property Management Needs"
"VTE Consulting LLC","valentin@vteconsultingllc.com,office@vteconsultingllc.com","Hialeah","FL","33012","Retail (10,000 - 100,000 sqft); Warehouse/Distribution (Up to 100,000 sqft); Warehouse/Distribution (100,000+ sqft); Homeowners Association (2-49 units); Homeowners Association (50-99 units); Condominium Association (2-49 units); Condominium Association (50-99 units); Homeowners Association (100+ units); Condominium Association (100+ units)","Integrity Defines All Odds"
"Touchstone Property Management, CMCA,AMS","Brian@TouchstonePropertyManagement.org","Bellport","NY","11713","Homeowners Association (50-99 units); Condominium Association (50-99 units); Homeowners Association (100+ units); Condominium Association (100+ units)","We offer customized management programs based on your needs and budget considerations. Hands on appr"
"RealManage","support@www.realmanage.com-1.hs-inbox.com","Raleigh/Durham","NC","27615","Homeowners Association (100+ units); Condominium Association (100+ units)","Setting a New Standard for Community Management. We simplify HOA management so you can focus on what"
"RealManage","support@www.realmanage.com-1.hs-inbox.com","Seattle","WA","98107","Condominium Association (50-99 units); Homeowners Association (100+ units); Condominium Association (100+ units)","Setting a New Standard for Community Management. We simplify HOA management so you can focus on what"
"Alvic Property Management","info@alvicmgm.com","Manhattan","NY","10024","Homeowners Association (2-49 units); Homeowners Association (50-99 units); Condominium Association (2-49 units); Condominium Association (50-99 units); Homeowners Association (100+ units); Condominium Association (100+ units)","Serving the people behind the property."
"Cedar Management Group - South Carolina","sales@mycmg.com,celine@hoamservices.com,apm@mycmg.com,cminnix@gmail.com,marketingbot@camcollective.com","Mt Pleasant","SC","29466","Homeowners Association (2-49 units); Homeowners Association (50-99 units); Condominium Association (2-49 units); Condominium Association (50-99 units); Homeowners Association (100+ units); Condominium Association (100+ units)","Cedar Management Group is an Accredited Association Management Company with offices in NC, SC, TN, G"
"Goodwin & Company - Austin","mitch.krauss@goodwintx.com,derek.taylor@goodwintx.com","Austin","TX","78759","Other Associations (Hotel, Resort etc.); Homeowners Association (2-49 units); Homeowners Association (50-99 units); Condominium Association (2-49 units); Condominium Association (50-99 units); Homeowners Association (100+ units); Condominium Association (100+ units)","Don't Worry, We Got This!

Serving Texas since 1978"
"PMI of Rhode Island - Associations","ed@pmirhodeisland.com","Middletown","RI","02842","Homeowners Association (2-49 units); Homeowners Association (50-99 units); Condominium Association (2-49 units); Condominium Association (50-99 units); Homeowners Association (100+ units); Condominium Association (100+ units)","Making association management manageable."
"PMI North Dallas - Associations","oscar.pedrajo@pminorthdallas.com","Mckinney","TX","75070","Homeowners Association (2-49 units); Homeowners Association (50-99 units); Condominium Association (2-49 units); Condominium Association (50-99 units)","Exceptional team of Local Association
professionals,""Making 
Association Management Manageable"""
"PMI Top Florida Properties - Associations","fabio@topfloridaproperties.com","Miami","FL","33179","Homeowners Association (2-49 units); Homeowners Association (50-99 units); Condominium Association (2-49 units); Condominium Association (50-99 units)","Making association management manageable."
"DKM Realty, LLC","DKMREALTYLLCANDPROPMGMT@GMAIL.COM","Canton","OH","44718","Single Home or Condo (Valued up to $300K); Single Home or Condo ($300 to $500K); Single Home or Condo ($500K to $1 Million); Multi-Family (2-4 units); Multi-Family (5-19 units); Multi-Family (20-99 units); Multi-Family (100+ units); Homeowners Association (50-99 units); Condominium Association (50-99 units); Homeowners Association (100+ units); Condominium Association (100+ units); Mobile Home Community","Over 50 years combined experience to completely service your property management needs helping you m"
"PMI Properties-Association","andres@pmiprop.com","New City","NY","10956","Homeowners Association (2-49 units); Homeowners Association (50-99 units); Condominium Association (2-49 units); Condominium Association (50-99 units); Homeowners Association (100+ units); Condominium Association (100+ units)","Your LOCAL Rockland County – Real Estate EXPERTS
Making Property Management, Manageable!"
"Floridian Property Management","kmeagher@floridianproperty.net,amanda@summitmanagementpartners.com","Fleming Island","FL","32003","Homeowners Association (50-99 units); Condominium Association (50-99 units); Homeowners Association (100+ units); Condominium Association (100+ units)","A consistent leader among community association property management firms."
"Goodwin & CO","erin.baker@goodwin-co.com","Aurora","CO","80014","Homeowners Association (2-49 units); Homeowners Association (50-99 units); Condominium Association (2-49 units); Condominium Association (50-99 units); Homeowners Association (100+ units); Condominium Association (100+ units)","Providing a customizable & high level of service to a variety of condos, HOA's, onsite communities a"
"Towne Properties - Columbus","DerekWehman@TowneProperties.com,JohnRecob@TowneProperties.com","Worthington","OH","43085","Multi-Family (100+ units); Homeowners Association (50-99 units); Condominium Association (2-49 units); Condominium Association (50-99 units); Homeowners Association (100+ units); Condominium Association (100+ units)","Great Places to Live, Work, Shop, and Play!"
"Great Day Management, LLC","davidnicholson01@gmail.com,gerard@greatdaymanage.com","Richmond","VA","23229","Homeowners Association (2-49 units); Homeowners Association (50-99 units); Condominium Association (2-49 units); Condominium Association (50-99 units); Homeowners Association (100+ units); Condominium Association (100+ units)","Providing the full range of professional management services with a personal touch."
"Bay Property Management Group Philadelphia","danderson@baymgmtgroup.com,Jnattrass@bmgphilly.com","Philadelphia","PA","19125","Homeowners Association (2-49 units); Homeowners Association (50-99 units); Condominium Association (2-49 units); Condominium Association (50-99 units); Homeowners Association (100+ units); Condominium Association (100+ units)","Bay Management Group Philadelphia is a full-service property management company servicing the Greate"
"Oklahoma HOA Partner","sheila@hoppishomes.com","Oklahoma City","OK","73139","Other Associations (Hotel, Resort etc.); Homeowners Association (2-49 units); Homeowners Association (50-99 units); Condominium Association (2-49 units); Condominium Association (50-99 units); Homeowners Association (100+ units); Condominium Association (100+ units); Mobile Home Community","Oklahoma's Premier HOA Management Resource!  Specializing in a structured Association Management sys"
"Smith Management Group","dminer@smithmgmt.com,alexandra.turner@associa.us","Saint Louis","MO","63131","Homeowners Association (50-99 units); Condominium Association (50-99 units); Homeowners Association (100+ units); Condominium Association (100+ units)","Is your community reaching its potential? Discover the possibilities of life with Associa."
"Towne Properties","DerekWehman@TowneProperties.com,timothysnowden@towneproperties.com","Raleigh","NC","27615","Condominium Association (50-99 units); Homeowners Association (100+ units); Condominium Association (100+ units)","Great Places to Live, Work, Shop, and Play!"
"Signature Property Management","joy@lovespm.com","Omaha","NE","68154","Homeowners Association (50-99 units); Condominium Association (50-99 units); Homeowners Association (100+ units); Condominium Association (100+ units)","Good People Using Good Systems - Think of the 
Possibilities"
"Silvercreek Association Management - Bay Area","new-deal05dd25541e@newlead.leadsimple.com,james@sc-manage.com,kim@sc-manage.com","Walnut Creek","CA","94597","Homeowners Association (2-49 units); Homeowners Association (50-99 units); Condominium Association (2-49 units); Condominium Association (50-99 units); Homeowners Association (100+ units); Condominium Association (100+ units)","Empowering Your Community, Every Step of the Way."
"PMI Metroplex - Association","brian@metroplexpmi.com","Bedford","TX","76021","Homeowners Association (2-49 units); Homeowners Association (50-99 units); Homeowners Association (100+ units)","Making association management manageable."
"ResCom Property Management","mkenyon@rescom-mgt.com,vkenyon@rescom-mgt.com","Bradenton","FL","34210","Vacation (1-2 units); Vacation (3+ units); Homeowners Association (2-49 units); Homeowners Association (50-99 units); Condominium Association (50-99 units); Homeowners Association (100+ units); Condominium Association (100+ units)","We measure our success by the ability to elevate your expectations of what property management shoul"
"Empire Realty Services Group, Inc.","nicole.manges@empirers.com","Derby","NY","14006","Single Home or Condo (Valued up to $300K); Multi-Family (2-4 units); Multi-Family (5-19 units); Multi-Family (20-99 units); Office (Up to 9,999 sqft); Office (10,000 - 100,000 sqft); Office (100,000+ sqft); Retail (Up to 9,999 sqft); Retail (10,000 - 100,000 sqft); Retail (100,000+ sqft); Homeowners Association (2-49 units); Homeowners Association (50-99 units); Condominium Association (2-49 units); Condominium Association (50-99 units)","Currently managing over 200 properties."
"HOA Strategies","trever@hoastrategies.com,joseph@hoastrategies.com","Kaysville","UT","84037","Homeowners Association (2-49 units); Homeowners Association (50-99 units); Condominium Association (2-49 units); Condominium Association (50-99 units); Homeowners Association (100+ units); Condominium Association (100+ units)","HOA Management Done Right."
"Burg Management","tammy@burgmanagement.com,judithw@burgmanagement.com,stephen.wecksler@associa.us,alexandra.turner@associa.us","Panama City Beach","FL","32408","Homeowners Association (2-49 units); Homeowners Association (50-99 units); Condominium Association (2-49 units); Condominium Association (50-99 units); Homeowners Association (100+ units); Condominium Association (100+ units)","Is your community reaching its potential? Discover the possibilities of life with Associa."
"The Dartmouth Group","lschmitt@TheDartmouthGroup.com,Nick.buccola@associa.us,alexandra.turner@associa.us","Bedford","MA","01730","Homeowners Association (50-99 units); Condominium Association (2-49 units); Condominium Association (50-99 units); Homeowners Association (100+ units); Condominium Association (100+ units)","Is your community reaching its potential? Discover the possibilities of life with Associa."
"Evergreen Harvard","dboston@tpw.com,clebaron@evergreenmgt.com,nikki.bjerke@associa.us,ktheodoulou@evergreenmgt.com,alexandra.turner@associa.us","Bedford","NH","03110","Homeowners Association (50-99 units); Condominium Association (50-99 units); Homeowners Association (100+ units); Condominium Association (100+ units)","Is your community reaching its potential? Discover the possibilities of life with Associa."
"Pasadena Condominium Management (PCM)","info@pcmcondomgmt.com,prgirl830@gmail.com","Pasadena","CA","91114","Homeowners Association (2-49 units); Homeowners Association (50-99 units); Condominium Association (2-49 units); Condominium Association (50-99 units); Homeowners Association (100+ units); Condominium Association (100+ units)","Providing HOA management services to the
San Gabriel Valley and Los Angele area for over 25 years."
"ProRealtyUSA.com","darwin@prorealtymanager.com","New York","NY","10003","Single Home or Condo (Valued up to $300K); Single Home or Condo ($300 to $500K); Single Home or Condo ($500K to $1 Million); Single Home or Condo (Over $1 Million); Homeowners Association (2-49 units); Homeowners Association (50-99 units); Condominium Association (2-49 units); Condominium Association (50-99 units); Homeowners Association (100+ units); Condominium Association (100+ units)","ProRealty Property Management – Where Property Meets Performance.

We specialize in full-service man"
"RowCal | The Smarter Way to HOA - Minnesota","Sales@rowcal.com,Elena.Love@RowCal.com,cg71tii7@robot.zapier.com","Minneapolis","MN","55442","Single Home or Condo (Valued up to $300K); Single Home or Condo ($300 to $500K); Single Home or Condo ($500K to $1 Million); Multi-Family (2-4 units); Multi-Family (5-19 units); Multi-Family (20-99 units); Multi-Family (100+ units); Homeowners Association (2-49 units); Homeowners Association (50-99 units); Condominium Association (2-49 units); Condominium Association (50-99 units); Homeowners Association (100+ units); Condominium Association (100+ units)","Looking for a better HOA Management solution? You just found it."
"Blackbird Property Management","success@blackbirdpm.com,Billing@Blackbirdpm.com,new-deal76c8029dfd@newlead.leadsimple.com,new-deald23e3771ad@newlead.leadsimple.com","Oxon Hill","MD","20750","Single Home or Condo ($300 to $500K); Single Home or Condo ($500K to $1 Million); Multi-Family (20-99 units); Multi-Family (100+ units); Homeowners Association (50-99 units); Condominium Association (50-99 units); Homeowners Association (100+ units); Condominium Association (100+ units)","Elevated Property Management for Modern Investors in D.C., Maryland & Virginia

At Blackbird, we bri"
"RealManage","support@www.realmanage.com-1.hs-inbox.com","South Carolina","SC","29420","Homeowners Association (100+ units); Condominium Association (100+ units)","Setting a New Standard for Community Management. We simplify HOA management so you can focus on what"
"Precedent Hospitality and Property Management","wmurray@precedentmgt.com,jjordan@esplanadeequityllc.com","Fort Myers","FL","33919","Homeowners Association (50-99 units); Condominium Association (50-99 units); Homeowners Association (100+ units); Condominium Association (100+ units)","Setting the Highest Standards in Community Association Management"
"RealManage","support@www.realmanage.com-1.hs-inbox.com","Palm Desert","CA","92806","Homeowners Association (100+ units); Condominium Association (100+ units)","Setting a New Standard for Community Management. We simplify HOA management so you can focus on what"
"Silvercreek Association Management - San Jose","new-deal05dd25541e@newlead.leadsimple.com,james@sc-manage.com,kim@sc-manage.com","San Jose","CA","95101","Homeowners Association (2-49 units); Homeowners Association (50-99 units); Condominium Association (2-49 units); Condominium Association (50-99 units); Homeowners Association (100+ units); Condominium Association (100+ units)","Empowering Your Community, Every Step of the Way."
"Property Management International Greater Philadelphia/Homesmart Realty Advisors","msimmons@greaterphilapm.com,new-deal172ef8aaa4@newlead.leadsimple.com","Philadelphia","PA","19136","Single Home or Condo (Valued up to $300K); Single Home or Condo ($300 to $500K); Multi-Family (2-4 units); Multi-Family (5-19 units); Multi-Family (20-99 units); Homeowners Association (2-49 units); Homeowners Association (50-99 units); Condominium Association (2-49 units); Condominium Association (50-99 units); Homeowners Association (100+ units); Condominium Association (100+ units)","Making property management manageable."
"Florida 360","douglas@florida360mgmt.com,georgia@florida360mgmt.com,philip@florida360mgmt.com,marketing@florida360mgmt.com,tibor@florida360mgmt.com","Naples","FL","34103","Single Home or Condo (Valued up to $300K); Single Home or Condo ($300 to $500K); Single Home or Condo ($500K to $1 Million); Single Home or Condo (Over $1 Million); Multi-Family (2-4 units); Multi-Family (5-19 units); Office (Up to 9,999 sqft); Office (10,000 - 100,000 sqft); Office (100,000+ sqft); Retail (Up to 9,999 sqft); Retail (10,000 - 100,000 sqft); Retail (100,000+ sqft); Light Manufacturing (Up to 100,000 sqft); Light Manufacturing (100,000+ sqft); Warehouse/Distribution (Up to 100,000 sqft); Warehouse/Distribution (100,000+ sqft); Homeowners Association (2-49 units); Homeowners Association (50-99 units); Condominium Association (2-49 units); Condominium Association (50-99 units); Homeowners Association (100+ units); Condominium Association (100+ units)","We are a BBB A+ rating for many years. As a result, we have the tools and know-how to manage your pr"
"SVN TRCA Property Management","tylerstjohn@gmail.com,zack.fejes@svn.com","Pittsburgh","PA","15237","Single Home or Condo (Valued up to $300K); Single Home or Condo ($300 to $500K); Single Home or Condo ($500K to $1 Million); Single Home or Condo (Over $1 Million); Multi-Family (5-19 units); Multi-Family (20-99 units); Office (Up to 9,999 sqft); Office (10,000 - 100,000 sqft); Office (100,000+ sqft); Retail (Up to 9,999 sqft); Retail (10,000 - 100,000 sqft); Retail (100,000+ sqft); Light Manufacturing (Up to 100,000 sqft); Light Manufacturing (100,000+ sqft); Warehouse/Distribution (Up to 100,000 sqft); Warehouse/Distribution (100,000+ sqft); Multi-Family (100+ units); Homeowners Association (50-99 units); Condominium Association (50-99 units); Homeowners Association (100+ units); Condominium Association (100+ units)","Learn why finding the right property manager is an important step in leveraging your investment. Cal"
"Community Management Corp. - New Jersey","nikki.bjerke@associa.us,michael.ryan@associa.us,lbaldwin@associaonline.com","Fairfield","NJ","07004","Homeowners Association (50-99 units); Condominium Association (2-49 units); Condominium Association (50-99 units); Homeowners Association (100+ units); Condominium Association (100+ units)","Is your community reaching its potential? Discover the possibilities of life with Associa."
"Colby Management - Arizona","marcy.cowan@associa.us,rcolon@associaonline.com,lynn.harmon@associa.us,lee.klimansky@associa.us,alexandra.turner@associa.us","Sun City","AZ","85373","Homeowners Association (50-99 units); Condominium Association (2-49 units); Condominium Association (50-99 units); Homeowners Association (100+ units); Condominium Association (100+ units)","Is your community reaching its potential? Discover the possibilities of life with Associa."
"Blue Mountain Community Management","Lee.Klimansky@associa.us,gzuppa@associaonline.com,lbaldwin@associaonline.com,caren@bluemountaincommunity.com","Beaverton","OR","97006","Homeowners Association (50-99 units); Condominium Association (2-49 units); Condominium Association (50-99 units); Homeowners Association (100+ units); Condominium Association (100+ units)","Is your community reaching its potential? Discover the possibilities of life with Blue Mountain."
"Kentuckiana Property Management LLC","travis@kypmllc.com","Louisville","KY","40223","Single Home or Condo (Valued up to $300K); Single Home or Condo ($300 to $500K); Single Home or Condo ($500K to $1 Million); Single Home or Condo (Over $1 Million); Multi-Family (2-4 units); Multi-Family (5-19 units); Multi-Family (20-99 units); Multi-Family (100+ units); Homeowners Association (2-49 units); Homeowners Association (50-99 units); Condominium Association (2-49 units); Condominium Association (50-99 units); Homeowners Association (100+ units)","See why Louisville owners & tenants trust us with all their property needs.  We also specialize in m"
"Cedar Management Group","sales@emsohio.com,sales@emspm.com,cminnix@gmail.com,marketingbot@camcollective.com","Lexington","KY","40504","Homeowners Association (2-49 units); Homeowners Association (50-99 units); Condominium Association (2-49 units); Condominium Association (50-99 units); Homeowners Association (100+ units); Condominium Association (100+ units)","Cedar Management Group is an Accredited Association Management Company with offices in NC, SC, TN, G"
"Cedar Management Group - Indiana","cminnix@gmail.com,marketingbot@camcollective.com,ae@hoasales.com,sales@mycmg.com","Indianapolis","IN","46256","Homeowners Association (2-49 units); Homeowners Association (50-99 units); Condominium Association (2-49 units); Condominium Association (50-99 units); Homeowners Association (100+ units); Condominium Association (100+ units)","Cedar Management Group is an Accredited Association Management Company with offices in NC, SC, TN, G"
"Cedar Management Group","cminnix@gmail.com,marketingbot@camcollective.com,sales@mycmg.com,jshadrick@mycmg.com","Charleston","WV","25301","Homeowners Association (2-49 units); Homeowners Association (50-99 units); Condominium Association (2-49 units); Condominium Association (50-99 units); Homeowners Association (100+ units); Condominium Association (100+ units)","Cedar Management Group is an Accredited Association Management Company with offices in NC, SC, TN, G"
"RealManage","support@www.realmanage.com-1.hs-inbox.com","Atlanta","GA","30096","Homeowners Association (50-99 units); Condominium Association (50-99 units); Homeowners Association (100+ units); Condominium Association (100+ units)","Setting a New Standard for Community Management. We simplify HOA management so you can focus on what"
"The Hignell Companies - Associations","Tina@hignell.com,c.musler@hignell.com","Chico","CA","95928","Homeowners Association (50-99 units); Condominium Association (50-99 units); Homeowners Association (100+ units); Condominium Association (100+ units)","Celebrating our 78th year anniversary in business - Residential, Multifamily, Commercial and HOA Man"
"Tidewater Property Management - MD and DE","gwindisch@tidewaterproperty.com,dgentry@tidewaterproperty.com","Owings Mills","MD","21117","Homeowners Association (100+ units); Condominium Association (100+ units)","We're not just a management company - we're a resource! Contact our team to learn more!"
"Legum & Norman Resorts","ljohnson@legumnorman.com,kayla.hintz@associa.us,Nick.buccola@associa.us,alexandra.turner@associa.us","Ocean City","MD","21842","Homeowners Association (50-99 units); Condominium Association (50-99 units); Homeowners Association (100+ units); Condominium Association (100+ units)","Is your community reaching its potential? Discover the possibilities of life with Associa."
"RealManage","support@www.realmanage.com-1.hs-inbox.com","Southeast","FL","33065","Homeowners Association (100+ units); Condominium Association (100+ units)","Setting a New Standard for Community Management. We simplify HOA management so you can focus on what"
"RealManage","support@www.realmanage.com-1.hs-inbox.com","Southwest","FL","34229","Homeowners Association (50-99 units); Condominium Association (50-99 units); Homeowners Association (100+ units); Condominium Association (100+ units)","Setting a New Standard for Community Management. We simplify HOA management so you can focus on what"
"RealManage","support@www.realmanage.com-1.hs-inbox.com","Tampa","FL","33607","Homeowners Association (50-99 units); Condominium Association (50-99 units); Homeowners Association (100+ units); Condominium Association (100+ units)","Setting a New Standard for Community Management. We simplify HOA management so you can focus on what"
"RealtyWerx Property Management","info@realtywerxpm.com,troy@realtywerxpm.com","Watkinsville","GA","30677","Single Home or Condo (Valued up to $300K); Single Home or Condo ($300 to $500K); Single Home or Condo ($500K to $1 Million); Single Home or Condo (Over $1 Million); Homeowners Association (50-99 units); Condominium Association (50-99 units); Homeowners Association (100+ units); Condominium Association (100+ units)","Managing Homes Away From Home"
"Grant Property Management","mitchell@grantmgmt.com","Boca Raton","FL","33486","Office (Up to 9,999 sqft); Office (10,000 - 100,000 sqft); Office (100,000+ sqft); Retail (Up to 9,999 sqft); Retail (10,000 - 100,000 sqft); Homeowners Association (100+ units); Condominium Association (100+ units)","Full-service association management firm. Servicing: Commercial, HOA, & Condo Assocaitions for over "
"Associa Gulf Coast","sgawecki@associagulfcoast.com,npilafas@associagulfcoast.com,Nick.buccola@associa.us,alexandra.turner@associa.us","Tampa St. Petersburg Sarasota Longboat Key","FL","33912","Homeowners Association (50-99 units); Condominium Association (2-49 units); Condominium Association (50-99 units); Homeowners Association (100+ units); Condominium Association (100+ units)",""
"Iconic Property Management","Emily@iconicpm.com","San Diego","CA","92123","Single Home or Condo (Valued up to $300K); Single Home or Condo ($300 to $500K); Single Home or Condo ($500K to $1 Million); Single Home or Condo (Over $1 Million); Office (Up to 9,999 sqft); Office (10,000 - 100,000 sqft); Light Manufacturing (Up to 100,000 sqft); Warehouse/Distribution (Up to 100,000 sqft); Warehouse/Distribution (100,000+ sqft); Vacation (1-2 units); Vacation (3+ units); Other Associations (Hotel, Resort etc.); Homeowners Association (50-99 units); Condominium Association (2-49 units); Condominium Association (50-99 units); Homeowners Association (100+ units); Condominium Association (100+ units); Mobile Home Community","Comprehensive residential & HOA mgmt services, dedicated to maximizing property value & delivering e"
"Maxwell-Kates, Inc","akarabaic@associait.onmicrosoft.com,amarks@maxwellkates.com,nikki.bjerke@associa.us,alexandra.turner@associa.us","New York","NY","10016","Condominium Association (50-99 units); Condominium Association (100+ units)",""
"Partners Community Management Inc (HOA)","davidm@partnerscm.com,candiceb@partnerscm.com,maryi@partnerscm.com","Monterey Park","CA","91754","Multi-Family (5-19 units); Multi-Family (20-99 units); Multi-Family (100+ units); Homeowners Association (50-99 units); Condominium Association (50-99 units); Homeowners Association (100+ units); Condominium Association (100+ units)","Let us take care of the management...so you can enjoy your community!"
"Premier Association Services - Fort Lauderdale","Dale.Clappison@associait.onmicrosoft.com,alexandra.turner@associa.us","Coral Springs","FL","33065","Homeowners Association (50-99 units); Condominium Association (50-99 units); Homeowners Association (100+ units); Condominium Association (100+ units)",""
"Sandcastle Community Management","alexandra.turner@associa.us,swecksler@associaonline.com,Nick.buccola@associa.us,damians@sandcastlecm.com","Naples","FL","34109","Homeowners Association (50-99 units); Condominium Association (50-99 units); Homeowners Association (100+ units); Condominium Association (100+ units)",""
"Gordon James Realty","Jenna@gordonjamesrealty.com,thomas@realtymanager.org,matthew@gordonjamesrealty.com,elenaw@gordonjamesrealty.com,george@gordonjamesrealty.com","Washington","DC","20005","Single Home or Condo (Valued up to $300K); Single Home or Condo ($300 to $500K); Single Home or Condo ($500K to $1 Million); Single Home or Condo (Over $1 Million); Multi-Family (2-4 units); Multi-Family (5-19 units); Multi-Family (20-99 units); Office (Up to 9,999 sqft); Office (10,000 - 100,000 sqft); Office (100,000+ sqft); Retail (Up to 9,999 sqft); Retail (10,000 - 100,000 sqft); Retail (100,000+ sqft); Light Manufacturing (Up to 100,000 sqft); Light Manufacturing (100,000+ sqft); Warehouse/Distribution (Up to 100,000 sqft); Warehouse/Distribution (100,000+ sqft); Parking Garage; Multi-Family (100+ units); Homeowners Association (2-49 units); Homeowners Association (50-99 units); Condominium Association (2-49 units); Condominium Association (50-99 units); Homeowners Association (100+ units); Condominium Association (100+ units)","Reinventing Real Estate- Simple, Innovative, Proven"
"Goodwin & Company - Houston","mitch.krauss@goodwintx.com,kc.sterling@goodwintx.com,Cameron.Travis@Goodwintx.com","Spring","TX","77373","Other Associations (Hotel, Resort etc.); Homeowners Association (2-49 units); Homeowners Association (50-99 units); Condominium Association (2-49 units); Condominium Association (50-99 units); Homeowners Association (100+ units); Condominium Association (100+ units)","Don't Worry, We Got This!

Serving Texas since 1978"
"IPM HOA Management","bdorry@ipmhoa.com,lynn.harmon@associa.us,maria.rust@associa.us,melanie.hudson@associa.us,deidre.mccarthy@associa.us","Arden","NC","29704","Homeowners Association (50-99 units); Condominium Association (50-99 units); Homeowners Association (100+ units); Condominium Association (100+ units)",""
"PMI Bluebonnet Realty","steven@pmibluebonnetrealty.com,tara@pmibluebonnetrealty.com,new-deal77ff7a3c94@newlead.leadsimple.com","Blanco","TX","78606","Homeowners Association (2-49 units); Homeowners Association (50-99 units); Condominium Association (2-49 units); Condominium Association (50-99 units); Homeowners Association (100+ units); Condominium Association (100+ units)","PMI BLUEBONNET REALTY provides the high-quality customer service that only a LOCAL community manager"
"PMI Alliance","christian@pmialliance.com","Flower Mound","TX","75022","Homeowners Association (2-49 units); Homeowners Association (50-99 units); Condominium Association (2-49 units); Condominium Association (50-99 units); Homeowners Association (100+ units); Condominium Association (100+ units)","With over 20 years of real estate and property management experience, PMI Alliance delivers unmatche"
"All County Perimeter Property Management","garrett@allcountyperimeter.com","Atlanta","GA","30346","Single Home or Condo (Valued up to $300K); Single Home or Condo ($300 to $500K); Single Home or Condo ($500K to $1 Million); Single Home or Condo (Over $1 Million); Multi-Family (2-4 units); Multi-Family (5-19 units); Multi-Family (20-99 units); Multi-Family (100+ units); Homeowners Association (2-49 units); Homeowners Association (50-99 units); Condominium Association (2-49 units); Condominium Association (50-99 units); Homeowners Association (100+ units); Condominium Association (100+ units)","All County Perimeter Property Management, located in Atlanta, GA, offers comprehensive management se"
"RowCal | The Smarter Way to HOA - Colorado","Elena.Love@RowCal.com,sales@rowcal.com,cg71tii7@robot.zapier.com","Colorado Springs","CO","80907","Single Home or Condo (Valued up to $300K); Single Home or Condo ($300 to $500K); Single Home or Condo ($500K to $1 Million); Multi-Family (2-4 units); Multi-Family (5-19 units); Multi-Family (20-99 units); Multi-Family (100+ units); Homeowners Association (2-49 units); Homeowners Association (50-99 units); Condominium Association (2-49 units); Condominium Association (50-99 units); Homeowners Association (100+ units); Condominium Association (100+ units)","Looking for a better HOA Management solution? You just found it."
"Paradigm Realty","mgmt@paradigmrealty.com","Las Vegas","NV","89148","Single Home or Condo (Valued up to $300K); Single Home or Condo ($300 to $500K); Single Home or Condo ($500K to $1 Million); Single Home or Condo (Over $1 Million); Multi-Family (2-4 units); Multi-Family (5-19 units); Multi-Family (20-99 units); Homeowners Association (2-49 units); Homeowners Association (50-99 units); Condominium Association (2-49 units); Condominium Association (50-99 units)","8% Management Fees; Residential, Commercial, Condo/ High-Rise, and Multiplex!!!"
"Westcoast Management and Realty, Inc. - Associations","denise@wcmanagement.info,kim@wcmanagement.info","Tampa","fl","33618","Homeowners Association (50-99 units); Condominium Association (50-99 units); Homeowners Association (100+ units); Condominium Association (100+ units)","Committed to Service!"
"PMI Hudson Property Management - Associations","robert@pmihudson.com","White Plains","NY","10601","Homeowners Association (2-49 units); Homeowners Association (50-99 units); Condominium Association (2-49 units); Condominium Association (50-99 units); Homeowners Association (100+ units); Condominium Association (100+ units)","PMI Hudson Property Management has the tools and experience to provide stress free property manageme"
"Restoration Property Management","chad@restorationpm.com,joy@restorationpm.com","Hammond","LA","70404","Single Home or Condo (Valued up to $300K); Homeowners Association (2-49 units); Homeowners Association (50-99 units); Condominium Association (2-49 units); Condominium Association (50-99 units); Homeowners Association (100+ units); Condominium Association (100+ units)","Restoring the Heart of the Community"
"Homestead Property Management","frank@homesteadpm.com,kat@homesteadpm.com,sales@homesteadpm.com,christine@homesteadpm.com,jeff@homesteadpm.com","Novi","MI","48377","Homeowners Association (2-49 units); Homeowners Association (50-99 units); Condominium Association (2-49 units); Condominium Association (50-99 units); Homeowners Association (100+ units); Condominium Association (100+ units)","""Crafting unique services to meet your property needs and drive your success"""
"K&R Property Management","kenny@krhoautah.com","Lindon","UT","84042","Homeowners Association (2-49 units); Homeowners Association (50-99 units); Condominium Association (2-49 units); Condominium Association (50-99 units); Homeowners Association (100+ units); Condominium Association (100+ units)","We ANSWER our phones and call you back!!"
"Associa Arizona (Tucson)","claudia.oberthier@associa.us,dcastillo@associaarizona.com,alexandra.turner@associa.us,gzuppa@associaonline.com","Tucson","AZ","85704","Homeowners Association (50-99 units); Condominium Association (50-99 units); Homeowners Association (100+ units); Condominium Association (100+ units)",""
"Susquehanna Realty Management LLC - Associations","angela@susqrealty.com","Lancaster","PA","17603","Homeowners Association (2-49 units); Homeowners Association (50-99 units); Condominium Association (2-49 units); Condominium Association (50-99 units); Homeowners Association (100+ units); Condominium Association (100+ units)","Experts in residential property management, proudly serving Central PA since 2005."
"MAK Management, LLC","paul@makmanagementllc.com,megan@makmanagementllc.com","Olathe","KS","66062","Homeowners Association (2-49 units); Homeowners Association (50-99 units); Homeowners Association (100+ units)","Association management that is uncommonly close to the community!"
"PMI Louisville, Inc","todd@pmilouisville.com,hoa@pmilouisville.com,tobin@pmilouisville.com","Louisville","KY","40223","Single Home or Condo (Valued up to $300K); Single Home or Condo ($300 to $500K); Single Home or Condo ($500K to $1 Million); Single Home or Condo (Over $1 Million); Multi-Family (2-4 units); Multi-Family (5-19 units); Homeowners Association (2-49 units); Homeowners Association (50-99 units); Condominium Association (2-49 units); Condominium Association (50-99 units); Homeowners Association (100+ units); Condominium Association (100+ units)","Discover why PMI Louisville (LOO-a-vul) is the only choice for
Property Management!"
"Keystone Pacific Property Management-Ontario","","Irvine","CA","92606","Homeowners Association (100+ units); Condominium Association (100+ units)",""
"Vantage Asset Management","michele.working@gmail.com","Pasadena","CA","91101","Single Home or Condo (Valued up to $300K); Single Home or Condo ($300 to $500K); Single Home or Condo ($500K to $1 Million); Single Home or Condo (Over $1 Million); Multi-Family (2-4 units); Multi-Family (5-19 units); Multi-Family (20-99 units); Office (Up to 9,999 sqft); Office (10,000 - 100,000 sqft); Office (100,000+ sqft); Retail (Up to 9,999 sqft); Retail (10,000 - 100,000 sqft); Retail (100,000+ sqft); Multi-Family (100+ units); Homeowners Association (2-49 units); Homeowners Association (50-99 units); Condominium Association (2-49 units); Condominium Association (50-99 units); Homeowners Association (100+ units); Condominium Association (100+ units)","Vigilant Attentive Management System!"
"IN RHODES MANAGEMENT, INC","angela@inrhodes.com","Ann Arbor","MI","48104","Homeowners Association (50-99 units); Condominium Association (50-99 units); Homeowners Association (100+ units); Condominium Association (100+ units)","IRM specializes in the day to day management of Condominium and Homeowner Associations."
"Community Solutions Property Management","eric@csshoa.com,Lee.Klimansky@associa.us,aschauers@csshoa.com,Calvin@csshoa.com,lbaldwin@associaonline.com","Draper","UT","84020","Homeowners Association (50-99 units); Condominium Association (50-99 units); Homeowners Association (100+ units); Condominium Association (100+ units)",""
"Florida 360","douglas@florida360mgmt.com,marketing@florida360mgmt.com,tibor@florida360mgmt.com,philip@florida360mgmt.com,georgia@florida360mgmt.com","Fort Lauderdale","FL","33306","Single Home or Condo ($300 to $500K); Single Home or Condo ($500K to $1 Million); Single Home or Condo (Over $1 Million); Multi-Family (2-4 units); Multi-Family (5-19 units); Office (Up to 9,999 sqft); Office (10,000 - 100,000 sqft); Office (100,000+ sqft); Retail (Up to 9,999 sqft); Retail (10,000 - 100,000 sqft); Retail (100,000+ sqft); Light Manufacturing (Up to 100,000 sqft); Light Manufacturing (100,000+ sqft); Warehouse/Distribution (Up to 100,000 sqft); Warehouse/Distribution (100,000+ sqft); Homeowners Association (2-49 units); Homeowners Association (50-99 units); Condominium Association (2-49 units); Condominium Association (50-99 units); Homeowners Association (100+ units); Condominium Association (100+ units)","We are a BBB A+ rating for many years. As a result, we have the tools and know-how to manage your pr"
"Florida 360","douglas@florida360mgmt.com,marketing@florida360mgmt.com,georgia@florida360mgmt.com,tibor@florida360mgmt.com,philip@florida360mgmt.com","Miami","FL","33179","Single Home or Condo ($500K to $1 Million); Single Home or Condo (Over $1 Million); Multi-Family (2-4 units); Multi-Family (5-19 units); Office (Up to 9,999 sqft); Office (10,000 - 100,000 sqft); Office (100,000+ sqft); Retail (Up to 9,999 sqft); Retail (10,000 - 100,000 sqft); Retail (100,000+ sqft); Light Manufacturing (Up to 100,000 sqft); Light Manufacturing (100,000+ sqft); Warehouse/Distribution (Up to 100,000 sqft); Warehouse/Distribution (100,000+ sqft); Homeowners Association (2-49 units); Homeowners Association (50-99 units); Condominium Association (2-49 units); Condominium Association (50-99 units); Homeowners Association (100+ units); Condominium Association (100+ units)","We are a BBB A+ rating for many years. As a result, we have the tools and know-how to manage your pr"
"Cedar Management Group - Tennessee","sales@mycmg.com,celine@hoamservices.com,apm@mycmg.com,celine@hoamservices.com,cminnix@gmail.com","Knoxville","TN","37923","Homeowners Association (2-49 units); Homeowners Association (50-99 units); Condominium Association (2-49 units); Condominium Association (50-99 units); Homeowners Association (100+ units); Condominium Association (100+ units)","Cedar Management Group is an Accredited Association Management Company with offices in NC, SC, TN, G"
"Westward360 - Denver","erics@westward360.com,leads@westward360.com,miked@westward360.com","Denver","CO","80204","Homeowners Association (2-49 units); Homeowners Association (50-99 units); Condominium Association (2-49 units); Condominium Association (50-99 units); Homeowners Association (100+ units); Condominium Association (100+ units)","Holistic Property Management: from calm moments to crazy ones, our expertise is yours to lean on."
"Westward360 - Portland","ashdaoey@westward360.com,welcome@westward360.com,leads@westward360.com,ae@hoasales.com,marketingbot@camcollective.com","Portland","OR","97209","Homeowners Association (2-49 units); Homeowners Association (50-99 units); Condominium Association (2-49 units); Condominium Association (50-99 units); Homeowners Association (100+ units); Condominium Association (100+ units)","Holistic Property Management: from calm moments to crazy ones, our expertise is yours to lean on."
"American Property Management","lynn.harmon@associa.us,justin.callahan@associa.us,alexandra.turner@associa.us","Schaumburg","IL","60173","Single Home or Condo (Valued up to $300K); Single Home or Condo ($300 to $500K); Single Home or Condo ($500K to $1 Million); Single Home or Condo (Over $1 Million); Homeowners Association (50-99 units); Condominium Association (50-99 units); Homeowners Association (100+ units); Condominium Association (100+ units)",""
"Atlantic States Management, Inc.","lynn.harmon@associa.us,brian.pizzuti@associa.us,alexandra.turner@associa.us","Hilton Head","SC","29938","Single Home or Condo (Valued up to $300K); Single Home or Condo ($300 to $500K); Single Home or Condo ($500K to $1 Million); Single Home or Condo (Over $1 Million); Homeowners Association (50-99 units); Condominium Association (50-99 units); Homeowners Association (100+ units); Condominium Association (100+ units)",""
"SBB Management Company - Dallas","chris.harrison@goodwintx.com,v.burch@sbbmanagement.com,j.clark@sbbmanagement.com,j.sloan@sbbmanagement.com","Dallas","TX","75243","Homeowners Association (2-49 units); Homeowners Association (50-99 units); Condominium Association (2-49 units); Condominium Association (50-99 units); Homeowners Association (100+ units); Condominium Association (100+ units)","SBB Management Company, based in Dallas, TX, specializes in HOA management with a focus on quality o"
"PMI Reliance","dzisoff@hoapmi.com","Suwanee","GA","30024","Homeowners Association (2-49 units); Homeowners Association (50-99 units); Condominium Association (2-49 units); Condominium Association (50-99 units); Homeowners Association (100+ units); Condominium Association (100+ units)","PMI Reliance: Protecting, Maintaining, and Enhancing Your Community!"
"New World Properties LLC","millie.fernandez@new-world-properties.com","Columbia","SC","29201","Single Home or Condo (Valued up to $300K); Single Home or Condo ($300 to $500K); Single Home or Condo ($500K to $1 Million); Single Home or Condo (Over $1 Million); Multi-Family (20-99 units); Office (Up to 9,999 sqft); Office (10,000 - 100,000 sqft); Office (100,000+ sqft); Retail (Up to 9,999 sqft); Retail (10,000 - 100,000 sqft); Retail (100,000+ sqft); Multi-Family (100+ units); Homeowners Association (50-99 units); Condominium Association (50-99 units); Homeowners Association (100+ units); Condominium Association (100+ units)","Solving all of your property management needs!"
"Idaho HOA Management Inc","nick@idahohoa.com,virginia@idahohoa.com","Caldwell","ID","83605","Homeowners Association (2-49 units); Homeowners Association (50-99 units); Condominium Association (2-49 units); Condominium Association (50-99 units); Homeowners Association (100+ units); Condominium Association (100+ units)","Locally owned and operated.  Over 20 years expericence managing HOAs."
"Altus Property Partners","kevind@urbanrei.com,businessinquiries@urbanrei.com","Chicago","IL","60604","Multi-Family (2-4 units); Multi-Family (5-19 units); Multi-Family (20-99 units); Homeowners Association (2-49 units); Homeowners Association (50-99 units); Condominium Association (2-49 units); Condominium Association (50-99 units); Homeowners Association (100+ units); Condominium Association (100+ units)","Managing with Excellence: Property Management You Can Trust to Think Like an Owner."
"My Arizona HOA Manager","gpaielli@paiellirealty.com,new-deal8e86975b33@newlead.leadsimple.com,insidesales@paiellirealty.com","Tuscon","AZ","85711","Homeowners Association (2-49 units); Homeowners Association (50-99 units); Condominium Association (2-49 units); Condominium Association (50-99 units)","Let our 30 + years of experience go to work for you ! A+ BBB accredited, We make it Simple Not Compl"
"My Florida HOA Manager","gpaielli@paiellirealty.com,6027222139@vtext.com,new-deal73eb9a631d@newlead.leadsimple.com,insidesales@paiellirealty.com","Tampa","FL","33609","Homeowners Association (2-49 units); Homeowners Association (50-99 units); Condominium Association (2-49 units); Condominium Association (50-99 units)","Let our 30 + years of experience go to work for you ! A+ BBB accredited, We make it Simple Not Compl"
"PMI Austin Experts","katrina@pmiaustinexperts.com,anna@pmiaustinexperts.com","Lakeway","TX","78738","Single Home or Condo (Valued up to $300K); Single Home or Condo ($300 to $500K); Single Home or Condo ($500K to $1 Million); Single Home or Condo (Over $1 Million); Multi-Family (2-4 units); Multi-Family (5-19 units); Multi-Family (20-99 units); Multi-Family (100+ units); Homeowners Association (2-49 units); Homeowners Association (50-99 units); Homeowners Association (100+ units)","PMI Austin Experts- We make property management manageable"
"Shook & Tarlton","david.fontana@shook-Tarlton.com","Hickory","NC","28601","Multi-Family (20-99 units); Multi-Family (100+ units); Homeowners Association (2-49 units); Homeowners Association (50-99 units); Homeowners Association (100+ units)","Established 1958"
"PMI Buckeye Services","dingram893@pmibuckeyeservices.com","Lebanon","OH","45036","Homeowners Association (2-49 units); Homeowners Association (50-99 units); Condominium Association (2-49 units); Condominium Association (50-99 units); Homeowners Association (100+ units); Condominium Association (100+ units)","Enjoy Your Community.  We got the rest!"
"Westward360 - Las Vegas","ashdaoey@westward360.com,miked@westward360.com,erics@westward360.com","Las Vegas","NV","89129","Homeowners Association (2-49 units); Homeowners Association (50-99 units); Condominium Association (2-49 units); Condominium Association (50-99 units); Homeowners Association (100+ units); Condominium Association (100+ units)","Holistic Property Management: from calm moments to crazy ones, our expertise is yours to lean on."
"PMI Galveston Bay","michael@pmigalvestonbay.com,kbjggdum@mailparser.io,sales@pmigalvestonbay.com","League City","TX","77574","Single Home or Condo (Valued up to $300K); Single Home or Condo ($300 to $500K); Single Home or Condo ($500K to $1 Million); Single Home or Condo (Over $1 Million); Multi-Family (2-4 units); Vacation (1-2 units); Vacation (3+ units); Homeowners Association (2-49 units); Homeowners Association (50-99 units); Condominium Association (2-49 units); Condominium Association (50-99 units); Homeowners Association (100+ units); Condominium Association (100+ units)","The Best in Galveston and Brazoria Counties!"
"Greenhouse Management Association, LLC","al.perry@greenhousemgt.com","McKinney","TX","75071","Multi-Family (2-4 units); Multi-Family (5-19 units); Multi-Family (20-99 units); Multi-Family (100+ units); Homeowners Association (2-49 units); Homeowners Association (50-99 units); Condominium Association (2-49 units); Condominium Association (50-99 units); Homeowners Association (100+ units); Condominium Association (100+ units)","We promise to protect your property values and be honest and forthright stewards of your interests."
"PMI Scioto Metro","new-deal61d662820a@newlead.leadsimple.com","Columbus","OH","43212","Homeowners Association (50-99 units); Condominium Association (50-99 units); Homeowners Association (100+ units); Condominium Association (100+ units)","Columbus-based HOA and condo association management with the strength of PMI"
"Zeal Community - Condo & HOA Management","ryan@byzeal.com","Winter Park","FL","32789","Homeowners Association (2-49 units); Homeowners Association (50-99 units); Homeowners Association (100+ units)","2025 year-end incentives available!"
"RealManage","support@www.realmanage.com-1.hs-inbox.com","Phoenix","AZ","85048","Homeowners Association (100+ units); Condominium Association (100+ units)","Setting a New Standard for Community Management. We simplify HOA management so you can focus on what"
"RealManage","support@www.realmanage.com-1.hs-inbox.com","Charlotte","NC","28262","Homeowners Association (50-99 units); Condominium Association (50-99 units); Homeowners Association (100+ units); Condominium Association (100+ units)","Setting a New Standard for Community Management. We simplify HOA management so you can focus on what"
"RealManage","support@www.realmanage.com-1.hs-inbox.com","Sacramento","CA","94588","Homeowners Association (100+ units); Condominium Association (100+ units)","Setting a New Standard for Community Management. We simplify HOA management so you can focus on what"
"Legacy Community Services","jcarman@legacycommunityservice.com","Sterling","VA","20166","Homeowners Association (2-49 units); Homeowners Association (50-99 units); Condominium Association (2-49 units); Condominium Association (50-99 units); Homeowners Association (100+ units); Condominium Association (100+ units)","Creating Partnerships one association at a time !"
"CARMANI ENTERPRISES, LLC","david.proinvest@gmail.com","Winter Haven","FL","33881","Homeowners Association (50-99 units); Homeowners Association (100+ units)","Your Golden Rule Response Team"
"Encore Properties & Community Management, LLC","Kelly@encore-NC.com","Fuquay Varina","NC","27526","Homeowners Association (2-49 units); Homeowners Association (50-99 units); Homeowners Association (100+ units)","Excellent service for a low, flat rate!"
"My Arizona HOA Manager","insidesales@paiellirealty.com,6027222139@vtext.com,new-deal8e86975b33@newlead.leadsimple.com,gpaielli@paiellirealty.com","Phoenix","AZ","85053","Homeowners Association (2-49 units); Homeowners Association (50-99 units); Condominium Association (2-49 units); Condominium Association (50-99 units)","Let our 30 + years of experience go to work for you ! A+ BBB accredited, We make it Simple Not Compl"
"Kinetic Property Management","manager@kpmsobe.com","Miami Beach","FL","33119","Single Home or Condo (Valued up to $300K); Single Home or Condo ($300 to $500K); Single Home or Condo ($500K to $1 Million); Single Home or Condo (Over $1 Million); Multi-Family (2-4 units); Multi-Family (5-19 units); Multi-Family (20-99 units); Multi-Family (100+ units); Homeowners Association (2-49 units); Homeowners Association (50-99 units); Condominium Association (2-49 units); Condominium Association (50-99 units)","NOT YOUR TYPICAL MANAGEMENT.
WE GO THE EXTRA STEP TO INCREASE YOUR PROPERTY EFFICIENCY AND PROFITABI"
"HSM Realty & Property Managment","jjoseph@hsmsf.com,jmachado@hsmsf.com,hlin@hsmsf.com","San Francisco","CA","94117","Multi-Family (20-99 units); Multi-Family (100+ units); Homeowners Association (2-49 units); Homeowners Association (50-99 units); Homeowners Association (100+ units)","With over 60 years of experience HSM is a valued consultant to homeowners' associations and owner's "
"Arbella Properties Inc","jefforr423@gmail.com,brenda@arbellatn.com,new-deal767394386e@newlead.leadsimple.com","Johnson City","TN","37604","Single Home or Condo ($300 to $500K); Single Home or Condo ($500K to $1 Million); Single Home or Condo (Over $1 Million); Multi-Family (2-4 units); Multi-Family (5-19 units); Multi-Family (20-99 units); Vacation (1-2 units); Vacation (3+ units); Multi-Family (100+ units); Homeowners Association (2-49 units); Homeowners Association (50-99 units); Condominium Association (2-49 units); Condominium Association (50-99 units); Homeowners Association (100+ units); Condominium Association (100+ units)","Your full-service real estate firm offering brokerage, and property management services to the Tri-C"
"Somerset Association Management","awiles@somersetassociations.com,eslater@houcomm.com,alexandra.turner@associa.us,franes@somersetassociations.com","Fulton","TX","78336","Homeowners Association (50-99 units); Condominium Association (50-99 units); Homeowners Association (100+ units); Condominium Association (100+ units)",""
"ASSOCIATION MANAGEMENT, INC","Nthompson@amihome.net,ajaneashby@amihome.net,jrubelt@amihome.net,jrubelt@keystonepacific.com,Nthompson@keystonepacific.com","Meridian","ID","83646","Homeowners Association (50-99 units); Homeowners Association (100+ units)","Idaho's preferred community association management company"
"Full Circle Management, LLC","nickg@fullcirclemanage.com","Goodhue","MN","55027","Single Home or Condo (Valued up to $300K); Single Home or Condo ($300 to $500K); Single Home or Condo ($500K to $1 Million); Single Home or Condo (Over $1 Million); Multi-Family (2-4 units); Multi-Family (5-19 units); Multi-Family (20-99 units); Multi-Family (100+ units); Homeowners Association (2-49 units); Homeowners Association (50-99 units); Condominium Association (2-49 units); Condominium Association (50-99 units); Homeowners Association (100+ units); Condominium Association (100+ units)","Local Full Service Property Management Company"
"Signer Property Management","jasong@signerboston.com","Brookline","MA","02446","Multi-Family (5-19 units); Multi-Family (20-99 units); Multi-Family (100+ units); Condominium Association (2-49 units); Condominium Association (50-99 units); Condominium Association (100+ units)","Building Relationships"
"Key PA Property Management","anthony@keypapm.com,new-dealb9dcc6b825@newlead.leadsimple.com","Cochranville","PA","19330","Single Home or Condo (Valued up to $300K); Single Home or Condo ($300 to $500K); Single Home or Condo ($500K to $1 Million); Single Home or Condo (Over $1 Million); Multi-Family (2-4 units); Multi-Family (5-19 units); Multi-Family (20-99 units); Office (Up to 9,999 sqft); Office (10,000 - 100,000 sqft); Office (100,000+ sqft); Retail (Up to 9,999 sqft); Retail (10,000 - 100,000 sqft); Retail (100,000+ sqft); Warehouse/Distribution (Up to 100,000 sqft); Warehouse/Distribution (100,000+ sqft); Multi-Family (100+ units); Homeowners Association (2-49 units); Homeowners Association (50-99 units); Condominium Association (2-49 units); Condominium Association (50-99 units); Homeowners Association (100+ units); Condominium Association (100+ units)","Delaware County and Chester County Property Management You Can Trust"
"PMI Birmingham Region","brady@pmibirminghamregion.com","Vestavia Hills","AL","35216","Homeowners Association (2-49 units); Homeowners Association (50-99 units); Condominium Association (2-49 units); Condominium Association (50-99 units); Homeowners Association (100+ units); Condominium Association (100+ units)","Making Property Management Manageable!"
"Cedar Management Group - Virginia","julie@mycmg.com,sales@mycmg.com,apm@mycmg.com,celine@hoamservices.com,cminnix@gmail.com","Richmond","VA","23173","Homeowners Association (2-49 units); Homeowners Association (50-99 units); Condominium Association (2-49 units); Condominium Association (50-99 units); Homeowners Association (100+ units); Condominium Association (100+ units)","Cedar Management Group is an Accredited Association Management Company with offices in NC, SC, TN, G"
"Goodwin and Company - San Antonio","derek.taylor@goodwintx.com,Mitch.Krauss@Goodwintx.com","Austin","TX","78759","Other Associations (Hotel, Resort etc.); Homeowners Association (2-49 units); Homeowners Association (50-99 units); Condominium Association (2-49 units); Condominium Association (50-99 units); Homeowners Association (100+ units); Condominium Association (100+ units)","Don't Worry, We Got This!

Serving Texas Since 1978"
"Goodwin and Company - Dallas Fort Worth","Mitch.Krauss@Goodwintx.com,Matthew.Redmond@Goodwintx.com","Richardson","TX","75080","Other Associations (Hotel, Resort etc.); Homeowners Association (2-49 units); Homeowners Association (50-99 units); Condominium Association (2-49 units); Condominium Association (50-99 units); Homeowners Association (100+ units); Condominium Association (100+ units)","Goodwin and Company, serving Texas since 1978 from their Richardson, TX office, offers reliable prop"
"RedStar Property Partners (Condo)","erik@redstarpm.com","Chicago","IL","60647","Homeowners Association (2-49 units); Homeowners Association (50-99 units); Condominium Association (2-49 units); Condominium Association (50-99 units); Homeowners Association (100+ units); Condominium Association (100+ units)","Don't just work with another Manager; Work with a Property Partner!"
"PMI-Bayou City","ryan.trostad@pmibayoucity.com","Houston","TX","77084","Single Home or Condo (Valued up to $300K); Single Home or Condo ($300 to $500K); Single Home or Condo ($500K to $1 Million); Single Home or Condo (Over $1 Million); Homeowners Association (2-49 units); Homeowners Association (50-99 units); Homeowners Association (100+ units)","Making association management manageable!"
"Integrity HOA and Asset Management","lallis@integrityhoa.com","Denver","CO","80247","Office (Up to 9,999 sqft); Office (10,000 - 100,000 sqft); Office (100,000+ sqft); Homeowners Association (50-99 units); Condominium Association (50-99 units); Homeowners Association (100+ units); Condominium Association (100+ units)","Your Community is Our Community! Professional Customized HOA, Condo and Commercial Association Asset"
"Abacus Avenue Property Management","admin@abacusavenue.com","Hoboken","NJ","07030","Single Home or Condo (Valued up to $300K); Single Home or Condo ($300 to $500K); Single Home or Condo ($500K to $1 Million); Single Home or Condo (Over $1 Million); Multi-Family (2-4 units); Multi-Family (5-19 units); Multi-Family (20-99 units); Office (Up to 9,999 sqft); Office (10,000 - 100,000 sqft); Office (100,000+ sqft); Warehouse/Distribution (Up to 100,000 sqft); Warehouse/Distribution (100,000+ sqft); Vacation (1-2 units); Vacation (3+ units); Multi-Family (100+ units); Homeowners Association (2-49 units); Homeowners Association (50-99 units); Condominium Association (2-49 units); Condominium Association (50-99 units); Mobile Home Community","We know what is important to create, maintain, and protect value from many different angles."
"RealManage","support@www.realmanage.com-1.hs-inbox.com","San Diego","CA","92123","Homeowners Association (100+ units); Condominium Association (100+ units)","Setting a New Standard for Community Management. We simplify HOA management so you can focus on what"
"STK Realty","sayeda@stkrealty.com","Haymarket","VA","20168","Homeowners Association (2-49 units); Homeowners Association (50-99 units); Condominium Association (2-49 units); Condominium Association (50-99 units); Homeowners Association (100+ units); Condominium Association (100+ units)","Someone You Can Trust"
"STK Realty - Washington, DC","sayeda@stkrealty.com","Haymarket","VA","20168","Homeowners Association (2-49 units); Homeowners Association (50-99 units); Condominium Association (2-49 units); Condominium Association (50-99 units); Homeowners Association (100+ units); Condominium Association (100+ units)","Someone You Can Trust"
"Property Management by Design","jeffhorner@pm-bydesign.com","Ankeny","IA","50023","Homeowners Association (2-49 units); Homeowners Association (50-99 units); Condominium Association (2-49 units); Condominium Association (50-99 units); Homeowners Association (100+ units); Condominium Association (100+ units)","Design what works for your association with Property Management by Design!"
"Nesbitt Realty","will@nesbittrealty.com,john@nesbittrealty.com","Alexandria","VA","22307","Homeowners Association (2-49 units); Homeowners Association (50-99 units); Condominium Association (2-49 units); Condominium Association (50-99 units); Homeowners Association (100+ units); Condominium Association (100+ units)","A family-business serving Northern Virginia"
"Waterfield Property Management, LLC","sam@waterfield-pm.com,joemarie@waterfield-pm.com,aurielle@kallmertenre.com","Winchester","MA","01890","Multi-Family (2-4 units); Multi-Family (5-19 units); Homeowners Association (2-49 units); Homeowners Association (50-99 units); Condominium Association (2-49 units); Condominium Association (50-99 units)","Tech driven efficiency. Local knowledge & expertise."
"Greenacre Management","david@greenroadcap.com","Great Neck","NY","11021","Multi-Family (20-99 units); Multi-Family (100+ units); Homeowners Association (2-49 units); Homeowners Association (50-99 units); Homeowners Association (100+ units)","A boutique New York City property management firm experienced in luxury, mixed income, and affordabl"
"Nicodi Management","chantz.morris@nicodimanagement.com","Columbus","IN","47201","Single Home or Condo (Valued up to $300K); Single Home or Condo ($300 to $500K); Single Home or Condo ($500K to $1 Million); Single Home or Condo (Over $1 Million); Multi-Family (2-4 units); Multi-Family (5-19 units); Office (Up to 9,999 sqft); Office (10,000 - 100,000 sqft); Office (100,000+ sqft); Retail (Up to 9,999 sqft); Retail (10,000 - 100,000 sqft); Retail (100,000+ sqft); Light Manufacturing (Up to 100,000 sqft); Light Manufacturing (100,000+ sqft); Warehouse/Distribution (Up to 100,000 sqft); Warehouse/Distribution (100,000+ sqft); Parking Garage; Biotech/Mission-Critical; Homeowners Association (2-49 units); Homeowners Association (50-99 units); Homeowners Association (100+ units)","Your go to property managers!"
"Evolve Association Management","Contact@EvolveAM.com","Atlanta","GA","30316","Homeowners Association (2-49 units); Homeowners Association (50-99 units); Condominium Association (2-49 units); Condominium Association (50-99 units); Homeowners Association (100+ units); Condominium Association (100+ units)","Evolve Association Management offers top-tier association management services tailored specifically "
"Denali Property Management, Inc.","salesforce@denalipm.com","Chester","NJ","07930","Multi-Family (100+ units); Homeowners Association (50-99 units); Condominium Association (50-99 units); Homeowners Association (100+ units); Condominium Association (100+ units)","Denali Property Management, Inc., established in New Jersey & Eastern Pennsylvania, offers top-tier "
"GNO Property Management, LLC","Faith@gnoproperty.com,larae@gnoproperty.com,anne@gnoproperty.com","Harahan","LA","70123","Homeowners Association (2-49 units); Homeowners Association (50-99 units); Condominium Association (2-49 units); Condominium Association (50-99 units); Homeowners Association (100+ units); Condominium Association (100+ units)","Full-service management company dedicated to providing the highest quality customer service."
"GIM Property Management","leads@getgim.com","Upton","MA","01568","Single Home or Condo (Valued up to $300K); Single Home or Condo ($300 to $500K); Single Home or Condo ($500K to $1 Million); Single Home or Condo (Over $1 Million); Multi-Family (2-4 units); Multi-Family (5-19 units); Multi-Family (20-99 units); Multi-Family (100+ units); Homeowners Association (2-49 units); Homeowners Association (50-99 units); Condominium Association (2-49 units); Condominium Association (50-99 units)","GIM Property Management, located in Upton, MA, prides itself on being Massachusetts' most trustworth"
"Alliance Association Management","steven@thealliancemgt.com,allie@thealliancemgt.com","Temecula","CA","92590","Homeowners Association (2-49 units); Homeowners Association (50-99 units); Condominium Association (2-49 units); Condominium Association (50-99 units); Homeowners Association (100+ units); Condominium Association (100+ units)","Technology, Transparency, and Communication."
"Menas HOA Management, a Diversified Company","jmenas@menas.com","Orange County","CA","92108","Homeowners Association (2-49 units); Homeowners Association (50-99 units); Condominium Association (2-49 units); Condominium Association (50-99 units); Homeowners Association (100+ units); Condominium Association (100+ units)","We have been serving HOA communities since 1973 and we welcome the opportunity to add your community"
"Kahana Management","adrian@kahananyc.com","New York","NY","10168","Single Home or Condo ($300 to $500K); Single Home or Condo ($500K to $1 Million); Single Home or Condo (Over $1 Million); Multi-Family (20-99 units); Homeowners Association (2-49 units); Homeowners Association (50-99 units); Condominium Association (2-49 units); Condominium Association (50-99 units)","Property Management firm specializing in Multifamily, Coops and Condos"
"PMI Breck","scott@pmibreck.com,trace@pmibreck.com","BRECKENRIDGE","CO","80424","Office (Up to 9,999 sqft); Office (10,000 - 100,000 sqft); Office (100,000+ sqft); Retail (Up to 9,999 sqft); Retail (10,000 - 100,000 sqft); Retail (100,000+ sqft); Vacation (1-2 units); Vacation (3+ units); Other Associations (Hotel, Resort etc.); Homeowners Association (2-49 units); Homeowners Association (50-99 units); Condominium Association (2-49 units); Condominium Association (50-99 units); Homeowners Association (100+ units); Condominium Association (100+ units)","Experience The PMI Difference. Effective. Honest. Accurate. Available."
"Community Compass, LLC","andrea@communitycompassva.com","McGaheysville","VA","22840","Other Associations (Hotel, Resort etc.); Homeowners Association (2-49 units); Homeowners Association (50-99 units); Condominium Association (2-49 units); Condominium Association (50-99 units); Homeowners Association (100+ units); Condominium Association (100+ units)","Community Compass LLC is the only association management company in Harrisonburg, VA, led by a PCAM-"
"Ghertner & Company","julian.white@ghertner.com","Nashville","TN","37228","Homeowners Association (100+ units); Condominium Association (100+ units)","Emblem of Homeowner Association Management Excellence Since 1968"
"PMI Prestige","aorot@pmiprestige.com,alexander@pmiprestige.com","Katy","TX","77494","Homeowners Association (2-49 units); Homeowners Association (50-99 units); Condominium Association (2-49 units); Condominium Association (50-99 units); Homeowners Association (100+ units); Condominium Association (100+ units)","Your Association's Success is Our Priority"
"Watts Team Real Estate","uscwatts@gmail.com","Dana Point","CA","92629","Single Home or Condo ($500K to $1 Million); Single Home or Condo (Over $1 Million); Homeowners Association (50-99 units); Condominium Association (50-99 units)","Committed to providing exemplary service and communication to find the dream home you deserve."
"RowCal | The Smarter Way to HOA - Texas","Elena.Love@rowcal.com,Sales@rowcal.com,cg71tii7@robot.zapier.com","Austin","TX","78758","Homeowners Association (2-49 units); Homeowners Association (50-99 units); Condominium Association (2-49 units); Condominium Association (50-99 units); Homeowners Association (100+ units); Condominium Association (100+ units)","Looking for a better HOA Management solution? You just found it."
"RowCal | The Smarter Way to HOA - Illinois","Sales@rowcal.com,Elena.Love@RowCal.com,cg71tii7@robot.zapier.com","Arlington Heights","IL","60005","Homeowners Association (2-49 units); Homeowners Association (50-99 units); Condominium Association (2-49 units); Condominium Association (50-99 units); Homeowners Association (100+ units); Condominium Association (100+ units)","Looking for a better HOA Management solution? You just found it."
"Intempus Management","mforcier@intempus.net,ekorsunsky@intempus.net,zap.am@intempus.net","Sacramento","CA","94203","Homeowners Association (2-49 units); Homeowners Association (50-99 units); Condominium Association (2-49 units); Condominium Association (50-99 units); Homeowners Association (100+ units); Condominium Association (100+ units)","Trusted HOA Management for Sacramento Communities."
"SunWest Management","finance@swmlife.com","St. George","UT","84790","Homeowners Association (2-49 units); Homeowners Association (50-99 units); Homeowners Association (100+ units)","Creating Community...Welcome Home!"
"Westward360 - Milwaukee","leads@westward360.com,micheller@westward360.com","Milwaukee","WI","53202","Homeowners Association (2-49 units); Homeowners Association (50-99 units); Condominium Association (2-49 units); Condominium Association (50-99 units); Homeowners Association (100+ units); Condominium Association (100+ units)","Holistic Property Management:

from calm moments to crazy ones, our expertise is yours to lean on."
"Watkins Carter Property Management","brady@watkinscarter.com","Meridian","ID","83680","Homeowners Association (2-49 units); Homeowners Association (50-99 units); Condominium Association (2-49 units); Condominium Association (50-99 units); Homeowners Association (100+ units); Condominium Association (100+ units)","No days off!"
"PMI PHX SW","mu@pmiphxsw.com","Phoenix","AZ","85048","Homeowners Association (2-49 units); Homeowners Association (50-99 units); Condominium Association (2-49 units); Condominium Association (50-99 units)","HOA Management you can TRUST"
"PMI Cross Timbers","john@pmicrosstimbers.com,craig@pmicrosstimbers.com,new-deal5fe3645e80@newlead.leadsimple.com","Lewisville","TX","75067","Homeowners Association (2-49 units); Homeowners Association (50-99 units); Condominium Association (50-99 units); Homeowners Association (100+ units); Condominium Association (100+ units)","Welcome to PMI Cross Timbers: Redefining Excellence in Association Management."
"United Community Management","anthony@unitedcommunitymgt.com","ROYAL OAK","MI","48067","Homeowners Association (50-99 units); Condominium Association (50-99 units); Homeowners Association (100+ units); Condominium Association (100+ units)","We Make Community Management A Breeze!"
"Maudern Management","estelle@maudernmgmt.com","Dallas","TX","75208","Homeowners Association (2-49 units); Homeowners Association (50-99 units); Condominium Association (2-49 units); Condominium Association (50-99 units); Homeowners Association (100+ units)","Managing associations in thriving communities."
"PMI Northeast Atlanta","kent@pmi-neatl.com,new-deald654cb7164@newlead.leadsimple.com","Suwanee","GA","30024","Homeowners Association (100+ units); Condominium Association (100+ units)","PMI Northeast Atlanta, located in Suwanee, GA, offers full-service Association management services. "
"EJF Real Estate Services","lynn.simpson@ejfrealestate.com,ysy3lgdf@robot.zapier.com,melissa.bagherian@ejfrealestate.com,richen.padiz@ejfrealestate.com","Washington","DC","20009","Other Associations (Hotel, Resort etc.); Homeowners Association (2-49 units); Homeowners Association (50-99 units); Condominium Association (2-49 units); Condominium Association (50-99 units); Homeowners Association (100+ units); Condominium Association (100+ units)","""At EJF Real Estate Services, we're your trusted partners for exceptional property management in DC"
"Hunt Management","Angel.Huenefeld@associa.us,lynn.harmon@associa.us,jhunt@huntmanagement.com,alexandra.turner@associa.us","Abrams","WI","54405","Homeowners Association (50-99 units); Condominium Association (50-99 units); Homeowners Association (100+ units); Condominium Association (100+ units)",""
"ONENESS MANAGEMENT","kelly@onenessmgmt.com","Miami Beach","FL","33139","Homeowners Association (2-49 units); Homeowners Association (50-99 units); Condominium Association (2-49 units); Condominium Association (50-99 units); Homeowners Association (100+ units); Condominium Association (100+ units)","Exceeding expectations!"
"PMI Turn Key NJ - Association","NICK@PMITURNKEYNJ.COM,DENISE@PMITURNKEYNJ.COM,new-deal1dfaa2c004@newlead.leadsimple.com","Hamilton","NJ","08691","Single Home or Condo (Valued up to $300K); Single Home or Condo ($300 to $500K); Single Home or Condo ($500K to $1 Million); Single Home or Condo (Over $1 Million); Multi-Family (2-4 units); Multi-Family (5-19 units); Multi-Family (20-99 units); Multi-Family (100+ units); Homeowners Association (2-49 units); Homeowners Association (50-99 units); Condominium Association (2-49 units); Condominium Association (50-99 units); Homeowners Association (100+ units); Condominium Association (100+ units)","At PMI, WE ARE THE property management people. A national BRAND, with a LOCAL presence. With over 40"
"Association Management Consultants","lisa@amcconline.com","Warminster","PA","18974","Homeowners Association (2-49 units); Homeowners Association (50-99 units); Condominium Association (2-49 units); Condominium Association (50-99 units); Homeowners Association (100+ units); Condominium Association (100+ units)","Working with you in the most sensitive setting...the place you call home."
"CC&R's Property Management (Community Commercial & Residential Services Corp)","info@ccandrs.com,rachelle@ccandrs.com","ORANGE","CA","92868","Homeowners Association (2-49 units); Homeowners Association (50-99 units); Condominium Association (2-49 units); Condominium Association (50-99 units)","Orange County's Best Boutique Property Management Company!"
"Metropolis Condominium Management-Nashville","mjlobb@wearemetropolis.com,mjlobb@gmail.com","Hyattsville","MD","20781","Homeowners Association (50-99 units); Condominium Association (50-99 units); Homeowners Association (100+ units); Condominium Association (100+ units)","Combining real-time, online communication and personalized creative solutions to meet your community"
"Panhandle Community Association Management","pcam@pcam.fun","Destin","FL","32541","Homeowners Association (2-49 units); Homeowners Association (50-99 units); Condominium Association (2-49 units); Condominium Association (50-99 units); Homeowners Association (100+ units); Condominium Association (100+ units)","Full tranparency, communication, prompt and accurate financials makes PCAM your best alternative."
"LandMark Community Management","info@landmarkcm.com","Leander","TX","78641","Condominium Association (2-49 units); Condominium Association (50-99 units)","Different than the rest - 
LandMark Community Management."
"Briarwood Properties","duka@briarwoodorg.com,mchiang@briarwoodorg.com","Bayside","NY","11361","Multi-Family (20-99 units); Multi-Family (100+ units); Homeowners Association (50-99 units); Condominium Association (50-99 units); Homeowners Association (100+ units); Condominium Association (100+ units)","Est. 1912"
"Landmark Resources","winston@landmarkcolumbia.com","Columbia","SC","29201","Homeowners Association (2-49 units); Homeowners Association (50-99 units); Condominium Association (2-49 units); Condominium Association (50-99 units); Homeowners Association (100+ units); Condominium Association (100+ units)","Your trusted partner in  HOA Management !!"
"Advanced Community Services","ryan@acs-hoa.com,sheldon@acs-hoa.com","Phoenix","AZ","85001","Homeowners Association (2-49 units); Homeowners Association (50-99 units); Condominium Association (2-49 units); Condominium Association (50-99 units); Homeowners Association (100+ units); Condominium Association (100+ units)",""
"PMI SouthBay","ceo@pmisouthbay.com,new-deale6784cffbb@newlead.leadsimple.com","Santa Clara","CA","95050","Multi-Family (2-4 units); Multi-Family (5-19 units); Multi-Family (20-99 units); Office (Up to 9,999 sqft); Office (10,000 - 100,000 sqft); Office (100,000+ sqft); Retail (Up to 9,999 sqft); Retail (10,000 - 100,000 sqft); Retail (100,000+ sqft); Light Manufacturing (Up to 100,000 sqft); Light Manufacturing (100,000+ sqft); Warehouse/Distribution (Up to 100,000 sqft); Warehouse/Distribution (100,000+ sqft); Parking Garage; Multi-Family (100+ units); Homeowners Association (2-49 units); Homeowners Association (50-99 units); Condominium Association (2-49 units); Condominium Association (50-99 units); Homeowners Association (100+ units); Condominium Association (100+ units); Mobile Home Community","PMI, a nation wide property management company and with over 10 years of experience, recognizes the "
"Block and Associates Realty HOA & COA","mmeyer@blockrealty.com,hoadirector@blockrealty.com","Cary","NC","27511","Homeowners Association (2-49 units); Homeowners Association (50-99 units); Condominium Association (2-49 units); Condominium Association (50-99 units); Homeowners Association (100+ units); Condominium Association (100+ units)",""
"Ocean Blue Community Management, Inc.","david@oceanbluecam.com","Tampa","FL","33612","Homeowners Association (2-49 units); Homeowners Association (50-99 units); Condominium Association (2-49 units); Condominium Association (50-99 units); Homeowners Association (100+ units); Condominium Association (100+ units)","Building Your Community's Best Future​. West Florida's Premier HOA and Condo Association Management "
"Bellum Property Management","askus@bellumpm.com","Alexandria","VA","22314","Homeowners Association (2-49 units); Homeowners Association (50-99 units); Condominium Association (2-49 units); Condominium Association (50-99 units); Homeowners Association (100+ units); Condominium Association (100+ units)","Your Trusted Partner in Property Management: 

Unlock the Full Potential of Your Real Estate: Maximi"
"Bellum Property Management","askus@bellumpm.com","Alexandria","VA","22314","Condominium Association (2-49 units); Condominium Association (50-99 units); Homeowners Association (100+ units); Condominium Association (100+ units)","Your Trusted Partner in Property Management: 

Unlock the Full Potential of Your Real Estate: Maximi"
"EJF Real Estate Services","lynn.simpson@ejfrealestate.com,ysy3lgdf@robot.zapier.com,melissa.bagherian@ejfrealestate.com,richen.padiz@ejfrealestate.com","Newport News","VA","23606","Other Associations (Hotel, Resort etc.); Homeowners Association (2-49 units); Homeowners Association (50-99 units); Condominium Association (2-49 units); Condominium Association (50-99 units); Homeowners Association (100+ units); Condominium Association (100+ units)","""At EJF Real Estate Services, we're your trusted partners for exceptional property management from "
"RowCal | The Smarter Way to HOA - New England","Elena.Love@RowCal.com,Sales@rowcal.com,cg71tii7@robot.zapier.com","Boston","MA","02110","Homeowners Association (2-49 units); Homeowners Association (50-99 units); Condominium Association (2-49 units); Condominium Association (50-99 units); Homeowners Association (100+ units); Condominium Association (100+ units)","Looking for a better HOA Management solution? You just found it."
"Goodwin & Company - Louisiana","Cathy.Winfield@goodwin-co.com","Duson","LA","70578","Homeowners Association (2-49 units); Homeowners Association (50-99 units); Condominium Association (2-49 units); Condominium Association (50-99 units); Homeowners Association (100+ units); Condominium Association (100+ units)","Don't Worry, We've Got This!"
"MAK Management, LLC","paul@makmanagementllc.com,megan@makmanagementllc.com","Novi","MI","48377","Homeowners Association (2-49 units); Homeowners Association (50-99 units); Homeowners Association (100+ units)","Association management that’s uncommonly close to the community."
"Compass Rose Management of North Texas","sbenham@crmntx.com","Dallas","TX","75243","Homeowners Association (2-49 units); Homeowners Association (50-99 units); Condominium Association (2-49 units); Condominium Association (50-99 units); Homeowners Association (100+ units); Condominium Association (100+ units)","Compass Rose Management of North Texas, based in Dallas, TX, specializes in elevating homeowner’s as"
"Alfa Homes","Emil@alfahomesllc.com","Alpharetta","GA","30009","Homeowners Association (2-49 units); Homeowners Association (50-99 units); Homeowners Association (100+ units)","Your Assets | Your Dreams | Our Priority"
"PMI DC Beltway","jack@pmipgcounty.com","College Park","MD","20740","Homeowners Association (2-49 units); Homeowners Association (50-99 units); Condominium Association (2-49 units); Condominium Association (50-99 units); Homeowners Association (100+ units); Condominium Association (100+ units)","The Association Management People"
"PMI PG County - D.C.","jack@pmipgcounty.com","Lanham","MD","20706","Homeowners Association (2-49 units); Homeowners Association (50-99 units); Condominium Association (2-49 units); Condominium Association (50-99 units); Homeowners Association (100+ units); Condominium Association (100+ units)","The Association Management People"
"Global Society Management LLC","contactgsmllc@gmail.com","South Windsor","CT","06074","Homeowners Association (2-49 units); Homeowners Association (50-99 units); Condominium Association (2-49 units); Condominium Association (50-99 units); Homeowners Association (100+ units); Condominium Association (100+ units)","Home Owners Association management solutions"
"Strida Management Group","Richard@stridamgmt.com","Oklahoma City","OK","73118","Homeowners Association (2-49 units); Homeowners Association (50-99 units); Condominium Association (2-49 units); Condominium Association (50-99 units); Homeowners Association (100+ units); Condominium Association (100+ units)","HOA Management Streamlined"
"Personalized Property Management","David@PPMinternet.com","Cathedral City","CA","92234","Homeowners Association (2-49 units); Homeowners Association (50-99 units); Condominium Association (2-49 units); Condominium Association (50-99 units); Homeowners Association (100+ units); Condominium Association (100+ units); Mobile Home Community","The Coachella Valley's Community Management Company. Specializing in homeowners association manageme"
"Hartford Property Management LLC","Mitch@HartfordPM.com,new-deal0bd0eccc39@newlead.leadsimple.com","Rochester","NH","03867","Single Home or Condo (Valued up to $300K); Single Home or Condo ($300 to $500K); Single Home or Condo ($500K to $1 Million); Single Home or Condo (Over $1 Million); Multi-Family (2-4 units); Multi-Family (5-19 units); Multi-Family (20-99 units); Other Associations (Hotel, Resort etc.); Multi-Family (100+ units); Homeowners Association (2-49 units); Homeowners Association (50-99 units); Condominium Association (2-49 units); Condominium Association (50-99 units); Homeowners Association (100+ units); Condominium Association (100+ units); Mobile Home Community","Creating Freedom and Peace of Mind for Property Owners!"
"EB Community Managers","SRipley@EBCommunityMGRS.com,lynn.harmon@associa.us,alexandra.turner@associa.us,Mitch.Armstrong@associa.us","Los Angeles","CA","94947","Homeowners Association (50-99 units); Condominium Association (50-99 units); Homeowners Association (100+ units); Condominium Association (100+ units)",""
"Bay Area Property Services","Lisa@bayservice.net,angela@bayservice.net","Walnut Creek","CA","94598","Homeowners Association (50-99 units); Condominium Association (50-99 units); Homeowners Association (100+ units); Condominium Association (100+ units)","Bay Area Property Services (BAPS) specializes in full-service community association management only."
"Andover Management","scott@andoverllc.com,abby@andoverllc.com,proposals@andoverllc.com","Royal Oak","MI","48073","Multi-Family (2-4 units); Multi-Family (5-19 units); Multi-Family (20-99 units); Office (Up to 9,999 sqft); Office (10,000 - 100,000 sqft); Multi-Family (100+ units); Homeowners Association (2-49 units); Homeowners Association (50-99 units); Condominium Association (2-49 units); Condominium Association (50-99 units); Homeowners Association (100+ units); Condominium Association (100+ units)","Our mission is to manage your property as if we owned it ourselves! Your real estate investment is i"
"Genuine Management Services","mrains@genuinemgt.com,JRains@GenuineMgt.com","Ormond Beach","FL","32175","Homeowners Association (2-49 units); Homeowners Association (50-99 units); Condominium Association (2-49 units); Condominium Association (50-99 units); Homeowners Association (100+ units); Condominium Association (100+ units)","Experience the Genuine Difference!"
"RealManage","support@www.realmanage.com-1.hs-inbox.com","Jacksonville","FL","32034","Homeowners Association (100+ units); Condominium Association (100+ units)","Setting a New Standard for Community Management. We simplify HOA management so you can focus on what"
"RowCal | The Smarter Way to HOA - California South","Sales@rowcal.com,Elena.Love@RowCal.com,cg71tii7@robot.zapier.com","Ventura","CA","90291","Homeowners Association (2-49 units); Homeowners Association (50-99 units); Condominium Association (2-49 units); Condominium Association (50-99 units); Homeowners Association (100+ units); Condominium Association (100+ units)","Looking for a better HOA Management solution? You just found it."
"myCAM Services","sg@mycamservices.com","Plantation","FL","33324","Homeowners Association (2-49 units); Homeowners Association (50-99 units); Condominium Association (2-49 units); Condominium Association (50-99 units); Homeowners Association (100+ units); Condominium Association (100+ units)","Empowering communities, ​one property at a time."
"All County Peak - Chattanooga","dave@allcountypeak.com","Chattanooga","TN","37341","Single Home or Condo (Valued up to $300K); Single Home or Condo ($300 to $500K); Single Home or Condo ($500K to $1 Million); Single Home or Condo (Over $1 Million); Multi-Family (2-4 units); Multi-Family (5-19 units); Multi-Family (20-99 units); Multi-Family (100+ units); Condominium Association (2-49 units); Condominium Association (50-99 units); Condominium Association (100+ units)","Your Full-Service Chattanooga Property Management Company!"
"Page Association Management Group","Joshua@pageamg.com","Buford","GA","30518","Office (Up to 9,999 sqft); Office (10,000 - 100,000 sqft); Office (100,000+ sqft); Retail (Up to 9,999 sqft); Retail (10,000 - 100,000 sqft); Retail (100,000+ sqft); Light Manufacturing (Up to 100,000 sqft); Light Manufacturing (100,000+ sqft); Warehouse/Distribution (Up to 100,000 sqft); Warehouse/Distribution (100,000+ sqft); Parking Garage; Biotech/Mission-Critical; Homeowners Association (2-49 units); Homeowners Association (50-99 units); Condominium Association (2-49 units); Condominium Association (50-99 units); Homeowners Association (100+ units); Condominium Association (100+ units)","Tailored Association Management Services"
"Reliance Property Management Group, LLC","tejas@rpmg.us","New Brunswick","NJ","08901","Homeowners Association (50-99 units); Condominium Association (50-99 units); Homeowners Association (100+ units); Condominium Association (100+ units)","The HOA Management Company You Can Rely On

Partner with an HOA/Condo Association management company"
"Silverleaf Management Group","lturner@silverleafmanagement.com,andrea@silverleafmanagement.com,djagt@silverleafmanagement.com,jacqueline@silverleafmanagement.com","Loganville","GA","30052","Homeowners Association (50-99 units); Condominium Association (50-99 units); Homeowners Association (100+ units); Condominium Association (100+ units)","Silverleaf Management Group: Excellence in Every Interaction, Progress in Every Partnership — Experi"
"RealManage","support@www.realmanage.com-1.hs-inbox.com","Salt Lake City","UT","84044","Homeowners Association (50-99 units); Condominium Association (50-99 units); Homeowners Association (100+ units); Condominium Association (100+ units)","Setting a New Standard for Community Management. We simplify HOA management so you can focus on what"
"RowCal | The Smarter Way to HOA - Tennessee","Sales@rowcal.com,Elena.Love@RowCal.com,cg71tii7@robot.zapier.com","Hendersonville","TN","37075","Homeowners Association (2-49 units); Homeowners Association (50-99 units); Condominium Association (2-49 units); Condominium Association (50-99 units); Homeowners Association (100+ units); Condominium Association (100+ units)","Looking for a better HOA Management solution? You just found it."
"RowCal | The Smarter Way to HOA - Pennsylvania","Elena.Love@RowCal.com,Sales@rowcal.com,cg71tii7@robot.zapier.com","Malvern","PA","19355","Homeowners Association (2-49 units); Homeowners Association (50-99 units); Condominium Association (2-49 units); Condominium Association (50-99 units); Homeowners Association (100+ units); Condominium Association (100+ units)","Looking for a better HOA Management solution? You just found it."
"Goodwin & Company - West Texas","Brandi.Chaves@goodwintx.com","Abilene","TX","79604","Homeowners Association (2-49 units); Homeowners Association (50-99 units); Condominium Association (2-49 units); Condominium Association (50-99 units); Homeowners Association (100+ units); Condominium Association (100+ units)","Don't Worry, We Got This!

Serving Texas since 1978"
"HOA Organizers","matt@hoaorganizers.com","Los Angeles","CA","91306","Other Associations (Hotel, Resort etc.); Homeowners Association (50-99 units); Condominium Association (50-99 units); Homeowners Association (100+ units); Condominium Association (100+ units); Mobile Home Community","Innovation. Professionalism. Excellence. Experience the difference professional, award-winning manag"
"HOA Organizers","matt@hoaorganizers.com","Walnut Creek","CA","94596","Other Associations (Hotel, Resort etc.); Homeowners Association (50-99 units); Condominium Association (50-99 units); Homeowners Association (100+ units); Condominium Association (100+ units); Mobile Home Community","Innovation. Professionalism. Excellence. Experience the difference professional, award-winning manag"
"HOA Organizers","matt@hoaorganizers.com","Gold River","CA","95670","Other Associations (Hotel, Resort etc.); Homeowners Association (50-99 units); Condominium Association (50-99 units); Homeowners Association (100+ units); Condominium Association (100+ units); Mobile Home Community","Innovation. Professionalism. Excellence. Experience the difference professional, award-winning manag"
"HOA Organizers","matt@hoaorganizers.com","San Diego","CA","92101","Other Associations (Hotel, Resort etc.); Homeowners Association (50-99 units); Condominium Association (50-99 units); Homeowners Association (100+ units); Condominium Association (100+ units); Mobile Home Community","Innovation. Professionalism. Excellence. Experience the difference professional, award-winning manag"
"HOA Organizers","matt@hoaorganizers.com","Palm Desert","CA","92260","Other Associations (Hotel, Resort etc.); Homeowners Association (50-99 units); Condominium Association (50-99 units); Homeowners Association (100+ units); Condominium Association (100+ units); Mobile Home Community","Innovation. Professionalism. Excellence. Experience the difference professional, award-winning manag"
"HOA Organizers","matt@hoaorganizers.com","Irvine","CA","92612","Other Associations (Hotel, Resort etc.); Homeowners Association (50-99 units); Condominium Association (50-99 units); Homeowners Association (100+ units); Condominium Association (100+ units); Mobile Home Community","Innovation. Professionalism. Excellence. Experience the difference professional, award-winning manag"
"HOA Organizers","matt@hoaorganizers.com","Walnut Creek","CA","94596","Other Associations (Hotel, Resort etc.); Homeowners Association (50-99 units); Condominium Association (50-99 units); Homeowners Association (100+ units); Condominium Association (100+ units); Mobile Home Community","Innovation. Professionalism. Excellence. Experience the difference professional, award-winning manag"
"HOA Organizers","matt@hoaorganizers.com","Winnetka","CA","91306","Other Associations (Hotel, Resort etc.); Homeowners Association (50-99 units); Condominium Association (50-99 units); Homeowners Association (100+ units); Condominium Association (100+ units); Mobile Home Community","Innovation. Professionalism. Excellence. Experience the difference professional, award-winning manag"
"HOA Organizers","matt@hoaorganizers.com","Spokane","WA","99201","Other Associations (Hotel, Resort etc.); Homeowners Association (50-99 units); Condominium Association (50-99 units); Homeowners Association (100+ units); Condominium Association (100+ units); Mobile Home Community","Nominated for Management Company of the Year by Washington State CAI! Innovation. Professionalism. E"
"HOA Organizers","matt@hoaorganizers.com","Seattle","WA","98123","Other Associations (Hotel, Resort etc.); Homeowners Association (50-99 units); Condominium Association (50-99 units); Homeowners Association (100+ units); Condominium Association (100+ units); Mobile Home Community","Nominated for Management Company of the Year by Washington State CAI! Innovation. Professionalism. E"
"RealManage","","Nashville","TN","37011","Homeowners Association (100+ units); Condominium Association (100+ units)","Setting a New Standard for Community Management. We simplify HOA management so you can focus on what"
"RealManage","","Tucson","AZ","85641","Homeowners Association (100+ units); Condominium Association (100+ units)","Setting a New Standard for Community Management. We simplify HOA management so you can focus on what"
"RealManage","","Los angeles","CA","90001","Homeowners Association (100+ units); Condominium Association (100+ units)","Setting a New Standard for Community Management. We simplify HOA management so you can focus on what"
"RealManage","","Orange County","CA","92806","Homeowners Association (100+ units); Condominium Association (100+ units)","Setting a New Standard for Community Management. We simplify HOA management so you can focus on what"
"RealManage","","Colorado Springs","CO","80920","Homeowners Association (100+ units); Condominium Association (100+ units)","Setting a New Standard for Community Management. We simplify HOA management so you can focus on what"
"SBB Management Company – Houston","V.Burch@SBBManagement.com,c.aiken@sbbmanagement.com,mitch.krauss@goodwintx.com","Spring","TX","77379","Homeowners Association (2-49 units); Homeowners Association (50-99 units); Condominium Association (2-49 units); Condominium Association (50-99 units); Homeowners Association (100+ units); Condominium Association (100+ units)","SBB Management Company, based in Houston and Dallas, TX, specializes in HOA management with a focus "
"HOA Desk","contact@hoadesk.com","Dallas","TX","75201","Homeowners Association (2-49 units); Homeowners Association (50-99 units); Condominium Association (2-49 units); Condominium Association (50-99 units); Homeowners Association (100+ units); Condominium Association (100+ units)","We Make Management Effortless."
"PMI Adventure Coast","info@pmiadventurecoast.com","Spring Hill","FL","34608","Homeowners Association (2-49 units); Homeowners Association (50-99 units); Condominium Association (2-49 units); Condominium Association (50-99 units); Homeowners Association (100+ units); Condominium Association (100+ units)","Hernando County's most responsive Association Management Company!!!"
"Operation HOA Property Management","Operationhoapm@gmail.com","Colorado Springs","CO","80909","Homeowners Association (2-49 units); Homeowners Association (50-99 units); Condominium Association (2-49 units); Condominium Association (50-99 units); Homeowners Association (100+ units); Condominium Association (100+ units)","""Executing Excellence, One HOA at a Time."""
"Operation HOA Property Management","Hoapms0823@gmail.com","Tumwater","WA","98501","Homeowners Association (2-49 units); Homeowners Association (50-99 units); Condominium Association (2-49 units); Condominium Association (50-99 units); Homeowners Association (100+ units); Condominium Association (100+ units)","""Executing Excellence, One HOA at a Time."""
"Operation HOA Property Management","Operationhoapm@gmail.com","Montana","MT","59901","Homeowners Association (2-49 units); Homeowners Association (50-99 units); Condominium Association (2-49 units); Condominium Association (50-99 units); Homeowners Association (100+ units); Condominium Association (100+ units)","""Executing Excellence, One HOA at a Time."""
"Rockfort Management","seankilby@rockfortmanagement.com","Jersey City","NJ","07306","Homeowners Association (100+ units); Condominium Association (100+ units)","A foundation for Successful Properties"
"Intempus Management","ekorsunsky@intempus.net,mforcier@intempus.net,zap.am@intempus.net,Gcruz@intempus.net","Margate","FL","33063","Multi-Family (100+ units); Homeowners Association (2-49 units); Homeowners Association (50-99 units); Condominium Association (2-49 units); Condominium Association (50-99 units); Homeowners Association (100+ units); Condominium Association (100+ units)","Reliable HOA Management for Florida Communities."
"Angelo Rentals Property Management","aaron_nelson@live.com","San Angelo","TX","76904","Single Home or Condo (Valued up to $300K); Single Home or Condo ($300 to $500K); Single Home or Condo ($500K to $1 Million); Single Home or Condo (Over $1 Million); Multi-Family (2-4 units); Multi-Family (5-19 units); Multi-Family (20-99 units); Office (Up to 9,999 sqft); Office (10,000 - 100,000 sqft); Office (100,000+ sqft); Retail (Up to 9,999 sqft); Retail (10,000 - 100,000 sqft); Retail (100,000+ sqft); Light Manufacturing (Up to 100,000 sqft); Light Manufacturing (100,000+ sqft); Warehouse/Distribution (Up to 100,000 sqft); Warehouse/Distribution (100,000+ sqft); Multi-Family (100+ units); Homeowners Association (2-49 units); Homeowners Association (50-99 units); Condominium Association (2-49 units); Condominium Association (50-99 units); Homeowners Association (100+ units); Condominium Association (100+ units); Mobile Home Community","Your Property, Our Priority"
"Menas HOA Management, a Diversified Company","jmenas@menas.com","Riverside County","CA","92108","Homeowners Association (2-49 units); Homeowners Association (50-99 units); Condominium Association (2-49 units); Condominium Association (50-99 units); Homeowners Association (100+ units); Condominium Association (100+ units)","We have a very unique business model, unlike any other company out there.  I know because I was once"
"Corner Property Management, LLC","larry.sauer@cp-management.com,Tony.nardone@cp-management.com,Andrew.batshaw@cp-management.com","Horsham","PA","19044","Homeowners Association (50-99 units); Condominium Association (50-99 units); Homeowners Association (100+ units); Condominium Association (100+ units)","Corner Property Management, LLC offers professional association property management services to hand"
"Collins Management","PAUL@COLLINS-MGMT.COM","Napa","CA","94559","Homeowners Association (50-99 units); Condominium Association (50-99 units); Homeowners Association (100+ units); Condominium Association (100+ units)","Collins Management is expanding to Napa!"
"Golden Gate Portal","paul@goldengateportal.com","San Francisco","CA","94111","Single Home or Condo ($500K to $1 Million); Single Home or Condo (Over $1 Million); Multi-Family (2-4 units); Multi-Family (5-19 units); Multi-Family (20-99 units); Homeowners Association (2-49 units); Homeowners Association (50-99 units); Condominium Association (2-49 units); Condominium Association (50-99 units); Homeowners Association (100+ units); Condominium Association (100+ units)","Cost-effective and efficient property management solutions is my expertise.   Our unique blend of re"
"PMP Management - Bay Area","Amcox@pmpmanage.com","San Francisco","CA","94111","Homeowners Association (50-99 units); Condominium Association (50-99 units); Homeowners Association (100+ units); Condominium Association (100+ units)","“The community management industry, at its core, is a service industry, and we intend to continue to"
"Spectrum Association Management - Austin","info@spectrumam.com,jbriggs@spectrumam.com","Georgetown","TX","78626","Homeowners Association (2-49 units); Homeowners Association (50-99 units); Homeowners Association (100+ units)","Modern. Refreshing. Different"
"Spectrum Association Management - DFW","info@spectrumam.com","Plano","TX","75024","Homeowners Association (2-49 units); Homeowners Association (50-99 units); Homeowners Association (100+ units)","Modern. Refreshing. Different."
"Spectrum Association Management - San Antonio","info@spectrumam.com","San Antonio","TX","78232","Homeowners Association (2-49 units); Homeowners Association (50-99 units); Homeowners Association (100+ units)","Modern. Refreshing. Different."
"Spectrum Association Management - Arizona","info@spectrumam.com","Chandler","AZ","85286","Homeowners Association (2-49 units); Homeowners Association (50-99 units); Homeowners Association (100+ units)","Modern. Refreshing. Different."
"Merrimack Realty Group, LLC","Tim@MRGemail.com","Chelmsford","MA","01824","Single Home or Condo (Valued up to $300K); Single Home or Condo ($300 to $500K); Single Home or Condo ($500K to $1 Million); Single Home or Condo (Over $1 Million); Multi-Family (2-4 units); Multi-Family (5-19 units); Multi-Family (20-99 units); Multi-Family (100+ units); Homeowners Association (2-49 units); Homeowners Association (50-99 units); Condominium Association (2-49 units); Condominium Association (50-99 units); Homeowners Association (100+ units); Condominium Association (100+ units)","Creating A Relationship With Every Transaction!"
"NYPH Property Management LLC","Bradleynyph@gmail.com,loysan.nyph@gmail.com","Liverpool","NY","13090","Single Home or Condo (Valued up to $300K); Single Home or Condo ($300 to $500K); Single Home or Condo ($500K to $1 Million); Single Home or Condo (Over $1 Million); Multi-Family (2-4 units); Multi-Family (5-19 units); Homeowners Association (2-49 units); Homeowners Association (50-99 units); Homeowners Association (100+ units)","Committed to maximizing the success and value of your property"
"RowCal | The Smarter Way to HOA - California Bay Area","Sales@rowcal.com,Elena.Love@RowCal.com,cg71tii7@robot.zapier.com","San Jose","CA","94088","Homeowners Association (2-49 units); Homeowners Association (50-99 units); Condominium Association (2-49 units); Condominium Association (50-99 units); Homeowners Association (100+ units); Condominium Association (100+ units)","Looking for a better HOA Management solution? You just found it."
"Terra58 Management","jennifer@terra58.com","Cameron Park","CA","95682","Homeowners Association (2-49 units); Homeowners Association (50-99 units); Condominium Association (2-49 units); Condominium Association (50-99 units); Homeowners Association (100+ units); Condominium Association (100+ units)",""
"Chambers Management","astevens@chambersmanagementinc.com","Silver Spring","MD","20904","Homeowners Association (2-49 units); Homeowners Association (50-99 units); Homeowners Association (100+ units)","Over 40 Years of Trusted HOA Management, Serving Communities with Care and Expertise."
"PMP Management - Austin Area","flara@pmpmanage.com","Round Rock","TX","78664","Condominium Association (50-99 units); Homeowners Association (100+ units); Condominium Association (100+ units)","A Uniquely Different Approach to Community Management"
"PMI Service Group","info@pmiservicegroup.com,new-deal94d27d72cd@newlead.leadsimple.com","Downers Grove","IL","60515","Single Home or Condo (Valued up to $300K); Single Home or Condo ($300 to $500K); Single Home or Condo ($500K to $1 Million); Single Home or Condo (Over $1 Million); Multi-Family (2-4 units); Multi-Family (5-19 units); Multi-Family (20-99 units); Office (Up to 9,999 sqft); Retail (Up to 9,999 sqft); Light Manufacturing (Up to 100,000 sqft); Warehouse/Distribution (Up to 100,000 sqft); Homeowners Association (2-49 units); Homeowners Association (50-99 units); Homeowners Association (100+ units)","Delivering an elevated property management experience to owners and tenants alike."
"Allied Association Advisors LLC","rlbradbury@aaadvisorsnv.com,dlbradbury@aaadvisorsnv.com,mwilliams@aaadvisorsnv.com","Las Vegas","NV","89148","Homeowners Association (2-49 units); Homeowners Association (50-99 units); Condominium Association (2-49 units); Condominium Association (50-99 units); Homeowners Association (100+ units); Condominium Association (100+ units)","Where you'll always get an experienced manager and receive genuinely friendly service."
"PMI Sac Valley","lonny@pmisacvalley.com,rick@pmisacvalley.com,new-dealdaf4043125@newlead.leadsimple.com","Wheatland","CA","95692","Homeowners Association (2-49 units); Homeowners Association (50-99 units); Condominium Association (2-49 units); Condominium Association (50-99 units); Homeowners Association (100+ units); Condominium Association (100+ units); Mobile Home Community","The property managment people"
"Paragon Management Group","sherry@paragonky.com,service@paragonky.com,codyc@allpointsky.com","Louisville","KY","40219","Homeowners Association (50-99 units); Condominium Association (2-49 units); Condominium Association (50-99 units); Homeowners Association (100+ units); Condominium Association (100+ units)","We are local and we're ready to help."
"All Points Community Management","sherry@paragonky.com,service@allpointsky.com,codyc@allpointsky.com","Lexington","KY","40509","Homeowners Association (50-99 units); Condominium Association (2-49 units); Condominium Association (50-99 units); Homeowners Association (100+ units); Condominium Association (100+ units)","Adding value to your community."
"Preferred Management","jeff@preferredmanagementusa.com","Elgin","IL","60123","Homeowners Association (50-99 units); Condominium Association (50-99 units); Homeowners Association (100+ units); Condominium Association (100+ units)","Fox Valley's Property Manager since 1987."
"Westgate Property Management LLC","Morgan@westgatecompanies.com","Wayland","MA","01778","Homeowners Association (2-49 units); Homeowners Association (50-99 units); Condominium Association (2-49 units); Condominium Association (50-99 units)","Your Community's Trusted Partner!"
"PMI CLT","ba@pmiclt.com","Mint Hill","NC","28227","Homeowners Association (2-49 units); Homeowners Association (50-99 units); Condominium Association (2-49 units); Condominium Association (50-99 units); Homeowners Association (100+ units); Condominium Association (100+ units)","Local ownership, with corporate backing! Part of the largest Property Management franchisor, now ser"
"Texas Homeowners Association Management & Frisco Homeowners Association Management (THA)","info@hoa.homes","Frisco","TX","75036","Office (Up to 9,999 sqft); Office (10,000 - 100,000 sqft); Office (100,000+ sqft); Retail (Up to 9,999 sqft); Retail (10,000 - 100,000 sqft); Retail (100,000+ sqft); Homeowners Association (2-49 units); Homeowners Association (50-99 units); Condominium Association (2-49 units); Condominium Association (50-99 units); Homeowners Association (100+ units); Condominium Association (100+ units)","Where We Believe Prosperity Begins At HOME"
"Trekk Properties","jflobeck@trekkproperties.com","Faribalut","MN","55021","Homeowners Association (2-49 units); Homeowners Association (50-99 units); Homeowners Association (100+ units)","Trekk Properties alleviates the stress of managing your homeowners association (HOA). With a service"
"California Association Management & Real Estate","julie@cam-realestate.com","Upland","CA","91786","Homeowners Association (2-49 units); Homeowners Association (50-99 units); Condominium Association (2-49 units); Condominium Association (50-99 units); Homeowners Association (100+ units); Condominium Association (100+ units)","""The knowledge you can trust, experience you can count on!"""
"Rise Association Management Group, LLC-San Antonio","john@riseamg.com,bethany@riseamg.com,jason@riseamg.com,letsrise@riseamg.com","Houston","TX","77098","Other Associations (Hotel, Resort etc.); Homeowners Association (2-49 units); Homeowners Association (50-99 units); Condominium Association (2-49 units); Condominium Association (50-99 units); Homeowners Association (100+ units); Condominium Association (100+ units)",""
"Overwatch Management","rick@overwatch208.com","Hailey","ID","83333","Homeowners Association (2-49 units); Homeowners Association (50-99 units); Condominium Association (2-49 units); Condominium Association (50-99 units); Homeowners Association (100+ units); Condominium Association (100+ units)","We Help Associations. Grow Stronger. Live Better."
"MC Elite Properties Inc.","maria@mceliteproperties.com","San Marino","CA","91108","Homeowners Association (2-49 units); Homeowners Association (50-99 units); Homeowners Association (100+ units)","Providing Elite Property Management: Where Excellence Meets Expertise"
"Harbour Master Management Group LLC","JR@TheHMMG.com","Rochester","MA","02770","Homeowners Association (2-49 units); Homeowners Association (50-99 units); Condominium Association (2-49 units); Condominium Association (50-99 units); Homeowners Association (100+ units); Condominium Association (100+ units)","Stewardship for your association - Anchoring your success"
"Fiorenzo Property & Asset Management","marisa@fiorenzollc.com","Shrub Oak","NY","10588","Single Home or Condo (Over $1 Million); Multi-Family (2-4 units); Multi-Family (5-19 units); Multi-Family (20-99 units); Office (Up to 9,999 sqft); Office (10,000 - 100,000 sqft); Office (100,000+ sqft); Retail (Up to 9,999 sqft); Retail (10,000 - 100,000 sqft); Retail (100,000+ sqft); Multi-Family (100+ units); Homeowners Association (2-49 units); Homeowners Association (50-99 units); Condominium Association (2-49 units); Condominium Association (50-99 units); Homeowners Association (100+ units); Condominium Association (100+ units)","Hudson Valley Excellence in Property Management: HOAs, Residential Homes, and Commercial Solutions."
"Seacrest Services, Inc.","Sharshman@seacrestservices.com,spolleveys@seacrestservices.com","West Palm Beach","FL","33409","Homeowners Association (50-99 units); Condominium Association (50-99 units); Homeowners Association (100+ units); Condominium Association (100+ units)","Leading Your Community Into the Future!"
"Metro Property Mgt","joe@metropmct.com","Glastonbury","CT","06033","Office (Up to 9,999 sqft); Office (10,000 - 100,000 sqft); Office (100,000+ sqft); Retail (Up to 9,999 sqft); Retail (10,000 - 100,000 sqft); Retail (100,000+ sqft); Homeowners Association (2-49 units); Homeowners Association (50-99 units); Condominium Association (2-49 units); Condominium Association (50-99 units); Homeowners Association (100+ units); Condominium Association (100+ units)","Locally owned and family operated"
"HOA Simplified","hello@hoasimplified.com","Irvine","CA","92617","Homeowners Association (2-49 units); Homeowners Association (50-99 units); Condominium Association (2-49 units); Condominium Association (50-99 units)","Managing your HOA’s finances should not be complicated. We specialize our services for small HOAs, p"
"Gomes Homes","info@gomeshomesnashville.com","Nashville","TN","37210","Multi-Family (2-4 units); Multi-Family (5-19 units); Vacation (1-2 units); Vacation (3+ units); Homeowners Association (2-49 units); Homeowners Association (50-99 units); Condominium Association (2-49 units); Condominium Association (50-99 units); Homeowners Association (100+ units); Condominium Association (100+ units)","Property Management by Property Investors! We've been involved in investment properties for over 20 "
"First Hawaiian Realty","HollyFHR@gmail.com","Honolulu","HI","96815","Single Home or Condo (Valued up to $300K); Single Home or Condo ($300 to $500K); Single Home or Condo ($500K to $1 Million); Single Home or Condo (Over $1 Million); Multi-Family (2-4 units); Multi-Family (5-19 units); Multi-Family (20-99 units); Multi-Family (100+ units); Homeowners Association (2-49 units); Homeowners Association (50-99 units); Condominium Association (2-49 units); Condominium Association (50-99 units); Homeowners Association (100+ units); Condominium Association (100+ units)","Your first choice in the Hawaiian Islands"
"Atlantic Shores Management","elizabeth@atlanticshoresmanagement.com","Hampstead","NC","28443","Homeowners Association (2-49 units); Homeowners Association (50-99 units); Homeowners Association (100+ units)","Meeting all of your HOA needs!"
"Cedar Management Group - Alabama","sales@mycmg.com,sjordan@mycmg.com,jshadrick@mycmg.com,apm@mycmg.com,marketingbot@camcollective.com","Montgomery","Al","36104","Homeowners Association (2-49 units); Homeowners Association (50-99 units); Condominium Association (2-49 units); Condominium Association (50-99 units); Homeowners Association (100+ units); Condominium Association (100+ units)","Cedar Management Group is an Accredited Association Management Company with offices in NC, SC, TN, G"
"Maine Rental Services","support@mainerentalservices.com","Waldoboro","ME","04572","Single Home or Condo (Valued up to $300K); Single Home or Condo ($300 to $500K); Single Home or Condo ($500K to $1 Million); Single Home or Condo (Over $1 Million); Multi-Family (2-4 units); Multi-Family (5-19 units); Multi-Family (20-99 units); Multi-Family (100+ units); Homeowners Association (2-49 units); Homeowners Association (50-99 units); Condominium Association (2-49 units); Condominium Association (50-99 units); Homeowners Association (100+ units); Condominium Association (100+ units); Mobile Home Community",""
"HENDRIX PROPERTY MANAGEMENT INC","STEPHANIE@HENDRIXINC.COM","Sopchoppy","FL","32358","Vacation (1-2 units); Vacation (3+ units); Homeowners Association (2-49 units); Homeowners Association (50-99 units); Condominium Association (2-49 units); Condominium Association (50-99 units); Homeowners Association (100+ units); Condominium Association (100+ units)","Experience You Count On. Service You Deserve."
"IMC Charleston","tyler@imcchs.com","Charleston","SC","29407","Homeowners Association (2-49 units); Homeowners Association (50-99 units); Condominium Association (2-49 units); Condominium Association (50-99 units); Homeowners Association (100+ units); Condominium Association (100+ units)","Want Professional Property Management? Our Team Is Ready To Help. The Premier Community Management f"
"Pillar Property Management","marianne@pillarpm.com","Medford","NJ","08055","Homeowners Association (2-49 units); Homeowners Association (50-99 units); Condominium Association (2-49 units); Condominium Association (50-99 units); Homeowners Association (100+ units); Condominium Association (100+ units)","Southern New Jersey, family-owned business creating personal relationships with our community leader"
"Trust Point Management Group","tj.evans@trustpointmgt.com","Venice","FL","34292","Homeowners Association (2-49 units); Homeowners Association (50-99 units); Condominium Association (2-49 units); Condominium Association (50-99 units)","Simplified Management Solutions that you can trust. No Annual Contracts!"
"Choice Community Association Management, Inc.","doris@choice-cam.com","Glendale","AZ","85306","Homeowners Association (50-99 units); Homeowners Association (100+ units); Condominium Association (100+ units)","Professional and Quality Services"
"Integrator Community Management","neils@integratorcm.com,ryanw@integratorcm.com,bradyp@integratorcm.com","Lehi","UT","84043","Homeowners Association (2-49 units); Homeowners Association (50-99 units); Condominium Association (2-49 units); Condominium Association (50-99 units); Homeowners Association (100+ units); Condominium Association (100+ units)","Integrating best practices to help your community thrive."
"PMP Management - Colorado","Amcox@pmpmanage.com","Broomfield","CO","80021","Homeowners Association (2-49 units); Homeowners Association (50-99 units); Condominium Association (2-49 units); Condominium Association (50-99 units); Homeowners Association (100+ units); Condominium Association (100+ units)",""
"Delta Property Management Group, LLC","jknaub@deltagroupinc.org","Harrisburg","PA","17112","Multi-Family (2-4 units); Multi-Family (5-19 units); Multi-Family (20-99 units); Office (Up to 9,999 sqft); Office (10,000 - 100,000 sqft); Office (100,000+ sqft); Retail (Up to 9,999 sqft); Retail (10,000 - 100,000 sqft); Retail (100,000+ sqft); Light Manufacturing (Up to 100,000 sqft); Light Manufacturing (100,000+ sqft); Warehouse/Distribution (Up to 100,000 sqft); Warehouse/Distribution (100,000+ sqft); Parking Garage; Multi-Family (100+ units); Biotech/Mission-Critical; Homeowners Association (2-49 units); Homeowners Association (50-99 units); Condominium Association (2-49 units); Condominium Association (50-99 units); Homeowners Association (100+ units); Condominium Association (100+ units)",""
"City Luxe Realty","cityluxerealty@gmail.com","Bradenton","FL","34205","Homeowners Association (2-49 units); Homeowners Association (50-99 units); Condominium Association (2-49 units); Condominium Association (50-99 units); Homeowners Association (100+ units); Condominium Association (100+ units)","WE PROVIDE FULL-SPECTRUM SERVICE WITH RELIABLE RESULTS"
"Allied Property Management, LLC","alliedpm5@gmail.com","Hayden","ID","83835","Homeowners Association (2-49 units); Homeowners Association (50-99 units); Condominium Association (2-49 units); Condominium Association (50-99 units); Homeowners Association (100+ units); Condominium Association (100+ units)","Held to a higher standard, taking the stress out of managing your property."
"Hawk-Eye Management - Boca","stacy.mckinney@nestcorepartners.com,skip.richardson@nestcorepartners.com","Boca Raton","FL","33431","Homeowners Association (2-49 units); Homeowners Association (50-99 units); Condominium Association (2-49 units); Condominium Association (50-99 units); Homeowners Association (100+ units); Condominium Association (100+ units)","Trusted Management.  Stronger Communities."
"GM Property Solutions, Inc","sales@gmpropertysolutionsllc.com","Elizabethtown","PA","17022","Multi-Family (2-4 units); Multi-Family (5-19 units); Multi-Family (20-99 units); Office (Up to 9,999 sqft); Retail (Up to 9,999 sqft); Multi-Family (100+ units); Homeowners Association (2-49 units); Homeowners Association (50-99 units); Condominium Association (2-49 units); Condominium Association (50-99 units); Homeowners Association (100+ units); Condominium Association (100+ units)","Our goal is to be the most trusted property management and association management firm in the market"
"Silverleaf Management Group","Jacqueline@silverleafmanagement.com","Montgomery","AL","35801","Homeowners Association (50-99 units); Condominium Association (50-99 units); Homeowners Association (100+ units); Condominium Association (100+ units)","Silverleaf Management Group: Excellence in Every Interaction, Progress in Every Partnership — Experi"
"Regency Property Management - HOA","brad@regencyfresno.com","Fresno","CA","93705","Homeowners Association (2-49 units); Homeowners Association (50-99 units); Condominium Association (2-49 units); Condominium Association (50-99 units); Homeowners Association (100+ units); Condominium Association (100+ units)","Professional, Knowledgeable, and Courteous!"
"Hallmark Property Management","new-dealb69f0be9e9@newlead.leadsimple.com,Patricia@hallmarkok.com","Moore","OK","73160","Single Home or Condo (Valued up to $300K); Single Home or Condo ($300 to $500K); Single Home or Condo ($500K to $1 Million); Homeowners Association (2-49 units); Homeowners Association (50-99 units); Homeowners Association (100+ units)","Oklahoma City Property Management, Perfected."
"KC Property Services - Wayne County","gerry@kcpropertyservice.com","Berkley","MI","48072","Homeowners Association (50-99 units); Condominium Association (2-49 units); Condominium Association (50-99 units); Homeowners Association (100+ units); Condominium Association (100+ units)","Helping Your Community Thrive Together
Local expertise, personalized service, and a commitment to yo"
"KC Property Services - Macomb County","gerry@kcpropertyservice.com","Berkley","MI","48072","Homeowners Association (50-99 units); Condominium Association (2-49 units); Condominium Association (50-99 units); Homeowners Association (100+ units); Condominium Association (100+ units)","Helping Your Community Thrive Together
Local expertise, personalized service, and a commitment to yo"
"KC Property Services - Oakland County","gerry@kcpropertyservice.com","Berkley","MI","48072","Homeowners Association (50-99 units); Condominium Association (2-49 units); Condominium Association (50-99 units); Homeowners Association (100+ units); Condominium Association (100+ units)","Helping Your Community Thrive Together
Local expertise, personalized service, and a commitment to yo"
"GLC Property Management","management@guardianlimitedgroup.com","Roseville","CA","95678","Single Home or Condo ($300 to $500K); Single Home or Condo ($500K to $1 Million); Single Home or Condo (Over $1 Million); Multi-Family (2-4 units); Multi-Family (5-19 units); Multi-Family (20-99 units); Multi-Family (100+ units); Homeowners Association (2-49 units); Homeowners Association (50-99 units); Condominium Association (2-49 units); Condominium Association (50-99 units); Homeowners Association (100+ units); Condominium Association (100+ units)","Elevate Your Investment. Being a property owner doesn’t have to be overwhelming. Let's help with bui"
"Multiporpoise Community Management","hoa@multiporpoise.com","Lincoln City","OR","97367","Multi-Family (5-19 units); Multi-Family (20-99 units); Vacation (1-2 units); Vacation (3+ units); Multi-Family (100+ units); Homeowners Association (2-49 units); Homeowners Association (50-99 units); Condominium Association (2-49 units); Condominium Association (50-99 units); Homeowners Association (100+ units); Condominium Association (100+ units)","Offering professional property management services."
"Advanced Community Services","ryan@acs-hoa.com,michelle@acs-hoa.com","Boise","ID","83701","Homeowners Association (2-49 units); Homeowners Association (50-99 units); Condominium Association (2-49 units); Condominium Association (50-99 units); Homeowners Association (100+ units); Condominium Association (100+ units)",""
"Advanced Community Services","ryan@acs-hoa.com","Tacoma","WA","98409","Homeowners Association (2-49 units); Homeowners Association (50-99 units); Condominium Association (2-49 units); Condominium Association (50-99 units); Homeowners Association (100+ units); Condominium Association (100+ units)",""
"Best HOA Management","Admin@besthoamgmt.com","Woodland Hills","CA","91335","Homeowners Association (2-49 units); Homeowners Association (50-99 units); Condominium Association (2-49 units); Condominium Association (50-99 units); Homeowners Association (100+ units); Condominium Association (100+ units)","Customizable HOA management services empower associations to:

Offload routine admin, accounting, an"
"The Building Group – Chicago Condo + Co-Op Management","zac@buildinggroup.com,nicholas@buildinggroup.com","Chicago","IL","60601","Homeowners Association (2-49 units); Homeowners Association (50-99 units); Condominium Association (2-49 units); Condominium Association (50-99 units); Homeowners Association (100+ units); Condominium Association (100+ units)","Expert Management for Chicago’s Vertical Living"
"Hawk-Eye Management - Fort Myers","stacy.mckinney@nestcorepartners.com,heather.brokaw@hawkeyefla.com,skip.richardson@nestcorepartners.com","North Fort Myers","FL","33903","Homeowners Association (2-49 units); Homeowners Association (50-99 units); Condominium Association (2-49 units); Condominium Association (50-99 units); Homeowners Association (100+ units); Condominium Association (100+ units)","Trusted Management.  Stronger Communities."
"AY Management LLC","hoa@ay-manage.com","Bartlett","IL","60103","Homeowners Association (50-99 units); Homeowners Association (100+ units); Condominium Association (100+ units)",""
"Association and Real Property Advisors","jay.p@proarpa.com","West Chester","OH","45069","Homeowners Association (2-49 units); Homeowners Association (50-99 units); Condominium Association (2-49 units); Homeowners Association (100+ units); Condominium Association (100+ units)","Specializing in small to medium associations!"
"Chicagoland Community Management","stacy.mckinney@nestcorepartners.com,mike.kurtovic@chicagoland-inc.com","Chicago","IL","60642","Homeowners Association (50-99 units); Condominium Association (50-99 units); Homeowners Association (100+ units); Condominium Association (100+ units)","Excellence and Integrity in Management"
"Hometown Property Management","plehman2424@yahoo.com","Marysville","PA","17053","Homeowners Association (2-49 units); Homeowners Association (50-99 units); Condominium Association (2-49 units); Condominium Association (50-99 units); Homeowners Association (100+ units); Condominium Association (100+ units)","Central Pennsylvania Best Property Manager"
"Cedar Management Group - Georgia","sales@mycmg.com,ae@hoasales.com,apm@mycmg.com,marketingbot@camcollective.com","Atlanta","GA","30024","Homeowners Association (2-49 units); Homeowners Association (50-99 units); Condominium Association (2-49 units); Condominium Association (50-99 units); Homeowners Association (100+ units); Condominium Association (100+ units)","Cedar Management Group is an Accredited Association Management Company with offices in NC, SC, TN, G"
"Association and Real Property Advisors","jay.p@proarpa.com","Kenton","KY","41053","Homeowners Association (2-49 units); Homeowners Association (50-99 units); Condominium Association (2-49 units); Homeowners Association (100+ units); Condominium Association (100+ units)","Specializing in small to medium associations!"
"Community Property Management of MI","bppurdom@yahoo.com","Howell","MI","48843","Condominium Association (50-99 units); Homeowners Association (100+ units); Condominium Association (100+ units)","CMP provides full Management Services and a Service Department for quick onsite repairs.  When choos"
"Gassen Company","klattery@gassen.com,lwandersee@gassen.com","Eden Prairie","MN","55344","Homeowners Association (2-49 units); Homeowners Association (50-99 units); Condominium Association (2-49 units); Condominium Association (50-99 units); Homeowners Association (100+ units); Condominium Association (100+ units)","The Property Management Experts"
"Blue Sky Community Management, LLC","drpowers@indybluesky.com,cdevans@indybluesky.com","Indianapolis","IN","46217","Homeowners Association (100+ units); Condominium Association (100+ units)","The Sky is the Limit with Blue Sky Community Management!"
"PAMco","steven@hoasales.com,ae@hoasales.com,marketingbot@camcollective.com,heather@pamcotx.com,ashley@hoasales.com","Cedar Park","TX","78613","Homeowners Association (2-49 units); Homeowners Association (50-99 units); Condominium Association (2-49 units); Condominium Association (50-99 units); Homeowners Association (100+ units); Condominium Association (100+ units)","People-focused HOA management means every homeowner receives

the personalized care, respect, and su"
"PMI Beyond The Loop","payal@pmibeyondtheloop.com,new-dealb8794d166c@newlead.leadsimple.com","Schaumburg","IL","60193","Homeowners Association (2-49 units); Homeowners Association (50-99 units); Condominium Association (2-49 units); Condominium Association (50-99 units); Homeowners Association (100+ units); Condominium Association (100+ units)","Schaumburg Association Management You Can Trust"
"Westward360 - Indiana","leads@westward360.com,miked@westward360.com,erics@westward360.com","Indianapolis","IN","46007","Homeowners Association (2-49 units); Homeowners Association (50-99 units); Condominium Association (2-49 units); Condominium Association (50-99 units); Homeowners Association (100+ units); Condominium Association (100+ units)",""
"Westward360 - St. Louis","erics@westward360.com,leads@westward360.com,miked@westward360.com","St. Louis","MO","63101","Homeowners Association (2-49 units); Homeowners Association (50-99 units); Condominium Association (2-49 units); Condominium Association (50-99 units); Homeowners Association (100+ units); Condominium Association (100+ units)",""
"Cooper Murdock","cmurdock@coopermurdock.com,dcooper@coopermurdock.com","Blue Springs","MO","64015","Single Home or Condo (Over $1 Million); Multi-Family (2-4 units); Multi-Family (5-19 units); Multi-Family (20-99 units); Office (Up to 9,999 sqft); Office (10,000 - 100,000 sqft); Office (100,000+ sqft); Retail (Up to 9,999 sqft); Retail (10,000 - 100,000 sqft); Retail (100,000+ sqft); Light Manufacturing (Up to 100,000 sqft); Light Manufacturing (100,000+ sqft); Warehouse/Distribution (Up to 100,000 sqft); Warehouse/Distribution (100,000+ sqft); Multi-Family (100+ units); Homeowners Association (50-99 units); Condominium Association (50-99 units); Homeowners Association (100+ units); Condominium Association (100+ units)","Full-transparency management company."
"Cooper Murdock - Central MO","cmurdock@coopermurdock.com,dcooper@coopermurdock.com","Blue Springs","MO","64015","Multi-Family (20-99 units); Office (Up to 9,999 sqft); Office (10,000 - 100,000 sqft); Office (100,000+ sqft); Retail (Up to 9,999 sqft); Retail (10,000 - 100,000 sqft); Retail (100,000+ sqft); Light Manufacturing (Up to 100,000 sqft); Light Manufacturing (100,000+ sqft); Warehouse/Distribution (Up to 100,000 sqft); Warehouse/Distribution (100,000+ sqft); Multi-Family (100+ units); Homeowners Association (50-99 units); Condominium Association (50-99 units); Homeowners Association (100+ units); Condominium Association (100+ units)","Full-transparency management company."
"Cooper Murdock - North","cmurdock@coopermurdock.com,dcooper@coopermurdock.com","Blue Springs","MO","64015","Multi-Family (20-99 units); Office (Up to 9,999 sqft); Office (10,000 - 100,000 sqft); Office (100,000+ sqft); Retail (Up to 9,999 sqft); Retail (10,000 - 100,000 sqft); Retail (100,000+ sqft); Light Manufacturing (Up to 100,000 sqft); Light Manufacturing (100,000+ sqft); Warehouse/Distribution (Up to 100,000 sqft); Warehouse/Distribution (100,000+ sqft); Multi-Family (100+ units); Homeowners Association (50-99 units); Condominium Association (50-99 units); Homeowners Association (100+ units); Condominium Association (100+ units)","Full-transparency management company."
"Cooper Murdock - Southwest MO","cmurdock@coopermurdock.com,dcooper@coopermurdock.com","Blue Springs","MO","64015","Multi-Family (20-99 units); Office (Up to 9,999 sqft); Office (10,000 - 100,000 sqft); Office (100,000+ sqft); Retail (Up to 9,999 sqft); Retail (10,000 - 100,000 sqft); Retail (100,000+ sqft); Light Manufacturing (Up to 100,000 sqft); Light Manufacturing (100,000+ sqft); Warehouse/Distribution (Up to 100,000 sqft); Warehouse/Distribution (100,000+ sqft); Multi-Family (100+ units); Homeowners Association (50-99 units); Condominium Association (50-99 units); Homeowners Association (100+ units); Condominium Association (100+ units)","Full-transparency management company."
"Cooper Murdock - KS Suburbs","cmurdock@coopermurdock.com,dcooper@coopermurdock.com","Blue Springs","MO","64015","Multi-Family (20-99 units); Office (Up to 9,999 sqft); Office (10,000 - 100,000 sqft); Office (100,000+ sqft); Retail (Up to 9,999 sqft); Retail (10,000 - 100,000 sqft); Retail (100,000+ sqft); Light Manufacturing (Up to 100,000 sqft); Light Manufacturing (100,000+ sqft); Warehouse/Distribution (Up to 100,000 sqft); Warehouse/Distribution (100,000+ sqft); Multi-Family (100+ units); Homeowners Association (50-99 units); Condominium Association (50-99 units); Homeowners Association (100+ units); Condominium Association (100+ units)","Full-transparency management company."
"Taylor Management Company - NJ","jobrien@taylormgt.com,conniec@taylormgt.com","Whippany","NJ","07931","Homeowners Association (100+ units); Condominium Association (100+ units)","Being the Best by Serving Together!"
"The Alexander Group NJ","corrado@agroupnj.com","Jersey City","NJ","07307","Homeowners Association (50-99 units); Condominium Association (50-99 units); Homeowners Association (100+ units); Condominium Association (100+ units)",""
"PMI Pegasus","new-deala56a2c4e60@newlead.leadsimple.com","Dallas","TX","75214","Homeowners Association (2-49 units); Homeowners Association (50-99 units); Condominium Association (2-49 units); Condominium Association (50-99 units); Homeowners Association (100+ units); Condominium Association (100+ units)","Dallas area's best HOA management company. Locally owned by someone who grew up and lives here in th"
"Property Management Inc. Elite HOA Division","rene@pmielite.com,new-deal8d533a36b9@newlead.leadsimple.com","Santa Clarita","CA","91350","Homeowners Association (2-49 units); Homeowners Association (50-99 units); Condominium Association (2-49 units); Condominium Association (50-99 units); Homeowners Association (100+ units); Condominium Association (100+ units)","""The Property Management People"""
"Clearcrest Community Management","brady@clearcrestmgmt.com","Round Rock","TX","78701","Homeowners Association (2-49 units); Homeowners Association (50-99 units); Condominium Association (2-49 units); Condominium Association (50-99 units)","Modern Systems. Better Living."
"Keystone Pacific Property Management / Manor","jwilson@keystonepacific.com,robertsj@keystonepacific.com","San Mateo","CA","94404","Homeowners Association (2-49 units); Homeowners Association (50-99 units); Condominium Association (2-49 units); Condominium Association (50-99 units); Homeowners Association (100+ units); Condominium Association (100+ units)","We don’t just manage properties— we cultivate thriving communities through partnership and care."
"Clearcrest Community Management - Dallas","brady@clearcrestmgmt.com","Austin","TX","78701","Homeowners Association (2-49 units); Homeowners Association (50-99 units); Condominium Association (2-49 units); Condominium Association (50-99 units)","Modern Systems. Better Living."
"Clearcrest Community Management","brady@clearcrestmgmt.com","Austin","TX","78701","Homeowners Association (2-49 units); Homeowners Association (50-99 units); Condominium Association (2-49 units); Condominium Association (50-99 units)","Modern Systems. Better Living."
"Clearcrest Community Management - Temple","brady@clearcrestmgmt.com","Austin","TX","78701","Homeowners Association (2-49 units); Homeowners Association (50-99 units); Condominium Association (2-49 units); Condominium Association (50-99 units)","Modern Systems. Better Living."
"Mission Association Management","connor@missionhoa.com,Robert@missionhoa.com","Austin","TX","78758","Homeowners Association (2-49 units); Homeowners Association (50-99 units); Condominium Association (2-49 units); Condominium Association (50-99 units); Homeowners Association (100+ units); Condominium Association (100+ units)","Exceptional association management starts with real relationships, a local presence, and the commitm"
"Taylor Management Company - PA","jobrien@taylormgt.com,conniec@taylormgt.com","Whippany","NJ","07981","Homeowners Association (100+ units); Condominium Association (100+ units)","Being the Best by Serving Together!"
"HOA Managment Experts","heather@home123kc.com","KANSAS CITY","MO","64119","Homeowners Association (2-49 units); Homeowners Association (50-99 units); Condominium Association (2-49 units); Condominium Association (50-99 units); Homeowners Association (100+ units); Condominium Association (100+ units)","Expert Care for EVERY Property!"
"Alchemy Property Management","Admin@alchemypropertymanagement.com","Trappe","PA","19426","Multi-Family (2-4 units); Homeowners Association (2-49 units); Homeowners Association (50-99 units); Condominium Association (2-49 units); Condominium Association (50-99 units); Homeowners Association (100+ units); Condominium Association (100+ units)","After 50+ years and two generations we are bringing our experiences to help others. We are here to h"
"MAY Management Services","amanda@summitmgmtpartners.com","St. Augustine","FL","32080","Condominium Association (50-99 units); Homeowners Association (100+ units); Condominium Association (100+ units)","Legacy Drive, Professionally Scaled. 
Florida-Based. Relationship-Driven. Built for Communities Like"
"Premier Association Management","amanda@summitmgmtpartners.com","Lake Mary","FL","32746","Condominium Association (50-99 units); Homeowners Association (100+ units); Condominium Association (100+ units)","SMALL ENOUGH TO CARE. POWERFUL ENOUGH TO DELIVER.
Your Central Florida Partner in Community Success."
"Beacon Management Services","amanda@summitmgmtpartners.com","Atlanta","GA","30328","Condominium Association (50-99 units); Homeowners Association (100+ units); Condominium Association (100+ units)","Solution-Driven Management for HOA and Condominium Associations in Georgia & Huntsville, Alabama"
"Florida Property Management Strategies","amanda@summitmgmtpartners.com","Miami","FL","33186","Condominium Association (50-99 units); Homeowners Association (100+ units); Condominium Association (100+ units)","A company for people, about people."
"Cusick Community Management","amanda@summitmgmtpartners.com","Charlotte","NC","28226","Condominium Association (50-99 units); Homeowners Association (100+ units); Condominium Association (100+ units)","Professional management. Personal service."
"PMI Brickell","rudinagjinali@pmibrickell.com,teagjinali@pmibrickell.com","Miami","FL","33130","Office (10,000 - 100,000 sqft); Office (100,000+ sqft); Homeowners Association (2-49 units); Homeowners Association (50-99 units); Condominium Association (2-49 units); Condominium Association (50-99 units); Homeowners Association (100+ units); Condominium Association (100+ units)","Open Doors to a Better Life"
"Hawk-Eye Management - Sarasota","stacy.mckinney@nestcorepartners.com,skip.richardson@nestcorepartners.com,heather.brokaw@hawkeyefla.com","Sarasota","FL","34231","Homeowners Association (2-49 units); Homeowners Association (50-99 units); Condominium Association (2-49 units); Condominium Association (50-99 units); Homeowners Association (100+ units); Condominium Association (100+ units)","Trusted Management.  Stronger Communities."
"PMI Heart of America","deborahr@pmiheartofamerica.com","Kansas City","MO","64137","Homeowners Association (2-49 units); Homeowners Association (50-99 units); Condominium Association (2-49 units); Condominium Association (50-99 units); Homeowners Association (100+ units); Condominium Association (100+ units)",""
"Artisan Properties","chad@artisanproperties.com,brittany@artisanproperties.com","Boston","MA","02120","Condominium Association (2-49 units); Condominium Association (50-99 units); Condominium Association (100+ units)","The most exceptional boutique Real Estate solutions Agency.  Property Management, Sales, & Rentals."
"Rise Association Management Group, LLC-Austin","john@riseamg.com,jason@riseamg.com,letsrise@riseamg.com,bethany@riseamg.com","Houston","TX","77098","Other Associations (Hotel, Resort etc.); Homeowners Association (2-49 units); Homeowners Association (50-99 units); Condominium Association (2-49 units); Condominium Association (50-99 units); Homeowners Association (100+ units); Condominium Association (100+ units)",""
"HOA Management Company","lwalker@hoamanagementcompany.com","San Francisco","CA","94103","Homeowners Association (2-49 units); Homeowners Association (50-99 units); Homeowners Association (100+ units)","Let us help you manage today!"
"HOA MANAGEMENT GROUP, LLC","JULIUS@HOAMANAGEMENTGROUPLLC.COM","CHATSWORTH","CA","91311","Homeowners Association (2-49 units); Homeowners Association (50-99 units); Condominium Association (2-49 units); Condominium Association (50-99 units)","Welcome Home to Comfort, Community, and Convenience. . ."
"Metropolis Condominium Management","metropolismanagementco@gmail.com","Columbus","OH","43004","Homeowners Association (50-99 units); Condominium Association (50-99 units); Homeowners Association (100+ units); Condominium Association (100+ units)",""
"EXS Association Management","EXSHomeSolutions@outlook.com","Boynton Beach","FL","33437","Homeowners Association (2-49 units); Homeowners Association (50-99 units); Condominium Association (2-49 units); Condominium Association (50-99 units)","Comprehensive Property Management for Community Associations"
"Professional Property Services","lfronimos@ppscoop.com,info@ppscoop.com,ddemare@ppscoop.com","Bingham Farms","MI","48025","Homeowners Association (100+ units); Condominium Association (100+ units)","At Professional Property Services, we believe that strong communities begin with strong management. "
"Intempus Management","ekorsunsky@intempus.net,aspell@intempus.net","Warrenton","VA","20186","Homeowners Association (2-49 units); Homeowners Association (50-99 units); Condominium Association (2-49 units); Condominium Association (50-99 units); Homeowners Association (100+ units); Condominium Association (100+ units)","Professional HOA Management for Virginia Communities."
"Intempus Realty","ekorsunsky@intempus.net,aspell@intempus.net","Knoxville","TN","37901","Homeowners Association (2-49 units); Homeowners Association (50-99 units); Condominium Association (2-49 units); Condominium Association (50-99 units); Homeowners Association (100+ units); Condominium Association (100+ units)",""
"Intempus Realty","ekorsunsky@intempus.net,aspell@intempus.net","Charleton","SC","29401","Homeowners Association (2-49 units); Homeowners Association (50-99 units); Condominium Association (2-49 units); Condominium Association (50-99 units); Homeowners Association (100+ units); Condominium Association (100+ units)",""
"The SilverBrick Group","tnastasio@silverbrickgroup.com","Carmel","NY","10512","Homeowners Association (50-99 units); Condominium Association (50-99 units); Homeowners Association (100+ units); Condominium Association (100+ units)","Where ownership experience meets management excellence."
"The SilverBrick Group","tnastasio@silverbrickgroup.com,tsantucci@silverbrickgroup.com","Morristown","NJ","07960","Homeowners Association (50-99 units); Condominium Association (50-99 units); Homeowners Association (100+ units); Condominium Association (100+ units)","Where ownership experience meets management excellence."
"The SilverBrick Group","tnastasio@silverbrickgroup.com,nrivera@silverbrickgroup.com","Farmington","CT","06032","Homeowners Association (50-99 units); Condominium Association (50-99 units); Homeowners Association (100+ units); Condominium Association (100+ units)","Where ownership experience meets management excellence."
"RowCal | The Smarter Way to HOA  - Irvine","elena.love@rowcal.com,sales@rowcal.com,John.martinez@rowcal.com,cg71tii7@robot.zapier.com,lauren.mead@rowcal.com","Irvine","CA","92614","Homeowners Association (50-99 units); Condominium Association (50-99 units); Homeowners Association (100+ units); Condominium Association (100+ units)","Looking for a better HOA Management solution? You just found it."
"Management Masters LLC","kayleyzinniel@gmail.com","New Ulm","MN","56073","Single Home or Condo (Valued up to $300K); Single Home or Condo ($300 to $500K); Single Home or Condo ($500K to $1 Million); Single Home or Condo (Over $1 Million); Multi-Family (2-4 units); Multi-Family (5-19 units); Homeowners Association (2-49 units); Homeowners Association (50-99 units); Condominium Association (2-49 units); Condominium Association (50-99 units); Homeowners Association (100+ units); Condominium Association (100+ units)",""
"HPC Management Group","ra@hpcmanagementgroup.com","Knoxville","TN","37922","Homeowners Association (50-99 units); Condominium Association (50-99 units); Homeowners Association (100+ units); Condominium Association (100+ units)","East TN's Preferred Association Management Provider!"
"Bluefield Realty Group (HOA/COA)","","Greenville","SC","29615","Homeowners Association (2-49 units); Homeowners Association (50-99 units); Condominium Association (2-49 units); Condominium Association (50-99 units); Homeowners Association (100+ units); Condominium Association (100+ units)",""
"Nexova,Inc.","team+apmleads@nexovaai.io","Sunnyvale","CA","94085","Homeowners Association (50-99 units); Condominium Association (50-99 units); Homeowners Association (100+ units); Condominium Association (100+ units)","Reimagine Future HOA Living!"
"D.A. Rich Company","brittany.rich@outlook.com","Stratford","CT","06615","Office (10,000 - 100,000 sqft); Retail (10,000 - 100,000 sqft); Homeowners Association (2-49 units); Homeowners Association (50-99 units); Condominium Association (2-49 units); Condominium Association (50-99 units); Homeowners Association (100+ units); Condominium Association (100+ units)","Fast and reliable, we are here to meet your needs!"
"Homestead Property Management South","Info@homesteadpmsouth.com,frank@homesteadpmsouth.com,pat@homesteadpmsouth.com,katrina@homesteadpmsouth.com","Estero","FL","33928","Homeowners Association (2-49 units); Homeowners Association (50-99 units); Condominium Association (2-49 units); Condominium Association (50-99 units); Homeowners Association (100+ units); Condominium Association (100+ units)",""" Southern Care, Beyond Compare """
"Aurora Management","info@auroramanagement.com","Minneapolis","MN","55413","Homeowners Association (2-49 units); Homeowners Association (50-99 units); Condominium Association (2-49 units); Condominium Association (50-99 units); Homeowners Association (100+ units); Condominium Association (100+ units)",""
"California Communities","info@californiacommunities.biz","Alameda","CA","94501","Office (Up to 9,999 sqft); Office (10,000 - 100,000 sqft); Office (100,000+ sqft); Retail (Up to 9,999 sqft); Retail (10,000 - 100,000 sqft); Retail (100,000+ sqft); Light Manufacturing (Up to 100,000 sqft); Light Manufacturing (100,000+ sqft); Warehouse/Distribution (Up to 100,000 sqft); Warehouse/Distribution (100,000+ sqft); Parking Garage; Biotech/Mission-Critical; Homeowners Association (2-49 units); Homeowners Association (50-99 units); Condominium Association (2-49 units); Condominium Association (50-99 units); Homeowners Association (100+ units); Condominium Association (100+ units)","Trusted HOA Management with a California Touch"
"Ricca Capital","joe@riccacapital.com","Franklinville","NJ","08322","Single Home or Condo (Valued up to $300K); Single Home or Condo ($300 to $500K); Single Home or Condo ($500K to $1 Million); Single Home or Condo (Over $1 Million); Multi-Family (2-4 units); Multi-Family (5-19 units); Multi-Family (20-99 units); Multi-Family (100+ units); Homeowners Association (2-49 units); Homeowners Association (50-99 units); Condominium Association (2-49 units); Condominium Association (50-99 units); Homeowners Association (100+ units); Condominium Association (100+ units)","South Jersey’s Personalized Association & Property Management Firm. We make the complex simple."
"Collective House Realty, an LC company","julie.yesnick@collectivehouse.com","Columbus","OH","43215","Homeowners Association (2-49 units); Homeowners Association (50-99 units); Condominium Association (2-49 units); Condominium Association (50-99 units); Homeowners Association (100+ units); Condominium Association (100+ units)","Building real partnerships through connection, consistency, and care."
"Stavro Property Management","sergei@stavropm.com","Park City","UT","84098","Single Home or Condo ($500K to $1 Million); Single Home or Condo (Over $1 Million); Vacation (1-2 units); Vacation (3+ units); Homeowners Association (2-49 units); Homeowners Association (50-99 units); Condominium Association (2-49 units); Condominium Association (50-99 units); Homeowners Association (100+ units); Condominium Association (100+ units)","Discreet, detail-driven management for luxury homes and communities in Park City and nearby"
"Metropolis Condominium Management","mjlobb@wearemetropolis.com,mjlobb@gmail.com","Lincoln","NE","68336","Homeowners Association (2-49 units); Homeowners Association (50-99 units); Condominium Association (2-49 units); Condominium Association (50-99 units); Homeowners Association (100+ units); Condominium Association (100+ units)",""
"Unlimited Property Management","stacy.mckinney@nestcorepartners.com,cmorandi@unlimitedpm.com","Miami","FL","33166","Homeowners Association (2-49 units); Homeowners Association (50-99 units); Condominium Association (2-49 units); Condominium Association (50-99 units); Homeowners Association (100+ units); Condominium Association (100+ units)","Protecting Your Interests"
"Wolfleader Management LLC","Wolfleadermanagementllc@gmail.com","mount pleasant","MI","48858","Single Home or Condo (Valued up to $300K); Single Home or Condo ($300 to $500K); Single Home or Condo ($500K to $1 Million); Single Home or Condo (Over $1 Million); Multi-Family (2-4 units); Multi-Family (5-19 units); Multi-Family (20-99 units); Office (Up to 9,999 sqft); Office (10,000 - 100,000 sqft); Office (100,000+ sqft); Retail (Up to 9,999 sqft); Retail (10,000 - 100,000 sqft); Retail (100,000+ sqft); Light Manufacturing (Up to 100,000 sqft); Light Manufacturing (100,000+ sqft); Warehouse/Distribution (Up to 100,000 sqft); Warehouse/Distribution (100,000+ sqft); Vacation (1-2 units); Vacation (3+ units); Parking Garage; Other Associations (Hotel, Resort etc.); Multi-Family (100+ units); Biotech/Mission-Critical; Homeowners Association (2-49 units); Homeowners Association (50-99 units); Condominium Association (2-49 units); Condominium Association (50-99 units); Homeowners Association (100+ units); Condominium Association (100+ units); Mobile Home Community","At Realestateking & Wolfleader Management LLC we deliver professional real estate and property manag"
"LM Association Management Services","lynda@lmams.net","Houston","TX","77054","Homeowners Association (2-49 units); Homeowners Association (50-99 units); Condominium Association (2-49 units); Condominium Association (50-99 units); Homeowners Association (100+ units); Condominium Association (100+ units)","Achieve Community Success with Expert Management"
"Lawrence Realty, LLC- Akron","tfry4916@gmail.com","North Canton","OH","44720","Single Home or Condo (Valued up to $300K); Single Home or Condo ($300 to $500K); Single Home or Condo ($500K to $1 Million); Single Home or Condo (Over $1 Million); Multi-Family (2-4 units); Multi-Family (5-19 units); Multi-Family (20-99 units); Multi-Family (100+ units); Condominium Association (2-49 units); Condominium Association (50-99 units); Condominium Association (100+ units)",""
"Lawrence Realty, LLC- Canton","tfry4916@gmail.com","North Canton","OH","44720","Single Home or Condo (Valued up to $300K); Single Home or Condo ($300 to $500K); Single Home or Condo ($500K to $1 Million); Single Home or Condo (Over $1 Million); Multi-Family (2-4 units); Multi-Family (5-19 units); Multi-Family (20-99 units); Multi-Family (100+ units); Condominium Association (2-49 units); Condominium Association (50-99 units); Condominium Association (100+ units)",""
"Lawrence Realty, LLC- Cleveland","tfry4916@gmail.com","North Canton","OH","44720","Single Home or Condo (Valued up to $300K); Single Home or Condo ($300 to $500K); Single Home or Condo ($500K to $1 Million); Single Home or Condo (Over $1 Million); Multi-Family (2-4 units); Multi-Family (5-19 units); Multi-Family (20-99 units); Multi-Family (100+ units); Condominium Association (2-49 units); Condominium Association (50-99 units); Condominium Association (100+ units)",""
"Peacock Properties LLC","support@peacockpropertiesmgmt.com","Charlestown","MA","02129","Multi-Family (20-99 units); Homeowners Association (50-99 units); Condominium Association (50-99 units); Homeowners Association (100+ units); Condominium Association (100+ units)","Modern Solutions For Property Management"
"Delchester Realty Corp","delchesterrealty@gmail.com","Bryn Mawr","PA","19010","Homeowners Association (50-99 units); Condominium Association (50-99 units); Homeowners Association (100+ units); Condominium Association (100+ units)","Building Trust, Managing Success"
"PMI Gulf Coast","victoria@pmigulfcoast.com","Naples","FL","34110","Vacation (1-2 units); Vacation (3+ units); Homeowners Association (2-49 units); Homeowners Association (50-99 units); Condominium Association (2-49 units); Condominium Association (50-99 units); Homeowners Association (100+ units); Condominium Association (100+ units)","At PMI Gulf Coast, we make property management, manageable!"
"PinnacleRise Management","pinnaclemngmntservices@gmail.com","Miami","FL","33193","Homeowners Association (2-49 units); Homeowners Association (50-99 units); Condominium Association (2-49 units); Condominium Association (50-99 units); Homeowners Association (100+ units); Condominium Association (100+ units)","The key to your property management success."
"Infinity Property Services, AAMC","william@ipsmanage.com","Valencia","CA","91355","Homeowners Association (2-49 units); Homeowners Association (50-99 units); Condominium Association (50-99 units); Homeowners Association (100+ units); Condominium Association (100+ units)","Expert HOA Management. Transparent. Responsive. Results You Can Trust."
"AKME Property Management","david@akmepm.com","New York","NY","10005","Single Home or Condo (Valued up to $300K); Single Home or Condo ($300 to $500K); Single Home or Condo ($500K to $1 Million); Single Home or Condo (Over $1 Million); Multi-Family (2-4 units); Multi-Family (5-19 units); Multi-Family (20-99 units); Homeowners Association (2-49 units); Homeowners Association (50-99 units); Condominium Association (2-49 units); Condominium Association (50-99 units)","AKME combines 35 years of hands-on ownership experience with CFO-level financial expertise to delive"
"HOA Management Company- San Diego","lwalker@hoamanagementcompany.com","San Francisco","CA","94103","Homeowners Association (2-49 units); Homeowners Association (50-99 units); Homeowners Association (100+ units)",""
"Next Generation Management & Accounting Services","kim@nextgenfla.com","Sunrise","FL","33325","Homeowners Association (100+ units)","Founded in 2013, Next Generation Management & Accounting's sole mission has been to provide homeowne"
"ClaraVista Management Group","heather@claravistapm.com,anna@stconstruction.org","Corona","CA","92883","Homeowners Association (50-99 units); Homeowners Association (100+ units)","Technology-Driven, Transparency-Focused.
Fully Certified. CMCA®, CCAM®, CAFM."
"Integrity Property Management of NH LLC","info@integrityofnh.com","Rochester","NH","03866","Single Home or Condo (Valued up to $300K); Single Home or Condo ($300 to $500K); Single Home or Condo ($500K to $1 Million); Single Home or Condo (Over $1 Million); Multi-Family (2-4 units); Multi-Family (5-19 units); Multi-Family (20-99 units); Office (Up to 9,999 sqft); Office (10,000 - 100,000 sqft); Office (100,000+ sqft); Retail (Up to 9,999 sqft); Retail (10,000 - 100,000 sqft); Retail (100,000+ sqft); Light Manufacturing (Up to 100,000 sqft); Light Manufacturing (100,000+ sqft); Warehouse/Distribution (Up to 100,000 sqft); Warehouse/Distribution (100,000+ sqft); Multi-Family (100+ units); Homeowners Association (2-49 units); Homeowners Association (50-99 units); Condominium Association (2-49 units); Condominium Association (50-99 units); Homeowners Association (100+ units); Condominium Association (100+ units); Mobile Home Community","Making Your Property Our Business"
"Kindred Management Group","thad@kmghoa.com","Denver","NC","28037","Homeowners Association (2-49 units); Homeowners Association (50-99 units); Condominium Association (2-49 units); Homeowners Association (100+ units)","A refreshing approach to community management. Locally owned, with a personal touch."
"PMI All American","generalmanager@pmiallamerican.com,new-dealae211c2f26@newlead.leadsimple.com","Fayetteville","NC","28301","Single Home or Condo (Valued up to $300K); Single Home or Condo ($300 to $500K); Single Home or Condo ($500K to $1 Million); Single Home or Condo (Over $1 Million); Multi-Family (2-4 units); Multi-Family (5-19 units); Multi-Family (20-99 units); Vacation (1-2 units); Vacation (3+ units); Multi-Family (100+ units); Homeowners Association (2-49 units); Homeowners Association (50-99 units); Condominium Association (2-49 units); Condominium Association (50-99 units); Homeowners Association (100+ units); Condominium Association (100+ units); Mobile Home Community","Property Management Inc is Entrepreneur Magazine's #1 property management franchise and #146 in thei"
"Chattanooga Property Management LLC","melanie@chattanoogapm.com,office@chattanoogapm.com","Chattanooga","TN","37412","Single Home or Condo (Valued up to $300K); Single Home or Condo ($300 to $500K); Multi-Family (2-4 units); Multi-Family (5-19 units); Multi-Family (20-99 units); Homeowners Association (2-49 units); Homeowners Association (50-99 units); Condominium Association (2-49 units); Condominium Association (50-99 units); Homeowners Association (100+ units); Condominium Association (100+ units)","Chattanooga Property Management is your one-stop 
solution for all of your property or association m"
"BHHS PRO|The Gateway Home Services Team Dayton","arice@gatewayhomesvcs.com","Cincinnati","OH","45215","Single Home or Condo (Valued up to $300K); Single Home or Condo ($300 to $500K); Single Home or Condo ($500K to $1 Million); Single Home or Condo (Over $1 Million); Multi-Family (2-4 units); Multi-Family (5-19 units); Multi-Family (20-99 units); Office (Up to 9,999 sqft); Office (10,000 - 100,000 sqft); Office (100,000+ sqft); Retail (Up to 9,999 sqft); Retail (10,000 - 100,000 sqft); Retail (100,000+ sqft); Multi-Family (100+ units); Homeowners Association (2-49 units); Homeowners Association (50-99 units); Condominium Association (2-49 units); Condominium Association (50-99 units); Homeowners Association (100+ units); Condominium Association (100+ units)","Built on Trust. Driven by Service."
"PMI Southern States","victor@pmisouthernstates.com,ram@pmisouthernstates.com,new-dealebc3b67e65@newlead.leadsimple.com,maxine@pmisouthernstates.com,emily@pmisouthernstates.com","Simpsonville","SC","29681","Single Home or Condo (Valued up to $300K); Single Home or Condo ($300 to $500K); Single Home or Condo ($500K to $1 Million); Single Home or Condo (Over $1 Million); Multi-Family (2-4 units); Multi-Family (5-19 units); Multi-Family (20-99 units); Multi-Family (100+ units); Homeowners Association (2-49 units); Homeowners Association (50-99 units); Condominium Association (2-49 units); Condominium Association (50-99 units); Homeowners Association (100+ units); Condominium Association (100+ units)","Adding Care to Your Association.
Always There For You.
Everything You Need, All right Here.
The Best"
"PMP Management - SoCal","Amcox@pmpmanage.com","Irvine","CA","92618","Homeowners Association (2-49 units); Homeowners Association (50-99 units); Condominium Association (2-49 units); Condominium Association (50-99 units); Homeowners Association (100+ units); Condominium Association (100+ units)",""
"WRS Property Management","dylan@wrsprops.com","Neenah","WI","54956","Single Home or Condo (Valued up to $300K); Single Home or Condo ($300 to $500K); Single Home or Condo ($500K to $1 Million); Single Home or Condo (Over $1 Million); Office (Up to 9,999 sqft); Office (10,000 - 100,000 sqft); Office (100,000+ sqft); Retail (Up to 9,999 sqft); Retail (10,000 - 100,000 sqft); Retail (100,000+ sqft); Light Manufacturing (Up to 100,000 sqft); Light Manufacturing (100,000+ sqft); Warehouse/Distribution (Up to 100,000 sqft); Warehouse/Distribution (100,000+ sqft); Parking Garage; Biotech/Mission-Critical; Condominium Association (2-49 units); Condominium Association (50-99 units); Condominium Association (100+ units)","Specializing in growing and protecting your weatlh."
"Meridian Realty Group LLC","Keith@mrgproperty.com,shawn@mrgproperty.com,peter@mrgproperty.com,valerie.post@evrealestate.com","Boston","MA","02115","Homeowners Association (50-99 units); Condominium Association (50-99 units); Homeowners Association (100+ units); Condominium Association (100+ units)","Meridian Realty Group LLC, based in Boston, is a leading real estate firm offering specializing in p"
"Management Apex","shawn@managementapex.com,ashley@managementapex.com","Huntsville","AL","35801","Single Home or Condo (Valued up to $300K); Single Home or Condo ($300 to $500K); Single Home or Condo ($500K to $1 Million); Homeowners Association (2-49 units); Homeowners Association (50-99 units); Condominium Association (2-49 units); Condominium Association (50-99 units); Homeowners Association (100+ units); Condominium Association (100+ units)","You get piece of mind while our team tackles the 
heavy lifting."
"Marples Property Management","instantresponse2@marplesteam.com","Brentwood","CA","94513","Single Home or Condo (Valued up to $300K); Single Home or Condo ($300 to $500K); Single Home or Condo ($500K to $1 Million); Single Home or Condo (Over $1 Million); Multi-Family (2-4 units); Multi-Family (5-19 units); Multi-Family (20-99 units); Office (Up to 9,999 sqft); Office (10,000 - 100,000 sqft); Office (100,000+ sqft); Retail (Up to 9,999 sqft); Retail (10,000 - 100,000 sqft); Retail (100,000+ sqft); Light Manufacturing (Up to 100,000 sqft); Light Manufacturing (100,000+ sqft); Warehouse/Distribution (Up to 100,000 sqft); Warehouse/Distribution (100,000+ sqft); Vacation (1-2 units); Vacation (3+ units); Other Associations (Hotel, Resort etc.); Multi-Family (100+ units); Homeowners Association (2-49 units); Homeowners Association (50-99 units); Condominium Association (2-49 units); Condominium Association (50-99 units); Homeowners Association (100+ units); Condominium Association (100+ units); Mobile Home Community","Unparalleled Representation For 40 Years From The Largest Full Service Property Management Firm In Y"
"Trident Management- Palm Beach County","teri@tridentfl.com,new-dealbb48819576@newlead.leadsimple.com","Miami Beach","FL","33139","Homeowners Association (2-49 units); Homeowners Association (50-99 units); Condominium Association (2-49 units); Condominium Association (50-99 units); Homeowners Association (100+ units); Condominium Association (100+ units)","Overseeing an HOA or COA involves intricate balance and foresight —from maintaining financial health"
"D'Angelo Realty Group Inc","steve@dangelore.com,joel@dangelore.com,nicole@dangelore.com","Mechanicsburg","PA","17055","Single Home or Condo (Valued up to $300K); Single Home or Condo ($300 to $500K); Single Home or Condo ($500K to $1 Million); Single Home or Condo (Over $1 Million); Multi-Family (2-4 units); Multi-Family (5-19 units); Multi-Family (20-99 units); Office (Up to 9,999 sqft); Office (10,000 - 100,000 sqft); Office (100,000+ sqft); Retail (Up to 9,999 sqft); Retail (10,000 - 100,000 sqft); Retail (100,000+ sqft); Light Manufacturing (Up to 100,000 sqft); Light Manufacturing (100,000+ sqft); Warehouse/Distribution (Up to 100,000 sqft); Warehouse/Distribution (100,000+ sqft); Parking Garage; Multi-Family (100+ units); Biotech/Mission-Critical; Homeowners Association (2-49 units); Homeowners Association (50-99 units); Condominium Association (2-49 units); Condominium Association (50-99 units); Homeowners Association (100+ units); Condominium Association (100+ units)","Real estate that improves lives."
"Harbeck Hospitality","joe@hhrmgt.com,Christine@HHRMgt.com","Palm Harbor","FL","34684","Other Associations (Hotel, Resort etc.); Homeowners Association (2-49 units); Homeowners Association (50-99 units); Condominium Association (2-49 units); Condominium Association (50-99 units); Homeowners Association (100+ units); Condominium Association (100+ units); Mobile Home Community","Exceeding Expectations"
"TheHOAmanagers.com","tom@thehoamanagers.com","Columbia","MD","21046","Homeowners Association (2-49 units); Homeowners Association (50-99 units); Condominium Association (2-49 units); Condominium Association (50-99 units); Homeowners Association (100+ units); Condominium Association (100+ units)","Manage with TheHOAmanagers.com - HOA is our middle name! Best and simplest HOA company."
"Arrow Real Estate - HOA","caden@arrow-re.com","San Diego","CA","92122","Homeowners Association (2-49 units); Homeowners Association (50-99 units); Condominium Association (2-49 units); Condominium Association (50-99 units); Homeowners Association (100+ units); Condominium Association (100+ units)","We provide full-service real estate solutions, specializing in property management, asset redevelopm"
"HOA Love","david@hoalove.com","Lehi","UT","84043","Homeowners Association (2-49 units); Homeowners Association (50-99 units); Condominium Association (2-49 units); Condominium Association (50-99 units); Homeowners Association (100+ units); Condominium Association (100+ units)","Say goodbye to HOA headaches! At HOA Love, we connect communities with management solutions that tru"
"Arc Group Real Estate (do not sign up for APM)","aburr@arcgroupre.com","Palmetto","FL","34221","Single Home or Condo (Valued up to $300K); Single Home or Condo ($300 to $500K); Single Home or Condo ($500K to $1 Million); Single Home or Condo (Over $1 Million); Multi-Family (2-4 units); Multi-Family (5-19 units); Homeowners Association (2-49 units); Homeowners Association (50-99 units); Homeowners Association (100+ units)","Client Focus That Drives Results"
"Skyline Realty","alex@skylinerealty.com","Medford","MA","02155","Single Home or Condo ($500K to $1 Million); Single Home or Condo (Over $1 Million); Multi-Family (2-4 units); Multi-Family (5-19 units); Multi-Family (20-99 units); Homeowners Association (2-49 units); Homeowners Association (50-99 units); Condominium Association (2-49 units); Condominium Association (50-99 units)","Skyline Realty is Boston’s trusted partner in property management, delivering customized solutions f"
"BHHS PRO|The Gateway Home Services Team","arice@gatewayhomesvcs.com","Cincinnati","OH","45215","Single Home or Condo (Valued up to $300K); Single Home or Condo ($300 to $500K); Single Home or Condo ($500K to $1 Million); Single Home or Condo (Over $1 Million); Multi-Family (2-4 units); Multi-Family (5-19 units); Multi-Family (20-99 units); Office (Up to 9,999 sqft); Office (10,000 - 100,000 sqft); Office (100,000+ sqft); Retail (Up to 9,999 sqft); Retail (10,000 - 100,000 sqft); Retail (100,000+ sqft); Multi-Family (100+ units); Homeowners Association (2-49 units); Homeowners Association (50-99 units); Condominium Association (2-49 units); Condominium Association (50-99 units); Homeowners Association (100+ units); Condominium Association (100+ units)","Built on Trust. Driven by Service."
"Condo Shield LLC","customersuccess@condoshield.org","Everett","WA","98201","Homeowners Association (2-49 units); Homeowners Association (50-99 units); Condominium Association (2-49 units); Condominium Association (50-99 units); Homeowners Association (100+ units); Condominium Association (100+ units)","Condo Shield: Empowering Your Community. Exceptional Support for Modern Board Leadership."
"AmLo Management","Loren@amlo-management.com","Duvall","WA","98019","Homeowners Association (2-49 units); Homeowners Association (50-99 units); Condominium Association (2-49 units); Condominium Association (50-99 units); Homeowners Association (100+ units); Condominium Association (100+ units)","Community management — built by board members and community members, for board members and community"
"WestWork Management","jason@westworkcorp.com,sean@westworkcorp.com","Lakewood","CO","80235","Homeowners Association (2-49 units); Homeowners Association (50-99 units); Condominium Association (2-49 units); Condominium Association (50-99 units); Homeowners Association (100+ units); Condominium Association (100+ units)","Our wide range of solutions are customizable to meet the needs of our clients."
"Indygo Community Association Management","Jason@indygocam.com","Colorado Springs","CO","80903","Homeowners Association (2-49 units); Homeowners Association (50-99 units); Condominium Association (2-49 units); Condominium Association (50-99 units); Homeowners Association (100+ units); Condominium Association (100+ units)","The New Way to HOA!"
"Maine Condo Companies","mclark@mainecondocompanies.com","Scarborough","ME","04074","Homeowners Association (2-49 units); Homeowners Association (50-99 units); Condominium Association (2-49 units); Condominium Association (50-99 units); Homeowners Association (100+ units); Condominium Association (100+ units)","We serve Associations of all sizes and customize our services to meet all budgets!"
"Lions Association Management","Anthony.AFLionsLLC@gmail.com,AFLionsLLC@yahoo.com","Naples","FL","34110","Office (Up to 9,999 sqft); Office (10,000 - 100,000 sqft); Office (100,000+ sqft); Retail (Up to 9,999 sqft); Retail (10,000 - 100,000 sqft); Retail (100,000+ sqft); Light Manufacturing (Up to 100,000 sqft); Light Manufacturing (100,000+ sqft); Warehouse/Distribution (Up to 100,000 sqft); Warehouse/Distribution (100,000+ sqft); Parking Garage; Other Associations (Hotel, Resort etc.); Biotech/Mission-Critical; Homeowners Association (2-49 units); Homeowners Association (50-99 units); Condominium Association (2-49 units); Homeowners Association (100+ units); Mobile Home Community","Tailored Solutions for Every Community"
"City Point Management LLC - Boston","citypointmgmt@gmail.com","Boston","MA","02113","Single Home or Condo (Valued up to $300K); Single Home or Condo ($300 to $500K); Single Home or Condo ($500K to $1 Million); Single Home or Condo (Over $1 Million); Multi-Family (2-4 units); Multi-Family (5-19 units); Multi-Family (20-99 units); Office (Up to 9,999 sqft); Office (10,000 - 100,000 sqft); Office (100,000+ sqft); Retail (Up to 9,999 sqft); Retail (10,000 - 100,000 sqft); Retail (100,000+ sqft); Multi-Family (100+ units); Homeowners Association (2-49 units); Homeowners Association (50-99 units); Condominium Association (2-49 units); Condominium Association (50-99 units); Homeowners Association (100+ units); Condominium Association (100+ units); Mobile Home Community","We deliver an owner's mindset for your investment!"
"American Community Management, Inc","tmccoy@communitymanagers.net,hgriffing@acmhome.com,omoon@acmhome.com","Linthicum Heights","MD","21090","Homeowners Association (50-99 units); Condominium Association (50-99 units); Homeowners Association (100+ units); Condominium Association (100+ units)","Love Where You Live!"
"Red Rock Management","chris@gowithredrock.com,craig@gowithredrock.com","Fort Mill","SC","29708","Homeowners Association (50-99 units); Condominium Association (2-49 units); Condominium Association (50-99 units); Homeowners Association (100+ units); Condominium Association (100+ units)","Flat-Rate Management Fee, Super Responsive, All-in-One Software, and a Professional Team that Cares."
"Condo Shield LLC (history)","customersuccess@condoshield.org","Everett","WA","98201","Condominium Association (50-99 units); Condominium Association (100+ units)","Condo Shield: Empowering Your Community. Exceptional Support for Modern Board Leadership."
"Property Boss","Kyle@propertybossllc.com","Stuart","FL","34997","Single Home or Condo (Valued up to $300K); Single Home or Condo ($300 to $500K); Single Home or Condo ($500K to $1 Million); Single Home or Condo (Over $1 Million); Multi-Family (2-4 units); Multi-Family (5-19 units); Multi-Family (20-99 units); Multi-Family (100+ units); Homeowners Association (2-49 units); Homeowners Association (50-99 units); Condominium Association (2-49 units); Condominium Association (50-99 units); Homeowners Association (100+ units); Condominium Association (100+ units)","A full service family owned and operated property management company serving South Florida & Norther"
"Spectrum Association Management - Houston","info@spectrumam.com,tclark@spectrumam.com","Houston","TX","77084","Homeowners Association (2-49 units); Homeowners Association (50-99 units); Homeowners Association (100+ units)","Modern. Refreshing. Different."
"The Management Trust","petra.paul@managementtrust.com","Scottsdale","AZ","85260","Homeowners Association (100+ units); Condominium Association (100+ units)","The Management Trust provides superior services and quality to its communities through a highly dedi"
"PMI Austin Metro","info@pmiaustinmetro.com,Staci@pmiaustinmetro.com","Lakeway","TX","78734","Single Home or Condo (Valued up to $300K); Single Home or Condo ($300 to $500K); Single Home or Condo ($500K to $1 Million); Single Home or Condo (Over $1 Million); Vacation (1-2 units); Vacation (3+ units); Other Associations (Hotel, Resort etc.); Homeowners Association (50-99 units); Condominium Association (2-49 units); Condominium Association (50-99 units); Homeowners Association (100+ units); Condominium Association (100+ units); Mobile Home Community","Managing your property so you don't have to."
"All County Advance Property Management","movittjr@allcountyadvance.com","Clearwater","FL","33762","Single Home or Condo (Valued up to $300K); Single Home or Condo ($300 to $500K); Single Home or Condo ($500K to $1 Million); Single Home or Condo (Over $1 Million); Multi-Family (2-4 units); Multi-Family (5-19 units); Multi-Family (20-99 units); Multi-Family (100+ units); Homeowners Association (2-49 units); Homeowners Association (50-99 units); Condominium Association (2-49 units); Condominium Association (50-99 units); Homeowners Association (100+ units); Condominium Association (100+ units)","Where Multi-Unit Owners Turn for Comprehensive Management Solutions and Maximizing Your Multi-Unit I"
"LINK Real Estate Group - Financial Essentials","khenry@linkapm.com","Columbus","OH","43235","Homeowners Association (50-99 units); Condominium Association (50-99 units); Homeowners Association (100+ units); Condominium Association (100+ units)","Best-in-Class Real Estate Management Services"
"All Avenues Realty & Property Management","Crystalsarich@allavenuesrealty.com","Mentor","OH","44060","Single Home or Condo (Valued up to $300K); Single Home or Condo ($300 to $500K); Single Home or Condo ($500K to $1 Million); Single Home or Condo (Over $1 Million); Multi-Family (2-4 units); Multi-Family (5-19 units); Multi-Family (20-99 units); Office (Up to 9,999 sqft); Office (10,000 - 100,000 sqft); Office (100,000+ sqft); Retail (Up to 9,999 sqft); Retail (10,000 - 100,000 sqft); Retail (100,000+ sqft); Multi-Family (100+ units); Homeowners Association (2-49 units); Homeowners Association (50-99 units); Homeowners Association (100+ units)","Ohio's Best Full Service Property Management Company!"
"First Equity","vlaherrere@gmail.com,6509954547@vtext.com","San Mateo","CA","94403","Homeowners Association (50-99 units); Condominium Association (50-99 units); Homeowners Association (100+ units); Condominium Association (100+ units)","Superior property management for rental homes, 
condominiums, apartment complexes, and 
associatio"
"H3 Chicago LLC","keith@h3chicago.com,scott@h3chicago.com,nick@h3chicago.com,oliver@h3chicago.com","Chicago","IL","60618","Single Home or Condo (Valued up to $300K); Single Home or Condo ($300 to $500K); Single Home or Condo ($500K to $1 Million); Single Home or Condo (Over $1 Million); Multi-Family (2-4 units); Multi-Family (5-19 units); Multi-Family (20-99 units); Parking Garage; Multi-Family (100+ units); Homeowners Association (2-49 units); Homeowners Association (50-99 units); Condominium Association (2-49 units); Condominium Association (50-99 units); Homeowners Association (100+ units); Condominium Association (100+ units)","A Boutique Management company that is client focused."
"TheHOAmanagers.com","tom@thehoamanagers.com","Marshfield","MA","02050","Homeowners Association (2-49 units); Homeowners Association (50-99 units); Condominium Association (2-49 units); Condominium Association (50-99 units); Homeowners Association (100+ units); Condominium Association (100+ units)","Manage with TheHOAmanagers.com - HOA is our middle name! Best and simplest HOA company."
"PMI Reliant","dale@pmireliant.com","Orem","UT","84097","Single Home or Condo (Valued up to $300K); Single Home or Condo ($300 to $500K); Single Home or Condo ($500K to $1 Million); Single Home or Condo (Over $1 Million); Multi-Family (2-4 units); Multi-Family (5-19 units); Multi-Family (20-99 units); Office (Up to 9,999 sqft); Office (10,000 - 100,000 sqft); Office (100,000+ sqft); Retail (Up to 9,999 sqft); Retail (10,000 - 100,000 sqft); Retail (100,000+ sqft); Light Manufacturing (Up to 100,000 sqft); Light Manufacturing (100,000+ sqft); Warehouse/Distribution (Up to 100,000 sqft); Warehouse/Distribution (100,000+ sqft); Parking Garage; Multi-Family (100+ units); Homeowners Association (2-49 units); Homeowners Association (50-99 units); Condominium Association (2-49 units); Condominium Association (50-99 units); Homeowners Association (100+ units); Condominium Association (100+ units); Mobile Home Community","PMI Reliant: Great communication and amazing customer service. Giving your life back by making prope"
"3.0 Management","cmarion@3pmhoa.com,ashore@3pmhoa.com,jmackey@3pmhoa.com","Denver","CO","80206","Homeowners Association (2-49 units); Homeowners Association (50-99 units); Condominium Association (2-49 units); Condominium Association (50-99 units); Homeowners Association (100+ units); Condominium Association (100+ units)","Leaders in the New Era of HOA Management"
"PMI Potomac","mattmangan@pmipotomac.com,new-deal1525056c82@newlead.leadsimple.com","North Bethesda","MD","20852","Single Home or Condo (Valued up to $300K); Single Home or Condo ($300 to $500K); Single Home or Condo ($500K to $1 Million); Single Home or Condo (Over $1 Million); Multi-Family (2-4 units); Homeowners Association (2-49 units); Homeowners Association (50-99 units); Homeowners Association (100+ units)","We are the property management people. We open doors to a better life by ensuring less worry and mor"
"Homeowners Association Management Services Inc (Bay Area)","falioto@hoamanagementservices.net","San Jose","CA","95148","Homeowners Association (2-49 units); Homeowners Association (50-99 units); Condominium Association (2-49 units); Condominium Association (50-99 units); Homeowners Association (100+ units); Condominium Association (100+ units)","Providing the Highest Standard in HOA Management"
"Homeowners Association Management Services Inc (Central Valley)","falioto@hoamanagementservices.net","San Jose","CA","95148","Homeowners Association (2-49 units); Homeowners Association (50-99 units); Condominium Association (2-49 units); Condominium Association (50-99 units); Homeowners Association (100+ units); Condominium Association (100+ units)","Providing the Highest Standard in HOA Management"
"Icon Realty Services, Inc.","kamryn@iconrs.com,leads@iconrs.com,greggs@iconrs.com","Encino","CA","91436","Homeowners Association (2-49 units); Homeowners Association (50-99 units); Condominium Association (2-49 units); Condominium Association (50-99 units); Homeowners Association (100+ units); Condominium Association (100+ units)","We are your boutique, custom-tailored HOA management solution. At Icon Realty Services, we pride our"
"Passadore Properties, Inc.","info@passadoreproperties.com,eddie@passadoreproperties.com,lupe@passadoreproperties.com,Jonathan@Passadoreproperties.com","Portland","OR","97225","Homeowners Association (2-49 units); Homeowners Association (50-99 units); Condominium Association (2-49 units); Condominium Association (50-99 units); Homeowners Association (100+ units); Condominium Association (100+ units)","Passadore Properties: People, Planet, Passadore...for over 30 years. Serving Oregon, Washington & Mo"
"Florida 360","douglas@florida360mgmt.com,marketing@florida360mgmt.com,commercial@florida360mgmt.com","West Palm Beach","FL","33401","Single Home or Condo ($300 to $500K); Single Home or Condo ($500K to $1 Million); Single Home or Condo (Over $1 Million); Multi-Family (2-4 units); Multi-Family (5-19 units); Office (Up to 9,999 sqft); Office (10,000 - 100,000 sqft); Office (100,000+ sqft); Retail (Up to 9,999 sqft); Retail (10,000 - 100,000 sqft); Retail (100,000+ sqft); Light Manufacturing (Up to 100,000 sqft); Light Manufacturing (100,000+ sqft); Warehouse/Distribution (Up to 100,000 sqft); Warehouse/Distribution (100,000+ sqft); Homeowners Association (2-49 units); Homeowners Association (50-99 units); Condominium Association (2-49 units); Condominium Association (50-99 units); Homeowners Association (100+ units); Condominium Association (100+ units)","We are a BBB A+ rating for many years. As a result, we have the tools and know-how to manage your pr"
"Maine Condo Companies - Servicing New Hampshire","mclark@mainecondocompanies.com","Scarborough","ME","04074","Homeowners Association (2-49 units); Homeowners Association (50-99 units); Condominium Association (2-49 units); Condominium Association (50-99 units); Homeowners Association (100+ units); Condominium Association (100+ units)","We serve Associations of all sizes and customize our services to meet all budgets!"
"Compass Management Professionals","compass.stacey@yahoo.com","Plymouth","MI","48170","Homeowners Association (2-49 units); Homeowners Association (50-99 units); Condominium Association (2-49 units); Condominium Association (50-99 units); Homeowners Association (100+ units); Condominium Association (100+ units)","Customized Management Without All The Hidden Fees!"
"Bridge Property Management  - Massachusetts","jhart@bridgepropertymgmt.com","Boston","MA","02108","Multi-Family (2-4 units); Multi-Family (5-19 units); Homeowners Association (2-49 units); Homeowners Association (50-99 units); Condominium Association (2-49 units); Condominium Association (50-99 units)",""
"PMI Terminus Association Management","sam@pmiterminus.com,4044514976@tmomail.net,6784281438@tmomail.net,new-dealdfa0805f2e@newlead.leadsimple.com","Smyrna","GA","30080","Homeowners Association (2-49 units); Homeowners Association (50-99 units); Condominium Association (2-49 units); Condominium Association (50-99 units); Homeowners Association (100+ units); Condominium Association (100+ units)","Changing the expectations of property management!"
"The Reno Companies","info@renocompanies.com,new-deal1ca580fdb5@newlead.leadsimple.com","Lowell","MA","01850","Single Home or Condo ($300 to $500K); Single Home or Condo ($500K to $1 Million); Single Home or Condo (Over $1 Million); Multi-Family (2-4 units); Multi-Family (5-19 units); Multi-Family (20-99 units); Homeowners Association (2-49 units); Homeowners Association (50-99 units); Condominium Association (2-49 units); Condominium Association (50-99 units); Homeowners Association (100+ units); Condominium Association (100+ units); Mobile Home Community","Personalized service to ensure that your investment is protected and profitable."
"Fusion PMG","new-deal158c7195e6@newlead.leadsimple.com","Hallandale","FL","33009","Single Home or Condo (Valued up to $300K); Single Home or Condo ($300 to $500K); Single Home or Condo ($500K to $1 Million); Single Home or Condo (Over $1 Million); Multi-Family (5-19 units); Multi-Family (20-99 units); Multi-Family (100+ units); Homeowners Association (50-99 units); Condominium Association (50-99 units); Homeowners Association (100+ units); Condominium Association (100+ units)","We manage, you succeed"
"Preferred Association Management Co","kay@pamcotx.com","Cedar Park","TX","78613","Homeowners Association (2-49 units); Homeowners Association (50-99 units); Condominium Association (2-49 units); Condominium Association (50-99 units); Homeowners Association (100+ units); Condominium Association (100+ units)","""We treat your community as if we lived there!"""
"Kirkpatrick Management Company ","dcourtney@ekirkpatrick.com,rkirkpatrick@ekirkpatrick.com","Indianapolis","IN","46220","Homeowners Association (2-49 units); Homeowners Association (50-99 units); Condominium Association (2-49 units); Condominium Association (50-99 units); Homeowners Association (100+ units); Condominium Association (100+ units)","Managing Neighborhoods, One Community at a Time"
"Elevate Community Management","kim@elevatecmtx.com","Fort Worth","TX","76137","Homeowners Association (2-49 units); Homeowners Association (50-99 units); Condominium Association (2-49 units); Condominium Association (50-99 units); Homeowners Association (100+ units); Condominium Association (100+ units)","At Elevate, We Aspire Higher for You!"
"Spark Community Management","claire@managedbyspark.com","Bellingham","WA","98226","Homeowners Association (2-49 units); Homeowners Association (50-99 units); Condominium Association (2-49 units); Condominium Association (50-99 units); Homeowners Association (100+ units); Condominium Association (100+ units)","Tired of being left in the dark? Experience transparent, asset-driven community management with Spar"
"TheHOAmanagers.com","tom@thehoamanagers.com","Kissimmee","FL","34744","Homeowners Association (2-49 units); Homeowners Association (50-99 units); Condominium Association (2-49 units); Condominium Association (50-99 units); Homeowners Association (100+ units); Condominium Association (100+ units)","Manage with TheHOAmanagers.com - HOA is our middle name! Best and simplest HOA company."
"Bridge Property Management - New York","jhart@bridgepropertymgmt.com,cnoriega@bridgepropertymgmt.com,mhobbs@royalecompany.com,jbrens@bridgepropertymgmt.com,bridgepropertymgmt.fnh4x@zapiermail.com","New York","NY","10010","Multi-Family (5-19 units); Multi-Family (20-99 units); Homeowners Association (2-49 units); Homeowners Association (50-99 units); Condominium Association (2-49 units); Condominium Association (50-99 units)","Efficient management solutions for the real estate industry."
"Red Rock Virtual HOA Management","chris@gowithredrock.com,craig@gowithredrock.com","Charlotte","NC","28202","Homeowners Association (50-99 units); Condominium Association (50-99 units); Homeowners Association (100+ units); Condominium Association (100+ units)","The Original Full-Service Virtual Management Company! Get an instant quote. Save money by paying for"
"Forward Property Management Group","Andy@gptmanagement.com","hollywood","FL","33024","Homeowners Association (2-49 units); Homeowners Association (50-99 units); Condominium Association (2-49 units); Condominium Association (50-99 units); Homeowners Association (100+ units); Condominium Association (100+ units)","Your Property. Our Priority"
"Prime 1 Realty","admin@prime1realty.net","Tampa","FL","33605","Multi-Family (2-4 units); Multi-Family (5-19 units); Multi-Family (20-99 units); Multi-Family (100+ units); Homeowners Association (2-49 units); Homeowners Association (50-99 units); Condominium Association (2-49 units); Condominium Association (50-99 units)","Prime Service, Prime Results."
"FirstService Residential","Ilene.Jablonski@fsresidential.com","Forest Hills","MD","21050","Homeowners Association (100+ units); Condominium Association (100+ units)","Managing your property is our business,
enhancing your community is our passion
"
"Prime Management Enterprise LLC","erytc@primemne.com","Orlando","FL","32801","Homeowners Association (50-99 units); Condominium Association (50-99 units); Homeowners Association (100+ units); Condominium Association (100+ units)","Elevating Communities, Simplifying Living."
"PMI Values Your Casa","gabriel.cristain@pmivaluesyourcasa.com,new-deal577d54610a@newlead.leadsimple.com","Cypress","TX","77433","Homeowners Association (2-49 units); Homeowners Association (50-99 units); Homeowners Association (100+ units)","Changing the Perception of HOA Management, One HOA at a Time!"
"Wells Association Management","info@wells-hoa.com","San Diego","CA","92101","Homeowners Association (2-49 units); Homeowners Association (50-99 units); Condominium Association (2-49 units); Condominium Association (50-99 units); Homeowners Association (100+ units); Condominium Association (100+ units)","Professional HOA management services in California."
"Northeast Property Management","Jason@northeastpm.com","Wrentham","MA","02093","Single Home or Condo (Valued up to $300K); Single Home or Condo ($300 to $500K); Single Home or Condo ($500K to $1 Million); Single Home or Condo (Over $1 Million); Multi-Family (2-4 units); Multi-Family (5-19 units); Multi-Family (20-99 units); Homeowners Association (2-49 units); Homeowners Association (50-99 units); Condominium Association (2-49 units); Condominium Association (50-99 units)","Your One Stop Property Shop!"
"Citadel Property Management","citadelpm@gmail.com,mcrespo@nyc.rr.com","New York City","NY","10009","Multi-Family (20-99 units); Multi-Family (100+ units); Homeowners Association (2-49 units); Homeowners Association (50-99 units); Condominium Association (2-49 units); Condominium Association (50-99 units); Homeowners Association (100+ units); Condominium Association (100+ units)","NYC's leading Property Management Services Company. Management - Brokerage - Facilities Management-C"
"Prime Association Management","info@primemgmt.net,careyi2005@gmail.com","Stevensville","MD","21666","Homeowners Association (2-49 units); Homeowners Association (50-99 units); Homeowners Association (100+ units)","Your Community, Our Priority."
"Source Realty Management Group","angie@srmmi.com,bianca@srmmi.com","Brownstown","MI","48183","Single Home or Condo (Valued up to $300K); Single Home or Condo ($300 to $500K); Single Home or Condo ($500K to $1 Million); Single Home or Condo (Over $1 Million); Multi-Family (2-4 units); Multi-Family (5-19 units); Multi-Family (20-99 units); Office (Up to 9,999 sqft); Office (10,000 - 100,000 sqft); Office (100,000+ sqft); Retail (Up to 9,999 sqft); Retail (10,000 - 100,000 sqft); Retail (100,000+ sqft); Light Manufacturing (Up to 100,000 sqft); Light Manufacturing (100,000+ sqft); Warehouse/Distribution (Up to 100,000 sqft); Warehouse/Distribution (100,000+ sqft); Parking Garage; Multi-Family (100+ units); Biotech/Mission-Critical; Homeowners Association (2-49 units); Homeowners Association (50-99 units); Condominium Association (2-49 units); Condominium Association (50-99 units); Homeowners Association (100+ units); Condominium Association (100+ units)","More than Property Managers. We offer Security and Solutions."
"NOLA Property Managers, Inc","kel@nolaprop.com","Kenner","LA","70062","Single Home or Condo (Valued up to $300K); Single Home or Condo ($300 to $500K); Multi-Family (2-4 units); Multi-Family (5-19 units); Multi-Family (20-99 units); Multi-Family (100+ units); Homeowners Association (2-49 units); Homeowners Association (50-99 units); Condominium Association (2-49 units); Condominium Association (50-99 units); Homeowners Association (100+ units); Condominium Association (100+ units)","Specializing in homeowner associations and residential rentals.  Your property is our priority."
"Protea Real Estate","lawrence@protearealestate.com,myra@protearealestate.com,wee@protearealestate.com,cathie@protearealestate.com,sandra@protearealestate.com","Dallas","TX","75248","Office (10,000 - 100,000 sqft); Office (100,000+ sqft); Retail (10,000 - 100,000 sqft); Retail (100,000+ sqft); Multi-Family (100+ units); Homeowners Association (100+ units); Condominium Association (100+ units)","Professional and Efficient Property Management Starts With Protea Real Estate."
"GEM Realty Solutions LLC","gio@gemrealtysolutions.com","Hallandale Beach","FL","33009","Single Home or Condo (Valued up to $300K); Single Home or Condo ($300 to $500K); Single Home or Condo ($500K to $1 Million); Office (Up to 9,999 sqft); Office (10,000 - 100,000 sqft); Office (100,000+ sqft); Light Manufacturing (Up to 100,000 sqft); Warehouse/Distribution (Up to 100,000 sqft); Warehouse/Distribution (100,000+ sqft); Homeowners Association (2-49 units); Homeowners Association (50-99 units); Condominium Association (2-49 units); Condominium Association (50-99 units); Homeowners Association (100+ units); Condominium Association (100+ units)","A GEM of a Partner in Property Management."
"America's Community Management Inc.","vgdiaz@americascommunitymgmt.com","Delray Beach","FL","33445","Homeowners Association (2-49 units); Homeowners Association (50-99 units); Condominium Association (2-49 units); Condominium Association (50-99 units); Homeowners Association (100+ units); Condominium Association (100+ units)","South Florida's top community management serving the south Florida communities since 2004"
"Tri County Property Services & Management","info@tricountypsm.net","Fort Lauderdale","FL","33309","Homeowners Association (2-49 units); Homeowners Association (50-99 units); Condominium Association (2-49 units); Condominium Association (50-99 units); Homeowners Association (100+ units); Condominium Association (100+ units)","Others Promise, We Deliver!"
"Trident Management- Broward County","teri@tridentfl.com,new-dealbb48819576@newlead.leadsimple.com","Miami Beach","FL","33139","Homeowners Association (2-49 units); Homeowners Association (50-99 units); Condominium Association (2-49 units); Condominium Association (50-99 units); Homeowners Association (100+ units); Condominium Association (100+ units)","Overseeing an HOA or COA involves intricate balance and foresight —from maintaining financial health"
"Rent Finders USA","Terry.McManus00@gmail.com","Ft Lauderdale","FL","33309","Single Home or Condo (Valued up to $300K); Single Home or Condo ($300 to $500K); Single Home or Condo ($500K to $1 Million); Single Home or Condo (Over $1 Million); Multi-Family (2-4 units); Multi-Family (5-19 units); Multi-Family (20-99 units); Multi-Family (100+ units); Homeowners Association (2-49 units); Homeowners Association (50-99 units); Homeowners Association (100+ units)","South Florida's #1 leasing and property management company"
"LEXITI Realty","fabio@lexiti.com","New York","NY","10036","Multi-Family (5-19 units); Multi-Family (20-99 units); Multi-Family (100+ units); Homeowners Association (2-49 units); Homeowners Association (50-99 units); Condominium Association (2-49 units); Condominium Association (50-99 units); Homeowners Association (100+ units); Condominium Association (100+ units)","REAL ESTATE REINVENTED"
"REA Property Management","jennifer@reapropertymanagement.com","Palm Harbor","FL","34683","Homeowners Association (2-49 units); Homeowners Association (50-99 units); Condominium Association (2-49 units); Condominium Association (50-99 units); Homeowners Association (100+ units); Condominium Association (100+ units)","Helping Associations prosper, one community at a time."
"Newgent Property- Bronx","fersen@newgents.com","Bronx","NY","10701","Multi-Family (5-19 units); Multi-Family (20-99 units); Multi-Family (100+ units); Homeowners Association (2-49 units); Homeowners Association (50-99 units); Condominium Association (2-49 units); Condominium Association (50-99 units); Homeowners Association (100+ units); Condominium Association (100+ units)","Transforming New York City's properties into profit for more than 15 years."
"Paradigm Property Management","margie@paradigmcommunities.com","Cincinnati","OH","45206","Multi-Family (5-19 units); Multi-Family (20-99 units); Multi-Family (100+ units); Condominium Association (2-49 units); Condominium Association (50-99 units)","Your Property. Our Priority. Your Investment, Protected"
"NRP","steven@hoasales.com,marketingbot@camcollective.com,ae@hoasales.com","Herndon","VA","20170","Homeowners Association (2-49 units); Homeowners Association (50-99 units); Condominium Association (2-49 units); Condominium Association (50-99 units); Homeowners Association (100+ units); Condominium Association (100+ units)","Your Partner in Community Association Management"
"Trident Management- East Dade County","teri@tridentfl.com,new-dealbb48819576@newlead.leadsimple.com","Miami Beach","FL","33139","Homeowners Association (2-49 units); Homeowners Association (50-99 units); Condominium Association (2-49 units); Condominium Association (50-99 units); Homeowners Association (100+ units); Condominium Association (100+ units)","Overseeing an HOA or COA involves intricate balance and foresight —from maintaining financial health"
"TMK Property Management & Consulting","tkohut@tmkmgt.com","Princeton","NJ","08540","Homeowners Association (50-99 units); Condominium Association (50-99 units); Homeowners Association (100+ units); Condominium Association (100+ units)","We're the small company with big heart, big abilities 
and 
point on expertise to manage YOUR comm"
"PMI Lighthouse","paul@pmilighthouse.com,hoa@pmilighthouse.com","Melville","NY","11747","Homeowners Association (2-49 units); Homeowners Association (50-99 units); Condominium Association (2-49 units); Condominium Association (50-99 units); Homeowners Association (100+ units); Condominium Association (100+ units)","the property management people"
"Correct Property Management","admin@correctpm.com,BRIAN@CORRECTPM.COM,FRANIA@CORRECTPM.COM","North Port","FL","34289","Multi-Family (2-4 units); Multi-Family (5-19 units); Multi-Family (20-99 units); Office (Up to 9,999 sqft); Office (10,000 - 100,000 sqft); Office (100,000+ sqft); Vacation (1-2 units); Vacation (3+ units); Multi-Family (100+ units); Homeowners Association (2-49 units); Homeowners Association (50-99 units); Condominium Association (2-49 units); Condominium Association (50-99 units); Homeowners Association (100+ units); Condominium Association (100+ units); Mobile Home Community","Managing Properties The Correct Way!"
"PMI Queen City","new-deal024bfa866d@newlead.leadsimple.com","Greenville","SC","29607","Homeowners Association (2-49 units); Homeowners Association (50-99 units); Condominium Association (2-49 units); Condominium Association (50-99 units); Homeowners Association (100+ units); Condominium Association (100+ units)","Serving Charlotte and surrounding communities."
"CopperDoor Community Services","annette@copperdoorco.com,tara@copperdoorco.com","Tampa","FL","33647","Homeowners Association (2-49 units); Homeowners Association (50-99 units); Condominium Association (2-49 units); Condominium Association (50-99 units); Homeowners Association (100+ units); Condominium Association (100+ units)","Our mission is to empower Community Association Board Members and volunteers in creating safe, infor"
"New Boundaries Properties, LLC","joe@newboundariesmgt.com,katy@newboundariesmgt.com","St Johns","FL","32259","Homeowners Association (2-49 units); Homeowners Association (50-99 units); Homeowners Association (100+ units)","At New Boundaries Properties, we specialize in ‘Service First’ Community Association Management. Our"
"Pax River Property Management LLC","mchaudhry@paxriverpm.com,kburdick@paxriverpm.com,info@paxriverpm.com","Leonardtown","MD","20650","Multi-Family (2-4 units); Multi-Family (5-19 units); Multi-Family (20-99 units); Office (Up to 9,999 sqft); Office (10,000 - 100,000 sqft); Office (100,000+ sqft); Multi-Family (100+ units); Biotech/Mission-Critical; Homeowners Association (2-49 units); Homeowners Association (50-99 units); Condominium Association (2-49 units); Condominium Association (50-99 units); Homeowners Association (100+ units); Condominium Association (100+ units)","Let Pax River PM handle the stressful parts of owning a property."
"Premier Property Management Services, LLC","davek@ppmgmtonline.com","Enfield","CT","06082","Multi-Family (5-19 units); Multi-Family (20-99 units); Office (Up to 9,999 sqft); Office (10,000 - 100,000 sqft); Office (100,000+ sqft); Retail (Up to 9,999 sqft); Retail (10,000 - 100,000 sqft); Retail (100,000+ sqft); Multi-Family (100+ units); Homeowners Association (2-49 units); Homeowners Association (50-99 units); Condominium Association (2-49 units); Condominium Association (50-99 units); Homeowners Association (100+ units); Condominium Association (100+ units)","Premier Property Management Services specializes in managing properties in Connecticut and Massachus"
"Stringer Management, Inc.","mike@housemike.com","Sarasota","FL","34231","Single Home or Condo (Valued up to $300K); Single Home or Condo ($300 to $500K); Single Home or Condo ($500K to $1 Million); Single Home or Condo (Over $1 Million); Multi-Family (2-4 units); Homeowners Association (2-49 units); Homeowners Association (50-99 units); Condominium Association (2-49 units); Condominium Association (50-99 units); Homeowners Association (100+ units); Condominium Association (100+ units)","Property Management, Condo Association Management & HOA Management"
"Manas Property Group","tommyd@manasny.com","Brooklyn","NY","11232","Multi-Family (20-99 units); Retail (Up to 9,999 sqft); Retail (10,000 - 100,000 sqft); Multi-Family (100+ units); Homeowners Association (50-99 units); Condominium Association (50-99 units); Homeowners Association (100+ units); Condominium Association (100+ units)","Manas Property Group, where property management is more than just business—it’s a family tradition."
"Newgent Property Management Management","fersen@newgents.com","Manhattan","NY","10701","Multi-Family (5-19 units); Multi-Family (20-99 units); Multi-Family (100+ units); Homeowners Association (2-49 units); Homeowners Association (50-99 units); Condominium Association (2-49 units); Condominium Association (50-99 units); Homeowners Association (100+ units); Condominium Association (100+ units)","NYC Property Management Built on Operational Discipline, Compliance, and Financial Clarity."
"Florida 360","douglas@florida360mgmt.com,marketing@florida360mgmt.com","Orlando","FL","32801","Single Home or Condo ($300 to $500K); Single Home or Condo ($500K to $1 Million); Single Home or Condo (Over $1 Million); Multi-Family (2-4 units); Multi-Family (5-19 units); Office (Up to 9,999 sqft); Office (10,000 - 100,000 sqft); Office (100,000+ sqft); Retail (Up to 9,999 sqft); Retail (10,000 - 100,000 sqft); Retail (100,000+ sqft); Light Manufacturing (Up to 100,000 sqft); Light Manufacturing (100,000+ sqft); Warehouse/Distribution (Up to 100,000 sqft); Warehouse/Distribution (100,000+ sqft); Homeowners Association (2-49 units); Homeowners Association (50-99 units); Condominium Association (2-49 units); Condominium Association (50-99 units); Homeowners Association (100+ units); Condominium Association (100+ units)","We are a BBB A+ rating for many years. As a result, we have the tools and know-how to manage your pr"
"A-Smart CAM","jpazos@asmartcam.com","Coral Gables","FL","33134","Homeowners Association (2-49 units); Homeowners Association (50-99 units); Condominium Association (2-49 units); Condominium Association (50-99 units); Homeowners Association (100+ units); Condominium Association (100+ units)","Digital-First HOA & Condo Management | Licensed CAM & Collections in Florida | Florida Compliant Web"
"GB Property Management LLC","shane@gbpmboston.com","Boston","MA","02127","Single Home or Condo ($300 to $500K); Single Home or Condo ($500K to $1 Million); Multi-Family (2-4 units); Multi-Family (5-19 units); Multi-Family (20-99 units); Retail (Up to 9,999 sqft); Retail (10,000 - 100,000 sqft); Multi-Family (100+ units); Homeowners Association (2-49 units); Homeowners Association (50-99 units); Condominium Association (2-49 units); Condominium Association (50-99 units); Homeowners Association (100+ units); Condominium Association (100+ units)","Your Property, Our Priority..."
"Choice Association Management","jaimeburns@choicehoa.org","Cleveland","TX","77327","Homeowners Association (2-49 units); Homeowners Association (50-99 units); Condominium Association (2-49 units); Homeowners Association (100+ units); Mobile Home Community","Our services focus on providing excellent 
communication and a hands-on approach to each 
communit"
"BHHS PRO|The Gateway Home Services Team Northern Kentucky","arice@gatewayhomesvcs.com","Cincinnati","OH","45215","Single Home or Condo (Valued up to $300K); Single Home or Condo ($300 to $500K); Single Home or Condo ($500K to $1 Million); Single Home or Condo (Over $1 Million); Multi-Family (2-4 units); Multi-Family (5-19 units); Multi-Family (20-99 units); Office (Up to 9,999 sqft); Office (10,000 - 100,000 sqft); Office (100,000+ sqft); Retail (Up to 9,999 sqft); Retail (10,000 - 100,000 sqft); Retail (100,000+ sqft); Multi-Family (100+ units); Homeowners Association (2-49 units); Homeowners Association (50-99 units); Condominium Association (2-49 units); Condominium Association (50-99 units); Homeowners Association (100+ units); Condominium Association (100+ units)","Built on Trust. Driven by Service."
"PMI Cascade","jeff@pmicascade.com,residential@pmicascade.com,new-deal2ea3594bc9@newlead.leadsimple.com","Lakewood","WA","98498","Single Home or Condo (Valued up to $300K); Single Home or Condo ($300 to $500K); Single Home or Condo ($500K to $1 Million); Single Home or Condo (Over $1 Million); Homeowners Association (2-49 units); Homeowners Association (50-99 units); Condominium Association (2-49 units); Condominium Association (50-99 units); Homeowners Association (100+ units); Condominium Association (100+ units)","The Property Management People"
"Arizona Community First Management","info@azcommunityfirst.com","Gilbert","AZ","85296","Homeowners Association (2-49 units); Homeowners Association (50-99 units); Condominium Association (2-49 units); Condominium Association (50-99 units); Homeowners Association (100+ units); Condominium Association (100+ units)","Putting Your Community First"
"Invicta Property Management","ytsou@invictapm.com","Charlestown","MA","02129","Single Home or Condo (Valued up to $300K); Single Home or Condo ($300 to $500K); Single Home or Condo ($500K to $1 Million); Single Home or Condo (Over $1 Million); Multi-Family (2-4 units); Multi-Family (5-19 units); Multi-Family (20-99 units); Multi-Family (100+ units); Homeowners Association (2-49 units); Homeowners Association (50-99 units); Homeowners Association (100+ units)","HELPING LOCALS STAY LOCAL"
"Montecito Management","nate@montecitomanagement.com","Santa Barbara","CA","93105","Single Home or Condo (Valued up to $300K); Single Home or Condo ($300 to $500K); Single Home or Condo ($500K to $1 Million); Single Home or Condo (Over $1 Million); Multi-Family (2-4 units); Multi-Family (5-19 units); Multi-Family (20-99 units); Office (Up to 9,999 sqft); Office (10,000 - 100,000 sqft); Office (100,000+ sqft); Retail (Up to 9,999 sqft); Retail (10,000 - 100,000 sqft); Retail (100,000+ sqft); Light Manufacturing (Up to 100,000 sqft); Light Manufacturing (100,000+ sqft); Warehouse/Distribution (Up to 100,000 sqft); Warehouse/Distribution (100,000+ sqft); Parking Garage; Multi-Family (100+ units); Biotech/Mission-Critical; Homeowners Association (2-49 units); Homeowners Association (50-99 units); Condominium Association (2-49 units); Condominium Association (50-99 units); Homeowners Association (100+ units); Condominium Association (100+ units)","Setting the standard in property management."
"Monarch Community Management","service@monarch-cm.com","Spring Hill","FL","34609","Homeowners Association (2-49 units); Homeowners Association (50-99 units); Condominium Association (2-49 units); Condominium Association (50-99 units); Homeowners Association (100+ units); Condominium Association (100+ units)","Creating Partnerships one association at a time !"
"Premier Access Property Management","admin@jerseyinvest.com,inquiries@empirepm.ai","Ridgefield Park","NJ","07660","Multi-Family (2-4 units); Multi-Family (5-19 units); Multi-Family (20-99 units); Vacation (1-2 units); Vacation (3+ units); Multi-Family (100+ units); Condominium Association (2-49 units); Condominium Association (50-99 units); Condominium Association (100+ units)","Providing Hassle-Free Property Management Solutions"
"Menas HOA Management, a Diversified Company - LA","jmenas@menas.com","Los Angeles","CA","90021","Homeowners Association (2-49 units); Homeowners Association (50-99 units); Condominium Association (2-49 units); Condominium Association (50-99 units); Homeowners Association (100+ units); Condominium Association (100+ units)",""
"All County Prime Property Management","contact@allcountyprime.com,new-deal345e158a89@newlead.leadsimple.com","Katy","TX","77494","Single Home or Condo (Valued up to $300K); Single Home or Condo ($300 to $500K); Single Home or Condo ($500K to $1 Million); Single Home or Condo (Over $1 Million); Multi-Family (2-4 units); Multi-Family (5-19 units); Multi-Family (20-99 units); Multi-Family (100+ units); Homeowners Association (2-49 units); Homeowners Association (50-99 units); Condominium Association (2-49 units); Condominium Association (50-99 units); Homeowners Association (100+ units); Condominium Association (100+ units)","BEST IN CLASS SERVICES !!
READY TO HIRE A PROPERTY MANAGER?"
"PMI Essential","jonathan@pmiessential.com","Ewing","NJ","08628","Single Home or Condo (Valued up to $300K); Single Home or Condo ($300 to $500K); Single Home or Condo ($500K to $1 Million); Single Home or Condo (Over $1 Million); Multi-Family (2-4 units); Multi-Family (5-19 units); Multi-Family (20-99 units); Homeowners Association (2-49 units); Homeowners Association (50-99 units); Condominium Association (2-49 units); Condominium Association (50-99 units); Homeowners Association (100+ units); Condominium Association (100+ units)","The best"
"Menas HOA Management, a Diversified Company","jmenas@menas.com","Phoenix","AZ","85002","Homeowners Association (2-49 units); Homeowners Association (50-99 units); Condominium Association (2-49 units); Condominium Association (50-99 units); Homeowners Association (100+ units); Condominium Association (100+ units)","We have been specializing in managing HOA's since 1973.  It's ALL that we do !"
"DS Huber Real Estate Group LLC-Association Management Team","dalehuber@dshubergroup.com","Lansing","MI","48917","Homeowners Association (2-49 units); Homeowners Association (50-99 units); Condominium Association (2-49 units); Condominium Association (50-99 units); Homeowners Association (100+ units); Condominium Association (100+ units)","Providing Our Clients with Freedom and Peace of Mind through Unparalleled Property Management Servic"
"BlueStar C.A.M.","su@bluestarcam.com","St. Louis","MO","63141","Homeowners Association (2-49 units); Homeowners Association (50-99 units); Condominium Association (2-49 units); Condominium Association (50-99 units); Homeowners Association (100+ units); Condominium Association (100+ units)","Your Community. Our Commitment."
"Michigan Community Management","rhouston@hoamcm.com,rhouston@accdservices.com","Brighton","MI","48116","Homeowners Association (2-49 units); Homeowners Association (50-99 units); Condominium Association (2-49 units); Condominium Association (50-99 units); Homeowners Association (100+ units); Condominium Association (100+ units)","Association Property Management | HOA | General Contractor | Project Management 
                   "
"TW Property Management","justin@twpropertymanagement.com","Acton","MA","01720","Single Home or Condo (Valued up to $300K); Single Home or Condo ($300 to $500K); Single Home or Condo ($500K to $1 Million); Single Home or Condo (Over $1 Million); Multi-Family (2-4 units); Multi-Family (5-19 units); Multi-Family (20-99 units); Retail (Up to 9,999 sqft); Multi-Family (100+ units); Homeowners Association (2-49 units); Homeowners Association (50-99 units); Condominium Association (2-49 units); Condominium Association (50-99 units); Homeowners Association (100+ units); Condominium Association (100+ units)","Your Property, Our Priority"
"Bay Property Services, Inc.","jshupe@baypropertyservices.net","Mokena","IL","60448","Homeowners Association (50-99 units); Condominium Association (50-99 units); Homeowners Association (100+ units); Condominium Association (100+ units); Mobile Home Community","Excellence in Property Management.  Specializing in Single Family, Condo, and Townhome HOAs"
"Onyx Capital Management","zach@onyxcapitalmgt.com,vicky@onyxcapitalmgt.com","Feasterville","PA","19053","Homeowners Association (2-49 units); Homeowners Association (50-99 units); Condominium Association (2-49 units); Condominium Association (50-99 units); Homeowners Association (100+ units); Condominium Association (100+ units)","Elevating care and quality for homeowners and Board Members."
"Superior Property Management, LLC","jdmcomie@gmail.com","Bluffdale","UT","84065","Single Home or Condo (Valued up to $300K); Single Home or Condo ($300 to $500K); Single Home or Condo ($500K to $1 Million); Single Home or Condo (Over $1 Million); Multi-Family (2-4 units); Multi-Family (5-19 units); Multi-Family (20-99 units); Multi-Family (100+ units); Homeowners Association (2-49 units); Homeowners Association (50-99 units); Homeowners Association (100+ units)","The Superior Choice for Property Management"
"Alamo River Services","jmoore@alamoriverservices.com","Converse","TX","78109","Homeowners Association (2-49 units); Homeowners Association (50-99 units); Homeowners Association (100+ units)","Alamo River Services is here to help take your HOA to the next level"
"KWPMC Property Management","rcioci@kwpmc.com","Tampa","FL","33602","Homeowners Association (100+ units); Condominium Association (100+ units)","A Smarter Approach to Association Managment- Let's Talk!
I wanted to introduce you to KW Property Ma"
"Capital Property Group - Associations","mlisee@mycapitalteam.com,rstjohn@mycapitalteam.com","Jewett City","CT","06351","Homeowners Association (2-49 units); Homeowners Association (50-99 units); Condominium Association (2-49 units); Condominium Association (50-99 units); Homeowners Association (100+ units); Condominium Association (100+ units)","Your Board’s Best Ally in Association Management."
"CCMA","rick@ccma.co","Greenwood Village","CO","80155","Homeowners Association (50-99 units); Condominium Association (50-99 units); Homeowners Association (100+ units); Condominium Association (100+ units)","Unique and Boutique management for all types of communities. Colorado based and Colorado dedicated"
"Elite Luxury Management- Maryland","Theresa@mccoycpare.com,omoon@eliteluxurymgt.com,omoon@acmhome.com","Washington","DC","20005","Condominium Association (2-49 units); Condominium Association (50-99 units); Condominium Association (100+ units)","Taking Luxury High-Rise Management to New Heights"
"Northstar - CT","info@northcamservices.com","Salem","MA","01085","Office (Up to 9,999 sqft); Office (10,000 - 100,000 sqft); Office (100,000+ sqft); Retail (Up to 9,999 sqft); Retail (10,000 - 100,000 sqft); Retail (100,000+ sqft); Light Manufacturing (Up to 100,000 sqft); Light Manufacturing (100,000+ sqft); Warehouse/Distribution (Up to 100,000 sqft); Warehouse/Distribution (100,000+ sqft); Parking Garage; Biotech/Mission-Critical; Condominium Association (2-49 units); Condominium Association (50-99 units); Condominium Association (100+ units)",""
"Association and Community Specialists- ACS","jackie@myacspro.com","Aledo","TX","76008","Homeowners Association (2-49 units); Homeowners Association (50-99 units); Homeowners Association (100+ units)","Changing the way you view HOA's"
"KBA Management Group","brett@kbagroup.net","Willoughby","OH","44094","Single Home or Condo (Valued up to $300K); Single Home or Condo ($300 to $500K); Single Home or Condo ($500K to $1 Million); Single Home or Condo (Over $1 Million); Multi-Family (2-4 units); Multi-Family (5-19 units); Multi-Family (20-99 units); Office (Up to 9,999 sqft); Office (10,000 - 100,000 sqft); Office (100,000+ sqft); Retail (Up to 9,999 sqft); Retail (10,000 - 100,000 sqft); Retail (100,000+ sqft); Light Manufacturing (Up to 100,000 sqft); Light Manufacturing (100,000+ sqft); Warehouse/Distribution (Up to 100,000 sqft); Warehouse/Distribution (100,000+ sqft); Vacation (1-2 units); Vacation (3+ units); Parking Garage; Other Associations (Hotel, Resort etc.); Multi-Family (100+ units); Biotech/Mission-Critical; Homeowners Association (2-49 units); Homeowners Association (50-99 units); Condominium Association (2-49 units); Condominium Association (50-99 units); Homeowners Association (100+ units); Condominium Association (100+ units); Mobile Home Community","The Service You Deserve. The Company You Can Trust"
"PMI BrightStar","esther@pmibrightstar.com,estherhrahman@yahoo.com","San Antonio","TX","78217","Homeowners Association (2-49 units); Homeowners Association (50-99 units); Condominium Association (2-49 units); Condominium Association (50-99 units); Homeowners Association (100+ units); Condominium Association (100+ units)","""PMI BrightStar is where innovation meets association management excellence.”"
"Fineman Management","andrew@finemanmanagement.com","Philadelphia","PA","19103","Homeowners Association (2-49 units); Homeowners Association (50-99 units); Condominium Association (2-49 units); Condominium Association (50-99 units); Homeowners Association (100+ units); Condominium Association (100+ units)","Fineman Management is Philadelphia’s premiere, “white glove” property management
company, with a lon"
"RSP Management","henry@rsp.management,admin@rsp.management","Eagan","MN","55121","Homeowners Association (2-49 units); Homeowners Association (50-99 units); Homeowners Association (100+ units)","A Better Approach to Property Management"
"William Douglas Management Company, LLC - SC","SWidman@wmdouglas.com","Columbia","SC","29201","Homeowners Association (50-99 units); Condominium Association (50-99 units); Homeowners Association (100+ units); Condominium Association (100+ units)","Founded in 1980, in the Carolinas, we are a results driven homeowner association management company."
"PMI Fine Properties - HOA","alyson.fine@pmifineproperties.com","Missouri City","TX","77459","Homeowners Association (2-49 units); Homeowners Association (50-99 units); Homeowners Association (100+ units)","The smart solution for your community."
"Verlynn Property Management LLC","kevin@verlynnpm.com","Syracuse","NY","13202","Single Home or Condo (Valued up to $300K); Single Home or Condo ($300 to $500K); Single Home or Condo ($500K to $1 Million); Single Home or Condo (Over $1 Million); Multi-Family (2-4 units); Multi-Family (5-19 units); Multi-Family (20-99 units); Office (Up to 9,999 sqft); Office (10,000 - 100,000 sqft); Retail (Up to 9,999 sqft); Retail (10,000 - 100,000 sqft); Retail (100,000+ sqft); Multi-Family (100+ units); Homeowners Association (2-49 units); Homeowners Association (50-99 units); Condominium Association (2-49 units); Homeowners Association (100+ units)","Because Your Investment Deserves More Than Just Management."
"Rent and Realty FL","info@rentandrealtyfl.com","Tampa","FL","33609","Homeowners Association (2-49 units); Homeowners Association (50-99 units); Condominium Association (2-49 units); Condominium Association (50-99 units); Homeowners Association (100+ units); Condominium Association (100+ units)","""Property management that is so simple where we take stress, you take the check!"""
"Buxmont Property Management, Inc.","fran@hatborores.com","Hatboro","PA","19040","Single Home or Condo (Valued up to $300K); Single Home or Condo ($300 to $500K); Single Home or Condo ($500K to $1 Million); Single Home or Condo (Over $1 Million); Multi-Family (2-4 units); Multi-Family (5-19 units); Homeowners Association (2-49 units); Homeowners Association (50-99 units); Condominium Association (2-49 units); Condominium Association (50-99 units); Homeowners Association (100+ units); Condominium Association (100+ units)","Servicing Bucks and Montgomery County"
"William Douglas Management Company, LLC - NC","SWidman@wmdouglas.com","Charlotte","NC","28209","Homeowners Association (50-99 units); Condominium Association (50-99 units); Homeowners Association (100+ units); Condominium Association (100+ units)","Founded in 1980, in Charlotte, NC we are a results driven homeowner association management company. "
"L.E.M Consulting, LLC","linvellem@lemconsultingma.com","Hyde Park","MA","02136","Single Home or Condo (Valued up to $300K); Single Home or Condo ($300 to $500K); Single Home or Condo ($500K to $1 Million); Single Home or Condo (Over $1 Million); Multi-Family (2-4 units); Multi-Family (5-19 units); Multi-Family (20-99 units); Multi-Family (100+ units); Homeowners Association (2-49 units); Homeowners Association (50-99 units); Condominium Association (2-49 units); Condominium Association (50-99 units); Homeowners Association (100+ units); Condominium Association (100+ units)","We pride ourselves on specializing in commercial, single-family, multi-family, and condominium prope"
"Daisy","reynayn.grace@joindaisy.com","New York","NY","10016","Homeowners Association (2-49 units); Homeowners Association (50-99 units); Condominium Association (2-49 units); Condominium Association (50-99 units); Homeowners Association (100+ units); Condominium Association (100+ units)","Tired of managing your management company? Daisy is full-service condo and co-op management with a t"
"Atwood Management","matthew@atwoodmanagement.com","Greater","MN","55416","Single Home or Condo (Valued up to $300K); Single Home or Condo ($300 to $500K); Single Home or Condo ($500K to $1 Million); Single Home or Condo (Over $1 Million); Multi-Family (2-4 units); Multi-Family (5-19 units); Multi-Family (20-99 units); Multi-Family (100+ units); Homeowners Association (2-49 units); Homeowners Association (50-99 units); Condominium Association (2-49 units); Condominium Association (50-99 units); Homeowners Association (100+ units); Condominium Association (100+ units)","Expertise that spans generations—a reliable partner with experience and deep roots."
"Evolution Community Management","barry@evolutionhoa.com","Provo","UT","84601","Homeowners Association (50-99 units); Condominium Association (50-99 units); Homeowners Association (100+ units); Condominium Association (100+ units)","Delivering Quality, Knowledgeable, and Experienced Community Management."
"Ledgerly.com","ffontana@ledgerly.com","St. Petersburg","FL","33716","Homeowners Association (2-49 units); Condominium Association (2-49 units); Homeowners Association (100+ units); Condominium Association (100+ units)","You Serve the Community, Let Us Balance the Books. You’re not an accountant. You’re a neighbor, a vo"
"Reflection Realty Property Management","elizabeth@reflectionrealty.net,new-deald704b335e2@newlead.leadsimple.com","Colorado Springs","CO","80920","Single Home or Condo (Valued up to $300K); Single Home or Condo ($300 to $500K); Single Home or Condo ($500K to $1 Million); Single Home or Condo (Over $1 Million); Multi-Family (2-4 units); Multi-Family (5-19 units); Multi-Family (20-99 units); Office (Up to 9,999 sqft); Office (10,000 - 100,000 sqft); Office (100,000+ sqft); Retail (Up to 9,999 sqft); Retail (10,000 - 100,000 sqft); Retail (100,000+ sqft); Light Manufacturing (Up to 100,000 sqft); Light Manufacturing (100,000+ sqft); Warehouse/Distribution (Up to 100,000 sqft); Warehouse/Distribution (100,000+ sqft); Vacation (1-2 units); Vacation (3+ units); Parking Garage; Multi-Family (100+ units); Biotech/Mission-Critical; Homeowners Association (2-49 units); Homeowners Association (50-99 units); Condominium Association (2-49 units); Condominium Association (50-99 units); Homeowners Association (100+ units); Condominium Association (100+ units)","""Focus on Life. We’ll Handle the Property."""
"PMI SAN DIEGO","LUISADRIAN@SD-PMI.COM","SAN DIEGO","CA","92131","Single Home or Condo (Valued up to $300K); Single Home or Condo ($300 to $500K); Single Home or Condo ($500K to $1 Million); Single Home or Condo (Over $1 Million); Multi-Family (2-4 units); Multi-Family (5-19 units); Multi-Family (20-99 units); Multi-Family (100+ units); Homeowners Association (2-49 units); Homeowners Association (50-99 units); Condominium Association (2-49 units); Condominium Association (50-99 units); Homeowners Association (100+ units); Condominium Association (100+ units)","Association, Multi - family, Residential, Commercial property management with over 20 years of exper"
"PMI Warranted","luisadrian@pmismartersolutions.com","SAN DIEGO","ca","92131","Single Home or Condo (Valued up to $300K); Single Home or Condo ($300 to $500K); Single Home or Condo ($500K to $1 Million); Single Home or Condo (Over $1 Million); Multi-Family (2-4 units); Multi-Family (5-19 units); Multi-Family (20-99 units); Multi-Family (100+ units); Homeowners Association (2-49 units); Homeowners Association (50-99 units); Condominium Association (2-49 units); Condominium Association (50-99 units); Homeowners Association (100+ units); Condominium Association (100+ units)","Property Management You Can Trust"
"NexPoint Management Group","service@nexpointmgmt.com","Houston","TX","77070","Multi-Family (5-19 units); Multi-Family (20-99 units); Office (Up to 9,999 sqft); Office (10,000 - 100,000 sqft); Office (100,000+ sqft); Retail (Up to 9,999 sqft); Retail (10,000 - 100,000 sqft); Retail (100,000+ sqft); Light Manufacturing (Up to 100,000 sqft); Light Manufacturing (100,000+ sqft); Warehouse/Distribution (Up to 100,000 sqft); Warehouse/Distribution (100,000+ sqft); Vacation (1-2 units); Vacation (3+ units); Parking Garage; Other Associations (Hotel, Resort etc.); Multi-Family (100+ units); Biotech/Mission-Critical; Homeowners Association (2-49 units); Homeowners Association (50-99 units); Condominium Association (2-49 units); Condominium Association (50-99 units); Condominium Association (100+ units); Mobile Home Community","At NexPoint Management Group we believe innovation is the foundation of exceptional property managem"
"Center Point Management","leisa@cpmhoa.com,lmk2124@gmail.com","Colorado Springs","CO","80936","Homeowners Association (50-99 units); Condominium Association (50-99 units); Homeowners Association (100+ units); Condominium Association (100+ units)","Center Point Management. 
Where your association is at the center of our business"
"PMI Upstate SC - HOA","new-deal75da98bb5f@newlead.leadsimple.com","Greenville","SC","29607","Homeowners Association (2-49 units); Homeowners Association (50-99 units); Homeowners Association (100+ units)","Greenville Property Management You Can Trust"
"Harlem Property Management, Inc - Manhattan","james.s@harlempm.com,robert.p@harlempm.com,sales@harlempm.com","New York","NY","10027","Homeowners Association (2-49 units); Homeowners Association (50-99 units); Condominium Association (2-49 units); Condominium Association (50-99 units)","Specializing in Harlem and Upper Manhattan condo's co-ops, multi-family rental buildings and townhou"
"Harlem Property Management, Inc. - Harlem","james.s@harlempm.com,robert.p@harlempm.com,info@harlempm.com,luna.j@harlempm.com,sales@harlempm.com","New York","NY","10027","Homeowners Association (2-49 units); Homeowners Association (50-99 units); Condominium Association (2-49 units); Condominium Association (50-99 units); Homeowners Association (100+ units); Condominium Association (100+ units)","Specializing in Harlem and Upper Manhattan condo's co-ops, multi-family rental buildings and townhou"
"Empire Management Group, Inc.","jrriestra@empirehoa.com,bmoreland@empirehoa.com,aortiz@empirehoa.com","Kissimmee","FL","34744","Homeowners Association (2-49 units); Homeowners Association (50-99 units); Condominium Association (2-49 units); Condominium Association (50-99 units); Homeowners Association (100+ units); Condominium Association (100+ units); Mobile Home Community","Your Trusted Partner in Community Management."
"Titanium Real Estate","HOA@Titaniumlakeland.com","Lakeland","FL","33815","Homeowners Association (2-49 units); Homeowners Association (50-99 units); Homeowners Association (100+ units)","Property management company that you can talk to via phone, text or message of through owners portal"
"Nova Association Management Partners LLC","Erica.hensley@novaamp.com,Deke.Turner@novaamp.com,Laura.lotz@novaamp.com,maylene.macasieb@novaamp.com","Bellevue","WA","98004","Homeowners Association (2-49 units); Homeowners Association (50-99 units); Condominium Association (2-49 units); Condominium Association (50-99 units); Homeowners Association (100+ units); Condominium Association (100+ units)","We believe a collaborative team approach is the foundation to a well managed community."
"Forward Management","office@forwardpmg.com","Pembroke Pines","FL","33024","Homeowners Association (2-49 units); Homeowners Association (50-99 units); Condominium Association (2-49 units); Condominium Association (50-99 units); Homeowners Association (100+ units); Condominium Association (100+ units)","We lead with integrity, transparency, and a deep commitment to community excellence"
"Northstar","info@northcamservices.com","Salem","MA","01085","Condominium Association (2-49 units); Condominium Association (50-99 units); Condominium Association (100+ units)",""
"Seacrest Southwest Property Management","mvelasquez@swpropmgt.com,bfowler@swpropmgt.com","Naples","FL","34103","Condominium Association (2-49 units); Condominium Association (50-99 units); Homeowners Association (100+ units); Condominium Association (100+ units)","Leading Your Community Into the Future!"
"People Truly Matter Property Management","chris@peopletrulymatterpm.com","Dallas","GA","30132","Homeowners Association (2-49 units); Homeowners Association (50-99 units); Condominium Association (2-49 units); Condominium Association (50-99 units); Homeowners Association (100+ units); Condominium Association (100+ units)","Property Management designed to make sure you and your community know You Matter!"
"eRealty","ltrinidad14@gmail.com","West New York","NJ","07093","Multi-Family (2-4 units); Multi-Family (5-19 units); Multi-Family (20-99 units); Multi-Family (100+ units); Homeowners Association (2-49 units); Homeowners Association (50-99 units); Condominium Association (2-49 units); Condominium Association (50-99 units)","Peace of Mind"
"COMANDIS Residential","info@comandis.com,mail@comandis.net","Chicago","IL","60634","Single Home or Condo (Valued up to $300K); Single Home or Condo ($300 to $500K); Single Home or Condo ($500K to $1 Million); Single Home or Condo (Over $1 Million); Multi-Family (2-4 units); Multi-Family (5-19 units); Multi-Family (20-99 units); Multi-Family (100+ units); Homeowners Association (2-49 units); Homeowners Association (50-99 units); Condominium Association (2-49 units); Condominium Association (50-99 units)","Your local real estate leaders!"
"PMP Management - Arizona","Amcox@pmpmanage.com,lwinkowski@pmpmanage.com","Phoenix","AZ","85016","Homeowners Association (2-49 units); Homeowners Association (50-99 units); Condominium Association (2-49 units); Condominium Association (50-99 units); Homeowners Association (100+ units); Condominium Association (100+ units)","A Uniquely Different Approach to Community Management, Our Vibe Attracts
Our Tribe"
"PMI Village Alliance","ramona@pmivillage.com","Jessup","MD","20794","Homeowners Association (2-49 units); Homeowners Association (50-99 units); Condominium Association (2-49 units); Condominium Association (50-99 units)","We hear you and we are dedicated to providing you with the highest level of experience and service. "
"Carmani Enterprises, LLC","david.proinvest@gmail.com,david@carmanienterprises.com","Winter Haven","FL","33881","Homeowners Association (2-49 units); Homeowners Association (50-99 units); Homeowners Association (100+ units)","Your Success in Community Operations"
"Copper Bottom Property Management","nick@copperbottompm.com","Marblehead","MA","01945","Single Home or Condo (Valued up to $300K); Single Home or Condo ($300 to $500K); Single Home or Condo ($500K to $1 Million); Single Home or Condo (Over $1 Million); Multi-Family (2-4 units); Multi-Family (5-19 units); Multi-Family (20-99 units); Homeowners Association (2-49 units); Homeowners Association (50-99 units); Condominium Association (2-49 units); Condominium Association (50-99 units)","We are a property management company with your best interest at the heart of everything we do."
"Virginia Home Solution LLC","Virginiahomesolution@gmail.com","Montpelier","VA","23192","Single Home or Condo (Valued up to $300K); Single Home or Condo ($300 to $500K); Single Home or Condo ($500K to $1 Million); Single Home or Condo (Over $1 Million); Multi-Family (2-4 units); Multi-Family (5-19 units); Multi-Family (20-99 units); Office (Up to 9,999 sqft); Office (10,000 - 100,000 sqft); Office (100,000+ sqft); Retail (Up to 9,999 sqft); Retail (10,000 - 100,000 sqft); Retail (100,000+ sqft); Light Manufacturing (Up to 100,000 sqft); Light Manufacturing (100,000+ sqft); Warehouse/Distribution (Up to 100,000 sqft); Warehouse/Distribution (100,000+ sqft); Vacation (1-2 units); Vacation (3+ units); Parking Garage; Other Associations (Hotel, Resort etc.); Multi-Family (100+ units); Biotech/Mission-Critical; Homeowners Association (2-49 units); Homeowners Association (50-99 units); Condominium Association (2-49 units); Condominium Association (50-99 units); Homeowners Association (100+ units); Condominium Association (100+ units); Mobile Home Community","One call, does it all!!!

Let us find the best solution for your problems today."
"ACV Property Management, LLC","kevinm@acvpmlllc.com,jamesz@acvpmllc.com","Hamilton","NJ","08650","Homeowners Association (2-49 units); Homeowners Association (50-99 units); Condominium Association (2-49 units); Condominium Association (50-99 units); Homeowners Association (100+ units); Condominium Association (100+ units)","Helping you make your community a place to call home."
"Trident Management- West Dade County","teri@tridentfl.com,new-dealbb48819576@newlead.leadsimple.com","Miami Beach","FL","33139","Homeowners Association (2-49 units); Homeowners Association (50-99 units); Condominium Association (2-49 units); Condominium Association (50-99 units); Homeowners Association (100+ units); Condominium Association (100+ units)","Overseeing an HOA or COA involves intricate balance and foresight —from maintaining financial health"
"Maxfield HOA Accountants & Association Management","new-dealdd084e3797@newlead.leadsimple.com,info@maxfieldhoa.com","Lehi","UT","84043","Homeowners Association (2-49 units); Homeowners Association (50-99 units); Condominium Association (2-49 units); Condominium Association (50-99 units); Homeowners Association (100+ units); Condominium Association (100+ units)","Balancing Books, Building Communities through Fair and Transparent Pricing With No Hidden Fees
And B"
"Prime Realty Property Management","astyron@swbell.net,new-dealab52399c11@newlead.leadsimple.com","Pasadena","TX","77504","Single Home or Condo (Valued up to $300K); Single Home or Condo ($300 to $500K); Multi-Family (2-4 units); Multi-Family (5-19 units); Multi-Family (20-99 units); Office (Up to 9,999 sqft); Office (10,000 - 100,000 sqft); Office (100,000+ sqft); Retail (Up to 9,999 sqft); Retail (10,000 - 100,000 sqft); Retail (100,000+ sqft); Light Manufacturing (Up to 100,000 sqft); Light Manufacturing (100,000+ sqft); Warehouse/Distribution (Up to 100,000 sqft); Warehouse/Distribution (100,000+ sqft); Vacation (1-2 units); Vacation (3+ units); Parking Garage; Other Associations (Hotel, Resort etc.); Multi-Family (100+ units); Biotech/Mission-Critical; Homeowners Association (2-49 units); Homeowners Association (50-99 units); Condominium Association (2-49 units); Condominium Association (50-99 units); Homeowners Association (100+ units); Condominium Association (100+ units); Mobile Home Community","Freeing you from the day-to-day stresses of 
property management. Plus 1 month free trial of our ser"
"TW Property Management - RI","justin@twpropertymanagement.com","Acton","MA","01720","Homeowners Association (2-49 units); Homeowners Association (50-99 units); Homeowners Association (100+ units)","Your Property, Our Priority"
"Trident Management - Bradenton, Sarasota, Naples","teri@tridentfl.com,new-dealbb48819576@newlead.leadsimple.com","Bradenton, Sarasota, Naples","FL","34233","Condominium Association (50-99 units); Condominium Association (100+ units)","Overseeing an HOA or COA involves intricate balance and foresight —from maintaining financial health"
"Sunshai Community Management","sonjaw@sunshaicm.com","Minneapolis","MN","55401","Homeowners Association (2-49 units); Homeowners Association (50-99 units); Homeowners Association (100+ units)","""Community - Friendly. Boutique. Transparent.""
Raising the bar in HOA management - one community a"
"PMI San Tan","Eric@pmisantan.com","Queen Creek","AZ","85142","Single Home or Condo (Valued up to $300K); Single Home or Condo ($300 to $500K); Single Home or Condo ($500K to $1 Million); Single Home or Condo (Over $1 Million); Multi-Family (2-4 units); Multi-Family (5-19 units); Multi-Family (20-99 units); Multi-Family (100+ units); Homeowners Association (2-49 units); Homeowners Association (50-99 units); Homeowners Association (100+ units)","Voted #1 in property management by Entrepreneur!"
"Trident Management - Pensacola","teri@tridentfl.com,new-dealbb48819576@newlead.leadsimple.com","Pensacola","FL","32512","Homeowners Association (2-49 units); Homeowners Association (50-99 units); Condominium Association (2-49 units); Condominium Association (50-99 units); Homeowners Association (100+ units); Condominium Association (100+ units)","Overseeing an HOA or COA involves intricate balance and foresight —from maintaining financial health"
"BRIM Real Estate Management Inc","briminc208@gmail.com","Boise","ID","83705","Single Home or Condo ($300 to $500K); Single Home or Condo ($500K to $1 Million); Single Home or Condo (Over $1 Million); Multi-Family (2-4 units); Multi-Family (5-19 units); Multi-Family (20-99 units); Vacation (3+ units); Parking Garage; Homeowners Association (2-49 units); Homeowners Association (50-99 units); Condominium Association (2-49 units); Condominium Association (50-99 units); Homeowners Association (100+ units); Mobile Home Community","Property and HOA Management - Idaho's Premier Property Manager. We can help you buy/sell or manager "
"PMI Whiskey Trail","jonharris@pmiwhiskeytrail.com,new-deal197c079128@newlead.leadsimple.com","College Grove","TN","37046","Homeowners Association (2-49 units); Homeowners Association (50-99 units); Condominium Association (2-49 units); Condominium Association (50-99 units); Homeowners Association (100+ units); Condominium Association (100+ units)","PMI Whiskey is leading you down the path towards a fun and thriving community. The smart solution fo"
"Dahlia Property Solutions","kate@dahliapropertysolutions.com,Hello@dahliapropertysolutions.com","Norfolk","MA","02056","Single Home or Condo (Valued up to $300K); Single Home or Condo ($300 to $500K); Single Home or Condo ($500K to $1 Million); Single Home or Condo (Over $1 Million); Multi-Family (2-4 units); Multi-Family (5-19 units); Homeowners Association (2-49 units); Homeowners Association (50-99 units); Condominium Association (2-49 units); Condominium Association (50-99 units); Homeowners Association (100+ units); Condominium Association (100+ units)","At Dahlia Property Solutions, we take pride in being New England's premier, boutique, full-service p"
"RPPM LLC","john@rppm.com","Kearny","NJ","07032","Single Home or Condo (Valued up to $300K); Single Home or Condo ($300 to $500K); Single Home or Condo ($500K to $1 Million); Single Home or Condo (Over $1 Million); Multi-Family (2-4 units); Multi-Family (5-19 units); Multi-Family (20-99 units); Office (Up to 9,999 sqft); Office (10,000 - 100,000 sqft); Office (100,000+ sqft); Retail (Up to 9,999 sqft); Retail (10,000 - 100,000 sqft); Retail (100,000+ sqft); Multi-Family (100+ units); Homeowners Association (2-49 units); Homeowners Association (50-99 units); Condominium Association (2-49 units); Condominium Association (50-99 units); Homeowners Association (100+ units); Condominium Association (100+ units)","RPPM LLC, based in Kearny, NJ, is committed to delivering top-notch client satisfaction in property "
"Certain Management","bcouture@certainmanagement.com","Metairie","LA","70002","Condominium Association (2-49 units); Condominium Association (50-99 units); Condominium Association (100+ units)","ENJOY PEACE OF MIND WITH PROFESSIONAL CONDOMINIUM ASSOCIATION MANAGEMENT IN NEW ORLEANS, METAIRIE, K"
"PMI TAMPA","new-deal0014112ee1@newlead.leadsimple.com,nicole@pmitampa.com","Tampa","FL","33647","Homeowners Association (2-49 units); Homeowners Association (50-99 units); Condominium Association (2-49 units); Condominium Association (50-99 units); Homeowners Association (100+ units); Condominium Association (100+ units)","PMI TAMPA  HAS BEEN SUPPORTING BOARD OF DIRECTORS THROUGH TRANSPARENCY, COMMUNICATION AND EDUCATION "
"Association Management Professionals","pcumberlander@associationmgtpros.com","Douglasville","GA","30135","Homeowners Association (50-99 units); Condominium Association (50-99 units); Homeowners Association (100+ units); Condominium Association (100+ units)","INTEGRITY, TRANSPARENCY, AND ETHICAL...Because YOU Deserve It, You Get It From US!
Association Manag"
"Park Property Management Solutions","dkress@parkpms.com","Orland Park","IL","60462","Single Home or Condo (Valued up to $300K); Single Home or Condo ($300 to $500K); Single Home or Condo ($500K to $1 Million); Single Home or Condo (Over $1 Million); Multi-Family (2-4 units); Multi-Family (5-19 units); Multi-Family (20-99 units); Multi-Family (100+ units); Homeowners Association (2-49 units); Homeowners Association (50-99 units); Condominium Association (2-49 units); Condominium Association (50-99 units); Homeowners Association (100+ units); Condominium Association (100+ units)","Service is our Business"
"Park Property Management Solutions - Spokane WA","dkress@parkpms.com","Orland Park","IL","60462","Single Home or Condo (Valued up to $300K); Single Home or Condo ($300 to $500K); Single Home or Condo ($500K to $1 Million); Single Home or Condo (Over $1 Million); Multi-Family (2-4 units); Multi-Family (5-19 units); Multi-Family (20-99 units); Multi-Family (100+ units); Homeowners Association (2-49 units); Homeowners Association (50-99 units); Condominium Association (2-49 units); Condominium Association (50-99 units); Homeowners Association (100+ units); Condominium Association (100+ units)","Service is our business!"
"Park Property Management Solutions","dkress@parkpms.com","McKinney","TX","75070","Single Home or Condo (Valued up to $300K); Single Home or Condo ($300 to $500K); Single Home or Condo ($500K to $1 Million); Single Home or Condo (Over $1 Million); Multi-Family (2-4 units); Multi-Family (5-19 units); Multi-Family (20-99 units); Multi-Family (100+ units); Homeowners Association (2-49 units); Homeowners Association (50-99 units); Condominium Association (2-49 units); Condominium Association (50-99 units); Homeowners Association (100+ units); Condominium Association (100+ units)","Service is our business!"
"Park Property Management Solutions","dkress@parkpms.com","Gilbert","AZ","85233","Single Home or Condo (Valued up to $300K); Single Home or Condo ($300 to $500K); Single Home or Condo ($500K to $1 Million); Single Home or Condo (Over $1 Million); Multi-Family (2-4 units); Multi-Family (5-19 units); Multi-Family (20-99 units); Multi-Family (100+ units); Homeowners Association (2-49 units); Homeowners Association (50-99 units); Condominium Association (2-49 units); Condominium Association (50-99 units); Homeowners Association (100+ units); Condominium Association (100+ units)","Service is our Business!"
"MainStar Realty & Management","admin@prginfo.com,Shalla@mainstarrealty.com,office@mainstarrealty.com","Mt Juliet","TN","37122","Homeowners Association (50-99 units); Condominium Association (50-99 units); Homeowners Association (100+ units); Condominium Association (100+ units)","As a property management and real estate company, we have many specialties."
"Park Property Management Solutions - Coeur d'Alene ID","dkress@parkpms.com","Orland Park","IL","60462","Single Home or Condo (Valued up to $300K); Single Home or Condo ($300 to $500K); Single Home or Condo ($500K to $1 Million); Single Home or Condo (Over $1 Million); Multi-Family (2-4 units); Multi-Family (5-19 units); Multi-Family (20-99 units); Multi-Family (100+ units); Homeowners Association (2-49 units); Homeowners Association (50-99 units); Condominium Association (2-49 units); Condominium Association (50-99 units); Homeowners Association (100+ units); Condominium Association (100+ units)",""
"Algonquin Properties","hallas@algonquin-properties.com,darcig@algonquin-properties.com","Allen","TX","75013","Multi-Family (2-4 units); Multi-Family (5-19 units); Multi-Family (20-99 units); Office (Up to 9,999 sqft); Retail (Up to 9,999 sqft); Homeowners Association (2-49 units); Homeowners Association (50-99 units); Condominium Association (2-49 units); Condominium Association (50-99 units); Homeowners Association (100+ units); Condominium Association (100+ units)","Responsive, Attentive & Local — Full-service HOA Management & Brokerage.  Serving North Texas Since "
"A.Otto Consulting & Management","amber@aotto.net","Pewaukee","WI","53072","Homeowners Association (2-49 units); Homeowners Association (50-99 units); Homeowners Association (100+ units)","Your Boutique HOA and Condominium Management Company"
"Real Property Management Icon","investing@rpmicon.com,new-deala1f8062169@newlead.leadsimple.com","Little Elm","TX","75068","Single Home or Condo (Valued up to $300K); Single Home or Condo ($300 to $500K); Single Home or Condo ($500K to $1 Million); Single Home or Condo (Over $1 Million); Multi-Family (2-4 units); Multi-Family (5-19 units); Multi-Family (20-99 units); Office (Up to 9,999 sqft); Office (10,000 - 100,000 sqft); Office (100,000+ sqft); Retail (Up to 9,999 sqft); Retail (10,000 - 100,000 sqft); Retail (100,000+ sqft); Light Manufacturing (Up to 100,000 sqft); Light Manufacturing (100,000+ sqft); Warehouse/Distribution (Up to 100,000 sqft); Warehouse/Distribution (100,000+ sqft); Parking Garage; Multi-Family (100+ units); Biotech/Mission-Critical; Homeowners Association (2-49 units); Homeowners Association (50-99 units); Condominium Association (2-49 units); Condominium Association (50-99 units); Homeowners Association (100+ units); Condominium Association (100+ units)","Property Management Done Right — Every Home. Every Detail"
"HOA Services","info@hoaservicesusa.com,myra@hoaservicesusa.com","Corporate located in","AZ","85286","Homeowners Association (2-49 units); Homeowners Association (50-99 units); Condominium Association (2-49 units); Condominium Association (50-99 units); Homeowners Association (100+ units); Condominium Association (100+ units)","Connecting Communities, Empowering Homeowners, and Simplifying HOA Management with Technology You Ca"
"Way Property Management","admin@waypm.com","Columbus","OH","43235","Homeowners Association (2-49 units); Homeowners Association (50-99 units); Condominium Association (2-49 units); Condominium Association (50-99 units); Homeowners Association (100+ units); Condominium Association (100+ units)","Paving the way in property management"
"Trident Management - Orlando","teri@tridentfl.com,new-dealbb48819576@newlead.leadsimple.com","Orlando","FL","32810","Condominium Association (50-99 units); Condominium Association (100+ units)","Overseeing an HOA or COA involves intricate balance and foresight —from maintaining financial health"
"Maverick Realty Group","hellomaverickrealty@gmail.com","Salem","OR","97304","Single Home or Condo ($300 to $500K); Single Home or Condo ($500K to $1 Million); Single Home or Condo (Over $1 Million); Multi-Family (5-19 units); Multi-Family (20-99 units); Multi-Family (100+ units); Homeowners Association (50-99 units); Homeowners Association (100+ units)","CONCIERGE MANAGEMENT.  Experience the difference."
"PMI REM","new-deal414b33dbfe@newlead.leadsimple.com","Canton, Akron, and Cleveland","OH","44701","Single Home or Condo (Valued up to $300K); Single Home or Condo ($300 to $500K); Single Home or Condo ($500K to $1 Million); Single Home or Condo (Over $1 Million); Multi-Family (2-4 units); Multi-Family (5-19 units); Multi-Family (20-99 units); Multi-Family (100+ units); Homeowners Association (2-49 units); Homeowners Association (50-99 units); Homeowners Association (100+ units)",""
"PMI MVP","new-dealb98ec47c2f@newlead.leadsimple.com","Columbus","OH","43004","Single Home or Condo (Valued up to $300K); Single Home or Condo ($300 to $500K); Single Home or Condo ($500K to $1 Million); Single Home or Condo (Over $1 Million); Multi-Family (2-4 units); Multi-Family (5-19 units); Multi-Family (20-99 units); Multi-Family (100+ units); Homeowners Association (2-49 units); Homeowners Association (50-99 units); Homeowners Association (100+ units)",""
"Silver River Properties","zoleta@silverrivermd.com","Crofton","MD","21114","Single Home or Condo (Valued up to $300K); Single Home or Condo ($300 to $500K); Single Home or Condo ($500K to $1 Million); Single Home or Condo (Over $1 Million); Homeowners Association (50-99 units); Homeowners Association (100+ units)","""Local Management. Personal Service"""
"Harlem Property Management, Inc - Bronx","james.s@harlempm.com,robert.p@harlempm.com,sales@harlempm.com","New York","NY","10027","Homeowners Association (2-49 units); Homeowners Association (50-99 units); Condominium Association (2-49 units); Condominium Association (50-99 units)","Specializing in Bronx condo's co-ops, multi-family rental buildings and townhouses
Proactive & local"
"Bridge Property Management - NJ","","Hoboken","NJ","07030","Multi-Family (2-4 units); Multi-Family (5-19 units); Homeowners Association (2-49 units); Homeowners Association (50-99 units); Condominium Association (2-49 units); Condominium Association (50-99 units)",""
"Pioneer Realty Group","sean@chicagoprg.com","Chicago","IL","60618","Single Home or Condo (Valued up to $300K); Single Home or Condo ($300 to $500K); Single Home or Condo ($500K to $1 Million); Single Home or Condo (Over $1 Million); Multi-Family (2-4 units); Multi-Family (5-19 units); Multi-Family (20-99 units); Multi-Family (100+ units); Homeowners Association (2-49 units); Homeowners Association (50-99 units); Condominium Association (2-49 units); Condominium Association (50-99 units); Homeowners Association (100+ units); Condominium Association (100+ units)","At Pioneer Realty Group, we’re a hands-on, community-focused team with real, boots-on-the-ground exp"