Name,Company,Title,Phone,Email,Location,Business Type,Profile URL,Scraped At
"Jacob A Huerta","Shapell Properties, Inc.","","14084306830","","JAJacob A HuertaProperty ManagerGilroy, California, USAShapell Properties, Inc. (Owner/Developer)Favorite","Owner/Developer","https://www.icsc.com/member/profile/827608",2026-01-30T05:21:55.533Z
"Nadeem Abassi","Aria Developers LLC","","2815-95-1900","","Nadeem AbassiDeveloperStafford, Texas, USAAria Developers LLC (Owner/Developer)Favorite","Owner/Developer","https://www.icsc.com/member/profile/598410",2026-01-30T05:21:55.534Z
"Edward Abbo","The Apollo Companies","","9543253886","","EAEdward AbboCEOAventura, Florida, USAThe Apollo Companies (Owner/Developer)Favorite","Owner/Developer","https://www.icsc.com/member/profile/598028",2026-01-30T05:21:55.534Z
"Ramez Abdulnour","Laramie International LLC","","(248) 671-4973","","RARamez AbdulnourPresidentSouthfield, Michigan, USALaramie International LLC (Owner/Developer)Favorite","Owner/Developer","https://www.icsc.com/member/profile/730617",2026-01-30T05:21:55.534Z
"Sam Abed","BridgePoint Developments","","","","Sam AbedDeveloperBAKERSFIELD, California, USABridgePoint Developments (Owner/Developer)Favorite","Owner/Developer","https://www.icsc.com/member/profile/778326",2026-01-30T05:21:55.534Z
"Steven Aberman","WBS Properties","","(561) 860-9402","","Steven AbermanDirector of Real EstateBoca Raton, Florida, USAWBS Properties (Owner/Developer)Favorite","Owner/Developer","https://www.icsc.com/member/profile/512705",2026-01-30T05:21:55.534Z
"Michael Ablon","Pegasus Ablon Properties","","","","MAMichael AblonPrincipalDallas, Texas, USAPegasus Ablon Properties (Owner/Developer)Favorite","Owner/Developer","https://www.icsc.com/member/profile/304913",2026-01-30T05:21:55.534Z
"Richard Abruscato","Federal Realty","","3019988188","","RARichard AbruscatoVice President - LeasingNorth Bethesda, Maryland, USAFederal Realty (Owner/Developer)Favorite","Owner/Developer","https://www.icsc.com/member/profile/131828",2026-01-30T05:21:55.534Z
"Natalie Abt","EDENS","","","","NANatalie AbtDirector of LeasingAtlanta, Georgia, USAEDENS (Owner/Developer)Favorite","Owner/Developer","https://www.icsc.com/member/profile/583380",2026-01-30T05:21:55.534Z
"John Accardi Jr","Strategic Property Partners","","","","JAJohn Accardi JrSenior AnalystTampa, Florida, USAStrategic Property Partners (Owner/Developer)Favorite","Owner/Developer","https://www.icsc.com/member/profile/818139",2026-01-30T05:21:55.534Z
"Thomas Acevedo","West Market Capital, LLC","","6262531192","","Thomas AcevedoPrincipalGlendora, California, USAWest Market Capital, LLC (Owner/Developer)Favorite","Owner/Developer","https://www.icsc.com/member/profile/523302",2026-01-30T05:21:55.534Z
"Vartan Achabahian","Prospect Group","","8185883881","","VAVartan AchabahianFounder / CEOBurbank, California, USAProspect Group (Owner/Developer)Favorite","Owner/Developer","https://www.icsc.com/member/profile/854511",2026-01-30T05:21:55.534Z
"Andrew Ackerman","RXR Realty","","212 444 3821","","AAAndrew AckermanSenior Vice PresidentMamaroneck, New York, USARXR Realty (Owner/Developer)Favorite","Owner/Developer","https://www.icsc.com/member/profile/823636",2026-01-30T05:21:55.534Z
"Jim Ackerman","Fuqua Development","","(404) 907-1709","","JAJim AckermanGeneral CounselAtlanta, Georgia, USAFuqua Development (Owner/Developer)Favorite","Owner/Developer","https://www.icsc.com/member/profile/169369",2026-01-30T05:21:55.534Z
"Rhodes Adair","Regency Centers","","4045753379","","RARhodes AdairSr. Manager, InvestmentsAtlanta, Georgia, USARegency Centers (Owner/Developer)Favorite","Owner/Developer","https://www.icsc.com/member/profile/794783",2026-01-30T05:21:55.534Z
"Mark Adame","2AVH Calallen, LLC","","361-880-5888","","MAMark AdameDeveloperSan Antonio, Texas, USA2AVH Calallen, LLC (Owner/Developer)Favorite","Owner/Developer","https://www.icsc.com/member/profile/847256",2026-01-30T05:21:55.534Z
"Sergio Adame CCIM","API Real Estate","","","","Sergio Adame CCIMBroker/Owner API Real EstateEdinburg, Texas, USAAPI Real Estate (Owner/Developer)Favorite","Owner/Developer","https://www.icsc.com/member/profile/437882",2026-01-30T05:21:55.534Z
"Jarrett Adame","First Hartford Realty Corporation","","9797776729","","JAJarrett AdameDirector - Retail DevelopmentHouston, Texas, USAFirst Hartford Realty Corporation (Owner/Developer)Favorite","Owner/Developer","https://www.icsc.com/member/profile/274540",2026-01-30T05:21:55.534Z
"John Adamick","HCP Downey LLC","","8188414141","","JAJohn AdamickOwnerThousand Oaks, California, USAHCP Downey LLC (Owner/Developer)Favorite","Owner/Developer","https://www.icsc.com/member/profile/830018",2026-01-30T05:21:55.534Z
"Andrew Adamick","HCP Downey LLC","","8188414141","","AAAndrew AdamickManagerThousand Oaks, California, USAHCP Downey LLC (Owner/Developer)Favorite","Owner/Developer","https://www.icsc.com/member/profile/830016",2026-01-30T05:21:55.534Z
"Brooke Adams","EDENS","","","","BABrooke AdamsGeneral CounselWashington, Washington D.C., USAEDENS (Owner/Developer)Favorite","Owner/Developer","https://www.icsc.com/member/profile/856931",2026-01-30T05:21:55.534Z
"Amos Adams","Sad Monkey Development","","8063169262","","Amos AdamsCo-OwnerAmarillo, Texas, USASad Monkey Development (Owner/Developer)Favorite","Owner/Developer","https://www.icsc.com/member/profile/852798",2026-01-30T05:21:55.534Z
"Vonnie Adams","Qualico Properties","","","","VAVonnie AdamsCreative LeadEdmonton, Alberta, CanadaQualico Properties (Owner/Developer)Favorite","Owner/Developer","https://www.icsc.com/member/profile/842713",2026-01-30T05:21:55.534Z
"CJ Adams","V3 Realty","","","","CACJ AdamsDevelopment ManagerNashville, Tennessee, USAV3 Realty (Owner/Developer)Favorite","Owner/Developer","https://www.icsc.com/member/profile/834113",2026-01-30T05:21:55.534Z
"Morris Ades","Larchwood Capital","","","","MAMorris AdesFounderNew York, New","Owner/Developer","https://www.icsc.com/member/profile/843949",2026-01-30T05:27:08.769Z
"Leo Adewusi","Cole Valley Partners","","586-765-6913","","LALeo AdewusiInternPortland, Oregon","Owner/Developer","https://www.icsc.com/member/profile/857403",2026-01-30T05:27:08.770Z
"Jenna Adkins","Ashton Gray","","4056425752","","Jenna AdkinsVP of Real Estate OperationsOklahoma City, Oklahoma","Owner/Developer","https://www.icsc.com/member/profile/807977",2026-01-30T05:27:08.770Z
"Geoffrey Adler","Northpath Investments","","","","Geoffrey AdlerMemberNew York, New","Owner/Developer","https://www.icsc.com/member/profile/734872",2026-01-30T05:27:08.770Z
"Paul Adler Esq","Rand Commercial","","","","Paul Adler EsqChief Strategy OfficerNew City, New","Owner/Developer","https://www.icsc.com/member/profile/374684",2026-01-30T05:27:08.770Z
"Derek Adolf","Soave Enterprises L.L.C.","","","","DADerek AdolfVice President, Legal","Owner/Developer","https://www.icsc.com/member/profile/861208",2026-01-30T05:27:08.770Z
"Nathan Afshani","AXS Opportunity Fund","","","","NANathan AfshaniPortfolio ManagerBeverly Hills, California","Owner/Developer","https://www.icsc.com/member/profile/856972",2026-01-30T05:27:08.770Z
"Vadim Agamirzoyan","Golden Black Capital","","6199621747","","VAVadim AgamirzoyanFund ManagerSan Diego, California","Owner/Developer","https://www.icsc.com/member/profile/847977",2026-01-30T05:27:08.770Z
"Vandana Aggarwal","Aggarwal Real Estate","","","","Vandana AggarwalVP of OperationsNorcross, Georgia","Owner/Developer","https://www.icsc.com/member/profile/435235",2026-01-30T05:27:08.770Z
"Collin Agni","Carr & Family Properties, LLC","","(907) 952-1818","","BrokerAnchorage, Alaska","Owner/Developer","https://www.icsc.com/member/profile/589785",2026-01-30T05:27:08.770Z
"Chris Agorsor","Agorsor Equity","","","","CAChris AgorsorPrincipalWashington, District","Owner/Developer","https://www.icsc.com/member/profile/827847",2026-01-30T05:27:08.770Z
"Daniel Aguirre","Blue Waters Development Group","","9548928677","","FounderCape Coral, Florida","Owner/Developer","https://www.icsc.com/member/profile/743947",2026-01-30T05:27:08.770Z
"Josh Ahlzadeh","Delza Properties","","","","Josh AhlzadehManaging Directoratlanta, Georgia","Owner/Developer","https://www.icsc.com/member/profile/736931",2026-01-30T05:27:08.770Z
"Nadia ahmad","NEXTGEN INVESTMENTS","","9095604598","","NaNadia ahmadExecutive AssistantUpland, California","Owner/Developer","https://www.icsc.com/member/profile/789803",2026-01-30T05:27:08.770Z
"Mike Ahmad","NEXTGEN INVESTMENTS","","","","Mike AhmadCEOUpland, California","Owner/Developer","https://www.icsc.com/member/profile/787416",2026-01-30T05:27:08.770Z
"khalid Ahmed","Suaza LLC","","","","Akhalid AhmedOwnerFlint, Michigan","Owner/Developer","https://www.icsc.com/member/profile/805807",2026-01-30T05:27:08.770Z
"Phoebe Aiken","Rothbart Development Corporation","","","","DevelopmentLos Angeles, California","Owner/Developer","https://www.icsc.com/member/profile/711710",2026-01-30T05:27:08.770Z
"Crew Ainge","Utah City","","6174547494","","Project ManagerUtah City, Utah","Owner/Developer","https://www.icsc.com/member/profile/790337",2026-01-30T05:27:08.770Z
"Trini Ainsworth","Big V Property Group","","","","TexasDenton, Texas","Owner/Developer","https://www.icsc.com/member/profile/645450",2026-01-30T05:27:08.770Z
"Eli Ajias","EA Royal Management","","","","EAEli AjiasManaging PartnerEnglishtown, New","Owner/Developer","https://www.icsc.com/member/profile/855803",2026-01-30T05:27:08.770Z
"Avi Akibeh","Tri State Commercial Realty Inc.","","(718) 795-6396","","PartnerBrooklyn, New","Owner/Developer","https://www.icsc.com/member/profile/612366",2026-01-30T05:27:08.770Z
"Fuad Al Najjar, CMD, CRRP, CSM","Majid Al Futtaim","","","","CSMSenior Director RedevelopmentDubai, United","Owner/Developer","https://www.icsc.com/member/profile/402474",2026-01-30T05:27:08.770Z
"Agus Alamsjah","Local Asset Management","","702-366-4666","","Agus AlamsjahPartnerLas Vegas, Nevada","Owner/Developer","https://www.icsc.com/member/profile/386783",2026-01-30T05:27:08.770Z
"Jacquelyn Albert","Albert Enterprises","","","","JAJacquelyn AlbertVice PresidentDallas, Texas","Owner/Developer","https://www.icsc.com/member/profile/870716",2026-01-30T05:27:08.770Z
"Cary Albert","Albert Enterprises","","","","CACary AlbertPresidentDallas, Texas","Owner/Developer","https://www.icsc.com/member/profile/610175",2026-01-30T05:28:39.616Z
"Elliot Alboucai","Paramount Realty Services, Inc","","","","DevelopmentLakewood, New","Owner/Developer","https://www.icsc.com/member/profile/747669",2026-01-30T05:28:39.616Z
"Michael Alessio","Alessio Companies","","","","MAMichael AlessioOwnerElmhurst, Illinois","Owner/Developer","https://www.icsc.com/member/profile/860646",2026-01-30T05:28:39.616Z
"Isabella Alessio","Alessio Companies","","","","IAIsabella AlessioDevelopment CoordinatorElmhurst, Illinois","Owner/Developer","https://www.icsc.com/member/profile/860643",2026-01-30T05:28:39.616Z
"Tom Alexander","BH Properties, LLC","","","","Tom AlexanderManaging Director, Acquisitions","Owner/Developer","https://www.icsc.com/member/profile/720236",2026-01-30T05:28:39.616Z
"Gershon Alexander","Northpath Investments","","","","GAGershon AlexanderMemberNew York, New","Owner/Developer","https://www.icsc.com/member/profile/329687",2026-01-30T05:28:39.616Z
"Tony Alfano","SMJ Enterprise, LLC","","","","Tony AlfanoDirectorMemphis, Tennessee","Owner/Developer","https://www.icsc.com/member/profile/817742",2026-01-30T05:28:39.616Z
"Ammar Alkhafaji","W Investors Group","","","","AAAmmar AlkhafajiPrincipalSouthfield, Michigan","Owner/Developer","https://www.icsc.com/member/profile/809681",2026-01-30T05:28:39.616Z
"Joe Allegretti","Regency Centers","","","","Joe AllegrettiVice President, Market","Owner/Developer","https://www.icsc.com/member/profile/506838",2026-01-30T05:28:39.616Z
"Jody Allen","J Allen Builders","","2703925112","","JAJody AllenPresidentBowling Green, Kentucky","Owner/Developer","https://www.icsc.com/member/profile/869401",2026-01-30T05:28:39.616Z
"Ned Allen","Wychwood Development","","9085781894","","Ned AllenPrincipalJersey City, New","Owner/Developer","https://www.icsc.com/member/profile/803599",2026-01-30T05:28:39.616Z
"Kyle Allen","AJ Capital Partners","","","","KAKyle AllenSenior Vice PresidentMiami, Florida","Owner/Developer","https://www.icsc.com/member/profile/669563",2026-01-30T05:28:39.616Z
"Reynolds Allen","EDENS","","","","Reynolds AllenManaging DirectorWashington, Washington","Owner/Developer","https://www.icsc.com/member/profile/363407",2026-01-30T05:28:39.616Z
"Brian Alley","Rose City Partners, LLC","","","","BABrian AlleyDirector of OperationsPlano, Texas","Owner/Developer","https://www.icsc.com/member/profile/782413",2026-01-30T05:28:39.616Z
"Tyler Alley","Rose City Partners, LLC","","(501) 690-2166","","Tyler AlleyCEOPlano, Texas","Owner/Developer","https://www.icsc.com/member/profile/671371",2026-01-30T05:28:39.616Z
"Michael Allison","LBX Investments LLC","","8036222256","","Michael AllisonDirectorAtlanta, Georgia","Owner/Developer","https://www.icsc.com/member/profile/562307",2026-01-30T05:28:39.616Z
"Ron Allon","Allon Investments","","7138289360","","RARon AllonPrincipalHouston, Texas","Owner/Developer","https://www.icsc.com/member/profile/869611",2026-01-30T05:28:39.616Z
"Zach Alms","507 Investment Group, LLC","","","","Zach AlmsManaging PartnerMankato, Minnesota","Owner/Developer","https://www.icsc.com/member/profile/797348",2026-01-30T05:28:39.616Z
"Michelle Alonso","Endeavor Real Estate Group","","","","Michelle AlonsoMarketing DirectorAustin, Texas","Owner/Developer","https://www.icsc.com/member/profile/619366",2026-01-30T05:28:39.616Z
"Michael Alterman","Alterman Commercial Real Estate","","6783587650","","Michael AltermanPrincipalAtlanta, Georgia","Owner/Developer","https://www.icsc.com/member/profile/314720",2026-01-30T05:28:39.616Z
"Javier Alvarez","Miami Freedom Park","","","","JAJavier AlvarezAssociate Vice PresidentMiami, Florida","Owner/Developer","https://www.icsc.com/member/profile/820362",2026-01-30T05:28:39.616Z
"Akbar Alviri","Sudamahu Group Corp.","","(281) 557-3400","","AAAkbar AlviriPresidentLeague City, Texas","Owner/Developer","https://www.icsc.com/member/profile/401518",2026-01-30T05:28:39.616Z
"Ryan Amato","Eisenberg Company","","","","RARyan AmatoExecutive Vice PresidentPhoenix, Arizona","Owner/Developer","https://www.icsc.com/member/profile/229904",2026-01-30T05:28:39.616Z
"Mike Ambrose","XYZ Rent","","7027217756","","MAMike AmbroseCOOLas Vegas, Nevada","Owner/Developer","https://www.icsc.com/member/profile/869118",2026-01-30T05:28:39.616Z
"michael ambrosino","Ambrosino Consultant Corp","","","","PresidentMineola, New","Owner/Developer","https://www.icsc.com/member/profile/850704",2026-01-30T05:30:12.081Z
"Cole Ament","Wagner Property Group","","","","CACole AmentAcquisitions AssociateTampa, Florida","Owner/Developer","https://www.icsc.com/member/profile/858671",2026-01-30T05:30:12.081Z
"Herbert Ames","EDENS","","(678) 527-0418","","HAHerbert AmesManaging DirectorAtlanta, Georgia","Owner/Developer","https://www.icsc.com/member/profile/314332",2026-01-30T05:30:12.081Z
"Purandar Amin","Sapient Advisors, Inc.","","","","PAPurandar AminPresidentArtesia, California","Owner/Developer","https://www.icsc.com/member/profile/807085",2026-01-30T05:30:12.081Z
"Joshua Amoroso","LRG Investors","","","","FounderWalnut Creek, California","Owner/Developer","https://www.icsc.com/member/profile/477430",2026-01-30T05:30:12.081Z
"Steven Anastasion","Baker Commercial Properties, LLC","","","","SASteven AnastasionManagerColumbia, South","Owner/Developer","https://www.icsc.com/member/profile/132895",2026-01-30T05:30:12.081Z
"Kevin Andersen","JEO Investments, Inc.","","","","Kevin AndersenStrategic ConsultantWahoo, Nebraska","Owner/Developer","https://www.icsc.com/member/profile/847965",2026-01-30T05:30:12.081Z
"Jack Anderson","The Genecov Group","","","","Jack AndersonJunior Leasing AssociateTyler, Texas","Owner/Developer","https://www.icsc.com/member/profile/840964",2026-01-30T05:30:12.081Z
"Carl Anderson","Larkspur Capital LP","","","","CACarl AndersonPresidentDallas, Texas","Owner/Developer","https://www.icsc.com/member/profile/821677",2026-01-30T05:30:12.081Z
"Geoff Anderson","Taz Anderson Companies","","","","GAGeoff AndersonPresidentAtlanta, Georgia","Owner/Developer","https://www.icsc.com/member/profile/785323",2026-01-30T05:30:12.081Z
"Michael Anderson","Centron Group","","","","LeasingCalgary, Alberta","Owner/Developer","https://www.icsc.com/member/profile/319189",2026-01-30T05:30:12.081Z
"Mercedes Anderson Loftus","Strategic Retail Advisors","","","","Mercedes Anderson LoftusBrokerJupiter, Florida","Owner/Developer","https://www.icsc.com/member/profile/500818",2026-01-30T05:30:12.081Z
"Leyton Andres","Nack Development","","214-310-7211","","LALeyton AndresReal Estate AssociateThe Colony, Texas","Owner/Developer","https://www.icsc.com/member/profile/849047",2026-01-30T05:30:12.081Z
"Jeff Anenberg","Anenberg Asset Management, LLC","","","","JAJeff AnenbergPrincipalNEWPORT BEACH, California","Owner/Developer","https://www.icsc.com/member/profile/735213",2026-01-30T05:30:12.081Z
"Ashley Anesin","ACCESS Commercial LLC","","402-502-1983","","AAAshley AnesinChief of StaffOmaha, Nebraska","Owner/Developer","https://www.icsc.com/member/profile/869522",2026-01-30T05:30:12.081Z
"Jake Anthon","MRP Capital Group","","3146145500","","JAJake AnthonLeasing AssociateSaint Louis, Missouri","Owner/Developer","https://www.icsc.com/member/profile/803181",2026-01-30T05:30:12.081Z
"AJ Anthon","MRP Capital Group","","","","AJ AnthonDirector of InvestmentsSaint Louis, Missouri","Owner/Developer","https://www.icsc.com/member/profile/778663",2026-01-30T05:30:12.081Z
"Bryan Antman","Alloy Real Estate Capital","","5106760513","","BABryan AntmanManagerLafayette, Colorado","Owner/Developer","https://www.icsc.com/member/profile/849524",2026-01-30T05:30:12.081Z
"Nickas Antoniou","Regency Centers","","","","Nickas AntoniouManager, Investments","Owner/Developer","https://www.icsc.com/member/profile/686320",2026-01-30T05:30:12.081Z
"Ilona Antonova","4th Dimension Properties","","305-308-5870","","Ilona AntonovaLeasing ManagerHollywood, Florida","Owner/Developer","https://www.icsc.com/member/profile/865749",2026-01-30T05:30:12.081Z
"Kyle Anz","HGA Holdings, LLC","","","","Kyle AnzManaging MemberAustin, Texas","Owner/Developer","https://www.icsc.com/member/profile/116801",2026-01-30T05:30:12.081Z
"Gabriel Aoun","Consumer Centres","","(514) 249-1246","","GAGabriel AounDIRECTOR OF LEASINGMontreal, Quebec","Owner/Developer","https://www.icsc.com/member/profile/815856",2026-01-30T05:30:12.081Z
"Bryant Aplass","Hungry Investments Inc","","","","BABryant AplassPartnerChandler, Arizona","Owner/Developer","https://www.icsc.com/member/profile/832639",2026-01-30T05:30:12.081Z
"Steve Apostolopoulos","Triple Group of Companies","","","","Steve ApostolopoulosManging Partner Chief Development OfficerToronto, Ontario","Owner/Developer","https://www.icsc.com/member/profile/684222",2026-01-30T05:30:12.081Z
"Eric Apple","Regency Centers","","","","Eric AppleSenior Leasing AgentJacksonville, Florida","Owner/Developer","https://www.icsc.com/member/profile/634581",2026-01-30T05:31:41.946Z
"Dr. Dorcey Applyrs","Khan Construction & Development LLC","","5188948981","","Dorcey ApplyrsInvited GuestClifton Park, New","Owner/Developer","https://www.icsc.com/member/profile/868262",2026-01-30T05:31:41.946Z
"Andrea Aquadro","Wilson Dam Properties","","256-335-0300","","AAAndrea AquadroOwnerMountain Brook, Alabama","Owner/Developer","https://www.icsc.com/member/profile/852078",2026-01-30T05:31:41.946Z
"Jesus Araiza","Armada Capital Partners","","","","JAJesus AraizaCEODallas, Texas","Owner/Developer","https://www.icsc.com/member/profile/823002",2026-01-30T05:31:41.946Z
"Joseph Aranda","Brandywine Homes","","","","JAJoseph ArandaLand AcquisitionsIrvine, California","Owner/Developer","https://www.icsc.com/member/profile/858718",2026-01-30T05:31:41.946Z
"George Arce Jr","Centers Dynamic Partners","","","","CEOSan Mateo, California","Owner/Developer","https://www.icsc.com/member/profile/220819",2026-01-30T05:31:41.946Z
"Alexander Arfsten","Regency Centers","","","","AAAlexander ArfstenLeasing RepresentativeLos Angeles, California","Owner/Developer","https://www.icsc.com/member/profile/848356",2026-01-30T05:31:41.946Z
"Barry Argalas","Regency Centers","","","","Barry ArgalasManaging DirectorJacksonville, Florida","Owner/Developer","https://www.icsc.com/member/profile/193317",2026-01-30T05:31:41.946Z
"John Argo","Southeast Capital Partners","","","","JAJohn ArgoManagerPike Road, Alabama","Owner/Developer","https://www.icsc.com/member/profile/599510",2026-01-30T05:31:41.946Z
"Zach Armstrong","ZKKZ Partners Ltd.","","8326230303","","ZAZach ArmstrongPartnerThe Woodlands, Texas","Owner/Developer","https://www.icsc.com/member/profile/846182",2026-01-30T05:31:41.946Z
"David Armstrong","Geddes-Armstrong Construction","","","","David ArmstrongOwnerNorman, Oklahoma","Owner/Developer","https://www.icsc.com/member/profile/787469",2026-01-30T05:31:41.946Z
"Blaine Armstrong","Geddes-Armstrong Construction","","(405) 590-6510","","Blaine ArmstrongBusiness DevelopmentNorman, Oklahoma","Owner/Developer","https://www.icsc.com/member/profile/698163",2026-01-30T05:31:41.946Z
"Felice Arredondo","The Parkes Companies, Inc.","","","","FAFelice ArredondoDirector of DevelopmentFranklin, Tennessee","Owner/Developer","https://www.icsc.com/member/profile/850600",2026-01-30T05:31:41.946Z
"Tyler Arsenault","Retail Sites LLC","","","","LeasingMoorestown, New","Owner/Developer","https://www.icsc.com/member/profile/641290",2026-01-30T05:31:41.946Z
"Sasha Artzibushev","Artzibushev & Company","","(813) 454-4416","","Property ManagerTampa, Florida","Owner/Developer","https://www.icsc.com/member/profile/591609",2026-01-30T05:31:41.946Z
"Dimitri Artzibushev CCIM","Artzibushev & Company","","","","Dimitri Artzibushev CCIMOwner and BrokerTampa, Florida","Owner/Developer","https://www.icsc.com/member/profile/104878",2026-01-30T05:31:41.946Z
"Shahvand Aryana","American Colonial Capital, LLC","","","","SAShahvand AryanaCEOOrange, California","Owner/Developer","https://www.icsc.com/member/profile/856353",2026-01-30T05:31:41.946Z
"Thomas Asimou Esq","Mapleton Partners, LLC","","","","TAThomas Asimou EsqManagerPhoenix, Arizona","Owner/Developer","https://www.icsc.com/member/profile/516681",2026-01-30T05:31:41.946Z
"Bobby Assil","Eighty eight place","","3103101033","","Bobby AssilCEOBeverly Hills, California","Owner/Developer","https://www.icsc.com/member/profile/377233",2026-01-30T05:31:41.946Z
"Tom Assouline","Busch Family Office","","","","TATom AssoulinePartnerCoral Springs, Florida","Owner/Developer","https://www.icsc.com/member/profile/840445",2026-01-30T05:31:41.946Z
"Benny Assulin","Synergy Group","","(609) 255-0555","","BABenny AssulinManaging PartnerLas Vegas, Nevada","Owner/Developer","https://www.icsc.com/member/profile/852382",2026-01-30T05:31:41.946Z
"Lauren Athans","AOK Capital, LLC","","","","Property ManagerSan Mateo, California","Owner/Developer","https://www.icsc.com/member/profile/869654",2026-01-30T05:31:41.946Z
"Shanna Athas","Regency Centers","","","","SAShanna AthasSenior Leasing AgentGreenwich, Connecticut","Owner/Developer","https://www.icsc.com/member/profile/355660",2026-01-30T05:31:41.946Z
"Josh Atkinson","J&T Holdings, LLC","","","","JAJosh AtkinsonOwnerOklahoma City, Oklahoma","Owner/Developer","https://www.icsc.com/member/profile/782129",2026-01-30T05:33:09.347Z
"Brian Atlee","Atlee Property Group, Inc.","","9045973747","","BABrian AtleePresidentJacksonville, Florida","Owner/Developer","https://www.icsc.com/member/profile/850084",2026-01-30T05:33:09.348Z
"Mike Atlee","Atlee Property Group, Inc.","","9042946964","","MAMike AtleePresidentNeptune Beach, Florida","Owner/Developer","https://www.icsc.com/member/profile/848749",2026-01-30T05:33:09.348Z
"Yoram Attias","Ben management llc","","4074029706","","YAYoram AttiasOwnerOrlando, Florida","Owner/Developer","https://www.icsc.com/member/profile/792796",2026-01-30T05:33:09.348Z
"Jonathan Attman","ATTMAN HOLDINGS, LLC","","(410) 766-6366","","Director, Acquisitions","Owner/Developer","https://www.icsc.com/member/profile/626699",2026-01-30T05:33:09.348Z
"Amani Atwal","Atwal Developments,","","5594752200","","AAAmani AtwalManagerFresno, California","Owner/Developer","https://www.icsc.com/member/profile/856581",2026-01-30T05:33:09.348Z
"Tj Atwal","Atwal Developments,","","","","Tj AtwalPresidentFresno, California","Owner/Developer","https://www.icsc.com/member/profile/847094",2026-01-30T05:33:09.348Z
"Justin Au","Majestic Developers","","7133675262","","JAJustin AuCTOSugar Land, Texas","Owner/Developer","https://www.icsc.com/member/profile/865285",2026-01-30T05:33:09.348Z
"Eric Aubry","Twin Rivers Capital, LLC","","","","Eric AubryAssociate Development ManagerCharleston, South","Owner/Developer","https://www.icsc.com/member/profile/834421",2026-01-30T05:33:09.348Z
"sunny aujla","sunny aujla development group","","","","CEOHayward, California","Owner/Developer","https://www.icsc.com/member/profile/827527",2026-01-30T05:33:09.348Z
"Scott Auster","Urban Edge Properties","","","","SAScott AusterExecutive Vice President, Head","Owner/Developer","https://www.icsc.com/member/profile/227264",2026-01-30T05:33:09.348Z
"Dan Austin","The Arba Group, Inc.","","","","LeasingLos Angeles, California","Owner/Developer","https://www.icsc.com/member/profile/347493",2026-01-30T05:33:09.348Z
"Jason Autry","Prudent Growth Partners, LLC","","","","JAJason AutryChief Administrative OfficerChapel Hill, North","Owner/Developer","https://www.icsc.com/member/profile/781658",2026-01-30T05:33:09.348Z
"Allon Avgi","AVGI","","6315595742","","AAAllon AvgiChief Executive OfficerBellmore, New","Owner/Developer","https://www.icsc.com/member/profile/843060",2026-01-30T05:33:09.348Z
"Venumadhav Avula","Shenandoah Development Group LLC","","","","VAVenumadhav AvulaPrincipalPrinceton, New","Owner/Developer","https://www.icsc.com/member/profile/846029",2026-01-30T05:33:09.348Z
"Shade Awad","A&A Property Investments LLC","","","","SAShade AwadManaging MemberRiverside, California","Owner/Developer","https://www.icsc.com/member/profile/809325",2026-01-30T05:33:09.348Z
"Emily Ayers","JAE Law Group, PLLC","","","","FounderAustin, Texas","Owner/Developer","https://www.icsc.com/member/profile/645183",2026-01-30T05:33:09.348Z
"VJ Aynilian","Heidenberg Properties","","","","VJ AynilianDirector of Property ManagementCloster, New","Owner/Developer","https://www.icsc.com/member/profile/768028",2026-01-30T05:33:09.348Z
"RAMEZ AYOUB","TRANS SEAS USA LLC","","","","CEOScottsdale, Arizona","Owner/Developer","https://www.icsc.com/member/profile/807714",2026-01-30T05:33:09.348Z
"Asma Ayub","CYBERTEK REALTY INC","","","","CEOBrampton, Ontario","Owner/Developer","https://www.icsc.com/member/profile/863061",2026-01-30T05:33:09.348Z
"Irfan Ayub","CYBERTEK REALTY INC","","","","IAIrfan AyubDeveloperBrampton, Ontario","Owner/Developer","https://www.icsc.com/member/profile/863060",2026-01-30T05:33:09.348Z
"Aimee Babcock","Perform Properties","","","","CreativeChicago, Illinois","Owner/Developer","https://www.icsc.com/member/profile/735349",2026-01-30T05:33:09.348Z
"Natalia Babits","Arizona Partners","","","","Leasing AssociateScottsdale, Arizona","Owner/Developer","https://www.icsc.com/member/profile/346875",2026-01-30T05:33:09.348Z
"Dante Bacall","Bacall Companies,LLC","","","","PrincipalDETROIT, Michigan","Owner/Developer","https://www.icsc.com/member/profile/789481",2026-01-30T05:33:09.348Z
"Dorayd Bacall","Bacall Companies,LLC","","","","DBDorayd BacallCEODetroit, Michigan","Owner/Developer","https://www.icsc.com/member/profile/335827",2026-01-30T05:34:35.803Z
"Ben Baci","GrangeStone Development LLC","","","","Ben BaciOwnerAlexandria, Virginia","Owner/Developer","https://www.icsc.com/member/profile/842241",2026-01-30T05:34:35.803Z
"Mathew Backhouse","Melcor Developments Ltd.","","","","MBMathew BackhouseLeasing ManagerCalgary, Alberta","Owner/Developer","https://www.icsc.com/member/profile/780161",2026-01-30T05:34:35.803Z
"Dan Bacon","M&R Holdings","","","","DBDan BaconDevelopment DirectorScarborough, Maine","Owner/Developer","https://www.icsc.com/member/profile/819980",2026-01-30T05:34:35.803Z
"Garritt Bader","GB Real Estate Investments, LLC","","","","Garritt BaderPrincipalGreen Bay, Wisconsin","Owner/Developer","https://www.icsc.com/member/profile/341484",2026-01-30T05:34:35.803Z
"Edward Badouh III","Gentilly LLC","","","","EBEdward Badouh IIIAssociateSan Antonio, Texas","Owner/Developer","https://www.icsc.com/member/profile/381061",2026-01-30T05:34:35.803Z
"Edgar Baek","Beacon Rose Partners","","5624580279","","EBEdgar BaekPrincipalSan Francisco, California","Owner/Developer","https://www.icsc.com/member/profile/781064",2026-01-30T05:34:35.803Z
"Shlomi Bagdadi","Tri State Commercial Realty Inc.","","","","CEONew York, New","Owner/Developer","https://www.icsc.com/member/profile/599560",2026-01-30T05:34:35.803Z
"Melanie Bagley","Pinnacle Development","","","","MBMelanie BagleyVice President of DevelopmentDallas, Texas","Owner/Developer","https://www.icsc.com/member/profile/803646",2026-01-30T05:34:35.803Z
"Eileen Bagnall","Urban Edge Properties","","","","Eileen BagnallExecutive AssistantParamus, New","Owner/Developer","https://www.icsc.com/member/profile/610054",2026-01-30T05:34:35.803Z
"Andrew Bagnall","Abiso Real Estate","","","","ABAndrew BagnallDevelopment AssociateSan Antonio, Texas","Owner/Developer","https://www.icsc.com/member/profile/609939",2026-01-30T05:34:35.803Z
"bryan baker","Baker Commercial Properties, LLC","","","","Property ManagerColumbia, South","Owner/Developer","https://www.icsc.com/member/profile/862925",2026-01-30T05:34:35.803Z
"Eric Baker","Baker Development LLC","","888-538-3113","","EBEric BakerMemberColumbia, Missouri","Owner/Developer","https://www.icsc.com/member/profile/849749",2026-01-30T05:34:35.803Z
"Kayleigh Baker","Big V Property Group","","","","KBKayleigh BakerMarketing ManagerCharlotte, North","Owner/Developer","https://www.icsc.com/member/profile/843336",2026-01-30T05:34:35.803Z
"Gary Baker","Tree Line Ventures LLC","","","","Gary BakerPrincipalNeedham, Massachusetts","Owner/Developer","https://www.icsc.com/member/profile/804131",2026-01-30T05:34:35.803Z
"Garrett Baker","Delaney Property Group","","","","Garrett BakerProject ManagerMobile, Alabama","Owner/Developer","https://www.icsc.com/member/profile/802555",2026-01-30T05:34:35.803Z
"Bill Baker","ENDURANCE PROPERTIES","","","","BBBill BakerManaging PartnerPointe Vedra Beach, Florida","Owner/Developer","https://www.icsc.com/member/profile/422731",2026-01-30T05:34:35.803Z
"Robert Bakhchi","Great Neck Center, LLC","","","","RBRobert BakhchiAgentJamaica, New","Owner/Developer","https://www.icsc.com/member/profile/746157",2026-01-30T05:34:35.803Z
"Jimmy Balafas","Kentro Group","","","","Jimmy BalafasPrincipalDenver, Colorado","Owner/Developer","https://www.icsc.com/member/profile/284803",2026-01-30T05:34:35.803Z
"Molly Bance","EDENS","","","","Molly BanceVice President of LeasingWashington, Washington","Owner/Developer","https://www.icsc.com/member/profile/590229",2026-01-30T05:34:35.803Z
"Neil Bane","Bane Realty Capital","","","","NBNeil BanePresidentEnglewood, New","Owner/Developer","https://www.icsc.com/member/profile/652678",2026-01-30T05:34:35.803Z
"Andre Banilevi","Mason Asset Management, Inc.","","","","ABAndre BanileviAssociateGreat Neck, New","Owner/Developer","https://www.icsc.com/member/profile/804072",2026-01-30T05:34:35.803Z
"Sam Banjee","Banjee Enterprises,LLC","","","","SBSam BanjeePrincipalAtlanta, Georgia","Owner/Developer","https://www.icsc.com/member/profile/506063",2026-01-30T05:34:35.803Z
"Jake Bank","Aurora Capital Associates","","","","JBJake BankDirector, Leasing","Owner/Developer","https://www.icsc.com/member/profile/856494",2026-01-30T05:34:35.803Z
"william banks","Bridger Properties","","","","Vice PresidentChamblee, Georgia","Owner/Developer","https://www.icsc.com/member/profile/787917",2026-01-30T05:36:01.459Z
"Mark Banks","Retail Partners Development, LLC","","","","PrincipalNashville, Tennessee","Owner/Developer","https://www.icsc.com/member/profile/182158",2026-01-30T05:36:01.459Z
"Liz Bapasola","Champion Investment Properties LLC","","812-216-7820","","LBLiz BapasolaPartnerYardley, Pennsylvania","Owner/Developer","https://www.icsc.com/member/profile/829590",2026-01-30T05:36:01.459Z
"Sam Bapasola","Champion Investment Properties LLC","","","","SBSam BapasolaMemberYardley, Pennsylvania","Owner/Developer","https://www.icsc.com/member/profile/754259",2026-01-30T05:36:01.459Z
"Zeev Bar Yadin","CBG ROULER","","","","ZBZeev Bar YadinOpsSan Antonio, Texas","Owner/Developer","https://www.icsc.com/member/profile/867975",2026-01-30T05:36:01.459Z
"Lewis Barbanel","Black Diamond Commercial Realty","","","","LBLewis BarbanelFounder OwnerWoodmere, New","Owner/Developer","https://www.icsc.com/member/profile/844432",2026-01-30T05:36:01.459Z
"Giacomo Barbieri","Gould Property Company","","2024676733","","GBGiacomo BarbieriChief Executive OfficerWashington, Washington","Owner/Developer","https://www.icsc.com/member/profile/867974",2026-01-30T05:36:01.459Z
"Gabriela Barbosa","JPMorgan Chase Bank","","","","GBGabriela BarbosaReal Estate Deal CoordinatorColumbus, Ohio","Owner/Developer","https://www.icsc.com/member/profile/868288",2026-01-30T05:36:01.459Z
"Derek Barbour","Richland Investments","","","","Derek BarbourVice PresidentIrvine, California","Owner/Developer","https://www.icsc.com/member/profile/809086",2026-01-30T05:36:01.459Z
"Reid Barker","Barker Corp.","","404-307-8904","","Reid BarkerVice PresidentAtlanta, Georgia","Owner/Developer","https://www.icsc.com/member/profile/780484",2026-01-30T05:36:01.459Z
"Adam Barker","GR8 Partners LLC","","","","Adam BarkerPartnerHouston, Texas","Owner/Developer","https://www.icsc.com/member/profile/648539",2026-01-30T05:36:01.459Z
"Andrew Barkett","Strategic Retail Advisors","","","","ABAndrew BarkettAssociateJupiter, Florida","Owner/Developer","https://www.icsc.com/member/profile/857607",2026-01-30T05:36:01.459Z
"Baabak Barman","Tourmaline Capital","","","","BBBaabak BarmanSenior VPSan Diego, California","Owner/Developer","https://www.icsc.com/member/profile/816666",2026-01-30T05:36:01.459Z
"Bob Barnes","Vision Asset Mgmt Ltd","","","","BBBob BarnesPresidentGranbury, Texas","Owner/Developer","https://www.icsc.com/member/profile/803118",2026-01-30T05:36:01.459Z
"Andrew Barnes","DBA Commercial Real Estate","","","","ABAndrew BarnesBrokerDallas, Texas","Owner/Developer","https://www.icsc.com/member/profile/654474",2026-01-30T05:36:01.459Z
"Rick Barnes","CIC Realty","","","","Rick BarnesPrincipalMarion, Massachusetts","Owner/Developer","https://www.icsc.com/member/profile/506434",2026-01-30T05:36:01.459Z
"Ned Barnes","Crosland Barnes Group","","","","NBNed BarnesOwnerColumbia, South","Owner/Developer","https://www.icsc.com/member/profile/105437",2026-01-30T05:36:01.459Z
"Amy Barnett","ThisRealty","","","","Amy BarnettRealtorMidland, Texas","Owner/Developer","https://www.icsc.com/member/profile/782744",2026-01-30T05:36:01.459Z
"TRAVIS BARNEY","Alturas Capital Partners","","","","TBTRAVIS BARNEYCEOEagle, Idaho","Owner/Developer","https://www.icsc.com/member/profile/710687",2026-01-30T05:36:01.459Z
"Brett Barontini","Boos Development Group Inc.","","","","Brett BarontiniDevelopment Project ManagerClearwater, Florida","Owner/Developer","https://www.icsc.com/member/profile/446074",2026-01-30T05:36:01.459Z
"Peter Barott","Muir Investment Holdings, LLC","","","","VP of Commercial Real EstateDelray Beach, Florida","Owner/Developer","https://www.icsc.com/member/profile/785713",2026-01-30T05:36:01.459Z
"Ted Barr","Woodside Health","","","","TBTed BarrPrincipalIndependence, Ohio","Owner/Developer","https://www.icsc.com/member/profile/836089",2026-01-30T05:36:01.459Z
"John Barr","Barr Real Estate Inc.","","","","John BarrPresidentChampaign, Illinois","Owner/Developer","https://www.icsc.com/member/profile/622832",2026-01-30T05:36:01.459Z
"Tracey Barrett","Killam Apartment REIT","","","","TBTracey BarrettCommercial Leasing AssociateHalifax, Nova","Owner/Developer","https://www.icsc.com/member/profile/838166",2026-01-30T05:36:01.459Z
"David Barrett","BA BARRETT CONSTRUCTION","","(678) 571-3861","","David BarrettPresidentRoswell, Georgia","Owner/Developer","https://www.icsc.com/member/profile/637016",2026-01-30T05:37:28.657Z
"Glenn Barrick","Grosvenor","","(604) 640-3521","","President Asset ManagementVancouver, British","Owner/Developer","https://www.icsc.com/member/profile/147103",2026-01-30T05:37:28.657Z
"Royce Barrington II","N3 Real Estate","","","","Royce Barrington IIDirector of Real Estate and LeasingSouthlake, Texas","Owner/Developer","https://www.icsc.com/member/profile/727409",2026-01-30T05:37:28.657Z
"Zoe Barry","Urban Edge Properties","","","","Zoe BarryLeasing CoordinatorNew York, New","Owner/Developer","https://www.icsc.com/member/profile/851157",2026-01-30T05:37:28.657Z
"Kimberly Bartalos, CLS","Block Real Estate Services, LLC","","","","LeasingKansas City, Missouri","Owner/Developer","https://www.icsc.com/member/profile/275342",2026-01-30T05:37:28.657Z
"Aaron Bartels","Trinitas Ventures","","","","Aaron BartelsExecutive Vice President, Mixed","Owner/Developer","https://www.icsc.com/member/profile/317253",2026-01-30T05:37:28.657Z
"Eileen Barth","The Walt Disney Company","","","","EBEileen BarthLeasing Representative, Legal","Owner/Developer","https://www.icsc.com/member/profile/720285",2026-01-30T05:37:28.657Z
"Owen Bartlett","6S Development LLC","","","","OBOwen BartlettDevelopment ManagerDallas, Texas","Owner/Developer","https://www.icsc.com/member/profile/861943",2026-01-30T05:37:28.657Z
"Caitlin Barton","Diverse Properties","","","","Caitlin BartonVice President, Property","Owner/Developer","https://www.icsc.com/member/profile/779348",2026-01-30T05:37:28.657Z
"Dale Barton","R&D Associates","","(860) 946-7219","","Dale BartonMemberMiddlebury, Connecticut","Owner/Developer","https://www.icsc.com/member/profile/550293",2026-01-30T05:37:28.657Z
"Glen Bascom","Bascom Realty","","","","GBGlen BascomOwnerCordova, Tennessee","Owner/Developer","https://www.icsc.com/member/profile/848888",2026-01-30T05:37:28.657Z
"Tracy Basore","The Royal Companies","","561-996-8080 ext.251","","Tracy BasoreLeasing agentLabelle, Florida","Owner/Developer","https://www.icsc.com/member/profile/857523",2026-01-30T05:37:28.657Z
"Elesha Bateman","South Coast Commercial","","","","Tenant EngagementAtlanta, Georgia","Owner/Developer","https://www.icsc.com/member/profile/581758",2026-01-30T05:37:28.657Z
"Kenny Bathija","Satya, Inc","","","","Kenny BathijaVice PresidentHouston, Texas","Owner/Developer","https://www.icsc.com/member/profile/733561",2026-01-30T05:37:28.657Z
"Sunny Bathija","Satya, Inc","","(713) 789-4443","","Sunny BathijaPresidentHouston, Texas","Owner/Developer","https://www.icsc.com/member/profile/295653",2026-01-30T05:37:28.657Z
"Troy Bathman","St. Ives Inc.","","4698316441","","TBTroy BathmanPresidentRichardson, Texas","Owner/Developer","https://www.icsc.com/member/profile/103936",2026-01-30T05:37:28.657Z
"Jose Batres-Gonzalez","Insignis Partners","","","","GonzalezBoard MemberGreenville, South","Owner/Developer","https://www.icsc.com/member/profile/850069",2026-01-30T05:37:28.657Z
"Bill Battillo","Vanguard Associates Inc.","","","","BBBill BattilloProperty ManagerOrmond Beach, Florida","Owner/Developer","https://www.icsc.com/member/profile/580299",2026-01-30T05:37:28.657Z
"Sarabeth Bauer","Branch Properties, LLC","","","","LeasingAtlanta, Georgia","Owner/Developer","https://www.icsc.com/member/profile/768446",2026-01-30T05:37:28.657Z
"Jack Baugh","Development Consultants, Inc.","","","","JBJack BaughVice PresidentJacksonville Beach, Florida","Owner/Developer","https://www.icsc.com/member/profile/791020",2026-01-30T05:37:28.657Z
"Margaret Baughan","The Keith Corporation","","","","MBMargaret BaughanProject CoordinatorCharlotte, North","Owner/Developer","https://www.icsc.com/member/profile/781358",2026-01-30T05:37:28.657Z
"Aaron Baum","Baum Family Investments","","2483459618","","Aaron BaumManaging PartnerBoca Raton, Florida","Owner/Developer","https://www.icsc.com/member/profile/587593",2026-01-30T05:37:28.657Z
"Matt Baumann","Crosstown Real Estate Advisors, LLC","","","","Matt BaumannManaging BrokerSkokie, Illinois","Owner/Developer","https://www.icsc.com/member/profile/582882",2026-01-30T05:37:28.657Z
"Jeffrey Baumgarth","The Myers Y. Cooper Company","","","","Jeffrey BaumgarthVice PresidentCincinnati, Ohio","Owner/Developer","https://www.icsc.com/member/profile/133717",2026-01-30T05:37:28.657Z
"Soly Bawabeh","Bawabeh Brothers LLC","","","","Soly BawabehOwnerBrooklyn, New","Owner/Developer","https://www.icsc.com/member/profile/661253",2026-01-30T05:38:58.374Z
"Soly Bawabeh","Bawabeh Holdings","","","","SBSoly BawabehPrincipleBrooklyn, New","Owner/Developer","https://www.icsc.com/member/profile/516934",2026-01-30T05:38:58.374Z
"Navid Bayanfar","KBHB Funding, LLC","","","","NBNavid BayanfarPrincipalLos Angeles, California","Owner/Developer","https://www.icsc.com/member/profile/852125",2026-01-30T05:38:58.374Z
"Troy Bayham","Kagan Realty Investors","","(713) 748-2000","","Troy BayhamVice PresidentHouston, Texas","Owner/Developer","https://www.icsc.com/member/profile/657673",2026-01-30T05:38:58.374Z
"Donna Bayliss","Bayliss Botanicals","","3109632540","","DBDonna BaylissOwnerBiggs, California","Owner/Developer","https://www.icsc.com/member/profile/850380",2026-01-30T05:38:58.374Z
"Julia Baytler","Landmark Companies","","","","JBJulia BaytlerPrincipalAventura, Florida","Owner/Developer","https://www.icsc.com/member/profile/798241",2026-01-30T05:38:58.374Z
"Craig bazarsky","BendinRoad Development","","","","CbCraig bazarskyManagerTampa, Florida","Owner/Developer","https://www.icsc.com/member/profile/836442",2026-01-30T05:38:58.374Z
"Karlo Bazdan","Pursuit Development","","","","Karlo BazdanAcquisitions and DevelopmentAlbany, Georgia","Owner/Developer","https://www.icsc.com/member/profile/775353",2026-01-30T05:38:58.374Z
"Gregg Bazzani","JDA Group","","","","Investment ManagerHoboken, New","Owner/Developer","https://www.icsc.com/member/profile/799424",2026-01-30T05:38:58.374Z
"Robert Beach","Pinnacle Oversight LLC","","","","RBRobert BeachOwnerNew Braunfels, Texas","Owner/Developer","https://www.icsc.com/member/profile/867992",2026-01-30T05:38:58.374Z
"Duffy Beal","OnPoint Development","","","","DBDuffy BealAssociateColumbia, South","Owner/Developer","https://www.icsc.com/member/profile/844348",2026-01-30T05:38:58.374Z
"Logan Beall","Beall Investments","","","","LBLogan BeallVice PresidentColleyville, Texas","Owner/Developer","https://www.icsc.com/member/profile/832454",2026-01-30T05:38:58.374Z
"Robert Beall","Beall Investments","","","","RBRobert BeallCEOCOLLEYVILLE, Texas","Owner/Developer","https://www.icsc.com/member/profile/727236",2026-01-30T05:38:58.374Z
"Scott Beard","Geerald W. Beard Realty, Inc.","","","","SBScott BeardPresidentRialto, California","Owner/Developer","https://www.icsc.com/member/profile/709030",2026-01-30T05:38:58.374Z
"Michael Beattie","Grosvenor","","","","Chief Investment OfficerVancouver, British","Owner/Developer","https://www.icsc.com/member/profile/316416",2026-01-30T05:38:58.374Z
"Bryan Beauchamp","Beauchamp Development Group","","406-544-6696","","BBBryan BeauchampCEOHuson, Montana","Owner/Developer","https://www.icsc.com/member/profile/856330",2026-01-30T05:38:58.374Z
"Mark Becher","Trinitas Ventures","","","","MBMark BecherVice President, Mixed","Owner/Developer","https://www.icsc.com/member/profile/581479",2026-01-30T05:38:58.374Z
"Tom Becker","Becker Properties","","","","Tom BeckerOwnerMedford, Oregon","Owner/Developer","https://www.icsc.com/member/profile/806784",2026-01-30T05:38:58.374Z
"Mike Beckman","CAS Properties LLC","","","","MBMike BeckmanPresidentGlendora, California","Owner/Developer","https://www.icsc.com/member/profile/808049",2026-01-30T05:38:58.374Z
"Trish Beckman LEED APBD+C, CDP, CRRP","ALTA SKY Development","","4155166270","","FounderFairfax, California","Owner/Developer","https://www.icsc.com/member/profile/344379",2026-01-30T05:38:58.374Z
"Leo Beda","Tri State Commercial Realty Inc.","","","","LBLeo BedaRetail leasingNew York, New","Owner/Developer","https://www.icsc.com/member/profile/833012",2026-01-30T05:38:58.374Z
"Jonathan Bedard","Coastal LLC","","","","JBJonathan BedardOwnerColumbia, Maine","Owner/Developer","https://www.icsc.com/member/profile/855936",2026-01-30T05:38:58.374Z
"Andrew Bedford","Swanson Development Group, LLC","","","","Andrew BedfordPrincipalChicago, Illinois","Owner/Developer","https://www.icsc.com/member/profile/743742",2026-01-30T05:38:58.374Z
"Jonathan Bedway","Bedway Development Corp","","7403387233","","OwnerBelmont, Ohio","Owner/Developer","https://www.icsc.com/member/profile/572282",2026-01-30T05:38:58.374Z
"Todd Beech","Regional Group","","","","TBTodd BeechDirector, Leasing","Owner/Developer","https://www.icsc.com/member/profile/746380",2026-01-30T05:40:35.811Z
"Katyann Beerbower","Basis Industrial","","","","Asset ManagementAltamonte Springs, Florida","Owner/Developer","https://www.icsc.com/member/profile/859246",2026-01-30T05:40:35.812Z
"Nouri Beesemer","Related Companies","","","","NBNouri BeesemerSenior Director of Hospitality StrategyWest Palm Beach, Florida","Owner/Developer","https://www.icsc.com/member/profile/805380",2026-01-30T05:40:35.812Z
"Michael Beevers","Sensato Development","","","","Michael BeeversOwnerTemple, Texas","Owner/Developer","https://www.icsc.com/member/profile/689245",2026-01-30T05:40:35.812Z
"Joshua Behar","MG3 Group","","3053310217","","JBJoshua BeharManaging Director, Investments","Owner/Developer","https://www.icsc.com/member/profile/806341",2026-01-30T05:40:35.812Z
"Jacob Behning","AOK Capital, LLC","","","","PrincipalPalo Alto, California","Owner/Developer","https://www.icsc.com/member/profile/821297",2026-01-30T05:40:35.812Z
"Ron Beitzel","Four Seasons Land Company","","","","RBRon BeitzelPresidentColumbus, Ohio","Owner/Developer","https://www.icsc.com/member/profile/853281",2026-01-30T05:40:35.812Z
"Carsten Belanich","Business Property Development LLC","","","","CBCarsten BelanichManaging MemberBothell, Washington","Owner/Developer","https://www.icsc.com/member/profile/812387",2026-01-30T05:40:35.812Z
"Mike Belew","USFP, LLC","","","","MBMike BelewPrincipalKansas City, Missouri","Owner/Developer","https://www.icsc.com/member/profile/790543",2026-01-30T05:40:35.812Z
"Michael Belfonti","Belfonti Companies, LLC","","","","Michael BelfontiPresidentHamden, Connecticut","Owner/Developer","https://www.icsc.com/member/profile/694428",2026-01-30T05:40:35.812Z
"Brian Bell","Harbor Bay Ventures","","","","BBBrian BellCOONorthbrook, Illinois","Owner/Developer","https://www.icsc.com/member/profile/855997",2026-01-30T05:40:35.812Z
"Adam Bell","Core Acquisitions, LLC","","","","ABAdam BellVice President Of DevelopmentDeerfield, Illinois","Owner/Developer","https://www.icsc.com/member/profile/747375",2026-01-30T05:40:35.812Z
"Ernst Bell","Regency Centers","","","","Ernst BellAssociate General CounselJacksonville, Florida","Owner/Developer","https://www.icsc.com/member/profile/480802",2026-01-30T05:40:35.812Z
"Brian Bell","MQ Development Companies","","","","Brian BellManagerFort Worth, Texas","Owner/Developer","https://www.icsc.com/member/profile/294608",2026-01-30T05:40:35.812Z
"Laura Bellantoni","EDENS","","","","Laura BellantoniSenior Leasing RepresentativeWashington, Washington","Owner/Developer","https://www.icsc.com/member/profile/664551",2026-01-30T05:40:35.812Z
"Mary Beller","Artzibushev & Company","","","","MBMary BellerAdministrativeTampa, Florida","Owner/Developer","https://www.icsc.com/member/profile/860413",2026-01-30T05:40:35.812Z
"Jonathan Bellock","First Hartford Realty Corporation","","(713) 255-0280","","Jonathan BellockVice PresidentManchester, Connecticut","Owner/Developer","https://www.icsc.com/member/profile/473610",2026-01-30T05:40:35.812Z
"Michael Belmont","Minto Communities","","","","MBMichael BelmontPresidentTampa, Florida","Owner/Developer","https://www.icsc.com/member/profile/851438",2026-01-30T05:40:35.812Z
"Peter Belsito","Strategic Retail Advisors","","","","PBPeter BelsitoPrincipalFramingham, Massachusetts","Owner/Developer","https://www.icsc.com/member/profile/139256",2026-01-30T05:40:35.812Z
"Thiel Ben Naim","B&B Capital Group","","","","TBThiel Ben NaimDirectorHallandale Beach, Florida","Owner/Developer","https://www.icsc.com/member/profile/799106",2026-01-30T05:40:35.812Z
"Uri Ben-Ezer","Greatmark Group","","","","EzerManaging PartnerMiami, Florida","Owner/Developer","https://www.icsc.com/member/profile/779016",2026-01-30T05:40:35.812Z
"Izak Ben-naim","B&B Capital Group","","","","OwnerHallandale Beach, Florida","Owner/Developer","https://www.icsc.com/member/profile/809117",2026-01-30T05:40:35.812Z
"Jim Benda","Lost Island Real Estate","","3192778000","","Jim BendaBrokerCedar Falls, Iowa","Owner/Developer","https://www.icsc.com/member/profile/309270",2026-01-30T05:40:35.812Z
"Scott Benedict","Falcon Real Estate","","","","Scott BenedictBrokerN Charleston, South","Owner/Developer","https://www.icsc.com/member/profile/723876",2026-01-30T05:40:35.812Z
"Thomas Bengard","Arbor Capital Partners LLC","","","","TBThomas BengardCEONewport Beach, California","Owner/Developer","https://www.icsc.com/member/profile/205066",2026-01-30T05:42:07.480Z
"Brian Bennett","JBS Capital Investments, LLC","","","","Brian BennettPartnerSmyrna, Georgia","Owner/Developer","https://www.icsc.com/member/profile/584577",2026-01-30T05:42:07.480Z
"Claude Bentley","Silver Creek","","","","Claude BentleyPresidentMount Sterling, Kentucky","Owner/Developer","https://www.icsc.com/member/profile/814567",2026-01-30T05:42:07.480Z
"Terry Benton","Strathmore Real Estate Group","","","","TBTerry BentonVice PresidentEast Lansing, Michigan","Owner/Developer","https://www.icsc.com/member/profile/250915",2026-01-30T05:42:07.480Z
"Joanna Berens","Mazel at 195th Street, Inc.","","","","JBJoanna BerensPresidentHollywood, Florida","Owner/Developer","https://www.icsc.com/member/profile/857600",2026-01-30T05:42:07.480Z
"Steve Berezan","Berezan Management","","","","SBSteve BerezanNo TitleLangley, British","Owner/Developer","https://www.icsc.com/member/profile/789195",2026-01-30T05:42:07.480Z
"Michael Berfield","Bridges Development Corporation","","","","MBMichael BerfieldPrincipalArmonk, New","Owner/Developer","https://www.icsc.com/member/profile/487874",2026-01-30T05:42:07.480Z
"Cheryl Berg, CDP, CRRP","Perform Properties","","","","ConstructionChicago, Illinois","Owner/Developer","https://www.icsc.com/member/profile/228087",2026-01-30T05:42:07.480Z
"Caetie Berger","Forge Capital Partners","","","","CBCaetie BergerManaging DirectorTampa, Florida","Owner/Developer","https://www.icsc.com/member/profile/452725",2026-01-30T05:42:07.480Z
"John Bergh","White Box Commercial Property Group","","","","John BerghPresidentMadison, Wisconsin","Owner/Developer","https://www.icsc.com/member/profile/92539",2026-01-30T05:42:07.480Z
"Jamani Bergh","White Box Commercial Property Group","","","","Jamani BerghVice PresidentMadison, Wisconsin","Owner/Developer","https://www.icsc.com/member/profile/813139",2026-01-30T05:42:07.480Z
"Nachum Bergman","Riverside Properties","","","","NBNachum BergmanPrincipalLakewood, New","Owner/Developer","https://www.icsc.com/member/profile/845379",2026-01-30T05:42:07.480Z
"Chris Bergren","Evergreen Devco, Inc","","","","Chris BergrenPrincipalEl Segundo, California","Owner/Developer","https://www.icsc.com/member/profile/337109",2026-01-30T05:42:07.480Z
"Claire Bernard","Jamestown, LP","","","","CBClaire BernardLeasing ManagerAtlanta, Georgia","Owner/Developer","https://www.icsc.com/member/profile/782108",2026-01-30T05:42:07.480Z
"Paul Bernard","California Gold Development Corp","","","","Paul BernardConsultantSan Juan Capistrano, California","Owner/Developer","https://www.icsc.com/member/profile/180136",2026-01-30T05:42:07.480Z
"Braden Bernards","Cole Valley Partners","","5032282100","","Braden BernardsVice PresidentPortland, Oregon","Owner/Developer","https://www.icsc.com/member/profile/730172",2026-01-30T05:42:07.480Z
"Meir Bernath","Rising Development Group Corp.","","","","DevelopmentChicago, Illinois","Owner/Developer","https://www.icsc.com/member/profile/796376",2026-01-30T05:42:07.480Z
"JARED BERNSTEIN","G4 Development Group, LLC","","","","DeveloperRoslyn, New","Owner/Developer","https://www.icsc.com/member/profile/841051",2026-01-30T05:42:07.480Z
"Anthony Berritto","Berritto Realty Holdings LLC","","","","ABAnthony BerrittoCEOHighland Beach, Florida","Owner/Developer","https://www.icsc.com/member/profile/834861",2026-01-30T05:42:07.480Z
"Terrin Bertholf","B&H Companies","","","","Terrin BertholfDeveloper, Fund","Owner/Developer","https://www.icsc.com/member/profile/733026",2026-01-30T05:42:07.480Z
"Ronnie Bertrand","Urban Edge Properties","","3157084116","","Ronnie BertrandDirector, Leasing","Owner/Developer","https://www.icsc.com/member/profile/829682",2026-01-30T05:42:07.480Z
"Lucas Berube","Grosvenor","","(604) 640-3511","","LBLucas BerubeVP, Development","Owner/Developer","https://www.icsc.com/member/profile/588284",2026-01-30T05:42:07.480Z
"Valerie Besthoff","PMG Leasing","","","","PresidentNew Orleans, Louisiana","Owner/Developer","https://www.icsc.com/member/profile/92627",2026-01-30T05:42:07.480Z
"Jacob Betesh","Premier Centers","","(732) 740-5592","","JBJacob BeteshDirector of ManagementDeal, New","Owner/Developer","https://www.icsc.com/member/profile/866113",2026-01-30T05:42:07.480Z
"Joe Betesh","Premier Centers","","","","JBJoe BeteshFounding PrincipalDeal, New","Owner/Developer","https://www.icsc.com/member/profile/823816",2026-01-30T05:43:36.646Z
"Joseph Betesh","Abeco","","","","JBJoseph BeteshVice PresidentBrooklyn, New","Owner/Developer","https://www.icsc.com/member/profile/753082",2026-01-30T05:43:36.646Z
"David Betts","Willow Capital Partners","","","","DBDavid BettsPartnerCharleston, South","Owner/Developer","https://www.icsc.com/member/profile/778408",2026-01-30T05:43:36.646Z
"Brent Beumer","D3 Commercial Realty Group","","","","Corporate CounselChesterfield, Missouri","Owner/Developer","https://www.icsc.com/member/profile/440867",2026-01-30T05:43:36.646Z
"Ethan Beutel","Argan Ventures","","","","EBEthan BeutelManaging PartnerLos Angeles, California","Owner/Developer","https://www.icsc.com/member/profile/861673",2026-01-30T05:43:36.646Z
"Ethan Beutel","LBX Investments LLC","","","","Ethan BeutelVice PresidentStudio City, California","Owner/Developer","https://www.icsc.com/member/profile/719634",2026-01-30T05:43:36.646Z
"Drew Bextermueller","D3 Commercial Realty Group","","","","DBDrew BextermuellerDirector of Real EstateChesterfield, Missouri","Owner/Developer","https://www.icsc.com/member/profile/385185",2026-01-30T05:43:36.646Z
"Imran Bhaidani","Esteem AI Ventures","","","","Imran BhaidaniHead of Project DevelopmentHouston, Texas","Owner/Developer","https://www.icsc.com/member/profile/802454",2026-01-30T05:43:36.646Z
"Nancy Bhasin","The Peterson Companies","","","","NBNancy BhasinMarketing ManagerFairfax, Virginia","Owner/Developer","https://www.icsc.com/member/profile/847193",2026-01-30T05:43:36.646Z
"Ali Bhatti","Encore Development","","","","ABAli BhattiCEOMeridian, Mississippi","Owner/Developer","https://www.icsc.com/member/profile/797025",2026-01-30T05:43:36.646Z
"Reasat Bhuiyan","Stablewood Properties","","","","RBReasat BhuiyanInvestment AssociateHouston, Texas","Owner/Developer","https://www.icsc.com/member/profile/854696",2026-01-30T05:43:36.646Z
"Angela Biciocchi","Anderson Real Estate","","","","ABAngela BiciocchiRetail Leasing ManagerLos Angeles, California","Owner/Developer","https://www.icsc.com/member/profile/790284",2026-01-30T05:43:36.646Z
"Catherine Bickford","EDENS","","","","Catherine BickfordDirector of LeasingWashington, Washington","Owner/Developer","https://www.icsc.com/member/profile/498932",2026-01-30T05:43:36.646Z
"Adam Bickley","Woodhaven Development Group","","","","Adam BickleyPartnerCharlotte, North","Owner/Developer","https://www.icsc.com/member/profile/707112",2026-01-30T05:43:36.646Z
"Karen Biddle","Asana Partners","","","","AnalystCharlotte, North","Owner/Developer","https://www.icsc.com/member/profile/804540",2026-01-30T05:43:36.646Z
"Ellie Biddle","Urstadt Biddle Properties Inc.","","","","LeasingGreenwich, Connecticut","Owner/Developer","https://www.icsc.com/member/profile/660308",2026-01-30T05:43:36.646Z
"Shawn Bidsal","West Coast Investments, Inc.","","","","SBShawn BidsalPresidentEncino, California","Owner/Developer","https://www.icsc.com/member/profile/549574",2026-01-30T05:43:36.646Z
"Bennett Bidwell","Regency Centers","","","","BBBennett BidwellDevelopment AssociateJacksonville, Florida","Owner/Developer","https://www.icsc.com/member/profile/813683",2026-01-30T05:43:36.646Z
"Stuart Biel","Federal Realty","","","","Regional LeasingNorth Bethesda, Maryland","Owner/Developer","https://www.icsc.com/member/profile/344438",2026-01-30T05:43:36.646Z
"Justin Biggs","The Feldman Companies LLC","","","","JBJustin BiggsAcquisitions AssociateMiami, Florida","Owner/Developer","https://www.icsc.com/member/profile/834651",2026-01-30T05:43:36.646Z
"Ankush Bikkasani","Aware Investments","","","","ABAnkush BikkasaniPresidentTampa, Florida","Owner/Developer","https://www.icsc.com/member/profile/851024",2026-01-30T05:43:36.646Z
"Lance Billingsley II","Federal Realty","","4844191212","","Lance Billingsley IISenior Vice President, Anchor","Owner/Developer","https://www.icsc.com/member/profile/122259",2026-01-30T05:43:36.646Z
"Will Bingham CCIM","Bingham Realty, Inc.","","","","WBWill Bingham CCIMPresidentZephyrhills, Florida","Owner/Developer","https://www.icsc.com/member/profile/278963",2026-01-30T05:43:36.646Z
"Parm Binning","Bottom Line Group LLC","","","","PBParm BinningPrincipalClovis, California","Owner/Developer","https://www.icsc.com/member/profile/816373",2026-01-30T05:43:36.646Z
"Daniel Birney","RXR Realty","","","","DBDaniel BirneySVPNew York, New","Owner/Developer","https://www.icsc.com/member/profile/822413",2026-01-30T05:45:06.207Z
"Josh Birns","Urban Edge Properties","","(212) 956-2235","","LeasingMontvale, New","Owner/Developer","https://www.icsc.com/member/profile/522923",2026-01-30T05:45:06.207Z
"Billy Bishop","Regency Centers","","","","Billy BishopInvestment ManagerWestport, Connecticut","Owner/Developer","https://www.icsc.com/member/profile/810706",2026-01-30T05:45:06.207Z
"Taylor Bishop","SEDEVCO","","","","TBTaylor BishopLeasingWest Palm Beach, Florida","Owner/Developer","https://www.icsc.com/member/profile/404608",2026-01-30T05:45:06.207Z
"Lawrence Bisig","Hogan Real Estate","","","","Lawrence BisigBrokerLouisville, Kentucky","Owner/Developer","https://www.icsc.com/member/profile/802490",2026-01-30T05:45:06.207Z
"Chester Bissell","Big V Property Group","","","","Chester BissellTenant CoordinatorCharlotte, North","Owner/Developer","https://www.icsc.com/member/profile/849808",2026-01-30T05:45:06.207Z
"Brad Bisser","Big V Property Group","","(980) 301-3149","","BBBrad BisserVice PresidentCharlotte, North","Owner/Developer","https://www.icsc.com/member/profile/824294",2026-01-30T05:45:06.207Z
"Jennifer Bitterman","Andover Properties","","","","JBJennifer BittermanChief Financial OfficerSyosset, New","Owner/Developer","https://www.icsc.com/member/profile/577920",2026-01-30T05:45:06.207Z
"Thomas Bius","Caliber Investment Corporation","","","","Thomas BiusVice PresidentHuntsville, Texas","Owner/Developer","https://www.icsc.com/member/profile/792318",2026-01-30T05:45:06.207Z
"Ben Bius","Caliber Investment Corporation","","9366613605","","Ben BiusPresidentHuntsville, Texas","Owner/Developer","https://www.icsc.com/member/profile/504811",2026-01-30T05:45:06.207Z
"Michael Bivens","Pedcor Companies","","","","CounselCarmel, Indiana","Owner/Developer","https://www.icsc.com/member/profile/408312",2026-01-30T05:45:06.207Z
"Marcus Bivines","BG Infinity Capital, LLC","","6785903658","","MBMarcus BivinesOwnerOklahoma City, Oklahoma","Owner/Developer","https://www.icsc.com/member/profile/849528",2026-01-30T05:45:06.207Z
"Seth Black","Asana Partners","","","","Seth BlackPartnerCharlotte, North","Owner/Developer","https://www.icsc.com/member/profile/672226",2026-01-30T05:45:06.207Z
"Wade Blackburn","Expansion Building Solutions, LLC","","2143520402","","WBWade BlackburnPrincipalDallas, Texas","Owner/Developer","https://www.icsc.com/member/profile/805896",2026-01-30T05:45:06.207Z
"Jason Blackman","Steiner + Associates, Inc.","","","","JBJason BlackmanVP, Commercial","Owner/Developer","https://www.icsc.com/member/profile/782094",2026-01-30T05:45:06.207Z
"Preston Blair","Alterman Commercial Real Estate","","","","Preston BlairDevelopment PartnerAtlanta, Georgia","Owner/Developer","https://www.icsc.com/member/profile/783177",2026-01-30T05:45:06.207Z
"Todd Blair","Blair Capital, LLC","","(404) 822-7903","","Todd BlairPresidentAtlanta, Georgia","Owner/Developer","https://www.icsc.com/member/profile/593123",2026-01-30T05:45:06.207Z
"William Blais","Maclab Development Group","","","","CEOEdmonton, Alberta","Owner/Developer","https://www.icsc.com/member/profile/795290",2026-01-30T05:45:06.207Z
"Mike Blank","GGP","","","","MBMike BlankVice President DevelopmentChicago, Illinois","Owner/Developer","https://www.icsc.com/member/profile/857604",2026-01-30T05:45:06.207Z
"Jonathan Blank","EDENS","","","","LegalWashington, District","Owner/Developer","https://www.icsc.com/member/profile/420713",2026-01-30T05:45:06.207Z
"Matthew Blass","Dimension Development Partners","","","","MBMatthew BlassDevelopment AssociateAtlanta, Georgia","Owner/Developer","https://www.icsc.com/member/profile/864493",2026-01-30T05:45:06.207Z
"David Blass","Dimension Development Partners","","","","DBDavid BlassManaging MemberAtlanta, Georgia","Owner/Developer","https://www.icsc.com/member/profile/101147",2026-01-30T05:45:06.207Z
"Olivia Blazek","Urban Scene Holdings LLC","","4432826130","","OBOlivia BlazekOperations ManagerBaltimore, Maryland","Owner/Developer","https://www.icsc.com/member/profile/833805",2026-01-30T05:45:06.207Z
"Philip Block","LBX Investments LLC","","","","Philip BlockManaging PartnerStudio City, California","Owner/Developer","https://www.icsc.com/member/profile/390334",2026-01-30T05:45:06.207Z
"Susan Bloodworth","AREY GROUP","","","","Susan BloodworthLeasing DirectorMacon, Georgia","Owner/Developer","https://www.icsc.com/member/profile/792412",2026-01-30T05:46:34.100Z
"Mike Bloomfield","JF HOLDINGS","","","","Mike BloomfieldVICE PRESIDENTDallas, Texas","Owner/Developer","https://www.icsc.com/member/profile/755090",2026-01-30T05:46:34.100Z
"William Blount","GoodwinCo","","","","WBWilliam BlountResearch AnalystRaleigh, North","Owner/Developer","https://www.icsc.com/member/profile/824628",2026-01-30T05:46:34.100Z
"Etan Bluman","Urban Edge Properties","","2015713568","","EBEtan BlumanSVP, Investments","Owner/Developer","https://www.icsc.com/member/profile/813463",2026-01-30T05:46:34.100Z
"Evan Blumenthal","Dorchester Development LLC","","","","EBEvan BlumenthalPrincipalBedford, New","Owner/Developer","https://www.icsc.com/member/profile/858675",2026-01-30T05:46:34.100Z
"Chris Blundell","RealStream Income Properties","","","","Portfolio ManagerComox, British","Owner/Developer","https://www.icsc.com/member/profile/850450",2026-01-30T05:46:34.100Z
"Matt Boarts","The Cafaro Company","","(330) 747-2661","","Matt BoartsLeasing DirectorNiles, Ohio","Owner/Developer","https://www.icsc.com/member/profile/754900",2026-01-30T05:46:34.100Z
"Daniel Bodner","Alvarez & Marsal Property Solutions","","","","DBDaniel BodnerSenior Vice PresidentNew York, New","Owner/Developer","https://www.icsc.com/member/profile/799434",2026-01-30T05:46:34.100Z
"Jeff Boerger","ONE DAYTONA/NASCAR","","","","Jeff BoergerVice President Real EstateDaytona Beach, Florida","Owner/Developer","https://www.icsc.com/member/profile/851204",2026-01-30T05:46:34.100Z
"Albert Bogna Jr","Carnegie Management and Development Corp.","","","","ABAlbert Bogna JrVice President of Real EstateWestlake, Ohio","Owner/Developer","https://www.icsc.com/member/profile/129430",2026-01-30T05:46:34.100Z
"Michael Bohannon","Cotton Ridge Development Co LLC","","","","Michael BohannonManagerSikeston, Missouri","Owner/Developer","https://www.icsc.com/member/profile/666779",2026-01-30T05:46:34.100Z
"Jason Bolling","Guggenheim Retail Real Estate Partners","","","","JBJason BollingDirector of DevelopmentFrisco, Texas","Owner/Developer","https://www.icsc.com/member/profile/817772",2026-01-30T05:46:34.100Z
"Roberto Bolona","Brenner Cox Real Estate Group","","9545365039","","RBRoberto BolonaManaging PartnerPlantation, Florida","Owner/Developer","https://www.icsc.com/member/profile/805797",2026-01-30T05:46:34.100Z
"Mehdi Bolour","Denley Investment & Management","","","","MBMehdi BolourPresidentLos Angeles, California","Owner/Developer","https://www.icsc.com/member/profile/392396",2026-01-30T05:46:34.100Z
"David Bolour","AND Asset Management Inc.","","","","DBDavid BolourPresidentLos Angeles, California","Owner/Developer","https://www.icsc.com/member/profile/392393",2026-01-30T05:46:34.100Z
"Bruce Bolzle","KMO Development Group, Inc.","","(918) 640-7824","","Bruce BolzleCEOTulsa, Oklahoma","Owner/Developer","https://www.icsc.com/member/profile/152289",2026-01-30T05:46:34.100Z
"Michael Bonetto","Brasswater Inc","","(514) 498-4444 Ext.232","","MBMichael BonettoVP, Corporate","Owner/Developer","https://www.icsc.com/member/profile/154321",2026-01-30T05:46:34.100Z
"Eric Bonham","Bonham Development and Construction, LLC","","","","EBEric BonhamPrincipal OwnerMahomet, Illinois","Owner/Developer","https://www.icsc.com/member/profile/854249",2026-01-30T05:46:34.100Z
"Joe Bonifatto","BP Holdings, Inc","","","","JBJoe BonifattoPresidentLas Vegas, Nevada","Owner/Developer","https://www.icsc.com/member/profile/828440",2026-01-30T05:46:34.100Z
"Alfredo Bonilla Carmona","GABO TX DEVELOPMENT LLC","","","","Alfredo Bonilla CarmonaMANAGERMcAllen, Texas","Owner/Developer","https://www.icsc.com/member/profile/821264",2026-01-30T05:46:34.100Z
"Ben Bonner","Magnolia Investment Partners","","","","Ben BonnerManaging PartnerNashville, Tennessee","Owner/Developer","https://www.icsc.com/member/profile/646949",2026-01-30T05:46:34.100Z
"Joseph Bonora","Catalyst Asset Management","","8134236064","","Joseph BonoraPresidentSt Petersburg, Florida","Owner/Developer","https://www.icsc.com/member/profile/812777",2026-01-30T05:46:34.100Z
"Zach Bonsall","Cole Valley Partners","","","","Zach BonsallManaging PartnerPortland, Oregon","Owner/Developer","https://www.icsc.com/member/profile/624551",2026-01-30T05:46:34.100Z
"Steve Bontje","Laebon Developments Ltd.","","(403) 346-7273","","SBSteve BontjeManaging PartnerRed Deer, Alberta","Owner/Developer","https://www.icsc.com/member/profile/726172",2026-01-30T05:46:34.100Z
"David Boone","Virgata Property Company","","18325739391","","DBDavid BoonePartnerFriendswood, Texas","Owner/Developer","https://www.icsc.com/member/profile/657854",2026-01-30T05:48:04.395Z
"Matthew Booth","Booth Capital Partners","","","","MBMatthew BoothCEODallas, Texas","Owner/Developer","https://www.icsc.com/member/profile/341808",2026-01-30T05:48:04.395Z
"Ashlyn Booth, CMD","MetroNational","","7132065364","","SVP ExperienceKaty, Texas","Owner/Developer","https://www.icsc.com/member/profile/217370",2026-01-30T05:48:04.395Z
"John Boots","Expedition Group","","","","JBJohn BootsCEONashville, Tennessee","Owner/Developer","https://www.icsc.com/member/profile/853411",2026-01-30T05:48:04.395Z
"Eli Borek","Petra Development","","","","EBEli BorekChief Development OfficerWashington, Washington","Owner/Developer","https://www.icsc.com/member/profile/789697",2026-01-30T05:48:04.395Z
"Laura Borenstein-Hofman, CSM","Regency Centers","","","","CSMRegional Property ManagerSolana Beach, California","Owner/Developer","https://www.icsc.com/member/profile/578170",2026-01-30T05:48:04.395Z
"Marianne Bornhoft","Bornhoft Commercial","","","","MBMarianne BornhoftVice PresidentSpokane, Washington","Owner/Developer","https://www.icsc.com/member/profile/790233",2026-01-30T05:48:04.395Z
"Peter Borzak","Pine Tree","","","","Chief Executive OfficerOakbrook Terrace, Illinois","Owner/Developer","https://www.icsc.com/member/profile/151316",2026-01-30T05:48:04.395Z
"Steven Boss","Arroyo Seco Development Group","","","","SBSteven BossPresidentSan Marino, California","Owner/Developer","https://www.icsc.com/member/profile/648467",2026-01-30T05:48:04.395Z
"Cory Boss","Lamar Companies","","(973) 285-0660x309","","Vice PresidentFairfield, New","Owner/Developer","https://www.icsc.com/member/profile/144343",2026-01-30T05:48:04.395Z
"Conor Bossy","Pine Tree","","","","Conor BossyChief Investment OfficerOakbrook Terrace, Illinois","Owner/Developer","https://www.icsc.com/member/profile/504171",2026-01-30T05:48:04.395Z
"Larry Botel","JOSS Realty Partners","","","","Larry BotelManaging PartnerNew York, New","Owner/Developer","https://www.icsc.com/member/profile/457358",2026-01-30T05:48:04.395Z
"Michael Botfeld","The Stewart Group LLC","","","","MBMichael BotfeldPrincipalSanta Monica, California","Owner/Developer","https://www.icsc.com/member/profile/829701",2026-01-30T05:48:04.395Z
"Lauren Bottonari","Regency Centers","","","","Lauren BottonariVice President, Market","Owner/Developer","https://www.icsc.com/member/profile/405300",2026-01-30T05:48:04.395Z
"Omar Boudiaf","Boulder Ventures Development","","","","OBOmar BoudiafAcquisition and Development AssociateSalt Lake City, Utah","Owner/Developer","https://www.icsc.com/member/profile/856046",2026-01-30T05:48:04.395Z
"James Boudreau","Larex Properties Inc.","","9024561126","","James BoudreauPartnerHalifax, Nova","Owner/Developer","https://www.icsc.com/member/profile/662026",2026-01-30T05:48:04.395Z
"Matthew Bourassa","Tanger","","","","National OperationsGreensboro, North","Owner/Developer","https://www.icsc.com/member/profile/838581",2026-01-30T05:48:04.395Z
"Joe Bous","Valor GLV","","703 338 8555","","JBJoe BousFounderWashington, Washington","Owner/Developer","https://www.icsc.com/member/profile/790831",2026-01-30T05:48:04.395Z
"John Bowen","31 North Capital Partners","","","","John BowenManaging DirectorTifton, Georgia","Owner/Developer","https://www.icsc.com/member/profile/849410",2026-01-30T05:48:04.395Z
"Dennis Bower","Perform Properties","","","","DBDennis BowerAssistant General CounselPhiladelphia, Pennsylvania","Owner/Developer","https://www.icsc.com/member/profile/722796",2026-01-30T05:48:04.395Z
"Jeryl Bowers","Bison Capital Partners","","2139263800","","JBJeryl BowersManaging MemberLos Angeles, California","Owner/Developer","https://www.icsc.com/member/profile/816583",2026-01-30T05:48:04.395Z
"Almira Bowo","Pacific Bay Ventures","","","","ABAlmira BowoInvestment Analysis and SustainabilitySan Francisco, California","Owner/Developer","https://www.icsc.com/member/profile/862316",2026-01-30T05:48:04.395Z
"Charlie Boyd","DuWest Realty","","","","Charlie BoydSenior AssociateDallas, Texas","Owner/Developer","https://www.icsc.com/member/profile/784491",2026-01-30T05:48:04.395Z
"Cherylyn Boyd","Stonewater Properties","","","","Cherylyn BoydPortfolio ManagerCorpus Christi, Texas","Owner/Developer","https://www.icsc.com/member/profile/755089",2026-01-30T05:48:04.395Z
"Michael Boyd","Boyd Development Corporation","","","","LeasingWinter Garden, Florida","Owner/Developer","https://www.icsc.com/member/profile/580399",2026-01-30T05:49:32.891Z
"Scott Boyd","Boyd Development Corporation","","","","SBScott BoydPresidentWinter Garden, Florida","Owner/Developer","https://www.icsc.com/member/profile/466848",2026-01-30T05:49:32.891Z
"Mira Boyda","Pohl Jensen","","","","Mira BoydaReal Estate AgentAustin, Texas","Owner/Developer","https://www.icsc.com/member/profile/729309",2026-01-30T05:49:32.891Z
"Nick Boyle","Toms Capital LLC","","","","Nick BoyleHead of Real Estate DevelopmentNew York, New","Owner/Developer","https://www.icsc.com/member/profile/670853",2026-01-30T05:49:32.891Z
"Steven Boyle","EDENS","","","","","Owner/Developer","https://www.icsc.com/member/profile/117653",2026-01-30T05:49:32.891Z
"Brandon Boyster","Pine Tree","","","","BBBrandon BoysterEVP Property OperationsOakbrook Terrace, Illinois","Owner/Developer","https://www.icsc.com/member/profile/869737",2026-01-30T05:49:32.891Z
"Jennie Braasch","Pohl Jensen","","","","JBJennie BraaschAgentAustin, Texas","Owner/Developer","https://www.icsc.com/member/profile/295005",2026-01-30T05:49:32.891Z
"Meg Bracken","Regency Centers","","3059403879","","MBMeg BrackenParalegalBoca Raton, Florida","Owner/Developer","https://www.icsc.com/member/profile/854334",2026-01-30T05:49:32.891Z
"Stuart Brackenridge","First National Realty Partners","","","","Stuart BrackenridgeVice President, Acquisitions","Owner/Developer","https://www.icsc.com/member/profile/314340",2026-01-30T05:49:32.891Z
"JIm Brackett","Showcase Properties, Inc","","","","JIm BrackettPresidentTulsa, Oklahoma","Owner/Developer","https://www.icsc.com/member/profile/809300",2026-01-30T05:49:32.891Z
"Tripp Bradley","Cason Development Group","","","","TBTripp BradleyDeveloperColumbia, South","Owner/Developer","https://www.icsc.com/member/profile/827091",2026-01-30T05:49:32.891Z
"Laura Bradley","Qualico Properties","","","","Laura BradleyDirector, Leasing","Owner/Developer","https://www.icsc.com/member/profile/803419",2026-01-30T05:49:32.891Z
"Rita Bragg","Capital Automotive Real Estate Services","","","","RBRita BraggVice President of AcquisitionsMcLean, Virginia","Owner/Developer","https://www.icsc.com/member/profile/870215",2026-01-30T05:49:32.891Z
"Charles Bragitikos","Vibrant Development Group LLC","","","","CBCharles BragitikosPresidentPhiladelphia, Pennsylvania","Owner/Developer","https://www.icsc.com/member/profile/154144",2026-01-30T05:49:32.891Z
"Chris Braham","Catalyst Commercial","","(972) 999-0081","","CBChris BrahamConsultantDallas, Texas","Owner/Developer","https://www.icsc.com/member/profile/823700",2026-01-30T05:49:32.891Z
"Jim Braithwaite","Allis Holdings LLC.","","","","JBJim BraithwaiteOwnerKitty Hawk, North","Owner/Developer","https://www.icsc.com/member/profile/796296",2026-01-30T05:49:32.891Z
"David Braka","Aetna Realty","","","","DBDavid BrakaVice PresidentNew York, New","Owner/Developer","https://www.icsc.com/member/profile/185039",2026-01-30T05:49:32.891Z
"Michael Brame","Green Eyed Ventures, LLC","","","","MBMichael BramePartnerRaleigh, North","Owner/Developer","https://www.icsc.com/member/profile/307313",2026-01-30T05:49:32.891Z
"Philip Bramsen","San Tan Commercial Advisors LLC","","","","PrincipalChandler, Arizona","Owner/Developer","https://www.icsc.com/member/profile/239132",2026-01-30T05:49:32.891Z
"Jeffrey Branch CCIM, CRX","Columbus Capital, LLC","","","","CRXCEOAgoura Hills, California","Owner/Developer","https://www.icsc.com/member/profile/128176",2026-01-30T05:49:32.891Z
"Jeff Brand","Brand Partners","","","","Jeff BrandManaging PartnerDallas, Texas","Owner/Developer","https://www.icsc.com/member/profile/123958",2026-01-30T05:49:32.891Z
"Keith Brandt","ICP","","","","KBKeith BrandtExecutive Vice PresidentWilloughby Hills, Ohio","Owner/Developer","https://www.icsc.com/member/profile/159261",2026-01-30T05:49:32.891Z
"Kate Brandy","Brandicorp LLC","","5138272471","","KBKate BrandyLeasing and Development SpecialistBellevue, Kentucky","Owner/Developer","https://www.icsc.com/member/profile/828174",2026-01-30T05:49:32.891Z
"Christian Brannelly","Chestnut Realty Management, LLC","","","","CBChristian BrannellyManaging DirectorBoston, Massachusetts","Owner/Developer","https://www.icsc.com/member/profile/831485",2026-01-30T05:49:32.891Z
"Jordan Brant, CLS","Alexander & Baldwin","","","","CLSLeasing, Senior","Owner/Developer","https://www.icsc.com/member/profile/376409",2026-01-30T05:51:00.023Z
"Ben Braunstein","Realty Resource Capital Corp.","","","","Ben BraunsteinPresidentWoodbury, New","Owner/Developer","https://www.icsc.com/member/profile/587042",2026-01-30T05:51:00.023Z
"Jarrod Bray","SSG Commercial","","","","PresidentTampa, Florida","Owner/Developer","https://www.icsc.com/member/profile/740926",2026-01-30T05:51:00.023Z
"Chris Breda","The Myers Y. Cooper Company","","513-248-8350","","Chris BredaDevelopment ManagerCincinnati, Ohio","Owner/Developer","https://www.icsc.com/member/profile/795819",2026-01-30T05:51:00.023Z
"Florin Breeden","The Peterson Companies","","","","FBFlorin BreedenAssistant Property ManagerGaithersburg, Maryland","Owner/Developer","https://www.icsc.com/member/profile/867140",2026-01-30T05:51:00.023Z
"Steven Breeden","Security Development","","","","Security Development CorporationEllicott City, Maryland","Owner/Developer","https://www.icsc.com/member/profile/516708",2026-01-30T05:51:00.023Z
"Brad Breeland","Breeland Development","","5026645606","","BBBrad BreelandPresidentLouisville, Kentucky","Owner/Developer","https://www.icsc.com/member/profile/831280",2026-01-30T05:51:00.023Z
"Brad Breitling","Tanger","","","","Director Of LeasingGreensboro, North","Owner/Developer","https://www.icsc.com/member/profile/423864",2026-01-30T05:51:00.023Z
"Katherine Breland","Oldacre McDonald, LLC","","","","KBKatherine BrelandDeveloperNashville, Tennessee","Owner/Developer","https://www.icsc.com/member/profile/645744",2026-01-30T05:51:00.023Z
"Catherine Brennan","Crow Holdings Capital","","","","CBCatherine BrennanDirectorDallas, Texas","Owner/Developer","https://www.icsc.com/member/profile/773275",2026-01-30T05:51:00.023Z
"Joshua Bresciani","The Winchester Group (TWG)","","","","JBJoshua BrescianiDirectorRegina, Saskatchewan","Owner/Developer","https://www.icsc.com/member/profile/869392",2026-01-30T05:51:00.023Z
"Dan Breslin","Diamond Equity Investments","","","","Dan BreslinPresidentChicago, Illinois","Owner/Developer","https://www.icsc.com/member/profile/804299",2026-01-30T05:51:00.023Z
"Liza Bresson","Franklin Penn Real Estate (FPRE)","","7176763811","","OwnerArdmore, Pennsylvania","Owner/Developer","https://www.icsc.com/member/profile/834540",2026-01-30T05:51:00.023Z
"Trey Brewer","The Genecov Group","","","","Trey BrewerVice President of Real EstateTyler, Texas","Owner/Developer","https://www.icsc.com/member/profile/688210",2026-01-30T05:51:00.023Z
"Ron Brill","IMC Equity Group","","","","RBRon BrillDirectorNorth Miami, Florida","Owner/Developer","https://www.icsc.com/member/profile/177541",2026-01-30T05:51:00.023Z
"Karl Brinkman","Regency Centers","","","","Retail LeasingJacksonville, Florida","Owner/Developer","https://www.icsc.com/member/profile/278156",2026-01-30T05:51:00.023Z
"John Brinzey","Diversified Investing Group","","","","JBJohn BrinzeyAquistition ManagerCharlotte, North","Owner/Developer","https://www.icsc.com/member/profile/853142",2026-01-30T05:51:00.023Z
"Adam Brister","Culbertson Contractors","","6018351266","","Adam BristerProject ManagerBrookhaven, Mississippi","Owner/Developer","https://www.icsc.com/member/profile/775127",2026-01-30T05:51:00.023Z
"Robert Britt","Dumont Properties","","8327998868","","RBRobert BrittPresidentThe Woodlands, Texas","Owner/Developer","https://www.icsc.com/member/profile/832944",2026-01-30T05:51:00.023Z
"William Brock","The St. Joe Company","","","","Commercial Real EstatePanama City Beach, Florida","Owner/Developer","https://www.icsc.com/member/profile/834118",2026-01-30T05:51:00.023Z
"James Brock CCIM","Twin Rivers Capital, LLC","","8439738286","","James Brock CCIMVice President, Development","Owner/Developer","https://www.icsc.com/member/profile/662162",2026-01-30T05:51:00.023Z
"Justin Brockman","Brockman Group","","(303) 993-9803","","JBJustin BrockmanFounderDenver, Colorado","Owner/Developer","https://www.icsc.com/member/profile/558879",2026-01-30T05:51:00.023Z
"David Brody","Terroir / Brody Associates","","","","DBDavid BrodydeveloperRaleigh, North","Owner/Developer","https://www.icsc.com/member/profile/215384",2026-01-30T05:51:00.023Z
"Andrew Broeren","Sentinel Net Lease","","","","ABAndrew BroerenCOOSanta Barbara, California","Owner/Developer","https://www.icsc.com/member/profile/772912",2026-01-30T05:51:00.023Z
"PAUL BRONSTEIN","CalBay Development, LLC","","5059808008","","PBPAUL BRONSTEINAffiliatePHOENIX, Arizona","Owner/Developer","https://www.icsc.com/member/profile/673353",2026-01-30T05:52:29.099Z
"Brad Brooks","Sidford Capital LLC","","","","BBBrad BrooksPrincipalDenver, Colorado","Owner/Developer","https://www.icsc.com/member/profile/807642",2026-01-30T05:52:29.099Z
"Jim Brooks","BH Properties, LLC","","","","JBJim BrooksPresidentLos Angeles, California","Owner/Developer","https://www.icsc.com/member/profile/790046",2026-01-30T05:52:29.099Z
"Larry Brooks","4th Dimension Properties","","","","Real EstateHollywood, Florida","Owner/Developer","https://www.icsc.com/member/profile/751180",2026-01-30T05:52:29.099Z
"Brett Brophy","Tanger","","","","BBBrett BrophyDirectorMorris Plains, New","Owner/Developer","https://www.icsc.com/member/profile/868908",2026-01-30T05:52:29.099Z
"Connor Brotherton","Landmark Industries, LLC","","","","CBConnor BrothertonPrincipalSugar Land, Texas","Owner/Developer","https://www.icsc.com/member/profile/868817",2026-01-30T05:52:29.099Z
"Jeff Brown","NorthStar Development Corp.","","6043532021","","JBJeff BrownEVPVancouver, British","Owner/Developer","https://www.icsc.com/member/profile/869269",2026-01-30T05:52:29.099Z
"Kyle Brown","Buttry & Brown Development","","","","KBKyle BrownBusiness DevelopmentPlano, Texas","Owner/Developer","https://www.icsc.com/member/profile/843153",2026-01-30T05:52:29.099Z
"David Brown","Millrace Development, LLC","","","","Development AssociateWest Columbia, South","Owner/Developer","https://www.icsc.com/member/profile/838442",2026-01-30T05:52:29.099Z
"Todd Brown","OPMI","","","","TBTodd BrownAgentStapleton, Alabama","Owner/Developer","https://www.icsc.com/member/profile/827064",2026-01-30T05:52:29.099Z
"Murray Brown","Fairway Investments","","","","Marketing CoordinatorBirmingham, Alabama","Owner/Developer","https://www.icsc.com/member/profile/825123",2026-01-30T05:52:29.099Z
"Martha Brown","Prudent Growth Partners, LLC","","","","MBMartha BrownSr Leasing AdministratorChapel Hill, North","Owner/Developer","https://www.icsc.com/member/profile/758839",2026-01-30T05:52:29.099Z
"Hunty Brown","Federal Realty","","","","AcquisitionsNorth Bethesda, Maryland","Owner/Developer","https://www.icsc.com/member/profile/698298",2026-01-30T05:52:29.099Z
"Stephen Brown","Buttry & Brown Development","","","","Stephen BrownPrincipalPlano, Texas","Owner/Developer","https://www.icsc.com/member/profile/642697",2026-01-30T05:52:29.099Z
"Jason Brown","Schaad Brown Real Estate","","","","JBJason BrownOwnerKnoxville, Tennessee","Owner/Developer","https://www.icsc.com/member/profile/571743",2026-01-30T05:52:29.099Z
"Eric Brown","LBA Realty","","","","EBEric BrownPrincipalIrvine, California","Owner/Developer","https://www.icsc.com/member/profile/570178",2026-01-30T05:52:29.099Z
"Ron Brown","Character Oaks Real Estate, Inc.","","(352) 245-7101","","DeveloperSummerfield, Florida","Owner/Developer","https://www.icsc.com/member/profile/554949",2026-01-30T05:52:29.099Z
"Jeff Brown","BlackRock Inc","","","","JBJeff BrownDirectorNewport Beach, California","Owner/Developer","https://www.icsc.com/member/profile/496236",2026-01-30T05:52:29.099Z
"Joseph Brown","Hyatt Commercial","","","","Joseph BrownPresidentAnnapolis, Maryland","Owner/Developer","https://www.icsc.com/member/profile/241779",2026-01-30T05:52:29.099Z
"Terry Brown","Asana Partners","","","","Terry BrownManaging PartnerAtlanta, Georgia","Owner/Developer","https://www.icsc.com/member/profile/218859",2026-01-30T05:52:29.099Z
"Robert Brown Jr","Robert Brown & Associates, LLC","","","","","Owner/Developer","https://www.icsc.com/member/profile/201243",2026-01-30T05:52:29.099Z
"Bradford Brown CCIM","Robert Brown & Associates, LLC","","","","","Owner/Developer","https://www.icsc.com/member/profile/168310",2026-01-30T05:52:29.099Z
"John Brownlee","Brownlee Waggoner Holdings, LLC","","","","JBJohn BrownleePrincipalDallas, Texas","Owner/Developer","https://www.icsc.com/member/profile/858195",2026-01-30T05:52:29.099Z
"Bo Brownlee","Brownlee Waggoner Holdings, LLC","","","","BBBo BrownleePrincipalDallas, Texas","Owner/Developer","https://www.icsc.com/member/profile/300481",2026-01-30T05:52:29.099Z
"Heather Bruce","Regency Centers","","","","HBHeather BruceSenior Marketing Project and Tradeshow CoordinatorJacksonville, Florida","Owner/Developer","https://www.icsc.com/member/profile/767510",2026-01-30T05:53:55.227Z
"Anthony Bruno","Development Services Corporation","","","","Anthony BrunoPresidentElmhurst, Illinois","Owner/Developer","https://www.icsc.com/member/profile/618747",2026-01-30T05:53:55.227Z
"Felix Bruselovsky","New Horizon Properties","","","","FBFelix BruselovskyCEOEnglishtown, New","Owner/Developer","https://www.icsc.com/member/profile/691014",2026-01-30T05:53:55.227Z
"Beau Bryant","KPG Realty","","985-893-8492","","BBBeau BryantBrokerCovington, Louisiana","Owner/Developer","https://www.icsc.com/member/profile/807572",2026-01-30T05:53:55.227Z
"Alex Bryant","Street Realty","","(817) 469-4868","","FounderFort Worth, Texas","Owner/Developer","https://www.icsc.com/member/profile/560147",2026-01-30T05:53:55.227Z
"Deane Bryson","Bearing Point Properties","","","","DBDeane BrysonPrincipalBaton Rouge, Louisiana","Owner/Developer","https://www.icsc.com/member/profile/816834",2026-01-30T05:53:55.227Z
"Haig Buchakjian","Harken Company","","(201) 317-8619","","Haig BuchakjianPrincipalFranklin Lakes, New","Owner/Developer","https://www.icsc.com/member/profile/343251",2026-01-30T05:53:55.227Z
"Todd Buchanan","Interstate Commercial Real Estate Services","","","","TBTodd BuchananBrokerBristol, Virginia","Owner/Developer","https://www.icsc.com/member/profile/854201",2026-01-30T05:53:55.227Z
"Brandon Buchanan","Buchanan Realty Group","","","","BBBrandon BuchananPrincipalJackson, Tennessee","Owner/Developer","https://www.icsc.com/member/profile/577546",2026-01-30T05:53:55.227Z
"Samuel Buchholz","Capstone Real Estate Group, Inc.","","(917) 495-4472","","SBSamuel BuchholzHead of AcquisitionsFranklin, Tennessee","Owner/Developer","https://www.icsc.com/member/profile/597178",2026-01-30T05:53:55.227Z
"Stacey Buckley","Streetside Retail","","","","Stacey BuckleyManaging PartnerSeminole, Florida","Owner/Developer","https://www.icsc.com/member/profile/688627",2026-01-30T05:53:55.227Z
"Ryan Buckley","Streetside Retail","","","","RBRyan BuckleyPresidentIndian Shores, Florida","Owner/Developer","https://www.icsc.com/member/profile/349570",2026-01-30T05:53:55.227Z
"Matthew Buehler","Kitson & Partners","","","","Retail CommercialPalm Beach Gardens, Florida","Owner/Developer","https://www.icsc.com/member/profile/567552",2026-01-30T05:53:55.227Z
"Larry Buehner","B2B Sales","","2098923593","","LBLarry BuehnerPresidentPatterson, California","Owner/Developer","https://www.icsc.com/member/profile/851547",2026-01-30T05:53:55.227Z
"David Buist","VPG","","8037924348","","DBDavid BuistFounderFort Mill, South","Owner/Developer","https://www.icsc.com/member/profile/851261",2026-01-30T05:53:55.227Z
"Ryan Bull","Land Reserve","","","","Ryan BullAsset ManagerSalt Lake City, Utah","Owner/Developer","https://www.icsc.com/member/profile/804332",2026-01-30T05:53:55.227Z
"William Bullock","Minto Communities","","2398961401","","William BullockPresidentMarco Island, Florida","Owner/Developer","https://www.icsc.com/member/profile/600501",2026-01-30T05:53:55.227Z
"Michael Bunt","Par Three Properties, LLC","","","","MBMichael BuntCFOArtesia, New","Owner/Developer","https://www.icsc.com/member/profile/808007",2026-01-30T05:53:55.227Z
"Michael Burak","Grosvenor","","","","MBMichael BurakVice President, Development","Owner/Developer","https://www.icsc.com/member/profile/587991",2026-01-30T05:53:55.227Z
"Mark Burger","Pacific Development Partners","","","","Mark BurgerManaging MemberLos Angeles, California","Owner/Developer","https://www.icsc.com/member/profile/109589",2026-01-30T05:53:55.227Z
"Ryan Burgess","PMB Capital Investments","","","","RBRyan BurgessVice PresidentDallas, Texas","Owner/Developer","https://www.icsc.com/member/profile/784327",2026-01-30T05:53:55.227Z
"Nathalie Burke","Branch Properties, LLC","","","","Nathalie BurkeAsset ManagerAtlanta, Georgia","Owner/Developer","https://www.icsc.com/member/profile/829796",2026-01-30T05:53:55.227Z
"Jim Burke","Burke Properties, Ltd.","","","","JBJim BurkePrincipalSan Antonio, Texas","Owner/Developer","https://www.icsc.com/member/profile/405420",2026-01-30T05:53:55.227Z
"Kelli Burley","Bedrock Detroit","","","","Kelli BurleySenior Leader, Leasing","Owner/Developer","https://www.icsc.com/member/profile/709557",2026-01-30T05:53:55.227Z
"Ian Burns","Torburn Partners","","","","IBIan BurnsAcquisitions InternWinnetka, Illinois","Owner/Developer","https://www.icsc.com/member/profile/848872",2026-01-30T05:55:33.381Z
"Karter Burns","Arizona Partners","","","","Karter BurnsProperty ManagerScottsdale, Arizona","Owner/Developer","https://www.icsc.com/member/profile/828388",2026-01-30T05:55:33.381Z
"Mark Burns","Arizona Partners","","","","MBMark BurnsPresidentScottsdale, Arizona","Owner/Developer","https://www.icsc.com/member/profile/108500",2026-01-30T05:55:33.381Z
"Jay Burstein","Bursco Group","","","","JBJay BursteinPresidentBrampton, Ontario","Owner/Developer","https://www.icsc.com/member/profile/713408",2026-01-30T05:55:33.381Z
"Spencer Burton","Stablewood Properties","","","","Spencer BurtonPresidentHouston, Texas","Owner/Developer","https://www.icsc.com/member/profile/812552",2026-01-30T05:55:33.381Z
"Chloe Burton","Bedrock Detroit","","3212720778","","Chloe BurtonRetail Leasing AssociateDetroit, Michigan","Owner/Developer","https://www.icsc.com/member/profile/741957",2026-01-30T05:55:33.381Z
"Reegan Busby","Pacific Elm Properties","","3106993070","","LeasingDallas, Texas","Owner/Developer","https://www.icsc.com/member/profile/869257",2026-01-30T05:55:33.381Z
"Esther Buschau","The Cafaro Company","","","","Esther BuschauManagement ConsultantNiles, Ohio","Owner/Developer","https://www.icsc.com/member/profile/226220",2026-01-30T05:55:33.381Z
"Paul Busching","BASK Development, Inc.","","","","PBPaul BuschingPartnerSchaumburg, Illinois","Owner/Developer","https://www.icsc.com/member/profile/857407",2026-01-30T05:55:33.381Z
"Ed Bushor","WTL DEVELOPMENT","","","","Ed BushorPrincipalHonolulu, Hawaii","Owner/Developer","https://www.icsc.com/member/profile/833386",2026-01-30T05:55:33.381Z
"Rachel Butiu","Mason Asset Management, Inc.","","","","Rachel ButiuSenior Regional DirectorGreat Neck, New","Owner/Developer","https://www.icsc.com/member/profile/764340",2026-01-30T05:55:33.381Z
"Deborah Butler","Butler Enterprises","","","","Deborah ButlerPresidentGainesville, Florida","Owner/Developer","https://www.icsc.com/member/profile/99797",2026-01-30T05:55:33.381Z
"Tamsyn Butler","Saglo Companies","","","","Tamsyn ButlerLeasing AssociateMiami, Florida","Owner/Developer","https://www.icsc.com/member/profile/818545",2026-01-30T05:55:33.381Z
"Holly Buxton","Cason Development Group","","","","HBHolly BuxtonDevelopment AssociateColumbia, South","Owner/Developer","https://www.icsc.com/member/profile/838548",2026-01-30T05:55:33.381Z
"Daniel Bybee","Smallwood Property Group","","","","DBDaniel BybeeDirectorCharleston, South","Owner/Developer","https://www.icsc.com/member/profile/832342",2026-01-30T05:55:33.381Z
"Ryan Byler, CRRP","Perform Properties","","","","Property ManagementPhiladelphia, Pennsylvania","Owner/Developer","https://www.icsc.com/member/profile/487961",2026-01-30T05:55:33.381Z
"Kevin Byrd","Metropolitan Realty Associates LLC","","","","KBKevin ByrdSenior Vice PresidentNew York, New","Owner/Developer","https://www.icsc.com/member/profile/868503",2026-01-30T05:55:33.381Z
"Brooks Byrd","Hunt Real Estate","","","","BBBrooks ByrdVice PresidentTampa, Florida","Owner/Developer","https://www.icsc.com/member/profile/546612",2026-01-30T05:55:33.381Z
"Seamus Byrne","Big V Property Group","","7048169325","","SBSeamus ByrneLeasing DirectorCharlotte, North","Owner/Developer","https://www.icsc.com/member/profile/727074",2026-01-30T05:55:33.381Z
"Joe Byrnes","Federal Realty","","","","Joe ByrnesVice President of LeasingNorth Bethesda, Maryland","Owner/Developer","https://www.icsc.com/member/profile/202390",2026-01-30T05:55:33.381Z
"Daniel Byron","3D Investments","","","","DBDaniel ByronDirector of Asset ManagementLos Angeles, California","Owner/Developer","https://www.icsc.com/member/profile/854738",2026-01-30T05:55:33.381Z
"James Byszewski","Fifth Street Properties","","","","JBJames ByszewskiManaging PartnerBethlehem, Pennsylvania","Owner/Developer","https://www.icsc.com/member/profile/848955",2026-01-30T05:55:33.381Z
"Eric Caballero","HCP Downey LLC","","","","ECEric CaballeroManagerThousand Oaks, California","Owner/Developer","https://www.icsc.com/member/profile/830123",2026-01-30T05:55:33.381Z
"Al Cabraloff","Spectrum Properties, Inc.","","(626) 578-1580","","ACAl CabraloffPrincipalPasadena, California","Owner/Developer","https://www.icsc.com/member/profile/309132",2026-01-30T05:55:33.381Z
"Stacey Cachat","Tricor International Corporation","","","","SCStacey CachatDirector of LeasingWinter Park, Florida","Owner/Developer","https://www.icsc.com/member/profile/604929",2026-01-30T05:57:01.679Z
"Rick Cadwell","The Cadwell Group","","(360) 865-1818","","Rick CadwellManaging MemberSilverdale, Washington","Owner/Developer","https://www.icsc.com/member/profile/621487",2026-01-30T05:57:01.679Z
"James Cafaro","The Cafaro Company","","","","James CafaroLeasing DirectorNiles, Ohio","Owner/Developer","https://www.icsc.com/member/profile/734108",2026-01-30T05:57:01.679Z
"Anthony Cafaro Jr","The Cafaro Company","","","","PresidentNiles, Ohio","Owner/Developer","https://www.icsc.com/member/profile/178780",2026-01-30T05:57:01.679Z
"William Cafaro","The Cafaro Company","","(330) 743-2661","","PresidentNiles, Ohio","Owner/Developer","https://www.icsc.com/member/profile/146921",2026-01-30T05:57:01.679Z
"Neil Cain","Federal Realty","","","","Tenant CoordinationWynnewood, Pennsylvania","Owner/Developer","https://www.icsc.com/member/profile/783800",2026-01-30T05:57:01.679Z
"Chase Cal","Musgrave Agencies","","7808759159","","Chase CalRealtorLloydminster, Alberta","Owner/Developer","https://www.icsc.com/member/profile/847345",2026-01-30T05:57:01.679Z
"Mark Calabro","Weichert Development Company","","9082290931","","MCMark CalabroVice PresidentMorris Plains, New","Owner/Developer","https://www.icsc.com/member/profile/838078",2026-01-30T05:57:01.679Z
"William Caldwell AIA","EDENS","","","","WCWilliam Caldwell AIAChief Development OfficerWashington, Washington","Owner/Developer","https://www.icsc.com/member/profile/423677",2026-01-30T05:57:01.679Z
"Haley Calisher","Hurley Development","","","","Haley CalisherDirector of Portfolio ManagementVancouver, Washington","Owner/Developer","https://www.icsc.com/member/profile/789059",2026-01-30T05:57:01.679Z
"Bryan Calkin","Summit Properties USA","","","","Bryan CalkinSenior Vice President of Specialty LeasingNew York, New","Owner/Developer","https://www.icsc.com/member/profile/350466",2026-01-30T05:57:01.679Z
"Bob Callahan","Callahan Property Group Ltd.","","","","BCBob CallahanVice PresidentKelowna, British","Owner/Developer","https://www.icsc.com/member/profile/639877",2026-01-30T05:57:01.679Z
"Bruce Callahan","Callahan Property Group Ltd.","","","","BCBruce CallahanPresidentKelowna, British","Owner/Developer","https://www.icsc.com/member/profile/139124",2026-01-30T05:57:01.679Z
"Jon Callegari","Steerpoint Capital","","","","Jon CallegariManaging DirectorNew York, New","Owner/Developer","https://www.icsc.com/member/profile/784034",2026-01-30T05:57:01.679Z
"Leonard Calvo","CEI","","","","LCLeonard CalvoPresidentHagatna, Hagatna","Owner/Developer","https://www.icsc.com/member/profile/785055",2026-01-30T05:57:01.679Z
"Nicholas Cambo","Alliance Companies","","3053315955","","NCNicholas CamboDirector of MarketingCoconut Grove, Florida","Owner/Developer","https://www.icsc.com/member/profile/776369",2026-01-30T05:57:01.679Z
"Dominic Cameratta","Cameratta Companies","","","","OwnerEstero, Florida","Owner/Developer","https://www.icsc.com/member/profile/857806",2026-01-30T05:57:01.679Z
"Nicholas Cameratta","Cameratta Companies","","","","NCNicholas CamerattaOwnerEstero, Florida","Owner/Developer","https://www.icsc.com/member/profile/857805",2026-01-30T05:57:01.679Z
"Ashley Camlin","Rini Realty Company","","","","Property ManagerWestlake, Ohio","Owner/Developer","https://www.icsc.com/member/profile/866573",2026-01-30T05:57:01.679Z
"Taylor Camp","Carmichael Capital","","","","Managing PartnerNashville, Tennessee","Owner/Developer","https://www.icsc.com/member/profile/870324",2026-01-30T05:57:01.679Z
"Timothy Campbell","JVP Management","","2149301879","","The MixNew York, New","Owner/Developer","https://www.icsc.com/member/profile/856609",2026-01-30T05:57:01.679Z
"Regina Campbell","Tanger","","","","RCRegina CampbellSVP, Integrated","Owner/Developer","https://www.icsc.com/member/profile/827459",2026-01-30T05:57:01.679Z
"Tim Campbell","JVP Management","","","","TCTim CampbellHead of JVP DallasEdgewood, Texas","Owner/Developer","https://www.icsc.com/member/profile/809120",2026-01-30T05:57:01.679Z
"Lee Campbell","Tanger","","","","LCLee CampbellPC Tech Support SpecialistGreensboro, North","Owner/Developer","https://www.icsc.com/member/profile/804618",2026-01-30T05:57:01.679Z
"THOMAS CAMPBELL","THOROBIRD COMPANIES LLC","","9176744044","","TCTHOMAS CAMPBELLMANAGING MEMBERNEW YORK, New","Owner/Developer","https://www.icsc.com/member/profile/779711",2026-01-30T05:58:33.859Z
"Chris Campbell","Lamar Companies","","","","CCChris CampbellDirector of LeasingPhoenix, Arizona","Owner/Developer","https://www.icsc.com/member/profile/229971",2026-01-30T05:58:33.859Z
"Jorge Canavati","ATX Capital","","","","JCJorge CanavatiManaging PrincipalAustin, Texas","Owner/Developer","https://www.icsc.com/member/profile/855964",2026-01-30T05:58:33.859Z
"Olivia Canestrari","First National Realty Partners","","","","OCOlivia CanestrariSenior Acquisitions AssociateRed Bank, New","Owner/Developer","https://www.icsc.com/member/profile/861779",2026-01-30T05:58:33.859Z
"Melanie Cann","The Cafaro Company","","(330) 747-5053","","Melanie CannChief Operating OfficerNiles, Ohio","Owner/Developer","https://www.icsc.com/member/profile/637836",2026-01-30T05:58:33.859Z
"David Cannon","Larry H. Miller Real Estate","","","","DCDavid CannonPresident of Commercial Real EstateSouth Jordan, Utah","Owner/Developer","https://www.icsc.com/member/profile/855855",2026-01-30T05:58:33.859Z
"Brandon Cannon","Revo Development, LLC","","3016062794","","Brandon CannonPresidentFrederick, Maryland","Owner/Developer","https://www.icsc.com/member/profile/782186",2026-01-30T05:58:33.859Z
"Phillip Carameros","Gordon Partners","","","","Development AssociateHouston, Texas","Owner/Developer","https://www.icsc.com/member/profile/687502",2026-01-30T05:58:33.859Z
"Gregory Carbone","EDENS","","","","Gregory CarboneVice President, Investments","Owner/Developer","https://www.icsc.com/member/profile/384514",2026-01-30T05:58:33.859Z
"Brent Card","GC Legacy Capital","","","","Brent CardOwner, Dir","Owner/Developer","https://www.icsc.com/member/profile/820503",2026-01-30T05:58:33.859Z
"John Carl III","The Rainier Companies","","","","John Carl IIIChief Investment OfficerDallas, Texas","Owner/Developer","https://www.icsc.com/member/profile/404023",2026-01-30T05:58:33.859Z
"Andrew Carlin","Gazit Horizons, Inc.","","","","ACAndrew CarlinAcquisitions AssociateNorth Miami Beach, Florida","Owner/Developer","https://www.icsc.com/member/profile/844103",2026-01-30T05:58:33.859Z
"Annashea Carlisle","Corporex","","","","ACAnnashea CarlisleLeasing SpecialistCovington, Kentucky","Owner/Developer","https://www.icsc.com/member/profile/864783",2026-01-30T05:58:33.859Z
"David Carlsen","Talcott Properties LLC","","5093894161","","DCDavid CarlsenProject Development ManagerGreat Falls, Montana","Owner/Developer","https://www.icsc.com/member/profile/700343",2026-01-30T05:58:33.859Z
"Tyler Carlson","Evergreen Devco, Inc","","","","TCTyler CarlsonCEODenver, Colorado","Owner/Developer","https://www.icsc.com/member/profile/779057",2026-01-30T05:58:33.859Z
"Chris Carnazzo","Loka Properties","","","","Chris CarnazzoDirector of Asset ManagementOakland, California","Owner/Developer","https://www.icsc.com/member/profile/556820",2026-01-30T05:58:33.859Z
"Gregory Carney","CrossCore Investment Group","","","","GCGregory CarneyManaging PrincipalWashington, District","Owner/Developer","https://www.icsc.com/member/profile/763220",2026-01-30T05:58:33.859Z
"Noble Carpenter","Wafra, Inc.","","2125157650","","NCNoble CarpenterManaging DirectorNew York, New","Owner/Developer","https://www.icsc.com/member/profile/853077",2026-01-30T05:58:33.859Z
"Richard Carpenter","Glenridge Development, LLC","","7704100888","","RCRichard CarpenterBookkeeping AssistantMountain Park, Georgia","Owner/Developer","https://www.icsc.com/member/profile/838639",2026-01-30T05:58:33.859Z
"Scott Carr","Sheriff Management, LLC","","","","DeveloperConcord, North","Owner/Developer","https://www.icsc.com/member/profile/579457",2026-01-30T05:58:33.859Z
"Robert Carranco","Laredo Lomas Properties, LTD","","","","RCRobert CarrancoDeveloperLaredo, Texas","Owner/Developer","https://www.icsc.com/member/profile/784928",2026-01-30T05:58:33.859Z
"Andrew Carranco","Laredo Lomas Properties, LTD","","","","Andrew CarrancoProject ManagerLaredo, Texas","Owner/Developer","https://www.icsc.com/member/profile/784927",2026-01-30T05:58:33.859Z
"Luis Carreras","Doramar Plaza","","","","LCLuis CarrerasOwnerSan Juan, Puerto","Owner/Developer","https://www.icsc.com/member/profile/420112",2026-01-30T05:58:33.859Z
"Steven Carrico, CLS","LDC Properties","","","","CLSDirector of Real EstateSt Louis, Missouri","Owner/Developer","https://www.icsc.com/member/profile/646811",2026-01-30T05:58:33.859Z
"Jeff Carrière","Capital Apeiron","","","","CEOMascouche, Quebec","Owner/Developer","https://www.icsc.com/member/profile/839889",2026-01-30T06:00:01.827Z
"Adam Carrillo","Partake Collective","","","","Adam CarrilloCEOIrvine, California","Owner/Developer","https://www.icsc.com/member/profile/807620",2026-01-30T06:00:01.827Z
"Kirk Carson","Southwest Value Partners","","","","KCKirk CarsonGeneral CounselSan Diego, California","Owner/Developer","https://www.icsc.com/member/profile/861645",2026-01-30T06:00:01.827Z
"Casey Carstens","Carstens Realty","","6503490431","","CCCasey CarstensVice PresidentSan Mateo, California","Owner/Developer","https://www.icsc.com/member/profile/836472",2026-01-30T06:00:01.827Z
"Michael Carter","Atapco Properties","","","","MCMichael CarterDirector of AcquisitionsCharlotte, North","Owner/Developer","https://www.icsc.com/member/profile/826013",2026-01-30T06:00:01.827Z
"Jeff Carter","Landmark Properties, Inc.","","","","Jeff CarterVP of Retail Asset ManagementAthens, Georgia","Owner/Developer","https://www.icsc.com/member/profile/671385",2026-01-30T06:00:01.827Z
"John Carter","Minto Communities","","","","John CarterSenior Vice PresidentWestlake, Florida","Owner/Developer","https://www.icsc.com/member/profile/641822",2026-01-30T06:00:01.827Z
"Lataraini Carter Busch, CRRP","Perform Properties","","","","CRRPSenior Regional Property ManagerAtlanta, Georgia","Owner/Developer","https://www.icsc.com/member/profile/716342",2026-01-30T06:00:01.827Z
"Kirby Cartwright","G3 Development","","","","KCKirby CartwrightAdministrative ManagerMount Dora, Florida","Owner/Developer","https://www.icsc.com/member/profile/835861",2026-01-30T06:00:01.827Z
"Nate Carty","507 Investment Group, LLC","","","","NCNate CartyPartnerMedford, Minnesota","Owner/Developer","https://www.icsc.com/member/profile/848847",2026-01-30T06:00:01.827Z
"Barry Carty","Federal Realty","","","","BCBarry CartySenior Vice President, East","Owner/Developer","https://www.icsc.com/member/profile/178973",2026-01-30T06:00:01.827Z
"Jimmy Caruso","PMC","","","","JCJimmy CarusoEVPOrlando, Florida","Owner/Developer","https://www.icsc.com/member/profile/860423",2026-01-30T06:00:01.827Z
"Scott Carver CPA","Tanger","","","","Scott Carver CPAVP of Portfolio OptimizationAmbler, Pennsylvania","Owner/Developer","https://www.icsc.com/member/profile/665369",2026-01-30T06:00:01.827Z
"James Case","ForrPlaces Development","","","","Commercial DevelopmentAlpharetta, Georgia","Owner/Developer","https://www.icsc.com/member/profile/841050",2026-01-30T06:00:01.827Z
"Ryan Case","Case International Company","","","","Ryan CaseInvestment AssociateColorado Springs, Colorado","Owner/Developer","https://www.icsc.com/member/profile/824962",2026-01-30T06:00:01.827Z
"Randy Case II JD","Case International Company","","","","General CounselColorado Springs, Colorado","Owner/Developer","https://www.icsc.com/member/profile/652217",2026-01-30T06:00:01.827Z
"William Casey","Pinnacle Realty Services","","","","William CaseyGeneral ManagerWyoming, Michigan","Owner/Developer","https://www.icsc.com/member/profile/344565",2026-01-30T06:00:01.827Z
"Vincent Casiero","Diamond Communications","","","","VCVincent CasieroSVP DevelopemntSpringfield, New","Owner/Developer","https://www.icsc.com/member/profile/864273",2026-01-30T06:00:01.827Z
"Frank Cason","Cason Development Group","","","","Frank CasonPresidentColumbia, South","Owner/Developer","https://www.icsc.com/member/profile/636698",2026-01-30T06:00:01.827Z
"Matt Cason","Concept Companies","","","","Matt CasonPresidentGAINESVILLE, Florida","Owner/Developer","https://www.icsc.com/member/profile/498353",2026-01-30T06:00:01.827Z
"Antonio Cassisi","The Greystone Group","","","","ACAntonio CassisiOwnerCranston, Rhode","Owner/Developer","https://www.icsc.com/member/profile/638359",2026-01-30T06:00:01.827Z
"Greg Castiel","Leyad","","","","Quebec, Canada","Owner/Developer","https://www.icsc.com/member/profile/816039",2026-01-30T06:00:01.827Z
"Maydelin Castillo CRE","M&M Investment, Inc.","","","","Miami, Florida","Owner/Developer","https://www.icsc.com/member/profile/632366",2026-01-30T06:00:01.827Z
"Richard Cataffa","Federal Realty","","3019988225","","Richard CataffaSenior Director, Design","Owner/Developer","https://www.icsc.com/member/profile/618308",2026-01-30T06:00:01.827Z
"jeno cataldo","JC Capital Corp","","","","PresidentMilwaukee, Wisconsin","Owner/Developer","https://www.icsc.com/member/profile/808944",2026-01-30T06:01:31.223Z
"Tanner Catt","Catt Development","","","","OperationsGaylord, Michigan","Owner/Developer","https://www.icsc.com/member/profile/746918",2026-01-30T06:01:31.223Z
"Sam Catton","Cohen Commerical Properties","","","","SCSam CattonDirector Of AcquisitionsBrooklyn, New","Owner/Developer","https://www.icsc.com/member/profile/506538",2026-01-30T06:01:31.223Z
"Cathy Cauthen","EDENS","","","","LegalColumbia, South","Owner/Developer","https://www.icsc.com/member/profile/324628",2026-01-30T06:01:31.223Z
"Vincent Cave","Belterra Partners","","","","VCVincent CaveDevelopment ManagerBirmingham, Alabama","Owner/Developer","https://www.icsc.com/member/profile/823882",2026-01-30T06:01:31.223Z
"Yoann Cavitte","IIDE","","","","YCYoann CavittePresidentsaint hubert, Quebec","Owner/Developer","https://www.icsc.com/member/profile/652103",2026-01-30T06:01:31.223Z
"Stanley Cayre","Aurora Capital Associates","","(212) 789-7000","","SCStanley CayreDirector of Property ManagementNew York City, New","Owner/Developer","https://www.icsc.com/member/profile/335932",2026-01-30T06:01:31.223Z
"Robert Cayre","Aurora Capital Associates","","","","RCRobert CayreCEONew York, New","Owner/Developer","https://www.icsc.com/member/profile/269385",2026-01-30T06:01:31.223Z
"Michael Cebula","Kaplan Companies","","","","Michael CebulaVice PresidentHighland Park, New","Owner/Developer","https://www.icsc.com/member/profile/759341",2026-01-30T06:01:31.223Z
"Steven Cecil","Lamar Advertising","","","","Growth Development ManagerThornton, Colorado","Owner/Developer","https://www.icsc.com/member/profile/827611",2026-01-30T06:01:31.223Z
"Kevin Cedik","The Forbes Company","","","","Kevin CedikGeneral ManagerOviedo, Florida","Owner/Developer","https://www.icsc.com/member/profile/277425",2026-01-30T06:01:31.223Z
"Greg Cervenka","FMOC LTD","","","","GCGreg CervenkaOwnerAustin, Texas","Owner/Developer","https://www.icsc.com/member/profile/317504",2026-01-30T06:01:31.223Z
"Daniel Chaberman","Grupo-Eco","","","","Daniel ChabermanDeveloperHallandale Beach, Florida","Owner/Developer","https://www.icsc.com/member/profile/698012",2026-01-30T06:01:31.223Z
"Phillip Chadis","Six Pines Realty, LLC","","","","PCPhillip ChadisVice PresidentThe Woodlands, Texas","Owner/Developer","https://www.icsc.com/member/profile/791381",2026-01-30T06:01:31.223Z
"John Chan","Path Equities","","","","JCJohn ChanPrincipalPalisades Park, New","Owner/Developer","https://www.icsc.com/member/profile/863945",2026-01-30T06:01:31.223Z
"Aaron Chan","Loka Properties","","","","ACAaron ChanVice PresidentOakland, California","Owner/Developer","https://www.icsc.com/member/profile/783019",2026-01-30T06:01:31.223Z
"Rick Chancellor","Cardiff Development Partners","","","","Rick ChancellorManaging PartnerWestlake Village, California","Owner/Developer","https://www.icsc.com/member/profile/113269",2026-01-30T06:01:31.223Z
"Prateek Chandak","The Focus Properties, Inc.","","","","PCPrateek ChandakPresidentRaleigh, North","Owner/Developer","https://www.icsc.com/member/profile/829227",2026-01-30T06:01:31.223Z
"Gurvinder Singh Chandi","Chandi Group USA, Inc.","","","","Real Estate DevelopmentIndio, California","Owner/Developer","https://www.icsc.com/member/profile/817130",2026-01-30T06:01:31.223Z
"Nachhattar Chandi","Chandi Group USA, Inc.","","","","NCNachhattar ChandiPresidentINDIO, California","Owner/Developer","https://www.icsc.com/member/profile/342937",2026-01-30T06:01:31.223Z
"IV Chandler","The Villages Operating Company","","","","ICIV ChandlerEVPMiddleton, Florida","Owner/Developer","https://www.icsc.com/member/profile/865998",2026-01-30T06:01:31.223Z
"David Chang","Perris Iris Property, LLC","","","","DCDavid ChangMemberFullerton, California","Owner/Developer","https://www.icsc.com/member/profile/790182",2026-01-30T06:01:31.223Z
"Ethan Charon","PlazaCorp Realty Advisors, Inc.","","","","ECEthan CharonLeasingKalamazoo, Michigan","Owner/Developer","https://www.icsc.com/member/profile/852637",2026-01-30T06:01:31.223Z
"Patrick Charriou","Sage Investco","","(949) 954-6100","","Patrick CharriouManagerNewport Beach, California","Owner/Developer","https://www.icsc.com/member/profile/508564",2026-01-30T06:01:31.223Z
"Scott Chase","The Gilbert Group, Inc. Real Estate","","","","Property ManagerColumbus, Ohio","Owner/Developer","https://www.icsc.com/member/profile/849118",2026-01-30T06:02:57.149Z
"Ryan Chase","S&A Management","","","","RCRyan ChaseManaging PartnerCosta Mesa, California","Owner/Developer","https://www.icsc.com/member/profile/542905",2026-01-30T06:02:57.149Z
"Nash Chasi","SMC Development LLC","","9033661249","","NCNash ChasiPresidentDallas, Texas","Owner/Developer","https://www.icsc.com/member/profile/823488",2026-01-30T06:02:57.149Z
"Michael Chastain","Lewis Group of Companies","","9099496750","","MCMichael ChastainSenior Director Retail LeasingUpland, California","Owner/Developer","https://www.icsc.com/member/profile/332673",2026-01-30T06:02:57.149Z
"Shahbaz Chaudhary","Baaz Retail Investments LLC","","","","SCShahbaz ChaudharyOwnerParker, Texas","Owner/Developer","https://www.icsc.com/member/profile/836765",2026-01-30T06:02:57.149Z
"David Chavez","Base 5 Retail Partners","","","","David ChavezQualifying BrokerAlbuquerque, New","Owner/Developer","https://www.icsc.com/member/profile/365256",2026-01-30T06:02:57.149Z
"Julien Cheaib","Groupe Society Inc.","","","","President, Legal","Owner/Developer","https://www.icsc.com/member/profile/793765",2026-01-30T06:02:57.149Z
"Ramsey Chehayeb","CHC Investments LLC","","","","RCRamsey ChehayebVice PresidentHouston, Texas","Owner/Developer","https://www.icsc.com/member/profile/784372",2026-01-30T06:02:57.149Z
"Eric Chekal","Schuck-Chapman Companies","","","","ECEric ChekalVice PresidentLittleton, Colorado","Owner/Developer","https://www.icsc.com/member/profile/169040",2026-01-30T06:02:57.149Z
"Tracy Chelepis","Chelepis & Associates","","9132690590","","TCTracy ChelepisCEOOverland Park, Kansas","Owner/Developer","https://www.icsc.com/member/profile/808537",2026-01-30T06:02:57.149Z
"Hue Chen","Saglo Companies","","","","Hue ChenPresidentFort Lauderdale, Florida","Owner/Developer","https://www.icsc.com/member/profile/243999",2026-01-30T06:02:57.149Z
"Dany Chenail","Snap Capital real estate group","","","","DCDany ChenailCEOTampa, Florida","Owner/Developer","https://www.icsc.com/member/profile/829741",2026-01-30T06:02:57.149Z
"Yunida Cheng","Winreal Operating Co. LP","","(310) 727-9589","","YCYunida ChengDirector of Real EstateLos Angeles, California","Owner/Developer","https://www.icsc.com/member/profile/709182",2026-01-30T06:02:57.149Z
"Jonathan Cheng","Tourmaline Capital","","","","Jonathan ChengPresidentSan Diego, California","Owner/Developer","https://www.icsc.com/member/profile/542907",2026-01-30T06:02:57.149Z
"Michael Cherner","Cherner Development Group","","2022513942","","Asset ManagementArlington, Virginia","Owner/Developer","https://www.icsc.com/member/profile/855078",2026-01-30T06:02:57.149Z
"Zeke Chernoff","Lamar Companies","","","","ZCZeke ChernoffDirector of leasingEnglewood, New","Owner/Developer","https://www.icsc.com/member/profile/851244",2026-01-30T06:02:57.149Z
"Greg Cherry","Fairway Investments","","","","InvestmentsBirmingham, Alabama","Owner/Developer","https://www.icsc.com/member/profile/339491",2026-01-30T06:02:57.149Z
"Arvind Reddy Cheruku","Janapriya US Properties Inc","","","","Arvind Reddy CherukuCIOKaty, Texas","Owner/Developer","https://www.icsc.com/member/profile/711600",2026-01-30T06:02:57.149Z
"Wallace Cheves","Insignis Partners","","","","WCWallace ChevesBoard MemberGreenville, South","Owner/Developer","https://www.icsc.com/member/profile/850068",2026-01-30T06:02:57.149Z
"Christine Chhay","Tannos Development Group, LLC","","","","CCChristine ChhayChief Financial OfficerFriendswood, Texas","Owner/Developer","https://www.icsc.com/member/profile/832617",2026-01-30T06:02:57.149Z
"Marlene Chia","Concord Adex","","","","MCMarlene ChiaAssistant Manager, Marketing","Owner/Developer","https://www.icsc.com/member/profile/860297",2026-01-30T06:02:57.149Z
"Stacie Chiba-Miguel, CMD","Alexander & Baldwin","","(808) 742-9545","","CMDRegional ManagerKoloa, Hawaii","Owner/Developer","https://www.icsc.com/member/profile/558846",2026-01-30T06:02:57.149Z
"Kenneth Chin","Terranado Realty Partners","","","","KCKenneth ChinPrincipalNewport Beach, California","Owner/Developer","https://www.icsc.com/member/profile/772513",2026-01-30T06:02:57.149Z
"Tran Chinery","Alexander & Baldwin","","","","Tran ChineryVice President, Marketing","Owner/Developer","https://www.icsc.com/member/profile/671351",2026-01-30T06:02:57.149Z
"Michael Choi","MS Equities","","","","Michael ChoiPrincipalMadison, New","Owner/Developer","https://www.icsc.com/member/profile/594698",2026-01-30T06:04:27.961Z
"Sheena Chopra","Rhino Investments Group","","7022026573","","SCSheena ChopraCEOHenderson, Nevada","Owner/Developer","https://www.icsc.com/member/profile/856607",2026-01-30T06:04:27.961Z
"Scott Chosed","TerraBloom LLC","","917-553-0122","","SCScott ChosedPresidentNew York, New","Owner/Developer","https://www.icsc.com/member/profile/820119",2026-01-30T06:04:27.961Z
"Md Tauhid Choudhury","Aspen Square Homes","","","","MCMd Tauhid ChoudhuryCEODallas, Texas","Owner/Developer","https://www.icsc.com/member/profile/798945",2026-01-30T06:04:27.961Z
"Tom Christianson","Christianson Companies","","","","TCTom ChristiansonDevelopmentFargo, North","Owner/Developer","https://www.icsc.com/member/profile/820661",2026-01-30T06:04:27.961Z
"JD Christie","Drake Development, LLC","","(913) 662-2630","","JCJD ChristieVice PresidentOverland Park, Kansas","Owner/Developer","https://www.icsc.com/member/profile/476376",2026-01-30T06:04:27.961Z
"David Christie","Christie Development Associates,LLC","","","","DCDavid ChristiePresidentOverland Park, Kansas","Owner/Developer","https://www.icsc.com/member/profile/158879",2026-01-30T06:04:27.961Z
"Robert Christoph Jr","Bridgeport Landing Development","","","","Robert Christoph JrExecutive Vice PresidentBridgeport, Connecticut","Owner/Developer","https://www.icsc.com/member/profile/455213",2026-01-30T06:04:27.961Z
"Brett Christopoulos","Carmel Partners","","","","RetailSan Francisco, California","Owner/Developer","https://www.icsc.com/member/profile/356210",2026-01-30T06:04:27.961Z
"Joanne Chua","Grosvenor","","","","JCJoanne ChuaAsset ManagerVancouver, British","Owner/Developer","https://www.icsc.com/member/profile/648105",2026-01-30T06:04:27.961Z
"Walter Chui","Prado Group","","","","WCWalter ChuiVice President Asset ManagementDublin, California","Owner/Developer","https://www.icsc.com/member/profile/851100",2026-01-30T06:04:27.961Z
"Kevin Chumlea","Continental Properties Co., Inc.","","","","KCKevin ChumleaCorporate CounselMenomonee Falls, Wisconsin","Owner/Developer","https://www.icsc.com/member/profile/243548",2026-01-30T06:04:27.961Z
"Clayton Chun","Alexander & Baldwin","","","","CFO and TreasurerHonolulu, Hawaii","Owner/Developer","https://www.icsc.com/member/profile/807104",2026-01-30T06:04:27.961Z
"James Chung","Turbo Holdings Inc","","","","JCJames ChungCEOSayreville, New","Owner/Developer","https://www.icsc.com/member/profile/857676",2026-01-30T06:04:27.961Z
"Donny Churchman","Nack Development","","9723303819","","DCDonny ChurchmanCEOFrisco, Texas","Owner/Developer","https://www.icsc.com/member/profile/708160",2026-01-30T06:04:27.961Z
"David Cieminis","Ramp Charging","","6162401519","","DCDavid CieminisChief Commercial OfficerCosta Mesa, California","Owner/Developer","https://www.icsc.com/member/profile/851760",2026-01-30T06:04:27.961Z
"Joel Ciment","GCRE Advisors, LLC","","","","JCJoel CimentOwnerGreat Neck, New","Owner/Developer","https://www.icsc.com/member/profile/787814",2026-01-30T06:04:27.961Z
"Dennis Cisterna","Sentinel Net Lease","","6197438215","","Dennis CisternaChief Investment OfficerLas Vegas, Nevada","Owner/Developer","https://www.icsc.com/member/profile/765140",2026-01-30T06:04:27.961Z
"Santosh Cividi","Majestic Developers","","","","CEOSugar Land, Texas","Owner/Developer","https://www.icsc.com/member/profile/858140",2026-01-30T06:04:27.961Z
"Daniel Claitor","Plucky, LLC","","","","Daniel ClaitorManaging PartnerBATON ROUGE, Louisiana","Owner/Developer","https://www.icsc.com/member/profile/798423",2026-01-30T06:04:27.961Z
"Stan Clampitt","Buchanan Realty Group","","","","Stan ClampittExecutive BrokerJackson, Tennessee","Owner/Developer","https://www.icsc.com/member/profile/788636",2026-01-30T06:04:27.961Z
"Rebecca Clareman","Urban Edge Properties","","","","RCRebecca ClaremanVP, Associate","Owner/Developer","https://www.icsc.com/member/profile/855954",2026-01-30T06:04:27.961Z
"Michelle Clark","Greenleaf Capital","","8134053675","","MCMichelle ClarkOffice CoordinatorTampa, Florida","Owner/Developer","https://www.icsc.com/member/profile/850546",2026-01-30T06:04:27.961Z
"Jacob Clark","Long View Equity","","","","JCJacob ClarkSenior Investment AssociateAustin, Texas","Owner/Developer","https://www.icsc.com/member/profile/846588",2026-01-30T06:04:27.961Z
"Brian Clark","Excaliber Development LLC","","","","BCBrian ClarkDevelopment CoordinatorConyers, Georgia","Owner/Developer","https://www.icsc.com/member/profile/684242",2026-01-30T06:05:58.644Z
"Brandon Clark","Build Partners","","2564578560","","Brandon ClarkManaging PartnerTuscaloosa, Alabama","Owner/Developer","https://www.icsc.com/member/profile/526659",2026-01-30T06:05:58.644Z
"Houston Clark","HBC Interests","","","","Houston ClarkOwnerWichita Falls, Texas","Owner/Developer","https://www.icsc.com/member/profile/493538",2026-01-30T06:05:58.644Z
"Catherine Clark","Bedrock Detroit","","2483181203","","Catherine ClarkChief Investment OfficerDetroit, Michigan","Owner/Developer","https://www.icsc.com/member/profile/193534",2026-01-30T06:05:58.644Z
"Maxine Clark","Delmar DivINE","","","","MCMaxine ClarkFounderSaint Louis, Missouri","Owner/Developer","https://www.icsc.com/member/profile/175981",2026-01-30T06:05:58.644Z
"Sean Clarke","ARC, Inc.","","","","SCSean ClarkeVice PresidentConcord, Massachusetts","Owner/Developer","https://www.icsc.com/member/profile/790882",2026-01-30T06:05:58.644Z
"Marshall Clarke","Warren Norman Company","","(803) 207-2345","","MCMarshall ClarkeDirector Asset ManagementRock Hill, South","Owner/Developer","https://www.icsc.com/member/profile/729990",2026-01-30T06:05:58.644Z
"Will Claunch","Strategic Retail Advisors","","","","WCWill ClaunchAssociateJupiter, Florida","Owner/Developer","https://www.icsc.com/member/profile/602477",2026-01-30T06:05:58.644Z
"Michael Cleeman","Cleeman Realty Group","","","","PresidentHallandale Beach, Florida","Owner/Developer","https://www.icsc.com/member/profile/284811",2026-01-30T06:05:58.644Z
"Madeline Clement","Manulife Investment Management","","","","MCMadeline ClementDirector, Asset","Owner/Developer","https://www.icsc.com/member/profile/813112",2026-01-30T06:05:58.644Z
"Matt Clement","Jenkins Capital","","","","Petersburg, Florida","Owner/Developer","https://www.icsc.com/member/profile/793032",2026-01-30T06:05:58.644Z
"Glenn Clements","Morris Strategic Investments, LLC","","","","GCGlenn ClementsPresidentHouston, Texas","Owner/Developer","https://www.icsc.com/member/profile/862840",2026-01-30T06:05:58.644Z
"Bill Clements","The Retail Companies","","","","Bill ClementsPartnerBirmingham, Alabama","Owner/Developer","https://www.icsc.com/member/profile/297120",2026-01-30T06:05:58.644Z
"Garret Clifford","Okland Capital","","","","GCGarret CliffordPartnerMesa, Arizona","Owner/Developer","https://www.icsc.com/member/profile/821565",2026-01-30T06:05:58.644Z
"Austin Clinkscales","Ladera Properties","","","","Austin ClinkscalesPrincipalDallas, Texas","Owner/Developer","https://www.icsc.com/member/profile/595638",2026-01-30T06:05:58.644Z
"Jayson Clunie","Signature Developments Corp.","","306-961-6096","","JCJayson CluniePartnerPrince Albert, Saskatchewan","Owner/Developer","https://www.icsc.com/member/profile/781248",2026-01-30T06:05:58.644Z
"Andy Cmiel","GHS Development","","","","ManagementLittle Canada, Minnesota","Owner/Developer","https://www.icsc.com/member/profile/854852",2026-01-30T06:05:58.644Z
"Jordan Cobb","Chartwell Real Estate Development","","8582135286","","JCJordan CobbDirector of AcquisitionsIrvine, California","Owner/Developer","https://www.icsc.com/member/profile/852312",2026-01-30T06:05:58.644Z
"Kelly Cocca","Cocca Development, Ltd","","","","Kelly CoccaDirector of OperationsBoardman, Ohio","Owner/Developer","https://www.icsc.com/member/profile/568991",2026-01-30T06:05:58.644Z
"Anthony Cocca Jr","Cocca Development, Ltd","","","","Anthony Cocca JrVice PresidentYoungstown, Ohio","Owner/Developer","https://www.icsc.com/member/profile/564303",2026-01-30T06:05:58.644Z
"Anthony Cocca","Cocca Development, Ltd","","","","Anthony CoccaPresidentYoungstown, Ohio","Owner/Developer","https://www.icsc.com/member/profile/265584",2026-01-30T06:05:58.644Z
"Tony Cochran","Team Delta3, LLC","","","","Tony CochranOwnerALBERTVILLE, Alabama","Owner/Developer","https://www.icsc.com/member/profile/780534",2026-01-30T06:05:58.644Z
"Ryan Cockman","FORE CRE Group","","","","RCRyan CockmanFounderSt Petersburg, Florida","Owner/Developer","https://www.icsc.com/member/profile/857658",2026-01-30T06:05:58.644Z
"Ana-Marie Codina Barlick","Codina Partners","","3055291309","","Marie Codina BarlickCEOCoral Gables, Florida","Owner/Developer","https://www.icsc.com/member/profile/830239",2026-01-30T06:05:58.644Z
"Buck Cody","Endeavor Real Estate Group","","","","Buck CodyManaging PrincipalAustin, Texas","Owner/Developer","https://www.icsc.com/member/profile/395070",2026-01-30T06:07:32.443Z
"Jonathan Coe","Mount Oak Capital","","","","JCJonathan CoeManaging PartnerSan Antonio, Texas","Owner/Developer","https://www.icsc.com/member/profile/755909",2026-01-30T06:07:32.443Z
"Michael Coene","Mireco Holdings, LLC","","(716) 864-4558","","MCMichael CoeneOwnerHamburg, New","Owner/Developer","https://www.icsc.com/member/profile/227789",2026-01-30T06:07:32.443Z
"John Cofer","All Points Development","","","","JCJohn CoferProject ManagerSignal Mountain, Tennessee","Owner/Developer","https://www.icsc.com/member/profile/742826",2026-01-30T06:07:32.443Z
"Tom Cofer","All Points Development","","","","Tom CoferOwnerSignal Mountain, Tennessee","Owner/Developer","https://www.icsc.com/member/profile/505936",2026-01-30T06:07:32.443Z
"Ronald Coffman","Centerstone Development LLC","","","","RCRonald CoffmanDevelopment ManagerSpringboro, Ohio","Owner/Developer","https://www.icsc.com/member/profile/783184",2026-01-30T06:07:32.443Z
"Kendall Cogan","Vantage Development","","","","KCKendall CoganCommercial Real Estate DeveloperLouisville, Kentucky","Owner/Developer","https://www.icsc.com/member/profile/814822",2026-01-30T06:07:32.443Z
"John Cogan","Summit Realty Advisors","","","","John CoganProject ManagerAmbler, Pennsylvania","Owner/Developer","https://www.icsc.com/member/profile/708230",2026-01-30T06:07:32.443Z
"David Cohen","Everview Capital Partners (HK) Limited","","","","DCDavid CohenManaging DirectorMaplewood, New","Owner/Developer","https://www.icsc.com/member/profile/865704",2026-01-30T06:07:32.443Z
"Daniel Cohen","PrivCap Development","","","","DCDaniel CohenCEOBoca Raton, Florida","Owner/Developer","https://www.icsc.com/member/profile/649442",2026-01-30T06:07:32.443Z
"Steven Cohen","Franklin Development Funds","","","","SCSteven CohenPresidentWarwick, Rhode","Owner/Developer","https://www.icsc.com/member/profile/265378",2026-01-30T06:07:32.443Z
"Andrew Cohen","Cohen Commerical Properties","","3477491705","","Andrew CohenChief Executive OfficerNew York, New","Owner/Developer","https://www.icsc.com/member/profile/124941",2026-01-30T06:07:32.443Z
"Loren Coia","Barclay Group","","","","Loren CoiaDirector LeasingTampa, Florida","Owner/Developer","https://www.icsc.com/member/profile/618126",2026-01-30T06:07:32.443Z
"Tina Colacino","U.S. Realty Partners, Inc.","","","","TCTina ColacinoPrincipalWestlake Village, California","Owner/Developer","https://www.icsc.com/member/profile/364324",2026-01-30T06:07:32.443Z
"Harrison Colby","UDR, Inc","","","","HCHarrison ColbyRetail Portfolio ManagerHighlands Ranch, Colorado","Owner/Developer","https://www.icsc.com/member/profile/855844",2026-01-30T06:07:32.443Z
"Tim Coldwell","Enska Advisors Ltd.","","","","CEOOakville, Ontario","Owner/Developer","https://www.icsc.com/member/profile/846889",2026-01-30T06:07:32.443Z
"Bryan Cole","Motus Development","","","","PrincipalWyomissing, Pennsylvania","Owner/Developer","https://www.icsc.com/member/profile/743970",2026-01-30T06:07:32.443Z
"Lee Cole","Co-Co Properties LLC","","","","LCLee ColeOwnerWichita, Kansas","Owner/Developer","https://www.icsc.com/member/profile/297293",2026-01-30T06:07:32.443Z
"Stuart Coleman","Highland Resources, LLC","","","","SCStuart ColemanVP, Development","Owner/Developer","https://www.icsc.com/member/profile/866926",2026-01-30T06:07:32.443Z
"Chace Coleman","Federal Realty","","(617) 684-1517","","Chace ColemanSenior Leasing AssociateSomerville, Massachusetts","Owner/Developer","https://www.icsc.com/member/profile/651872",2026-01-30T06:07:32.443Z
"James Coley","South Coast Commercial","","","","AcquisitionsHILTON HEAD ISLAND, South","Owner/Developer","https://www.icsc.com/member/profile/609389",2026-01-30T06:07:32.443Z
"Adrian Collazo PE","Plaza Juana Diaz, LLC","","","","SAN JUAN, Puerto","Owner/Developer","https://www.icsc.com/member/profile/133372",2026-01-30T06:07:32.443Z
"Will Collins","Cypress Properties","","","","Director of Real EstateLittle Rock, Arkansas","Owner/Developer","https://www.icsc.com/member/profile/864581",2026-01-30T06:07:32.443Z
"Mike Collins","Bloomfield Homes, Inc.","","","","MCMike CollinsDirector of Community DevelopmentSouthlake, Texas","Owner/Developer","https://www.icsc.com/member/profile/772186",2026-01-30T06:07:32.443Z
"Lauren Collins CCIM","Twin Rivers Capital, LLC","","","","LCLauren Collins CCIMVice President, Business","Owner/Developer","https://www.icsc.com/member/profile/477762",2026-01-30T06:09:00.892Z
"Peter Collins","Forge Capital Partners","","(561) 213-9779","","PCPeter CollinsManaging PrincipalTampa, Florida","Owner/Developer","https://www.icsc.com/member/profile/143618",2026-01-30T06:09:00.893Z
"Scott Collins","Vantage Properties","","","","Petersburg, Florida","Owner/Developer","https://www.icsc.com/member/profile/140955",2026-01-30T06:09:00.893Z
"Rogg Collins","Evergreen Devco, Inc","","8183245630","","Rogg CollinsPrincipalAgoura Hills, California","Owner/Developer","https://www.icsc.com/member/profile/127900",2026-01-30T06:09:00.893Z
"Carter Collis","Midwest Equity Investors, LLC","","","","CCCarter CollisAnalystCedar Rapids, Iowa","Owner/Developer","https://www.icsc.com/member/profile/830691",2026-01-30T06:09:00.893Z
"Harry Collison","Collison Capital, LLC","","","","HCHarry CollisonManagerWinter Park, Florida","Owner/Developer","https://www.icsc.com/member/profile/868255",2026-01-30T06:09:00.893Z
"Michael Colman","One Family Property","","","","MCMichael ColmanOwnerBloomfield Hills, Michigan","Owner/Developer","https://www.icsc.com/member/profile/806349",2026-01-30T06:09:00.893Z
"Deborah Colson","Federal Realty","","","","Legal OperationsNorth Bethesda, Maryland","Owner/Developer","https://www.icsc.com/member/profile/173228",2026-01-30T06:09:00.893Z
"Anthony Colucci","The Cafaro Company","","","","ACAnthony ColucciAssociate CounselNiles, Ohio","Owner/Developer","https://www.icsc.com/member/profile/755076",2026-01-30T06:09:00.893Z
"Jack Colwell","DB9 Capital","","2053543409","","JCJack ColwellAcquisitions and Asset ManagementDallas, Texas","Owner/Developer","https://www.icsc.com/member/profile/851924",2026-01-30T06:09:00.893Z
"Brad Combs","Combs Development Company","","","","BCBrad CombsPartnerCharlotte, North","Owner/Developer","https://www.icsc.com/member/profile/812882",2026-01-30T06:09:00.893Z
"Ryan Combs","Flagship Companies Group","","","","Ryan CombsDirector of Commercial DevelopmentLake Mary, Florida","Owner/Developer","https://www.icsc.com/member/profile/683816",2026-01-30T06:09:00.893Z
"William Comeau CPA","First National Realty Partners","","","","William Comeau CPAChief Financial OfficerStuart, Florida","Owner/Developer","https://www.icsc.com/member/profile/347313",2026-01-30T06:09:00.893Z
"Toni Comer","Federal Realty","","","","TCToni ComerLegal LeasingNorth Bethesda, Maryland","Owner/Developer","https://www.icsc.com/member/profile/860199",2026-01-30T06:09:00.893Z
"Spiro Comitos","Encore Real Estate Development","","7274152774","","SCSpiro ComitosPrincipalTampa, Florida","Owner/Developer","https://www.icsc.com/member/profile/382480",2026-01-30T06:09:00.893Z
"Cyrus Commissariat","Hammerford Development Co.","","","","CCCyrus CommissariatPrincipalCumming, Georgia","Owner/Developer","https://www.icsc.com/member/profile/575271",2026-01-30T06:09:00.893Z
"Adrian Comstock","Comstock Realty Partners","","","","ACAdrian ComstockPrincipalLos Angeles, California","Owner/Developer","https://www.icsc.com/member/profile/785173",2026-01-30T06:09:00.893Z
"Philippe Concas","Diamond Inner Circle Investments","","(216) 731-8616","","Philippe ConcasOwnerMiami Shores, Florida","Owner/Developer","https://www.icsc.com/member/profile/732847",2026-01-30T06:09:00.893Z
"Weston Conder","The Conder Company","","","","WCWeston ConderProperty ManagerAbilene, Texas","Owner/Developer","https://www.icsc.com/member/profile/821336",2026-01-30T06:09:00.893Z
"Tony Conder","The Conder Company","","","","TCTony ConderOwnerAbilene, Texas","Owner/Developer","https://www.icsc.com/member/profile/821335",2026-01-30T06:09:00.893Z
"Evan Conder","Venture South Investments, LLC","","","","Evan ConderPartnerDecatur, Georgia","Owner/Developer","https://www.icsc.com/member/profile/783260",2026-01-30T06:09:00.893Z
"James Condon","JPMorgan Chase Bank","","","","Market Director of Real EstateColumbus, Ohio","Owner/Developer","https://www.icsc.com/member/profile/782136",2026-01-30T06:09:00.893Z
"Christopher Condon","Regency Centers","","","","CCChristopher CondonDirector, Marketing","Owner/Developer","https://www.icsc.com/member/profile/314712",2026-01-30T06:09:00.893Z
"Robert Confer","N3 Real Estate","","","","Robert ConferVP, Acquisitions","Owner/Developer","https://www.icsc.com/member/profile/655915",2026-01-30T06:09:00.893Z
"Jim Conklin","Hogan Real Estate","","(502) 271-5817","","Jim ConklinBrokerLouisville, Kentucky","Owner/Developer","https://www.icsc.com/member/profile/241366",2026-01-30T06:10:37.713Z
"Tony Connell","Connell Resources Inc","","","","TCTony ConnellVPLongmont, Colorado","Owner/Developer","https://www.icsc.com/member/profile/815764",2026-01-30T06:10:37.713Z
"J.R. Connolly II","Connolly Realty Services Inc.","","(770) 277-8000","","Connolly IICEOAtlanta, Georgia","Owner/Developer","https://www.icsc.com/member/profile/90741",2026-01-30T06:10:37.713Z
"Michael Connor","Hanna CRE","","","","MCMichael ConnorMarket LeaderPittsburgh, Pennsylvania","Owner/Developer","https://www.icsc.com/member/profile/845810",2026-01-30T06:10:37.713Z
"Jonathan Constable","Seawall","","","","JCJonathan ConstableDirector of DevelopmentBaltimore, Maryland","Owner/Developer","https://www.icsc.com/member/profile/862344",2026-01-30T06:10:37.713Z
"Faith Constance","JPMorgan Chase Bank","","","","FCFaith ConstanceMarket Director Real EstateColumbus, Ohio","Owner/Developer","https://www.icsc.com/member/profile/802500",2026-01-30T06:10:37.713Z
"Brian Contney","GGP","","","","Tenant CoordinationChicago, Illinois","Owner/Developer","https://www.icsc.com/member/profile/858126",2026-01-30T06:10:37.713Z
"Antony Contomichalos","MacArthur Capital Group","","(212) 421-4560","","ACAntony ContomichalosPresidentNew York, New","Owner/Developer","https://www.icsc.com/member/profile/317414",2026-01-30T06:10:37.713Z
"Chloe Contreras","GGP","","","","Chloe ContrerasLeasing RepresentativeHonolulu, Hawaii","Owner/Developer","https://www.icsc.com/member/profile/857200",2026-01-30T06:10:37.713Z
"Stan Converse III","CedarHouse Partners","","","","Stan Converse IIIManaging MemberKalispell, Montana","Owner/Developer","https://www.icsc.com/member/profile/738626",2026-01-30T06:10:37.713Z
"Patrick Conway","Regency Centers","","","","Patrick ConwayManaging DirectorLos Angeles, California","Owner/Developer","https://www.icsc.com/member/profile/132312",2026-01-30T06:10:37.713Z
"Brad Cooke","Strategic Property Partners","","","","BCBrad CookeExecutive Vice PresidentTampa, Florida","Owner/Developer","https://www.icsc.com/member/profile/832161",2026-01-30T06:10:37.713Z
"Howard Cooke","Gardner Group","","","","HCHoward CookeSenior Development ManagerSalt Lake City, Utah","Owner/Developer","https://www.icsc.com/member/profile/806065",2026-01-30T06:10:37.713Z
"John Coons","Diamond Inner Circle Investments","","","","John CoonsPrincipalMenomonee Falls, Wisconsin","Owner/Developer","https://www.icsc.com/member/profile/621265",2026-01-30T06:10:37.713Z
"Heather Coons","BluRock Commercial Real Estate, LLC","","","","Heather CoonsManaging PartnerOrlando, Florida","Owner/Developer","https://www.icsc.com/member/profile/602323",2026-01-30T06:10:37.713Z
"Tiana Cooper","Business Property Development LLC","","","","TCTiana CooperVP of Asset ManagementLakebay, Washington","Owner/Developer","https://www.icsc.com/member/profile/860779",2026-01-30T06:10:37.713Z
"Stephen Cooper","Benkooper Management, LLC","","","","SCStephen CooperManagerHouston, Texas","Owner/Developer","https://www.icsc.com/member/profile/833748",2026-01-30T06:10:37.713Z
"Blair Cooper","Richmond Properties, Inc.","","","","BCBlair CooperVP of OperationsBirmingham, Alabama","Owner/Developer","https://www.icsc.com/member/profile/797013",2026-01-30T06:10:37.713Z
"Trey Cooper","Bexar Capital, LLC.","","","","TCTrey CooperPartnerAlamo Heights, Texas","Owner/Developer","https://www.icsc.com/member/profile/732917",2026-01-30T06:10:37.713Z
"Sam Cooper","The Myers Y. Cooper Company","","","","Sam CooperDirector of ConstructionCincinnati, Ohio","Owner/Developer","https://www.icsc.com/member/profile/466193",2026-01-30T06:10:37.713Z
"Brett Cooper","Cosmo Real Estate Partners","","","","BCBrett CooperPrincipalNew York, New","Owner/Developer","https://www.icsc.com/member/profile/358682",2026-01-30T06:10:37.713Z
"Raymond Cooper II","The Myers Y. Cooper Company","","","","Raymond Cooper IIPresidentCincinnati, Ohio","Owner/Developer","https://www.icsc.com/member/profile/104833",2026-01-30T06:10:37.713Z
"Ryan Coopersmith","Seligman & Associates","","","","Asset ManagementSouthfield, Michigan","Owner/Developer","https://www.icsc.com/member/profile/851541",2026-01-30T06:10:37.713Z
"David Copenhaver, CDP","Cascadia Development Partners","","","","CEOVancouver, Washington","Owner/Developer","https://www.icsc.com/member/profile/130543",2026-01-30T06:10:37.713Z
"Robert Cordaro","Cordaro Properties LLC","","","","RCRobert CordaroReal Estate DeveloperWarren, Michigan","Owner/Developer","https://www.icsc.com/member/profile/810350",2026-01-30T06:12:04.320Z
"Brooks Corr CCIM","The Retail Companies","","","","Brooks Corr CCIMPartnerBirmingham, Alabama","Owner/Developer","https://www.icsc.com/member/profile/401295",2026-01-30T06:12:04.320Z
"Joseph Corral","New Urban Realty Services","","","","Joseph CorralPrincipalMiami, Florida","Owner/Developer","https://www.icsc.com/member/profile/504743",2026-01-30T06:12:04.320Z
"Heather Correa","Fuqua Development","","","","HCHeather CorreaPartnerAtlanta, Georgia","Owner/Developer","https://www.icsc.com/member/profile/138158",2026-01-30T06:12:04.320Z
"Jack Corrigan","Stablewood Properties","","","","Jack CorriganInvestment ManagerAustin, Texas","Owner/Developer","https://www.icsc.com/member/profile/842273",2026-01-30T06:12:04.320Z
"Kyle Corrigan","Citivest Commercial Investments","","","","KCKyle CorriganAcquisitionsNewport Beach, California","Owner/Developer","https://www.icsc.com/member/profile/787006",2026-01-30T06:12:04.320Z
"Joseph Corsell","The Cafaro Company","","","","West CoastPuyallup, Washington","Owner/Developer","https://www.icsc.com/member/profile/217741",2026-01-30T06:12:04.320Z
"Rocco Cosentino","GGP","","","","RCRocco CosentinoManager ConstructionChicago, Illinois","Owner/Developer","https://www.icsc.com/member/profile/857601",2026-01-30T06:12:04.320Z
"Peter Cosentino","Cosentino Development","","","","PCPeter CosentinoBuilding DirectorCommack, New","Owner/Developer","https://www.icsc.com/member/profile/853474",2026-01-30T06:12:04.320Z
"Mark Cosenza","Inland Real Estate Group of Companies, Inc., The","","","","Mark CosenzaSenior Vice PresidentOak Brook, Illinois","Owner/Developer","https://www.icsc.com/member/profile/343999",2026-01-30T06:12:04.320Z
"James Costanzo","Costanzo Investments","","","","JCJames CostanzoPrincipalNewport Beach, California","Owner/Developer","https://www.icsc.com/member/profile/97029",2026-01-30T06:12:04.320Z
"Chris Costanzo","Costanzo Investments","","","","Chris CostanzoManaging MemberNewport Beach, California","Owner/Developer","https://www.icsc.com/member/profile/597618",2026-01-30T06:12:04.320Z
"Justin Costello","ACCESS Commercial LLC","","","","JCJustin CostelloBrokerage AssociateOmaha, Nebraska","Owner/Developer","https://www.icsc.com/member/profile/799069",2026-01-30T06:12:04.320Z
"James Costello","Brookfield Asset Management","","","","JCJames CostelloSenior Vice President, Investments","Owner/Developer","https://www.icsc.com/member/profile/622269",2026-01-30T06:12:04.320Z
"Lisa Coston","Development Consultants, Inc.","","","","Lisa CostonDirector of OperationsJacksonville Beach, Florida","Owner/Developer","https://www.icsc.com/member/profile/810176",2026-01-30T06:12:04.320Z
"Kristian Cotta CCIM","Hungry Investments Inc","","","","Kristian Cotta CCIMPresidentTempe, Arizona","Owner/Developer","https://www.icsc.com/member/profile/808906",2026-01-30T06:12:04.320Z
"Cole Couch","Marhilus Ventures","","","","Cole CouchAssociateWestlake Village, California","Owner/Developer","https://www.icsc.com/member/profile/825991",2026-01-30T06:12:04.320Z
"Diane Coulson, CLS, CSM","Tanger","","","","CSMAVP, Leasing","Owner/Developer","https://www.icsc.com/member/profile/124300",2026-01-30T06:12:04.320Z
"Jack Coupland","Adams Property Group, LLC","","","","AcquisitionsCharleston, South","Owner/Developer","https://www.icsc.com/member/profile/619092",2026-01-30T06:12:04.320Z
"Sloan Covington","Covington Group, LLC","","","","SCSloan CovingtonManagerHomewood, Alabama","Owner/Developer","https://www.icsc.com/member/profile/827468",2026-01-30T06:12:04.320Z
"Gavin Cox","Bottom Line Group LLC","","","","Gavin CoxReal Estate AdvisorFresno, California","Owner/Developer","https://www.icsc.com/member/profile/859698",2026-01-30T06:12:04.320Z
"Jonathan Cox","Coastal First Properties, LLC","","","","JCJonathan CoxOwnerTabor City, North","Owner/Developer","https://www.icsc.com/member/profile/841840",2026-01-30T06:12:04.320Z
"Pat Cox","Starboard Realty Advisors, LLC","","","","Development ConsultantIrvine, California","Owner/Developer","https://www.icsc.com/member/profile/829321",2026-01-30T06:12:04.320Z
"Daniel Cox","SimonCRE","","","","Daniel CoxDevelopment Project ManagerScottsdale, Arizona","Owner/Developer","https://www.icsc.com/member/profile/767681",2026-01-30T06:12:04.320Z
"Jeff Craig","Ehtozed Corporation","","","","JCJeff CraigPartnerToronto, Ontario","Owner/Developer","https://www.icsc.com/member/profile/413247",2026-01-30T06:13:28.408Z
"Jennifer Crane","Unibail-Rodamco-Westfield","","","","Jennifer CraneSenior Director of LeasingNew York, New","Owner/Developer","https://www.icsc.com/member/profile/478969",2026-01-30T06:13:28.408Z
"Kyle Craven","Craven","","","","Kyle CravenVice PresidentAkron, Ohio","Owner/Developer","https://www.icsc.com/member/profile/833786",2026-01-30T06:13:28.408Z
"Pat Crawley","Net Lease Capital","","(603) 897-9535","","Pat CrawleyDirector, Acquisitions","Owner/Developer","https://www.icsc.com/member/profile/640308",2026-01-30T06:13:28.408Z
"K.C. Creasy","Asana Partners","","3344300762","","CreasySenior AssociateCharlotte, North","Owner/Developer","https://www.icsc.com/member/profile/672225",2026-01-30T06:13:28.408Z
"Catherine Creech","Related Companies","","6238825170","","CCCatherine CreechProject ManagerSanta Monica, California","Owner/Developer","https://www.icsc.com/member/profile/855119",2026-01-30T06:13:28.408Z
"Jerry Crenshaw","Rochester Group","","18172356607","","JCJerry Crenshawprincipalcolleyville, Texas","Owner/Developer","https://www.icsc.com/member/profile/404189",2026-01-30T06:13:28.408Z
"Raquel Crespo","Regency Centers","","704-396-0440","","RCRaquel CrespoSenior General ManagerCharlotte, North","Owner/Developer","https://www.icsc.com/member/profile/229092",2026-01-30T06:13:28.408Z
"Karen Crews, CRX, CSM","The Villages Operating Company","","","","CSMSenior Executive Lease AdministratorThe Villages, Florida","Owner/Developer","https://www.icsc.com/member/profile/418637",2026-01-30T06:13:28.408Z
"Salvadore Crifasi","Capstone Investment Partners","","","","Salvadore CrifasiManaging PartnerLafayette, Louisiana","Owner/Developer","https://www.icsc.com/member/profile/675863",2026-01-30T06:13:28.408Z
"Bo Cromelin","Perform Properties","","(310) 496-4140","","Bo CromelinSenior Vice PresidentSanta Monica, California","Owner/Developer","https://www.icsc.com/member/profile/645644",2026-01-30T06:13:28.408Z
"Josh Cromer","Rialto Holdings, LLC","","","","JCJosh CromerManaging DirectorNew York, New","Owner/Developer","https://www.icsc.com/member/profile/598420",2026-01-30T06:13:28.408Z
"Andrew Cronin","Tidewater Development Group","","","","Andrew CroninManaging PartnerBirmingham, Alabama","Owner/Developer","https://www.icsc.com/member/profile/695903",2026-01-30T06:13:28.408Z
"Ryan Cronk","Flaherty & Collins Properties","","","","RCRyan CronkVP of DevelopmentIndianapolis, Indiana","Owner/Developer","https://www.icsc.com/member/profile/868476",2026-01-30T06:13:28.408Z
"Matt Crosland","EDENS","","(803) 744-6741","","Matt CroslandManaging DirectorColumbia, South","Owner/Developer","https://www.icsc.com/member/profile/312671",2026-01-30T06:13:28.408Z
"Kimli Cross","The Peterson Companies","","(703) 631-7517","","Kimli CrossSenior Vice President, Leasing","Owner/Developer","https://www.icsc.com/member/profile/98990",2026-01-30T06:13:28.408Z
"Randy Crossno CCIM","Capstone Commercial Advisors","","","","Randy Crossno CCIMPrincipalRogers, Arkansas","Owner/Developer","https://www.icsc.com/member/profile/494544",2026-01-30T06:13:28.408Z
"Patrick Crouse","The Mainland Companies, LLC","","","","BrokerageNashville, Tennessee","Owner/Developer","https://www.icsc.com/member/profile/804021",2026-01-30T06:13:28.408Z
"Brad Cruickshank","CBD Realty Partners","","","","Brad CruickshankPartnerFort Worth, Texas","Owner/Developer","https://www.icsc.com/member/profile/315943",2026-01-30T06:13:28.408Z
"John Crump","BH Properties, LLC","","","","FinanceLos Angeles, California","Owner/Developer","https://www.icsc.com/member/profile/728455",2026-01-30T06:13:28.408Z
"Juan Cueto","Rialto Holdings, LLC","","","","JCJuan CuetoManaging DirectorMiami, Florida","Owner/Developer","https://www.icsc.com/member/profile/738555",2026-01-30T06:13:28.408Z
"Craig Culbert","Shore Capital Partners","","","","CCCraig CulbertPartnerChicago, Illinois","Owner/Developer","https://www.icsc.com/member/profile/848857",2026-01-30T06:13:28.408Z
"Jay Culbertson","Culbertson Contractors","","","","JCJay CulbertsonOwnerBrookhaven, Mississippi","Owner/Developer","https://www.icsc.com/member/profile/775121",2026-01-30T06:13:28.408Z
"John Culpepper","Culpepper Realty Company","","","","JCJohn CulpepperDirector of Investment and DevelopmentCollege Station, Texas","Owner/Developer","https://www.icsc.com/member/profile/717573",2026-01-30T06:13:28.408Z
"Jack Culpepper","Culpepper Realty Company","","","","JCJack CulpepperPresidentCollege Station, Texas","Owner/Developer","https://www.icsc.com/member/profile/121222",2026-01-30T06:14:59.534Z
"Keith Cumming","Prime Way Group","","","","KCKeith CummingPresidentWelland, Ontario","Owner/Developer","https://www.icsc.com/member/profile/864449",2026-01-30T06:14:59.534Z
"Shawn Cummings","VennTerra Land Development","","","","SCShawn CummingsOwnerGraham, North","Owner/Developer","https://www.icsc.com/member/profile/851290",2026-01-30T06:14:59.534Z
"Bill Cummings","Legacy Realty & Development","","","","BCBill CummingsCEOFresno, California","Owner/Developer","https://www.icsc.com/member/profile/850696",2026-01-30T06:14:59.534Z
"Luke Cummings","The Genecov Group","","","","Luke CummingsSr Commercial Transactions ManagerTyler, Texas","Owner/Developer","https://www.icsc.com/member/profile/815602",2026-01-30T06:14:59.534Z
"Mark Cunningham","CRG","","","","Mark CunninghamOwnerMill Valley, California","Owner/Developer","https://www.icsc.com/member/profile/710004",2026-01-30T06:14:59.534Z
"Jack Cunningham","Rialto Holdings, LLC","","(305) 485-4187","","JCJack CunninghamDirectorMiami, Florida","Owner/Developer","https://www.icsc.com/member/profile/404766",2026-01-30T06:14:59.534Z
"William Cunningham-Corso","Cunningham Development Company","","","","CEOPalos Verdes Estates, California","Owner/Developer","https://www.icsc.com/member/profile/213348",2026-01-30T06:14:59.534Z
"Luke Curfman","CMK Properties, LLC","","","","LCLuke CurfmanVP of financeBrentwood, Tennessee","Owner/Developer","https://www.icsc.com/member/profile/846900",2026-01-30T06:14:59.534Z
"Jason M. Curis","JMC Management LLC","","586-427-9410","","CurisPrincipalSouthfield, Michigan","Owner/Developer","https://www.icsc.com/member/profile/445518",2026-01-30T06:14:59.534Z
"Aaron Curry","Unibail-Rodamco-Westfield","","3109085162","","LeasingLos Angeles, California","Owner/Developer","https://www.icsc.com/member/profile/700046",2026-01-30T06:14:59.534Z
"Michael Curtis","Millenia Partners","","6892545716","","Michael CurtisAssociateOrlando, Florida","Owner/Developer","https://www.icsc.com/member/profile/792760",2026-01-30T06:14:59.534Z
"Kirk Cypel JD","CBG ROULER","","","","KCKirk Cypel JDCDOSan Antonio, Texas","Owner/Developer","https://www.icsc.com/member/profile/255359",2026-01-30T06:14:59.534Z
"Johnny Czarninski","Corporación El Rosado S. A.","","59 34 253 4503","","JCJohnny CzarninskiExecutive PresidentGuayaquil, Guayas","Owner/Developer","https://www.icsc.com/member/profile/268564",2026-01-30T06:14:59.534Z
"Adam D' Anna","Gazit Horizons, Inc.","","","","AnnaSenior Associate, Asset","Owner/Developer","https://www.icsc.com/member/profile/814500",2026-01-30T06:14:59.534Z
"Tony D'Ambrosio","Big V Property Group","","","","DispositionsCharlotte, North","Owner/Developer","https://www.icsc.com/member/profile/202551",2026-01-30T06:14:59.534Z
"Filomena D'Angelo","Oxford Properties","","","","AngeloProperty ManagerNewmarket, Ontario","Owner/Developer","https://www.icsc.com/member/profile/785233",2026-01-30T06:14:59.534Z
"Blaise D'Sylva","The Howard Hughes Corporation","","","","Director, Business","Owner/Developer","https://www.icsc.com/member/profile/856633",2026-01-30T06:14:59.534Z
"Ariel Dadon","Adar Investments & Management LLC","","","","ADAriel DadonPresident of Sales and LeasingAventura, Florida","Owner/Developer","https://www.icsc.com/member/profile/858929",2026-01-30T06:14:59.534Z
"Ramsy Dahla","Mirada Investments","","8134516302","","DeveloperTampa, Florida","Owner/Developer","https://www.icsc.com/member/profile/813044",2026-01-30T06:14:59.534Z
"Charlie Dahlem CCIM","Dahlem Realty Company","","5028140290","","Charlie Dahlem CCIMPresidentLouisville, Kentucky","Owner/Developer","https://www.icsc.com/member/profile/126150",2026-01-30T06:14:59.534Z
"Jim Dahlem CCIM","Dahlem Realty Company","","(502) 814-0292","","Jim Dahlem CCIMPresidentLouisville, Kentucky","Owner/Developer","https://www.icsc.com/member/profile/118725",2026-01-30T06:14:59.534Z
"sameer dalal","River Central Development","","","","PartnerFort Worth, Texas","Owner/Developer","https://www.icsc.com/member/profile/833025",2026-01-30T06:14:59.534Z
"Jessica Dalton, CLS, CRX, SLD","Tanger","","","","SLDVice President, Specialty","Owner/Developer","https://www.icsc.com/member/profile/196252",2026-01-30T06:14:59.534Z
"Sean Daly","American Realty Advisors, Inc.","","","","SDSean DalyExecutive Vice President, Asset","Owner/Developer","https://www.icsc.com/member/profile/312982",2026-01-30T06:16:28.767Z
"William Damrath","Regency Centers","","","","Market OfficerGreenwood Village, Colorado","Owner/Developer","https://www.icsc.com/member/profile/331555",2026-01-30T06:16:28.767Z
"Bryce Daneshrad","Nine Oak Investments","","","","BDBryce DaneshradSenior Acquisitions AnalystBeverly Hills, California","Owner/Developer","https://www.icsc.com/member/profile/849398",2026-01-30T06:16:28.767Z
"Paul Daneshrad","StarPoint Properties","","(310) 247-0550","","CEOBeverly Hills, California","Owner/Developer","https://www.icsc.com/member/profile/384768",2026-01-30T06:16:28.767Z
"Jaya Daniel","Urban Edge Properties","","","","Jaya DanielSenior Marketing DirectorNew York, New","Owner/Developer","https://www.icsc.com/member/profile/540287",2026-01-30T06:16:28.767Z
"Chris Daniell","Daytom Enterprises, Inc.","","","","Chris DaniellDirector of Asset ManagementSolana Beach, California","Owner/Developer","https://www.icsc.com/member/profile/646612",2026-01-30T06:16:28.767Z
"Greyson Daniels","ESW Land Development","","","","Leasing ManagerFort Worth, Texas","Owner/Developer","https://www.icsc.com/member/profile/854671",2026-01-30T06:16:28.767Z
"Nicolas Daoud","Consumer Centres","","(514) 515-1990","","Nicolas DaoudOperations ManagerMontreal, Quebec","Owner/Developer","https://www.icsc.com/member/profile/815105",2026-01-30T06:16:28.767Z
"Taraz Darabi","Lote Group","","","","Taraz DarabiPresident and CEOGainesville, FL","Owner/Developer","https://www.icsc.com/member/profile/683825",2026-01-30T06:16:28.767Z
"Paul Darden","Fairway Investments","","(205) 802-7202","","DevelopmentBirmingham, Alabama","Owner/Developer","https://www.icsc.com/member/profile/369037",2026-01-30T06:16:28.767Z
"Ahsan Daredia","SLX Capital","","","","Ahsan DarediaPartnerPlano, Texas","Owner/Developer","https://www.icsc.com/member/profile/846948",2026-01-30T06:16:28.767Z
"Kenneth Darling","EDENS","","6173696610","","KDKenneth DarlingSenior Property managerBoston, Massachusetts","Owner/Developer","https://www.icsc.com/member/profile/843855",2026-01-30T06:16:28.767Z
"Curtis Darling","Perimeter Development Corrporation","","","","CDCurtis DarlingExecutive VP, Acquisitions","Owner/Developer","https://www.icsc.com/member/profile/836135",2026-01-30T06:16:28.767Z
"Matthew Darling","Palm Coast Capital","","","","MDMatthew DarlingOwnerMaitland, Florida","Owner/Developer","https://www.icsc.com/member/profile/787437",2026-01-30T06:16:28.767Z
"Lyle Darnall","EDENS","","","","SoutheastColumbia, South","Owner/Developer","https://www.icsc.com/member/profile/119155",2026-01-30T06:16:28.767Z
"Lance Davenport","Davenport Worldwide Development","","4044090811","","CEOAtlanta, Georgia","Owner/Developer","https://www.icsc.com/member/profile/796490",2026-01-30T06:16:28.767Z
"Robert Davenport","The Villages Operating Company","","","","Robert DavenportProperty ManagerMiddleton, Florida","Owner/Developer","https://www.icsc.com/member/profile/744089",2026-01-30T06:16:28.767Z
"Jason David","Leyad","","","","ManitobaMontreal, Quebec","Owner/Developer","https://www.icsc.com/member/profile/862597",2026-01-30T06:16:28.767Z
"Allan Davidov","MISUMA HOLDINGS LLC","","(310) 553-4302","","ADAllan DavidovManaging PartnerBeverly Hills, California","Owner/Developer","https://www.icsc.com/member/profile/116868",2026-01-30T06:16:28.767Z
"Jennifer Davidson","Federal Realty","","13015290004","","JDJennifer DavidsonDirector, Leasing","Owner/Developer","https://www.icsc.com/member/profile/193298",2026-01-30T06:16:28.767Z
"Keith Davidson","EDENS","","","","Keith DavidsonVice President, Investments","Owner/Developer","https://www.icsc.com/member/profile/144691",2026-01-30T06:16:28.767Z
"Keillor Davis","Optimus Development Co.","","8502905252","","KDKeillor DavisReal Estate RepMadison, Florida","Owner/Developer","https://www.icsc.com/member/profile/859635",2026-01-30T06:16:28.767Z
"Robert Edwin Davis","Three Rivers Development Group LLC","","","","RDRobert Edwin DavisManaging PartnerKelso, Washington","Owner/Developer","https://www.icsc.com/member/profile/854028",2026-01-30T06:16:28.767Z
"Creager Davis","The Genecov Group","","","","CDCreager DavisCommercial AssociateTyler, Texas","Owner/Developer","https://www.icsc.com/member/profile/840968",2026-01-30T06:16:28.767Z
"Patrick Davis","3-D Development LLC","","502-379-1201","","FounderVersailles, Kentucky","Owner/Developer","https://www.icsc.com/member/profile/831293",2026-01-30T06:17:59.059Z
"Max Davis","Clous Road Partners","","5138333122","","Max DavisDirectorCincinnati, Ohio","Owner/Developer","https://www.icsc.com/member/profile/806538",2026-01-30T06:17:59.059Z
"Alexandra Davis","Davis Bros.","","7136593131","","ADAlexandra DavisFinance ManagerHouston, Texas","Owner/Developer","https://www.icsc.com/member/profile/800670",2026-01-30T06:17:59.059Z
"Laura Davis","Regency Centers","","9045987646","","LDLaura DavisDirector, Corporate","Owner/Developer","https://www.icsc.com/member/profile/800257",2026-01-30T06:17:59.059Z
"Buckley Davis","Pursuit Development","","","","Buckley DavisDeveloperAlbany, Georgia","Owner/Developer","https://www.icsc.com/member/profile/792139",2026-01-30T06:17:59.059Z
"Katherine Davis","Davis Bros.","","","","LeasingHouston, Texas","Owner/Developer","https://www.icsc.com/member/profile/689633",2026-01-30T06:17:59.059Z
"Brent Davis","The Davis Group","","","","Brent DavisPartnerAlpharetta, Georgia","Owner/Developer","https://www.icsc.com/member/profile/675950",2026-01-30T06:17:59.059Z
"Tracie Davis","Evergreen Devco, Inc","","","","Tracie DavisSenior Marketing ManagerPhoenix, Arizona","Owner/Developer","https://www.icsc.com/member/profile/655336",2026-01-30T06:17:59.059Z
"Michael Davis","D&G Development Group","","","","MDMichael DavisPartnerAtlanta, Georgia","Owner/Developer","https://www.icsc.com/member/profile/645074",2026-01-30T06:17:59.059Z
"Thomas Davis","Tanger","","","","TDThomas DavisAVP, Leasing","Owner/Developer","https://www.icsc.com/member/profile/262972",2026-01-30T06:17:59.059Z
"Dale Davis","Davis Equity Realty","","","","Dale DavisPresidentBoerne, Texas","Owner/Developer","https://www.icsc.com/member/profile/111545",2026-01-30T06:17:59.059Z
"Carthon Davis III","Easterly Government Properties, Inc.","","","","CDCarthon Davis IIIVice PresidentWashington, Washington","Owner/Developer","https://www.icsc.com/member/profile/869373",2026-01-30T06:17:59.059Z
"Peter Davos","West Brighton Acquisitions","","","","Peter DavosPrincipalBoston, Massachusetts","Owner/Developer","https://www.icsc.com/member/profile/802243",2026-01-30T06:17:59.059Z
"Sajjid Dawood","DML Capital","","","","Sajjid DawoodPresSUGAR LAND, Texas","Owner/Developer","https://www.icsc.com/member/profile/591744",2026-01-30T06:17:59.059Z
"Randall Dawson","Strategic Retail Advisors","","","","RDRandall DawsonRetail AdvisorNewport Beach, California","Owner/Developer","https://www.icsc.com/member/profile/558318",2026-01-30T06:17:59.059Z
"Susan Dawson","L. Corley Incorporated","","9055844404","","SDSusan DawsonPresidentCaledon East, Ontario","Owner/Developer","https://www.icsc.com/member/profile/466059",2026-01-30T06:17:59.059Z
"Edward de Avila","Village Partners","","","","Edward de AvilaRetail DevelopmentNewport Beach, California","Owner/Developer","https://www.icsc.com/member/profile/572149",2026-01-30T06:17:59.059Z
"Edouard De Bernis","Warberg Partners","","","","EDEdouard De BernisManaging PartnerNew York, New","Owner/Developer","https://www.icsc.com/member/profile/709766",2026-01-30T06:17:59.059Z
"Max de La Bruyere","Lafayette Property Company","","9702391516","","MdMax de La BruyereCEODenver, Colorado","Owner/Developer","https://www.icsc.com/member/profile/772921",2026-01-30T06:17:59.059Z
"Alejandro De la Torre","DESARROLLADORA MEXICANA DE INMUEBLES SA DE CV","","","","ADAlejandro De la TorreGeneral DirectorZapopan, Jalisco","Owner/Developer","https://www.icsc.com/member/profile/848293",2026-01-30T06:17:59.059Z
"Artemio De La Vega","De La Vega Capital","","","","Artemio De La VegaCEODallas, Texas","Owner/Developer","https://www.icsc.com/member/profile/142347",2026-01-30T06:17:59.059Z
"Arnaud de Limelette","EYF STNL","","","","AdArnaud de LimelettePartnerWest University Place, Texas","Owner/Developer","https://www.icsc.com/member/profile/853597",2026-01-30T06:17:59.059Z
"Ruben De Sousa","RDS Project Consulting Inc.","","6476339852","","FounderToronto, Ontario","Owner/Developer","https://www.icsc.com/member/profile/862607",2026-01-30T06:17:59.059Z
"Richard Dean","Stratus Companies","","","","RDRichard DeanPrincipaIGolden, Colorado","Owner/Developer","https://www.icsc.com/member/profile/786526",2026-01-30T06:17:59.059Z
"Kenny DeAngelis","Valore Ventures","","","","KDKenny DeAngelisOwnerSanta Fe Springs, California","Owner/Developer","https://www.icsc.com/member/profile/764445",2026-01-30T06:19:28.118Z
"Tim Dearman","Oldacre McDonald, LLC","","(615) 269-5444","","TDTim DearmanPartnerNashville, Tennessee","Owner/Developer","https://www.icsc.com/member/profile/132054",2026-01-30T06:19:28.118Z
"Lisa Deaton","Palm Development Partners","","","","Lisa DeatonCOOYUMA, Tennessee","Owner/Developer","https://www.icsc.com/member/profile/868741",2026-01-30T06:19:28.118Z
"Dennis DeBenedetto","Time Equities, Inc.","","","","DDDennis DeBenedettoDirector, Commercial","Owner/Developer","https://www.icsc.com/member/profile/545162",2026-01-30T06:19:28.118Z
"Rhett DeBuys","Fuqua Development","","6789836295","","RDRhett DeBuysDevelopment ManagerAtlanta, Georgia","Owner/Developer","https://www.icsc.com/member/profile/752301",2026-01-30T06:19:28.118Z
"Evan Deitch","Endeavor Real Estate Group","","","","Evan DeitchVice President Retail LeasingAustin, Texas","Owner/Developer","https://www.icsc.com/member/profile/644577",2026-01-30T06:19:28.118Z
"Daniel Del Rio","Habitus Capital","","","","DDDaniel Del RioManaging PartnerMiami, Florida","Owner/Developer","https://www.icsc.com/member/profile/843012",2026-01-30T06:19:28.118Z
"Kristine Delacruz","The Walt Disney Company","","","","Kristine DelacruzLease Negotiations ManagerBurbank, California","Owner/Developer","https://www.icsc.com/member/profile/577947",2026-01-30T06:19:28.118Z
"Deirdre Delaporte","Sterling Organization","","","","Deirdre DelaporteLeasing ManagerRockingham, Virginia","Owner/Developer","https://www.icsc.com/member/profile/364845",2026-01-30T06:19:28.118Z
"Ruben Delatorre","Wasteless Solutions LLC","","","","RDRuben DelatorrePartnerLos Angeles, California","Owner/Developer","https://www.icsc.com/member/profile/832002",2026-01-30T06:19:28.118Z
"Land Deleot","Equitable Property Company, LLC","","","","LDLand DeleotPresidentNashville, Tennessee","Owner/Developer","https://www.icsc.com/member/profile/805936",2026-01-30T06:19:28.118Z
"Brittany Delgado","Bottom Line Group LLC","","","","BDBrittany DelgadoOperations ManagerClovis, California","Owner/Developer","https://www.icsc.com/member/profile/816310",2026-01-30T06:19:28.118Z
"john Delgado","IMC Equity Group","","","","Djohn DelgadoDirector Of Property ManagementNorth Miami, Florida","Owner/Developer","https://www.icsc.com/member/profile/811099",2026-01-30T06:19:28.118Z
"Armando Delgado","Hungry Investments Inc","","4804171759","","ADArmando DelgadoAcquisitions DirectorTempe, Arizona","Owner/Developer","https://www.icsc.com/member/profile/809136",2026-01-30T06:19:28.118Z
"Lliliam Delgado-Marquez","Regency Centers","","","","MarquezSenior Leasing AgentBoca Raton, Florida","Owner/Developer","https://www.icsc.com/member/profile/484890",2026-01-30T06:19:28.118Z
"Ryan Delijani","SREG","","","","RDRyan DelijaniEvpSanta Monica, California","Owner/Developer","https://www.icsc.com/member/profile/790599",2026-01-30T06:19:28.118Z
"Sandra Dellibovi","Merlone Geier Management Inc.","","","","SDSandra DelliboviManaging DirectorNorth Hollywood, California","Owner/Developer","https://www.icsc.com/member/profile/136797",2026-01-30T06:19:28.118Z
"Joshua Delo","ExchangeRight Real Estate","","","","Joshua DeloSenior Asset ManagerSan Tan Valley, Arizona","Owner/Developer","https://www.icsc.com/member/profile/849460",2026-01-30T06:19:28.118Z
"Mallory DeLucas","Big V Property Group","","","","Specialty LeasingCharlotte, North","Owner/Developer","https://www.icsc.com/member/profile/857342",2026-01-30T06:19:28.118Z
"John DeLucchi","Madison Pacific Properties Inc","","16046303531","","JDJohn DeLucchiDirectorVancouver, British","Owner/Developer","https://www.icsc.com/member/profile/791127",2026-01-30T06:19:28.118Z
"Jessica DeMarino","First National Realty Partners","","","","Jessica DeMarinoCommunications ManagerHenderson, Nevada","Owner/Developer","https://www.icsc.com/member/profile/781927",2026-01-30T06:19:28.118Z
"Joseph DeMatteo","JDM CAPITAL CORP.","","2122532331","","JDJoseph DeMatteoPresidentNew York, New","Owner/Developer","https://www.icsc.com/member/profile/868254",2026-01-30T06:19:28.118Z
"Dan Demers","RMS Developments Inc","","","","DevelopmentEDMONTON, Alberta","Owner/Developer","https://www.icsc.com/member/profile/610198",2026-01-30T06:19:28.118Z
"Robert Denha","Akkadian Development","","","","RDRobert DenhaDirector of Finance and DevelopmentTroy, Michigan","Owner/Developer","https://www.icsc.com/member/profile/788396",2026-01-30T06:19:28.118Z
"Michael Denman","River Rock Property Group, LLC","","","","PartnerToledo, Ohio","Owner/Developer","https://www.icsc.com/member/profile/182586",2026-01-30T06:20:58.448Z
"Christopher Dent","New Murabba Development Company","","","","CDChristopher DentAssociate DirectorAl Malqa, Riyadh","Owner/Developer","https://www.icsc.com/member/profile/861633",2026-01-30T06:20:58.448Z
"Joseph DePascale","Summerwood Corporation","","","","JDJoseph DePascaleDevelopment ManagerConshohocken, Pennsylvania","Owner/Developer","https://www.icsc.com/member/profile/683344",2026-01-30T06:20:58.448Z
"Van Der Megerdichian","ARMENCO CAPITAL LLC","","","","Van Der MegerdichianAssociateLas Vegas, Nevada","Owner/Developer","https://www.icsc.com/member/profile/808998",2026-01-30T06:20:58.448Z
"Jamie DeRevere","JOSS Realty Partners","","8606823030","","JDJamie DeRevereVice PresidentNew York, New","Owner/Developer","https://www.icsc.com/member/profile/799201",2026-01-30T06:20:58.448Z
"Yash Desai","Stature Investments","","","","COOPooler, Georgia","Owner/Developer","https://www.icsc.com/member/profile/840002",2026-01-30T06:20:58.448Z
"Mounang Desai","Malabar Hill Capital","","","","MDMounang DesaimanagerHouston, Texas","Owner/Developer","https://www.icsc.com/member/profile/784244",2026-01-30T06:20:58.448Z
"Utsang Desai","SAI-GANESH Enterprises Ltd.","","","","UDUtsang DesaiPresidentSaskatoon, Saskatchewan","Owner/Developer","https://www.icsc.com/member/profile/783121",2026-01-30T06:20:58.448Z
"John Desco, CLS, CRRP, CRX, CSM","Price Brothers","","","","CSMVice President of Asset ManagementOverland Park, Kansas","Owner/Developer","https://www.icsc.com/member/profile/118051",2026-01-30T06:20:58.448Z
"Cory Detamore","M-Details","","","","Cory DetamoreDeveloperCrown Point, Indiana","Owner/Developer","https://www.icsc.com/member/profile/806094",2026-01-30T06:20:58.448Z
"Michael DeVille","DeVille Developments","","","","Michael DeVilleVice PresidentNew Canaan, Connecticut","Owner/Developer","https://www.icsc.com/member/profile/854707",2026-01-30T06:20:58.448Z
"Jack DeVilliers","Regency Centers","","","","JDJack DeVilliersManaging DirectorWestport, Connecticut","Owner/Developer","https://www.icsc.com/member/profile/360946",2026-01-30T06:20:58.448Z
"Bruce Dewberry","ODDDado Group LLC","","","","BDBruce DewberryManaging PartnerDallas, Texas","Owner/Developer","https://www.icsc.com/member/profile/851414",2026-01-30T06:20:58.448Z
"Matt DeWood","REdevelopers Ltd.","","(419) 360-0989","","MDMatt DeWoodOwnerMaumee, Ohio","Owner/Developer","https://www.icsc.com/member/profile/425249",2026-01-30T06:20:58.448Z
"Robert Deziel","Deziel Company","","","","RDRobert DezielOwnerWest Palm Beach, Florida","Owner/Developer","https://www.icsc.com/member/profile/860117",2026-01-30T06:20:58.448Z
"Preeti Dhaliwal","Lakeview Homes","","","","PDPreeti DhaliwalVP MarketingKelowna, British","Owner/Developer","https://www.icsc.com/member/profile/856049",2026-01-30T06:20:58.448Z
"Rick Dhaliwal","Lakeview Homes","","","","Rick DhaliwalPresidentNisku, Alberta","Owner/Developer","https://www.icsc.com/member/profile/821882",2026-01-30T06:20:58.448Z
"Aleem Dhanani","BRI-MOR DEVELOPMENTS","","","","ADAleem DhananiManaging DirectorCalgary, Alberta","Owner/Developer","https://www.icsc.com/member/profile/507406",2026-01-30T06:20:58.448Z
"Fatima Dhanani","BRI-MOR DEVELOPMENTS","","","","FDFatima DhananiPresidentCALGARY, Alberta","Owner/Developer","https://www.icsc.com/member/profile/298041",2026-01-30T06:20:58.448Z
"Benny Dhanda","Dhanda Development Group Inc","","","","BDBenny DhandaCEOManteca, California","Owner/Developer","https://www.icsc.com/member/profile/808534",2026-01-30T06:20:58.448Z
"Aj Dhanoa","Diamond Inner Circle Investments","","","","Aj DhanoaBrokerFremont, California","Owner/Developer","https://www.icsc.com/member/profile/573812",2026-01-30T06:20:58.448Z
"Sandeep Dharni","GSD Development Inc","","","","SDSandeep DharniDirector of DevelopmentSacramento, California","Owner/Developer","https://www.icsc.com/member/profile/854865",2026-01-30T06:20:58.448Z
"Sunny Dharni","GSD Development Inc","","707-592-2686","","SDSunny DharniDirector of Real EstateFairfield, California","Owner/Developer","https://www.icsc.com/member/profile/826006",2026-01-30T06:20:58.448Z
"Rutuja Dhuru","Cole Valley Partners","","","","RDRutuja DhuruDevelopment AssociatePortland, Oregon","Owner/Developer","https://www.icsc.com/member/profile/800239",2026-01-30T06:20:58.448Z
"Krista Di Iaconi","Regency Centers","","","","KDKrista Di IaconiManaging DirectorBethesda, Maryland","Owner/Developer","https://www.icsc.com/member/profile/196565",2026-01-30T06:22:24.275Z
"Danna Diamond","MetroNational","","","","DDDanna DiamondVP of Retail LeasingHouston, Texas","Owner/Developer","https://www.icsc.com/member/profile/97434",2026-01-30T06:22:24.275Z
"Brian Diamond","Axios Real Estate Group LLC","","","","TIMONIUM, Maryland","Owner/Developer","https://www.icsc.com/member/profile/791994",2026-01-30T06:22:24.275Z
"Celino Diaz","Town of Tioga","","","","CDCelino DiazAssistant Director of DevelopmentNewberry, Florida","Owner/Developer","https://www.icsc.com/member/profile/827418",2026-01-30T06:22:24.275Z
"Luis Diaz","Town of Tioga","","(352) 331-6220","","Director of DevelopmentTioga, Florida","Owner/Developer","https://www.icsc.com/member/profile/718169",2026-01-30T06:22:24.275Z
"Eugene Diaz","Prism Capital Partners, LLC","","(201) 787-3592","","Eugene DiazPrincipalNutley, New","Owner/Developer","https://www.icsc.com/member/profile/692668",2026-01-30T06:22:24.275Z
"Mayra Dickerson","Butler Enterprises","","","","MDMayra DickersonMarketing ConsultantGainesville, Florida","Owner/Developer","https://www.icsc.com/member/profile/789675",2026-01-30T06:22:24.275Z
"John Dickerson","Butler Enterprises","","","","John DickersonMarketing ConsultantGainesville, Florida","Owner/Developer","https://www.icsc.com/member/profile/724012",2026-01-30T06:22:24.275Z
"Adam Dickert","Progress Realty Partners","","","","PrincipalTinton Falls, New","Owner/Developer","https://www.icsc.com/member/profile/752118",2026-01-30T06:22:24.275Z
"Dave Dickey","M&R Holdings","","","","Dave DickeyChief Executive OfficerRichmond, Maine","Owner/Developer","https://www.icsc.com/member/profile/830499",2026-01-30T06:22:24.275Z
"Jason Dickey","Dickey Properties LLC","","","","Tampa, Florida","Owner/Developer","https://www.icsc.com/member/profile/717426",2026-01-30T06:22:24.275Z
"Daniel Dickinson","Landmark Real Estate Services, LLC","","","","Daniel DickinsonOwnerGering, Nebraska","Owner/Developer","https://www.icsc.com/member/profile/512956",2026-01-30T06:22:24.275Z
"James Dicks","DIX Developments","","","","JDJames DicksCEOLake Mary, Florida","Owner/Developer","https://www.icsc.com/member/profile/858915",2026-01-30T06:22:24.275Z
"Joe DiCosola","Park Development","","","","Joe DiCosolaManaging PartnerChicago, Illinois","Owner/Developer","https://www.icsc.com/member/profile/734839",2026-01-30T06:22:24.275Z
"Dixon Diebold","ReUrban Real Estate","","6513431889","","DDDixon DieboldRetail DeveloperEdina, Minnesota","Owner/Developer","https://www.icsc.com/member/profile/862006",2026-01-30T06:22:24.275Z
"Robert Diel","Maverick California development","","","","Robert DielCEOFresno, California","Owner/Developer","https://www.icsc.com/member/profile/869063",2026-01-30T06:22:24.275Z
"Ryan DiGiovanni","The DiGiovanni Group","","18324703420","","Ryan DiGiovanniCEOHouston, Texas","Owner/Developer","https://www.icsc.com/member/profile/801242",2026-01-30T06:22:24.275Z
"Justin Dill","D.D.D.D. Corp","","","","Justin DillManagerEl Reno, Oklahoma","Owner/Developer","https://www.icsc.com/member/profile/538570",2026-01-30T06:22:24.275Z
"Patrick Dillon","Federal Realty","","","","ConstructionRockville, Maryland","Owner/Developer","https://www.icsc.com/member/profile/93487",2026-01-30T06:22:24.275Z
"Mani Dilmaghanian","Starboard Realty Advisors, LLC","","(949) 420-9304","","MDMani DilmaghanianVP, Acquisitions","Owner/Developer","https://www.icsc.com/member/profile/582263",2026-01-30T06:22:24.275Z
"Arash Dilmanian","Silverpeak Real Estate Partners","","","","ADArash DilmanianManaging DirectorNew York, New","Owner/Developer","https://www.icsc.com/member/profile/359967",2026-01-30T06:22:24.275Z
"Dave Dimmick","Spark JC","","","","DDDave DimmickVice PresidentVestal, New","Owner/Developer","https://www.icsc.com/member/profile/817599",2026-01-30T06:22:24.275Z
"Dylan Dinardo","Carnegie Companies, Inc.","","4409149000","","DDDylan DinardoSenior AnalystSolon, Ohio","Owner/Developer","https://www.icsc.com/member/profile/751600",2026-01-30T06:22:24.275Z
"Lucy Dinneen","Cadence Capital Investments","","","","Managing DirectorDenver, Colorado","Owner/Developer","https://www.icsc.com/member/profile/183700",2026-01-30T06:22:24.275Z
"John Dionis","The Connell Company","","","","JDJohn DionisManaging DirectorBerkeley Heights, New","Owner/Developer","https://www.icsc.com/member/profile/802707",2026-01-30T06:23:53.124Z
"Donna DiPeso","Price Brothers","","","","Donna DiPesoSenior Director of Real EstateOverland Park, Kansas","Owner/Developer","https://www.icsc.com/member/profile/140111",2026-01-30T06:23:53.124Z
"Chris DiSanto","J.C. BAR","","","","House Legal CounselYork, Pennsylvania","Owner/Developer","https://www.icsc.com/member/profile/639379",2026-01-30T06:23:53.124Z
"Nicolas DiSanto","J.C. BAR","","","","NDNicolas DiSantoConstruction ManagerYork, Pennsylvania","Owner/Developer","https://www.icsc.com/member/profile/626658",2026-01-30T06:23:53.124Z
"Mark DiSanto","J.C. BAR","","","","Triple Crown CorpYork, Pennsylvania","Owner/Developer","https://www.icsc.com/member/profile/385538",2026-01-30T06:23:53.124Z
"Kelly Dispennette","NASCAR","","","","Kelly DispennetteManaging Director, Real","Owner/Developer","https://www.icsc.com/member/profile/630952",2026-01-30T06:23:53.124Z
"Fausto DiTommaso","DiTommaso Developments","","7059499190","","Fausto DiTommasoPresidentSault Sainte Marie, Ontario","Owner/Developer","https://www.icsc.com/member/profile/797341",2026-01-30T06:23:53.124Z
"James Dixon","Tebo Properties","","3034478326","","JDJames DixonCEOBoulder, Colorado","Owner/Developer","https://www.icsc.com/member/profile/809624",2026-01-30T06:23:53.124Z
"Chris Dixon","Equity Ventures Commercial Development","","","","CDChris DixonDevelopment AssociateDenver, Colorado","Owner/Developer","https://www.icsc.com/member/profile/732671",2026-01-30T06:23:53.124Z
"Reed Dodenhoff","Fundamental Income","","","","RDReed DodenhoffPartnerPhoenix, Arizona","Owner/Developer","https://www.icsc.com/member/profile/833230",2026-01-30T06:23:53.124Z
"Darrin Dodge","Brownstone 3 Development LLC","","","","Darrin DodgeChief Operations OfficerTopeka, Kansas","Owner/Developer","https://www.icsc.com/member/profile/807967",2026-01-30T06:23:53.124Z
"Bill Doherty","Walton Global Holdings, LLC","","480-900-3026","","BDBill DohertyCEOScottsdale, Arizona","Owner/Developer","https://www.icsc.com/member/profile/855816",2026-01-30T06:23:53.124Z
"Lesley Dokos","EDENS","","","","LeasingBoston, Massachusetts","Owner/Developer","https://www.icsc.com/member/profile/428968",2026-01-30T06:23:53.124Z
"Marvin Dole","Vintage Properties, LP","","","","MDMarvin DoleOwnerModesto, California","Owner/Developer","https://www.icsc.com/member/profile/824091",2026-01-30T06:23:53.124Z
"Brian Dole","Vintage Properties, LP","","","","InvestorModesto, California","Owner/Developer","https://www.icsc.com/member/profile/824080",2026-01-30T06:23:53.124Z
"Stephen Dombrovski, CMD, CRX, CSM","Dombrovski Properties","","","","CSMSenior BrokerPrior Lake, Minnesota","Owner/Developer","https://www.icsc.com/member/profile/93221",2026-01-30T06:23:53.124Z
"Eric Domino","Burcham Development","","","","EDEric DominoPrincipalOverland Park, Kansas","Owner/Developer","https://www.icsc.com/member/profile/848007",2026-01-30T06:23:53.124Z
"Jordan Domroe","Great Neck Center, LLC","","(516) 869-9200","","JDJordan DomroeBrokerGreat Neck, New","Owner/Developer","https://www.icsc.com/member/profile/561644",2026-01-30T06:23:53.124Z
"Chris Donato","Longpoint Realty Partners","","","","CDChris DonatoDirectorBoston, Massachusetts","Owner/Developer","https://www.icsc.com/member/profile/822513",2026-01-30T06:23:53.124Z
"Brian Donley","LBX Investments LLC","","","","Development and ConstructionAtlanta, Georgia","Owner/Developer","https://www.icsc.com/member/profile/341154",2026-01-30T06:23:53.124Z
"Christopher Donohoe","Donohoe Investment Group","","","","Christopher DonohoePartnerDallas, Texas","Owner/Developer","https://www.icsc.com/member/profile/694239",2026-01-30T06:23:53.124Z
"Desmond Donohoe","Donohoe Investment Group","","","","Desmond DonohoePartnerDallas, Texas","Owner/Developer","https://www.icsc.com/member/profile/479819",2026-01-30T06:23:53.124Z
"Dale Donohoe","Intertex Property Advisors, Inc.","","","","Dale DonohoeCEOValencia, California","Owner/Developer","https://www.icsc.com/member/profile/284618",2026-01-30T06:23:53.124Z
"Maren Donovan","Tanger","","","","Maren DonovanAVP, Leasing","Owner/Developer","https://www.icsc.com/member/profile/177517",2026-01-30T06:23:53.124Z
"Steve Doran","Galway Companies, Inc.","","","","SDSteve DoranPrincipalMonona, Wisconsin","Owner/Developer","https://www.icsc.com/member/profile/301852",2026-01-30T06:25:33.584Z
"Anthony Doren","Doren Development LLC","","","","Site SelectionPASSAIC, New","Owner/Developer","https://www.icsc.com/member/profile/818961",2026-01-30T06:25:33.584Z
"Richard P. Doren III","Doren Development LLC","","","","Doren IIIDirector of AcquisitionsPASSAIC, New","Owner/Developer","https://www.icsc.com/member/profile/818591",2026-01-30T06:25:33.584Z
"Richard Doren","Doren Development LLC","","","","RDRichard DorenManaging MemberPASSAIC, New","Owner/Developer","https://www.icsc.com/member/profile/799547",2026-01-30T06:25:33.584Z
"Philip Dorris","G.S. Moore + Son","","(615) 384-5506","","Philip DorrisContractorSpringfield, Tennessee","Owner/Developer","https://www.icsc.com/member/profile/672082",2026-01-30T06:25:33.584Z
"Ashton Dorsey","Dorsey Development Companies, L.L.C.","","","","ADAshton DorseyLease AdministratorMetairie, Louisiana","Owner/Developer","https://www.icsc.com/member/profile/789774",2026-01-30T06:25:33.584Z
"Sharmeen Dossani","Sterling Group","","","","Laurent, Quebec","Owner/Developer","https://www.icsc.com/member/profile/862440",2026-01-30T06:25:33.584Z
"Salim Dossani","SDC Capital","","","","SDSalim DossaniCEOHouston, Texas","Owner/Developer","https://www.icsc.com/member/profile/824782",2026-01-30T06:25:33.584Z
"Mark Doster","EDENS","","","","Lauderdale, Florida","Owner/Developer","https://www.icsc.com/member/profile/554290",2026-01-30T06:25:33.584Z
"Andria Dotson","Dotson Ranch LLC","","","","FounderEverman, Texas","Owner/Developer","https://www.icsc.com/member/profile/801549",2026-01-30T06:25:33.584Z
"James Dotson, CLS","Federal Realty","","","","CLSDirector of LeasingWynnewood, Pennsylvania","Owner/Developer","https://www.icsc.com/member/profile/605867",2026-01-30T06:25:33.584Z
"Aaron Douek","Leyad","","","","Quebec, Canada","Owner/Developer","https://www.icsc.com/member/profile/856787",2026-01-30T06:25:33.584Z
"Frank Dougherty","Cason Development Group","","8037677781","","Frank DoughertyDeveloperColumbia, South","Owner/Developer","https://www.icsc.com/member/profile/671379",2026-01-30T06:25:33.584Z
"Kevin Dougherty","AdVenture Development, LLC","","(919) 965-5661","","Kevin DoughertyPresidentSelma, North","Owner/Developer","https://www.icsc.com/member/profile/338239",2026-01-30T06:25:33.584Z
"Bill Douglass","Upland Group, Inc.","","","","BDBill DouglassPrincipalTempe, Arizona","Owner/Developer","https://www.icsc.com/member/profile/142674",2026-01-30T06:25:33.584Z
"Carson Dowd","Saglo Companies","","","","Carson DowdAsset ManagerMiami, Florida","Owner/Developer","https://www.icsc.com/member/profile/554316",2026-01-30T06:25:33.584Z
"John Dowd III","The Dowd Companies","","","","John Dowd IIIPartnerWest Palm Beach, Florida","Owner/Developer","https://www.icsc.com/member/profile/136626",2026-01-30T06:25:33.584Z
"Ronald Dowdy","Dowdy Properties","","","","Special Projects DirectorOrlando, Florida","Owner/Developer","https://www.icsc.com/member/profile/718052",2026-01-30T06:25:33.584Z
"Megan Dowdy","Dowdy Properties","","4075099279","","MDMegan DowdyBroker OwnerOrlando, Florida","Owner/Developer","https://www.icsc.com/member/profile/718050",2026-01-30T06:25:33.584Z
"Joe Doye","Westin Company","","","","Joe DoyePartnerDallas, Texas","Owner/Developer","https://www.icsc.com/member/profile/238640",2026-01-30T06:25:33.584Z
"Michael Doyel","Rafferty Development LLC","","2707799356","","MDMichael DoyelDirector of OperationsBowling Green, Kentucky","Owner/Developer","https://www.icsc.com/member/profile/869855",2026-01-30T06:25:33.584Z
"Richard Doyle, CDP, CRRP, CRX","The Peterson Companies","","","","","Owner/Developer","https://www.icsc.com/member/profile/108511",2026-01-30T06:25:33.584Z
"Blaine Dozier","Ramrock Real Estate LLC","","","","BDBlaine DozierVice PresidentDallas, Texas","Owner/Developer","https://www.icsc.com/member/profile/631795",2026-01-30T06:25:33.584Z
"Robert Dozier","Ramrock Real Estate LLC","","2147244824","","RDRobert DozierPresidentDallas, Texas","Owner/Developer","https://www.icsc.com/member/profile/107533",2026-01-30T06:25:33.584Z
"William Dragon","Central Plaza Realty LLC","","(978) 735-3731","","Property ManagerLowell, Massachusetts","Owner/Developer","https://www.icsc.com/member/profile/617419",2026-01-30T06:27:02.234Z
"James Dragon","Central Plaza Realty LLC","","9784075762","","James DragonManaging PartnerLowell, Massachusetts","Owner/Developer","https://www.icsc.com/member/profile/519348",2026-01-30T06:27:02.234Z
"Richard Dreher","The Dreher Group","","(609) 430-3055","","Partner ChairmanNewtown, Pennsylvania","Owner/Developer","https://www.icsc.com/member/profile/105147",2026-01-30T06:27:02.234Z
"Douglas Drennan","Key Growth Capital","","5046213351","","DDDouglas DrennanDirector of DevelopmentNew Haven, Connecticut","Owner/Developer","https://www.icsc.com/member/profile/804174",2026-01-30T06:27:02.234Z
"Lauren Dressler","Oak Place Partners, Inc.","","","","Lauren DresslerPrincipalSan Diego, California","Owner/Developer","https://www.icsc.com/member/profile/637421",2026-01-30T06:27:02.234Z
"Nancy Dreyer","CHM Development LLC","","","","NDNancy DreyerManagerKetchum, Idaho","Owner/Developer","https://www.icsc.com/member/profile/857957",2026-01-30T06:27:02.234Z
"Roy Drinkard","Drinkard Developments","","","","RDRoy DrinkardPresidentCullman, Alabama","Owner/Developer","https://www.icsc.com/member/profile/103596",2026-01-30T06:27:02.234Z
"Natalia Duay","Ember Real Estate Investment & Development","","","","NDNatalia DuaySr Asset ManagerHouston, Texas","Owner/Developer","https://www.icsc.com/member/profile/869875",2026-01-30T06:27:02.234Z
"Anthony Dubbaneh","Harborview Capital Group","","","","ADAnthony DubbanehCEOPunta Gorda, Florida","Owner/Developer","https://www.icsc.com/member/profile/858518",2026-01-30T06:27:02.234Z
"Jessica Duckett","First National Realty Partners","","","","JDJessica DuckettAsset ManagerMeadowbrook, Alabama","Owner/Developer","https://www.icsc.com/member/profile/844144",2026-01-30T06:27:02.234Z
"Jeremie Dufault","JWY Investments, LLC","","5099022344","","JDJeremie DufaultPrincipalCheyenne, Wyoming","Owner/Developer","https://www.icsc.com/member/profile/786902",2026-01-30T06:27:02.234Z
"Chase Duffey","Bedrock Detroit","","","","Chase DuffeySenior Retail Leasing AssociateDetroit, Michigan","Owner/Developer","https://www.icsc.com/member/profile/611220",2026-01-30T06:27:02.234Z
"Jamey Dufner","Summit Properties USA","","","","JDJamey DufnerManager, Leasing","Owner/Developer","https://www.icsc.com/member/profile/773020",2026-01-30T06:27:02.234Z
"Carl Duke","Larry H. Miller Real Estate","","","","CDCarl DukeVP Commercial DevelopmentSandy, Utah","Owner/Developer","https://www.icsc.com/member/profile/830285",2026-01-30T06:27:02.234Z
"Phillip Duke","Columbus Pacific Retail (CPR)","","","","PDPhillip DukePrincipalCalabasas, California","Owner/Developer","https://www.icsc.com/member/profile/201885",2026-01-30T06:27:02.234Z
"Brooke Dunahugh","Cole Valley Partners","","","","Brooke DunahughDevelopment ManagerPortland, Oregon","Owner/Developer","https://www.icsc.com/member/profile/797783",2026-01-30T06:27:02.234Z