Name,Company,Title,Phone,Email,Location,State,Business Type,Profile URL
"Andrea Aquadro","Wilson Dam Properties","","","","","Alabama","Owner/Developer","https://www.icsc.com/member/profile/852078"
"John Argo","Southeast Capital Partners","","","","","Alabama","Owner/Developer","https://www.icsc.com/member/profile/599510"
"Garrett Baker","Delaney Property Group","","","","","Alabama","Owner/Developer","https://www.icsc.com/member/profile/802555"
"Todd Brown","OPMI","","","","","Alabama","Owner/Developer","https://www.icsc.com/member/profile/827064"
"Murray Brown","Fairway Investments","","","","","Alabama","Owner/Developer","https://www.icsc.com/member/profile/825123"
"Vincent Cave","Belterra Partners","","","","","Alabama","Owner/Developer","https://www.icsc.com/member/profile/823882"
"Greg Cherry","Fairway Investments","","","","","Alabama","Owner/Developer","https://www.icsc.com/member/profile/339491"
"Brandon Clark","Build Partners","","","","","Alabama","Owner/Developer","https://www.icsc.com/member/profile/526659"
"Bill Clements","The Retail Companies","","","","","Alabama","Owner/Developer","https://www.icsc.com/member/profile/297120"
"Tony Cochran","Team Delta3, LLC","","","","","Alabama","Owner/Developer","https://www.icsc.com/member/profile/780534"
"Blair Cooper","Richmond Properties, Inc.","","","","","Alabama","Owner/Developer","https://www.icsc.com/member/profile/797013"
"Brooks Corr CCIM","The Retail Companies","","","","","Alabama","Owner/Developer","https://www.icsc.com/member/profile/401295"
"Sloan Covington","Covington Group, LLC","","","","","Alabama","Owner/Developer","https://www.icsc.com/member/profile/827468"
"Andrew Cronin","Tidewater Development Group","","","","","Alabama","Owner/Developer","https://www.icsc.com/member/profile/695903"
"Paul Darden","Fairway Investments","","","","","Alabama","Owner/Developer","https://www.icsc.com/member/profile/369037"
"Roy Drinkard","Drinkard Developments","","","","","Alabama","Owner/Developer","https://www.icsc.com/member/profile/103596"
"Jessica Duckett","First National Realty Partners","","","","","Alabama","Owner/Developer","https://www.icsc.com/member/profile/844144"
"Sims Garrison","Fairway Investments","","","","","Alabama","Owner/Developer","https://www.icsc.com/member/profile/248130"
"Max Goodwin","Fairway Investments","","","","","Alabama","Owner/Developer","https://www.icsc.com/member/profile/864692"
"Thomas Graves","Perman Engineering Co., LLC","","","","","Alabama","Owner/Developer","https://www.icsc.com/member/profile/813457"
"Will Greer","Greer Building Contractors","","","","","Alabama","Owner/Developer","https://www.icsc.com/member/profile/857758"
"Jason Grimmett","Drinkard Developments","","","","","Alabama","Owner/Developer","https://www.icsc.com/member/profile/244905"
"Eric Guster Esq","Guster Development","","","","","Alabama","Owner/Developer","https://www.icsc.com/member/profile/805455"
"Sam Harris","Stardust Development / Harris Farms","","","","","Alabama","Owner/Developer","https://www.icsc.com/member/profile/869032"
"Tom Hayley","Hayley-Redd Development Co.","","","","","Alabama","Owner/Developer","https://www.icsc.com/member/profile/517090"
"Sam Heide","Crawford Square Real Estate Advisors","","","","","Alabama","Owner/Developer","https://www.icsc.com/member/profile/429060"
"Jackie Hollingsworth","Crawford Square Real Estate Advisors","","","","","Alabama","Owner/Developer","https://www.icsc.com/member/profile/720493"
"Hunter Hospes","Fairway Investments","","","","","Alabama","Owner/Developer","https://www.icsc.com/member/profile/782282"
"Hamilton Huber","Crawford Square Real Estate Advisors","","","","","Alabama","Owner/Developer","https://www.icsc.com/member/profile/789381"
"Jordan Jaggers","JAR Properties","","","","","Alabama","Owner/Developer","https://www.icsc.com/member/profile/831632"
"Todd Jordan","Harbert Management Corporation","","","","","Alabama","Owner/Developer","https://www.icsc.com/member/profile/574531"
"Steve Ladas","Ladas Development, Inc.","","","","","Alabama","Owner/Developer","https://www.icsc.com/member/profile/864562"
"Mary Beyer Lell","Crawford Square Real Estate Advisors","","","","","Alabama","Owner/Developer","https://www.icsc.com/member/profile/274417"
"Todd Martin","Southland Capital Realty Group, LLC","","","","","Alabama","Owner/Developer","https://www.icsc.com/member/profile/294014"
"Patrick Massey","Crawford Square Real Estate Advisors","","","","","Alabama","Owner/Developer","https://www.icsc.com/member/profile/790542"
"Yolanda McLain","McLain Development, LLC","","","","","Alabama","Owner/Developer","https://www.icsc.com/member/profile/543767"
"Tyler Miller","Fairway Investments","","","","","Alabama","Owner/Developer","https://www.icsc.com/member/profile/526379"
"HM Nowlin","Nowlin Development","","","","","Alabama","Owner/Developer","https://www.icsc.com/member/profile/832105"
"Jackson Nowlin","Nowlin Development","","","","","Alabama","Owner/Developer","https://www.icsc.com/member/profile/832104"
"Matthew Nowlin","Nowlin Development","","","","","Alabama","Owner/Developer","https://www.icsc.com/member/profile/832102"
"Eric Oden","OPMI","","","","","Alabama","Owner/Developer","https://www.icsc.com/member/profile/821026"
"Keith Owens","Alumni Properties & Investments, LLC","","","","","Alabama","Owner/Developer","https://www.icsc.com/member/profile/609835"
"Andrew Parmer","Parmer Development","","","","","Alabama","Owner/Developer","https://www.icsc.com/member/profile/827326"
"Chandler Pulliam","Fairway Investments","","","","","Alabama","Owner/Developer","https://www.icsc.com/member/profile/869686"
"Jeffrey Quinnelly","Quinnelly, Inc.","","","","","Alabama","Owner/Developer","https://www.icsc.com/member/profile/775497"
"Jackson Ratliff","Crawford Square Real Estate Advisors","","","","","Alabama","Owner/Developer","https://www.icsc.com/member/profile/776203"
"Will Reis","Crawford Square Real Estate Advisors","","","","","Alabama","Owner/Developer","https://www.icsc.com/member/profile/756341"
"Erik Schatz","Crawford Square Real Estate Advisors","","","","","Alabama","Owner/Developer","https://www.icsc.com/member/profile/672246"
"Scott Smith","Belterra Partners","","","","","Alabama","Owner/Developer","https://www.icsc.com/member/profile/778003"
"Jackson Stewart","Sanders Capital Partners","","","","","Alabama","Owner/Developer","https://www.icsc.com/member/profile/786556"
"Lauryn Stinson","Crawford Square Real Estate Advisors","","","","","Alabama","Owner/Developer","https://www.icsc.com/member/profile/859558"
"Julie Tabele RPA","Fairway Investments","","","","","Alabama","Owner/Developer","https://www.icsc.com/member/profile/770969"
"Selwyn Turner","Southland Capital Realty Group, LLC","","","","","Alabama","Owner/Developer","https://www.icsc.com/member/profile/472224"
"Adam Williamson","Southeastern Retail Development, LLC","","","","","Alabama","Owner/Developer","https://www.icsc.com/member/profile/863160"
"Heather Wright","Wilson Dam Properties","","","","","Alabama","Owner/Developer","https://www.icsc.com/member/profile/832590"
"Heather Wright","Economic Development Alabama","","","","","Alabama","Owner/Developer","https://www.icsc.com/member/profile/831783"
"Collin Agni","Carr & Family Properties, LLC","","","","","Alaska","Owner/Developer","https://www.icsc.com/member/profile/589785"
"Ryan Amato","Eisenberg Company","","","","","Arizona","Owner/Developer","https://www.icsc.com/member/profile/229904"
"Bryant Aplass","Hungry Investments Inc","","","","","Arizona","Owner/Developer","https://www.icsc.com/member/profile/832639"
"Thomas Asimou Esq","Mapleton Partners, LLC","","","","","Arizona","Owner/Developer","https://www.icsc.com/member/profile/516681"
"RAMEZ AYOUB","TRANS SEAS USA LLC","","","","","Arizona","Owner/Developer","https://www.icsc.com/member/profile/807714"
"Natalia Babits","Arizona Partners","","","","","Arizona","Owner/Developer","https://www.icsc.com/member/profile/346875"
"Philip Bramsen","San Tan Commercial Advisors LLC","","","","","Arizona","Owner/Developer","https://www.icsc.com/member/profile/239132"
"PAUL BRONSTEIN","CalBay Development, LLC","","","","","Arizona","Owner/Developer","https://www.icsc.com/member/profile/673353"
"Karter Burns","Arizona Partners","","","","","Arizona","Owner/Developer","https://www.icsc.com/member/profile/828388"
"Mark Burns","Arizona Partners","","","","","Arizona","Owner/Developer","https://www.icsc.com/member/profile/108500"
"Chris Campbell","Lamar Companies","","","","","Arizona","Owner/Developer","https://www.icsc.com/member/profile/229971"
"Garret Clifford","Okland Capital","","","","","Arizona","Owner/Developer","https://www.icsc.com/member/profile/821565"
"Kristian Cotta CCIM","Hungry Investments Inc","","","","","Arizona","Owner/Developer","https://www.icsc.com/member/profile/808906"
"Daniel Cox","SimonCRE","","","","","Arizona","Owner/Developer","https://www.icsc.com/member/profile/767681"
"Tracie Davis","Evergreen Devco, Inc","","","","","Arizona","Owner/Developer","https://www.icsc.com/member/profile/655336"
"Armando Delgado","Hungry Investments Inc","","","","","Arizona","Owner/Developer","https://www.icsc.com/member/profile/809136"
"Joshua Delo","ExchangeRight Real Estate","","","","","Arizona","Owner/Developer","https://www.icsc.com/member/profile/849460"
"Reed Dodenhoff","Fundamental Income","","","","","Arizona","Owner/Developer","https://www.icsc.com/member/profile/833230"
"Bill Doherty","Walton Global Holdings, LLC","","","","","Arizona","Owner/Developer","https://www.icsc.com/member/profile/855816"
"Bill Douglass","Upland Group, Inc.","","","","","Arizona","Owner/Developer","https://www.icsc.com/member/profile/142674"
"Craig Eisenberg","Eisenberg Company","","","","","Arizona","Owner/Developer","https://www.icsc.com/member/profile/91256"
"Jason Eisenberg","Eisenberg Company","","","","","Arizona","Owner/Developer","https://www.icsc.com/member/profile/316644"
"Benjamin Epstein","Arizona Partners","","","","","Arizona","Owner/Developer","https://www.icsc.com/member/profile/709741"
"Gabrielle Evans","Barclay Group","","","","","Arizona","Owner/Developer","https://www.icsc.com/member/profile/838020"
"Bill Finch","Unified CRE, LLC","","","","","Arizona","Owner/Developer","https://www.icsc.com/member/profile/713950"
"Blake Foulds","Wesley Properties","","","","","Arizona","Owner/Developer","https://www.icsc.com/member/profile/862248"
"Bob Franz","Federal Realty","","","","","Arizona","Owner/Developer","https://www.icsc.com/member/profile/361353"
"Scott Glesmann","Rock River Realty LLC","","","","","Arizona","Owner/Developer","https://www.icsc.com/member/profile/854540"
"Susan Glesmann","Rock River Realty LLC","","","","","Arizona","Owner/Developer","https://www.icsc.com/member/profile/854539"
"Austin Gottsacker","SimonCRE","","","","","Arizona","Owner/Developer","https://www.icsc.com/member/profile/665499"
"Fahmi Hashish","Barclay Group","","","","","Arizona","Owner/Developer","https://www.icsc.com/member/profile/254515"
"Bert Hayenga","Doubletree Ventures","","","","","Arizona","Owner/Developer","https://www.icsc.com/member/profile/854521"
"Craig Henig","Mack Real Estate Group","","","","","Arizona","Owner/Developer","https://www.icsc.com/member/profile/855337"
"Richard Huffman","HCW Development Co. LLC","","","","","Arizona","Owner/Developer","https://www.icsc.com/member/profile/850743"
"Chris Janson","Mack Real Estate Group","","","","","Arizona","Owner/Developer","https://www.icsc.com/member/profile/855189"
"Hudson Joubert","i3 Interests","","","","","Arizona","Owner/Developer","https://www.icsc.com/member/profile/831267"
"Gordon Keig","Pennant Development","","","","","Arizona","Owner/Developer","https://www.icsc.com/member/profile/106873"
"Lamont Kindseth","Arizona Partners","","","","","Arizona","Owner/Developer","https://www.icsc.com/member/profile/143436"
"Jake Kwarta","Mantle Investments","","","","","Arizona","Owner/Developer","https://www.icsc.com/member/profile/855990"
"Bryan Lamond","Evergreen Devco, Inc","","","","","Arizona","Owner/Developer","https://www.icsc.com/member/profile/342024"
"Greg Lang","Fundamental Income","","","","","Arizona","Owner/Developer","https://www.icsc.com/member/profile/767422"
"Zach Lauterbach","Evergreen Devco, Inc","","","","","Arizona","Owner/Developer","https://www.icsc.com/member/profile/675789"
"Peter LeBlanc","SimonCRE","","","","","Arizona","Owner/Developer","https://www.icsc.com/member/profile/808374"
"Karen Levitt Ortiz","Evergreen Devco, Inc","","","","","Arizona","Owner/Developer","https://www.icsc.com/member/profile/764323"
"Mitchell Lorenz","Evergreen Devco, Inc","","","","","Arizona","Owner/Developer","https://www.icsc.com/member/profile/815883"
"Paula Lovesy","Evergreen Devco, Inc","","","","","Arizona","Owner/Developer","https://www.icsc.com/member/profile/362055"
"Lee Mashburn","Pivot Development","","","","","Arizona","Owner/Developer","https://www.icsc.com/member/profile/269481"
"Kristen McLean","Hungry Investments Inc","","","","","Arizona","Owner/Developer","https://www.icsc.com/member/profile/868903"
"Danny Mikhail","Melka Capital","","","","","Arizona","Owner/Developer","https://www.icsc.com/member/profile/864066"
"Tanner Nelson","Inside Edge Development","","","","","Arizona","Owner/Developer","https://www.icsc.com/member/profile/804532"
"Michael Olsen","Globe Corporation","","","","","Arizona","Owner/Developer","https://www.icsc.com/member/profile/647144"
"Jake Palmer","Accelerated Development Services","","","","","Arizona","Owner/Developer","https://www.icsc.com/member/profile/593886"
"Alexi Panagiotakopoulos","Fundamental Income","","","","","Arizona","Owner/Developer","https://www.icsc.com/member/profile/763889"
"Russell Perkins","Evergreen Devco, Inc","","","","","Arizona","Owner/Developer","https://www.icsc.com/member/profile/314963"
"Heather Personne","Evolve Ventures, LLC","","","","","Arizona","Owner/Developer","https://www.icsc.com/member/profile/831455"
"Tristen Pfeifer","Fundamental Income","","","","","Arizona","Owner/Developer","https://www.icsc.com/member/profile/803355"
"Brennen Pierson","Hungry Investments Inc","","","","","Arizona","Owner/Developer","https://www.icsc.com/member/profile/696452"
"Bruce Pomeroy, CDP, CRX","Evergreen Devco, Inc","","","","","Arizona","Owner/Developer","https://www.icsc.com/member/profile/98501"
"Mark Ruhlman","Columbus Capital, LLC","","","","","Arizona","Owner/Developer","https://www.icsc.com/member/profile/314150"
"Robert Rusing","Arizona Partners","","","","","Arizona","Owner/Developer","https://www.icsc.com/member/profile/108555"
"Bruce Shapiro","Arizona Partners","","","","","Arizona","Owner/Developer","https://www.icsc.com/member/profile/143437"
"Jack Sheehan","Wesley Properties","","","","","Arizona","Owner/Developer","https://www.icsc.com/member/profile/765172"
"Erika Shorter","Evergreen Devco, Inc","","","","","Arizona","Owner/Developer","https://www.icsc.com/member/profile/380193"
"Nick Sims","Barclay Group","","","","","Arizona","Owner/Developer","https://www.icsc.com/member/profile/818327"
"Scott Spier CCIM","Eisenberg Company","","","","","Arizona","Owner/Developer","https://www.icsc.com/member/profile/101718"
"Heather Tippit","Yavapai-Prescott Indian Tribe","","","","","Arizona","Owner/Developer","https://www.icsc.com/member/profile/596238"
"Joe Tosini","Inheritance Development Co.","","","","","Arizona","Owner/Developer","https://www.icsc.com/member/profile/808487"
"Thomas Vaughn","Cardon Development Group","","","","","Arizona","Owner/Developer","https://www.icsc.com/member/profile/719370"
"Andrew Veatch","SimonCRE","","","","","Arizona","Owner/Developer","https://www.icsc.com/member/profile/724155"
"Erica Vester","Evergreen Devco, Inc","","","","","Arizona","Owner/Developer","https://www.icsc.com/member/profile/629208"
"Jerald Willis","Houston Creek Development, LLC","","","","","Arizona","Owner/Developer","https://www.icsc.com/member/profile/831043"
"Heather Wiseman","Evergreen Devco, Inc","","","","","Arizona","Owner/Developer","https://www.icsc.com/member/profile/662406"
"Kirk Zenk","Arizona Partners","","","","","Arizona","Owner/Developer","https://www.icsc.com/member/profile/353099"
"Brian Zurek","Doubletree Ventures","","","","","Arizona","Owner/Developer","https://www.icsc.com/member/profile/853382"
"Walker Zweifel","Arizona Partners","","","","","Arizona","Owner/Developer","https://www.icsc.com/member/profile/804914"
"Will Collins","Cypress Properties","","","","","Arkansas","Owner/Developer","https://www.icsc.com/member/profile/864581"
"Randy Crossno CCIM","Capstone Commercial Advisors","","","","","Arkansas","Owner/Developer","https://www.icsc.com/member/profile/494544"
"chris gamble","gh brands","","","","","Arkansas","Owner/Developer","https://www.icsc.com/member/profile/808607"
"Ryan George","Corolla Capital Partners","","","","","Arkansas","Owner/Developer","https://www.icsc.com/member/profile/642265"
"Hugh Jordan","First Delta Development","","","","","Arkansas","Owner/Developer","https://www.icsc.com/member/profile/822269"
"Stuart McLendon","DYNE Development LLC","","","","","Arkansas","Owner/Developer","https://www.icsc.com/member/profile/804088"
"Kim O'Gary","Jones O'Gary Development","","","","","Arkansas","Owner/Developer","https://www.icsc.com/member/profile/817904"
"Luke O'Gary","Jones O'Gary Development","","","","","Arkansas","Owner/Developer","https://www.icsc.com/member/profile/817901"
"Matt Sitton CCIM","Sitton Group, LLC","","","","","Arkansas","Owner/Developer","https://www.icsc.com/member/profile/618310"
"JW Stacy","JAA LLC","","","","","Arkansas","Owner/Developer","https://www.icsc.com/member/profile/807935"
"Jason Trenary","Capstone Commercial Advisors","","","","","Arkansas","Owner/Developer","https://www.icsc.com/member/profile/787451"
"Matt Vandiver","JWB Company","","","","","Arkansas","Owner/Developer","https://www.icsc.com/member/profile/792109"
"Matthew Wilson","R.A. Wilson Enterprises","","","","","Arkansas","Owner/Developer","https://www.icsc.com/member/profile/695141"
"Jacob A Huerta","Shapell Properties, Inc.","","","","","California","Owner/Developer","https://www.icsc.com/member/profile/827608"
"Sam Abed","BridgePoint Developments","","","","","California","Owner/Developer","https://www.icsc.com/member/profile/778326"
"Thomas Acevedo","West Market Capital, LLC","","","","","California","Owner/Developer","https://www.icsc.com/member/profile/523302"
"Vartan Achabahian","Prospect Group","","","","","California","Owner/Developer","https://www.icsc.com/member/profile/854511"
"John Adamick","HCP Downey LLC","","","","","California","Owner/Developer","https://www.icsc.com/member/profile/830018"
"Andrew Adamick","HCP Downey LLC","","","","","California","Owner/Developer","https://www.icsc.com/member/profile/830016"
"Nathan Afshani","AXS Opportunity Fund","","","","","California","Owner/Developer","https://www.icsc.com/member/profile/856972"
"Vadim Agamirzoyan","Golden Black Capital","","","","","California","Owner/Developer","https://www.icsc.com/member/profile/847977"
"Nadia ahmad","NEXTGEN INVESTMENTS","","","","","California","Owner/Developer","https://www.icsc.com/member/profile/789803"
"Mike Ahmad","NEXTGEN INVESTMENTS","","","","","California","Owner/Developer","https://www.icsc.com/member/profile/787416"
"Phoebe Aiken","Rothbart Development Corporation","","","","","California","Owner/Developer","https://www.icsc.com/member/profile/711710"
"Tom Alexander","BH Properties, LLC","","","","","California","Owner/Developer","https://www.icsc.com/member/profile/720236"
"Purandar Amin","Sapient Advisors, Inc.","","","","","California","Owner/Developer","https://www.icsc.com/member/profile/807085"
"Joshua Amoroso","LRG Investors","","","","","California","Owner/Developer","https://www.icsc.com/member/profile/477430"
"Jeff Anenberg","Anenberg Asset Management, LLC","","","","","California","Owner/Developer","https://www.icsc.com/member/profile/735213"
"Joseph Aranda","Brandywine Homes","","","","","California","Owner/Developer","https://www.icsc.com/member/profile/858718"
"Joseph Aranda","Brandywine Homes","","","","","California","Owner/Developer","https://www.icsc.com/member/profile/768971"
"George Arce Jr","Centers Dynamic Partners","","","","","California","Owner/Developer","https://www.icsc.com/member/profile/220819"
"Alexander Arfsten","Regency Centers","","","","","California","Owner/Developer","https://www.icsc.com/member/profile/848356"
"Shahvand Aryana","American Colonial Capital, LLC","","","","","California","Owner/Developer","https://www.icsc.com/member/profile/856353"
"Bobby Assil","Eighty eight place","","","","","California","Owner/Developer","https://www.icsc.com/member/profile/377233"
"Lauren Athans","AOK Capital, LLC","","","","","California","Owner/Developer","https://www.icsc.com/member/profile/869654"
"Amani Atwal","Atwal Developments,","","","","","California","Owner/Developer","https://www.icsc.com/member/profile/856581"
"Tj Atwal","Atwal Developments,","","","","","California","Owner/Developer","https://www.icsc.com/member/profile/847094"
"sunny aujla","sunny aujla development group","","","","","California","Owner/Developer","https://www.icsc.com/member/profile/827527"
"Dan Austin","The Arba Group, Inc.","","","","","California","Owner/Developer","https://www.icsc.com/member/profile/347493"
"Shade Awad","A&A Property Investments LLC","","","","","California","Owner/Developer","https://www.icsc.com/member/profile/809325"
"Edgar Baek","Beacon Rose Partners","","","","","California","Owner/Developer","https://www.icsc.com/member/profile/781064"
"Derek Barbour","Richland Investments","","","","","California","Owner/Developer","https://www.icsc.com/member/profile/809086"
"Baabak Barman","Tourmaline Capital","","","","","California","Owner/Developer","https://www.icsc.com/member/profile/816666"
"Navid Bayanfar","KBHB Funding, LLC","","","","","California","Owner/Developer","https://www.icsc.com/member/profile/852125"
"Donna Bayliss","Bayliss Botanicals","","","","","California","Owner/Developer","https://www.icsc.com/member/profile/850380"
"Scott Beard","Geerald W. Beard Realty, Inc.","","","","","California","Owner/Developer","https://www.icsc.com/member/profile/709030"
"Mike Beckman","CAS Properties LLC","","","","","California","Owner/Developer","https://www.icsc.com/member/profile/808049"
"Trish Beckman LEED APBD+C, CDP, CRRP","ALTA SKY Development","","","","","California","Owner/Developer","https://www.icsc.com/member/profile/344379"
"Jacob Behning","AOK Capital, LLC","","","","","California","Owner/Developer","https://www.icsc.com/member/profile/821297"
"Thomas Bengard","Arbor Capital Partners LLC","","","","","California","Owner/Developer","https://www.icsc.com/member/profile/205066"
"Chris Bergren","Evergreen Devco, Inc","","","","","California","Owner/Developer","https://www.icsc.com/member/profile/337109"
"Paul Bernard","California Gold Development Corp","","","","","California","Owner/Developer","https://www.icsc.com/member/profile/180136"
"Ethan Beutel","Argan Ventures","","","","","California","Owner/Developer","https://www.icsc.com/member/profile/861673"
"Ethan Beutel","LBX Investments LLC","","","","","California","Owner/Developer","https://www.icsc.com/member/profile/719634"
"Angela Biciocchi","Anderson Real Estate","","","","","California","Owner/Developer","https://www.icsc.com/member/profile/790284"
"Shawn Bidsal","West Coast Investments, Inc.","","","","","California","Owner/Developer","https://www.icsc.com/member/profile/549574"
"Parm Binning","Bottom Line Group LLC","","","","","California","Owner/Developer","https://www.icsc.com/member/profile/816373"
"Philip Block","LBX Investments LLC","","","","","California","Owner/Developer","https://www.icsc.com/member/profile/390334"
"Mehdi Bolour","Denley Investment & Management","","","","","California","Owner/Developer","https://www.icsc.com/member/profile/392396"
"David Bolour","AND Asset Management Inc.","","","","","California","Owner/Developer","https://www.icsc.com/member/profile/392393"
"Laura Borenstein-Hofman, CSM","Regency Centers","","","","","California","Owner/Developer","https://www.icsc.com/member/profile/578170"
"Steven Boss","Arroyo Seco Development Group","","","","","California","Owner/Developer","https://www.icsc.com/member/profile/648467"
"Michael Botfeld","The Stewart Group LLC","","","","","California","Owner/Developer","https://www.icsc.com/member/profile/829701"
"Jeryl Bowers","Bison Capital Partners","","","","","California","Owner/Developer","https://www.icsc.com/member/profile/816583"
"Almira Bowo","Pacific Bay Ventures","","","","","California","Owner/Developer","https://www.icsc.com/member/profile/862316"
"Jeffrey Branch CCIM, CRX","Columbus Capital, LLC","","","","","California","Owner/Developer","https://www.icsc.com/member/profile/128176"
"Andrew Broeren","Sentinel Net Lease","","","","","California","Owner/Developer","https://www.icsc.com/member/profile/772912"
"Jim Brooks","BH Properties, LLC","","","","","California","Owner/Developer","https://www.icsc.com/member/profile/790046"
"Eric Brown","LBA Realty","","","","","California","Owner/Developer","https://www.icsc.com/member/profile/570178"
"Jeff Brown","BlackRock Inc","","","","","California","Owner/Developer","https://www.icsc.com/member/profile/496236"
"Larry Buehner","B2B Sales","","","","","California","Owner/Developer","https://www.icsc.com/member/profile/851547"
"Mark Burger","Pacific Development Partners","","","","","California","Owner/Developer","https://www.icsc.com/member/profile/109589"
"Daniel Byron","3D Investments","","","","","California","Owner/Developer","https://www.icsc.com/member/profile/854738"
"Eric Caballero","HCP Downey LLC","","","","","California","Owner/Developer","https://www.icsc.com/member/profile/830123"
"Al Cabraloff","Spectrum Properties, Inc.","","","","","California","Owner/Developer","https://www.icsc.com/member/profile/309132"
"Chris Carnazzo","Loka Properties","","","","","California","Owner/Developer","https://www.icsc.com/member/profile/556820"
"Adam Carrillo","Partake Collective","","","","","California","Owner/Developer","https://www.icsc.com/member/profile/807620"
"Kirk Carson","Southwest Value Partners","","","","","California","Owner/Developer","https://www.icsc.com/member/profile/861645"
"Casey Carstens","Carstens Realty","","","","","California","Owner/Developer","https://www.icsc.com/member/profile/836472"
"Aaron Chan","Loka Properties","","","","","California","Owner/Developer","https://www.icsc.com/member/profile/783019"
"Rick Chancellor","Cardiff Development Partners","","","","","California","Owner/Developer","https://www.icsc.com/member/profile/113269"
"Gurvinder Singh Chandi","Chandi Group USA, Inc.","","","","","California","Owner/Developer","https://www.icsc.com/member/profile/817130"
"Nachhattar Chandi","Chandi Group USA, Inc.","","","","","California","Owner/Developer","https://www.icsc.com/member/profile/342937"
"David Chang","Perris Iris Property, LLC","","","","","California","Owner/Developer","https://www.icsc.com/member/profile/790182"
"Patrick Charriou","Sage Investco","","","","","California","Owner/Developer","https://www.icsc.com/member/profile/508564"
"Ryan Chase","S&A Management","","","","","California","Owner/Developer","https://www.icsc.com/member/profile/542905"
"Michael Chastain","Lewis Group of Companies","","","","","California","Owner/Developer","https://www.icsc.com/member/profile/332673"
"Yunida Cheng","Winreal Operating Co. LP","","","","","California","Owner/Developer","https://www.icsc.com/member/profile/709182"
"Jonathan Cheng","Tourmaline Capital","","","","","California","Owner/Developer","https://www.icsc.com/member/profile/542907"
"Kenneth Chin","Terranado Realty Partners","","","","","California","Owner/Developer","https://www.icsc.com/member/profile/772513"
"Brett Christopoulos","Carmel Partners","","","","","California","Owner/Developer","https://www.icsc.com/member/profile/356210"
"Walter Chui","Prado Group","","","","","California","Owner/Developer","https://www.icsc.com/member/profile/851100"
"David Cieminis","Ramp Charging","","","","","California","Owner/Developer","https://www.icsc.com/member/profile/851760"
"Jordan Cobb","Chartwell Real Estate Development","","","","","California","Owner/Developer","https://www.icsc.com/member/profile/852312"
"Tina Colacino","U.S. Realty Partners, Inc.","","","","","California","Owner/Developer","https://www.icsc.com/member/profile/364324"
"Rogg Collins","Evergreen Devco, Inc","","","","","California","Owner/Developer","https://www.icsc.com/member/profile/127900"
"Adrian Comstock","Comstock Realty Partners","","","","","California","Owner/Developer","https://www.icsc.com/member/profile/785173"
"Patrick Conway","Regency Centers","","","","","California","Owner/Developer","https://www.icsc.com/member/profile/132312"
"Kyle Corrigan","Citivest Commercial Investments","","","","","California","Owner/Developer","https://www.icsc.com/member/profile/787006"
"James Costanzo","Costanzo Investments","","","","","California","Owner/Developer","https://www.icsc.com/member/profile/97029"
"Chris Costanzo","Costanzo Investments","","","","","California","Owner/Developer","https://www.icsc.com/member/profile/597618"
"Cole Couch","Marhilus Ventures","","","","","California","Owner/Developer","https://www.icsc.com/member/profile/825991"
"Gavin Cox","Bottom Line Group LLC","","","","","California","Owner/Developer","https://www.icsc.com/member/profile/859698"
"Pat Cox","Starboard Realty Advisors, LLC","","","","","California","Owner/Developer","https://www.icsc.com/member/profile/829321"
"Catherine Creech","Related Companies","","","","","California","Owner/Developer","https://www.icsc.com/member/profile/855119"
"Bo Cromelin","Perform Properties","","","","","California","Owner/Developer","https://www.icsc.com/member/profile/645644"
"John Crump","BH Properties, LLC","","","","","California","Owner/Developer","https://www.icsc.com/member/profile/728455"
"Bill Cummings","Legacy Realty & Development","","","","","California","Owner/Developer","https://www.icsc.com/member/profile/850696"
"Mark Cunningham","CRG","","","","","California","Owner/Developer","https://www.icsc.com/member/profile/710004"
"William Cunningham-Corso","Cunningham Development Company","","","","","California","Owner/Developer","https://www.icsc.com/member/profile/213348"
"Aaron Curry","Unibail-Rodamco-Westfield","","","","","California","Owner/Developer","https://www.icsc.com/member/profile/700046"
"Bryce Daneshrad","Nine Oak Investments","","","","","California","Owner/Developer","https://www.icsc.com/member/profile/849398"
"Paul Daneshrad","StarPoint Properties","","","","","California","Owner/Developer","https://www.icsc.com/member/profile/384768"
"Chris Daniell","Daytom Enterprises, Inc.","","","","","California","Owner/Developer","https://www.icsc.com/member/profile/646612"
"Allan Davidov","MISUMA HOLDINGS LLC","","","","","California","Owner/Developer","https://www.icsc.com/member/profile/116868"
"Randall Dawson","Strategic Retail Advisors","","","","","California","Owner/Developer","https://www.icsc.com/member/profile/558318"
"Edward de Avila","Village Partners","","","","","California","Owner/Developer","https://www.icsc.com/member/profile/572149"
"Kenny DeAngelis","Valore Ventures","","","","","California","Owner/Developer","https://www.icsc.com/member/profile/764445"
"Kristine Delacruz","The Walt Disney Company","","","","","California","Owner/Developer","https://www.icsc.com/member/profile/577947"
"Ruben Delatorre","Wasteless Solutions LLC","","","","","California","Owner/Developer","https://www.icsc.com/member/profile/832002"
"Brittany Delgado","Bottom Line Group LLC","","","","","California","Owner/Developer","https://www.icsc.com/member/profile/816310"
"Ryan Delijani","SREG","","","","","California","Owner/Developer","https://www.icsc.com/member/profile/790599"
"Sandra Dellibovi","Merlone Geier Management Inc.","","","","","California","Owner/Developer","https://www.icsc.com/member/profile/136797"
"Benny Dhanda","Dhanda Development Group Inc","","","","","California","Owner/Developer","https://www.icsc.com/member/profile/808534"
"Aj Dhanoa","Diamond Inner Circle Investments","","","","","California","Owner/Developer","https://www.icsc.com/member/profile/573812"
"Sandeep Dharni","GSD Development Inc","","","","","California","Owner/Developer","https://www.icsc.com/member/profile/854865"
"Sunny Dharni","GSD Development Inc","","","","","California","Owner/Developer","https://www.icsc.com/member/profile/826006"
"Robert Diel","Maverick California development","","","","","California","Owner/Developer","https://www.icsc.com/member/profile/869063"
"Mani Dilmaghanian","Starboard Realty Advisors, LLC","","","","","California","Owner/Developer","https://www.icsc.com/member/profile/582263"
"Marvin Dole","Vintage Properties, LP","","","","","California","Owner/Developer","https://www.icsc.com/member/profile/824091"
"Brian Dole","Vintage Properties, LP","","","","","California","Owner/Developer","https://www.icsc.com/member/profile/824080"
"Dale Donohoe","Intertex Property Advisors, Inc.","","","","","California","Owner/Developer","https://www.icsc.com/member/profile/284618"
"Lauren Dressler","Oak Place Partners, Inc.","","","","","California","Owner/Developer","https://www.icsc.com/member/profile/637421"
"Phillip Duke","Columbus Pacific Retail (CPR)","","","","","California","Owner/Developer","https://www.icsc.com/member/profile/201885"
"Colby Durnin","CREDE","","","","","California","Owner/Developer","https://www.icsc.com/member/profile/510444"
"Todd Dwyer","OnPoint Development","","","","","California","Owner/Developer","https://www.icsc.com/member/profile/625746"
"Stephen Edwards","Brandywine Homes","","","","","California","Owner/Developer","https://www.icsc.com/member/profile/830796"
"Alon Efraim","Efraim Parry Real Estate Companies","","","","","California","Owner/Developer","https://www.icsc.com/member/profile/828712"
"Farid Efraim","Efraim Parry Real Estate Companies","","","","","California","Owner/Developer","https://www.icsc.com/member/profile/828711"
"Fred Efraim","Efraim Parry Real Estate Companies","","","","","California","Owner/Developer","https://www.icsc.com/member/profile/475676"
"Ryan Eichorst","Gerrity Group","","","","","California","Owner/Developer","https://www.icsc.com/member/profile/833266"
"Matt Ellis","AND Asset Management Inc.","","","","","California","Owner/Developer","https://www.icsc.com/member/profile/809224"
"Richard Ellwood","TRC Retail","","","","","California","Owner/Developer","https://www.icsc.com/member/profile/122334"
"Fernando Escobedo","Ladhar Group Inc.","","","","","California","Owner/Developer","https://www.icsc.com/member/profile/809153"
"Greg Etter","Atomic Investments, Inc.","","","","","California","Owner/Developer","https://www.icsc.com/member/profile/754754"
"Shannon Faeh","Developers Resource Companies, Inc.","","","","","California","Owner/Developer","https://www.icsc.com/member/profile/796313"
"Jordan Farahnik","Nine Oak Investments","","","","","California","Owner/Developer","https://www.icsc.com/member/profile/823076"
"Michael Farahnik","StarPoint Properties","","","","","California","Owner/Developer","https://www.icsc.com/member/profile/391522"
"Evan Farahnik","Nine Oak Investments","","","","","California","Owner/Developer","https://www.icsc.com/member/profile/353630"
"Andrew Farhadi","CJ Park and Associates","","","","","California","Owner/Developer","https://www.icsc.com/member/profile/809495"
"Joe Faris","KJF Partners, Inc.","","","","","California","Owner/Developer","https://www.icsc.com/member/profile/126194"
"Craig Farkas","Harold Davidson & Associates, Inc.","","","","","California","Owner/Developer","https://www.icsc.com/member/profile/543650"
"Travis Farrell","Tourmaline Capital","","","","","California","Owner/Developer","https://www.icsc.com/member/profile/305752"
"Jacob Fedder","Net Lease Equities","","","","","California","Owner/Developer","https://www.icsc.com/member/profile/295775"
"Mark Fergus","CREDE","","","","","California","Owner/Developer","https://www.icsc.com/member/profile/860681"
"Greg Ferrell","Conehead Investments, INC.","","","","","California","Owner/Developer","https://www.icsc.com/member/profile/228686"
"Patrick Fiedler","Jet Speed Express","","","","","California","Owner/Developer","https://www.icsc.com/member/profile/846531"
"Gary Fields, CRRP, CRX","Regency Centers","","","","","California","Owner/Developer","https://www.icsc.com/member/profile/411268"
"Michael Fillebrown","Biehl And Fillebrown Development, LLC","","","","","California","Owner/Developer","https://www.icsc.com/member/profile/827937"
"Ted Flood","Sage Investco","","","","","California","Owner/Developer","https://www.icsc.com/member/profile/548609"
"Marta Flores","The Olson Company","","","","","California","Owner/Developer","https://www.icsc.com/member/profile/743731"
"David Fong","GoodLife HP","","","","","California","Owner/Developer","https://www.icsc.com/member/profile/833137"
"Curtis Fralin","Sticks Holdings, LLC","","","","","California","Owner/Developer","https://www.icsc.com/member/profile/116361"
"Scott Frick","OCVIBE","","","","","California","Owner/Developer","https://www.icsc.com/member/profile/854420"
"Andrew Fuentes","Black Equities, LLC","","","","","California","Owner/Developer","https://www.icsc.com/member/profile/779416"
"Danish Gajiani","Palms Investment Management LLC","","","","","California","Owner/Developer","https://www.icsc.com/member/profile/807276"
"Paresh Gajiwala","GSons Hospitality","","","","","California","Owner/Developer","https://www.icsc.com/member/profile/804015"
"Ryan Gallagher","Space Investment Partners","","","","","California","Owner/Developer","https://www.icsc.com/member/profile/334562"
"Zach Gaon","Federal Realty","","","","","California","Owner/Developer","https://www.icsc.com/member/profile/717800"
"Aaron Garcia","Regency Centers","","","","","California","Owner/Developer","https://www.icsc.com/member/profile/740861"
"Peter Garofalo","Related Companies","","","","","California","Owner/Developer","https://www.icsc.com/member/profile/855759"
"Grady Gauger","Boardwalk Investments Group","","","","","California","Owner/Developer","https://www.icsc.com/member/profile/853958"
"John Gebhardt","SEG Advisors","","","","","California","Owner/Developer","https://www.icsc.com/member/profile/120935"
"Cheri Geers","Thomason Development Company","","","","","California","Owner/Developer","https://www.icsc.com/member/profile/709116"
"William Geier","Portola Real Estate Partners","","","","","California","Owner/Developer","https://www.icsc.com/member/profile/850950"
"Dino Giacomazzi","Giacomazzi Almond Company, Inc","","","","","California","Owner/Developer","https://www.icsc.com/member/profile/673708"
"Jess Gianulias","Perform Properties","","","","","California","Owner/Developer","https://www.icsc.com/member/profile/789043"
"Tommy Gibbs","Perform Properties","","","","","California","Owner/Developer","https://www.icsc.com/member/profile/473448"
"Ryan Gifford","Gifford Miller Group","","","","","California","Owner/Developer","https://www.icsc.com/member/profile/858527"
"David Gilbert","Parish Development","","","","","California","Owner/Developer","https://www.icsc.com/member/profile/854405"
"Amritpal Gill","Handi Stop Markets","","","","","California","Owner/Developer","https://www.icsc.com/member/profile/854403"
"Harry Gill","Bottom Line Group LLC","","","","","California","Owner/Developer","https://www.icsc.com/member/profile/827888"
"Ryan Gillard","Gerrity Group","","","","","California","Owner/Developer","https://www.icsc.com/member/profile/382840"
"Ian Glish","AOK Capital, LLC","","","","","California","Owner/Developer","https://www.icsc.com/member/profile/869658"
"Robin Gohlke","The Walt Disney Company","","","","","California","Owner/Developer","https://www.icsc.com/member/profile/557372"
"Jeff Gold","Au Zone Ventures","","","","","California","Owner/Developer","https://www.icsc.com/member/profile/839689"
"Kate Gottlieb","Real Estate Affiliates, Inc.","","","","","California","Owner/Developer","https://www.icsc.com/member/profile/644996"
"Alan Gottlieb","Real Estate Affiliates, Inc.","","","","","California","Owner/Developer","https://www.icsc.com/member/profile/145881"
"Steve Gozini","BH Properties, LLC","","","","","California","Owner/Developer","https://www.icsc.com/member/profile/241655"
"Leonard Grado","Palos Verdes Properties Inc.","","","","","California","Owner/Developer","https://www.icsc.com/member/profile/784364"
"Evan Gramis","Sunset Square Properties LLC","","","","","California","Owner/Developer","https://www.icsc.com/member/profile/850518"
"Nick Grasu","Intracorp","","","","","California","Owner/Developer","https://www.icsc.com/member/profile/789580"
"Shannon Green","Arizona Partners","","","","","California","Owner/Developer","https://www.icsc.com/member/profile/146132"
"Deepinder Grewal","Lion Group","","","","","California","Owner/Developer","https://www.icsc.com/member/profile/597396"
"Brad Griffith","Brentwood Developments Inc.","","","","","California","Owner/Developer","https://www.icsc.com/member/profile/147434"
"Alex Gutierrez","Shapell Properties, Inc.","","","","","California","Owner/Developer","https://www.icsc.com/member/profile/825051"
"John Paul Haddadin","Crestview consolidated","","","","","California","Owner/Developer","https://www.icsc.com/member/profile/816978"
"Moshe Hager","Hager Pacific Properties","","","","","California","Owner/Developer","https://www.icsc.com/member/profile/827651"
"Ben Hagooli","Hagooli Brothers","","","","","California","Owner/Developer","https://www.icsc.com/member/profile/810215"
"Jeff Halbert","Blackpoint Properties, LLC","","","","","California","Owner/Developer","https://www.icsc.com/member/profile/179353"
"Christian Hallaian","Hallaian Properties","","","","","California","Owner/Developer","https://www.icsc.com/member/profile/307389"
"Kent Hallen","Pacific Properties","","","","","California","Owner/Developer","https://www.icsc.com/member/profile/95028"
"Robert Hamra","Anaheim Business Campus, LLC","","","","","California","Owner/Developer","https://www.icsc.com/member/profile/790001"
"Joshua Hanasab","Orum Capital","","","","","California","Owner/Developer","https://www.icsc.com/member/profile/670194"
"Jonathan Hanasab","Orum Capital","","","","","California","Owner/Developer","https://www.icsc.com/member/profile/549625"
"James Hanson","Havadjia Holdings, LLC","","","","","California","Owner/Developer","https://www.icsc.com/member/profile/835621"
"Brian Hardy","Richland Investments","","","","","California","Owner/Developer","https://www.icsc.com/member/profile/831964"
"William Harrison","Shapell Properties, Inc.","","","","","California","Owner/Developer","https://www.icsc.com/member/profile/807395"
"Ramin Hashemi","Desert Horizon","","","","","California","Owner/Developer","https://www.icsc.com/member/profile/810182"
"Josh Hatfield","Perform Properties","","","","","California","Owner/Developer","https://www.icsc.com/member/profile/843760"
"William Heidel","Wilson Meany","","","","","California","Owner/Developer","https://www.icsc.com/member/profile/271795"
"Paul Henry","Patoma Inc","","","","","California","Owner/Developer","https://www.icsc.com/member/profile/627454"
"Michael Heslov","Michael Heslov","","","","","California","Owner/Developer","https://www.icsc.com/member/profile/787661"
"Jennifer Hess","Regency Centers","","","","","California","Owner/Developer","https://www.icsc.com/member/profile/272818"
"Bob Heyman CPA","The Heyman Company","","","","","California","Owner/Developer","https://www.icsc.com/member/profile/105405"
"Mark Hoekstra CPM","Intersection, Inc.","","","","","California","Owner/Developer","https://www.icsc.com/member/profile/335147"
"Stephen Hopkins","Hopkins Real Estate","","","","","California","Owner/Developer","https://www.icsc.com/member/profile/92353"
"Amy Hopkins","Blackpoint Properties, LLC","","","","","California","Owner/Developer","https://www.icsc.com/member/profile/792851"
"David Horenstein","D.H. Holdings, Inc.","","","","","California","Owner/Developer","https://www.icsc.com/member/profile/207356"
"Peter Horn","BH Properties, LLC","","","","","California","Owner/Developer","https://www.icsc.com/member/profile/824924"
"Kamryn Hovey","Perform Properties","","","","","California","Owner/Developer","https://www.icsc.com/member/profile/864860"
"Richard Hoy Project Management Professional","Omni Development group","","","","","California","Owner/Developer","https://www.icsc.com/member/profile/782400"
"Joe Huang","Eastridge Management LLC","","","","","California","Owner/Developer","https://www.icsc.com/member/profile/829095"
"Mark Hutchinson","Dunhill Partners West","","","","","California","Owner/Developer","https://www.icsc.com/member/profile/264099"
"Stanley Iezman","American Realty Advisors, Inc.","","","","","California","Owner/Developer","https://www.icsc.com/member/profile/100700"
"Christian Irwin","Federal Realty","","","","","California","Owner/Developer","https://www.icsc.com/member/profile/492941"
"Raoul Isaac","TRANSBAY REAL ESTATE","","","","","California","Owner/Developer","https://www.icsc.com/member/profile/277905"
"Amin Issa","ANT Group LLC","","","","","California","Owner/Developer","https://www.icsc.com/member/profile/558351"
"Chris Itule","Itule Real Estate Group","","","","","California","Owner/Developer","https://www.icsc.com/member/profile/624968"
"Cameron Jabara","Boardwalk Investments Group","","","","","California","Owner/Developer","https://www.icsc.com/member/profile/853956"
"Jason Jaffe","Steerpoint Capital","","","","","California","Owner/Developer","https://www.icsc.com/member/profile/807732"
"Kelley Jay","Columbus Pacific Retail (CPR)","","","","","California","Owner/Developer","https://www.icsc.com/member/profile/781237"
"Janel Jensen","BH Properties, LLC","","","","","California","Owner/Developer","https://www.icsc.com/member/profile/850945"
"Joshua Johnson","Laventille Investments","","","","","California","Owner/Developer","https://www.icsc.com/member/profile/851730"
"Paul R Johnson","CJ'S PREMIUM CAR WASH INC.","","","","","California","Owner/Developer","https://www.icsc.com/member/profile/839490"
"Lauren Johnson","West Harbor","","","","","California","Owner/Developer","https://www.icsc.com/member/profile/785944"
"Cameron Johnson","Sun Mountain Development Group, LLC","","","","","California","Owner/Developer","https://www.icsc.com/member/profile/739404"
"LUKE JOHNSTON","Boardwalk Investments Group","","","","","California","Owner/Developer","https://www.icsc.com/member/profile/853955"
"Taylor Judkins","G3 Concepts, Inc.","","","","","California","Owner/Developer","https://www.icsc.com/member/profile/804357"
"Sharad Kadakia","Greens Development","","","","","California","Owner/Developer","https://www.icsc.com/member/profile/739220"
"Atman Kadakia","Greens Development","","","","","California","Owner/Developer","https://www.icsc.com/member/profile/599074"
"Bryan Kang","DOS LAGOS CRN LLC","","","","","California","Owner/Developer","https://www.icsc.com/member/profile/845759"
"BRYAN KANG","DOS LAGOS CRN LLC","","","","","California","Owner/Developer","https://www.icsc.com/member/profile/642751"
"Nick Karnazes","TownCentre Capital","","","","","California","Owner/Developer","https://www.icsc.com/member/profile/801785"
"Jeffrey Karsh","Tryperion Holdings","","","","","California","Owner/Developer","https://www.icsc.com/member/profile/853592"
"Vince Kattoula","Kattoula & Associates","","","","","California","Owner/Developer","https://www.icsc.com/member/profile/789449"
"Kevin Kawachi","Riderwood USA Inc","","","","","California","Owner/Developer","https://www.icsc.com/member/profile/855955"
"Ray Kayacan","Regency Centers","","","","","California","Owner/Developer","https://www.icsc.com/member/profile/695835"
"Cody Kermanian","Parklane Investments","","","","","California","Owner/Developer","https://www.icsc.com/member/profile/822501"
"Sam Kermanian","Parklane Investments","","","","","California","Owner/Developer","https://www.icsc.com/member/profile/802702"
"Justin Kerner","U.S. Realty Partners, Inc.","","","","","California","Owner/Developer","https://www.icsc.com/member/profile/771934"
"Jay Kerner","U.S. Realty Partners, Inc.","","","","","California","Owner/Developer","https://www.icsc.com/member/profile/111887"
"Prabhjot Khinda","Orbit Land Solutions","","","","","California","Owner/Developer","https://www.icsc.com/member/profile/848748"
"Eman Khoubian","CRE Advisors LLC","","","","","California","Owner/Developer","https://www.icsc.com/member/profile/854408"
"Doug Kiel","California Gold Development Corp","","","","","California","Owner/Developer","https://www.icsc.com/member/profile/782724"
"Aaron Kin","Crescent Properties","","","","","California","Owner/Developer","https://www.icsc.com/member/profile/329306"
"Joseph Kornwasser","Kornwasser Shopping Center Properties, LLC","","","","","California","Owner/Developer","https://www.icsc.com/member/profile/92629"
"Jeffrey Kreshek, CLS, CSM","Federal Realty","","","","","California","Owner/Developer","https://www.icsc.com/member/profile/117990"
"Debi Kroger","Boardwalk Investments Group","","","","","California","Owner/Developer","https://www.icsc.com/member/profile/801794"
"Wendy Lacko","JL Management","","","","","California","Owner/Developer","https://www.icsc.com/member/profile/849165"
"Chris Lagomarsino","Brandywine Homes","","","","","California","Owner/Developer","https://www.icsc.com/member/profile/858687"
"Tina Lai","Sunrise Global Investment LLC","","","","","California","Owner/Developer","https://www.icsc.com/member/profile/788763"
"Raquel Laman","Regency Centers","","","","","California","Owner/Developer","https://www.icsc.com/member/profile/697965"
"Cecilia Larroque","El Florido California S.A. de C.V.","","","","","California","Owner/Developer","https://www.icsc.com/member/profile/801527"
"Chase Larscheid","TownCentre Capital","","","","","California","Owner/Developer","https://www.icsc.com/member/profile/801485"
"Chris Lattanzio","Latco Enterprises","","","","","California","Owner/Developer","https://www.icsc.com/member/profile/544224"
"Edward Laufer","Regency Centers","","","","","California","Owner/Developer","https://www.icsc.com/member/profile/717939"
"Jennifer Leavy","Regency Centers","","","","","California","Owner/Developer","https://www.icsc.com/member/profile/781585"
"MC Joyce Lee","OCVIBE","","","","","California","Owner/Developer","https://www.icsc.com/member/profile/868242"
"Ken Lee","Pacific Plaza Premier Development Group","","","","","California","Owner/Developer","https://www.icsc.com/member/profile/672696"
"Andrew Lehrhoff","TownCentre Capital","","","","","California","Owner/Developer","https://www.icsc.com/member/profile/860549"
"Jose Lemus","Atwater Infrastructure Partners","","","","","California","Owner/Developer","https://www.icsc.com/member/profile/827696"
"Robert Levy","LBX Investments LLC","","","","","California","Owner/Developer","https://www.icsc.com/member/profile/228628"
"Grace Liang Esq","The Walt Disney Company","","","","","California","Owner/Developer","https://www.icsc.com/member/profile/441440"
"Walter Lin","Lin Investments, Inc.","","","","","California","Owner/Developer","https://www.icsc.com/member/profile/258701"
"Jonathan Lischke","Merlone Geier Management Inc.","","","","","California","Owner/Developer","https://www.icsc.com/member/profile/383395"
"Kan Loi","Bradshaw International Development, LLC","","","","","California","Owner/Developer","https://www.icsc.com/member/profile/848987"
"John Love","Shapell Properties, Inc.","","","","","California","Owner/Developer","https://www.icsc.com/member/profile/302744"
"Kimberly Low","Kilroy Realty Corporation","","","","","California","Owner/Developer","https://www.icsc.com/member/profile/859176"
"Jason Lowenthal","Wafra, Inc.","","","","","California","Owner/Developer","https://www.icsc.com/member/profile/853075"
"Lee Lowrey","Arbor Capital Partners LLC","","","","","California","Owner/Developer","https://www.icsc.com/member/profile/759784"
"Joshua Luke","DO Capital Group","","","","","California","Owner/Developer","https://www.icsc.com/member/profile/836874"
"Mark Luther","Luther Companies","","","","","California","Owner/Developer","https://www.icsc.com/member/profile/796764"
"Allen Lynch, CLS, CRRP, CRX","LGI Real Estate Group","","","","","California","Owner/Developer","https://www.icsc.com/member/profile/98928"
"Karen Lyons","Riviera Center Management","","","","","California","Owner/Developer","https://www.icsc.com/member/profile/545178"
"John Madonna","JMC","","","","","California","Owner/Developer","https://www.icsc.com/member/profile/580646"
"David Malayil","Passive Income Properties","","","","","California","Owner/Developer","https://www.icsc.com/member/profile/855352"
"Anthony Marconi","3D Investments","","","","","California","Owner/Developer","https://www.icsc.com/member/profile/856315"
"Kris Marmol","Marmol Industrial Partners LLC","","","","","California","Owner/Developer","https://www.icsc.com/member/profile/870505"
"James Martin","TownCentre Capital","","","","","California","Owner/Developer","https://www.icsc.com/member/profile/636044"
"Rick Martinez","Magellan Value Partners","","","","","California","Owner/Developer","https://www.icsc.com/member/profile/863104"
"John Mastandrea","La Caze Development Company","","","","","California","Owner/Developer","https://www.icsc.com/member/profile/203549"
"Michael Masterson","Landstar Companies","CEO","7142998549","","","California","Owner/Developer","https://www.icsc.com/member/profile/803587"
"Vanesa Mata","Pacific First Capital Group","","","","","California","Owner/Developer","https://www.icsc.com/member/profile/856180"
"Jeffrey Mayhew","Strata Properties","","","","","California","Owner/Developer","https://www.icsc.com/member/profile/128184"
"Floyd Mayweather","Vada Properties, LLC","","","","","California","Owner/Developer","https://www.icsc.com/member/profile/856737"
"April McCaffery","The Walt Disney Company","","","","","California","Owner/Developer","https://www.icsc.com/member/profile/686089"
"William McDonald","Perform Properties","","","","","California","Owner/Developer","https://www.icsc.com/member/profile/830115"
"Hughes McLaughlin","BH Properties, LLC","Managing Director, Acquisitions","3108208888","","","California","Owner/Developer","https://www.icsc.com/member/profile/803213"
"Scott McPherson","Merlone Geier Management Inc.","","","","","California","Owner/Developer","https://www.icsc.com/member/profile/113494"
"John Mehigan, CDP","Regency Centers","","","","","California","Owner/Developer","https://www.icsc.com/member/profile/203020"
"Keith Mellor","ProEquity Asset Management","","","","","California","Owner/Developer","https://www.icsc.com/member/profile/249821"
"Neil Mendrin","Milicic Farming LLC","","","","","California","Owner/Developer","https://www.icsc.com/member/profile/790506"
"Douglas Merkel","Unibail-Rodamco-Westfield","","","","","California","Owner/Developer","https://www.icsc.com/member/profile/858873"
"Toni Merrihew","Chandi Group USA, Inc.","","","","","California","Owner/Developer","https://www.icsc.com/member/profile/648979"
"George Mersho","Mershops Properties","","","","","California","Owner/Developer","https://www.icsc.com/member/profile/829686"
"George Meshkanian Sr","CAL X PROPERTIES LLC","","","","","California","Owner/Developer","https://www.icsc.com/member/profile/345472"
"Greg Mickelson","GM Realty Advisors LLC","","","","","California","Owner/Developer","https://www.icsc.com/member/profile/95048"
"Sameer Misson","Bayfield Investments, LLC","","","","","California","Owner/Developer","https://www.icsc.com/member/profile/868086"
"Jon-Paul Momsen","Harbert Management Corporation","","","","","California","Owner/Developer","https://www.icsc.com/member/profile/329130"
"Rory Moore","EVroadway","","","","","California","Owner/Developer","https://www.icsc.com/member/profile/856323"
"Kelly Moore","Zapolski Real Estate, LLC","","","","","California","Owner/Developer","https://www.icsc.com/member/profile/571581"
"Max Moray","OSM Investment Company","","","","","California","Owner/Developer","https://www.icsc.com/member/profile/854243"
"Greg Moritz","Related Companies","","","","","California","Owner/Developer","https://www.icsc.com/member/profile/856442"
"Rich Mortensen","Jet Speed Express","","","","","California","Owner/Developer","https://www.icsc.com/member/profile/836121"
"Gary Muljat","Merlone Geier Management Inc.","","","","","California","Owner/Developer","https://www.icsc.com/member/profile/127735"
"Joe Munoz","Centers Dynamic Partners","","","","","California","Owner/Developer","https://www.icsc.com/member/profile/383039"
"Weston Murphy","American Realty Advisors, Inc.","","","","","California","Owner/Developer","https://www.icsc.com/member/profile/801350"
"Kori Murphy","Perform Properties","","","","","California","Owner/Developer","https://www.icsc.com/member/profile/424219"
"Frank Mushmel","Mushmel Properties Corp.","","","","","California","Owner/Developer","https://www.icsc.com/member/profile/663586"
"Mo Naraghi","Columbus Pacific Retail (CPR)","","","","","California","Owner/Developer","https://www.icsc.com/member/profile/849837"
"Dietrich Nascimento","Laguna Canyon Group","","","","","California","Owner/Developer","https://www.icsc.com/member/profile/747143"
"Alec Negri","Nine Oak Investments","","","","","California","Owner/Developer","https://www.icsc.com/member/profile/775861"
"David Nguyen","JDN Properties LLC","","","","","California","Owner/Developer","https://www.icsc.com/member/profile/803527"
"Jack Nguyen","JDN Properties LLC","","","","","California","Owner/Developer","https://www.icsc.com/member/profile/803524"
"Matt Nielson","Evergreen Devco, Inc","","","","","California","Owner/Developer","https://www.icsc.com/member/profile/537679"
"Lauren Nisenbaum","BH Properties, LLC","","","","","California","Owner/Developer","https://www.icsc.com/member/profile/625052"
"Darrin Nishi","Tripeak Development Co.","","","","","California","Owner/Developer","https://www.icsc.com/member/profile/735249"
"Randy Nonberg","UDO Real Estate, Ltd.","","","","","California","Owner/Developer","https://www.icsc.com/member/profile/131632"
"Ted O'Connor","California Mutual","","","","","California","Owner/Developer","https://www.icsc.com/member/profile/206009"
"Robert O’Gorman","Ironwood Real Estate Partners","","","","","California","Owner/Developer","https://www.icsc.com/member/profile/854178"
"Nicholas Oertli","Marhilus Ventures","","","","","California","Owner/Developer","https://www.icsc.com/member/profile/783036"
"Darcey Oldhafer, CDP, CLS, CRX","Intertex Property Advisors, Inc.","","","","","California","Owner/Developer","https://www.icsc.com/member/profile/301815"
"Dane Olson","Nexus Development Corporation","","","","","California","Owner/Developer","https://www.icsc.com/member/profile/835470"
"Todd Olson","The Olson Company","","","","","California","Owner/Developer","https://www.icsc.com/member/profile/267854"
"Daichi Onodera","JINUSHI USA INC","","","","","California","Owner/Developer","https://www.icsc.com/member/profile/778315"
"Angel Orozco","Greens Development","","","","","California","Owner/Developer","https://www.icsc.com/member/profile/747361"
"Rory Packer","The Arba Group, Inc.","","","","","California","Owner/Developer","https://www.icsc.com/member/profile/174234"
"Marc Pakravan","Condor West","","","","","California","Owner/Developer","https://www.icsc.com/member/profile/785332"
"James Pallios","PALLIOS PROPERTIES","","","","","California","Owner/Developer","https://www.icsc.com/member/profile/578032"
"Colin Pancrazi","Intersection, Inc.","","","","","California","Owner/Developer","https://www.icsc.com/member/profile/816681"
"Britney Parent","Wood Investments Companies, Inc.","","","","","California","Owner/Developer","https://www.icsc.com/member/profile/763234"
"Tammy Park","OCVIBE","","","","","California","Owner/Developer","https://www.icsc.com/member/profile/862308"
"Sang Park","U.S. Realty Partners, Inc.","","","","","California","Owner/Developer","https://www.icsc.com/member/profile/719127"
"Brian Park","BH Properties, LLC","","","","","California","Owner/Developer","https://www.icsc.com/member/profile/541893"
"Keith Parry","Efraim Parry Real Estate Companies","","","","","California","Owner/Developer","https://www.icsc.com/member/profile/828710"
"Alex Patel","Freedom Petro Inc","","","","","California","Owner/Developer","https://www.icsc.com/member/profile/855128"
"Bryan Patel","Jade Group","","","","","California","Owner/Developer","https://www.icsc.com/member/profile/811980"
"Nathan Patterson","California Gold Development Corp","","","","","California","Owner/Developer","https://www.icsc.com/member/profile/788782"
"Tim peach","TNC Properties","","","","","California","Owner/Developer","https://www.icsc.com/member/profile/803122"
"Arthur Pearlman","Arthur Pearlman Corporation","","","","","California","Owner/Developer","https://www.icsc.com/member/profile/92436"
"Dominic Perlman","Steerpoint Capital","","","","","California","Owner/Developer","https://www.icsc.com/member/profile/854204"
"Chris Peto","5th Street Development","","","","","California","Owner/Developer","https://www.icsc.com/member/profile/829487"
"Pavel Petrov","Astral Development","","","","","California","Owner/Developer","https://www.icsc.com/member/profile/855622"
"Taylor Pham, CLS","Merlone Geier Management Inc.","","","","","California","Owner/Developer","https://www.icsc.com/member/profile/336687"
"Meryl Phay","ExchangeRight Real Estate","","","","","California","Owner/Developer","https://www.icsc.com/member/profile/816533"
"David Pittman","Acacia Real Estate Group, Inc.","","","","","California","Owner/Developer","https://www.icsc.com/member/profile/785665"
"Steven Pollock","OnPoint Development","","","","","California","Owner/Developer","https://www.icsc.com/member/profile/794404"
"Koko Polosajian","ikon development","","","","","California","Owner/Developer","https://www.icsc.com/member/profile/817159"
"Todd Porter","Lamar Advertising","","","","","California","Owner/Developer","https://www.icsc.com/member/profile/803433"
"Erin Poulson Morris","Wonderful Real Estate","","","","","California","Owner/Developer","https://www.icsc.com/member/profile/723241"
"Steve Powell","Woodcrest Real Estate Ventures","","","","","California","Owner/Developer","https://www.icsc.com/member/profile/831969"
"Michael Provenzano III","PRM Real Estate Holdings, LLC","","","","","California","Owner/Developer","https://www.icsc.com/member/profile/309304"
"Elizabeth Puccinelli","Puccinelli Ventures","","","","","California","Owner/Developer","https://www.icsc.com/member/profile/796439"
"Henry Pyle","Chartwell Real Estate Development","","","","","California","Owner/Developer","https://www.icsc.com/member/profile/852313"
"Greg Quiring","Santa Lucia Ventures","","","","","California","Owner/Developer","https://www.icsc.com/member/profile/832122"
"Camiar Rabban","eri commercial","","","","","California","Owner/Developer","https://www.icsc.com/member/profile/802704"
"Danny Rabbanian","Shenandoah Investment LLC","","","","","California","Owner/Developer","https://www.icsc.com/member/profile/809913"
"BARRY RASKIN","2J Investment Group, LLC","","","","","California","Owner/Developer","https://www.icsc.com/member/profile/835640"
"Jona Rechnitz","Vada Properties, LLC","","","","","California","Owner/Developer","https://www.icsc.com/member/profile/856577"
"Ronald Recht","Pacific Development Partners","","","","","California","Owner/Developer","https://www.icsc.com/member/profile/114442"
"Wes Reef","U.S. Realty Partners, Inc.","","","","","California","Owner/Developer","https://www.icsc.com/member/profile/855247"
"John Reekstin","The Olson Company","","","","","California","Owner/Developer","https://www.icsc.com/member/profile/446869"
"Brooke Riedman","IQHQ","","","","","California","Owner/Developer","https://www.icsc.com/member/profile/804563"
"Alan Robertson","PTA Real Estate","","","","","California","Owner/Developer","https://www.icsc.com/member/profile/783854"
"Terrin Robinson","Laurich Properties, Inc.","","","","","California","Owner/Developer","https://www.icsc.com/member/profile/866872"
"Robert Rodde","The Rodde Company","","","","","California","Owner/Developer","https://www.icsc.com/member/profile/94816"
"Joe Rodrigues","TownCentre Capital","","","","","California","Owner/Developer","https://www.icsc.com/member/profile/794540"
"Andrew Rodriguez","Sunjoint Development LLC","","","","","California","Owner/Developer","https://www.icsc.com/member/profile/852533"
"Michelle Rooney","Regency Centers","","","","","California","Owner/Developer","https://www.icsc.com/member/profile/812836"
"Brian Rosenstein","Brookhill Corp.","","","","","California","Owner/Developer","https://www.icsc.com/member/profile/660706"
"Mark Ross","Perform Properties","","","","","California","Owner/Developer","https://www.icsc.com/member/profile/486881"
"Michael Rothacker","Cadence Capital Investments","","","","","California","Owner/Developer","https://www.icsc.com/member/profile/721925"
"Stanley Rothbart","Rothbart Development Corporation","","","","","California","Owner/Developer","https://www.icsc.com/member/profile/101206"
"Michelle Rubin","Regional Properties Inc.","","","","","California","Owner/Developer","https://www.icsc.com/member/profile/372130"
"Bob Russi","Sunjoint Development LLC","","","","","California","Owner/Developer","https://www.icsc.com/member/profile/824632"
"Jodi Rycyzyn","Kilroy Realty Corporation","","","","","California","Owner/Developer","https://www.icsc.com/member/profile/793085"
"Samer Sabbah","Omni Development group","","","","","California","Owner/Developer","https://www.icsc.com/member/profile/663819"
"Khalid Saddique","DYI INVEST INC.","","","","","California","Owner/Developer","https://www.icsc.com/member/profile/667917"
"Faraz Saeed","Premier Realty","","","","","California","Owner/Developer","https://www.icsc.com/member/profile/793043"
"Eric Sahn","Real Property Venture Capital","","","","","California","Owner/Developer","https://www.icsc.com/member/profile/300936"
"thesia Saleh","Pacific Bay Ventures","","","","","California","Owner/Developer","https://www.icsc.com/member/profile/861032"
"Erin Saltzman","Regency Centers","","","","","California","Owner/Developer","https://www.icsc.com/member/profile/448698"
"Timothy Salyers","EVroadway","","","","","California","Owner/Developer","https://www.icsc.com/member/profile/856207"
"Christopher Sanchez","Regency Centers","","","","","California","Owner/Developer","https://www.icsc.com/member/profile/633056"
"Uday Singh Sandhu","Westley truck stop inc","","","","","California","Owner/Developer","https://www.icsc.com/member/profile/817321"
"Maria chiara Santi","Menifee Town Center","","","","","California","Owner/Developer","https://www.icsc.com/member/profile/807770"
"Frank Sarabia","1031 Equity Exchange, LLC","","","","","California","Owner/Developer","https://www.icsc.com/member/profile/809469"
"Bijan Sassounian","SAS Development","","","","","California","Owner/Developer","https://www.icsc.com/member/profile/274251"
"Michael Scandaliato","Wood Investments Companies, Inc.","","","","","California","Owner/Developer","https://www.icsc.com/member/profile/863668"
"Matthew Schreiber","Foundational Real Estate","","","","","California","Owner/Developer","https://www.icsc.com/member/profile/855659"
"Sam Schroeder","Pearl Capital","","","","","California","Owner/Developer","https://www.icsc.com/member/profile/868952"
"Kyle Schulman","Tryperion Holdings","","","","","California","Owner/Developer","https://www.icsc.com/member/profile/852691"
"STEPHEN SCHWARTZ","Dorothy Homes","","","","","California","Owner/Developer","https://www.icsc.com/member/profile/855399"
"Jason Schwetz, CRX, CSM","JDS Real Estate","","","","","California","Owner/Developer","https://www.icsc.com/member/profile/99553"
"Sara Seaman","ExchangeRight Real Estate","","","","","California","Owner/Developer","https://www.icsc.com/member/profile/806758"
"Jacob Sedgh","Sedgh Group LLC","","","","","California","Owner/Developer","https://www.icsc.com/member/profile/566533"
"Carl Segal","PRDC","","","","","California","Owner/Developer","https://www.icsc.com/member/profile/810386"
"Adam Serafin","California Gold Development","","","","","California","Owner/Developer","https://www.icsc.com/member/profile/410425"
"Louis Sergi","U.S. Realty Partners, Inc.","","","","","California","Owner/Developer","https://www.icsc.com/member/profile/860514"
"Sophia Shaheen","Regency Centers","","","","","California","Owner/Developer","https://www.icsc.com/member/profile/860887"
"Jillian Shannon","Gerrity Group","","","","","California","Owner/Developer","https://www.icsc.com/member/profile/749546"
"Soraya Sharifi CCIM","Merlone Geier Management Inc.","","","","","California","Owner/Developer","https://www.icsc.com/member/profile/348333"
"Martin Sheinbein","Legion Capital","","","","","California","Owner/Developer","https://www.icsc.com/member/profile/789387"
"Eric Shulman","Flying Horse Investments","","","","","California","Owner/Developer","https://www.icsc.com/member/profile/375881"
"Adam Sich CCIM, CDP, CLS, CRRP, CRX, CSM","Pacific Retail Capital Partners","","","","","California","Owner/Developer","https://www.icsc.com/member/profile/332420"
"Scott Silberberg","Waypoint Development Group, LLC","","","","","California","Owner/Developer","https://www.icsc.com/member/profile/710732"
"Scott Silberberg","Waypoint Development Group, LLC","","","","","California","Owner/Developer","https://www.icsc.com/member/profile/320964"
"Danny Simon","Pacific First Capital Group","","","","","California","Owner/Developer","https://www.icsc.com/member/profile/856160"
"Hollie Simunovic","Jamestown, LP","","","","","California","Owner/Developer","https://www.icsc.com/member/profile/846593"
"Amrit Singh","GSC & SON CORPORATION","","","","","California","Owner/Developer","https://www.icsc.com/member/profile/856389"
"Jay Singh","Orbit Land Solutions","","","","","California","Owner/Developer","https://www.icsc.com/member/profile/854990"
"Manroop Singh","Silver Streak Ranches INC","","","","","California","Owner/Developer","https://www.icsc.com/member/profile/853110"
"Sukhdeep Singh","NYG Capital Group LLC","","","","","California","Owner/Developer","https://www.icsc.com/member/profile/832584"
"Rajdeep Singh","SWS Land Development Company Inc.","","","","","California","Owner/Developer","https://www.icsc.com/member/profile/829133"
"Manjot Singh","Apollo Real Estate Consulting","","","","","California","Owner/Developer","https://www.icsc.com/member/profile/817073"
"SARJIWAN SINGH","Dhanda Development Group Inc","","","","","California","Owner/Developer","https://www.icsc.com/member/profile/809814"
"Prabhjot Singh","Raja Chandi Group","","","","","California","Owner/Developer","https://www.icsc.com/member/profile/740291"
"Jinder Singh","Ladhar Group Inc.","","","","","California","Owner/Developer","https://www.icsc.com/member/profile/739158"
"Jasjit Singh","Jsc investments llc","","","","","California","Owner/Developer","https://www.icsc.com/member/profile/685901"
"Ryan Skvarla","Banyan Tree Management, INC.","","","","","California","Owner/Developer","https://www.icsc.com/member/profile/597796"
"Doug Smith","G3 Enterprises","","","","","California","Owner/Developer","https://www.icsc.com/member/profile/849003"
"Brian Smith","Lamar Advertising","","","","","California","Owner/Developer","https://www.icsc.com/member/profile/803430"
"Brad Sobel","The Sobel Company, Inc.","","","","","California","Owner/Developer","https://www.icsc.com/member/profile/321597"
"Dhanesh Solanki","Solanki Real Estate Investments","","","","","California","Owner/Developer","https://www.icsc.com/member/profile/788278"
"Adam Sparks","Rothbart Development Corporation","","","","","California","Owner/Developer","https://www.icsc.com/member/profile/787627"
"Matthew Spector","Strategic Retail Advisors","","","","","California","Owner/Developer","https://www.icsc.com/member/profile/855380"
"Joe Spicer","Flying Horse Investments","","","","","California","Owner/Developer","https://www.icsc.com/member/profile/805879"
"Alex Spotswood","Bailard, Inc","","","","","California","Owner/Developer","https://www.icsc.com/member/profile/710186"
"Jack Steger","Steerpoint Capital","","","","","California","Owner/Developer","https://www.icsc.com/member/profile/824763"
"Alec Stone","Empire Realty Group, LLC","","","","","California","Owner/Developer","https://www.icsc.com/member/profile/776194"
"Ben Strom","Evig Capital LLC","","","","","California","Owner/Developer","https://www.icsc.com/member/profile/833149"
"Timothy Sullivan","Merlone Geier Management Inc.","","","","","California","Owner/Developer","https://www.icsc.com/member/profile/374728"
"Jan Sweetnam","Federal Realty","","","","","California","Owner/Developer","https://www.icsc.com/member/profile/137591"
"Alisa Taggart","Regency Centers","","","","","California","Owner/Developer","https://www.icsc.com/member/profile/757560"
"Adrian Taghdiri","Shapell Properties, Inc.","","","","","California","Owner/Developer","https://www.icsc.com/member/profile/583270"
"Allyssa Talbott","Sage Investco","","","","","California","Owner/Developer","https://www.icsc.com/member/profile/854279"
"Maria Talpas","TownCentre Capital","","","","","California","Owner/Developer","https://www.icsc.com/member/profile/611530"
"Brandon Taubman","Stablewood Properties","","","","","California","Owner/Developer","https://www.icsc.com/member/profile/854963"
"Larry Tepper","CAL Properties","","","","","California","Owner/Developer","https://www.icsc.com/member/profile/618415"
"Masahide Terashita","JINUSHI USA INC","","","","","California","Owner/Developer","https://www.icsc.com/member/profile/778314"
"Milo Terzich","USA Properties Fund, Inc.","","","","","California","Owner/Developer","https://www.icsc.com/member/profile/827323"
"Stephen Terzolo","CenterCal Properties, LLC","","","","","California","Owner/Developer","https://www.icsc.com/member/profile/618696"
"Philip Teyssier","Atomic Investments, Inc.","","","","","California","Owner/Developer","https://www.icsc.com/member/profile/621644"
"David Thomas","Federal Realty","","","","","California","Owner/Developer","https://www.icsc.com/member/profile/848938"
"Sam Thomas","Thomas Properties Inc.","","","","","California","Owner/Developer","https://www.icsc.com/member/profile/498498"
"Colby Thomason","Thomason Development Company","","","","","California","Owner/Developer","https://www.icsc.com/member/profile/709104"
"Michael Thomason","Thomason Development Company","","","","","California","Owner/Developer","https://www.icsc.com/member/profile/167983"
"Devin Tienken","Legacy Realty & Development","","","","","California","Owner/Developer","https://www.icsc.com/member/profile/822137"
"Eric Tienken","Legacy Realty & Development","","","","","California","Owner/Developer","https://www.icsc.com/member/profile/611253"
"Charanjeet Tiwana Purewal","KozPure Development","","","","","California","Owner/Developer","https://www.icsc.com/member/profile/855083"
"Mahlon Tobias","Tobias Commercial","","","","","California","Owner/Developer","https://www.icsc.com/member/profile/806561"
"Aaron Tofani","Jet Speed Express","","","","","California","Owner/Developer","https://www.icsc.com/member/profile/846533"
"Paul Tompkins","NKT Commercial LLC","","","","","California","Owner/Developer","https://www.icsc.com/member/profile/788841"
"Patrick Tooley","Tooley Asset Services","","","","","California","Owner/Developer","https://www.icsc.com/member/profile/142576"
"Kia Torkan","ICO Real Estate Group","","","","","California","Owner/Developer","https://www.icsc.com/member/profile/852658"
"Robert Toro","California Gold Development Corp","","","","","California","Owner/Developer","https://www.icsc.com/member/profile/807587"
"Ariella Traficante","Black Equities, LLC","","","","","California","Owner/Developer","https://www.icsc.com/member/profile/855344"
"Robert Tuller","First National Realty Partners","","","","","California","Owner/Developer","https://www.icsc.com/member/profile/663754"
"Paul Turbow","Unibail-Rodamco-Westfield","","","","","California","Owner/Developer","https://www.icsc.com/member/profile/812979"
"Michael Turner","ProEquity Asset Management","","","","","California","Owner/Developer","https://www.icsc.com/member/profile/352334"
"Juggy Tut","Elite Developments Inc","","","","","California","Owner/Developer","https://www.icsc.com/member/profile/804013"
"Rick Ugalde","Signal Hill Development","","","","","California","Owner/Developer","https://www.icsc.com/member/profile/771089"
"Martin Van Ardenne","Seligman & Associates","","","","","California","Owner/Developer","https://www.icsc.com/member/profile/281243"
"Andrew Van Tuyle","BH Properties, LLC","","","","","California","Owner/Developer","https://www.icsc.com/member/profile/239081"
"Chris Vanni","Vanni Properties Inc.","","","","","California","Owner/Developer","https://www.icsc.com/member/profile/795320"
"Armand Vasquez","Market Street Development, LLC","","","","","California","Owner/Developer","https://www.icsc.com/member/profile/137155"
"Taylor Vaughan","Regency Centers","","","","","California","Owner/Developer","https://www.icsc.com/member/profile/318323"
"Cassidy Viilo","Brookhill Corp.","","","","","California","Owner/Developer","https://www.icsc.com/member/profile/858702"
"Jay Virk","Bottom Line Group LLC","","","","","California","Owner/Developer","https://www.icsc.com/member/profile/789023"
"Edwin Voskanian","Voskanian Investment Group Inc.","","","","","California","Owner/Developer","https://www.icsc.com/member/profile/386260"
"Matthew Wade","Landstar Companies","","","","","California","Owner/Developer","https://www.icsc.com/member/profile/855397"
"Andrew Walcker","Overland Development","","","","","California","Owner/Developer","https://www.icsc.com/member/profile/809384"
"Clare Walsh","Asana Partners","","","","","California","Owner/Developer","https://www.icsc.com/member/profile/719188"
"Kelly Wang","Diamond Inner Circle Investments","","","","","California","Owner/Developer","https://www.icsc.com/member/profile/853414"
"Megan Watson","Grubb Properties, LLC","","","","","California","Owner/Developer","https://www.icsc.com/member/profile/862052"
"David Webber","Wood Investments Companies, Inc.","","","","","California","Owner/Developer","https://www.icsc.com/member/profile/288032"
"Tom Weigel","Mayer Corp","","","","","California","Owner/Developer","https://www.icsc.com/member/profile/862992"
"Brad Weinberg","Arc Capital Partners","","","","","California","Owner/Developer","https://www.icsc.com/member/profile/807936"
"Brian Weiss","WBCS DICE, LLC","","","","","California","Owner/Developer","https://www.icsc.com/member/profile/790693"
"Shannon Westmore","Brookfield Properties","","","","","California","Owner/Developer","https://www.icsc.com/member/profile/862071"
"Lawrence Wheat","Auerbach Realty Holdings, LLC","","","","","California","Owner/Developer","https://www.icsc.com/member/profile/644847"
"Cassidy Wheeler","CenterCal Properties","","","","","California","Owner/Developer","https://www.icsc.com/member/profile/860688"
"David Wick CCIM","Integrity Global Investments","","","","","California","Owner/Developer","https://www.icsc.com/member/profile/227260"
"Kevin Wing","Leverage Real Estate Investments","","","","","California","Owner/Developer","https://www.icsc.com/member/profile/138038"
"William Winn Jr","Starboard Realty Advisors, LLC","","","","","California","Owner/Developer","https://www.icsc.com/member/profile/128584"
"Mitch Wippern","Gasser Foundation","","","","","California","Owner/Developer","https://www.icsc.com/member/profile/793179"
"Robert Wishner","Sunjoint Development LLC","","","","","California","Owner/Developer","https://www.icsc.com/member/profile/783450"
"Daniel Wisnicki","Sky Capital Group","","","","","California","Owner/Developer","https://www.icsc.com/member/profile/832165"
"Theodore Wong","SAW LLC","","","","","California","Owner/Developer","https://www.icsc.com/member/profile/734202"
"Joshua Wood","KozPure Development","","","","","California","Owner/Developer","https://www.icsc.com/member/profile/855087"
"Patrick Wood","Wood Investments Companies, Inc.","","","","","California","Owner/Developer","https://www.icsc.com/member/profile/750610"
"Randy Wrage","Spirit Properties","","","","","California","Owner/Developer","https://www.icsc.com/member/profile/790035"
"Charles Yablon","Developers Resource Companies, Inc.","","","","","California","Owner/Developer","https://www.icsc.com/member/profile/98582"
"Ira Yasnogorodsky","Ly Developers & Management LLC","","","","","California","Owner/Developer","https://www.icsc.com/member/profile/515214"
"Yong Yeh","Altos Development","","","","","California","Owner/Developer","https://www.icsc.com/member/profile/852225"
"Dennis Younes","Cove Capital Investments","","","","","California","Owner/Developer","https://www.icsc.com/member/profile/154396"
"Bobby Younessi","Highland Park Developments","","","","","California","Owner/Developer","https://www.icsc.com/member/profile/647454"
"Zach Zalben","Black Equities, LLC","","","","","California","Owner/Developer","https://www.icsc.com/member/profile/354873"
"Zach Zanolli","Longpoint Realty Partners","","","","","California","Owner/Developer","https://www.icsc.com/member/profile/796182"
"Todd Zapolski","Zapolski Real Estate, LLC","","","","","California","Owner/Developer","https://www.icsc.com/member/profile/136042"
"Elliot Zorensky","UDO Real Estate, Ltd.","","","","","California","Owner/Developer","https://www.icsc.com/member/profile/131581"
"Bryan Antman","Alloy Real Estate Capital","","","","","Colorado","Owner/Developer","https://www.icsc.com/member/profile/849524"
"Jimmy Balafas","Kentro Group","","","","","Colorado","Owner/Developer","https://www.icsc.com/member/profile/284803"
"Justin Brockman","Brockman Group","","","","","Colorado","Owner/Developer","https://www.icsc.com/member/profile/558879"
"Brad Brooks","Sidford Capital LLC","","","","","Colorado","Owner/Developer","https://www.icsc.com/member/profile/807642"
"Tyler Carlson","Evergreen Devco, Inc","","","","","Colorado","Owner/Developer","https://www.icsc.com/member/profile/779057"
"Ryan Case","Case International Company","","","","","Colorado","Owner/Developer","https://www.icsc.com/member/profile/824962"
"Randy Case II JD","Case International Company","","","","","Colorado","Owner/Developer","https://www.icsc.com/member/profile/652217"
"Steven Cecil","Lamar Advertising","","","","","Colorado","Owner/Developer","https://www.icsc.com/member/profile/827611"
"Eric Chekal","Schuck-Chapman Companies","","","","","Colorado","Owner/Developer","https://www.icsc.com/member/profile/169040"
"Harrison Colby","UDR, Inc","","","","","Colorado","Owner/Developer","https://www.icsc.com/member/profile/855844"
"Christopher Condon","Regency Centers","","","","","Colorado","Owner/Developer","https://www.icsc.com/member/profile/314712"
"Tony Connell","Connell Resources Inc","","","","","Colorado","Owner/Developer","https://www.icsc.com/member/profile/815764"
"William Damrath","Regency Centers","","","","","Colorado","Owner/Developer","https://www.icsc.com/member/profile/331555"
"Max de La Bruyere","Lafayette Property Company","","","","","Colorado","Owner/Developer","https://www.icsc.com/member/profile/772921"
"Richard Dean","Stratus Companies","","","","","Colorado","Owner/Developer","https://www.icsc.com/member/profile/786526"
"Lucy Dinneen","Cadence Capital Investments","","","","","Colorado","Owner/Developer","https://www.icsc.com/member/profile/183700"
"James Dixon","Tebo Properties","","","","","Colorado","Owner/Developer","https://www.icsc.com/member/profile/809624"
"Chris Dixon","Equity Ventures Commercial Development","","","","","Colorado","Owner/Developer","https://www.icsc.com/member/profile/732671"
"Jeff Durbon","Crosslands Companies","","","","","Colorado","Owner/Developer","https://www.icsc.com/member/profile/775332"
"Elizabeth Edwards","Wall Development","","","","","Colorado","Owner/Developer","https://www.icsc.com/member/profile/815212"
"Vincent English","Pacific North","","","","","Colorado","Owner/Developer","https://www.icsc.com/member/profile/854833"
"Andrew Fox","Crosslands Companies","","","","","Colorado","Owner/Developer","https://www.icsc.com/member/profile/782808"
"Jeff Franklin","Bencor Properties Inc","","","","","Colorado","Owner/Developer","https://www.icsc.com/member/profile/802198"
"Lee Fredrick","Uplift Development Group","","","","","Colorado","Owner/Developer","https://www.icsc.com/member/profile/827484"
"Thomas Gamsjaeger","Burnett LlC","","","","","Colorado","Owner/Developer","https://www.icsc.com/member/profile/809953"
"Ermias Hadera","The Palindrome Group","","","","","Colorado","Owner/Developer","https://www.icsc.com/member/profile/827420"
"Jake Hallauer CCIM","NAI Affinity","","","","","Colorado","Owner/Developer","https://www.icsc.com/member/profile/507938"
"Walt Harder","Harder Real Estate and Development","","","","","Colorado","Owner/Developer","https://www.icsc.com/member/profile/827741"
"Grant Harrop","Rothschild Downes","","","","","Colorado","Owner/Developer","https://www.icsc.com/member/profile/863043"
"Tony Hassman","Rothschild Downes","","","","","Colorado","Owner/Developer","https://www.icsc.com/member/profile/317084"
"Jessica Hayes","AmCap Incorporated","","","","","Colorado","Owner/Developer","https://www.icsc.com/member/profile/568056"
"Jenn Headle","Bencor Properties Inc","","","","","Colorado","Owner/Developer","https://www.icsc.com/member/profile/783274"
"Sam Herman","Sterling Ranch Development Company","","","","","Colorado","Owner/Developer","https://www.icsc.com/member/profile/853530"
"Andrew Horton","Bencor Properties Inc","","","","","Colorado","Owner/Developer","https://www.icsc.com/member/profile/783273"
"Ben Horton","Bencor Properties Inc","","","","","Colorado","Owner/Developer","https://www.icsc.com/member/profile/783272"
"Lawrence Jacobson","Westside Property Investment Company","","","","","Colorado","Owner/Developer","https://www.icsc.com/member/profile/786015"
"Bethany Johnson","McWhinney Real Estate Services, Inc.","","","","","Colorado","Owner/Developer","https://www.icsc.com/member/profile/669109"
"Josh Katzer","Armstrong Capital Development","","","","","Colorado","Owner/Developer","https://www.icsc.com/member/profile/318584"
"John Kim","Kim Management LLC","","","","","Colorado","Owner/Developer","https://www.icsc.com/member/profile/626753"
"Lauren Larsen","NAI Affinity","","","","","Colorado","Owner/Developer","https://www.icsc.com/member/profile/781484"
"Brett Leake","Grangestone Development","","","","","Colorado","Owner/Developer","https://www.icsc.com/member/profile/842413"
"Meghan Levi","Tanger","","","","","Colorado","Owner/Developer","https://www.icsc.com/member/profile/861396"
"Peter Liebman","Lafayette Property Company","","","","","Colorado","Owner/Developer","https://www.icsc.com/member/profile/841965"
"Brian Litke","Nichols Partnership","","","","","Colorado","Owner/Developer","https://www.icsc.com/member/profile/807569"
"Eric Mangelsen CPA","Rossmore Enterprises","","","","","Colorado","Owner/Developer","https://www.icsc.com/member/profile/695788"
"Tanner McGraw","Six Mile Capital","","","","","Colorado","Owner/Developer","https://www.icsc.com/member/profile/847600"
"Mark McPherson","Equity Ventures Commercial Development","","","","","Colorado","Owner/Developer","https://www.icsc.com/member/profile/232605"
"Mark Meiser, CDP, CRX","Rothschild Downes","","","","","Colorado","Owner/Developer","https://www.icsc.com/member/profile/181024"
"Greg Moran","Rogue Development LLC","","","","","Colorado","Owner/Developer","https://www.icsc.com/member/profile/105570"
"Grant Nelson","Republic Investment Group","","","","","Colorado","Owner/Developer","https://www.icsc.com/member/profile/136255"
"DANIEL NICHOLS","Nichols Partnership","","","","","Colorado","Owner/Developer","https://www.icsc.com/member/profile/807637"
"Jack Oberg","REA Development","","","","","Colorado","Owner/Developer","https://www.icsc.com/member/profile/817388"
"Charles Pae","Revesco Properties, LLC","","","","","Colorado","Owner/Developer","https://www.icsc.com/member/profile/780129"
"Jawara Partee","13 Irons LLC","","","","","Colorado","Owner/Developer","https://www.icsc.com/member/profile/440013"
"Dustin Pulciani","Ramp Charging Development, LLC","","","","","Colorado","Owner/Developer","https://www.icsc.com/member/profile/855472"
"Alicia Rhymer","Stablewood Properties","","","","","Colorado","Owner/Developer","https://www.icsc.com/member/profile/606321"
"Dillan Roche","PB Roche","","","","","Colorado","Owner/Developer","https://www.icsc.com/member/profile/674854"
"William Roche","PB Roche","","","","","Colorado","Owner/Developer","https://www.icsc.com/member/profile/649066"
"Brandon Rogoff","Segwick Real Estate Partners","","","","","Colorado","Owner/Developer","https://www.icsc.com/member/profile/779308"
"Jack Rohr","Resolute Investments Inc.","","","","","Colorado","Owner/Developer","https://www.icsc.com/member/profile/830165"
"William Rothacker","Cadence Capital Investments","","","","","Colorado","Owner/Developer","https://www.icsc.com/member/profile/95702"
"Christine Rothacker","Cadence Capital Investments","","","","","Colorado","Owner/Developer","https://www.icsc.com/member/profile/839713"
"Lindsey Samelson","Contrarian Land, LLC","","","","","Colorado","Owner/Developer","https://www.icsc.com/member/profile/803045"
"Mark Sandoval","Mark Development Inc","","","","","Colorado","Owner/Developer","https://www.icsc.com/member/profile/97952"
"Michael Sangaline","STRU Development","","","","","Colorado","Owner/Developer","https://www.icsc.com/member/profile/807646"
"Steve Scannell","Transmark Company","","","","","Colorado","Owner/Developer","https://www.icsc.com/member/profile/132714"
"Ryan Schaefer","NAI Affinity","","","","","Colorado","Owner/Developer","https://www.icsc.com/member/profile/270520"
"Lara Silversmith","Asana Partners","","","","","Colorado","Owner/Developer","https://www.icsc.com/member/profile/668151"
"Kaity Sitzman","McWhinney Real Estate Services, Inc.","","","","","Colorado","Owner/Developer","https://www.icsc.com/member/profile/849050"
"Elliot Smith","Kentro Group","","","","","Colorado","Owner/Developer","https://www.icsc.com/member/profile/689530"
"Brandon Sockwell","Dormie Capital Partners","","","","","Colorado","Owner/Developer","https://www.icsc.com/member/profile/855881"
"James Spehalski","Marathon Land Company","","","","","Colorado","Owner/Developer","https://www.icsc.com/member/profile/394826"
"David Spriggs","DMS Real Estate, Inc.","","","","","Colorado","Owner/Developer","https://www.icsc.com/member/profile/365849"
"Jessica Springer","Springer Management LLC","","","","","Colorado","Owner/Developer","https://www.icsc.com/member/profile/851206"
"Kay Stallworthy","Cadence Capital Investments","","","","","Colorado","Owner/Developer","https://www.icsc.com/member/profile/386257"
"Brandon Tarpey","M Development","","","","","Colorado","Owner/Developer","https://www.icsc.com/member/profile/856350"
"Shane Tebo","Tebo Properties","","","","","Colorado","Owner/Developer","https://www.icsc.com/member/profile/809623"
"Stephen Tebo","Tebo Development Co.","","","","","Colorado","Owner/Developer","https://www.icsc.com/member/profile/168301"
"Jimmy Wall","Wall Development","","","","","Colorado","Owner/Developer","https://www.icsc.com/member/profile/351045"
"Duane Webber","Webber Commercial Properties","","","","","Colorado","Owner/Developer","https://www.icsc.com/member/profile/860412"
"Christopher Williams","UDR, Inc","","","","","Colorado","Owner/Developer","https://www.icsc.com/member/profile/724958"
"Joe Allegretti","Regency Centers","","","","","Connecticut","Owner/Developer","https://www.icsc.com/member/profile/506838"
"Shanna Athas","Regency Centers","","","","","Connecticut","Owner/Developer","https://www.icsc.com/member/profile/355660"
"Dale Barton","R&D Associates","","","","","Connecticut","Owner/Developer","https://www.icsc.com/member/profile/550293"
"Michael Belfonti","Belfonti Companies, LLC","","","","","Connecticut","Owner/Developer","https://www.icsc.com/member/profile/694428"
"Jonathan Bellock","First Hartford Realty Corporation","","","","","Connecticut","Owner/Developer","https://www.icsc.com/member/profile/473610"
"Ellie Biddle","Urstadt Biddle Properties Inc.","","","","","Connecticut","Owner/Developer","https://www.icsc.com/member/profile/660308"
"Billy Bishop","Regency Centers","","","","","Connecticut","Owner/Developer","https://www.icsc.com/member/profile/810706"
"Robert Christoph Jr","Bridgeport Landing Development","","","","","Connecticut","Owner/Developer","https://www.icsc.com/member/profile/455213"
"Rebecca Clareman","Urban Edge Properties","","","","","Connecticut","Owner/Developer","https://www.icsc.com/member/profile/855954"
"Michael DeVille","DeVille Developments","","","","","Connecticut","Owner/Developer","https://www.icsc.com/member/profile/854707"
"Jack DeVilliers","Regency Centers","","","","","Connecticut","Owner/Developer","https://www.icsc.com/member/profile/360946"
"Douglas Drennan","Key Growth Capital","","","","","Connecticut","Owner/Developer","https://www.icsc.com/member/profile/804174"
"Adrian Enchill","LBX Investments LLC","","","","","Connecticut","Owner/Developer","https://www.icsc.com/member/profile/856858"
"Matthew Eucalitto","Calito Development Group","","","","","Connecticut","Owner/Developer","https://www.icsc.com/member/profile/772909"
"Mark Forlenza","Belfonti Companies, LLC","","","","","Connecticut","Owner/Developer","https://www.icsc.com/member/profile/694431"
"Marc Franzman","Belfonti Companies, LLC","","","","","Connecticut","Owner/Developer","https://www.icsc.com/member/profile/828987"
"Patricia Freeman, CLS","Regency Centers","","","","","Connecticut","Owner/Developer","https://www.icsc.com/member/profile/280293"
"James Gillanders","Londregan Commercial Real Estate Group","","","","","Connecticut","Owner/Developer","https://www.icsc.com/member/profile/759985"
"Paul Gordon","Perform Properties","","","","","Connecticut","Owner/Developer","https://www.icsc.com/member/profile/851619"
"Joe Lampassi","Calito Development Group","","","","","Connecticut","Owner/Developer","https://www.icsc.com/member/profile/858854"
"Robert Landino","Saltterra","","","","","Connecticut","Owner/Developer","https://www.icsc.com/member/profile/366567"
"Collin Lech","READCO Portfolio","","","","","Connecticut","Owner/Developer","https://www.icsc.com/member/profile/835068"
"Michael Leibowitz","Key Growth Capital","","","","","Connecticut","Owner/Developer","https://www.icsc.com/member/profile/813173"
"Richard Leibowitz","Key Growth Capital","","","","","Connecticut","Owner/Developer","https://www.icsc.com/member/profile/812175"
"John Lombard","Lombard Group","","","","","Connecticut","Owner/Developer","https://www.icsc.com/member/profile/108957"
"Timothy Londregan","Londregan Commercial Real Estate Group","","","","","Connecticut","Owner/Developer","https://www.icsc.com/member/profile/133955"
"Thomas G. Maira","Maira Properties","","","","","Connecticut","Owner/Developer","https://www.icsc.com/member/profile/867732"
"Sean Mirkov","Regency Centers","","","","","Connecticut","Owner/Developer","https://www.icsc.com/member/profile/578372"
"Lizabeth Miskelly","Regency Centers","","","","","Connecticut","Owner/Developer","https://www.icsc.com/member/profile/501515"
"Susan Moser Vicino","Town Center West, LLC","","","","","Connecticut","Owner/Developer","https://www.icsc.com/member/profile/818210"
"Alexander Muravsky","Hutensky Capital Partners","","","","","Connecticut","Owner/Developer","https://www.icsc.com/member/profile/551979"
"Salvatore Raffone","RJ Development & Advisors LLC","","","","","Connecticut","Owner/Developer","https://www.icsc.com/member/profile/783526"
"Michael Reyes","NextGen Holdings LLC","","","","","Connecticut","Owner/Developer","https://www.icsc.com/member/profile/867860"
"Ron Riemer","First Hartford Realty Corporation","","","","","Connecticut","Owner/Developer","https://www.icsc.com/member/profile/130025"
"Jason Rudnick","RJ Development & Advisors LLC","","","","","Connecticut","Owner/Developer","https://www.icsc.com/member/profile/388508"
"Phoebe Sager","Sager Development","","","","","Connecticut","Owner/Developer","https://www.icsc.com/member/profile/868024"
"Geoffrey Sager","Sager Development","","","","","Connecticut","Owner/Developer","https://www.icsc.com/member/profile/868022"
"Bruce Simons","Simons Real Estate Group LLC","","","","","Connecticut","Owner/Developer","https://www.icsc.com/member/profile/868094"
"William Slepoy","Two Lots, LLC","","","","","Connecticut","Owner/Developer","https://www.icsc.com/member/profile/156790"
"Brianna Soro","Regency Centers","","","","","Connecticut","Owner/Developer","https://www.icsc.com/member/profile/784168"
"John Toic","First Hartford Realty Corporation","","","","","Connecticut","Owner/Developer","https://www.icsc.com/member/profile/279582"
"Ryan Zelek","First Hartford Realty Corporation","","","","","Connecticut","Owner/Developer","https://www.icsc.com/member/profile/567581"
"Mason Dyer","IPM Equities","","","","","Delaware","Owner/Developer","https://www.icsc.com/member/profile/838097"
"Christopher Kalil","Ocean One Holdings LLC","","","","","Delaware","Owner/Developer","https://www.icsc.com/member/profile/868133"
"Casey Kenton CCIM","Investors Realty, Inc.","","","","","Delaware","Owner/Developer","https://www.icsc.com/member/profile/403181"
"Brian Mckinley","Atlantic Realty Management, LLC","","","","","Delaware","Owner/Developer","https://www.icsc.com/member/profile/746357"
"Matthew Petruccelli","Fusco Management","","","","","Delaware","Owner/Developer","https://www.icsc.com/member/profile/771332"
"Brent Reed","Reed Ventures","","","","","Delaware","Owner/Developer","https://www.icsc.com/member/profile/810960"
"Madison Rogers III","Capano Management","","","","","Delaware","Owner/Developer","https://www.icsc.com/member/profile/450168"
"Frank Vassallo IV","Fusco Management","","","","","Delaware","Owner/Developer","https://www.icsc.com/member/profile/488634"
"Edward Abbo","The Apollo Companies","","","","","Florida","Owner/Developer","https://www.icsc.com/member/profile/598028"
"Steven Aberman","WBS Properties","","","","","Florida","Owner/Developer","https://www.icsc.com/member/profile/512705"
"John Accardi Jr","Strategic Property Partners","","","","","Florida","Owner/Developer","https://www.icsc.com/member/profile/818139"
"Daniel Aguirre","Blue Waters Development Group","","","","","Florida","Owner/Developer","https://www.icsc.com/member/profile/743947"
"Kyle Allen","AJ Capital Partners","","","","","Florida","Owner/Developer","https://www.icsc.com/member/profile/669563"
"Javier Alvarez","Miami Freedom Park","","","","","Florida","Owner/Developer","https://www.icsc.com/member/profile/820362"
"Cole Ament","Wagner Property Group","","","","","Florida","Owner/Developer","https://www.icsc.com/member/profile/858671"
"Mercedes Anderson Loftus","Strategic Retail Advisors","","","","","Florida","Owner/Developer","https://www.icsc.com/member/profile/500818"
"Ilona Antonova","4th Dimension Properties","","","","","Florida","Owner/Developer","https://www.icsc.com/member/profile/865749"
"Eric Apple","Regency Centers","","","","","Florida","Owner/Developer","https://www.icsc.com/member/profile/634581"
"Barry Argalas","Regency Centers","","","","","Florida","Owner/Developer","https://www.icsc.com/member/profile/193317"
"Sasha Artzibushev","Artzibushev & Company","","","","","Florida","Owner/Developer","https://www.icsc.com/member/profile/591609"
"Dimitri Artzibushev CCIM","Artzibushev & Company","","","","","Florida","Owner/Developer","https://www.icsc.com/member/profile/104878"
"Tom Assouline","Busch Family Office","","","","","Florida","Owner/Developer","https://www.icsc.com/member/profile/840445"
"Brian Atlee","Atlee Property Group, Inc.","","","","","Florida","Owner/Developer","https://www.icsc.com/member/profile/850084"
"Mike Atlee","Atlee Property Group, Inc.","","","","","Florida","Owner/Developer","https://www.icsc.com/member/profile/848749"
"Yoram Attias","Ben management llc","","","","","Florida","Owner/Developer","https://www.icsc.com/member/profile/792796"
"Bill Baker","ENDURANCE PROPERTIES","","","","","Florida","Owner/Developer","https://www.icsc.com/member/profile/422731"
"Andrew Barkett","Strategic Retail Advisors","","","","","Florida","Owner/Developer","https://www.icsc.com/member/profile/857607"
"Brett Barontini","Boos Development Group Inc.","","","","","Florida","Owner/Developer","https://www.icsc.com/member/profile/446074"
"Peter Barott","Muir Investment Holdings, LLC","","","","","Florida","Owner/Developer","https://www.icsc.com/member/profile/785713"
"Eileen Barth","The Walt Disney Company","","","","","Florida","Owner/Developer","https://www.icsc.com/member/profile/720285"
"Tracy Basore","The Royal Companies","","","","","Florida","Owner/Developer","https://www.icsc.com/member/profile/857523"
"Bill Battillo","Vanguard Associates Inc.","","","","","Florida","Owner/Developer","https://www.icsc.com/member/profile/580299"
"Jack Baugh","Development Consultants, Inc.","","","","","Florida","Owner/Developer","https://www.icsc.com/member/profile/791020"
"Aaron Baum","Baum Family Investments","","","","","Florida","Owner/Developer","https://www.icsc.com/member/profile/587593"
"Julia Baytler","Landmark Companies","","","","","Florida","Owner/Developer","https://www.icsc.com/member/profile/798241"
"Craig bazarsky","BendinRoad Development","","","","","Florida","Owner/Developer","https://www.icsc.com/member/profile/836442"
"Katyann Beerbower","Basis Industrial","","","","","Florida","Owner/Developer","https://www.icsc.com/member/profile/859246"
"Nouri Beesemer","Related Companies","","","","","Florida","Owner/Developer","https://www.icsc.com/member/profile/805380"
"Joshua Behar","MG3 Group","","","","","Florida","Owner/Developer","https://www.icsc.com/member/profile/806341"
"Ernst Bell","Regency Centers","","","","","Florida","Owner/Developer","https://www.icsc.com/member/profile/480802"
"Mary Beller","Artzibushev & Company","","","","","Florida","Owner/Developer","https://www.icsc.com/member/profile/860413"
"Michael Belmont","Minto Communities","","","","","Florida","Owner/Developer","https://www.icsc.com/member/profile/851438"
"Thiel Ben Naim","B&B Capital Group","","","","","Florida","Owner/Developer","https://www.icsc.com/member/profile/799106"
"Uri Ben-Ezer","Greatmark Group","","","","","Florida","Owner/Developer","https://www.icsc.com/member/profile/779016"
"Izak Ben-naim","B&B Capital Group","","","","","Florida","Owner/Developer","https://www.icsc.com/member/profile/809117"
"Joanna Berens","Mazel at 195th Street, Inc.","","","","","Florida","Owner/Developer","https://www.icsc.com/member/profile/857600"
"Caetie Berger","Forge Capital Partners","","","","","Florida","Owner/Developer","https://www.icsc.com/member/profile/452725"
"Anthony Berritto","Berritto Realty Holdings LLC","","","","","Florida","Owner/Developer","https://www.icsc.com/member/profile/834861"
"Bennett Bidwell","Regency Centers","","","","","Florida","Owner/Developer","https://www.icsc.com/member/profile/813683"
"Justin Biggs","The Feldman Companies LLC","","","","","Florida","Owner/Developer","https://www.icsc.com/member/profile/834651"
"Ankush Bikkasani","Aware Investments","","","","","Florida","Owner/Developer","https://www.icsc.com/member/profile/851024"
"Will Bingham CCIM","Bingham Realty, Inc.","","","","","Florida","Owner/Developer","https://www.icsc.com/member/profile/278963"
"Taylor Bishop","SEDEVCO","","","","","Florida","Owner/Developer","https://www.icsc.com/member/profile/404608"
"Jeff Boerger","ONE DAYTONA/NASCAR","","","","","Florida","Owner/Developer","https://www.icsc.com/member/profile/851204"
"Roberto Bolona","Brenner Cox Real Estate Group","","","","","Florida","Owner/Developer","https://www.icsc.com/member/profile/805797"
"Joseph Bonora","Catalyst Asset Management","","","","","Florida","Owner/Developer","https://www.icsc.com/member/profile/812777"
"Michael Boyd","Boyd Development Corporation","","","","","Florida","Owner/Developer","https://www.icsc.com/member/profile/580399"
"Scott Boyd","Boyd Development Corporation","","","","","Florida","Owner/Developer","https://www.icsc.com/member/profile/466848"
"Meg Bracken","Regency Centers","","","","","Florida","Owner/Developer","https://www.icsc.com/member/profile/854334"
"Jarrod Bray","SSG Commercial","","","","","Florida","Owner/Developer","https://www.icsc.com/member/profile/740926"
"Ron Brill","IMC Equity Group","","","","","Florida","Owner/Developer","https://www.icsc.com/member/profile/177541"
"Karl Brinkman","Regency Centers","","","","","Florida","Owner/Developer","https://www.icsc.com/member/profile/278156"
"William Brock","The St. Joe Company","","","","","Florida","Owner/Developer","https://www.icsc.com/member/profile/834118"
"Larry Brooks","4th Dimension Properties","","","","","Florida","Owner/Developer","https://www.icsc.com/member/profile/751180"
"Ron Brown","Character Oaks Real Estate, Inc.","","","","","Florida","Owner/Developer","https://www.icsc.com/member/profile/554949"
"Heather Bruce","Regency Centers","","","","","Florida","Owner/Developer","https://www.icsc.com/member/profile/767510"
"Stacey Buckley","Streetside Retail","","","","","Florida","Owner/Developer","https://www.icsc.com/member/profile/688627"
"Ryan Buckley","Streetside Retail","","","","","Florida","Owner/Developer","https://www.icsc.com/member/profile/349570"
"Matthew Buehler","Kitson & Partners","","","","","Florida","Owner/Developer","https://www.icsc.com/member/profile/567552"
"William Bullock","Minto Communities","","","","","Florida","Owner/Developer","https://www.icsc.com/member/profile/600501"
"Deborah Butler","Butler Enterprises","","","","","Florida","Owner/Developer","https://www.icsc.com/member/profile/99797"
"Tamsyn Butler","Saglo Companies","","","","","Florida","Owner/Developer","https://www.icsc.com/member/profile/818545"
"Brooks Byrd","Hunt Real Estate","","","","","Florida","Owner/Developer","https://www.icsc.com/member/profile/546612"
"Stacey Cachat","Tricor International Corporation","","","","","Florida","Owner/Developer","https://www.icsc.com/member/profile/604929"
"Nicholas Cambo","Alliance Companies","","","","","Florida","Owner/Developer","https://www.icsc.com/member/profile/776369"
"Dominic Cameratta","Cameratta Companies","","","","","Florida","Owner/Developer","https://www.icsc.com/member/profile/857806"
"Nicholas Cameratta","Cameratta Companies","","","","","Florida","Owner/Developer","https://www.icsc.com/member/profile/857805"
"Andrew Carlin","Gazit Horizons, Inc.","","","","","Florida","Owner/Developer","https://www.icsc.com/member/profile/844103"
"John Carter","Minto Communities","","","","","Florida","Owner/Developer","https://www.icsc.com/member/profile/641822"
"Kirby Cartwright","G3 Development","","","","","Florida","Owner/Developer","https://www.icsc.com/member/profile/835861"
"Jimmy Caruso","PMC","","","","","Florida","Owner/Developer","https://www.icsc.com/member/profile/860423"
"Matt Cason","Concept Companies","","","","","Florida","Owner/Developer","https://www.icsc.com/member/profile/498353"
"Maydelin Castillo CRE","M&M Investment, Inc.","","","","","Florida","Owner/Developer","https://www.icsc.com/member/profile/632366"
"Kevin Cedik","The Forbes Company","","","","","Florida","Owner/Developer","https://www.icsc.com/member/profile/277425"
"Daniel Chaberman","Grupo-Eco","","","","","Florida","Owner/Developer","https://www.icsc.com/member/profile/698012"
"IV Chandler","The Villages Operating Company","","","","","Florida","Owner/Developer","https://www.icsc.com/member/profile/865998"
"Hue Chen","Saglo Companies","","","","","Florida","Owner/Developer","https://www.icsc.com/member/profile/243999"
"Dany Chenail","Snap Capital real estate group","","","","","Florida","Owner/Developer","https://www.icsc.com/member/profile/829741"
"Michelle Clark","Greenleaf Capital","","","","","Florida","Owner/Developer","https://www.icsc.com/member/profile/850546"
"Will Claunch","Strategic Retail Advisors","","","","","Florida","Owner/Developer","https://www.icsc.com/member/profile/602477"
"Michael Cleeman","Cleeman Realty Group","","","","","Florida","Owner/Developer","https://www.icsc.com/member/profile/284811"
"Matt Clement","Jenkins Capital","","","","","Florida","Owner/Developer","https://www.icsc.com/member/profile/793032"
"Ryan Cockman","FORE CRE Group","","","","","Florida","Owner/Developer","https://www.icsc.com/member/profile/857658"
"Ana-Marie Codina Barlick","Codina Partners","","","","","Florida","Owner/Developer","https://www.icsc.com/member/profile/830239"
"Daniel Cohen","PrivCap Development","","","","","Florida","Owner/Developer","https://www.icsc.com/member/profile/649442"
"Loren Coia","Barclay Group","","","","","Florida","Owner/Developer","https://www.icsc.com/member/profile/618126"
"Peter Collins","Forge Capital Partners","","","","","Florida","Owner/Developer","https://www.icsc.com/member/profile/143618"
"Scott Collins","Vantage Properties","","","","","Florida","Owner/Developer","https://www.icsc.com/member/profile/140955"
"Harry Collison","Collison Capital, LLC","","","","","Florida","Owner/Developer","https://www.icsc.com/member/profile/868255"
"Ryan Combs","Flagship Companies Group","","","","","Florida","Owner/Developer","https://www.icsc.com/member/profile/683816"
"William Comeau CPA","First National Realty Partners","","","","","Florida","Owner/Developer","https://www.icsc.com/member/profile/347313"
"Spiro Comitos","Encore Real Estate Development","","","","","Florida","Owner/Developer","https://www.icsc.com/member/profile/382480"
"Philippe Concas","Diamond Inner Circle Investments","","","","","Florida","Owner/Developer","https://www.icsc.com/member/profile/732847"
"Brad Cooke","Strategic Property Partners","","","","","Florida","Owner/Developer","https://www.icsc.com/member/profile/832161"
"Heather Coons","BluRock Commercial Real Estate, LLC","","","","","Florida","Owner/Developer","https://www.icsc.com/member/profile/602323"
"Joseph Corral","New Urban Realty Services","","","","","Florida","Owner/Developer","https://www.icsc.com/member/profile/504743"
"Lisa Coston","Development Consultants, Inc.","","","","","Florida","Owner/Developer","https://www.icsc.com/member/profile/810176"
"Karen Crews, CRX, CSM","The Villages Operating Company","","","","","Florida","Owner/Developer","https://www.icsc.com/member/profile/418637"
"Juan Cueto","Rialto Holdings, LLC","","","","","Florida","Owner/Developer","https://www.icsc.com/member/profile/738555"
"Jack Cunningham","Rialto Holdings, LLC","","","","","Florida","Owner/Developer","https://www.icsc.com/member/profile/404766"
"Michael Curtis","Millenia Partners","","","","","Florida","Owner/Developer","https://www.icsc.com/member/profile/792760"
"Adam D' Anna","Gazit Horizons, Inc.","","","","","Florida","Owner/Developer","https://www.icsc.com/member/profile/814500"
"Ariel Dadon","Adar Investments & Management LLC","","","","","Florida","Owner/Developer","https://www.icsc.com/member/profile/858929"
"Ramsy Dahla","Mirada Investments","","","","","Florida","Owner/Developer","https://www.icsc.com/member/profile/813044"
"Taraz Darabi","Lote Group","","","","","Florida","Owner/Developer","https://www.icsc.com/member/profile/683825"
"Matthew Darling","Palm Coast Capital","","","","","Florida","Owner/Developer","https://www.icsc.com/member/profile/787437"
"Robert Davenport","The Villages Operating Company","","","","","Florida","Owner/Developer","https://www.icsc.com/member/profile/744089"
"Keillor Davis","Optimus Development Co.","","","","","Florida","Owner/Developer","https://www.icsc.com/member/profile/859635"
"Laura Davis","Regency Centers","","","","","Florida","Owner/Developer","https://www.icsc.com/member/profile/800257"
"Daniel Del Rio","Habitus Capital","","","","","Florida","Owner/Developer","https://www.icsc.com/member/profile/843012"
"john Delgado","IMC Equity Group","","","","","Florida","Owner/Developer","https://www.icsc.com/member/profile/811099"
"Lliliam Delgado-Marquez","Regency Centers","","","","","Florida","Owner/Developer","https://www.icsc.com/member/profile/484890"
"Robert Deziel","Deziel Company","","","","","Florida","Owner/Developer","https://www.icsc.com/member/profile/860117"
"Celino Diaz","Town of Tioga","","","","","Florida","Owner/Developer","https://www.icsc.com/member/profile/827418"
"Luis Diaz","Town of Tioga","","","","","Florida","Owner/Developer","https://www.icsc.com/member/profile/718169"
"Mayra Dickerson","Butler Enterprises","","","","","Florida","Owner/Developer","https://www.icsc.com/member/profile/789675"
"John Dickerson","Butler Enterprises","","","","","Florida","Owner/Developer","https://www.icsc.com/member/profile/724012"
"Jason Dickey","Dickey Properties LLC","","","","","Florida","Owner/Developer","https://www.icsc.com/member/profile/717426"
"James Dicks","DIX Developments","","","","","Florida","Owner/Developer","https://www.icsc.com/member/profile/858915"
"Kelly Dispennette","NASCAR","","","","","Florida","Owner/Developer","https://www.icsc.com/member/profile/630952"
"Mark Doster","EDENS","","","","","Florida","Owner/Developer","https://www.icsc.com/member/profile/554290"
"Carson Dowd","Saglo Companies","","","","","Florida","Owner/Developer","https://www.icsc.com/member/profile/554316"
"John Dowd III","The Dowd Companies","","","","","Florida","Owner/Developer","https://www.icsc.com/member/profile/136626"
"Ronald Dowdy","Dowdy Properties","","","","","Florida","Owner/Developer","https://www.icsc.com/member/profile/718052"
"Megan Dowdy","Dowdy Properties","","","","","Florida","Owner/Developer","https://www.icsc.com/member/profile/718050"
"Anthony Dubbaneh","Harborview Capital Group","","","","","Florida","Owner/Developer","https://www.icsc.com/member/profile/858518"
"Donna Dunn","Regency Centers","","","","","Florida","Owner/Developer","https://www.icsc.com/member/profile/849847"
"Luis Duran Rappaccioli","Belfonti Companies, LLC","","","","","Florida","Owner/Developer","https://www.icsc.com/member/profile/828991"
"Blaine East","CITICORE DEVELOPMENT GROUP","","","","","Florida","Owner/Developer","https://www.icsc.com/member/profile/836195"
"Marla Echols","The Royal Companies","","","","","Florida","Owner/Developer","https://www.icsc.com/member/profile/505062"
"Steve Edmonds","Edmonds Family Partnership LLLP","","","","","Florida","Owner/Developer","https://www.icsc.com/member/profile/805244"
"Adam Elerick","Pursuit Development","","","","","Florida","Owner/Developer","https://www.icsc.com/member/profile/810318"
"Marc Elias","Benderson Development Company, LLC","","","","","Florida","Owner/Developer","https://www.icsc.com/member/profile/591440"
"David Ergisi CCIM","Cross Regions Real Estate","","","","","Florida","Owner/Developer","https://www.icsc.com/member/profile/349300"
"Shannon Erler","Regency Centers","","","","","Florida","Owner/Developer","https://www.icsc.com/member/profile/533750"
"Arthur Falconi III","Saglo Companies","","","","","Florida","Owner/Developer","https://www.icsc.com/member/profile/823923"
"Jordan Feldman","The Feldman Companies LLC","","","","","Florida","Owner/Developer","https://www.icsc.com/member/profile/834649"
"Arie Feldman","Wynwood Investment Partners","","","","","Florida","Owner/Developer","https://www.icsc.com/member/profile/812812"
"Arie Feldman","Wynwood Investment Partners","","","","","Florida","Owner/Developer","https://www.icsc.com/member/profile/809007"
"Bob Feldman","Alta Development LTD","","","","","Florida","Owner/Developer","https://www.icsc.com/member/profile/403909"
"Jose Fernandez","Arena Capital Holdings","","","","","Florida","Owner/Developer","https://www.icsc.com/member/profile/859427"
"Oscar Fiallos","IMC Equity Group","","","","","Florida","Owner/Developer","https://www.icsc.com/member/profile/718233"
"Michael Fimiani","Fimiani Development Corporation","","","","","Florida","Owner/Developer","https://www.icsc.com/member/profile/129308"
"Rebecca Fitts","Alvarez & Marsal Property Solutions","","","","","Florida","Owner/Developer","https://www.icsc.com/member/profile/622698"
"Blake Fletcher","Fletcher Development, LLC","","","","","Florida","Owner/Developer","https://www.icsc.com/member/profile/446904"
"Alvaro Florez","M&M Investment, Inc.","","","","","Florida","Owner/Developer","https://www.icsc.com/member/profile/632368"
"Lyle Fogarty","Clover Investment Properties LLC","","","","","Florida","Owner/Developer","https://www.icsc.com/member/profile/497015"
"Christopher Ford","Pax Properties, LLC","","","","","Florida","Owner/Developer","https://www.icsc.com/member/profile/788289"
"Sanford Freedman","Freedman and Associates PA","","","","","Florida","Owner/Developer","https://www.icsc.com/member/profile/533858"
"Lisa Freifeld","Gazit Horizons, Inc.","","","","","Florida","Owner/Developer","https://www.icsc.com/member/profile/599247"
"Bella Fridman","4th Dimension Properties","","","","","Florida","Owner/Developer","https://www.icsc.com/member/profile/801866"
"Anthony Frogameni","Optimal Outcomes","","","","","Florida","Owner/Developer","https://www.icsc.com/member/profile/835557"
"Faith Fruciano","Regency Centers","","","","","Florida","Owner/Developer","https://www.icsc.com/member/profile/848357"
"Dror Gabay","Dezer Development","","","","","Florida","Owner/Developer","https://www.icsc.com/member/profile/718531"
"Carla Gagnon, CRRP, CSM","The Villages Operating Company","","","","","Florida","Owner/Developer","https://www.icsc.com/member/profile/578506"
"Thomas Gangemi","Rock Beach Real Estate","","","","","Florida","Owner/Developer","https://www.icsc.com/member/profile/771121"
"Alyson Gannon","Regency Centers","","","","","Florida","Owner/Developer","https://www.icsc.com/member/profile/790833"
"Matthew Garcia","Pursuit Development","","","","","Florida","Owner/Developer","https://www.icsc.com/member/profile/816963"
"Karina Garcia","Game Properties","","","","","Florida","Owner/Developer","https://www.icsc.com/member/profile/653755"
"Katrina Garcia","Game Properties","","","","","Florida","Owner/Developer","https://www.icsc.com/member/profile/556161"
"Andy George","Prometheus Partners","","","","","Florida","Owner/Developer","https://www.icsc.com/member/profile/841408"
"Jacob Gerb Esq","Kitson & Partners","","","","","Florida","Owner/Developer","https://www.icsc.com/member/profile/405186"
"Stephen Gerlach","Gerlach Development Group LLC","","","","","Florida","Owner/Developer","https://www.icsc.com/member/profile/791452"
"Marian Gibboney","Vision Development and Management","","","","","Florida","Owner/Developer","https://www.icsc.com/member/profile/726160"
"Jason Gibson Esq","Regency Centers","","","","","Florida","Owner/Developer","https://www.icsc.com/member/profile/273385"
"Robert Gierke","Retail Development Properties, LLC","","","","","Florida","Owner/Developer","https://www.icsc.com/member/profile/188456"
"Heather Gilbert","Regency Centers","","","","","Florida","Owner/Developer","https://www.icsc.com/member/profile/855303"
"Louis Giorgi","Bark Management","","","","","Florida","Owner/Developer","https://www.icsc.com/member/profile/642705"
"Jack Glottmann","Saglo Companies","","","","","Florida","Owner/Developer","https://www.icsc.com/member/profile/214226"
"Ryan Goggins","Sunbeam Development","","","","","Florida","Owner/Developer","https://www.icsc.com/member/profile/849507"
"Allen Goins","A.G. Development Group, Inc.","","","","","Florida","Owner/Developer","https://www.icsc.com/member/profile/99456"
"Cary Goldberg","Diversified Companies","","","","","Florida","Owner/Developer","https://www.icsc.com/member/profile/520844"
"Rachel Goldman","Sterling Development Partners","","","","","Florida","Owner/Developer","https://www.icsc.com/member/profile/801874"
"Jose Gomez","Logica Capital Management, LLC","","","","","Florida","Owner/Developer","https://www.icsc.com/member/profile/836698"
"Bob Gomez","STK Group","","","","","Florida","Owner/Developer","https://www.icsc.com/member/profile/810134"
"Jorge Gonzalez","ABC Commercial Group LLC","","","","","Florida","Owner/Developer","https://www.icsc.com/member/profile/866022"
"Carson Good","Good Capital Group","","","","","Florida","Owner/Developer","https://www.icsc.com/member/profile/813032"
"Ashley Gordon","Kitson & Partners","","","","","Florida","Owner/Developer","https://www.icsc.com/member/profile/859626"
"Zvi Gordon","Gazit Horizons, Inc.","","","","","Florida","Owner/Developer","https://www.icsc.com/member/profile/661446"
"Brian Grandstaff","Millenia Partners","","","","","Florida","Owner/Developer","https://www.icsc.com/member/profile/443700"
"Matthew Greezicki","Third lake Partners, LLC","","","","","Florida","Owner/Developer","https://www.icsc.com/member/profile/860015"
"Matthew Griffith","Wagner Property Group","","","","","Florida","Owner/Developer","https://www.icsc.com/member/profile/631894"
"Alan Gross","ESA Park, Inc.","","","","","Florida","Owner/Developer","https://www.icsc.com/member/profile/137467"
"William Gross","White Development Company","","","","","Florida","Owner/Developer","https://www.icsc.com/member/profile/122513"
"Jake Guenther","G3 Development","","","","","Florida","Owner/Developer","https://www.icsc.com/member/profile/822417"
"Justin Guerra","Kitson & Partners","","","","","Florida","Owner/Developer","https://www.icsc.com/member/profile/772070"
"Suresh Gupta","Park Square Enterprises","","","","","Florida","Owner/Developer","https://www.icsc.com/member/profile/608529"
"Araxthy Guzman","The Feldman Companies LLC","","","","","Florida","Owner/Developer","https://www.icsc.com/member/profile/860221"
"Karina Guzman","STONEROCK CAPITAL PARTNERS","","","","","Florida","Owner/Developer","https://www.icsc.com/member/profile/805371"
"Jan Hanak","Regency Centers","","","","","Florida","Owner/Developer","https://www.icsc.com/member/profile/502236"
"Jake handelsman","STONEROCK CAPITAL PARTNERS","","","","","Florida","Owner/Developer","https://www.icsc.com/member/profile/805372"
"Hillary Hass","Hass Communities","","","","","Florida","Owner/Developer","https://www.icsc.com/member/profile/781372"
"David Hass","Lifetime Property LLC","","","","","Florida","Owner/Developer","https://www.icsc.com/member/profile/521532"
"Reed Haydon","RK Development Partners, LLC","","","","","Florida","Owner/Developer","https://www.icsc.com/member/profile/730191"
"Jackie Heafey","Managing Director","","","","","Florida","Owner/Developer","https://www.icsc.com/member/profile/860584"
"nicholis Heine","NRH Homes","","","","","Florida","Owner/Developer","https://www.icsc.com/member/profile/807419"
"Stuart Helo","Olson Land Partners","","","","","Florida","Owner/Developer","https://www.icsc.com/member/profile/858127"
"Scott Henson","Regency Centers","","","","","Florida","Owner/Developer","https://www.icsc.com/member/profile/848716"
"Michael Herman","Regency Centers","","","","","Florida","Owner/Developer","https://www.icsc.com/member/profile/760802"
"Samuel Hernandez","Gazit Horizons, Inc.","","","","","Florida","Owner/Developer","https://www.icsc.com/member/profile/844279"
"Frank Herring Jr","The Cornerstone Group","","","","","Florida","Owner/Developer","https://www.icsc.com/member/profile/113517"
"Stephanie Hess","First National Realty Partners","","","","","Florida","Owner/Developer","https://www.icsc.com/member/profile/839535"
"Kathleen Hess","Hunt Real Estate","","","","","Florida","Owner/Developer","https://www.icsc.com/member/profile/633059"
"Kimberly Higgins","Watkins Real Estate Group","","","","","Florida","Owner/Developer","https://www.icsc.com/member/profile/363472"
"Wes Hinton","Raydient Places & Properties","","","","","Florida","Owner/Developer","https://www.icsc.com/member/profile/868831"
"Elias Hionides","Petra","","","","","Florida","Owner/Developer","https://www.icsc.com/member/profile/521968"
"Thomas Hoban Jr","Kitson & Partners","","","","","Florida","Owner/Developer","https://www.icsc.com/member/profile/417118"
"Randy Holihan, CLS, CRRP, CRX, CSM","RH Development Group, LLC","","","","","Florida","Owner/Developer","https://www.icsc.com/member/profile/117508"
"Zac Holyoke","Lifetime Property","","","","","Florida","Owner/Developer","https://www.icsc.com/member/profile/859240"
"Mike Hoopfer","The Villages Operating Company","","","","","Florida","Owner/Developer","https://www.icsc.com/member/profile/721292"
"Matthew Hoopfer, CSM","The Villages Operating Company","","","","","Florida","Owner/Developer","https://www.icsc.com/member/profile/564850"
"Robert Hoopfer Jr","The Villages Operating Company","","","","","Florida","Owner/Developer","https://www.icsc.com/member/profile/418633"
"Cory Hopkins","Shagbark Properties, LLC","","","","","Florida","Owner/Developer","https://www.icsc.com/member/profile/578214"
"Jeromy Houser","Greenleaf Capital","","","","","Florida","Owner/Developer","https://www.icsc.com/member/profile/857969"
"Eric Howell","Baldwin Howell Properties","","","","","Florida","Owner/Developer","https://www.icsc.com/member/profile/836821"
"Michael Huesser","Second Horizon Capital","","","","","Florida","Owner/Developer","https://www.icsc.com/member/profile/842542"
"Meghan Hufty","Olson Land Partners","","","","","Florida","Owner/Developer","https://www.icsc.com/member/profile/849620"
"Jessica Hurst","Regency Centers","","","","","Florida","Owner/Developer","https://www.icsc.com/member/profile/296726"
"Nicholas Ife","Gazit Horizons, Inc.","","","","","Florida","Owner/Developer","https://www.icsc.com/member/profile/523086"
"G. Chester Irons","Water Lane Capital","","","","","Florida","Owner/Developer","https://www.icsc.com/member/profile/218472"
"Kelly Ivancic","Regency Centers","","","","","Florida","Owner/Developer","https://www.icsc.com/member/profile/770427"
"Yoram Izhak","IMC Equity Group","","","","","Florida","Owner/Developer","https://www.icsc.com/member/profile/557171"
"Adam Jacobson","JB Howell","","","","","Florida","Owner/Developer","https://www.icsc.com/member/profile/859011"
"Geno Jarquin","The Villages Operating Company","","","","","Florida","Owner/Developer","https://www.icsc.com/member/profile/380743"
"Samara Jivani","S A Property Holdings","","","","","Florida","Owner/Developer","https://www.icsc.com/member/profile/853794"
"ALEX JIVANI","S A Property Holdings","","","","","Florida","Owner/Developer","https://www.icsc.com/member/profile/648147"
"Carl Jobson","S & C Investments","","","","","Florida","Owner/Developer","https://www.icsc.com/member/profile/837004"
"Theresa Johnson","The Dowd Companies","","","","","Florida","Owner/Developer","https://www.icsc.com/member/profile/450140"
"Austin Johnston","PPF Real Estate","","","","","Florida","Owner/Developer","https://www.icsc.com/member/profile/850940"
"William Joyce","EQT Real Estate","","","","","Florida","Owner/Developer","https://www.icsc.com/member/profile/857917"
"Marwan Kaddoura","Kadmar Property LLC","","","","","Florida","Owner/Developer","https://www.icsc.com/member/profile/836947"
"Sylvia Kaminska","Berritto Realty Holdings LLC","","","","","Florida","Owner/Developer","https://www.icsc.com/member/profile/850594"
"Hari Kannam","Karanam LLC","","","","","Florida","Owner/Developer","https://www.icsc.com/member/profile/814629"
"Arun Karamchandani","NGI INVESTMENTS","","","","","Florida","Owner/Developer","https://www.icsc.com/member/profile/810652"
"Harry Karamchandani (Kay)","NGI INVESTMENTS","","","","","Florida","Owner/Developer","https://www.icsc.com/member/profile/556721"
"Carolyn Karpinski","DW Properties LLC","","","","","Florida","Owner/Developer","https://www.icsc.com/member/profile/104650"
"Austin Kay","NAI Hallmark","","","","","Florida","Owner/Developer","https://www.icsc.com/member/profile/621591"
"Chad Keller","Clover Investment Properties LLC","","","","","Florida","Owner/Developer","https://www.icsc.com/member/profile/743518"
"Kellie Kelly","Sheriff Management, LLC","","","","","Florida","Owner/Developer","https://www.icsc.com/member/profile/632304"
"Kelly Kennedy","Barron Collier Commercial, Inc.","","","","","Florida","Owner/Developer","https://www.icsc.com/member/profile/834555"
"Craig Kennedy","Related Companies","","","","","Florida","Owner/Developer","https://www.icsc.com/member/profile/809473"
"Michael Kenney","Predesco Property Investments LLC","","","","","Florida","Owner/Developer","https://www.icsc.com/member/profile/226182"
"Mert Kerimoglu","Cross Regions Real Estate","","","","","Florida","Owner/Developer","https://www.icsc.com/member/profile/732169"
"AJ Kern","The Cornerstone Group","","","","","Florida","Owner/Developer","https://www.icsc.com/member/profile/859661"
"Owais Khanani","ELEVATION DEVELOPMENT, LLC","","","","","Florida","Owner/Developer","https://www.icsc.com/member/profile/617867"
"Neda Khosrowzadeh","PPC Development","","","","","Florida","Owner/Developer","https://www.icsc.com/member/profile/835998"
"Shannon Kiefhaber","Riverside Group","","","","","Florida","Owner/Developer","https://www.icsc.com/member/profile/857993"
"Michael Kinsella","Regency Centers","","","","","Florida","Owner/Developer","https://www.icsc.com/member/profile/217030"
"Ross Kirchman","ECP Partners LLC","","","","","Florida","Owner/Developer","https://www.icsc.com/member/profile/823975"
"Rob Kodsi","Tricon Real Estate","","","","","Florida","Owner/Developer","https://www.icsc.com/member/profile/186466"
"Esteban Koffsmon","Edifis Group","","","","","Florida","Owner/Developer","https://www.icsc.com/member/profile/470267"
"Justin Konforte","JYK Properties LLC","","","","","Florida","Owner/Developer","https://www.icsc.com/member/profile/858841"
"Viraj Kulhari","Terra Equity Group, LLC","","","","","Florida","Owner/Developer","https://www.icsc.com/member/profile/792379"
"Vino Kulhari","Terra Equity Group, LLC","","","","","Florida","Owner/Developer","https://www.icsc.com/member/profile/792377"
"Shree Kulkarni","Kulkarni Properties","","","","","Florida","Owner/Developer","https://www.icsc.com/member/profile/817153"
"Katya Landeiro","MacLand No 1 LLC","","","","","Florida","Owner/Developer","https://www.icsc.com/member/profile/835494"
"Brett Lang","Lang Family Management","","","","","Florida","Owner/Developer","https://www.icsc.com/member/profile/831673"
"Cesar Lang","Borluv","","","","","Florida","Owner/Developer","https://www.icsc.com/member/profile/792514"
"Erick Langenbrunner","The Villages of Lake-Sumter, Inc.","","","","","Florida","Owner/Developer","https://www.icsc.com/member/profile/602398"
"Kyle Larsen","Regency Centers","","","","","Florida","Owner/Developer","https://www.icsc.com/member/profile/810398"
"marc Lawrence","TM Residential","","","","","Florida","Owner/Developer","https://www.icsc.com/member/profile/812635"
"Matthew Lazenby","Whitman Family Development","","","","","Florida","Owner/Developer","https://www.icsc.com/member/profile/257429"
"William Lebas","Concorde Group Holdings, LLC","","","","","Florida","Owner/Developer","https://www.icsc.com/member/profile/644333"
"kent leeward","WestWind","","","","","Florida","Owner/Developer","https://www.icsc.com/member/profile/836022"
"Luanne Lenberg, CMD, CSM","Penn-Florida Companies","","","","","Florida","Owner/Developer","https://www.icsc.com/member/profile/117253"
"Andrew Leonardi","LG Investments, Inc.","","","","","Florida","Owner/Developer","https://www.icsc.com/member/profile/425004"
"Richard Leonardi","LG Investments, Inc.","","","","","Florida","Owner/Developer","https://www.icsc.com/member/profile/400372"
"Steven Leoni","Leoni Properties, Inc.","","","","","Florida","Owner/Developer","https://www.icsc.com/member/profile/575904"
"scott levert","Tanger","","","","","Florida","Owner/Developer","https://www.icsc.com/member/profile/834590"
"Howard Levine","Second Horizon Capital","","","","","Florida","Owner/Developer","https://www.icsc.com/member/profile/778498"
"Kent Linton","Second Horizon Capital","","","","","Florida","Owner/Developer","https://www.icsc.com/member/profile/848485"
"Zachary Liszt","Cardinal Point Management","","","","","Florida","Owner/Developer","https://www.icsc.com/member/profile/811257"
"Jackie Lombardo","The Villages Operating Company","","","","","Florida","Owner/Developer","https://www.icsc.com/member/profile/784850"
"Richard Lovell","The Amera Corporation","","","","","Florida","Owner/Developer","https://www.icsc.com/member/profile/365618"
"Adam Lubkin","Ibis Development Group","","","","","Florida","Owner/Developer","https://www.icsc.com/member/profile/415648"
"Mike Lucido","ECP Partners LLC","","","","","Florida","Owner/Developer","https://www.icsc.com/member/profile/581014"
"Nathaly Lugo","First National Realty Partners","","","","","Florida","Owner/Developer","https://www.icsc.com/member/profile/825179"
"Angela Lygerou","IMC Equity Group","","","","","Florida","Owner/Developer","https://www.icsc.com/member/profile/744595"
"Paul Mahoney","Miami Freedom Park","","","","","Florida","Owner/Developer","https://www.icsc.com/member/profile/868182"
"Michael Malinasky","Aryeh Group","","","","","Florida","Owner/Developer","https://www.icsc.com/member/profile/865901"
"Vinson Mallah","Equity Management Partners Inc.","","","","","Florida","Owner/Developer","https://www.icsc.com/member/profile/812548"
"todd manganaro","Palio Properties","","","","","Florida","Owner/Developer","https://www.icsc.com/member/profile/812167"
"Charlotte Manley","Ustler Development","","","","","Florida","Owner/Developer","https://www.icsc.com/member/profile/349099"
"Kyle Mannheimer","BPS Partners FL LLC","","","","","Florida","Owner/Developer","https://www.icsc.com/member/profile/835232"
"David Marchisotto","Saglo Companies","","","","","Florida","Owner/Developer","https://www.icsc.com/member/profile/850216"
"Traci Markham","The Villages Operating Company","","","","","Florida","Owner/Developer","https://www.icsc.com/member/profile/849796"
"Justin Markley","Regency Centers","","","","","Florida","Owner/Developer","https://www.icsc.com/member/profile/583547"
"Ainur Marquez","4th Dimension Properties","","","","","Florida","Owner/Developer","https://www.icsc.com/member/profile/766451"
"Leydiana Martin","Kitson & Partners","","","","","Florida","Owner/Developer","https://www.icsc.com/member/profile/810476"
"Randy Martinuzzi","Semanik Investment Corporation","","","","","Florida","Owner/Developer","https://www.icsc.com/member/profile/770069"
"Javier Masferrer","JBL Asset Management","","","","","Florida","Owner/Developer","https://www.icsc.com/member/profile/792425"
"Donavan McAdams","Vendita AI","","","","","Florida","Owner/Developer","https://www.icsc.com/member/profile/859572"
"Sean McCall","Baycorp Development","","","","","Florida","Owner/Developer","https://www.icsc.com/member/profile/187615"
"Richie McClure","McClure Company","","","","","Florida","Owner/Developer","https://www.icsc.com/member/profile/625672"
"Richard McClure","McClure Company","","","","","Florida","Owner/Developer","https://www.icsc.com/member/profile/109261"
"Devon McCorkle","Miami Freedom Park","","","","","Florida","Owner/Developer","https://www.icsc.com/member/profile/807824"
"Kevin McCraw","Hunt Real Estate","","","","","Florida","Owner/Developer","https://www.icsc.com/member/profile/309780"
"Christy McElroy","Regency Centers","","","","","Florida","Owner/Developer","https://www.icsc.com/member/profile/318842"
"Rurmell McGee","Blackwater Development","","","","","Florida","Owner/Developer","https://www.icsc.com/member/profile/783402"
"Richard McGinley","MCL","","","","","Florida","Owner/Developer","https://www.icsc.com/member/profile/781367"
"Michael McGowan","Chase Properties","","","","","Florida","Owner/Developer","https://www.icsc.com/member/profile/602976"
"Thao McGrane","Southwind Investment","","","","","Florida","Owner/Developer","https://www.icsc.com/member/profile/790934"
"Patrick McKinley","Regency Centers","","","","","Florida","Owner/Developer","https://www.icsc.com/member/profile/295437"
"Gail McKinney","EDENS","","","","","Florida","Owner/Developer","https://www.icsc.com/member/profile/374006"
"Tom McLaughlin","Investors Realty Advisors, Inc.","","","","","Florida","Owner/Developer","https://www.icsc.com/member/profile/812747"
"Kevin Menendez","RK Development Partners, LLC","","","","","Florida","Owner/Developer","https://www.icsc.com/member/profile/495518"
"Anthony Menna","Menna Development & Management, Inc.","","","","","Florida","Owner/Developer","https://www.icsc.com/member/profile/682987"
"Amanda Merchent","The Villages Operating Company","","","","","Florida","Owner/Developer","https://www.icsc.com/member/profile/834850"
"Kevin Merideth","Boyd Development Corporation","","","","","Florida","Owner/Developer","https://www.icsc.com/member/profile/407461"
"Max Messulam","Gazit Horizons, Inc.","","","","","Florida","Owner/Developer","https://www.icsc.com/member/profile/858157"
"Michael Metcalf","MHM Development","","","","","Florida","Owner/Developer","https://www.icsc.com/member/profile/446853"
"Gail Meyer Asarch","Meyer Development","","","","","Florida","Owner/Developer","https://www.icsc.com/member/profile/244866"
"Paul Miklos","Harbor Properties","","","","","Florida","Owner/Developer","https://www.icsc.com/member/profile/740510"
"David Milgram","Highline Real Estate Capital","","","","","Florida","Owner/Developer","https://www.icsc.com/member/profile/400210"
"Dan Miller","Discomfort LLC","","","","","Florida","Owner/Developer","https://www.icsc.com/member/profile/859183"
"Sergio Oscar Miranda","JKV CAPITAL","","","","","Florida","Owner/Developer","https://www.icsc.com/member/profile/509397"
"Franco Mirasola","Vantage Properties","","","","","Florida","Owner/Developer","https://www.icsc.com/member/profile/270552"
"Adam Mirmelli","Shaked Acquisitions","","","","","Florida","Owner/Developer","https://www.icsc.com/member/profile/836809"
"Ishmel Mobarak","Corbin Holdings, LLC","","","","","Florida","Owner/Developer","https://www.icsc.com/member/profile/725154"
"Steven Montalvo","Validus Group","","","","","Florida","Owner/Developer","https://www.icsc.com/member/profile/603308"
"Anthony Monteleone","The Villages Operating Company","","","","","Florida","Owner/Developer","https://www.icsc.com/member/profile/797373"
"Josiah Moore","Millenia Partners","","","","","Florida","Owner/Developer","https://www.icsc.com/member/profile/810695"
"Maria Morales","Kitson & Partners","","","","","Florida","Owner/Developer","https://www.icsc.com/member/profile/823632"
"George Morgan Jr","The Morgan Companies","","","","","Florida","Owner/Developer","https://www.icsc.com/member/profile/94007"
"Theresa Morocco","Whitman Family Development","","","","","Florida","Owner/Developer","https://www.icsc.com/member/profile/803037"
"Ishon Morris","Real Deal Makers","","","","","Florida","Owner/Developer","https://www.icsc.com/member/profile/859567"
"Greta Morris","Regency Centers","","","","","Florida","Owner/Developer","https://www.icsc.com/member/profile/783707"
"Kevin Moyo","Fourth Quarter Capital Inc","","","","","Florida","Owner/Developer","https://www.icsc.com/member/profile/504523"
"Kristin Muir","Muir Investment Holdings, LLC","","","","","Florida","Owner/Developer","https://www.icsc.com/member/profile/825170"
"Kathy Mulkern","Longpoint Realty Partners","","","","","Florida","Owner/Developer","https://www.icsc.com/member/profile/124541"
"Andrew Mumford","Regency Centers","","","","","Florida","Owner/Developer","https://www.icsc.com/member/profile/330207"
"Damian Najman","Iron City Group","","","","","Florida","Owner/Developer","https://www.icsc.com/member/profile/601692"
"Rupen Nana","FULSPEK","","","","","Florida","Owner/Developer","https://www.icsc.com/member/profile/823848"
"Nikhil Nandu","Benzer International Inc.","","","","","Florida","Owner/Developer","https://www.icsc.com/member/profile/793562"
"Arvind Nandu","Benzer International Inc.","","","","","Florida","Owner/Developer","https://www.icsc.com/member/profile/793354"
"Luis Nazario","Saglo Companies","","","","","Florida","Owner/Developer","https://www.icsc.com/member/profile/690218"
"Victor Nazi","Kitson & Partners","","","","","Florida","Owner/Developer","https://www.icsc.com/member/profile/763078"
"Adriana Nelson","Kitson & Partners","","","","","Florida","Owner/Developer","https://www.icsc.com/member/profile/812218"
"Debbie Newell","American Commercial Realty","","","","","Florida","Owner/Developer","https://www.icsc.com/member/profile/523768"
"Joseph Nichols","JMJ General Contractors Inc","","","","","Florida","Owner/Developer","https://www.icsc.com/member/profile/868457"
"Philip Nicozisis","Nico Properties Group LLC","","","","","Florida","Owner/Developer","https://www.icsc.com/member/profile/617427"
"Camden Nightengale","Clover Investment Properties LLC","","","","","Florida","Owner/Developer","https://www.icsc.com/member/profile/743520"
"Brandon Nocella","Strategic Retail Advisors","","","","","Florida","Owner/Developer","https://www.icsc.com/member/profile/310864"
"Susan Novak","Regency Centers","","","","","Florida","Owner/Developer","https://www.icsc.com/member/profile/670875"
"Greg Nowak","Vantage Properties","","","","","Florida","Owner/Developer","https://www.icsc.com/member/profile/207740"
"James Nulf","Seagate Development Group","","","","","Florida","Owner/Developer","https://www.icsc.com/member/profile/812705"
"Michael O'Connor","Wagner Property Group","","","","","Florida","Owner/Developer","https://www.icsc.com/member/profile/743664"
"Michael O'Steen","The PARC Group","","","","","Florida","Owner/Developer","https://www.icsc.com/member/profile/836656"
"Nicholas Oberholtzer","Third lake Partners, LLC","","","","","Florida","Owner/Developer","https://www.icsc.com/member/profile/836569"
"J. Cole Oliver","EKS, Inc.","","","","","Florida","Owner/Developer","https://www.icsc.com/member/profile/653031"
"Rick Olson","Olson Land Partners","","","","","Florida","Owner/Developer","https://www.icsc.com/member/profile/743083"
"Cameron Orsi","Strategic Retail Advisors","","","","","Florida","Owner/Developer","https://www.icsc.com/member/profile/834338"
"Kelsey Overby","Second Horizon Capital","","","","","Florida","Owner/Developer","https://www.icsc.com/member/profile/785314"
"David Owen Jr","SunCoast Retail Developers","","","","","Florida","Owner/Developer","https://www.icsc.com/member/profile/617679"
"Graham Oxley","Miami Freedom Park","","","","","Florida","Owner/Developer","https://www.icsc.com/member/profile/820348"
"Kurt Palermo","Real Commercial","","","","","Florida","Owner/Developer","https://www.icsc.com/member/profile/837096"
"Lisa Palmer","Regency Centers","","","","","Florida","Owner/Developer","https://www.icsc.com/member/profile/174275"
"Alexander Pantaleon","Boyd Development Corporation","","","","","Florida","Owner/Developer","https://www.icsc.com/member/profile/730096"
"Ben Pantazi","Commercial Legacy Advisors, LLC","","","","","Florida","Owner/Developer","https://www.icsc.com/member/profile/761348"
"Roger Passarella","Morgan Farm,LLC","","","","","Florida","Owner/Developer","https://www.icsc.com/member/profile/514867"
"Sam Patierno","The Augusterra Group, LLC","","","","","Florida","Owner/Developer","https://www.icsc.com/member/profile/812834"
"Christopher Patterson","Aware Investments","","","","","Florida","Owner/Developer","https://www.icsc.com/member/profile/851035"
"Jelena Pavlovic","Concorde Group Holdings, LLC","","","","","Florida","Owner/Developer","https://www.icsc.com/member/profile/853244"
"Andrew Peach","Tanger","","","","","Florida","Owner/Developer","https://www.icsc.com/member/profile/511534"
"Robert Peck","Watkins Real Estate Group","","","","","Florida","Owner/Developer","https://www.icsc.com/member/profile/117438"
"Carlos Pena","MAK Realty Group","","","","","Florida","Owner/Developer","https://www.icsc.com/member/profile/828035"
"Michael Perkowski","Regency Centers","","","","","Florida","Owner/Developer","https://www.icsc.com/member/profile/810857"
"Kahra Peterson","Real Deal Makers","","","","","Florida","Owner/Developer","https://www.icsc.com/member/profile/859568"
"Chad Pettinato","Black Marlin Capital, LLC","","","","","Florida","Owner/Developer","https://www.icsc.com/member/profile/802682"
"Michael Phillips","Loci Capital Group","","","","","Florida","Owner/Developer","https://www.icsc.com/member/profile/316723"
"Brian Piccolo","Clover Investment Properties LLC","","","","","Florida","Owner/Developer","https://www.icsc.com/member/profile/810502"
"Steven Pike","Kolter Mixed-Use","","","","","Florida","Owner/Developer","https://www.icsc.com/member/profile/802406"
"Andrei Pintilie CCIM","EDENS","","","","","Florida","Owner/Developer","https://www.icsc.com/member/profile/482501"
"Steven Pinzon","Arena Capital Holdings","","","","","Florida","Owner/Developer","https://www.icsc.com/member/profile/858913"
"Enoch Poon","Amstin LLC","","","","","Florida","Owner/Developer","https://www.icsc.com/member/profile/776828"
"James Porter","Wiregrass Ranch, Inc.","","","","","Florida","Owner/Developer","https://www.icsc.com/member/profile/619976"
"Jason Powers","Powers Development Group","","","","","Florida","Owner/Developer","https://www.icsc.com/member/profile/287169"
"Eshaan Premji","Northstar Group of Companies","","","","","Florida","Owner/Developer","https://www.icsc.com/member/profile/835919"
"Salim Premji","chancellor holding llc","","","","","Florida","Owner/Developer","https://www.icsc.com/member/profile/791928"
"Cory Presnick","CORTA","","","","","Florida","Owner/Developer","https://www.icsc.com/member/profile/783719"
"Elan Radick","Sublime Management","","","","","Florida","Owner/Developer","https://www.icsc.com/member/profile/860070"
"Michael Rahael","The Amera Corporation","","","","","Florida","Owner/Developer","https://www.icsc.com/member/profile/294933"
"Gisele Rahael","The Amera Corporation","","","","","Florida","Owner/Developer","https://www.icsc.com/member/profile/192206"
"George Rahael","The Amera Corporation","","","","","Florida","Owner/Developer","https://www.icsc.com/member/profile/142682"
"Gillian Rahael Johnson","The Amera Corporation","","","","","Florida","Owner/Developer","https://www.icsc.com/member/profile/238221"
"Pablo Ramos","Habitus Capital","","","","","Florida","Owner/Developer","https://www.icsc.com/member/profile/842343"
"David Rattner, CLS, CRX","Blue Sky Holdings, Inc","","","","","Florida","Owner/Developer","https://www.icsc.com/member/profile/352594"
"Venkata Ravipati","Rave Commercial LLC","","","","","Florida","Owner/Developer","https://www.icsc.com/member/profile/378833"
"Geno Ray","LG Investments, Inc.","","","","","Florida","Owner/Developer","https://www.icsc.com/member/profile/629216"
"Syed Raza","Black mountain group, llc","","","","","Florida","Owner/Developer","https://www.icsc.com/member/profile/792264"
"Michael Rechter","Integra Real Estate","","","","","Florida","Owner/Developer","https://www.icsc.com/member/profile/383897"
"Michel Regignano","GPI Real Estate Group","","","","","Florida","Owner/Developer","https://www.icsc.com/member/profile/828961"
"Scott Renick, CLS, CRX","The Villages Operating Company","","","","","Florida","Owner/Developer","https://www.icsc.com/member/profile/255785"
"Felix Reznick","4th Dimension Properties","","","","","Florida","Owner/Developer","https://www.icsc.com/member/profile/773731"
"Paxton Rhoads","Forge Capital Partners","","","","","Florida","Owner/Developer","https://www.icsc.com/member/profile/791793"
"Taylor Rice","Cross Regions Real Estate","","","","","Florida","Owner/Developer","https://www.icsc.com/member/profile/853295"
"Jeff Richards","L2B","","","","","Florida","Owner/Developer","https://www.icsc.com/member/profile/693251"
"Heather Richmond","Meyer Development","","","","","Florida","Owner/Developer","https://www.icsc.com/member/profile/356647"
"Joseph Risi","Wagner Property Group","","","","","Florida","Owner/Developer","https://www.icsc.com/member/profile/836015"
"Chris Robinson","Phoenicia Development, LLC","","","","","Florida","Owner/Developer","https://www.icsc.com/member/profile/792857"
"Juan Rodriguez","Stablewood Properties","","","","","Florida","Owner/Developer","https://www.icsc.com/member/profile/798714"
"Oscar Rodriguez Jr","Arena Capital Holdings","","","","","Florida","Owner/Developer","https://www.icsc.com/member/profile/572124"
"Robert Rohrlack III","Generation Income Properties, Inc.","","","","","Florida","Owner/Developer","https://www.icsc.com/member/profile/772571"
"Susan Ross","Federal Realty","","","","","Florida","Owner/Developer","https://www.icsc.com/member/profile/209473"
"Steven Royal","The Royal Companies","","","","","Florida","Owner/Developer","https://www.icsc.com/member/profile/128438"
"Jorge Ruiz","Denvest LLC","","","","","Florida","Owner/Developer","https://www.icsc.com/member/profile/681588"
"Brandie Rush, CRRP, CSM","The Villages Operating Company","","","","","Florida","Owner/Developer","https://www.icsc.com/member/profile/501441"
"Michael Russell","Paramount Realty Group","","","","","Florida","Owner/Developer","https://www.icsc.com/member/profile/862289"
"Alyson Ruttgeizer","DEW Seven, LLC","","","","","Florida","Owner/Developer","https://www.icsc.com/member/profile/788222"
"Brad Safley","Tidewater Development Group","","","","","Florida","Owner/Developer","https://www.icsc.com/member/profile/695905"
"Kamil Salame","Royal Palm Companies","","","","","Florida","Owner/Developer","https://www.icsc.com/member/profile/860535"
"Richard Salter","PSL1 LLC","","","","","Florida","Owner/Developer","https://www.icsc.com/member/profile/681548"
"Jon Samuel","Midtown Group","","","","","Florida","Owner/Developer","https://www.icsc.com/member/profile/683712"
"Alejandro Sanchez","Indigo Properties Inc","","","","","Florida","Owner/Developer","https://www.icsc.com/member/profile/792145"
"Casey Sanders","Paradise Ventures, Inc.","","","","","Florida","Owner/Developer","https://www.icsc.com/member/profile/337184"
"Alex Sands","Pine Drive Development","","","","","Florida","Owner/Developer","https://www.icsc.com/member/profile/801151"
"Natalie Santizo","East Coast Acquisitions","","","","","Florida","Owner/Developer","https://www.icsc.com/member/profile/859067"
"Anthony Saravanos CCIM, CDP","Greenleaf Capital","","","","","Florida","Owner/Developer","https://www.icsc.com/member/profile/286996"
"George Sarkisian Esq","Arena Capital Holdings","","","","","Florida","Owner/Developer","https://www.icsc.com/member/profile/654004"
"Luke Sawyer","Millenia Partners","","","","","Florida","Owner/Developer","https://www.icsc.com/member/profile/744785"
"Michael Scarfo","Retail Development Properties, LLC","","","","","Florida","Owner/Developer","https://www.icsc.com/member/profile/257529"
"Jeremy Scheer","Cleeman Realty Group","","","","","Florida","Owner/Developer","https://www.icsc.com/member/profile/677204"
"Jennifer Scher","SSG Commercial","","","","","Florida","Owner/Developer","https://www.icsc.com/member/profile/712736"
"David Scher","SSG Commercial","","","","","Florida","Owner/Developer","https://www.icsc.com/member/profile/120423"
"Barry Scherr","Sundar Corporation","","","","","Florida","Owner/Developer","https://www.icsc.com/member/profile/140376"
"Michael Schinella","United Properties","","","","","Florida","Owner/Developer","https://www.icsc.com/member/profile/603005"
"Max Schwartz","Cascade Landings","","","","","Florida","Owner/Developer","https://www.icsc.com/member/profile/836553"
"Bryan Sechrist","MHM Development","","","","","Florida","Owner/Developer","https://www.icsc.com/member/profile/758041"
"Sam Seelenfreund","Cleeman Realty Group","","","","","Florida","Owner/Developer","https://www.icsc.com/member/profile/754841"
"Carlos Segrera","IMC Equity Group","","","","","Florida","Owner/Developer","https://www.icsc.com/member/profile/604184"
"Mandy Seuss","NRH Homes","","","","","Florida","Owner/Developer","https://www.icsc.com/member/profile/851595"
"Tarak Shah","Shah Investments","","","","","Florida","Owner/Developer","https://www.icsc.com/member/profile/858172"
"Yariv Shaked","Shaked Acquisitions","","","","","Florida","Owner/Developer","https://www.icsc.com/member/profile/778516"
"Sagi Shaked","Shaked Acquisitions","","","","","Florida","Owner/Developer","https://www.icsc.com/member/profile/778515"
"Rod Sheldon","Predesco Property Investments LLC","","","","","Florida","Owner/Developer","https://www.icsc.com/member/profile/526755"
"Jesse Shemesh","Point Acquisitions LLC","","","","","Florida","Owner/Developer","https://www.icsc.com/member/profile/770850"
"Scott Sheridan","Wiregrass Ranch, Inc.","","","","","Florida","Owner/Developer","https://www.icsc.com/member/profile/338006"
"Scott Sherman","Torose Equities","","","","","Florida","Owner/Developer","https://www.icsc.com/member/profile/500506"
"Ashleigh Shim","Petra","","","","","Florida","Owner/Developer","https://www.icsc.com/member/profile/860308"
"Nicole Shiman","EDENS","","","","","Florida","Owner/Developer","https://www.icsc.com/member/profile/658954"
"Marta Shin","Sentinel Fund I, LLC","","","","","Florida","Owner/Developer","https://www.icsc.com/member/profile/787386"
"Tae Shin","Sentinel Fund I, LLC","","","","","Florida","Owner/Developer","https://www.icsc.com/member/profile/787353"
"Brad Shirley","Jomar Development and Construction, Inc","","","","","Florida","Owner/Developer","https://www.icsc.com/member/profile/858776"
"Jody Shirley","Jomar Development and Construction, Inc","","","","","Florida","Owner/Developer","https://www.icsc.com/member/profile/858774"
"Ben Shmul","Insite Development Group","","","","","Florida","Owner/Developer","https://www.icsc.com/member/profile/831937"
"Drew Shofner","BluRock Commercial Real Estate, LLC","","","","","Florida","Owner/Developer","https://www.icsc.com/member/profile/836346"
"sara shulman","Cleeman Realty Group","","","","","Florida","Owner/Developer","https://www.icsc.com/member/profile/802969"
"Daniel Siegel","Westgate Resort, Ltd.","","","","","Florida","Owner/Developer","https://www.icsc.com/member/profile/860111"
"David Siegel","Westgate Resort, Ltd.","","","","","Florida","Owner/Developer","https://www.icsc.com/member/profile/860106"
"Oliver Silver","Aetna Realty","","","","","Florida","Owner/Developer","https://www.icsc.com/member/profile/812938"
"Frank Silverman","Vision Development and Management","","","","","Florida","Owner/Developer","https://www.icsc.com/member/profile/824129"
"Frank Silverman","Vision Development and Management","","","","","Florida","Owner/Developer","https://www.icsc.com/member/profile/655339"
"Natasha Simas","Sentinel Fund I, LLC","","","","","Florida","Owner/Developer","https://www.icsc.com/member/profile/817677"
"Ezra Sitt","Blake Road Realty","","","","","Florida","Owner/Developer","https://www.icsc.com/member/profile/745785"
"Jesse Sklaroff","Regency Centers","","","","","Florida","Owner/Developer","https://www.icsc.com/member/profile/805007"
"Jonathan Slomianski","Galium Capital","","","","","Florida","Owner/Developer","https://www.icsc.com/member/profile/792686"
"Benjamin Small","ESJ Capital Partners","","","","","Florida","Owner/Developer","https://www.icsc.com/member/profile/836789"
"Bryon Smith","Westgate Resort, Ltd.","","","","","Florida","Owner/Developer","https://www.icsc.com/member/profile/860105"
"Debbie Smith","Kitson & Partners","","","","","Florida","Owner/Developer","https://www.icsc.com/member/profile/857369"
"Aaron Smith","PPF Real Estate","","","","","Florida","Owner/Developer","https://www.icsc.com/member/profile/850785"
"Jennifer Smithers","East Coast Acquisitions","","","","","Florida","Owner/Developer","https://www.icsc.com/member/profile/859066"
"John Snook CCIM","Regional Development Group, Inc","","","","","Florida","Owner/Developer","https://www.icsc.com/member/profile/849676"
"Daniel Snyder","Snyder Holding Company LLC","","","","","Florida","Owner/Developer","https://www.icsc.com/member/profile/849095"
"B.P. Sodhi","Eagles Florida Commercial Properties LLC","","","","","Florida","Owner/Developer","https://www.icsc.com/member/profile/601455"
"Matt Sonntag","Rialto Holdings, LLC","","","","","Florida","Owner/Developer","https://www.icsc.com/member/profile/383657"
"Justin Sosa","Wagner Property Group","","","","","Florida","Owner/Developer","https://www.icsc.com/member/profile/860167"
"Richie Speno","PREFERRED Realty & Development","","","","","Florida","Owner/Developer","https://www.icsc.com/member/profile/812461"
"Tom Speno","PREFERRED Realty & Development","","","","","Florida","Owner/Developer","https://www.icsc.com/member/profile/716012"
"Toby Spill","GPK Real Estate Investment & Development","","","","","Florida","Owner/Developer","https://www.icsc.com/member/profile/826184"
"Anne Stephens","Regency Centers","","","","","Florida","Owner/Developer","https://www.icsc.com/member/profile/783173"
"Mia Stierheim","Deploy Development Group LLC","","","","","Florida","Owner/Developer","https://www.icsc.com/member/profile/237907"
"Allen Stiles","GPS Development","","","","","Florida","Owner/Developer","https://www.icsc.com/member/profile/856178"
"Caitlin Stone","Regency Centers","","","","","Florida","Owner/Developer","https://www.icsc.com/member/profile/802695"
"Luke Strickland","Tidewater Development Group","","","","","Florida","Owner/Developer","https://www.icsc.com/member/profile/835173"
"Michael Strongin","4 River Capital LLC","","","","","Florida","Owner/Developer","https://www.icsc.com/member/profile/867695"
"Doug Sullinger","Vendita AI","","","","","Florida","Owner/Developer","https://www.icsc.com/member/profile/807389"
"glenn sullivan","Kitson & Partners","","","","","Florida","Owner/Developer","https://www.icsc.com/member/profile/857382"
"James Swan","Swan Real Estate","","","","","Florida","Owner/Developer","https://www.icsc.com/member/profile/810928"
"Turner Swann","Inlet Property Company","","","","","Florida","Owner/Developer","https://www.icsc.com/member/profile/860389"
"Tye Swenson","Fortify Development","","","","","Florida","Owner/Developer","https://www.icsc.com/member/profile/617885"
"Josh Taube","Strategic Property Partners","","","","","Florida","Owner/Developer","https://www.icsc.com/member/profile/832177"
"Chuck Taylor, CLS, CRX, CSM","Second Horizon Capital","","","","","Florida","Owner/Developer","https://www.icsc.com/member/profile/91906"
"Tad Templeton","CORTA","","","","","Florida","Owner/Developer","https://www.icsc.com/member/profile/778534"
"Jonathan Tenenbaum","Sayet","","","","","Florida","Owner/Developer","https://www.icsc.com/member/profile/816321"
"Daron Tersakyan","Investments Limited","","","","","Florida","Owner/Developer","https://www.icsc.com/member/profile/370532"
"Angela Tharpe","The Collier Companies","","","","","Florida","Owner/Developer","https://www.icsc.com/member/profile/734186"
"Lewis Thompson","Deziel Company","","","","","Florida","Owner/Developer","https://www.icsc.com/member/profile/857633"
"Ashley Thornburg","Lionheart Capital","","","","","Florida","Owner/Developer","https://www.icsc.com/member/profile/445908"
"Pablo Tondreau","Grupo Puerto LLC","","","","","Florida","Owner/Developer","https://www.icsc.com/member/profile/832948"
"Shana Torre","Kitson & Partners","","","","","Florida","Owner/Developer","https://www.icsc.com/member/profile/864235"
"Lawson Trantina","The St. Joe Company","","","","","Florida","Owner/Developer","https://www.icsc.com/member/profile/851844"
"Tony Trieu","Trieu Development Group","","","","","Florida","Owner/Developer","https://www.icsc.com/member/profile/522081"
"Robert Truett","TRG","","","","","Florida","Owner/Developer","https://www.icsc.com/member/profile/778349"
"Burton Tuttle","Alliant Partners","","","","","Florida","Owner/Developer","https://www.icsc.com/member/profile/603419"
"Sebastian Valenzuela","Avenida Realty","","","","","Florida","Owner/Developer","https://www.icsc.com/member/profile/649639"
"Paul Varano","Lifetime Property","","","","","Florida","Owner/Developer","https://www.icsc.com/member/profile/859443"
"Camilo Varela","Second Horizon Capital","","","","","Florida","Owner/Developer","https://www.icsc.com/member/profile/778500"
"Angel Velazquez","Strategic Property Partners","","","","","Florida","Owner/Developer","https://www.icsc.com/member/profile/807437"
"Matthew Vickery, CRRP","Vickery Corporate Services","","","","","Florida","Owner/Developer","https://www.icsc.com/member/profile/404302"
"Renee Wager","Regency Centers","","","","","Florida","Owner/Developer","https://www.icsc.com/member/profile/288006"
"Marilyn Waldrop","Sentinel Fund I, LLC","","","","","Florida","Owner/Developer","https://www.icsc.com/member/profile/847437"
"Connor Walsh","Southeastern Retail Development, LLC","","","","","Florida","Owner/Developer","https://www.icsc.com/member/profile/863180"
"Patrick Walsh","Amprop Ventures","","","","","Florida","Owner/Developer","https://www.icsc.com/member/profile/860263"
"Collin Walsh","Amprop Ventures","","","","","Florida","Owner/Developer","https://www.icsc.com/member/profile/855053"
"Mitch Walters","Regency Centers","","","","","Florida","Owner/Developer","https://www.icsc.com/member/profile/804708"
"Craig Wasserman","GPK holdings Company","","","","","Florida","Owner/Developer","https://www.icsc.com/member/profile/668976"
"Rebecca Waters CCIM, CLS, CSM","The St. Joe Company","","","","","Florida","Owner/Developer","https://www.icsc.com/member/profile/133771"
"Tiffany Wein","NAI Hallmark","","","","","Florida","Owner/Developer","https://www.icsc.com/member/profile/858118"
"Jon Weinstein","Second Horizon Capital","","","","","Florida","Owner/Developer","https://www.icsc.com/member/profile/808563"
"Rafael Weiss","JW Advance","","","","","Florida","Owner/Developer","https://www.icsc.com/member/profile/753568"
"Jack Weisser","Lindell Investments","","","","","Florida","Owner/Developer","https://www.icsc.com/member/profile/835356"
"Alexander Welch","Forge Capital Partners","","","","","Florida","Owner/Developer","https://www.icsc.com/member/profile/675545"
"Bernard Werner","Metropica Development LLC","","","","","Florida","Owner/Developer","https://www.icsc.com/member/profile/843130"
"Earl Wesson","Deploy Development Group LLC","","","","","Florida","Owner/Developer","https://www.icsc.com/member/profile/117850"
"James White","White Development Company","","","","","Florida","Owner/Developer","https://www.icsc.com/member/profile/126146"
"Christopher Wild","East Coast Acquisitions","","","","","Florida","Owner/Developer","https://www.icsc.com/member/profile/728898"
"Gradon Willard","BluRock Commercial Real Estate, LLC","","","","","Florida","Owner/Developer","https://www.icsc.com/member/profile/666341"
"Gregory Williams","Cardinal Point Management","","","","","Florida","Owner/Developer","https://www.icsc.com/member/profile/837007"
"Sharon Williams","Exchange Place Inc.","","","","","Florida","Owner/Developer","https://www.icsc.com/member/profile/812946"
"Chad Williams","Flagship Companies Group","","","","","Florida","Owner/Developer","https://www.icsc.com/member/profile/623775"
"Grant Wood","Stingray Asset Management","","","","","Florida","Owner/Developer","https://www.icsc.com/member/profile/716375"
"Rod Woodfaulk","Hilltop Commercial ~ Florida","","","","","Florida","Owner/Developer","https://www.icsc.com/member/profile/801036"
"David Workman","Loci Capital Group","","","","","Florida","Owner/Developer","https://www.icsc.com/member/profile/860526"
"Charlene Worrell","SunCoast Retail Developers","","","","","Florida","Owner/Developer","https://www.icsc.com/member/profile/682068"
"Kristina Wyllie","Saglo Companies","","","","","Florida","Owner/Developer","https://www.icsc.com/member/profile/568165"
"Shay Yakobovich","Luxe holdings group","","","","","Florida","Owner/Developer","https://www.icsc.com/member/profile/732851"
"Logan Yates","The St. Joe Company","","","","","Florida","Owner/Developer","https://www.icsc.com/member/profile/851795"
"Yanina Yefimova","Metro Commercial Real Estate Inc.","","","","","Florida","Owner/Developer","https://www.icsc.com/member/profile/620938"
"William Yeomans Jr","The Augusterra Group, LLC","","","","","Florida","Owner/Developer","https://www.icsc.com/member/profile/353968"
"Courtenay Yergens","Diversified Companies","","","","","Florida","Owner/Developer","https://www.icsc.com/member/profile/775468"
"Achikam Yogev","Flamboyanes","","","","","Florida","Owner/Developer","https://www.icsc.com/member/profile/270313"
"Alex Zapata","Barclay Group","","","","","Florida","Owner/Developer","https://www.icsc.com/member/profile/836217"
"Sen Zhang","GPK holdings Company","","","","","Florida","Owner/Developer","https://www.icsc.com/member/profile/668966"
"Jeffrey Zito","Wahoo Land","","","","","Florida","Owner/Developer","https://www.icsc.com/member/profile/857316"
"ryan zuckerman","The Zuckerman Group","","","","","Florida","Owner/Developer","https://www.icsc.com/member/profile/787894"
"Natalie Abt","EDENS","","","","","Georgia","Owner/Developer","https://www.icsc.com/member/profile/583380"
"Jim Ackerman","Fuqua Development","","","","","Georgia","Owner/Developer","https://www.icsc.com/member/profile/169369"
"Rhodes Adair","Regency Centers","","","","","Georgia","Owner/Developer","https://www.icsc.com/member/profile/794783"
"Vandana Aggarwal","Aggarwal Real Estate","","","","","Georgia","Owner/Developer","https://www.icsc.com/member/profile/435235"
"Josh Ahlzadeh","Delza Properties","","","","","Georgia","Owner/Developer","https://www.icsc.com/member/profile/736931"
"Michael Allison","LBX Investments LLC","","","","","Georgia","Owner/Developer","https://www.icsc.com/member/profile/562307"
"Michael Alterman","Alterman Commercial Real Estate","","","","","Georgia","Owner/Developer","https://www.icsc.com/member/profile/314720"
"Herbert Ames","EDENS","","","","","Georgia","Owner/Developer","https://www.icsc.com/member/profile/314332"
"Geoff Anderson","Taz Anderson Companies","","","","","Georgia","Owner/Developer","https://www.icsc.com/member/profile/785323"
"Sam Banjee","Banjee Enterprises,LLC","","","","","Georgia","Owner/Developer","https://www.icsc.com/member/profile/506063"
"william banks","Bridger Properties","","","","","Georgia","Owner/Developer","https://www.icsc.com/member/profile/787917"
"Reid Barker","Barker Corp.","","","","","Georgia","Owner/Developer","https://www.icsc.com/member/profile/780484"
"David Barrett","BA BARRETT CONSTRUCTION","","","","","Georgia","Owner/Developer","https://www.icsc.com/member/profile/637016"
"Elesha Bateman","South Coast Commercial","","","","","Georgia","Owner/Developer","https://www.icsc.com/member/profile/581758"
"Sarabeth Bauer","Branch Properties, LLC","","","","","Georgia","Owner/Developer","https://www.icsc.com/member/profile/768446"
"Karlo Bazdan","Pursuit Development","","","","","Georgia","Owner/Developer","https://www.icsc.com/member/profile/775353"
"Brian Bennett","JBS Capital Investments, LLC","","","","","Georgia","Owner/Developer","https://www.icsc.com/member/profile/584577"
"Claire Bernard","Jamestown, LP","","","","","Georgia","Owner/Developer","https://www.icsc.com/member/profile/782108"
"Preston Blair","Alterman Commercial Real Estate","","","","","Georgia","Owner/Developer","https://www.icsc.com/member/profile/783177"
"Todd Blair","Blair Capital, LLC","","","","","Georgia","Owner/Developer","https://www.icsc.com/member/profile/593123"
"Matthew Blass","Dimension Development Partners","","","","","Georgia","Owner/Developer","https://www.icsc.com/member/profile/864493"
"David Blass","Dimension Development Partners","","","","","Georgia","Owner/Developer","https://www.icsc.com/member/profile/101147"
"Susan Bloodworth","AREY GROUP","","","","","Georgia","Owner/Developer","https://www.icsc.com/member/profile/792412"
"John Bowen","31 North Capital Partners","","","","","Georgia","Owner/Developer","https://www.icsc.com/member/profile/849410"
"Stuart Brackenridge","First National Realty Partners","","","","","Georgia","Owner/Developer","https://www.icsc.com/member/profile/314340"
"Terry Brown","Asana Partners","","","","","Georgia","Owner/Developer","https://www.icsc.com/member/profile/218859"
"Nathalie Burke","Branch Properties, LLC","","","","","Georgia","Owner/Developer","https://www.icsc.com/member/profile/829796"
"Richard Carpenter","Glenridge Development, LLC","","","","","Georgia","Owner/Developer","https://www.icsc.com/member/profile/838639"
"Jeff Carter","Landmark Properties, Inc.","","","","","Georgia","Owner/Developer","https://www.icsc.com/member/profile/671385"
"Lataraini Carter Busch, CRRP","Perform Properties","","","","","Georgia","Owner/Developer","https://www.icsc.com/member/profile/716342"
"James Case","ForrPlaces Development","","","","","Georgia","Owner/Developer","https://www.icsc.com/member/profile/841050"
"Brian Clark","Excaliber Development LLC","","","","","Georgia","Owner/Developer","https://www.icsc.com/member/profile/684242"
"Cyrus Commissariat","Hammerford Development Co.","","","","","Georgia","Owner/Developer","https://www.icsc.com/member/profile/575271"
"Evan Conder","Venture South Investments, LLC","","","","","Georgia","Owner/Developer","https://www.icsc.com/member/profile/783260"
"J.R. Connolly II","Connolly Realty Services Inc.","","","","","Georgia","Owner/Developer","https://www.icsc.com/member/profile/90741"
"Heather Correa","Fuqua Development","","","","","Georgia","Owner/Developer","https://www.icsc.com/member/profile/138158"
"Lance Davenport","Davenport Worldwide Development","","","","","Georgia","Owner/Developer","https://www.icsc.com/member/profile/796490"
"Keith Davidson","EDENS","","","","","Georgia","Owner/Developer","https://www.icsc.com/member/profile/144691"
"Buckley Davis","Pursuit Development","","","","","Georgia","Owner/Developer","https://www.icsc.com/member/profile/792139"
"Brent Davis","The Davis Group","","","","","Georgia","Owner/Developer","https://www.icsc.com/member/profile/675950"
"Michael Davis","D&G Development Group","","","","","Georgia","Owner/Developer","https://www.icsc.com/member/profile/645074"
"Rhett DeBuys","Fuqua Development","","","","","Georgia","Owner/Developer","https://www.icsc.com/member/profile/752301"
"Yash Desai","Stature Investments","","","","","Georgia","Owner/Developer","https://www.icsc.com/member/profile/840002"
"Brian Donley","LBX Investments LLC","","","","","Georgia","Owner/Developer","https://www.icsc.com/member/profile/341154"
"Greg Eason","Jamestown, LP","","","","","Georgia","Owner/Developer","https://www.icsc.com/member/profile/815422"
"Jason Emrani","First National Realty Partners","","","","","Georgia","Owner/Developer","https://www.icsc.com/member/profile/796966"
"Ali Eshai","Cencor International Group","","","","","Georgia","Owner/Developer","https://www.icsc.com/member/profile/856399"
"Usman Eshai","Cencor International Group","","","","","Georgia","Owner/Developer","https://www.icsc.com/member/profile/856397"
"Kyle Evans","South Coast Commercial","","","","","Georgia","Owner/Developer","https://www.icsc.com/member/profile/826189"
"Adam Faust","GCT Real Estate Corporation","","","","","Georgia","Owner/Developer","https://www.icsc.com/member/profile/830549"
"Jack Featherston III","Real Zeal Property Group","","","","","Georgia","Owner/Developer","https://www.icsc.com/member/profile/618273"
"Kevin Frazier","Axiom Real Estate Solutions","","","","","Georgia","Owner/Developer","https://www.icsc.com/member/profile/783833"
"Lee Freeman","Watkins Real Estate Group","","","","","Georgia","Owner/Developer","https://www.icsc.com/member/profile/110875"
"Anders Fry","Portman Holdings LLC","","","","","Georgia","Owner/Developer","https://www.icsc.com/member/profile/772457"
"Jeffrey Fuqua","Fuqua Development","","","","","Georgia","Owner/Developer","https://www.icsc.com/member/profile/99937"
"USMAN GANDHI","HIRAM PROPERTIES INC","","","","","Georgia","Owner/Developer","https://www.icsc.com/member/profile/627580"
"Shields Goodman","O'Leary Partners, Inc.","","","","","Georgia","Owner/Developer","https://www.icsc.com/member/profile/846460"
"Ankit Govan","Dream Capital","","","","","Georgia","Owner/Developer","https://www.icsc.com/member/profile/854147"
"Mike Greene","Portman Holdings LLC","","","","","Georgia","Owner/Developer","https://www.icsc.com/member/profile/866979"
"Matthew Grose","SJC Ventures","","","","","Georgia","Owner/Developer","https://www.icsc.com/member/profile/794095"
"Tripp H'Doubler","WDG Real Estate Partners","","","","","Georgia","Owner/Developer","https://www.icsc.com/member/profile/722866"
"Ryan Halberg","EDENS","","","","","Georgia","Owner/Developer","https://www.icsc.com/member/profile/329023"
"Alex Halpern","PeachState Partners","","","","","Georgia","Owner/Developer","https://www.icsc.com/member/profile/841234"
"Colin Hampton","Big V Property Group","","","","","Georgia","Owner/Developer","https://www.icsc.com/member/profile/793351"
"Brett Horowitz","Branch Properties, LLC","","","","","Georgia","Owner/Developer","https://www.icsc.com/member/profile/519396"
"Brian Hosch","Vision Development & Construction Services, LLC","","","","","Georgia","Owner/Developer","https://www.icsc.com/member/profile/772891"
"Gautam Huded","GGP","","","","","Georgia","Owner/Developer","https://www.icsc.com/member/profile/797001"
"Daniel Hunt","D&G Development Group","","","","","Georgia","Owner/Developer","https://www.icsc.com/member/profile/803259"
"Samuel Ivey CCIM","GHI Ventures, LLC","","","","","Georgia","Owner/Developer","https://www.icsc.com/member/profile/587433"
"Tiffany Jackson","D&G Development Group","","","","","Georgia","Owner/Developer","https://www.icsc.com/member/profile/800380"
"Brian Jenabzadeh","Gwinnett Walk, LLC","","","","","Georgia","Owner/Developer","https://www.icsc.com/member/profile/816991"
"Dave Jewell","MJ Griffin LLC","","","","","Georgia","Owner/Developer","https://www.icsc.com/member/profile/688560"
"Reginald Johnson","RROW Group, LLC","","","","","Georgia","Owner/Developer","https://www.icsc.com/member/profile/854132"
"Gabe Jonas","Stein Investment Group","","","","","Georgia","Owner/Developer","https://www.icsc.com/member/profile/355073"
"Tom Jones","Jones O'Gary Development","","","","","Georgia","Owner/Developer","https://www.icsc.com/member/profile/817900"
"Sarah Jordan","Perform Properties","","","","","Georgia","Owner/Developer","https://www.icsc.com/member/profile/608408"
"Mark Kaplan","Dimension Development Partners","","","","","Georgia","Owner/Developer","https://www.icsc.com/member/profile/583384"
"Benjamin Karlin","Otter Creek Holdings","","","","","Georgia","Owner/Developer","https://www.icsc.com/member/profile/858677"
"Noah Kimsey","Pursuit Development","","","","","Georgia","Owner/Developer","https://www.icsc.com/member/profile/810323"
"Lily King","EDENS","","","","","Georgia","Owner/Developer","https://www.icsc.com/member/profile/790957"
"Douglas Kinsey","Leisure Management International, LLC","","","","","Georgia","Owner/Developer","https://www.icsc.com/member/profile/725047"
"Harris Kirson","Branch Properties, LLC","","","","","Georgia","Owner/Developer","https://www.icsc.com/member/profile/843432"
"Cassie Kobus","SJC Ventures","","","","","Georgia","Owner/Developer","https://www.icsc.com/member/profile/853437"
"Andre Koleszar","Regency Centers","","","","","Georgia","Owner/Developer","https://www.icsc.com/member/profile/276363"
"Robert Krumholz","Branch Properties, LLC","","","","","Georgia","Owner/Developer","https://www.icsc.com/member/profile/588418"
"Brandon Kublanow","Track West Partners","","","","","Georgia","Owner/Developer","https://www.icsc.com/member/profile/783457"
"Moshin Lalani","Lalani Terra Holding","","","","","Georgia","Owner/Developer","https://www.icsc.com/member/profile/864818"
"Shaneel Lalani","Lalani Ventures","","","","","Georgia","Owner/Developer","https://www.icsc.com/member/profile/856066"
"Richard Langhorne","Venture South Investments, LLC","","","","","Georgia","Owner/Developer","https://www.icsc.com/member/profile/783262"
"Jennifer Ledbetter","Fuqua Development","","","","","Georgia","Owner/Developer","https://www.icsc.com/member/profile/413523"
"Richard Lee","Branch Properties, LLC","","","","","Georgia","Owner/Developer","https://www.icsc.com/member/profile/90660"
"Alec Lesley","Southeastern Retail Development, LLC","","","","","Georgia","Owner/Developer","https://www.icsc.com/member/profile/543431"
"James Levy","Watkins Real Estate Group","","","","","Georgia","Owner/Developer","https://www.icsc.com/member/profile/137595"
"Wesley Lewis, CRRP, CRX","Wesley Lewis Sole Proprietor","","","","","Georgia","Owner/Developer","https://www.icsc.com/member/profile/240887"
"Scott Lindstrom","Lindstrom & Company","","","","","Georgia","Owner/Developer","https://www.icsc.com/member/profile/771529"
"Sean MacLaurin","SJC Ventures","","","","","Georgia","Owner/Developer","https://www.icsc.com/member/profile/400572"
"Marlon Marchena","Stature Investments","","","","","Georgia","Owner/Developer","https://www.icsc.com/member/profile/840166"
"Andrea Marks, CSM","Regency Centers","","","","","Georgia","Owner/Developer","https://www.icsc.com/member/profile/478561"
"Paul Maxwell","SJC Ventures","","","","","Georgia","Owner/Developer","https://www.icsc.com/member/profile/209188"
"Amy McConnell","Fuqua Development","","","","","Georgia","Owner/Developer","https://www.icsc.com/member/profile/125973"
"Daniel Merrill","Southeast Capital Partners","","","","","Georgia","Owner/Developer","https://www.icsc.com/member/profile/848791"
"Leslie Mintz","Regency Centers","","","","","Georgia","Owner/Developer","https://www.icsc.com/member/profile/225826"
"Charles Mixon","Flournoy & Calhoun Realtors","","","","","Georgia","Owner/Developer","https://www.icsc.com/member/profile/676907"
"Derick Moore","RROW Group, LLC","","","","","Georgia","Owner/Developer","https://www.icsc.com/member/profile/854128"
"Jessica Moore","SJC Ventures","","","","","Georgia","Owner/Developer","https://www.icsc.com/member/profile/848721"
"John Morgan Jr","South Coast Commercial","","","","","Georgia","Owner/Developer","https://www.icsc.com/member/profile/583178"
"Cheri Morris","Morris and Fellows, Inc.","","","","","Georgia","Owner/Developer","https://www.icsc.com/member/profile/94014"
"Tyler Morris","Willow Capital Partners","","","","","Georgia","Owner/Developer","https://www.icsc.com/member/profile/609717"
"Matthew Morton","Alterman Commercial Real Estate","","","","","Georgia","Owner/Developer","https://www.icsc.com/member/profile/783371"
"Areti Moustakis","EDENS","","","","","Georgia","Owner/Developer","https://www.icsc.com/member/profile/661164"
"David Mulkey","Polias","","","","","Georgia","Owner/Developer","https://www.icsc.com/member/profile/796297"
"Katherine Nagel","Nagel and company realtors","","","","","Georgia","Owner/Developer","https://www.icsc.com/member/profile/816899"
"Emily Narchus","Perform Properties","","","","","Georgia","Owner/Developer","https://www.icsc.com/member/profile/840274"
"Andrew Nesbitt","First National Realty Partners","","","","","Georgia","Owner/Developer","https://www.icsc.com/member/profile/781457"
"Kevin O'Leary","O'Leary Partners, Inc.","","","","","Georgia","Owner/Developer","https://www.icsc.com/member/profile/608307"
"Courtney O'Leary Adams","O'Leary Partners, Inc.","","","","","Georgia","Owner/Developer","https://www.icsc.com/member/profile/669035"
"Alex Orkin","Orkin & Associates","","","","","Georgia","Owner/Developer","https://www.icsc.com/member/profile/862920"
"Johnathan Ortner","Jamestown, LP","","","","","Georgia","Owner/Developer","https://www.icsc.com/member/profile/764951"
"Amit Parkash","Parkash realty holdings, llc","","","","","Georgia","Owner/Developer","https://www.icsc.com/member/profile/794624"
"Saurin (Sam) Patel","I Loft Development","","","","","Georgia","Owner/Developer","https://www.icsc.com/member/profile/833905"
"Philippe Pellerin","Pellerin Real Estate, LLC","","","","","Georgia","Owner/Developer","https://www.icsc.com/member/profile/340573"
"Lee Perlis","Perlis Realty and Investments","","","","","Georgia","Owner/Developer","https://www.icsc.com/member/profile/632625"
"Jake Pitman","Town at Trilith","","","","","Georgia","Owner/Developer","https://www.icsc.com/member/profile/851640"
"Andrea Plotkin","JP Properties, Inc.","","","","","Georgia","Owner/Developer","https://www.icsc.com/member/profile/98793"
"Michael Poppe","Real Zeal Property Group","","","","","Georgia","Owner/Developer","https://www.icsc.com/member/profile/623614"
"Michael Puline, CLS","Perform Properties","","","","","Georgia","Owner/Developer","https://www.icsc.com/member/profile/245123"
"Reza Rabiee","LBX Investments LLC","","","","","Georgia","Owner/Developer","https://www.icsc.com/member/profile/810385"
"MARK RENIER","Trinity Property Development, LLC","","","","","Georgia","Owner/Developer","https://www.icsc.com/member/profile/841246"
"Ryan Roberts","Crawford Square Real Estate Advisors","","","","","Georgia","Owner/Developer","https://www.icsc.com/member/profile/849805"
"Matthew Robinson","SJC Ventures","","","","","Georgia","Owner/Developer","https://www.icsc.com/member/profile/778398"
"David Rogers","Trident Real Estate Development","","","","","Georgia","Owner/Developer","https://www.icsc.com/member/profile/486995"
"Thomas Sanders Jr","South Coast Commercial","","","","","Georgia","Owner/Developer","https://www.icsc.com/member/profile/635708"
"Julie Sasser","Cideco Development Company Inc","","","","","Georgia","Owner/Developer","https://www.icsc.com/member/profile/608965"
"Michael Searles","Landspan","","","","","Georgia","Owner/Developer","https://www.icsc.com/member/profile/855453"
"Jesse Shannon","Branch Properties, LLC","","","","","Georgia","Owner/Developer","https://www.icsc.com/member/profile/270051"
"william sigg","Grahl Construction","","","","","Georgia","Owner/Developer","https://www.icsc.com/member/profile/850994"
"Anel Sinanagic","WDG Real Estate Partners","","","","","Georgia","Owner/Developer","https://www.icsc.com/member/profile/860022"
"Nate Smith","Regency Centers","","","","","Georgia","Owner/Developer","https://www.icsc.com/member/profile/776831"
"Isaac Springfield","Springfield Capital Ventures","","","","","Georgia","Owner/Developer","https://www.icsc.com/member/profile/757006"
"Steven St. Paul","Crim and Associates","","","","","Georgia","Owner/Developer","https://www.icsc.com/member/profile/196359"
"Tom Statham","Statham Realty Advisors, Inc.","","","","","Georgia","Owner/Developer","https://www.icsc.com/member/profile/813321"
"Giles Stevens","S.DEV Commercial LLC","","","","","Georgia","Owner/Developer","https://www.icsc.com/member/profile/412912"
"Kevin Sullivan","Alpine South Properties","","","","","Georgia","Owner/Developer","https://www.icsc.com/member/profile/625507"
"Robbie Swan","Watkins Real Estate Group","","","","","Georgia","Owner/Developer","https://www.icsc.com/member/profile/608424"
"Conor Sweeney","FrostPoint Capital","","","","","Georgia","Owner/Developer","https://www.icsc.com/member/profile/835927"
"David Tajfel","Nelkin Real Estate","","","","","Georgia","Owner/Developer","https://www.icsc.com/member/profile/864857"
"Adnan Vadria","ARC Properties","","","","","Georgia","Owner/Developer","https://www.icsc.com/member/profile/841154"
"Harvey Wadsworth","Portman Residential, LLC","","","","","Georgia","Owner/Developer","https://www.icsc.com/member/profile/509101"
"John Walden","Flournoy & Calhoun Realtors","","","","","Georgia","Owner/Developer","https://www.icsc.com/member/profile/840667"
"Scott Werbel","The Ardent Companies, LLC","","","","","Georgia","Owner/Developer","https://www.icsc.com/member/profile/514399"
"van westmoreland","Westmoreland Company","","","","","Georgia","Owner/Developer","https://www.icsc.com/member/profile/840854"
"Catie Whorton","Perform Properties","","","","","Georgia","Owner/Developer","https://www.icsc.com/member/profile/480258"
"Chris Wightman","Flournoy & Calhoun Realtors","","","","","Georgia","Owner/Developer","https://www.icsc.com/member/profile/321551"
"Richard Wiles","Branch Properties, LLC","","","","","Georgia","Owner/Developer","https://www.icsc.com/member/profile/621505"
"Rachel Williams","Tanger","","","","","Georgia","Owner/Developer","https://www.icsc.com/member/profile/857623"
"Matt Wilson","WDG Real Estate Partners","","","","","Georgia","Owner/Developer","https://www.icsc.com/member/profile/625492"
"Michael Wood, CDP","Argonne Capital Group","","","","","Georgia","Owner/Developer","https://www.icsc.com/member/profile/191959"
"Brett Yenser","RocaPoint Partners","","","","","Georgia","Owner/Developer","https://www.icsc.com/member/profile/750519"
"Andrew Ziffer","Greenleaf NNN Holdings, LLC","","","","","Georgia","Owner/Developer","https://www.icsc.com/member/profile/737534"
"Mason Zimmerman","Western & Atlantic Development LLC","","","","","Georgia","Owner/Developer","https://www.icsc.com/member/profile/304793"
"Barak Zukerman","Cideco Development Company Inc","","","","","Georgia","Owner/Developer","https://www.icsc.com/member/profile/512793"
"Jordan Brant, CLS","Alexander & Baldwin","","","","","Hawaii","Owner/Developer","https://www.icsc.com/member/profile/376409"
"Ed Bushor","WTL DEVELOPMENT","","","","","Hawaii","Owner/Developer","https://www.icsc.com/member/profile/833386"
"Stacie Chiba-Miguel, CMD","Alexander & Baldwin","","","","","Hawaii","Owner/Developer","https://www.icsc.com/member/profile/558846"
"Tran Chinery","Alexander & Baldwin","","","","","Hawaii","Owner/Developer","https://www.icsc.com/member/profile/671351"
"Clayton Chun","Alexander & Baldwin","","","","","Hawaii","Owner/Developer","https://www.icsc.com/member/profile/807104"
"Chloe Contreras","GGP","","","","","Hawaii","Owner/Developer","https://www.icsc.com/member/profile/857200"
"Justin Francisco","Castle & Cooke Hawaii","","","","","Hawaii","Owner/Developer","https://www.icsc.com/member/profile/848773"
"Joey Furlett JD","Cedar Innovations, Inc.","","","","","Hawaii","Owner/Developer","https://www.icsc.com/member/profile/781131"
"Claire Goldberg","Alexander & Baldwin","","","","","Hawaii","Owner/Developer","https://www.icsc.com/member/profile/747347"
"Kimberly Hayes","Alexander & Baldwin","","","","","Hawaii","Owner/Developer","https://www.icsc.com/member/profile/857444"
"James Jasper II","James Jasper Enterprises, ltd","","","","","Hawaii","Owner/Developer","https://www.icsc.com/member/profile/807388"
"Garret Matsunami","Castle & Cooke Hawaii","","","","","Hawaii","Owner/Developer","https://www.icsc.com/member/profile/809234"
"Scott Morita","Alexander & Baldwin","","","","","Hawaii","Owner/Developer","https://www.icsc.com/member/profile/737965"
"Lance Parker","Alexander & Baldwin","","","","","Hawaii","Owner/Developer","https://www.icsc.com/member/profile/310585"
"Brad Santiago CCIM","Alexander & Baldwin","","","","","Hawaii","Owner/Developer","https://www.icsc.com/member/profile/307459"
"Aja Shimamura","Alexander & Baldwin","","","","","Hawaii","Owner/Developer","https://www.icsc.com/member/profile/679503"
"Jason Souki","Alexander & Baldwin","","","","","Hawaii","Owner/Developer","https://www.icsc.com/member/profile/525544"
"TRAVIS BARNEY","Alturas Capital Partners","","","","","Idaho","Owner/Developer","https://www.icsc.com/member/profile/710687"
"Nancy Dreyer","CHM Development LLC","","","","","Idaho","Owner/Developer","https://www.icsc.com/member/profile/857957"
"Myles Friel","Jackson Square Investment Management","","","","","Idaho","Owner/Developer","https://www.icsc.com/member/profile/122021"
"Brian Herbert","Tree Haven Development Company, LLC","","","","","Idaho","Owner/Developer","https://www.icsc.com/member/profile/455214"
"Camille Lothrop","Rocky Mountain Companies","","","","","Idaho","Owner/Developer","https://www.icsc.com/member/profile/807772"
"Travis Stroud","Northwest Devlopment Companies, LLC","","","","","Idaho","Owner/Developer","https://www.icsc.com/member/profile/646313"
"Diego Tejeda","ExchangeRight Real Estate","","","","","Idaho","Owner/Developer","https://www.icsc.com/member/profile/839754"
"DOUGLAS WARD","Integra CRE","","","","","Idaho","Owner/Developer","https://www.icsc.com/member/profile/831635"
"Ben Zamzow CCIM, CLS","Rocky Mountain Companies","","","","","Idaho","Owner/Developer","https://www.icsc.com/member/profile/373338"
"Michael Alessio","Alessio Companies","","","","","Illinois","Owner/Developer","https://www.icsc.com/member/profile/860646"
"Isabella Alessio","Alessio Companies","","","","","Illinois","Owner/Developer","https://www.icsc.com/member/profile/860643"
"Nickas Antoniou","Regency Centers","","","","","Illinois","Owner/Developer","https://www.icsc.com/member/profile/686320"
"Aimee Babcock","Perform Properties","","","","","Illinois","Owner/Developer","https://www.icsc.com/member/profile/735349"
"John Barr","Barr Real Estate Inc.","","","","","Illinois","Owner/Developer","https://www.icsc.com/member/profile/622832"
"Aaron Bartels","Trinitas Ventures","","","","","Illinois","Owner/Developer","https://www.icsc.com/member/profile/317253"
"Matt Baumann","Crosstown Real Estate Advisors, LLC","","","","","Illinois","Owner/Developer","https://www.icsc.com/member/profile/582882"
"Andrew Bedford","Swanson Development Group, LLC","","","","","Illinois","Owner/Developer","https://www.icsc.com/member/profile/743742"
"Brian Bell","Harbor Bay Ventures","","","","","Illinois","Owner/Developer","https://www.icsc.com/member/profile/855997"
"Adam Bell","Core Acquisitions, LLC","","","","","Illinois","Owner/Developer","https://www.icsc.com/member/profile/747375"
"Cheryl Berg, CDP, CRRP","Perform Properties","","","","","Illinois","Owner/Developer","https://www.icsc.com/member/profile/228087"
"Meir Bernath","Rising Development Group Corp.","","","","","Illinois","Owner/Developer","https://www.icsc.com/member/profile/796376"
"Mike Blank","GGP","","","","","Illinois","Owner/Developer","https://www.icsc.com/member/profile/857604"
"Eric Bonham","Bonham Development and Construction, LLC","","","","","Illinois","Owner/Developer","https://www.icsc.com/member/profile/854249"
"Peter Borzak","Pine Tree","","","","","Illinois","Owner/Developer","https://www.icsc.com/member/profile/151316"
"Conor Bossy","Pine Tree","","","","","Illinois","Owner/Developer","https://www.icsc.com/member/profile/504171"
"Brandon Boyster","Pine Tree","","","","","Illinois","Owner/Developer","https://www.icsc.com/member/profile/869737"
"Dan Breslin","Diamond Equity Investments","","","","","Illinois","Owner/Developer","https://www.icsc.com/member/profile/804299"
"Anthony Bruno","Development Services Corporation","","","","","Illinois","Owner/Developer","https://www.icsc.com/member/profile/618747"
"Ian Burns","Torburn Partners","","","","","Illinois","Owner/Developer","https://www.icsc.com/member/profile/848872"
"Paul Busching","BASK Development, Inc.","","","","","Illinois","Owner/Developer","https://www.icsc.com/member/profile/857407"
"Brian Contney","GGP","","","","","Illinois","Owner/Developer","https://www.icsc.com/member/profile/858126"
"Rocco Cosentino","GGP","","","","","Illinois","Owner/Developer","https://www.icsc.com/member/profile/857601"
"Mark Cosenza","Inland Real Estate Group of Companies, Inc., The","","","","","Illinois","Owner/Developer","https://www.icsc.com/member/profile/343999"
"Craig Culbert","Shore Capital Partners","","","","","Illinois","Owner/Developer","https://www.icsc.com/member/profile/848857"
"Sean Daly","American Realty Advisors, Inc.","","","","","Illinois","Owner/Developer","https://www.icsc.com/member/profile/312982"
"Joe DiCosola","Park Development","","","","","Illinois","Owner/Developer","https://www.icsc.com/member/profile/734839"
"Will Duryea","Duryea Group, Inc.","","","","","Illinois","Owner/Developer","https://www.icsc.com/member/profile/758635"
"Peter Eisenberg, CLS, CRX","Iron Ridge Partners LLC","","","","","Illinois","Owner/Developer","https://www.icsc.com/member/profile/204899"
"Alex Eppel","GGP","","","","","Illinois","Owner/Developer","https://www.icsc.com/member/profile/857606"
"Adam Firsel","Core Acquisitions, LLC","","","","","Illinois","Owner/Developer","https://www.icsc.com/member/profile/637741"
"T. Ryan Fitzgerald","Shorewood Development Group","","","","","Illinois","Owner/Developer","https://www.icsc.com/member/profile/380908"
"Adrienne Fors","Perform Properties","","","","","Illinois","Owner/Developer","https://www.icsc.com/member/profile/344036"
"Michael Fox","RP Fox and Associates","","","","","Illinois","Owner/Developer","https://www.icsc.com/member/profile/838185"
"Christyn Freemon","Fawohodie Foundation","","","","","Illinois","Owner/Developer","https://www.icsc.com/member/profile/847907"
"Patrick Fuller","Pine Tree","","","","","Illinois","Owner/Developer","https://www.icsc.com/member/profile/785716"
"Kyle Garner","E & S Development, LLC","","","","","Illinois","Owner/Developer","https://www.icsc.com/member/profile/846371"
"Paula Gazarkiewicz","Unibail-Rodamco-Westfield","","","","","Illinois","Owner/Developer","https://www.icsc.com/member/profile/853316"
"Gu Gong","Bixby Bridge Capital, LLC","","","","","Illinois","Owner/Developer","https://www.icsc.com/member/profile/797344"
"ROBERT GOULD MRICS","IM Property Investments LLC","","","","","Illinois","Owner/Developer","https://www.icsc.com/member/profile/572969"
"Steve Greenberg","Red Sky Capital, LLC","","","","","Illinois","Owner/Developer","https://www.icsc.com/member/profile/807092"
"Graham Grochocinski","Pine Tree","","","","","Illinois","Owner/Developer","https://www.icsc.com/member/profile/591469"
"Timothy Grogan","Heartland Real Estate Partners, LLC","","","","","Illinois","Owner/Developer","https://www.icsc.com/member/profile/640072"
"Andrew Guth","Starwood Capital Group","","","","","Illinois","Owner/Developer","https://www.icsc.com/member/profile/803296"
"Levi Hacker","GGP","","","","","Illinois","Owner/Developer","https://www.icsc.com/member/profile/817514"
"Tim Hayden","Hayden Real Estate, Inc.","","","","","Illinois","Owner/Developer","https://www.icsc.com/member/profile/681770"
"Michael Hazinski","First National Realty Partners","","","","","Illinois","Owner/Developer","https://www.icsc.com/member/profile/797720"
"Matt Hendy","Fort Union","","","","","Illinois","Owner/Developer","https://www.icsc.com/member/profile/767255"
"Peter Herrman","GGP","","","","","Illinois","Owner/Developer","https://www.icsc.com/member/profile/832430"
"Faith Hershey","Regency Centers","","","","","Illinois","Owner/Developer","https://www.icsc.com/member/profile/656894"
"Tony Hilger","Tanger","","","","","Illinois","Owner/Developer","https://www.icsc.com/member/profile/840704"
"Tyler Holland","East Lake Management & Development Corp.","","","","","Illinois","Owner/Developer","https://www.icsc.com/member/profile/834534"
"Bob Horne","Torburn Partners","","","","","Illinois","Owner/Developer","https://www.icsc.com/member/profile/156549"
"Chris Horney","Murphy Real Estate Services","","","","","Illinois","Owner/Developer","https://www.icsc.com/member/profile/788610"
"Rob Horton","Red Cedar Partners","","","","","Illinois","Owner/Developer","https://www.icsc.com/member/profile/627695"
"Greg Huette","GGP","","","","","Illinois","Owner/Developer","https://www.icsc.com/member/profile/857605"
"Melanie Jefferies","Milhouse","","","","","Illinois","Owner/Developer","https://www.icsc.com/member/profile/718184"
"Bradley Joseph","Core Acquisitions, LLC","","","","","Illinois","Owner/Developer","https://www.icsc.com/member/profile/433891"
"David Joseph II","Premier Retail Advisors","","","","","Illinois","Owner/Developer","https://www.icsc.com/member/profile/135975"
"Sean King","Inland Real Estate Group of Companies, Inc., The","","","","","Illinois","Owner/Developer","https://www.icsc.com/member/profile/634153"
"Ryan Knutson","Core Acquisitions, LLC","","","","","Illinois","Owner/Developer","https://www.icsc.com/member/profile/786833"
"Nicholas Koglin","Regency Centers","","","","","Illinois","Owner/Developer","https://www.icsc.com/member/profile/555650"
"aristotle kornaros","Olive Properties,LLC","","","","","Illinois","Owner/Developer","https://www.icsc.com/member/profile/848322"
"Kenna Kowalski","Inland Real Estate Group of Companies, Inc., The","","","","","Illinois","Owner/Developer","https://www.icsc.com/member/profile/736036"
"Jeremy Krotz","GGP","","","","","Illinois","Owner/Developer","https://www.icsc.com/member/profile/558664"
"Anthony Lamonia","UIRC, Inc.","","","","","Illinois","Owner/Developer","https://www.icsc.com/member/profile/789189"
"Alex Lampert","Stablewood Properties","","","","","Illinois","Owner/Developer","https://www.icsc.com/member/profile/868313"
"Erica Lauer","GGP","","","","","Illinois","Owner/Developer","https://www.icsc.com/member/profile/859198"
"George Liakopoulos","Diamond Properties","","","","","Illinois","Owner/Developer","https://www.icsc.com/member/profile/789477"
"John Lim","CREG","","","","","Illinois","Owner/Developer","https://www.icsc.com/member/profile/842430"
"Jonathan Lim","Tanger","","","","","Illinois","Owner/Developer","https://www.icsc.com/member/profile/840728"
"John Lizzo","Starwood Capital Group","","","","","Illinois","Owner/Developer","https://www.icsc.com/member/profile/802928"
"Jose Lopez Jr, CRRP","Regency Centers","","","","","Illinois","Owner/Developer","https://www.icsc.com/member/profile/243138"
"Matt Lougee","Pine Tree","","","","","Illinois","Owner/Developer","https://www.icsc.com/member/profile/778636"
"Tony Lucero Sr.","Perform Properties","","","","","Illinois","Owner/Developer","https://www.icsc.com/member/profile/768894"
"Valerie Luporini","Inland Real Estate Group of Companies, Inc., The","","","","","Illinois","Owner/Developer","https://www.icsc.com/member/profile/363190"
"Steve Malley","Shore Capital Partners","","","","","Illinois","Owner/Developer","https://www.icsc.com/member/profile/844388"
"Zalatoris Mark","The Inland Real Estate Group","","","","","Illinois","Owner/Developer","https://www.icsc.com/member/profile/824902"
"Daniel Marotta","L2B","","","","","Illinois","Owner/Developer","https://www.icsc.com/member/profile/337036"
"Peter Mavrogenes","Mavco Real Estate Development LLC","","","","","Illinois","Owner/Developer","https://www.icsc.com/member/profile/856133"
"George Mavrogenes","Mavco Real Estate Development LLC","","","","","Illinois","Owner/Developer","https://www.icsc.com/member/profile/851199"
"John May","Prodigy Real Estate Group Inc.","","","","","Illinois","Owner/Developer","https://www.icsc.com/member/profile/247986"
"Zeb McLaurin","McLaurin Development Partners","","","","","Illinois","Owner/Developer","https://www.icsc.com/member/profile/209868"
"Charles McReaken","TSM Ventures, Inc","","","","","Illinois","Owner/Developer","https://www.icsc.com/member/profile/621802"
"Vick Mehta CCIM","Indvestia Capital","","","","","Illinois","Owner/Developer","https://www.icsc.com/member/profile/670606"
"Dan Meisinger","Shodeen Group, LLC","","","","","Illinois","Owner/Developer","https://www.icsc.com/member/profile/401957"
"Ramis Memishi","Five Kings Companies, LLC","","","","","Illinois","Owner/Developer","https://www.icsc.com/member/profile/832263"
"Sadim Memishi","Five Kings Companies, LLC","","","","","Illinois","Owner/Developer","https://www.icsc.com/member/profile/823806"
"John Murphy","Murphy Real Estate Services","","","","","Illinois","Owner/Developer","https://www.icsc.com/member/profile/822270"
"Scott Musser","Geneva Pacific","","","","","Illinois","Owner/Developer","https://www.icsc.com/member/profile/843294"
"Judy Ni","Windfall Group","","","","","Illinois","Owner/Developer","https://www.icsc.com/member/profile/828907"
"Michael Nortman","XR Advisors, Inc","","","","","Illinois","Owner/Developer","https://www.icsc.com/member/profile/854534"
"Pawel Nowak","Nowak Capital","","","","","Illinois","Owner/Developer","https://www.icsc.com/member/profile/832814"
"Dean Oelze","S.I. Strategy","","","","","Illinois","Owner/Developer","https://www.icsc.com/member/profile/623650"
"Satesha Patel","AApex Enterprises","","","","","Illinois","Owner/Developer","https://www.icsc.com/member/profile/854477"
"David Plake CPM","Garrison Group Inc.","","","","","Illinois","Owner/Developer","https://www.icsc.com/member/profile/656217"
"Kristopher Plencner","Royce Realty & Management","","","","","Illinois","Owner/Developer","https://www.icsc.com/member/profile/600344"
"Ameen Poonja","Taj Capital LLC","","","","","Illinois","Owner/Developer","https://www.icsc.com/member/profile/783210"
"Kristin Powers","GGP","","","","","Illinois","Owner/Developer","https://www.icsc.com/member/profile/858663"
"Andrew Psenka","Wingspan Development Group","","","","","Illinois","Owner/Developer","https://www.icsc.com/member/profile/828246"
"DAN RAMEY","centralia home  center","","","","","Illinois","Owner/Developer","https://www.icsc.com/member/profile/820909"
"Caitlin Rink","Pine Tree","","","","","Illinois","Owner/Developer","https://www.icsc.com/member/profile/595097"
"Luis Robles","Robles Realty Company","","","","","Illinois","Owner/Developer","https://www.icsc.com/member/profile/856934"
"John Rogers","Portfolio Properties","","","","","Illinois","Owner/Developer","https://www.icsc.com/member/profile/300495"
"Aaron Roth","Shorewood Development Group","","","","","Illinois","Owner/Developer","https://www.icsc.com/member/profile/492021"
"Colin Rowe","Shorewood Development Group","","","","","Illinois","Owner/Developer","https://www.icsc.com/member/profile/829124"
"Bella Sanders","Perform Properties","","","","","Illinois","Owner/Developer","https://www.icsc.com/member/profile/801869"
"Tracy Schwab","Schwab Advisory Services","","","","","Illinois","Owner/Developer","https://www.icsc.com/member/profile/407584"
"David Schwalb","Schwalb Realty Group, Inc.","","","","","Illinois","Owner/Developer","https://www.icsc.com/member/profile/347771"
"William Shiner","Shiner Group","","","","","Illinois","Owner/Developer","https://www.icsc.com/member/profile/97291"
"Samuel Shiner","Shiner Group","","","","","Illinois","Owner/Developer","https://www.icsc.com/member/profile/746767"
"Michael Slusky","Pine Tree","","","","","Illinois","Owner/Developer","https://www.icsc.com/member/profile/153758"
"Todd Smith CPM","Todd P. Smith Commercial R.E.","","","","","Illinois","Owner/Developer","https://www.icsc.com/member/profile/115029"
"Kyra Spotte-Smith","LaSalle Investment Management","","","","","Illinois","Owner/Developer","https://www.icsc.com/member/profile/805023"
"Margaret Stehno","Marc Realty","","","","","Illinois","Owner/Developer","https://www.icsc.com/member/profile/868772"
"Stella Stehno","Marc Realty","","","","","Illinois","Owner/Developer","https://www.icsc.com/member/profile/855906"
"Margaret Stehno","Marc Realty","","","","","Illinois","Owner/Developer","https://www.icsc.com/member/profile/768234"
"Donald Stewart","Inland Real Estate Group of Companies, Inc., The","","","","","Illinois","Owner/Developer","https://www.icsc.com/member/profile/246171"
"Steven Swanson II","Swanson Development Group, LLC","","","","","Illinois","Owner/Developer","https://www.icsc.com/member/profile/376389"
"Matteo Troka","Fort Union","","","","","Illinois","Owner/Developer","https://www.icsc.com/member/profile/846008"
"Thomas Underhill","Perform Properties","","","","","Illinois","Owner/Developer","https://www.icsc.com/member/profile/599671"
"Sheila Urban","LG Group","","","","","Illinois","Owner/Developer","https://www.icsc.com/member/profile/836277"
"Greg Van Landingham","Paragon Real Estate","","","","","Illinois","Owner/Developer","https://www.icsc.com/member/profile/480466"
"Randall Veselik","Sanchez Group","","","","","Illinois","Owner/Developer","https://www.icsc.com/member/profile/838356"
"Ashley Viscardi","GGP","","","","","Illinois","Owner/Developer","https://www.icsc.com/member/profile/760163"
"Julie Waldschmidt","Wald/Land Corporation","","","","","Illinois","Owner/Developer","https://www.icsc.com/member/profile/838034"
"Jon Weglarz","Weglarz Company","","","","","Illinois","Owner/Developer","https://www.icsc.com/member/profile/336956"
"Candice Wells","Marc Realty","","","","","Illinois","Owner/Developer","https://www.icsc.com/member/profile/768164"
"Sid Wiener","SKW Capital Management","","","","","Illinois","Owner/Developer","https://www.icsc.com/member/profile/344446"
"Thomas Williams","Xceed Commercial Real Estate","","","","","Illinois","Owner/Developer","https://www.icsc.com/member/profile/484233"
"Nathan Wonsch","Shiner Group","","","","","Illinois","Owner/Developer","https://www.icsc.com/member/profile/859643"
"Nicholas Yassan","Rany Management, LLC","","","","","Illinois","Owner/Developer","https://www.icsc.com/member/profile/622844"
"Aaron Young","309 Homes LLC","","","","","Illinois","Owner/Developer","https://www.icsc.com/member/profile/809151"
"Mark Zalatoris","Inland Real Estate Group of Companies, Inc., The","","","","","Illinois","Owner/Developer","https://www.icsc.com/member/profile/869500"
"Daniel Zatloukal","Inland Real Estate Group of Companies, Inc., The","","","","","Illinois","Owner/Developer","https://www.icsc.com/member/profile/568951"
"Mark Becher","Trinitas Ventures","","","","","Indiana","Owner/Developer","https://www.icsc.com/member/profile/581479"
"Michael Bivens","Pedcor Companies","","","","","Indiana","Owner/Developer","https://www.icsc.com/member/profile/408312"
"Ryan Cronk","Flaherty & Collins Properties","","","","","Indiana","Owner/Developer","https://www.icsc.com/member/profile/868476"
"Cory Detamore","M-Details","","","","","Indiana","Owner/Developer","https://www.icsc.com/member/profile/806094"
"Greg Engstrom","Great Development LLC","","","","","Indiana","Owner/Developer","https://www.icsc.com/member/profile/848951"
"Stanton Evans","RSE Realty, Inc.","","","","","Indiana","Owner/Developer","https://www.icsc.com/member/profile/130620"
"Rachel Fried","McCrea Property Group","","","","","Indiana","Owner/Developer","https://www.icsc.com/member/profile/824518"
"Jason Fried","McCrea Property Group","","","","","Indiana","Owner/Developer","https://www.icsc.com/member/profile/710104"
"Keith Fried","McCrea Property Group","","","","","Indiana","Owner/Developer","https://www.icsc.com/member/profile/148753"
"Delaney Gusdorff","KennMar","","","","","Indiana","Owner/Developer","https://www.icsc.com/member/profile/831466"
"Andrew Gutwein","AG Commercial Real Estate, LLC","","","","","Indiana","Owner/Developer","https://www.icsc.com/member/profile/413026"
"Spencer Hamilton","SHB Companies","","","","","Indiana","Owner/Developer","https://www.icsc.com/member/profile/849583"
"Jeremy Hamilton","SHB Companies","","","","","Indiana","Owner/Developer","https://www.icsc.com/member/profile/626982"
"Lisa Held","McCrea Property Group","","","","","Indiana","Owner/Developer","https://www.icsc.com/member/profile/666634"
"Cooper Laikin","BrightPoint Development & BrightPoint Real Estate","","","","","Indiana","Owner/Developer","https://www.icsc.com/member/profile/869556"
"Jack Lieser","1st Metropolitan Builders Inc.","","","","","Indiana","Owner/Developer","https://www.icsc.com/member/profile/826837"
"Debbie Lotton","Lotton Development","","","","","Indiana","Owner/Developer","https://www.icsc.com/member/profile/847938"
"John Lotton","Lotton Development","","","","","Indiana","Owner/Developer","https://www.icsc.com/member/profile/847937"
"Stephen Lowry","Kasota Solutions Inc","","","","","Indiana","Owner/Developer","https://www.icsc.com/member/profile/781198"
"Josh Martin","BrightPoint Development & BrightPoint Real Estate","","","","","Indiana","Owner/Developer","https://www.icsc.com/member/profile/869531"
"Travis May","William Tres","","","","","Indiana","Owner/Developer","https://www.icsc.com/member/profile/821228"
"Sam Pittman","Pittman Partners","","","","","Indiana","Owner/Developer","https://www.icsc.com/member/profile/821424"
"Gino Pizzi","KennMar","","","","","Indiana","Owner/Developer","https://www.icsc.com/member/profile/585167"
"Jesse Pohlman","William Tres","","","","","Indiana","Owner/Developer","https://www.icsc.com/member/profile/816766"
"Steve Polizzi","Polizzi and Associates","","","","","Indiana","Owner/Developer","https://www.icsc.com/member/profile/808971"
"Milton Reed","Industrial Development Advantage, LLC","","","","","Indiana","Owner/Developer","https://www.icsc.com/member/profile/826806"
"Robbie Waggoner","BW Development / BW Construction","","","","","Indiana","Owner/Developer","https://www.icsc.com/member/profile/835837"
"Jim Benda","Lost Island Real Estate","","","","","Iowa","Owner/Developer","https://www.icsc.com/member/profile/309270"
"Carter Collis","Midwest Equity Investors, LLC","","","","","Iowa","Owner/Developer","https://www.icsc.com/member/profile/830691"
"Tiffany Earl Esq","Midwest Equity Investors, LLC","","","","","Iowa","Owner/Developer","https://www.icsc.com/member/profile/565375"
"Janna Flynn","Rueter Properties","","","","","Iowa","Owner/Developer","https://www.icsc.com/member/profile/869703"
"Steve Geifman","Geifman/ First Equity","","","","","Iowa","Owner/Developer","https://www.icsc.com/member/profile/804108"
"Jeff Hassman","Reel Deal Holdings","","","","","Iowa","Owner/Developer","https://www.icsc.com/member/profile/850337"
"Heath Henderson","Midwest Equity Investors, LLC","","","","","Iowa","Owner/Developer","https://www.icsc.com/member/profile/830690"
"Travis Mansfield","Native Real Estate","","","","","Iowa","Owner/Developer","https://www.icsc.com/member/profile/843165"
"Ryan Nagrocki","Midwest Realty Group, Inc.","","","","","Iowa","Owner/Developer","https://www.icsc.com/member/profile/830148"
"Todd Nelson","Frew Development Group, LLC","","","","","Iowa","Owner/Developer","https://www.icsc.com/member/profile/569326"
"Amanda Rauen","Rauen Capital","","","","","Iowa","Owner/Developer","https://www.icsc.com/member/profile/860737"
"Tom Rauen","Rauen Capital","","","","","Iowa","Owner/Developer","https://www.icsc.com/member/profile/810104"
"Todd Rueter","Rueter Properties","","","","","Iowa","Owner/Developer","https://www.icsc.com/member/profile/869526"
"Paige Rueter Benlaala","Rueter Properties","","","","","Iowa","Owner/Developer","https://www.icsc.com/member/profile/866490"
"Jamie Smith","Patterns Inc","","","","","Iowa","Owner/Developer","https://www.icsc.com/member/profile/855233"
"Bradly Stokesbary","ATI Group","","","","","Iowa","Owner/Developer","https://www.icsc.com/member/profile/756143"
"Samuel Susanin","ExchangeRight Real Estate","","","","","Iowa","Owner/Developer","https://www.icsc.com/member/profile/823689"
"Justin Washburn","Caliber Realty LLC","","","","","Iowa","Owner/Developer","https://www.icsc.com/member/profile/776233"
"Phil Williams","Midwest Equity Investors, LLC","","","","","Iowa","Owner/Developer","https://www.icsc.com/member/profile/577670"
"Tracy Chelepis","Chelepis & Associates","","","","","Kansas","Owner/Developer","https://www.icsc.com/member/profile/808537"
"JD Christie","Drake Development, LLC","","","","","Kansas","Owner/Developer","https://www.icsc.com/member/profile/476376"
"David Christie","Christie Development Associates,LLC","","","","","Kansas","Owner/Developer","https://www.icsc.com/member/profile/158879"
"Lee Cole","Co-Co Properties LLC","","","","","Kansas","Owner/Developer","https://www.icsc.com/member/profile/297293"
"John Desco, CLS, CRRP, CRX, CSM","Price Brothers","","","","","Kansas","Owner/Developer","https://www.icsc.com/member/profile/118051"
"Donna DiPeso","Price Brothers","","","","","Kansas","Owner/Developer","https://www.icsc.com/member/profile/140111"
"Darrin Dodge","Brownstone 3 Development LLC","","","","","Kansas","Owner/Developer","https://www.icsc.com/member/profile/807967"
"Eric Domino","Burcham Development","","","","","Kansas","Owner/Developer","https://www.icsc.com/member/profile/848007"
"Kimberly Fowles","Slawson Companies, Inc.","","","","","Kansas","Owner/Developer","https://www.icsc.com/member/profile/597982"
"Stefan Froelich","Plaza Street Partners","","","","","Kansas","Owner/Developer","https://www.icsc.com/member/profile/823892"
"Garrett Fugate","Christie Development Associates,LLC","","","","","Kansas","Owner/Developer","https://www.icsc.com/member/profile/784417"
"Tim Garvey","Garvey Ventures, LLC","","","","","Kansas","Owner/Developer","https://www.icsc.com/member/profile/674090"
"Matt Gibbs","ReCor Properties","","","","","Kansas","Owner/Developer","https://www.icsc.com/member/profile/314622"
"Chris Happ","Plaza Street Partners","","","","","Kansas","Owner/Developer","https://www.icsc.com/member/profile/708620"
"Brandon Haverty","ReCor Properties","","","","","Kansas","Owner/Developer","https://www.icsc.com/member/profile/305639"
"Scott Lipovac","SCORE Development","","","","","Kansas","Owner/Developer","https://www.icsc.com/member/profile/621424"
"Jeff Lowrance","Lange Real Estate","","","","","Kansas","Owner/Developer","https://www.icsc.com/member/profile/827409"
"Adam Lyngar","Cadence Commercial Real Estate","","","","","Kansas","Owner/Developer","https://www.icsc.com/member/profile/639476"
"J. Douglas Malone","ICT Capital LLC","","","","","Kansas","Owner/Developer","https://www.icsc.com/member/profile/96027"
"Michael Malone","ICT Capital LLC","","","","","Kansas","Owner/Developer","https://www.icsc.com/member/profile/541394"
"Brandon Mason","Slawson Companies, Inc.","","","","","Kansas","Owner/Developer","https://www.icsc.com/member/profile/820504"
"Logan Matzke","Slawson Companies, Inc.","","","","","Kansas","Owner/Developer","https://www.icsc.com/member/profile/835764"
"Max Mickey","Drake Development, LLC","","","","","Kansas","Owner/Developer","https://www.icsc.com/member/profile/771032"
"Ian Mussman","Drake Development, LLC","","","","","Kansas","Owner/Developer","https://www.icsc.com/member/profile/663089"
"richard napper","Homefield KC","","","","","Kansas","Owner/Developer","https://www.icsc.com/member/profile/831866"
"Rick Oddo","Oddo Development Company, Inc","","","","","Kansas","Owner/Developer","https://www.icsc.com/member/profile/782085"
"Brett Parise","Christie Development Associates,LLC","","","","","Kansas","Owner/Developer","https://www.icsc.com/member/profile/853770"
"Matthew Pennington","Drake Development, LLC","","","","","Kansas","Owner/Developer","https://www.icsc.com/member/profile/384517"
"Travis Schram","GRATA Development","","","","","Kansas","Owner/Developer","https://www.icsc.com/member/profile/849807"
"Brian Truskett","ModuAll, LLC","","","","","Kansas","Owner/Developer","https://www.icsc.com/member/profile/843038"
"Matt Turner","Plaza Street Partners","","","","","Kansas","Owner/Developer","https://www.icsc.com/member/profile/649228"
"Jody Allen","J Allen Builders","","","","","Kentucky","Owner/Developer","https://www.icsc.com/member/profile/869401"
"Claude Bentley","Silver Creek","","","","","Kentucky","Owner/Developer","https://www.icsc.com/member/profile/814567"
"Lawrence Bisig","Hogan Real Estate","","","","","Kentucky","Owner/Developer","https://www.icsc.com/member/profile/802490"
"Kate Brandy","Brandicorp LLC","","","","","Kentucky","Owner/Developer","https://www.icsc.com/member/profile/828174"
"Brad Breeland","Breeland Development","","","","","Kentucky","Owner/Developer","https://www.icsc.com/member/profile/831280"
"Annashea Carlisle","Corporex","","","","","Kentucky","Owner/Developer","https://www.icsc.com/member/profile/864783"
"Kendall Cogan","Vantage Development","","","","","Kentucky","Owner/Developer","https://www.icsc.com/member/profile/814822"
"Jim Conklin","Hogan Real Estate","","","","","Kentucky","Owner/Developer","https://www.icsc.com/member/profile/241366"
"Charlie Dahlem CCIM","Dahlem Realty Company","","","","","Kentucky","Owner/Developer","https://www.icsc.com/member/profile/126150"
"Jim Dahlem CCIM","Dahlem Realty Company","","","","","Kentucky","Owner/Developer","https://www.icsc.com/member/profile/118725"
"Patrick Davis","3-D Development LLC","","","","","Kentucky","Owner/Developer","https://www.icsc.com/member/profile/831293"
"Michael Doyel","Rafferty Development LLC","","","","","Kentucky","Owner/Developer","https://www.icsc.com/member/profile/869855"
"Wes Elmore","Dahlem Realty Company","","","","","Kentucky","Owner/Developer","https://www.icsc.com/member/profile/632514"
"Lee Greer","Greer Companies","","","","","Kentucky","Owner/Developer","https://www.icsc.com/member/profile/304943"
"Bert Hehman","Corporex","","","","","Kentucky","Owner/Developer","https://www.icsc.com/member/profile/401264"
"Gordon Hoagland","Greer Companies","","","","","Kentucky","Owner/Developer","https://www.icsc.com/member/profile/642826"
"Molly Hoffman","Corporex","","","","","Kentucky","Owner/Developer","https://www.icsc.com/member/profile/784936"
"Scott Jacobs","Wescott Development, LLC.","","","","","Kentucky","Owner/Developer","https://www.icsc.com/member/profile/856558"
"Hunter Jacobs","Hogan Real Estate","","","","","Kentucky","Owner/Developer","https://www.icsc.com/member/profile/448658"
"Heather Johnson","Rafferty Development, LLC","","","","","Kentucky","Owner/Developer","https://www.icsc.com/member/profile/869646"
"Caitlyn Johnson","Rafferty Development LLC","","","","","Kentucky","Owner/Developer","https://www.icsc.com/member/profile/869135"
"Wes Johnson","Wescott Development, LLC.","","","","","Kentucky","Owner/Developer","https://www.icsc.com/member/profile/856565"
"Brenda Legg","May Commercial Group","","","","","Kentucky","Owner/Developer","https://www.icsc.com/member/profile/128758"
"Mike Leonard","Hogan Real Estate","","","","","Kentucky","Owner/Developer","https://www.icsc.com/member/profile/141176"
"C.J. May","May Commercial Group","","","","","Kentucky","Owner/Developer","https://www.icsc.com/member/profile/97336"
"Ashley McCarty","Hogan Real Estate","","","","","Kentucky","Owner/Developer","https://www.icsc.com/member/profile/757862"
"Todd McIntosh","Guggenheim Retail Real Estate Partners","","","","","Kentucky","Owner/Developer","https://www.icsc.com/member/profile/851513"
"Scott Mitchell","Hamburg Place","","","","","Kentucky","Owner/Developer","https://www.icsc.com/member/profile/152808"
"Josh Niederhelman","Covcor","","","","","Kentucky","Owner/Developer","https://www.icsc.com/member/profile/802411"
"Justin Phelps","Hogan Real Estate","","","","","Kentucky","Owner/Developer","https://www.icsc.com/member/profile/300949"
"curt rafferty","Rafferty Development, LLC","","","","","Kentucky","Owner/Developer","https://www.icsc.com/member/profile/869644"
"William Rouse","The Rouse Companies","","","","","Kentucky","Owner/Developer","https://www.icsc.com/member/profile/787881"
"Ashwani Sarvaria","SAV INVESTMENTS","","","","","Kentucky","Owner/Developer","https://www.icsc.com/member/profile/655108"
"Valerie Besthoff","PMG Leasing","","","","","Louisiana","Owner/Developer","https://www.icsc.com/member/profile/92627"
"Beau Bryant","KPG Realty","","","","","Louisiana","Owner/Developer","https://www.icsc.com/member/profile/807572"
"Deane Bryson","Bearing Point Properties","","","","","Louisiana","Owner/Developer","https://www.icsc.com/member/profile/816834"
"Daniel Claitor","Plucky, LLC","","","","","Louisiana","Owner/Developer","https://www.icsc.com/member/profile/798423"
"Salvadore Crifasi","Capstone Investment Partners","","","","","Louisiana","Owner/Developer","https://www.icsc.com/member/profile/675863"
"Ashton Dorsey","Dorsey Development Companies, L.L.C.","","","","","Louisiana","Owner/Developer","https://www.icsc.com/member/profile/789774"
"Caffrey Favrot","Dorsey Development Companies, L.L.C.","","","","","Louisiana","Owner/Developer","https://www.icsc.com/member/profile/246097"
"Ben Fulwyler","Fulwyler Asset Management, LLC","","","","","Louisiana","Owner/Developer","https://www.icsc.com/member/profile/791332"
"Brian Gibbs","Sarpy Development, LLC","","","","","Louisiana","Owner/Developer","https://www.icsc.com/member/profile/492907"
"Dustin James","Keller williams Parishwide partners","","","","","Louisiana","Owner/Developer","https://www.icsc.com/member/profile/833292"
"Gordon Kolb Jr","G.H.K. Developments, Inc.","","","","","Louisiana","Owner/Developer","https://www.icsc.com/member/profile/275047"
"Jacob McCain","JRE Capital","","","","","Louisiana","Owner/Developer","https://www.icsc.com/member/profile/798288"
"Kevin Nguyen","Nguyen America","","","","","Louisiana","Owner/Developer","https://www.icsc.com/member/profile/849790"
"Kenny Nguyen","Nguyen America","","","","","Louisiana","Owner/Developer","https://www.icsc.com/member/profile/849789"
"Charles Reeves","J. Reeves Development, LLC","","","","","Louisiana","Owner/Developer","https://www.icsc.com/member/profile/849001"
"Jacob Reeves","J. Reeves Development, LLC","","","","","Louisiana","Owner/Developer","https://www.icsc.com/member/profile/848997"
"Chris Sarpy","Sarpy Development, LLC","","","","","Louisiana","Owner/Developer","https://www.icsc.com/member/profile/388951"
"Jeff St. Romain","Greystone  Development Group, LLC","","","","","Louisiana","Owner/Developer","https://www.icsc.com/member/profile/299358"
"Keigan Stacho","Southeastern Retail Development, LLC","","","","","Louisiana","Owner/Developer","https://www.icsc.com/member/profile/787512"
"Jason Steiner","PMG Leasing","","","","","Louisiana","Owner/Developer","https://www.icsc.com/member/profile/750042"
"Randall Williams","inVision Strategic","","","","","Louisiana","Owner/Developer","https://www.icsc.com/member/profile/750598"
"Greg Wolfe","Dorsey Development Companies, L.L.C.","","","","","Louisiana","Owner/Developer","https://www.icsc.com/member/profile/786878"
"Dan Bacon","M&R Holdings","","","","","Maine","Owner/Developer","https://www.icsc.com/member/profile/819980"
"Jonathan Bedard","Coastal LLC","","","","","Maine","Owner/Developer","https://www.icsc.com/member/profile/855936"
"Dave Dickey","M&R Holdings","","","","","Maine","Owner/Developer","https://www.icsc.com/member/profile/830499"
"Thomas Ellis","Ellis Commercial Developers","","","","","Maine","Owner/Developer","https://www.icsc.com/member/profile/335131"
"Jake Michaud","M&R Holdings","","","","","Maine","Owner/Developer","https://www.icsc.com/member/profile/830497"
"Richard Abruscato","Federal Realty","","","","","Maryland","Owner/Developer","https://www.icsc.com/member/profile/131828"
"Jonathan Attman","ATTMAN HOLDINGS, LLC","","","","","Maryland","Owner/Developer","https://www.icsc.com/member/profile/626699"
"Stuart Biel","Federal Realty","","","","","Maryland","Owner/Developer","https://www.icsc.com/member/profile/344438"
"Lance Billingsley II","Federal Realty","","","","","Maryland","Owner/Developer","https://www.icsc.com/member/profile/122259"
"Olivia Blazek","Urban Scene Holdings LLC","","","","","Maryland","Owner/Developer","https://www.icsc.com/member/profile/833805"
"Florin Breeden","The Peterson Companies","","","","","Maryland","Owner/Developer","https://www.icsc.com/member/profile/867140"
"Steven Breeden","Security Development","","","","","Maryland","Owner/Developer","https://www.icsc.com/member/profile/516708"
"Hunty Brown","Federal Realty","","","","","Maryland","Owner/Developer","https://www.icsc.com/member/profile/698298"
"Joseph Brown","Hyatt Commercial","","","","","Maryland","Owner/Developer","https://www.icsc.com/member/profile/241779"
"Joe Byrnes","Federal Realty","","","","","Maryland","Owner/Developer","https://www.icsc.com/member/profile/202390"
"Brandon Cannon","Revo Development, LLC","","","","","Maryland","Owner/Developer","https://www.icsc.com/member/profile/782186"
"Barry Carty","Federal Realty","","","","","Maryland","Owner/Developer","https://www.icsc.com/member/profile/178973"
"Richard Cataffa","Federal Realty","","","","","Maryland","Owner/Developer","https://www.icsc.com/member/profile/618308"
"Deborah Colson","Federal Realty","","","","","Maryland","Owner/Developer","https://www.icsc.com/member/profile/173228"
"Toni Comer","Federal Realty","","","","","Maryland","Owner/Developer","https://www.icsc.com/member/profile/860199"
"Jonathan Constable","Seawall","","","","","Maryland","Owner/Developer","https://www.icsc.com/member/profile/862344"
"Jennifer Davidson","Federal Realty","","","","","Maryland","Owner/Developer","https://www.icsc.com/member/profile/193298"
"Krista Di Iaconi","Regency Centers","","","","","Maryland","Owner/Developer","https://www.icsc.com/member/profile/196565"
"Brian Diamond","Axios Real Estate Group LLC","","","","","Maryland","Owner/Developer","https://www.icsc.com/member/profile/791994"
"Patrick Dillon","Federal Realty","","","","","Maryland","Owner/Developer","https://www.icsc.com/member/profile/93487"
"Brian Fitzpatrick","Tide Realty Capital","","","","","Maryland","Owner/Developer","https://www.icsc.com/member/profile/801819"
"John Fitzpatrick PE","Regency Centers","","","","","Maryland","Owner/Developer","https://www.icsc.com/member/profile/447020"
"Tim Garber, CSM, SLD","Federal Realty","","","","","Maryland","Owner/Developer","https://www.icsc.com/member/profile/499812"
"David Goodwin","The Reliable Group","","","","","Maryland","Owner/Developer","https://www.icsc.com/member/profile/813834"
"Bryce Gothier","J.C. BAR","","","","","Maryland","Owner/Developer","https://www.icsc.com/member/profile/869695"
"Tiffany Greenidge","Regency Centers","","","","","Maryland","Owner/Developer","https://www.icsc.com/member/profile/852392"
"Dan Guglielmone","Federal Realty","","","","","Maryland","Owner/Developer","https://www.icsc.com/member/profile/352348"
"Ahmad Hajj","Broadwater Capital","","","","","Maryland","Owner/Developer","https://www.icsc.com/member/profile/783455"
"Robert Hobson","Hobson Enterprises, LLC","","","","","Maryland","Owner/Developer","https://www.icsc.com/member/profile/793772"
"Kevin Hollins","Canal Realty","","","","","Maryland","Owner/Developer","https://www.icsc.com/member/profile/780470"
"Matt Hopkins","Aimco","","","","","Maryland","Owner/Developer","https://www.icsc.com/member/profile/665615"
"Alan Hyatt","Hyatt Commercial","","","","","Maryland","Owner/Developer","https://www.icsc.com/member/profile/200732"
"Mordy Itzkowitz","The Rocky Companies","","","","","Maryland","Owner/Developer","https://www.icsc.com/member/profile/795883"
"Casey Jones","The Howard Hughes Corporation","","","","","Maryland","Owner/Developer","https://www.icsc.com/member/profile/814613"
"Andrew Kabat","Regency Centers","","","","","Maryland","Owner/Developer","https://www.icsc.com/member/profile/297547"
"John Kauffman","Hyatt Commercial","","","","","Maryland","Owner/Developer","https://www.icsc.com/member/profile/864213"
"Leanna Kramer","Kramer Enterprises","","","","","Maryland","Owner/Developer","https://www.icsc.com/member/profile/533034"
"Altaf Hussain Lakhani","Amafhh Holdings LLC","","","","","Maryland","Owner/Developer","https://www.icsc.com/member/profile/699860"
"Douglas Legum","Douglas Legum Development","","","","","Maryland","Owner/Developer","https://www.icsc.com/member/profile/709040"
"Daniel Legum","Douglas Legum Development","","","","","Maryland","Owner/Developer","https://www.icsc.com/member/profile/709038"
"Jonathan Lerner","Lerner Corporation","","","","","Maryland","Owner/Developer","https://www.icsc.com/member/profile/710182"
"Aaron Loeb","Tide Realty Capital","","","","","Maryland","Owner/Developer","https://www.icsc.com/member/profile/559649"
"James Matan","Matan Companies","","","","","Maryland","Owner/Developer","https://www.icsc.com/member/profile/730574"
"Emily McLachlan","Federal Realty","","","","","Maryland","Owner/Developer","https://www.icsc.com/member/profile/715819"
"Peter Melmed","Mill Creek Residential","","","","","Maryland","Owner/Developer","https://www.icsc.com/member/profile/586582"
"Collin Mercier","Hyatt Commercial","","","","","Maryland","Owner/Developer","https://www.icsc.com/member/profile/836729"
"Samantha Merrell","Federal Realty","","","","","Maryland","Owner/Developer","https://www.icsc.com/member/profile/573600"
"Matthew Moore","Federal Realty","","","","","Maryland","Owner/Developer","https://www.icsc.com/member/profile/818487"
"Justin Mullen","Hyatt Commercial","","","","","Maryland","Owner/Developer","https://www.icsc.com/member/profile/693159"
"Dru Patel","Suhani Investments","","","","","Maryland","Owner/Developer","https://www.icsc.com/member/profile/799588"
"Brenda Pomar","Federal Realty","","","","","Maryland","Owner/Developer","https://www.icsc.com/member/profile/699918"
"Drew Robertson","Synergy Investment Fund","","","","","Maryland","Owner/Developer","https://www.icsc.com/member/profile/805070"
"Joshua Rosemore","ARLS Properties LLC","","","","","Maryland","Owner/Developer","https://www.icsc.com/member/profile/806810"
"Justin Rosemore","ARLS Properties LLC","","","","","Maryland","Owner/Developer","https://www.icsc.com/member/profile/739873"
"Alan Roth","Regency Centers","","","","","Maryland","Owner/Developer","https://www.icsc.com/member/profile/187997"
"Amos Rowland","Rowland Development","","","","","Maryland","Owner/Developer","https://www.icsc.com/member/profile/789165"
"Samantha Rubenstein","Warespace","","","","","Maryland","Owner/Developer","https://www.icsc.com/member/profile/790058"
"Lisa Ruddy","Federal Realty","","","","","Maryland","Owner/Developer","https://www.icsc.com/member/profile/625699"
"Robyn Sarrat","Federal Realty","","","","","Maryland","Owner/Developer","https://www.icsc.com/member/profile/367163"
"Jill Sawyer","Federal Realty","","","","","Maryland","Owner/Developer","https://www.icsc.com/member/profile/852952"
"Yanky Schorr","Tide Realty Capital","","","","","Maryland","Owner/Developer","https://www.icsc.com/member/profile/802616"
"Dorsey Schulz","The Reliable Group","","","","","Maryland","Owner/Developer","https://www.icsc.com/member/profile/852053"
"Wendy Seher","Federal Realty","","","","","Maryland","Owner/Developer","https://www.icsc.com/member/profile/104390"
"Sassan Shaool","Washco Companies","","","","","Maryland","Owner/Developer","https://www.icsc.com/member/profile/575570"
"George Shenas","Hyatt Commercial","","","","","Maryland","Owner/Developer","https://www.icsc.com/member/profile/801169"
"John Sindler","Hyatt Commercial","","","","","Maryland","Owner/Developer","https://www.icsc.com/member/profile/276470"
"Sharif Small","S.J.S. PROPERTIES LLC","","","","","Maryland","Owner/Developer","https://www.icsc.com/member/profile/799455"
"Al Smith","J.C. BAR","","","","","Maryland","Owner/Developer","https://www.icsc.com/member/profile/869697"
"Kristi Smith","The Howard Hughes Corporation","","","","","Maryland","Owner/Developer","https://www.icsc.com/member/profile/855468"
"Austin Smith","Woodmont Properties II, LLC","","","","","Maryland","Owner/Developer","https://www.icsc.com/member/profile/760873"
"Sam Stiebel","Regency Centers","","","","","Maryland","Owner/Developer","https://www.icsc.com/member/profile/349682"
"Emalia Tamanikwa","EDENS","","","","","Maryland","Owner/Developer","https://www.icsc.com/member/profile/706538"
"Dane Tekin","Unibail-Rodamco-Westfield","","","","","Maryland","Owner/Developer","https://www.icsc.com/member/profile/634868"
"Vincenzo Tomarchio","Tomarchio Enterprises, LLC","","","","","Maryland","Owner/Developer","https://www.icsc.com/member/profile/814807"
"Fredric Tomarchio","Tomarchio Enterprises, LLC","","","","","Maryland","Owner/Developer","https://www.icsc.com/member/profile/303745"
"John Tschiderer","Federal Realty","","","","","Maryland","Owner/Developer","https://www.icsc.com/member/profile/157925"
"Rebecca Walker","Federal Realty","","","","","Maryland","Owner/Developer","https://www.icsc.com/member/profile/788901"
"William Winterburn","Lerner Corporation","","","","","Maryland","Owner/Developer","https://www.icsc.com/member/profile/113606"
"Donald Wood","Federal Realty","","","","","Maryland","Owner/Developer","https://www.icsc.com/member/profile/213043"
"Jason Yanushonis","Regency Centers","","","","","Maryland","Owner/Developer","https://www.icsc.com/member/profile/415325"
"Gary Baker","Tree Line Ventures LLC","","","","","Massachusetts","Owner/Developer","https://www.icsc.com/member/profile/804131"
"Rick Barnes","CIC Realty","","","","","Massachusetts","Owner/Developer","https://www.icsc.com/member/profile/506434"
"Peter Belsito","Strategic Retail Advisors","","","","","Massachusetts","Owner/Developer","https://www.icsc.com/member/profile/139256"
"Christian Brannelly","Chestnut Realty Management, LLC","","","","","Massachusetts","Owner/Developer","https://www.icsc.com/member/profile/831485"
"Sean Clarke","ARC, Inc.","","","","","Massachusetts","Owner/Developer","https://www.icsc.com/member/profile/790882"
"Chace Coleman","Federal Realty","","","","","Massachusetts","Owner/Developer","https://www.icsc.com/member/profile/651872"
"Kenneth Darling","EDENS","","","","","Massachusetts","Owner/Developer","https://www.icsc.com/member/profile/843855"
"Peter Davos","West Brighton Acquisitions","","","","","Massachusetts","Owner/Developer","https://www.icsc.com/member/profile/802243"
"Lesley Dokos","EDENS","","","","","Massachusetts","Owner/Developer","https://www.icsc.com/member/profile/428968"
"Chris Donato","Longpoint Realty Partners","","","","","Massachusetts","Owner/Developer","https://www.icsc.com/member/profile/822513"
"William Dragon","Central Plaza Realty LLC","","","","","Massachusetts","Owner/Developer","https://www.icsc.com/member/profile/617419"
"James Dragon","Central Plaza Realty LLC","","","","","Massachusetts","Owner/Developer","https://www.icsc.com/member/profile/519348"
"Matthew Freihofner","Net Lease Capital","","","","","Massachusetts","Owner/Developer","https://www.icsc.com/member/profile/841973"
"Elizabeth Furnelli","EDENS","","","","","Massachusetts","Owner/Developer","https://www.icsc.com/member/profile/202988"
"Robert Gibson","Coolidge Street Real Estate Partners","","","","","Massachusetts","Owner/Developer","https://www.icsc.com/member/profile/868495"
"Lisa Haley","Federal Realty","","","","","Massachusetts","Owner/Developer","https://www.icsc.com/member/profile/600909"
"Michael Hare","ARC, Inc.","","","","","Massachusetts","Owner/Developer","https://www.icsc.com/member/profile/833773"
"Michael Harris","Chestnut Hill Realty","","","","","Massachusetts","Owner/Developer","https://www.icsc.com/member/profile/859012"
"Aaron Hinchliffe","Onyx Partners Ltd","","","","","Massachusetts","Owner/Developer","https://www.icsc.com/member/profile/789843"
"Lauren Holden","AEW Capital Management L.P.","","","","","Massachusetts","Owner/Developer","https://www.icsc.com/member/profile/295279"
"Brian Kaplan","Onyx Partners Ltd","","","","","Massachusetts","Owner/Developer","https://www.icsc.com/member/profile/653158"
"Sean Kavanagh","Panther Development","","","","","Massachusetts","Owner/Developer","https://www.icsc.com/member/profile/781128"
"Michael Kelleher","Federal Realty","","","","","Massachusetts","Owner/Developer","https://www.icsc.com/member/profile/108751"
"Brian Kelly","Eastern Real Estate LLC","","","","","Massachusetts","Owner/Developer","https://www.icsc.com/member/profile/111080"
"Andy Kraus","Equity Venture Partners","","","","","Massachusetts","Owner/Developer","https://www.icsc.com/member/profile/746425"
"Jessica Krauss","ARC, Inc.","","","","","Massachusetts","Owner/Developer","https://www.icsc.com/member/profile/833780"
"Carson Land","Transom Real Estate","","","","","Massachusetts","Owner/Developer","https://www.icsc.com/member/profile/826566"
"Zach Lehan","Sam Park & Company","","","","","Massachusetts","Owner/Developer","https://www.icsc.com/member/profile/803951"
"Seth Malamut","STAG Industrial, Inc.","","","","","Massachusetts","Owner/Developer","https://www.icsc.com/member/profile/735183"
"Taha Mandarwala","Brookwood Financial Partners","","","","","Massachusetts","Owner/Developer","https://www.icsc.com/member/profile/812183"
"George McLaughlin","McLaughlin Properties, INC.","","","","","Massachusetts","Owner/Developer","https://www.icsc.com/member/profile/867502"
"Brian McLaughlin","D'Angelo Inc.","","","","","Massachusetts","Owner/Developer","https://www.icsc.com/member/profile/856977"
"Keith McLaughlin","D'Angelo Inc.","","","","","Massachusetts","Owner/Developer","https://www.icsc.com/member/profile/372730"
"Stephen McLaughlin","D'Angelo Inc.","","","","","Massachusetts","Owner/Developer","https://www.icsc.com/member/profile/121715"
"Anton Melchionda","Onyx Partners Ltd","","","","","Massachusetts","Owner/Developer","https://www.icsc.com/member/profile/790133"
"Anne Meyer","EDENS","","","","","Massachusetts","Owner/Developer","https://www.icsc.com/member/profile/93830"
"Joe Michilin","Galaxy Development, LLC","","","","","Massachusetts","Owner/Developer","https://www.icsc.com/member/profile/866511"
"Eamon Moran","ARC, Inc.","","","","","Massachusetts","Owner/Developer","https://www.icsc.com/member/profile/622252"
"Christopher Nash","Falmouth Ventures, LLC.","","","","","Massachusetts","Owner/Developer","https://www.icsc.com/member/profile/602426"
"Jack O'Brien","Galaxy Development, LLC","","","","","Massachusetts","Owner/Developer","https://www.icsc.com/member/profile/866482"
"Michael O'Brien","Galaxy Development, LLC","","","","","Massachusetts","Owner/Developer","https://www.icsc.com/member/profile/174905"
"Rachel Ottley","The HYM Investment Group, LLC","","","","","Massachusetts","Owner/Developer","https://www.icsc.com/member/profile/802464"
"Nikki Palmaccio","Bierbrier Development, Inc.","","","","","Massachusetts","Owner/Developer","https://www.icsc.com/member/profile/791646"
"Reid Parker","Longpoint Realty Partners","","","","","Massachusetts","Owner/Developer","https://www.icsc.com/member/profile/647340"
"Giorgio Petruzziello","Supreme Companies","","","","","Massachusetts","Owner/Developer","https://www.icsc.com/member/profile/730192"
"Stephen Pleines","Eastern Land Company","","","","","Massachusetts","Owner/Developer","https://www.icsc.com/member/profile/595385"
"Laura Polin","Federal Realty","","","","","Massachusetts","Owner/Developer","https://www.icsc.com/member/profile/378310"
"Thania Potosme","Brookwood Financial Partners","","","","","Massachusetts","Owner/Developer","https://www.icsc.com/member/profile/812577"
"Jeffrey Pransky, CSM","EDENS","","","","","Massachusetts","Owner/Developer","https://www.icsc.com/member/profile/109282"
"Robert Provost","Longpoint Realty Partners","","","","","Massachusetts","Owner/Developer","https://www.icsc.com/member/profile/659029"
"David Pyne","Lobisser Companies","","","","","Massachusetts","Owner/Developer","https://www.icsc.com/member/profile/858689"
"Rick Rostoff","Spectra Realty Advisors","","","","","Massachusetts","Owner/Developer","https://www.icsc.com/member/profile/791399"
"Liz Ryan","Federal Realty","","","","","Massachusetts","Owner/Developer","https://www.icsc.com/member/profile/342234"
"Michael Scanio","Equity Venture Partners","","","","","Massachusetts","Owner/Developer","https://www.icsc.com/member/profile/746421"
"Carlee Schettino","Galaxy Development, LLC","","","","","Massachusetts","Owner/Developer","https://www.icsc.com/member/profile/866478"
"Eric Siegel","Ocean Castle Investment Real Estate","","","","","Massachusetts","Owner/Developer","https://www.icsc.com/member/profile/715676"
"Alan Simmons","STAG Industrial, Inc.","","","","","Massachusetts","Owner/Developer","https://www.icsc.com/member/profile/735185"
"CJ Soderlund","Brookwood Financial Partners","","","","","Massachusetts","Owner/Developer","https://www.icsc.com/member/profile/826096"
"Joseph Tagliente","Tage Capital Partners","","","","","Massachusetts","Owner/Developer","https://www.icsc.com/member/profile/804887"
"Amy Tetreault","Gazit Horizons, Inc.","","","","","Massachusetts","Owner/Developer","https://www.icsc.com/member/profile/382355"
"Louis Tobia","NEC Realty","","","","","Massachusetts","Owner/Developer","https://www.icsc.com/member/profile/811390"
"John Tsiros","Vanguard Solar Origination LLC","","","","","Massachusetts","Owner/Developer","https://www.icsc.com/member/profile/853507"
"ken Vincunas","Development Associates","","","","","Massachusetts","Owner/Developer","https://www.icsc.com/member/profile/842221"
"Ramez Abdulnour","Laramie International LLC","","","","","Michigan","Owner/Developer","https://www.icsc.com/member/profile/730617"
"Derek Adolf","Soave Enterprises L.L.C.","","","","","Michigan","Owner/Developer","https://www.icsc.com/member/profile/861208"
"khalid Ahmed","Suaza LLC","","","","","Michigan","Owner/Developer","https://www.icsc.com/member/profile/805807"
"Ammar Alkhafaji","W Investors Group","","","","","Michigan","Owner/Developer","https://www.icsc.com/member/profile/809681"
"Dante Bacall","Bacall Companies,LLC","","","","","Michigan","Owner/Developer","https://www.icsc.com/member/profile/789481"
"Dorayd Bacall","Bacall Companies,LLC","","","","","Michigan","Owner/Developer","https://www.icsc.com/member/profile/335827"
"Terry Benton","Strathmore Real Estate Group","","","","","Michigan","Owner/Developer","https://www.icsc.com/member/profile/250915"
"Kelli Burley","Bedrock Detroit","","","","","Michigan","Owner/Developer","https://www.icsc.com/member/profile/709557"
"Chloe Burton","Bedrock Detroit","","","","","Michigan","Owner/Developer","https://www.icsc.com/member/profile/741957"
"William Casey","Pinnacle Realty Services","","","","","Michigan","Owner/Developer","https://www.icsc.com/member/profile/344565"
"Tanner Catt","Catt Development","","","","","Michigan","Owner/Developer","https://www.icsc.com/member/profile/746918"
"Ethan Charon","PlazaCorp Realty Advisors, Inc.","","","","","Michigan","Owner/Developer","https://www.icsc.com/member/profile/852637"
"Catherine Clark","Bedrock Detroit","","","","","Michigan","Owner/Developer","https://www.icsc.com/member/profile/193534"
"Michael Colman","One Family Property","","","","","Michigan","Owner/Developer","https://www.icsc.com/member/profile/806349"
"Ryan Coopersmith","Seligman & Associates","","","","","Michigan","Owner/Developer","https://www.icsc.com/member/profile/851541"
"Robert Cordaro","Cordaro Properties LLC","","","","","Michigan","Owner/Developer","https://www.icsc.com/member/profile/810350"
"Jason M. Curis","JMC Management LLC","","","","","Michigan","Owner/Developer","https://www.icsc.com/member/profile/445518"
"Robert Denha","Akkadian Development","","","","","Michigan","Owner/Developer","https://www.icsc.com/member/profile/788396"
"Chase Duffey","Bedrock Detroit","","","","","Michigan","Owner/Developer","https://www.icsc.com/member/profile/611220"
"Matt Eyde","Eyde Development","","","","","Michigan","Owner/Developer","https://www.icsc.com/member/profile/588430"
"Nathaniel Eyde","Eyde Development","","","","","Michigan","Owner/Developer","https://www.icsc.com/member/profile/395494"
"Jason Fisher","One Family Property","","","","","Michigan","Owner/Developer","https://www.icsc.com/member/profile/586273"
"Kenneth Galazin","West Branch Development Properties, L.L.C.","","","","","Michigan","Owner/Developer","https://www.icsc.com/member/profile/476858"
"Chad Gans","Boji Group","","","","","Michigan","Owner/Developer","https://www.icsc.com/member/profile/865135"
"Rick Gates","Gates Prime Commercial Group","","","","","Michigan","Owner/Developer","https://www.icsc.com/member/profile/360308"
"Barbarose Guastello","Center Management Services, Inc.","","","","","Michigan","Owner/Developer","https://www.icsc.com/member/profile/805362"
"James Hagans","Mastiff Equity Partners LLC","","","","","Michigan","Owner/Developer","https://www.icsc.com/member/profile/840682"
"John Hindo","Boji Group","","","","","Michigan","Owner/Developer","https://www.icsc.com/member/profile/788342"
"Naumann Idrees","Bedrock Detroit","","","","","Michigan","Owner/Developer","https://www.icsc.com/member/profile/177352"
"Jordan Jerore","Boji Group","","","","","Michigan","Owner/Developer","https://www.icsc.com/member/profile/578723"
"Nawaf Kalasho","Kalasho Company LLC","","","","","Michigan","Owner/Developer","https://www.icsc.com/member/profile/779298"
"Marvin Karana","KN Property Holdings","","","","","Michigan","Owner/Developer","https://www.icsc.com/member/profile/815949"
"Michael Khalil","CSC Capital Group LLC","","","","","Michigan","Owner/Developer","https://www.icsc.com/member/profile/804011"
"John Kolarevic","ECEK LLC","","","","","Michigan","Owner/Developer","https://www.icsc.com/member/profile/749848"
"Michael Kolarevic","ECEK LLC","","","","","Michigan","Owner/Developer","https://www.icsc.com/member/profile/658711"
"Tzvi Koslowe","SK Investments Group","","","","","Michigan","Owner/Developer","https://www.icsc.com/member/profile/832946"
"Carlo Koza","AZOK Group","","","","","Michigan","Owner/Developer","https://www.icsc.com/member/profile/856585"
"Kenny Koza","AZOK Group","","","","","Michigan","Owner/Developer","https://www.icsc.com/member/profile/833566"
"Rob Krochmal","The Surnow Company","","","","","Michigan","Owner/Developer","https://www.icsc.com/member/profile/321092"
"Clint Mansour","Mansour Companies","","","","","Michigan","Owner/Developer","https://www.icsc.com/member/profile/629198"
"Andrew Margulies","Margulies Investment Company","","","","","Michigan","Owner/Developer","https://www.icsc.com/member/profile/866797"
"Jeffrey Margulies","Margulies Investment Company","","","","","Michigan","Owner/Developer","https://www.icsc.com/member/profile/847427"
"Darren Naimi","KN Property Holdings","","","","","Michigan","Owner/Developer","https://www.icsc.com/member/profile/815948"
"Tanner Nicholson","PlazaCorp Realty Advisors, Inc.","","","","","Michigan","Owner/Developer","https://www.icsc.com/member/profile/852635"
"Antoinette Nicita","Urban Edge Properties","","","","","Michigan","Owner/Developer","https://www.icsc.com/member/profile/852118"
"Kip Northrup","PBD Development LLC","","","","","Michigan","Owner/Developer","https://www.icsc.com/member/profile/853292"
"Conor O'Leary","Blue Peninsula","","","","","Michigan","Owner/Developer","https://www.icsc.com/member/profile/800275"
"Patrick O'Leary","Blue Peninsula","","","","","Michigan","Owner/Developer","https://www.icsc.com/member/profile/593624"
"Jerry Pattah","Pattah Development Co.","","","","","Michigan","Owner/Developer","https://www.icsc.com/member/profile/758737"
"CLARK PATTAH","Pattah Development Co.","","","","","Michigan","Owner/Developer","https://www.icsc.com/member/profile/646334"
"Vincent Pipia","Alrig USA","","","","","Michigan","Owner/Developer","https://www.icsc.com/member/profile/699890"
"DonAe Poe","Bedrock Detroit","","","","","Michigan","Owner/Developer","https://www.icsc.com/member/profile/725972"
"Christina Rice","JMC Management LLC","","","","","Michigan","Owner/Developer","https://www.icsc.com/member/profile/707336"
"Mark Rosen","MDI Real Estate Services","","","","","Michigan","Owner/Developer","https://www.icsc.com/member/profile/129470"
"Connor Sampson","Treystar","","","","","Michigan","Owner/Developer","https://www.icsc.com/member/profile/791414"
"John Secco","Allegra Development","","","","","Michigan","Owner/Developer","https://www.icsc.com/member/profile/376047"
"Scott Seligman","Seligman & Associates","","","","","Michigan","Owner/Developer","https://www.icsc.com/member/profile/267390"
"Ryan Shina","Breakpoint Investments","","","","","Michigan","Owner/Developer","https://www.icsc.com/member/profile/718711"
"Jennifer Skiba","Bedrock Detroit","","","","","Michigan","Owner/Developer","https://www.icsc.com/member/profile/363358"
"Oz Stackpole","Bedrock Detroit","","","","","Michigan","Owner/Developer","https://www.icsc.com/member/profile/771358"
"Brian Stadler","Wolgast Corporation","","","","","Michigan","Owner/Developer","https://www.icsc.com/member/profile/772880"
"Ryan Sytsma","Pinnacle Realty Services","","","","","Michigan","Owner/Developer","https://www.icsc.com/member/profile/553554"
"Carly Vaught","Alrig USA","","","","","Michigan","Owner/Developer","https://www.icsc.com/member/profile/849504"
"Murray Wikol","ProVisions, LLC","","","","","Michigan","Owner/Developer","https://www.icsc.com/member/profile/317337"
"David Williams","Corner Property Management, LLC","","","","","Michigan","Owner/Developer","https://www.icsc.com/member/profile/807834"
"Kenny Zaitouna","General Wholesale, Inc.","","","","","Michigan","Owner/Developer","https://www.icsc.com/member/profile/809165"
"Zach Alms","507 Investment Group, LLC","","","","","Minnesota","Owner/Developer","https://www.icsc.com/member/profile/797348"
"Nate Carty","507 Investment Group, LLC","","","","","Minnesota","Owner/Developer","https://www.icsc.com/member/profile/848847"
"Andy Cmiel","GHS Development","","","","","Minnesota","Owner/Developer","https://www.icsc.com/member/profile/854852"
"Dixon Diebold","ReUrban Real Estate","","","","","Minnesota","Owner/Developer","https://www.icsc.com/member/profile/862006"
"Stephen Dombrovski, CMD, CRX, CSM","Dombrovski Properties","","","","","Minnesota","Owner/Developer","https://www.icsc.com/member/profile/93221"
"Andrew Freeman","KO Storage","","","","","Minnesota","Owner/Developer","https://www.icsc.com/member/profile/855466"
"Nick Gervais","GHS Development","","","","","Minnesota","Owner/Developer","https://www.icsc.com/member/profile/828670"
"Emily Griebel","CBC Fisher Group","","","","","Minnesota","Owner/Developer","https://www.icsc.com/member/profile/851279"
"Anissa Keyes","ProVisions, LLC","","","","","Minnesota","Owner/Developer","https://www.icsc.com/member/profile/797022"
"Timothy Kleiman","Miner's Inc.","","","","","Minnesota","Owner/Developer","https://www.icsc.com/member/profile/643987"
"Tom Lund","Lund Partners","","","","","Minnesota","Owner/Developer","https://www.icsc.com/member/profile/856295"
"Michael Lund","All Day Retail","","","","","Minnesota","Owner/Developer","https://www.icsc.com/member/profile/474029"
"Rafik Moore","Brait Capital LLC","","","","","Minnesota","Owner/Developer","https://www.icsc.com/member/profile/594238"
"Peter Remes","First & First, LLC","","","","","Minnesota","Owner/Developer","https://www.icsc.com/member/profile/809320"
"Dan Terwilliger","All Day Retail","","","","","Minnesota","Owner/Developer","https://www.icsc.com/member/profile/756807"
"Ali Bhatti","Encore Development","","","","","Mississippi","Owner/Developer","https://www.icsc.com/member/profile/797025"
"Adam Brister","Culbertson Contractors","","","","","Mississippi","Owner/Developer","https://www.icsc.com/member/profile/775127"
"Jay Culbertson","Culbertson Contractors","","","","","Mississippi","Owner/Developer","https://www.icsc.com/member/profile/775121"
"Jeffrey George","RM Development Group","","","","","Mississippi","Owner/Developer","https://www.icsc.com/member/profile/728672"
"Robbie Griffin","Dennis Pierce, Inc.","","","","","Mississippi","Owner/Developer","https://www.icsc.com/member/profile/794848"
"Michael Harshbarger","Harshbarger Developments","","","","","Mississippi","Owner/Developer","https://www.icsc.com/member/profile/861219"
"Michelle Kelly","K & K Development, LLC","","","","","Mississippi","Owner/Developer","https://www.icsc.com/member/profile/868925"
"Andy Kelly","K & K Development, LLC","","","","","Mississippi","Owner/Developer","https://www.icsc.com/member/profile/868912"
"Janet Kelly","K & K Development, LLC","","","","","Mississippi","Owner/Developer","https://www.icsc.com/member/profile/864765"
"John Landry","X3 Tango, LLC","","","","","Mississippi","Owner/Developer","https://www.icsc.com/member/profile/809450"
"Reed Lepard","B & A Properties of Carthage, LLC","","","","","Mississippi","Owner/Developer","https://www.icsc.com/member/profile/796181"
"Alex Rozier","RM Development Group","","","","","Mississippi","Owner/Developer","https://www.icsc.com/member/profile/851914"
"Michael Rozier","RM Development Group","","","","","Mississippi","Owner/Developer","https://www.icsc.com/member/profile/640979"
"Mike Rozier","RM Development Group","","","","","Mississippi","Owner/Developer","https://www.icsc.com/member/profile/389139"
"Erin Smith","Executive Companies, Inc.","","","","","Mississippi","Owner/Developer","https://www.icsc.com/member/profile/610181"
"Corey Smith","Executive Companies, Inc.","","","","","Mississippi","Owner/Developer","https://www.icsc.com/member/profile/510947"
"Jake Anthon","MRP Capital Group","","","","","Missouri","Owner/Developer","https://www.icsc.com/member/profile/803181"
"AJ Anthon","MRP Capital Group","","","","","Missouri","Owner/Developer","https://www.icsc.com/member/profile/778663"
"Eric Baker","Baker Development LLC","","","","","Missouri","Owner/Developer","https://www.icsc.com/member/profile/849749"
"Kimberly Bartalos, CLS","Block Real Estate Services, LLC","","","","","Missouri","Owner/Developer","https://www.icsc.com/member/profile/275342"
"Mike Belew","USFP, LLC","","","","","Missouri","Owner/Developer","https://www.icsc.com/member/profile/790543"
"Brent Beumer","D3 Commercial Realty Group","","","","","Missouri","Owner/Developer","https://www.icsc.com/member/profile/440867"
"Drew Bextermueller","D3 Commercial Realty Group","","","","","Missouri","Owner/Developer","https://www.icsc.com/member/profile/385185"
"Michael Bohannon","Cotton Ridge Development Co LLC","","","","","Missouri","Owner/Developer","https://www.icsc.com/member/profile/666779"
"Steven Carrico, CLS","LDC Properties","","","","","Missouri","Owner/Developer","https://www.icsc.com/member/profile/646811"
"Maxine Clark","Delmar DivINE","","","","","Missouri","Owner/Developer","https://www.icsc.com/member/profile/175981"
"Tony Gagliano II","CORE Real Estate Group, LLC","","","","","Missouri","Owner/Developer","https://www.icsc.com/member/profile/348049"
"Josh Goodwin","Deconstruction Development Partners","","","","","Missouri","Owner/Developer","https://www.icsc.com/member/profile/832288"
"Gary Grewe","G.J. Grewe, Inc.","","","","","Missouri","Owner/Developer","https://www.icsc.com/member/profile/98137"
"Christine Grewe","G.J. Grewe, Inc.","","","","","Missouri","Owner/Developer","https://www.icsc.com/member/profile/164065"
"Michael Grewe PhD","G.J. Grewe, Inc.","","","","","Missouri","Owner/Developer","https://www.icsc.com/member/profile/126167"
"Robert Hagen","Hagen Properties","","","","","Missouri","Owner/Developer","https://www.icsc.com/member/profile/239060"
"Austin Hannah","MRP Capital Group","","","","","Missouri","Owner/Developer","https://www.icsc.com/member/profile/796256"
"Adam Hartig","Clay Adams","","","","","Missouri","Owner/Developer","https://www.icsc.com/member/profile/450318"
"David Havens","Jared Commercial","","","","","Missouri","Owner/Developer","https://www.icsc.com/member/profile/637612"
"Adrienne Henry","Drury Southwest, Inc.","","","","","Missouri","Owner/Developer","https://www.icsc.com/member/profile/693153"
"Madison Jones","New + Found","","","","","Missouri","Owner/Developer","https://www.icsc.com/member/profile/855697"
"Ed Jones","Deconstruction Development Partners","","","","","Missouri","Owner/Developer","https://www.icsc.com/member/profile/803396"
"Tim Kaufmann","AKG Development","","","","","Missouri","Owner/Developer","https://www.icsc.com/member/profile/658771"
"Drew Kifer","Pinecone Holdings LLC","","","","","Missouri","Owner/Developer","https://www.icsc.com/member/profile/710281"
"Jay Lindner, CLS, CRRP","Lindner Properties","","","","","Missouri","Owner/Developer","https://www.icsc.com/member/profile/240929"
"Theodore Martin","Green Street Real Estate Ventures","","","","","Missouri","Owner/Developer","https://www.icsc.com/member/profile/792735"
"Shannon McMurdo","Woodstone Properties, LLC","","","","","Missouri","Owner/Developer","https://www.icsc.com/member/profile/778728"
"Aaron Mesmer","Block Real Estate Services, LLC","","","","","Missouri","Owner/Developer","https://www.icsc.com/member/profile/669494"
"Jonathan Miller","EquipmentShare.com, Inc.","","","","","Missouri","Owner/Developer","https://www.icsc.com/member/profile/776365"
"Gary Mitchell","Arrowhead Development Group, LLC","","","","","Missouri","Owner/Developer","https://www.icsc.com/member/profile/857741"
"Anthony Novelly","MRP Capital Group","","","","","Missouri","Owner/Developer","https://www.icsc.com/member/profile/778665"
"Jonathan Odle","Sentry Capital LLC","","","","","Missouri","Owner/Developer","https://www.icsc.com/member/profile/566876"
"Alex Oliver","Oliver Properties","","","","","Missouri","Owner/Developer","https://www.icsc.com/member/profile/807232"
"Michael Pike","KPAC Properties","","","","","Missouri","Owner/Developer","https://www.icsc.com/member/profile/616709"
"Michael Prehm","Drury Hotels Company","","","","","Missouri","Owner/Developer","https://www.icsc.com/member/profile/672279"
"Sam Rhodes","The Rhodes Group","","","","","Missouri","Owner/Developer","https://www.icsc.com/member/profile/837201"
"Scott Rhodes","The Rhodes Group","","","","","Missouri","Owner/Developer","https://www.icsc.com/member/profile/829839"
"Will Smith","New + Found","","","","","Missouri","Owner/Developer","https://www.icsc.com/member/profile/767613"
"Joseph Walters","Mutual Development Company, LLC","","","","","Missouri","Owner/Developer","https://www.icsc.com/member/profile/216224"
"Thomas Weiler","Savoy Properties","","","","","Missouri","Owner/Developer","https://www.icsc.com/member/profile/787231"
"Mary Wolff","Wolff Properties","","","","","Missouri","Owner/Developer","https://www.icsc.com/member/profile/852049"
"Jonathan Wolff","Wolff Properties","","","","","Missouri","Owner/Developer","https://www.icsc.com/member/profile/816939"
"Bryan Beauchamp","Beauchamp Development Group","","","","","Montana","Owner/Developer","https://www.icsc.com/member/profile/856330"
"David Carlsen","Talcott Properties LLC","","","","","Montana","Owner/Developer","https://www.icsc.com/member/profile/700343"
"Stan Converse III","CedarHouse Partners","","","","","Montana","Owner/Developer","https://www.icsc.com/member/profile/738626"
"Sebastien Guilhemotonia","Beauchamp Development Group","","","","","Montana","Owner/Developer","https://www.icsc.com/member/profile/851604"
"Travis Steindorf","Hutton Ranch Plaza","","","","","Montana","Owner/Developer","https://www.icsc.com/member/profile/849494"
"Kevin Andersen","JEO Investments, Inc.","","","","","Nebraska","Owner/Developer","https://www.icsc.com/member/profile/847965"
"Ashley Anesin","ACCESS Commercial LLC","","","","","Nebraska","Owner/Developer","https://www.icsc.com/member/profile/869522"
"Justin Costello","ACCESS Commercial LLC","","","","","Nebraska","Owner/Developer","https://www.icsc.com/member/profile/799069"
"Daniel Dickinson","Landmark Real Estate Services, LLC","","","","","Nebraska","Owner/Developer","https://www.icsc.com/member/profile/512956"
"Emily Faltys","ACCESS Commercial LLC","","","","","Nebraska","Owner/Developer","https://www.icsc.com/member/profile/847908"
"Kirk Hanson Jr","ACCESS Commercial LLC","","","","","Nebraska","Owner/Developer","https://www.icsc.com/member/profile/328931"
"Steven Johnson JD","Twin Creek LP","","","","","Nebraska","Owner/Developer","https://www.icsc.com/member/profile/562373"
"Andrew Lerner","The Lerner Company","","","","","Nebraska","Owner/Developer","https://www.icsc.com/member/profile/806671"
"Michael Moylan","Shamrock Development","","","","","Nebraska","Owner/Developer","https://www.icsc.com/member/profile/157024"
"Amber Olson","ACCESS Commercial LLC","","","","","Nebraska","Owner/Developer","https://www.icsc.com/member/profile/423319"
"Nick Otis","The Otis Company","","","","","Nebraska","Owner/Developer","https://www.icsc.com/member/profile/785920"
"James Otis","The Otis Company","","","","","Nebraska","Owner/Developer","https://www.icsc.com/member/profile/218420"
"Rocky Pryor","ACCESS Commercial LLC","","","","","Nebraska","Owner/Developer","https://www.icsc.com/member/profile/725239"
"Terry Root","Greenstreet Real Estate Partners","","","","","Nebraska","Owner/Developer","https://www.icsc.com/member/profile/784446"
"Becca Stigge","Fiddle Leaf Development","","","","","Nebraska","Owner/Developer","https://www.icsc.com/member/profile/850615"
"Matt Ziegler","ACCESS Commercial LLC","","","","","Nebraska","Owner/Developer","https://www.icsc.com/member/profile/825216"
"Agus Alamsjah","Local Asset Management","","","","","Nevada","Owner/Developer","https://www.icsc.com/member/profile/386783"
"Mike Ambrose","XYZ Rent","","","","","Nevada","Owner/Developer","https://www.icsc.com/member/profile/869118"
"Benny Assulin","Synergy Group","","","","","Nevada","Owner/Developer","https://www.icsc.com/member/profile/852382"
"Joe Bonifatto","BP Holdings, Inc","","","","","Nevada","Owner/Developer","https://www.icsc.com/member/profile/828440"
"Sheena Chopra","Rhino Investments Group","","","","","Nevada","Owner/Developer","https://www.icsc.com/member/profile/856607"
"Dennis Cisterna","Sentinel Net Lease","","","","","Nevada","Owner/Developer","https://www.icsc.com/member/profile/765140"
"Blaise D'Sylva","The Howard Hughes Corporation","","","","","Nevada","Owner/Developer","https://www.icsc.com/member/profile/856633"
"Jessica DeMarino","First National Realty Partners","","","","","Nevada","Owner/Developer","https://www.icsc.com/member/profile/781927"
"Van Der Megerdichian","ARMENCO CAPITAL LLC","","","","","Nevada","Owner/Developer","https://www.icsc.com/member/profile/808998"
"Yaniv Efraim","Synergy Group US","","","","","Nevada","Owner/Developer","https://www.icsc.com/member/profile/852372"
"Hank Gordon","Laurich Properties, Inc.","","","","","Nevada","Owner/Developer","https://www.icsc.com/member/profile/94658"
"Myles Grossman","Fisher brothers","","","","","Nevada","Owner/Developer","https://www.icsc.com/member/profile/833190"
"Kipp Gstettenbauer","Mountain Pacific Dev Co","","","","","Nevada","Owner/Developer","https://www.icsc.com/member/profile/301959"
"Chad Hastings","The Howard Hughes Corporation","","","","","Nevada","Owner/Developer","https://www.icsc.com/member/profile/528235"
"Tina Hightower","Deconstruction Development Partners","","","","","Nevada","Owner/Developer","https://www.icsc.com/member/profile/832287"
"Terry Jimmerson","Wasteless Solutions LLC","","","","","Nevada","Owner/Developer","https://www.icsc.com/member/profile/855917"
"Joseph Kennedy","J.A. Kennedy Real Estate Company","","","","","Nevada","Owner/Developer","https://www.icsc.com/member/profile/314456"
"Frank Kozlowski","Koz Real Estate","","","","","Nevada","Owner/Developer","https://www.icsc.com/member/profile/359629"
"Mark Levy","Glen Una Management","","","","","Nevada","Owner/Developer","https://www.icsc.com/member/profile/790033"
"Michael McMahon","Crystal View Capital","","","","","Nevada","Owner/Developer","https://www.icsc.com/member/profile/861991"
"Alinda Miller","Rhino Investments Group","","","","","Nevada","Owner/Developer","https://www.icsc.com/member/profile/854411"
"NICHOLAS MOORE","MFR Properties/ Floyds Construction","","","","","Nevada","Owner/Developer","https://www.icsc.com/member/profile/808932"
"George Mulopulos","Proactive Properties","","","","","Nevada","Owner/Developer","https://www.icsc.com/member/profile/784846"
"John Murillo","Great American Capital","","","","","Nevada","Owner/Developer","https://www.icsc.com/member/profile/368777"
"Ciara Nackino","The Howard Hughes Corporation","","","","","Nevada","Owner/Developer","https://www.icsc.com/member/profile/767006"
"Matthew Nelson CCIM, CLS","J.A. Kennedy Real Estate Company","","","","","Nevada","Owner/Developer","https://www.icsc.com/member/profile/391408"
"Patrick Olson","Freehouse Capital Partners","","","","","Nevada","Owner/Developer","https://www.icsc.com/member/profile/842412"
"Kyle Pullen","The Howard Hughes Corporation","","","","","Nevada","Owner/Developer","https://www.icsc.com/member/profile/807855"
"Devon Sansone","Sansone Investments","","","","","Nevada","Owner/Developer","https://www.icsc.com/member/profile/787976"
"Wendy Sparks","Fritz Duda Company","","","","","Nevada","Owner/Developer","https://www.icsc.com/member/profile/758020"
"Jonathon Wall","Rhino Investments Group","","","","","Nevada","Owner/Developer","https://www.icsc.com/member/profile/796416"
"Rebecca Wall","Rhino Investments Group","","","","","Nevada","Owner/Developer","https://www.icsc.com/member/profile/772056"
"Steven Walton","The Cherng Family Trust","","","","","Nevada","Owner/Developer","https://www.icsc.com/member/profile/832648"
"Stan Wasserkrug","InterCapital Development","","","","","Nevada","Owner/Developer","https://www.icsc.com/member/profile/99852"
"Mark Wendel","REDEV Real Estate Development Consultants","","","","","Nevada","Owner/Developer","https://www.icsc.com/member/profile/515735"
"Ashley Yonamine","Blue Sapphire Corp","","","","","Nevada","Owner/Developer","https://www.icsc.com/member/profile/835531"
"Pat Crawley","Net Lease Capital","","","","","New Hampshire","Owner/Developer","https://www.icsc.com/member/profile/640308"
"William Flynn","Net Lease Capital","","","","","New Hampshire","Owner/Developer","https://www.icsc.com/member/profile/390502"
"Neha Garg","Garg Group of Companies","","","","","New Hampshire","Owner/Developer","https://www.icsc.com/member/profile/742555"
"Wayne Lucier","US Gas LLC","","","","","New Hampshire","Owner/Developer","https://www.icsc.com/member/profile/630530"
"Michael Mailhot","Seacoast RV Resort","","","","","New Hampshire","Owner/Developer","https://www.icsc.com/member/profile/812819"
"Tom Monahan","Monahan Companies","","","","","New Hampshire","Owner/Developer","https://www.icsc.com/member/profile/757716"
"Robert Parsons","Parsons Ventures","","","","","New Hampshire","Owner/Developer","https://www.icsc.com/member/profile/342761"
"Forrest Pike","Net Lease Capital","","","","","New Hampshire","Owner/Developer","https://www.icsc.com/member/profile/728856"
"David Rauseo","Interchange Development LLC","","","","","New Hampshire","Owner/Developer","https://www.icsc.com/member/profile/811229"
"Kim Rogers","G L Rogers and Company, Inc.","","","","","New Hampshire","Owner/Developer","https://www.icsc.com/member/profile/778228"
"Lucas Sexton","Brookwood Financial Partners","","","","","New Hampshire","Owner/Developer","https://www.icsc.com/member/profile/854317"
"Andy Weathers","Net Lease Capital","","","","","New Hampshire","Owner/Developer","https://www.icsc.com/member/profile/853288"
"Eli Ajias","EA Royal Management","","","","","New Jersey","Owner/Developer","https://www.icsc.com/member/profile/855803"
"Elliot Alboucai","Paramount Realty Services, Inc","","","","","New Jersey","Owner/Developer","https://www.icsc.com/member/profile/747669"
"Ned Allen","Wychwood Development","","","","","New Jersey","Owner/Developer","https://www.icsc.com/member/profile/803599"
"Tyler Arsenault","Retail Sites LLC","","","","","New Jersey","Owner/Developer","https://www.icsc.com/member/profile/641290"
"Venumadhav Avula","Shenandoah Development Group LLC","","","","","New Jersey","Owner/Developer","https://www.icsc.com/member/profile/846029"
"VJ Aynilian","Heidenberg Properties","","","","","New Jersey","Owner/Developer","https://www.icsc.com/member/profile/768028"
"Eileen Bagnall","Urban Edge Properties","","","","","New Jersey","Owner/Developer","https://www.icsc.com/member/profile/610054"
"Neil Bane","Bane Realty Capital","","","","","New Jersey","Owner/Developer","https://www.icsc.com/member/profile/652678"
"Gregg Bazzani","JDA Group","","","","","New Jersey","Owner/Developer","https://www.icsc.com/member/profile/799424"
"Nachum Bergman","Riverside Properties","","","","","New Jersey","Owner/Developer","https://www.icsc.com/member/profile/845379"
"Jacob Betesh","Premier Centers","","","","","New Jersey","Owner/Developer","https://www.icsc.com/member/profile/866113"
"Joe Betesh","Premier Centers","","","","","New Jersey","Owner/Developer","https://www.icsc.com/member/profile/823816"
"Josh Birns","Urban Edge Properties","","","","","New Jersey","Owner/Developer","https://www.icsc.com/member/profile/522923"
"Cory Boss","Lamar Companies","","","","","New Jersey","Owner/Developer","https://www.icsc.com/member/profile/144343"
"Brett Brophy","Tanger","","","","","New Jersey","Owner/Developer","https://www.icsc.com/member/profile/868908"
"Felix Bruselovsky","New Horizon Properties","","","","","New Jersey","Owner/Developer","https://www.icsc.com/member/profile/691014"
"Haig Buchakjian","Harken Company","","","","","New Jersey","Owner/Developer","https://www.icsc.com/member/profile/343251"
"Mark Calabro","Weichert Development Company","","","","","New Jersey","Owner/Developer","https://www.icsc.com/member/profile/838078"
"Olivia Canestrari","First National Realty Partners","","","","","New Jersey","Owner/Developer","https://www.icsc.com/member/profile/861779"
"Vincent Casiero","Diamond Communications","","","","","New Jersey","Owner/Developer","https://www.icsc.com/member/profile/864273"
"Michael Cebula","Kaplan Companies","","","","","New Jersey","Owner/Developer","https://www.icsc.com/member/profile/759341"
"John Chan","Path Equities","","","","","New Jersey","Owner/Developer","https://www.icsc.com/member/profile/863945"
"Zeke Chernoff","Lamar Companies","","","","","New Jersey","Owner/Developer","https://www.icsc.com/member/profile/851244"
"Michael Choi","MS Equities","","","","","New Jersey","Owner/Developer","https://www.icsc.com/member/profile/594698"
"James Chung","Turbo Holdings Inc","","","","","New Jersey","Owner/Developer","https://www.icsc.com/member/profile/857676"
"David Cohen","Everview Capital Partners (HK) Limited","","","","","New Jersey","Owner/Developer","https://www.icsc.com/member/profile/865704"
"Eugene Diaz","Prism Capital Partners, LLC","","","","","New Jersey","Owner/Developer","https://www.icsc.com/member/profile/692668"
"Adam Dickert","Progress Realty Partners","","","","","New Jersey","Owner/Developer","https://www.icsc.com/member/profile/752118"
"John Dionis","The Connell Company","","","","","New Jersey","Owner/Developer","https://www.icsc.com/member/profile/802707"
"Anthony Doren","Doren Development LLC","","","","","New Jersey","Owner/Developer","https://www.icsc.com/member/profile/818961"
"Richard P. Doren III","Doren Development LLC","","","","","New Jersey","Owner/Developer","https://www.icsc.com/member/profile/818591"
"Richard Doren","Doren Development LLC","","","","","New Jersey","Owner/Developer","https://www.icsc.com/member/profile/799547"
"Sean Earlen","Providence Land Strategies, LLC","","","","","New Jersey","Owner/Developer","https://www.icsc.com/member/profile/842277"
"Raymond Eshaghoff","BSG Management Company","","","","","New Jersey","Owner/Developer","https://www.icsc.com/member/profile/435302"
"Linda Fahmie","ROI Renovations & Development","","","","","New Jersey","Owner/Developer","https://www.icsc.com/member/profile/228143"
"Frank Farinella Jr","Lamar Companies","","","","","New Jersey","Owner/Developer","https://www.icsc.com/member/profile/779966"
"Evin Feliciano","FEM Real Estate","","","","","New Jersey","Owner/Developer","https://www.icsc.com/member/profile/807777"
"Cary Feliciano","FEM Real Estate","","","","","New Jersey","Owner/Developer","https://www.icsc.com/member/profile/789717"
"Frank Forte","Lucern Capital Partners","","","","","New Jersey","Owner/Developer","https://www.icsc.com/member/profile/869389"
"Jason Fox, CLS","Paramount Realty Services, Inc","","","","","New Jersey","Owner/Developer","https://www.icsc.com/member/profile/491857"
"Lisa Frantz","Mega Development LLC","","","","","New Jersey","Owner/Developer","https://www.icsc.com/member/profile/604314"
"John Frisina","Lamar Companies","","","","","New Jersey","Owner/Developer","https://www.icsc.com/member/profile/829316"
"Sarah Garber-Dingle","First National Realty Partners","","","","","New Jersey","Owner/Developer","https://www.icsc.com/member/profile/791366"
"Ravi Gill","Petro Realty LLC","","","","","New Jersey","Owner/Developer","https://www.icsc.com/member/profile/799507"
"Michael Hanson","CPI Funds","","","","","New Jersey","Owner/Developer","https://www.icsc.com/member/profile/788792"
"Kyle Hayes","Lamar Companies","","","","","New Jersey","Owner/Developer","https://www.icsc.com/member/profile/657408"
"Cali Heffernan","Urban Edge Properties","","","","","New Jersey","Owner/Developer","https://www.icsc.com/member/profile/869082"
"Robert Heidenberg","Heidenberg Properties","","","","","New Jersey","Owner/Developer","https://www.icsc.com/member/profile/101957"
"Grace Henderson","Urban Edge Properties","","","","","New Jersey","Owner/Developer","https://www.icsc.com/member/profile/864424"
"Robert Hill","Retail Sites LLC","","","","","New Jersey","Owner/Developer","https://www.icsc.com/member/profile/403543"
"Gary Hofing","The Eagle Group, Inc.","","","","","New Jersey","Owner/Developer","https://www.icsc.com/member/profile/173621"
"Faria Ibrahim CCIM","Diamond Inner Circle Investments","","","","","New Jersey","Owner/Developer","https://www.icsc.com/member/profile/645167"
"Marc Impagliazzo","Paramount Realty Services, Inc","","","","","New Jersey","Owner/Developer","https://www.icsc.com/member/profile/798805"
"Robert Indig","DeVimy Equities","","","","","New Jersey","Owner/Developer","https://www.icsc.com/member/profile/587260"
"Tobin Joseph","First National Realty Partners","","","","","New Jersey","Owner/Developer","https://www.icsc.com/member/profile/864858"
"Jonathan Kamenetsky","Element Real Estate Development","","","","","New Jersey","Owner/Developer","https://www.icsc.com/member/profile/855524"
"Mordi Kameo","Tri State Commercial Realty Inc.","","","","","New Jersey","Owner/Developer","https://www.icsc.com/member/profile/850818"
"Jeff Kellams","First National Realty Partners","","","","","New Jersey","Owner/Developer","https://www.icsc.com/member/profile/861777"
"Eric Kelly","Paramount Realty Services, Inc","","","","","New Jersey","Owner/Developer","https://www.icsc.com/member/profile/746586"
"Amanda Kocheran","Paramount Realty Services, Inc","","","","","New Jersey","Owner/Developer","https://www.icsc.com/member/profile/865912"
"Morgan Konstantinidis","Retail Sites LLC","","","","","New Jersey","Owner/Developer","https://www.icsc.com/member/profile/411256"
"Jordan Korris","Paramount Realty Services, Inc","","","","","New Jersey","Owner/Developer","https://www.icsc.com/member/profile/307070"
"Regina Krause","Urban Edge Properties","","","","","New Jersey","Owner/Developer","https://www.icsc.com/member/profile/757598"
"Mike Lakhiani","LASA Realty, LLC","","","","","New Jersey","Owner/Developer","https://www.icsc.com/member/profile/785242"
"Jason Lazar","Heidenberg Properties","","","","","New Jersey","Owner/Developer","https://www.icsc.com/member/profile/535812"
"Lenny Lazzarino","Edison Properties, LLC","","","","","New Jersey","Owner/Developer","https://www.icsc.com/member/profile/586300"
"Marc Lenner","Lester M. Entin Associates","","","","","New Jersey","Owner/Developer","https://www.icsc.com/member/profile/162576"
"Brittany Leventoff","Progress Realty Partners","","","","","New Jersey","Owner/Developer","https://www.icsc.com/member/profile/799690"
"Morris Levy","Regis Assets LLC","","","","","New Jersey","Owner/Developer","https://www.icsc.com/member/profile/854488"
"David Li","Leo Capital Management","","","","","New Jersey","Owner/Developer","https://www.icsc.com/member/profile/808829"
"Gary Li","Leo Capital Management","","","","","New Jersey","Owner/Developer","https://www.icsc.com/member/profile/796746"
"Jordan Liebowitz","COREMARK Group, LLC","","","","","New Jersey","Owner/Developer","https://www.icsc.com/member/profile/495249"
"Laurence Liebowitz","COREMARK Group, LLC","","","","","New Jersey","Owner/Developer","https://www.icsc.com/member/profile/495245"
"Christopher Lombardi Esq","Lombardi Residential","","","","","New Jersey","Owner/Developer","https://www.icsc.com/member/profile/817025"
"Matt Mandelbaum","Mandelbaum & Mandelbaum","","","","","New Jersey","Owner/Developer","https://www.icsc.com/member/profile/868033"
"Thomas Manners","Progress Realty Partners","","","","","New Jersey","Owner/Developer","https://www.icsc.com/member/profile/864577"
"Thomas Manzo","THE MANZO ORGANIZATION","","","","","New Jersey","Owner/Developer","https://www.icsc.com/member/profile/820107"
"Frank Maresca","Lamar Companies","","","","","New Jersey","Owner/Developer","https://www.icsc.com/member/profile/622654"
"Anthony Marin","MIG Real Estate","","","","","New Jersey","Owner/Developer","https://www.icsc.com/member/profile/843834"
"RJ Maroon","Wanaque Associates","","","","","New Jersey","Owner/Developer","https://www.icsc.com/member/profile/862314"
"Raymond Maroon","RJ Maroon Realty","","","","","New Jersey","Owner/Developer","https://www.icsc.com/member/profile/818183"
"Raymond Maroon Jr","RJ Maroon Realty","","","","","New Jersey","Owner/Developer","https://www.icsc.com/member/profile/818180"
"Vijay Marupaka","GREENPOWER SHOPPING, LLC","","","","","New Jersey","Owner/Developer","https://www.icsc.com/member/profile/726479"
"Pablo Medeiros","Heidenberg Properties","","","","","New Jersey","Owner/Developer","https://www.icsc.com/member/profile/586296"
"Jeff Mendelson","New Horizon Properties","","","","","New Jersey","Owner/Developer","https://www.icsc.com/member/profile/661614"
"Hal Messer","CPI Funds","","","","","New Jersey","Owner/Developer","https://www.icsc.com/member/profile/788791"
"Bassam Mhich","Urban Edge Properties","","","","","New Jersey","Owner/Developer","https://www.icsc.com/member/profile/341743"
"Joey Mizrahi","Paramount Realty Services, Inc","","","","","New Jersey","Owner/Developer","https://www.icsc.com/member/profile/637639"
"Eric Mund","Mega Development LLC","","","","","New Jersey","Owner/Developer","https://www.icsc.com/member/profile/795718"
"Jay Murnick","Murnick Real Estate Services","","","","","New Jersey","Owner/Developer","https://www.icsc.com/member/profile/842658"
"Brad Nathanson","Paramount Realty Services, Inc","","","","","New Jersey","Owner/Developer","https://www.icsc.com/member/profile/288935"
"Bane Neil","Bane Realty Capital","","","","","New Jersey","Owner/Developer","https://www.icsc.com/member/profile/746942"
"Heather Ohlberg","Urban Edge Properties","","","","","New Jersey","Owner/Developer","https://www.icsc.com/member/profile/852023"
"Alexander Opper","Brentwood Realty","","","","","New Jersey","Owner/Developer","https://www.icsc.com/member/profile/455280"
"Manhar Patel","GREENPOWER SHOPPING, LLC","","","","","New Jersey","Owner/Developer","https://www.icsc.com/member/profile/336671"
"Mendy Pollack","Ironwood Realty Capital","","","","","New Jersey","Owner/Developer","https://www.icsc.com/member/profile/752845"
"Philip Proetto","Aspen Real Estate Advisors","","","","","New Jersey","Owner/Developer","https://www.icsc.com/member/profile/725475"
"Victoria M Pugliano","Lamar Companies","","","","","New Jersey","Owner/Developer","https://www.icsc.com/member/profile/812151"
"HIREN RAMANI","Ramani Group","","","","","New Jersey","Owner/Developer","https://www.icsc.com/member/profile/685969"
"Alex Reizner","Aspen Real Estate Advisors","","","","","New Jersey","Owner/Developer","https://www.icsc.com/member/profile/724237"
"Neal Richards","Realnj Services","","","","","New Jersey","Owner/Developer","https://www.icsc.com/member/profile/123234"
"Nicholas Rome","Pinnacle Commercial Development Inc","","","","","New Jersey","Owner/Developer","https://www.icsc.com/member/profile/834792"
"Dylan Rotchford","Retail Sites LLC","","","","","New Jersey","Owner/Developer","https://www.icsc.com/member/profile/789992"
"Charles Saka","Paramount Realty Services, Inc","","","","","New Jersey","Owner/Developer","https://www.icsc.com/member/profile/611408"
"Anthony Salgado","Urban Edge Properties","","","","","New Jersey","Owner/Developer","https://www.icsc.com/member/profile/730370"
"Daniel Salonis","Progress Realty Partners","","","","","New Jersey","Owner/Developer","https://www.icsc.com/member/profile/726000"
"Stephen Salvigsen","Sage Square Capital LLC","","","","","New Jersey","Owner/Developer","https://www.icsc.com/member/profile/650725"
"Elliot Sasson","East Coast Acquisitions","","","","","New Jersey","Owner/Developer","https://www.icsc.com/member/profile/593244"
"Adam Schlussel","Key Properties LLC","","","","","New Jersey","Owner/Developer","https://www.icsc.com/member/profile/761327"
"Jonathan Schlussel","Key Properties LLC","","","","","New Jersey","Owner/Developer","https://www.icsc.com/member/profile/685074"
"David Schlussel","Key Properties LLC","","","","","New Jersey","Owner/Developer","https://www.icsc.com/member/profile/116114"
"Abe Setton","Superdome Sports Management","","","","","New Jersey","Owner/Developer","https://www.icsc.com/member/profile/808861"
"David Setton","Superdome Sports","","","","","New Jersey","Owner/Developer","https://www.icsc.com/member/profile/806831"
"Jay Several","Several Properties Group","","","","","New Jersey","Owner/Developer","https://www.icsc.com/member/profile/597076"
"Dan Shields","Ascend Property Group","","","","","New Jersey","Owner/Developer","https://www.icsc.com/member/profile/823863"
"Martin Solodky","Lamar Companies","","","","","New Jersey","Owner/Developer","https://www.icsc.com/member/profile/867204"
"Eliot Spitzer","Newburgh Mall","","","","","New Jersey","Owner/Developer","https://www.icsc.com/member/profile/818193"
"Kyle Star","COREMARK Group, LLC","","","","","New Jersey","Owner/Developer","https://www.icsc.com/member/profile/656490"
"Henry Szwed","Mall Development Company, Inc","","","","","New Jersey","Owner/Developer","https://www.icsc.com/member/profile/798808"
"Robert Tarantino","Diamond Inner Circle Investments","","","","","New Jersey","Owner/Developer","https://www.icsc.com/member/profile/789404"
"Tom Tourso","COREMARK Group, LLC","","","","","New Jersey","Owner/Developer","https://www.icsc.com/member/profile/495247"
"Eran Veig","Vigroup Development Company","","","","","New Jersey","Owner/Developer","https://www.icsc.com/member/profile/859226"
"Brian Wasilenko","COREMARK Group, LLC","","","","","New Jersey","Owner/Developer","https://www.icsc.com/member/profile/456410"
"James Weichert, Jr.","Weichert Development Company","","","","","New Jersey","Owner/Developer","https://www.icsc.com/member/profile/810657"
"Mae Yuen-Chan","Urban Edge Properties","","","","","New Jersey","Owner/Developer","https://www.icsc.com/member/profile/610053"
"Maurice Zekaria","Paramount Realty Services, Inc","","","","","New Jersey","Owner/Developer","https://www.icsc.com/member/profile/96248"
"Joseph Zekaria","Paramount Realty Services, Inc","","","","","New Jersey","Owner/Developer","https://www.icsc.com/member/profile/797700"
"David Zolotorofe Esq","COREMARK Group, LLC","","","","","New Jersey","Owner/Developer","https://www.icsc.com/member/profile/148046"
"Michael Bunt","Par Three Properties, LLC","","","","","New Mexico","Owner/Developer","https://www.icsc.com/member/profile/808007"
"David Chavez","Base 5 Retail Partners","","","","","New Mexico","Owner/Developer","https://www.icsc.com/member/profile/365256"
"Randy Gonzales","Sanchez and Sanchez Real Estate Services","","","","","New Mexico","Owner/Developer","https://www.icsc.com/member/profile/740809"
"James Hamilton","DXD Capital","","","","","New Mexico","Owner/Developer","https://www.icsc.com/member/profile/809185"
"Scooter Haynes CCIM","SCM Partners, LLC","","","","","New Mexico","Owner/Developer","https://www.icsc.com/member/profile/556329"
"Kino James","Base 5 Retail Partners","","","","","New Mexico","Owner/Developer","https://www.icsc.com/member/profile/142572"
"Mako Kellman CCIM","Anvil Real Estate and Development LLC","","","","","New Mexico","Owner/Developer","https://www.icsc.com/member/profile/135537"
"Trisha Kvern","Retail Southwest","","","","","New Mexico","Owner/Developer","https://www.icsc.com/member/profile/825733"
"Catherine Mockler","Pajarito Capital","","","","","New Mexico","Owner/Developer","https://www.icsc.com/member/profile/803112"
"Patrick Mockler-Wood","Pajarito Capital","","","","","New Mexico","Owner/Developer","https://www.icsc.com/member/profile/803111"
"Brian Nenninger","Orion West, LLC","","","","","New Mexico","Owner/Developer","https://www.icsc.com/member/profile/412793"
"Robert Rydeski","Wait…What? Holding Company","","","","","New Mexico","Owner/Developer","https://www.icsc.com/member/profile/778510"
"Michael Shyne","Westsource Corp, LLC.","","","","","New Mexico","Owner/Developer","https://www.icsc.com/member/profile/727637"
"Joshua Skarsgard","Retail Southwest","","","","","New Mexico","Owner/Developer","https://www.icsc.com/member/profile/518188"
"Andrew Ackerman","RXR Realty","","","","","New York","Owner/Developer","https://www.icsc.com/member/profile/823636"
"Morris Ades","Larchwood Capital","","","","","New York","Owner/Developer","https://www.icsc.com/member/profile/843949"
"Geoffrey Adler","Northpath Investments","","","","","New York","Owner/Developer","https://www.icsc.com/member/profile/734872"
"Paul Adler Esq","Rand Commercial","","","","","New York","Owner/Developer","https://www.icsc.com/member/profile/374684"
"Avi Akibeh","Tri State Commercial Realty Inc.","","","","","New York","Owner/Developer","https://www.icsc.com/member/profile/612366"
"Gershon Alexander","Northpath Investments","","","","","New York","Owner/Developer","https://www.icsc.com/member/profile/329687"
"michael ambrosino","Ambrosino Consultant Corp","","","","","New York","Owner/Developer","https://www.icsc.com/member/profile/850704"
"Dr. Dorcey Applyrs","Khan Construction & Development LLC","","","","","New York","Owner/Developer","https://www.icsc.com/member/profile/868262"
"Scott Auster","Urban Edge Properties","","","","","New York","Owner/Developer","https://www.icsc.com/member/profile/227264"
"Allon Avgi","AVGI","","","","","New York","Owner/Developer","https://www.icsc.com/member/profile/843060"
"Shlomi Bagdadi","Tri State Commercial Realty Inc.","","","","","New York","Owner/Developer","https://www.icsc.com/member/profile/599560"
"Robert Bakhchi","Great Neck Center, LLC","","","","","New York","Owner/Developer","https://www.icsc.com/member/profile/746157"
"Andre Banilevi","Mason Asset Management, Inc.","","","","","New York","Owner/Developer","https://www.icsc.com/member/profile/804072"
"Jake Bank","Aurora Capital Associates","","","","","New York","Owner/Developer","https://www.icsc.com/member/profile/856494"
"Lewis Barbanel","Black Diamond Commercial Realty","","","","","New York","Owner/Developer","https://www.icsc.com/member/profile/844432"
"Zoe Barry","Urban Edge Properties","","","","","New York","Owner/Developer","https://www.icsc.com/member/profile/851157"
"Soly Bawabeh","Bawabeh Brothers LLC","","","","","New York","Owner/Developer","https://www.icsc.com/member/profile/661253"
"Soly Bawabeh","Bawabeh Holdings","","","","","New York","Owner/Developer","https://www.icsc.com/member/profile/516934"
"Leo Beda","Tri State Commercial Realty Inc.","","","","","New York","Owner/Developer","https://www.icsc.com/member/profile/833012"
"Michael Berfield","Bridges Development Corporation","","","","","New York","Owner/Developer","https://www.icsc.com/member/profile/487874"
"JARED BERNSTEIN","G4 Development Group, LLC","","","","","New York","Owner/Developer","https://www.icsc.com/member/profile/841051"
"Ronnie Bertrand","Urban Edge Properties","","","","","New York","Owner/Developer","https://www.icsc.com/member/profile/829682"
"Joseph Betesh","Abeco","","","","","New York","Owner/Developer","https://www.icsc.com/member/profile/753082"
"Daniel Birney","RXR Realty","","","","","New York","Owner/Developer","https://www.icsc.com/member/profile/822413"
"Jennifer Bitterman","Andover Properties","","","","","New York","Owner/Developer","https://www.icsc.com/member/profile/577920"
"Etan Bluman","Urban Edge Properties","","","","","New York","Owner/Developer","https://www.icsc.com/member/profile/813463"
"Evan Blumenthal","Dorchester Development LLC","","","","","New York","Owner/Developer","https://www.icsc.com/member/profile/858675"
"Daniel Bodner","Alvarez & Marsal Property Solutions","","","","","New York","Owner/Developer","https://www.icsc.com/member/profile/799434"
"Larry Botel","JOSS Realty Partners","","","","","New York","Owner/Developer","https://www.icsc.com/member/profile/457358"
"Nick Boyle","Toms Capital LLC","","","","","New York","Owner/Developer","https://www.icsc.com/member/profile/670853"
"David Braka","Aetna Realty","","","","","New York","Owner/Developer","https://www.icsc.com/member/profile/185039"
"Ben Braunstein","Realty Resource Capital Corp.","","","","","New York","Owner/Developer","https://www.icsc.com/member/profile/587042"
"Rachel Butiu","Mason Asset Management, Inc.","","","","","New York","Owner/Developer","https://www.icsc.com/member/profile/764340"
"Kevin Byrd","Metropolitan Realty Associates LLC","","","","","New York","Owner/Developer","https://www.icsc.com/member/profile/868503"
"Bryan Calkin","Summit Properties USA","","","","","New York","Owner/Developer","https://www.icsc.com/member/profile/350466"
"Jon Callegari","Steerpoint Capital","","","","","New York","Owner/Developer","https://www.icsc.com/member/profile/784034"
"Timothy Campbell","JVP Management","","","","","New York","Owner/Developer","https://www.icsc.com/member/profile/856609"
"THOMAS CAMPBELL","THOROBIRD COMPANIES LLC","","","","","New York","Owner/Developer","https://www.icsc.com/member/profile/779711"
"Noble Carpenter","Wafra, Inc.","","","","","New York","Owner/Developer","https://www.icsc.com/member/profile/853077"
"Sam Catton","Cohen Commerical Properties","","","","","New York","Owner/Developer","https://www.icsc.com/member/profile/506538"
"Stanley Cayre","Aurora Capital Associates","","","","","New York","Owner/Developer","https://www.icsc.com/member/profile/335932"
"Robert Cayre","Aurora Capital Associates","","","","","New York","Owner/Developer","https://www.icsc.com/member/profile/269385"
"Scott Chosed","TerraBloom LLC","","","","","New York","Owner/Developer","https://www.icsc.com/member/profile/820119"
"Joel Ciment","GCRE Advisors, LLC","","","","","New York","Owner/Developer","https://www.icsc.com/member/profile/787814"
"Michael Coene","Mireco Holdings, LLC","","","","","New York","Owner/Developer","https://www.icsc.com/member/profile/227789"
"Andrew Cohen","Cohen Commerical Properties","","","","","New York","Owner/Developer","https://www.icsc.com/member/profile/124941"
"Antony Contomichalos","MacArthur Capital Group","","","","","New York","Owner/Developer","https://www.icsc.com/member/profile/317414"
"Brett Cooper","Cosmo Real Estate Partners","","","","","New York","Owner/Developer","https://www.icsc.com/member/profile/358682"
"Peter Cosentino","Cosentino Development","","","","","New York","Owner/Developer","https://www.icsc.com/member/profile/853474"
"James Costello","Brookfield Asset Management","","","","","New York","Owner/Developer","https://www.icsc.com/member/profile/622269"
"Jennifer Crane","Unibail-Rodamco-Westfield","","","","","New York","Owner/Developer","https://www.icsc.com/member/profile/478969"
"Josh Cromer","Rialto Holdings, LLC","","","","","New York","Owner/Developer","https://www.icsc.com/member/profile/598420"
"Jaya Daniel","Urban Edge Properties","","","","","New York","Owner/Developer","https://www.icsc.com/member/profile/540287"
"Edouard De Bernis","Warberg Partners","","","","","New York","Owner/Developer","https://www.icsc.com/member/profile/709766"
"Dennis DeBenedetto","Time Equities, Inc.","","","","","New York","Owner/Developer","https://www.icsc.com/member/profile/545162"
"Joseph DeMatteo","JDM CAPITAL CORP.","","","","","New York","Owner/Developer","https://www.icsc.com/member/profile/868254"
"Jamie DeRevere","JOSS Realty Partners","","","","","New York","Owner/Developer","https://www.icsc.com/member/profile/799201"
"Arash Dilmanian","Silverpeak Real Estate Partners","","","","","New York","Owner/Developer","https://www.icsc.com/member/profile/359967"
"Dave Dimmick","Spark JC","","","","","New York","Owner/Developer","https://www.icsc.com/member/profile/817599"
"Jordan Domroe","Great Neck Center, LLC","","","","","New York","Owner/Developer","https://www.icsc.com/member/profile/561644"
"Jamey Dufner","Summit Properties USA","","","","","New York","Owner/Developer","https://www.icsc.com/member/profile/773020"
"Kevin Dwyer","Dwyer Agency","","","","","New York","Owner/Developer","https://www.icsc.com/member/profile/145100"
"William Elder","RXR Realty","","","","","New York","Owner/Developer","https://www.icsc.com/member/profile/823635"
"Eli Elefant","PBC USA Investments","","","","","New York","Owner/Developer","https://www.icsc.com/member/profile/648784"
"Ilan Elishayev","SYU PROPERTIES","","","","","New York","Owner/Developer","https://www.icsc.com/member/profile/649825"
"Jared Epstein","Aurora Capital Associates","","","","","New York","Owner/Developer","https://www.icsc.com/member/profile/327512"
"David Escava","Helm Equities","","","","","New York","Owner/Developer","https://www.icsc.com/member/profile/440202"
"Sarah Fabian","Friedland Properties","","","","","New York","Owner/Developer","https://www.icsc.com/member/profile/390104"
"Joseph Farkas","Metropolitan Realty Associates LLC","","","","","New York","Owner/Developer","https://www.icsc.com/member/profile/856465"
"Joseph Farkas","Metropolitan Realty Associates LLC","","","","","New York","Owner/Developer","https://www.icsc.com/member/profile/638178"
"Brian Feldman","Aurora Capital Associates","","","","","New York","Owner/Developer","https://www.icsc.com/member/profile/853756"
"Myles Fennon","The Trump Organization","","","","","New York","Owner/Developer","https://www.icsc.com/member/profile/855680"
"Robert Fischman","COYLE PROPERTIES","","","","","New York","Owner/Developer","https://www.icsc.com/member/profile/582409"
"Rebecca Fitts","Alvarez & Marsal Property Solutions","","","","","New York","Owner/Developer","https://www.icsc.com/member/profile/845338"
"Aaron Fleishaker","Mattone Investors, LLC","","","","","New York","Owner/Developer","https://www.icsc.com/member/profile/128606"
"Ryan Fridolfs","PrimeSpace Capital","","","","","New York","Owner/Developer","https://www.icsc.com/member/profile/805179"
"Elizabeth Friedland Meyer","Friedland Properties","","","","","New York","Owner/Developer","https://www.icsc.com/member/profile/269968"
"Israel Friedman","PrimeSpace Capital","","","","","New York","Owner/Developer","https://www.icsc.com/member/profile/785380"
"Ayal Frist","Vada Properties, LLC","","","","","New York","Owner/Developer","https://www.icsc.com/member/profile/856578"
"Michael Fruchtman","Arc Real Estate Group","","","","","New York","Owner/Developer","https://www.icsc.com/member/profile/842784"
"Andrew Galvin","Gardens Capital Advisors","","","","","New York","Owner/Developer","https://www.icsc.com/member/profile/513925"
"Cindy Gecaj","Alvarez & Marsal Property Solutions","","","","","New York","Owner/Developer","https://www.icsc.com/member/profile/832872"
"Tiffany Gherlone","Perform Properties","","","","","New York","Owner/Developer","https://www.icsc.com/member/profile/861241"
"Corey Gluckstal","Peconic Equities","","","","","New York","Owner/Developer","https://www.icsc.com/member/profile/552549"
"Benjamin Goldberg","LBX Investments LLC","","","","","New York","Owner/Developer","https://www.icsc.com/member/profile/865890"
"Adam Greenbaum","AGW Partners","","","","","New York","Owner/Developer","https://www.icsc.com/member/profile/832451"
"Thomas GREENWOOD","Greenwood Realtors, Inc.","","","","","New York","Owner/Developer","https://www.icsc.com/member/profile/794259"
"Brian Grobman","Dan's Supreme","","","","","New York","Owner/Developer","https://www.icsc.com/member/profile/638674"
"Richard Grobman","Dan's Supreme","","","","","New York","Owner/Developer","https://www.icsc.com/member/profile/116103"
"Joel Gruber","Rand Commercial","","","","","New York","Owner/Developer","https://www.icsc.com/member/profile/845094"
"Byron Hakimi Esq","Hakimi Capital Group LLC","","","","","New York","Owner/Developer","https://www.icsc.com/member/profile/651100"
"Manuel Hakimian","Hakimi Capital Group LLC","","","","","New York","Owner/Developer","https://www.icsc.com/member/profile/865874"
"Aaron Hakimian","Baaco Properties","","","","","New York","Owner/Developer","https://www.icsc.com/member/profile/805169"
"Jared Hakimian","Hakimi Capital Group LLC","","","","","New York","Owner/Developer","https://www.icsc.com/member/profile/751785"
"Fredy Halabi","Tri State Commercial Realty Inc.","","","","","New York","Owner/Developer","https://www.icsc.com/member/profile/750881"
"Marc Halle","AFRE CAPITAL","","","","","New York","Owner/Developer","https://www.icsc.com/member/profile/830077"
"Aron Herczl","Q Realty & Development Group Corp","","","","","New York","Owner/Developer","https://www.icsc.com/member/profile/650958"
"Alex Hirsch","Milbrook Properties Ltd","","","","","New York","Owner/Developer","https://www.icsc.com/member/profile/797530"
"Charles Hirsch","Milbrook Properties Ltd","","","","","New York","Owner/Developer","https://www.icsc.com/member/profile/261085"
"William Hopkins","Brookfield Asset Management","","","","","New York","Owner/Developer","https://www.icsc.com/member/profile/856021"
"Brett Hopkins","LaSalle Investment Management","","","","","New York","Owner/Developer","https://www.icsc.com/member/profile/786784"
"Jonny Isbitt","Jamestown, LP","","","","","New York","Owner/Developer","https://www.icsc.com/member/profile/846592"
"David Jacobi","Premier Equities Management LLC","","","","","New York","Owner/Developer","https://www.icsc.com/member/profile/691783"
"Yaron Jacobi","Premier Equities Management LLC","","","","","New York","Owner/Developer","https://www.icsc.com/member/profile/598581"
"J. Joseph Jacobson","Madison Capital","","","","","New York","Owner/Developer","https://www.icsc.com/member/profile/507085"
"Howard Jaffe","Mirjaf, Inc.","","","","","New York","Owner/Developer","https://www.icsc.com/member/profile/619102"
"John Joseph","Southern Realty & Development LLC","","","","","New York","Owner/Developer","https://www.icsc.com/member/profile/100293"
"Matt Juster","Juster Properties","","","","","New York","Owner/Developer","https://www.icsc.com/member/profile/763113"
"Steven Kachanian","Klosed Properties","","","","","New York","Owner/Developer","https://www.icsc.com/member/profile/507467"
"Benedetto Kahlun","JGK Real Estate Holdings","","","","","New York","Owner/Developer","https://www.icsc.com/member/profile/868136"
"Paul Kanavos","Flag Luxury/The Torino Companies","","","","","New York","Owner/Developer","https://www.icsc.com/member/profile/735698"
"Steven Kaplan","Kaplan Properties","","","","","New York","Owner/Developer","https://www.icsc.com/member/profile/862569"
"Nitin Karnani","Alpine Real Estate Partners","","","","","New York","Owner/Developer","https://www.icsc.com/member/profile/296823"
"Elie Kashi","Kashi Capital Partners","","","","","New York","Owner/Developer","https://www.icsc.com/member/profile/861433"
"Sam Kashi","Kashi Capital Partners","","","","","New York","Owner/Developer","https://www.icsc.com/member/profile/861431"
"Sama Kassem","Urban Edge Properties","","","","","New York","Owner/Developer","https://www.icsc.com/member/profile/834980"
"Jeff Katz","Milbrook Properties Ltd","","","","","New York","Owner/Developer","https://www.icsc.com/member/profile/452779"
"Ashley Kern","Mason Asset Management, Inc.","","","","","New York","Owner/Developer","https://www.icsc.com/member/profile/798720"
"Seth Kestenbaum","Altitude Realty Group","","","","","New York","Owner/Developer","https://www.icsc.com/member/profile/317683"
"Faraz Khan","Khan Construction & Development LLC","","","","","New York","Owner/Developer","https://www.icsc.com/member/profile/787329"
"Jonathan Kim","Time Equities, Inc.","","","","","New York","Owner/Developer","https://www.icsc.com/member/profile/513914"
"David Klein","Element Real Estate Development","","","","","New York","Owner/Developer","https://www.icsc.com/member/profile/855527"
"Michael Klein","M Rubin & co","","","","","New York","Owner/Developer","https://www.icsc.com/member/profile/809504"
"Martin Koch","LBX Investments LLC","","","","","New York","Owner/Developer","https://www.icsc.com/member/profile/806595"
"Sachin Kohli","NSR Group, LLC","","","","","New York","Owner/Developer","https://www.icsc.com/member/profile/849550"
"Rahul Kohli","NSR Group, LLC","","","","","New York","Owner/Developer","https://www.icsc.com/member/profile/732262"
"Richard Kolsch","Cam Real Estate Associates Corp.","","","","","New York","Owner/Developer","https://www.icsc.com/member/profile/141692"
"Eli Kopciel","Extell Development","","","","","New York","Owner/Developer","https://www.icsc.com/member/profile/692682"
"Uri Koptiev","RK Capital","","","","","New York","Owner/Developer","https://www.icsc.com/member/profile/725099"
"Kostas Koutsothanasis","RockFarmer Properties","","","","","New York","Owner/Developer","https://www.icsc.com/member/profile/782908"
"Isabel Krajovan","Alvarez & Marsal Property Solutions","","","","","New York","Owner/Developer","https://www.icsc.com/member/profile/868633"
"robert kraus","Opulens Development LLC","","","","","New York","Owner/Developer","https://www.icsc.com/member/profile/814806"
"Reggie Kronstadt","Krown Point Capital LLC","","","","","New York","Owner/Developer","https://www.icsc.com/member/profile/841216"
"Andre Kullock de Oliveira","GGP","","","","","New York","Owner/Developer","https://www.icsc.com/member/profile/858450"
"Evan Kupferberg","Time Equities, Inc.","","","","","New York","Owner/Developer","https://www.icsc.com/member/profile/645984"
"Eddie Laboz","United American Land Co.","","","","","New York","Owner/Developer","https://www.icsc.com/member/profile/820316"
"Jack Laboz","United American Land Co.","","","","","New York","Owner/Developer","https://www.icsc.com/member/profile/534932"
"Patrick Lang","Wash Ventures","","","","","New York","Owner/Developer","https://www.icsc.com/member/profile/809531"
"Mark Langer","Urban Edge Properties","","","","","New York","Owner/Developer","https://www.icsc.com/member/profile/420030"
"Jonathan LaSala","IronHorn Enterprises","","","","","New York","Owner/Developer","https://www.icsc.com/member/profile/870664"
"Michael Leifer","Runyon Group","","","","","New York","Owner/Developer","https://www.icsc.com/member/profile/599509"
"Chris Lento","Urban Edge Properties","","","","","New York","Owner/Developer","https://www.icsc.com/member/profile/783592"
"Joshua Leventhal","LCN Capital Partners, L.P.","","","","","New York","Owner/Developer","https://www.icsc.com/member/profile/612295"
"David Levinson","L&L Holding Company, LLC","","","","","New York","Owner/Developer","https://www.icsc.com/member/profile/867660"
"Ori Levy","Summit Properties USA","","","","","New York","Owner/Developer","https://www.icsc.com/member/profile/819790"
"Marco Libani","Toms Capital LLC","","","","","New York","Owner/Developer","https://www.icsc.com/member/profile/849402"
"Justin Liniado","Mason Asset Management, Inc.","","","","","New York","Owner/Developer","https://www.icsc.com/member/profile/839179"
"Ben Lipscomb","Martin-Diamond Properties","","","","","New York","Owner/Developer","https://www.icsc.com/member/profile/788998"
"Thomas Lipuma","Milbrook Properties Ltd","","","","","New York","Owner/Developer","https://www.icsc.com/member/profile/294995"
"Mark Lucaj Esq","Mattone Investors, LLC","","","","","New York","Owner/Developer","https://www.icsc.com/member/profile/690277"
"Sandy Magon","Diamond Inner Circle Investments","","","","","New York","Owner/Developer","https://www.icsc.com/member/profile/647979"
"Mathew Maher","Related Companies","","","","","New York","Owner/Developer","https://www.icsc.com/member/profile/854227"
"Anil Mahesh","LCN Capital Partners, L.P.","","","","","New York","Owner/Developer","https://www.icsc.com/member/profile/806048"
"Jonathan Maimran","Raber Enterprises, LLC.","","","","","New York","Owner/Developer","https://www.icsc.com/member/profile/809059"
"Carolyn Malinsky","Curbcut Urban Partners","","","","","New York","Owner/Developer","https://www.icsc.com/member/profile/841869"
"Benjamin Malinsky","Curbcut Urban Partners","","","","","New York","Owner/Developer","https://www.icsc.com/member/profile/561535"
"Aaron Malinsky","Curbcut Urban Partners","","","","","New York","Owner/Developer","https://www.icsc.com/member/profile/561532"
"Ruslan Mamedov","Mamedoff Properties LLC","","","","","New York","Owner/Developer","https://www.icsc.com/member/profile/868701"
"Nicholas Marantidis","Hakimi Capital Group LLC","","","","","New York","Owner/Developer","https://www.icsc.com/member/profile/802713"
"Viena Margulies","MacArthur Capital Group","","","","","New York","Owner/Developer","https://www.icsc.com/member/profile/585570"
"Steve Mazzurco","The Crest Group LLC","","","","","New York","Owner/Developer","https://www.icsc.com/member/profile/866966"
"Charles McDonald","Urban Edge Properties","","","","","New York","Owner/Developer","https://www.icsc.com/member/profile/859206"
"Gordon McLaughlin","Element Eight Partners, LLC","","","","","New York","Owner/Developer","https://www.icsc.com/member/profile/821858"
"DJ Meagher","Woodbranch Investments","","","","","New York","Owner/Developer","https://www.icsc.com/member/profile/846045"
"Tracy Mehlman","Sirius LLC","","","","","New York","Owner/Developer","https://www.icsc.com/member/profile/817819"
"Timothy Meleca","Streamline Real Estate Partners LLC","","","","","New York","Owner/Developer","https://www.icsc.com/member/profile/785387"
"Daniel Mermel","Sivan Properties","","","","","New York","Owner/Developer","https://www.icsc.com/member/profile/818037"
"James Merrell","Seritage Growth Properties","","","","","New York","Owner/Developer","https://www.icsc.com/member/profile/783468"
"Kseniya Merritt","Union Investment Real Estate AG","","","","","New York","Owner/Developer","https://www.icsc.com/member/profile/324608"
"Maor Mizrachi","AVGI","","","","","New York","Owner/Developer","https://www.icsc.com/member/profile/869444"
"murray mizrachi","Bawabeh Brothers LLC","","","","","New York","Owner/Developer","https://www.icsc.com/member/profile/799498"
"Ezra Mizrachi","Bawabeh Brothers LLC","","","","","New York","Owner/Developer","https://www.icsc.com/member/profile/661248"
"Jeff Mooallem","Urban Edge Properties","","","","","New York","Owner/Developer","https://www.icsc.com/member/profile/333166"
"Kenneth Morrison","Lemor Development Group","","","","","New York","Owner/Developer","https://www.icsc.com/member/profile/640913"
"Meir Moster","Madison National Realty Corp","","","","","New York","Owner/Developer","https://www.icsc.com/member/profile/806467"
"Vito Musso","Musso Properties, LLC","","","","","New York","Owner/Developer","https://www.icsc.com/member/profile/866831"
"Joseph Musso","Musso Properties, LLC","","","","","New York","Owner/Developer","https://www.icsc.com/member/profile/866830"
"Adam Myers","North River Company LLC","","","","","New York","Owner/Developer","https://www.icsc.com/member/profile/708954"
"Edmond Nassim","Crescent Properties, Inc.","","","","","New York","Owner/Developer","https://www.icsc.com/member/profile/639218"
"Igal Nassim","Mason Asset Management, Inc.","","","","","New York","Owner/Developer","https://www.icsc.com/member/profile/489337"
"Sheila Naysan","Cogswell Realty","","","","","New York","Owner/Developer","https://www.icsc.com/member/profile/650927"
"Marc Newman","Spark JC","","","","","New York","Owner/Developer","https://www.icsc.com/member/profile/817784"
"Andrew Newman","Northpath Investments","","","","","New York","Owner/Developer","https://www.icsc.com/member/profile/809649"
"Denis Nezaj","Summit Properties USA","","","","","New York","Owner/Developer","https://www.icsc.com/member/profile/819762"
"Theresa Ng","Mason Asset Management, Inc.","","","","","New York","Owner/Developer","https://www.icsc.com/member/profile/838613"
"Nissim Nigri","ANN Usa investments","","","","","New York","Owner/Developer","https://www.icsc.com/member/profile/675986"
"Jordan Nissensohn","JN Development Group","","","","","New York","Owner/Developer","https://www.icsc.com/member/profile/842207"
"leon nitka","USA Property Group","","","","","New York","Owner/Developer","https://www.icsc.com/member/profile/808748"
"Luke John Nolan","Runyon Group","","","","","New York","Owner/Developer","https://www.icsc.com/member/profile/831561"
"William Noyes","RXR Realty","","","","","New York","Owner/Developer","https://www.icsc.com/member/profile/855434"
"Gavin O'Brien","Brookfield Asset Management","","","","","New York","Owner/Developer","https://www.icsc.com/member/profile/738378"
"Will Obeid","Arcade Capital LLC","","","","","New York","Owner/Developer","https://www.icsc.com/member/profile/844123"
"Jeffrey Olson","Urban Edge Properties","","","","","New York","Owner/Developer","https://www.icsc.com/member/profile/370347"
"Michael Panvini","A2 Development Group, LLC","","","","","New York","Owner/Developer","https://www.icsc.com/member/profile/843054"
"Sugeidy Paulino","SAADIA GROUP LLC","","","","","New York","Owner/Developer","https://www.icsc.com/member/profile/790150"
"Alexa Phillips","Delaware Phillips Holdings LLC","","","","","New York","Owner/Developer","https://www.icsc.com/member/profile/620966"
"Jeffrey Phillips","Delaware Phillips Holdings LLC","","","","","New York","Owner/Developer","https://www.icsc.com/member/profile/620965"
"Jerry Pi CCIM, CRX","Pi Capital Partners","","","","","New York","Owner/Developer","https://www.icsc.com/member/profile/497109"
"Emerson Pierce","Perform Properties","","","","","New York","Owner/Developer","https://www.icsc.com/member/profile/866827"
"Tomer Pomerantz","Summit Properties USA","","","","","New York","Owner/Developer","https://www.icsc.com/member/profile/819966"
"Evan Rafinia","Rafinia Property Group, LLC.","","","","","New York","Owner/Developer","https://www.icsc.com/member/profile/808939"
"Alexander Rahmani","Hakimi Capital Group LLC","","","","","New York","Owner/Developer","https://www.icsc.com/member/profile/861932"
"Frederick R. Rainaldi","Rainaldi Real Estate, Inc.","","","","","New York","Owner/Developer","https://www.icsc.com/member/profile/687459"
"Caroline Raphael","Urban Edge Properties","","","","","New York","Owner/Developer","https://www.icsc.com/member/profile/798789"
"James Rinzler","Dominion Management Co","","","","","New York","Owner/Developer","https://www.icsc.com/member/profile/722253"
"nelson rohrbach","Praeclara Corporation","","","","","New York","Owner/Developer","https://www.icsc.com/member/profile/856502"
"Francisco Rojas","Big V Property Group","","","","","New York","Owner/Developer","https://www.icsc.com/member/profile/180533"
"Daniel Rokeach","Madison National Realty Corp","","","","","New York","Owner/Developer","https://www.icsc.com/member/profile/725990"
"Jessica Rome","Brookfield Asset Management","","","","","New York","Owner/Developer","https://www.icsc.com/member/profile/831434"
"Frank Romeo","Romeo Land Development LLC","","","","","New York","Owner/Developer","https://www.icsc.com/member/profile/175805"
"Kyle Roosa","Roosa Corporation","","","","","New York","Owner/Developer","https://www.icsc.com/member/profile/509739"
"David Rosen","Rosen Associates Management Corp.","","","","","New York","Owner/Developer","https://www.icsc.com/member/profile/94843"
"Andrew Rosen","Related Companies","","","","","New York","Owner/Developer","https://www.icsc.com/member/profile/799118"
"Josh Rosenfield","Rothenberg- Rosenfield Inc.","","","","","New York","Owner/Developer","https://www.icsc.com/member/profile/500794"
"Daniel Rosenfield","Rothenberg- Rosenfield Inc.","","","","","New York","Owner/Developer","https://www.icsc.com/member/profile/146803"
"Lisa Rosenshein, CLS, CRX","Rosenshein Associates","","","","","New York","Owner/Developer","https://www.icsc.com/member/profile/104729"
"John Rossi","Perform Properties","","","","","New York","Owner/Developer","https://www.icsc.com/member/profile/867650"
"Joshua Roth","Manhattan Skyline Management Corp.","","","","","New York","Owner/Developer","https://www.icsc.com/member/profile/332396"
"Adam Rowles","GSI Development Corp.","","","","","New York","Owner/Developer","https://www.icsc.com/member/profile/817797"
"Mitchell Rutter","essex capital","","","","","New York","Owner/Developer","https://www.icsc.com/member/profile/824391"
"Jack Saadia","SAADIA GROUP LLC","","","","","New York","Owner/Developer","https://www.icsc.com/member/profile/788985"
"Sonny Safdeye","Green Rock Group","","","","","New York","Owner/Developer","https://www.icsc.com/member/profile/754024"
"Jeremy Sandel","4 River Capital LLC","","","","","New York","Owner/Developer","https://www.icsc.com/member/profile/867916"
"Daniel Scarda","The Crest Group LLC","","","","","New York","Owner/Developer","https://www.icsc.com/member/profile/599516"
"Paul Scavello","Scavello""s On The Island (Scavello Management)","","","","","New York","Owner/Developer","https://www.icsc.com/member/profile/743196"
"Paul Schiffer","Urban Edge Properties","","","","","New York","Owner/Developer","https://www.icsc.com/member/profile/104401"
"Jonathan Schmerin","The Georgetown Company","","","","","New York","Owner/Developer","https://www.icsc.com/member/profile/294358"
"Aaron Schwartz","Acadia Realty Trust","","","","","New York","Owner/Developer","https://www.icsc.com/member/profile/794757"
"Grant Scott","Time Equities, Inc.","","","","","New York","Owner/Developer","https://www.icsc.com/member/profile/744757"
"Benjamin Sedaghatzandi","Hakimi Capital Group LLC","","","","","New York","Owner/Developer","https://www.icsc.com/member/profile/820145"
"Jerry Seligsohn","DSel Properties LLC","","","","","New York","Owner/Developer","https://www.icsc.com/member/profile/563303"
"Daniel Seligsohn","DSel Properties LLC","","","","","New York","Owner/Developer","https://www.icsc.com/member/profile/557100"
"Abie Semah","Cityview Commercial","","","","","New York","Owner/Developer","https://www.icsc.com/member/profile/867840"
"Rich Sgroi","IronHorn Enterprises","","","","","New York","Owner/Developer","https://www.icsc.com/member/profile/870327"
"Sylvie Shames","Friedland Properties","","","","","New York","Owner/Developer","https://www.icsc.com/member/profile/575722"
"Karen Shelhorse","TRITEC Real Estate","","","","","New York","Owner/Developer","https://www.icsc.com/member/profile/804762"
"jasmine shi","FBL DEVELOPMENT LLC","","","","","New York","Owner/Developer","https://www.icsc.com/member/profile/825093"
"Kingston Shih","Madison Consulting","","","","","New York","Owner/Developer","https://www.icsc.com/member/profile/800487"
"Paul Shively","Big V Property Group","","","","","New York","Owner/Developer","https://www.icsc.com/member/profile/800938"
"Jeffrey Siegel","ML7","","","","","New York","Owner/Developer","https://www.icsc.com/member/profile/867006"
"Vivek Singhal","Singhal partners llc","","","","","New York","Owner/Developer","https://www.icsc.com/member/profile/683116"
"Sam Sitt","Blake Road Realty","","","","","New York","Owner/Developer","https://www.icsc.com/member/profile/724821"
"David Smetana","McCourt Partners","","","","","New York","Owner/Developer","https://www.icsc.com/member/profile/807695"
"Winston Smith","The Georgetown Company","","","","","New York","Owner/Developer","https://www.icsc.com/member/profile/789412"
"Jeff Smith","Signature Acquisitions","","","","","New York","Owner/Developer","https://www.icsc.com/member/profile/684491"
"Brian Snow","IATT Investments, Inc. / New Hartford Shopping Center","","","","","New York","Owner/Developer","https://www.icsc.com/member/profile/806492"
"Isabel Solmonson Cohen","Runyon Group","","","","","New York","Owner/Developer","https://www.icsc.com/member/profile/611877"
"Richard Solomon","Great Neck Center, LLC","","","","","New York","Owner/Developer","https://www.icsc.com/member/profile/609319"
"Alexander Solomon","Unibail-Rodamco-Westfield","","","","","New York","Owner/Developer","https://www.icsc.com/member/profile/605783"
"Michael Sommer","Kushner","","","","","New York","Owner/Developer","https://www.icsc.com/member/profile/782230"
"Gina Speno, CRX, CSM","Mason Asset Management, Inc.","","","","","New York","Owner/Developer","https://www.icsc.com/member/profile/214090"
"Alan Starkman","BLDG Management Co. Inc.","","","","","New York","Owner/Developer","https://www.icsc.com/member/profile/820149"
"Joshua Stein","Alpine Real Estate Partners","","","","","New York","Owner/Developer","https://www.icsc.com/member/profile/588077"
"Lance Steinberg","Raber Enterprises, LLC.","","","","","New York","Owner/Developer","https://www.icsc.com/member/profile/795791"
"Marc Steinberg","Mark Development, Inc.","","","","","New York","Owner/Developer","https://www.icsc.com/member/profile/190505"
"Joyce Storm","Storm Partners, LLC","","","","","New York","Owner/Developer","https://www.icsc.com/member/profile/112935"
"Erica Sutera","Heatherwood","","","","","New York","Owner/Developer","https://www.icsc.com/member/profile/867297"
"Miro Sutton","Montana Development Group LLC","","","","","New York","Owner/Developer","https://www.icsc.com/member/profile/773302"
"Cory Thompson","Urban Edge Properties","","","","","New York","Owner/Developer","https://www.icsc.com/member/profile/759582"
"Lawrence Tillack","Lawrence Homes Corp.","","","","","New York","Owner/Developer","https://www.icsc.com/member/profile/502890"
"George Tsapelas","Taconic Partners","","","","","New York","Owner/Developer","https://www.icsc.com/member/profile/867465"
"Taylor Uston","Milbrook Properties Ltd","","","","","New York","Owner/Developer","https://www.icsc.com/member/profile/797541"
"Michael Valentin","Summit Properties USA","","","","","New York","Owner/Developer","https://www.icsc.com/member/profile/789617"
"Garett Vassel","Optima Durant Group","","","","","New York","Owner/Developer","https://www.icsc.com/member/profile/853464"
"Alex Vouvalides","Perform Properties","","","","","New York","Owner/Developer","https://www.icsc.com/member/profile/840908"
"Thomas Wall","LCN Capital Partners, L.P.","","","","","New York","Owner/Developer","https://www.icsc.com/member/profile/612106"
"Alan Wang","Cayenne Holdings","","","","","New York","Owner/Developer","https://www.icsc.com/member/profile/867961"
"Jay Wegman","Wegman Companies, Inc.","","","","","New York","Owner/Developer","https://www.icsc.com/member/profile/818590"
"Jordan Weinberg","Weinberg Real Estate Affiliates","","","","","New York","Owner/Developer","https://www.icsc.com/member/profile/817658"
"Todd Wenzel","IronHorn Enterprises","","","","","New York","Owner/Developer","https://www.icsc.com/member/profile/870319"
"Paul Winkler","A2 Development Group, LLC","","","","","New York","Owner/Developer","https://www.icsc.com/member/profile/803195"
"Eddie Yadgarov","PYE Properties Inc","","","","","New York","Owner/Developer","https://www.icsc.com/member/profile/843286"
"Robert Yaffa","RDY Advisors, LLC","","","","","New York","Owner/Developer","https://www.icsc.com/member/profile/783603"
"alexander Yaraghi","Yaraghi Reality LLC","","","","","New York","Owner/Developer","https://www.icsc.com/member/profile/768055"
"Joseph Yushuvaeyv","Top Rock Holdings","","","","","New York","Owner/Developer","https://www.icsc.com/member/profile/799773"
"Patricia Zafferese, SLD","Urban Edge Properties","","","","","New York","Owner/Developer","https://www.icsc.com/member/profile/212191"
"Ruiwen Zhang","SJ international development","","","","","New York","Owner/Developer","https://www.icsc.com/member/profile/856875"
"Jason Autry","Prudent Growth Partners, LLC","","","","","North Carolina","Owner/Developer","https://www.icsc.com/member/profile/781658"
"Kayleigh Baker","Big V Property Group","","","","","North Carolina","Owner/Developer","https://www.icsc.com/member/profile/843336"
"Margaret Baughan","The Keith Corporation","","","","","North Carolina","Owner/Developer","https://www.icsc.com/member/profile/781358"
"Adam Bickley","Woodhaven Development Group","","","","","North Carolina","Owner/Developer","https://www.icsc.com/member/profile/707112"
"Karen Biddle","Asana Partners","","","","","North Carolina","Owner/Developer","https://www.icsc.com/member/profile/804540"
"Chester Bissell","Big V Property Group","","","","","North Carolina","Owner/Developer","https://www.icsc.com/member/profile/849808"
"Brad Bisser","Big V Property Group","","","","","North Carolina","Owner/Developer","https://www.icsc.com/member/profile/824294"
"Seth Black","Asana Partners","","","","","North Carolina","Owner/Developer","https://www.icsc.com/member/profile/672226"
"William Blount","GoodwinCo","","","","","North Carolina","Owner/Developer","https://www.icsc.com/member/profile/824628"
"Matthew Bourassa","Tanger","","","","","North Carolina","Owner/Developer","https://www.icsc.com/member/profile/838581"
"Jim Braithwaite","Allis Holdings LLC.","","","","","North Carolina","Owner/Developer","https://www.icsc.com/member/profile/796296"
"Michael Brame","Green Eyed Ventures, LLC","","","","","North Carolina","Owner/Developer","https://www.icsc.com/member/profile/307313"
"Brad Breitling","Tanger","","","","","North Carolina","Owner/Developer","https://www.icsc.com/member/profile/423864"
"John Brinzey","Diversified Investing Group","","","","","North Carolina","Owner/Developer","https://www.icsc.com/member/profile/853142"
"David Brody","Terroir / Brody Associates","","","","","North Carolina","Owner/Developer","https://www.icsc.com/member/profile/215384"
"Martha Brown","Prudent Growth Partners, LLC","","","","","North Carolina","Owner/Developer","https://www.icsc.com/member/profile/758839"
"Seamus Byrne","Big V Property Group","","","","","North Carolina","Owner/Developer","https://www.icsc.com/member/profile/727074"
"Lee Campbell","Tanger","","","","","North Carolina","Owner/Developer","https://www.icsc.com/member/profile/804618"
"Scott Carr","Sheriff Management, LLC","","","","","North Carolina","Owner/Developer","https://www.icsc.com/member/profile/579457"
"Michael Carter","Atapco Properties","","","","","North Carolina","Owner/Developer","https://www.icsc.com/member/profile/826013"
"Prateek Chandak","The Focus Properties, Inc.","","","","","North Carolina","Owner/Developer","https://www.icsc.com/member/profile/829227"
"Brad Combs","Combs Development Company","","","","","North Carolina","Owner/Developer","https://www.icsc.com/member/profile/812882"
"Diane Coulson, CLS, CSM","Tanger","","","","","North Carolina","Owner/Developer","https://www.icsc.com/member/profile/124300"
"Jonathan Cox","Coastal First Properties, LLC","","","","","North Carolina","Owner/Developer","https://www.icsc.com/member/profile/841840"
"K.C. Creasy","Asana Partners","","","","","North Carolina","Owner/Developer","https://www.icsc.com/member/profile/672225"
"Raquel Crespo","Regency Centers","","","","","North Carolina","Owner/Developer","https://www.icsc.com/member/profile/229092"
"Shawn Cummings","VennTerra Land Development","","","","","North Carolina","Owner/Developer","https://www.icsc.com/member/profile/851290"
"Tony D'Ambrosio","Big V Property Group","","","","","North Carolina","Owner/Developer","https://www.icsc.com/member/profile/202551"
"Jessica Dalton, CLS, CRX, SLD","Tanger","","","","","North Carolina","Owner/Developer","https://www.icsc.com/member/profile/196252"
"Thomas Davis","Tanger","","","","","North Carolina","Owner/Developer","https://www.icsc.com/member/profile/262972"
"Mallory DeLucas","Big V Property Group","","","","","North Carolina","Owner/Developer","https://www.icsc.com/member/profile/857342"
"Maren Donovan","Tanger","","","","","North Carolina","Owner/Developer","https://www.icsc.com/member/profile/177517"
"Kevin Dougherty","AdVenture Development, LLC","","","","","North Carolina","Owner/Developer","https://www.icsc.com/member/profile/338239"
"George Dunn","GEMCAP Development","","","","","North Carolina","Owner/Developer","https://www.icsc.com/member/profile/608658"
"David Edmonds","Southland Companies","","","","","North Carolina","Owner/Developer","https://www.icsc.com/member/profile/783280"
"Doug Ehmann","Jetton Village Partners","","","","","North Carolina","Owner/Developer","https://www.icsc.com/member/profile/596977"
"Brent Fabbri","Big V Property Group","","","","","North Carolina","Owner/Developer","https://www.icsc.com/member/profile/620893"
"Talia Fine","Tanger","","","","","North Carolina","Owner/Developer","https://www.icsc.com/member/profile/865748"
"Tom FitzGerald","Asana Partners","","","","","North Carolina","Owner/Developer","https://www.icsc.com/member/profile/813467"
"Evans Forlidas","Marion Properties of Charlotte","","","","","North Carolina","Owner/Developer","https://www.icsc.com/member/profile/851255"
"John French","Biltmore Property Group, LLC","","","","","North Carolina","Owner/Developer","https://www.icsc.com/member/profile/496462"
"Madelyn Furr","York Development Group","","","","","North Carolina","Owner/Developer","https://www.icsc.com/member/profile/782603"
"Hugo Gilbert","Tanger","","","","","North Carolina","Owner/Developer","https://www.icsc.com/member/profile/567961"
"Rick Gnann","Ram Realty Advisors","","","","","North Carolina","Owner/Developer","https://www.icsc.com/member/profile/803074"
"Abbitt Goodwin","GoodwinCo","","","","","North Carolina","Owner/Developer","https://www.icsc.com/member/profile/196107"
"Trent Gustafson CCIM","Gustafson Partners Commercial Real Estate","","","","","North Carolina","Owner/Developer","https://www.icsc.com/member/profile/266070"
"Jerry Hahn","Prudent Growth Partners, LLC","","","","","North Carolina","Owner/Developer","https://www.icsc.com/member/profile/758838"
"Tom Hahn","Prudent Growth Partners, LLC","","","","","North Carolina","Owner/Developer","https://www.icsc.com/member/profile/755100"
"Davis Hammond","Hill Partners, Inc.","","","","","North Carolina","Owner/Developer","https://www.icsc.com/member/profile/781917"
"Grey Hanna","6S Development","","","","","North Carolina","Owner/Developer","https://www.icsc.com/member/profile/731992"
"Todd Harrelson CCIM, CLS, CRX, CSM","Cross Commercial Real Estate Group","","","","","North Carolina","Owner/Developer","https://www.icsc.com/member/profile/311849"
"Brandon Hartsell","Big V Property Group","","","","","North Carolina","Owner/Developer","https://www.icsc.com/member/profile/867745"
"Javier Hinojo","All States Equity Group LLC","","","","","North Carolina","Owner/Developer","https://www.icsc.com/member/profile/829902"
"William Hodges","Piedmont Capital","","","","","North Carolina","Owner/Developer","https://www.icsc.com/member/profile/794660"
"Cordelia Hogan","Prudent Growth Partners, LLC","","","","","North Carolina","Owner/Developer","https://www.icsc.com/member/profile/782728"
"Sara Hogan","Hill Partners, Inc.","","","","","North Carolina","Owner/Developer","https://www.icsc.com/member/profile/298026"
"David Holden","Tanger","","","","","North Carolina","Owner/Developer","https://www.icsc.com/member/profile/852238"
"Samuel B. Holder","Solid Rock Ventures, LLC","","","","","North Carolina","Owner/Developer","https://www.icsc.com/member/profile/865146"
"Samuel Holder","Solid Rock Ventures, LLC","","","","","North Carolina","Owner/Developer","https://www.icsc.com/member/profile/851253"
"Sam Holder Jr","Solid Rock Ventures, LLC","","","","","North Carolina","Owner/Developer","https://www.icsc.com/member/profile/195421"
"Marcia Homer","Tanger","","","","","North Carolina","Owner/Developer","https://www.icsc.com/member/profile/831384"
"Chip Howes","Wake Capital Property Management Group","","","","","North Carolina","Owner/Developer","https://www.icsc.com/member/profile/802830"
"Jason Hull","Aventon Companies","","","","","North Carolina","Owner/Developer","https://www.icsc.com/member/profile/841370"
"Maurice Hull","MarketPlace Management, Inc.","","","","","North Carolina","Owner/Developer","https://www.icsc.com/member/profile/139823"
"Gregory Ix","Big V Property Group","","","","","North Carolina","Owner/Developer","https://www.icsc.com/member/profile/120651"
"Joe Jackson","Metrolina Capital Partners","","","","","North Carolina","Owner/Developer","https://www.icsc.com/member/profile/619481"
"Adnan Jazairi","Sam's Holdings LLC.","","","","","North Carolina","Owner/Developer","https://www.icsc.com/member/profile/778494"
"Courtney Johnson","Big V Property Group","","","","","North Carolina","Owner/Developer","https://www.icsc.com/member/profile/789616"
"Paul Jonnet","Big V Property Group","","","","","North Carolina","Owner/Developer","https://www.icsc.com/member/profile/862025"
"Sam Judd","Asana Partners","","","","","North Carolina","Owner/Developer","https://www.icsc.com/member/profile/338844"
"Tommy Kahn","Tanger","","","","","North Carolina","Owner/Developer","https://www.icsc.com/member/profile/778358"
"Bryan Kallenberg","Big V Property Group","","","","","North Carolina","Owner/Developer","https://www.icsc.com/member/profile/633185"
"Brad Kantrowitz","Asana Partners","","","","","North Carolina","Owner/Developer","https://www.icsc.com/member/profile/733281"
"Harrison Kazlauskas","Big V Property Group","","","","","North Carolina","Owner/Developer","https://www.icsc.com/member/profile/849809"
"Kristine Kelly","Tanger","","","","","North Carolina","Owner/Developer","https://www.icsc.com/member/profile/413634"
"Sam Khatib","Olive Tree Development","","","","","North Carolina","Owner/Developer","https://www.icsc.com/member/profile/851266"
"JoLyn Khoury","Big V Property Group","","","","","North Carolina","Owner/Developer","https://www.icsc.com/member/profile/780394"
"Nolan Kirkman","VennTerra Land Development","","","","","North Carolina","Owner/Developer","https://www.icsc.com/member/profile/851214"
"Valli Kodali","KAAVU Partners","","","","","North Carolina","Owner/Developer","https://www.icsc.com/member/profile/391979"
"Juliana Kohler","Kick Ass Concepts","","","","","North Carolina","Owner/Developer","https://www.icsc.com/member/profile/697863"
"Zack Kosofsky","Woodhaven Development Group","","","","","North Carolina","Owner/Developer","https://www.icsc.com/member/profile/457210"
"William Kotis III, CLS, CMD, CRX, CSM","Kick Ass Concepts","","","","","North Carolina","Owner/Developer","https://www.icsc.com/member/profile/141685"
"Reed Kracke","Asana Partners","","","","","North Carolina","Owner/Developer","https://www.icsc.com/member/profile/571795"
"Todd Lambert","VennTerra Land Development","","","","","North Carolina","Owner/Developer","https://www.icsc.com/member/profile/851291"
"Lynda Lange","The Magnolia Companies","","","","","North Carolina","Owner/Developer","https://www.icsc.com/member/profile/159469"
"Stephanie Lanier","Golden Ventures","","","","","North Carolina","Owner/Developer","https://www.icsc.com/member/profile/850778"
"Daniel Levine","Levine Properties","","","","","North Carolina","Owner/Developer","https://www.icsc.com/member/profile/854840"
"Wendell Long","Diversified Investing Group","","","","","North Carolina","Owner/Developer","https://www.icsc.com/member/profile/853141"
"Dean Lumish","Big V Property Group","","","","","North Carolina","Owner/Developer","https://www.icsc.com/member/profile/824293"
"Thomas Lynde","Woodhaven Development Group","","","","","North Carolina","Owner/Developer","https://www.icsc.com/member/profile/815320"
"Daniel Malino","Levine Properties","","","","","North Carolina","Owner/Developer","https://www.icsc.com/member/profile/853716"
"Bibbit Mason","Tanger","","","","","North Carolina","Owner/Developer","https://www.icsc.com/member/profile/438720"
"Matt McCoy","Madison Commercial, LLC","","","","","North Carolina","Owner/Developer","https://www.icsc.com/member/profile/865462"
"Cassie McCrain","Barings","","","","","North Carolina","Owner/Developer","https://www.icsc.com/member/profile/751883"
"Frank McDonald","Big V Property Group","","","","","North Carolina","Owner/Developer","https://www.icsc.com/member/profile/845673"
"Doug McDonald","Tanger","","","","","North Carolina","Owner/Developer","https://www.icsc.com/member/profile/804721"
"Mark McDonnell","AdVenture Development, LLC","","","","","North Carolina","Owner/Developer","https://www.icsc.com/member/profile/642097"
"Franklin McGowan","Prudent Growth Partners, LLC","","","","","North Carolina","Owner/Developer","https://www.icsc.com/member/profile/816530"
"Kenton McKeehan","Big V Property Group","","","","","North Carolina","Owner/Developer","https://www.icsc.com/member/profile/111388"
"Emanuel Mendoza","Big V Property Group","","","","","North Carolina","Owner/Developer","https://www.icsc.com/member/profile/830323"
"Casey Miller","Oriel Properties and Investments, Inc.","","","","","North Carolina","Owner/Developer","https://www.icsc.com/member/profile/775373"
"Trey Morgan","The Morgan Companies","","","","","North Carolina","Owner/Developer","https://www.icsc.com/member/profile/264440"
"Rose Muasau","Tanger","","","","","North Carolina","Owner/Developer","https://www.icsc.com/member/profile/859494"
"Jim Murray","VennTerra Land Development","","","","","North Carolina","Owner/Developer","https://www.icsc.com/member/profile/851292"
"Matt Muse","Asana Partners","","","","","North Carolina","Owner/Developer","https://www.icsc.com/member/profile/662871"
"Wendy Nabors","Grubb Ventures","","","","","North Carolina","Owner/Developer","https://www.icsc.com/member/profile/377052"
"Joe O'Brien","Zapolski Real Estate, LLC","","","","","North Carolina","Owner/Developer","https://www.icsc.com/member/profile/853502"
"Julie O'Donnell","Big V Property Group","","","","","North Carolina","Owner/Developer","https://www.icsc.com/member/profile/144160"
"James O'Malley","O'Malley Development, LLC","","","","","North Carolina","Owner/Developer","https://www.icsc.com/member/profile/554983"
"Parker Owen","Prudent Growth Partners, LLC","","","","","North Carolina","Owner/Developer","https://www.icsc.com/member/profile/850721"
"Akshar Patel","AP Holdings Group","","","","","North Carolina","Owner/Developer","https://www.icsc.com/member/profile/854066"
"Dhruvin Patel","RH developments of SC LLC","","","","","North Carolina","Owner/Developer","https://www.icsc.com/member/profile/784126"
"Alexis Pattison","Prudent Growth Partners, LLC","","","","","North Carolina","Owner/Developer","https://www.icsc.com/member/profile/848291"
"Dreyson Phillips","Great Meadows, LLC","","","","","North Carolina","Owner/Developer","https://www.icsc.com/member/profile/804235"
"David Pierce","Prudent Growth Partners, LLC","","","","","North Carolina","Owner/Developer","https://www.icsc.com/member/profile/822340"
"David Pierce","Prudent Growth Partners, LLC","","","","","North Carolina","Owner/Developer","https://www.icsc.com/member/profile/782726"
"Tom Polczynski","Tanger","","","","","North Carolina","Owner/Developer","https://www.icsc.com/member/profile/178261"
"Will Ponder","Asana Partners","","","","","North Carolina","Owner/Developer","https://www.icsc.com/member/profile/610707"
"Gordon Poulsen","Forsyth Investments Company, LLC","","","","","North Carolina","Owner/Developer","https://www.icsc.com/member/profile/568696"
"Melissa Prosky","Tanger","","","","","North Carolina","Owner/Developer","https://www.icsc.com/member/profile/495394"
"Trent Ragland","Atlas Stark Holdings, LLC","","","","","North Carolina","Owner/Developer","https://www.icsc.com/member/profile/850846"
"Jason Richardson","Colson Park Capital","","","","","North Carolina","Owner/Developer","https://www.icsc.com/member/profile/804358"
"Gary Rogers","D.H. Griffin Construction","","","","","North Carolina","Owner/Developer","https://www.icsc.com/member/profile/567599"
"Jennifer Rondholz","Tanger","","","","","North Carolina","Owner/Developer","https://www.icsc.com/member/profile/481069"
"Bill Rooney","Hill Partners, Inc.","","","","","North Carolina","Owner/Developer","https://www.icsc.com/member/profile/173676"
"Mike Rosenberg","Big V Property Group","","","","","North Carolina","Owner/Developer","https://www.icsc.com/member/profile/641940"
"Jeffrey Rosenberg","Big V Property Group","","","","","North Carolina","Owner/Developer","https://www.icsc.com/member/profile/176308"
"Matt Sabroff","Tanger","","","","","North Carolina","Owner/Developer","https://www.icsc.com/member/profile/843433"
"Robert Settle CCIM","Commercial Carolina","","","","","North Carolina","Owner/Developer","https://www.icsc.com/member/profile/727272"
"jonathan shanks","Helping Hand Investment Group LLC","","","","","North Carolina","Owner/Developer","https://www.icsc.com/member/profile/833492"
"John Shell Jr","The Centurion Companies","","","","","North Carolina","Owner/Developer","https://www.icsc.com/member/profile/314279"
"Laura Simmons","Tanger","","","","","North Carolina","Owner/Developer","https://www.icsc.com/member/profile/499468"
"Bryant Siragusa","Tanger","","","","","North Carolina","Owner/Developer","https://www.icsc.com/member/profile/180148"
"Ryan Smalley","Big V Property Group","","","","","North Carolina","Owner/Developer","https://www.icsc.com/member/profile/321970"
"Chris Sneeden","Longleaf Development, LLC","","","","","North Carolina","Owner/Developer","https://www.icsc.com/member/profile/587088"
"Jack Somers","Winning Link Property Resources, Inc","","","","","North Carolina","Owner/Developer","https://www.icsc.com/member/profile/546142"
"Robert Spratt Jr, CLS, CRX","Hill Partners, Inc.","","","","","North Carolina","Owner/Developer","https://www.icsc.com/member/profile/131158"
"Skylar Staib","Big V Property Group","","","","","North Carolina","Owner/Developer","https://www.icsc.com/member/profile/838657"
"Taryn Stetson","The Keith Corporation","","","","","North Carolina","Owner/Developer","https://www.icsc.com/member/profile/847734"
"Jonathan Stewart Jr","The Morgan Companies","","","","","North Carolina","Owner/Developer","https://www.icsc.com/member/profile/792763"
"Olivia Summerford","Asana Partners","","","","","North Carolina","Owner/Developer","https://www.icsc.com/member/profile/779007"
"Jeff Surrency","The Morgan Companies","","","","","North Carolina","Owner/Developer","https://www.icsc.com/member/profile/154218"
"Ron Sutphin Jr","BayFront Development LLC","","","","","North Carolina","Owner/Developer","https://www.icsc.com/member/profile/532444"
"David Swift","Kotis Properties  Inc.","","","","","North Carolina","Owner/Developer","https://www.icsc.com/member/profile/782962"
"Leah Sykes","Prudent Growth Partners, LLC","","","","","North Carolina","Owner/Developer","https://www.icsc.com/member/profile/870725"
"Hilda Tajalli","Tanger","","","","","North Carolina","Owner/Developer","https://www.icsc.com/member/profile/736971"
"Derrick Taub","Metro Pinnacle","","","","","North Carolina","Owner/Developer","https://www.icsc.com/member/profile/604451"
"Kurt Taylor","Golden Ventures","","","","","North Carolina","Owner/Developer","https://www.icsc.com/member/profile/850845"
"Chris Vasbinder","New South Properties of the Carolinas, LLC","","","","","North Carolina","Owner/Developer","https://www.icsc.com/member/profile/257738"
"Steve Vinson","The Magnolia Companies","","","","","North Carolina","Owner/Developer","https://www.icsc.com/member/profile/264601"
"Ashley Ward","Tanger","","","","","North Carolina","Owner/Developer","https://www.icsc.com/member/profile/796150"
"Michaela Ward","Big V Property Group","","","","","North Carolina","Owner/Developer","https://www.icsc.com/member/profile/782934"
"Josh Watkins","Hill Partners, Inc.","","","","","North Carolina","Owner/Developer","https://www.icsc.com/member/profile/803464"
"Frank Weaver","Weaver Commercial Properties","","","","","North Carolina","Owner/Developer","https://www.icsc.com/member/profile/379244"
"Tom Webb","Fairmont Associates, LLC","","","","","North Carolina","Owner/Developer","https://www.icsc.com/member/profile/869366"
"Alex Weik","Harris Development Partners","","","","","North Carolina","Owner/Developer","https://www.icsc.com/member/profile/813822"
"Chris Widmayer","Regency Centers","","","","","North Carolina","Owner/Developer","https://www.icsc.com/member/profile/271760"
"Paul Williams","GEMCAP Development","","","","","North Carolina","Owner/Developer","https://www.icsc.com/member/profile/849963"
"Curtis Williams","Pulliam Properties, Inc.","","","","","North Carolina","Owner/Developer","https://www.icsc.com/member/profile/756934"
"James Wilson Jr","Pulliam Properties, Inc.","","","","","North Carolina","Owner/Developer","https://www.icsc.com/member/profile/756933"
"Shari Wolk","Big V Property Group","","","","","North Carolina","Owner/Developer","https://www.icsc.com/member/profile/789690"
"Lance Wood","Kick Ass Concepts","","","","","North Carolina","Owner/Developer","https://www.icsc.com/member/profile/739533"
"Jonathon Wylie","The Morgan Companies","","","","","North Carolina","Owner/Developer","https://www.icsc.com/member/profile/781116"
"Stephen Yalof","Tanger","","","","","North Carolina","Owner/Developer","https://www.icsc.com/member/profile/148379"
"Eric Zimmermann","Big V Property Group","","","","","North Carolina","Owner/Developer","https://www.icsc.com/member/profile/121193"
"Tom Christianson","Christianson Companies","","","","","North Dakota","Owner/Developer","https://www.icsc.com/member/profile/820661"
"Gabriela Barbosa","JPMorgan Chase Bank","","","","","Ohio","Owner/Developer","https://www.icsc.com/member/profile/868288"
"Ted Barr","Woodside Health","","","","","Ohio","Owner/Developer","https://www.icsc.com/member/profile/836089"
"Jeffrey Baumgarth","The Myers Y. Cooper Company","","","","","Ohio","Owner/Developer","https://www.icsc.com/member/profile/133717"
"Jonathan Bedway","Bedway Development Corp","","","","","Ohio","Owner/Developer","https://www.icsc.com/member/profile/572282"
"Ron Beitzel","Four Seasons Land Company","","","","","Ohio","Owner/Developer","https://www.icsc.com/member/profile/853281"
"Matt Boarts","The Cafaro Company","","","","","Ohio","Owner/Developer","https://www.icsc.com/member/profile/754900"
"Albert Bogna Jr","Carnegie Management and Development Corp.","","","","","Ohio","Owner/Developer","https://www.icsc.com/member/profile/129430"
"Keith Brandt","ICP","","","","","Ohio","Owner/Developer","https://www.icsc.com/member/profile/159261"
"Chris Breda","The Myers Y. Cooper Company","","","","","Ohio","Owner/Developer","https://www.icsc.com/member/profile/795819"
"Esther Buschau","The Cafaro Company","","","","","Ohio","Owner/Developer","https://www.icsc.com/member/profile/226220"
"James Cafaro","The Cafaro Company","","","","","Ohio","Owner/Developer","https://www.icsc.com/member/profile/734108"
"Anthony Cafaro Jr","The Cafaro Company","","","","","Ohio","Owner/Developer","https://www.icsc.com/member/profile/178780"
"William Cafaro","The Cafaro Company","","","","","Ohio","Owner/Developer","https://www.icsc.com/member/profile/146921"
"Ashley Camlin","Rini Realty Company","","","","","Ohio","Owner/Developer","https://www.icsc.com/member/profile/866573"
"Melanie Cann","The Cafaro Company","","","","","Ohio","Owner/Developer","https://www.icsc.com/member/profile/637836"
"Scott Chase","The Gilbert Group, Inc. Real Estate","","","","","Ohio","Owner/Developer","https://www.icsc.com/member/profile/849118"
"Kelly Cocca","Cocca Development, Ltd","","","","","Ohio","Owner/Developer","https://www.icsc.com/member/profile/568991"
"Anthony Cocca Jr","Cocca Development, Ltd","","","","","Ohio","Owner/Developer","https://www.icsc.com/member/profile/564303"
"Anthony Cocca","Cocca Development, Ltd","","","","","Ohio","Owner/Developer","https://www.icsc.com/member/profile/265584"
"Ronald Coffman","Centerstone Development LLC","","","","","Ohio","Owner/Developer","https://www.icsc.com/member/profile/783184"
"Anthony Colucci","The Cafaro Company","","","","","Ohio","Owner/Developer","https://www.icsc.com/member/profile/755076"
"James Condon","JPMorgan Chase Bank","","","","","Ohio","Owner/Developer","https://www.icsc.com/member/profile/782136"
"Faith Constance","JPMorgan Chase Bank","","","","","Ohio","Owner/Developer","https://www.icsc.com/member/profile/802500"
"Sam Cooper","The Myers Y. Cooper Company","","","","","Ohio","Owner/Developer","https://www.icsc.com/member/profile/466193"
"Raymond Cooper II","The Myers Y. Cooper Company","","","","","Ohio","Owner/Developer","https://www.icsc.com/member/profile/104833"
"Kyle Craven","Craven","","","","","Ohio","Owner/Developer","https://www.icsc.com/member/profile/833786"
"Max Davis","Clous Road Partners","","","","","Ohio","Owner/Developer","https://www.icsc.com/member/profile/806538"
"Michael Denman","River Rock Property Group, LLC","","","","","Ohio","Owner/Developer","https://www.icsc.com/member/profile/182586"
"Matt DeWood","REdevelopers Ltd.","","","","","Ohio","Owner/Developer","https://www.icsc.com/member/profile/425249"
"Dylan Dinardo","Carnegie Companies, Inc.","","","","","Ohio","Owner/Developer","https://www.icsc.com/member/profile/751600"
"Todd Duplain","Woodard Development","","","","","Ohio","Owner/Developer","https://www.icsc.com/member/profile/804942"
"Jessi Fausett","Fairmount Properties","","","","","Ohio","Owner/Developer","https://www.icsc.com/member/profile/618526"
"Rex Fisher","Cocca Development, Ltd","","","","","Ohio","Owner/Developer","https://www.icsc.com/member/profile/783363"
"Noah Fox","Passov Group","","","","","Ohio","Owner/Developer","https://www.icsc.com/member/profile/807658"
"Marie Fox","Clous Road Partners","","","","","Ohio","Owner/Developer","https://www.icsc.com/member/profile/806298"
"Jason Gibson","Anchor Associates","","","","","Ohio","Owner/Developer","https://www.icsc.com/member/profile/315136"
"Aaron Gilbert","The Gilbert Group, Inc. Real Estate","","","","","Ohio","Owner/Developer","https://www.icsc.com/member/profile/289132"
"ANDREW GOCHENOUR","GxP Collective","","","","","Ohio","Owner/Developer","https://www.icsc.com/member/profile/796913"
"Alyssa Goist","The Cafaro Company","","","","","Ohio","Owner/Developer","https://www.icsc.com/member/profile/843774"
"Evan Gregory","Clous Road Partners","","","","","Ohio","Owner/Developer","https://www.icsc.com/member/profile/740745"
"Max Gross","OLIO Development Group","","","","","Ohio","Owner/Developer","https://www.icsc.com/member/profile/785673"
"Brian Gunnoe","OLIO Development Group","","","","","Ohio","Owner/Developer","https://www.icsc.com/member/profile/681688"
"George Hadler","Hadler Realty Co.","","","","","Ohio","Owner/Developer","https://www.icsc.com/member/profile/92042"
"William Hadler CCIM CPM","Hadler Realty Co.","","","","","Ohio","Owner/Developer","https://www.icsc.com/member/profile/414189"
"Chris Harper","Diamond Inner Circle Investments","","","","","Ohio","Owner/Developer","https://www.icsc.com/member/profile/804529"
"Blake Hasselbeck","Anchor Associates","","","","","Ohio","Owner/Developer","https://www.icsc.com/member/profile/786007"
"Daniel Herman, CDP, CRX","DMHI, LLC","","","","","Ohio","Owner/Developer","https://www.icsc.com/member/profile/104161"
"John Herrmann","The Myers Y. Cooper Company","","","","","Ohio","Owner/Developer","https://www.icsc.com/member/profile/812809"
"Thomas Howard","Anchor Associates","","","","","Ohio","Owner/Developer","https://www.icsc.com/member/profile/570397"
"Sam Hubbard","Four Corners Commercial","","","","","Ohio","Owner/Developer","https://www.icsc.com/member/profile/869568"
"Micah Kamrass","Four Corners Commercial","","","","","Ohio","Owner/Developer","https://www.icsc.com/member/profile/869569"
"Elias Kassouf","ErieView Tower LLC","","","","","Ohio","Owner/Developer","https://www.icsc.com/member/profile/717969"
"Craig Kohring","Tanger","","","","","Ohio","Owner/Developer","https://www.icsc.com/member/profile/840706"
"Andrew Kopper","The Cafaro Company","","","","","Ohio","Owner/Developer","https://www.icsc.com/member/profile/690091"
"Samuel Kragalott","The Cafaro Company","","","","","Ohio","Owner/Developer","https://www.icsc.com/member/profile/467986"
"Nicolas Langford","City of Delaware, Ohio","","","","","Ohio","Owner/Developer","https://www.icsc.com/member/profile/856909"
"Victoria Lappin","Rini Realty Company","","","","","Ohio","Owner/Developer","https://www.icsc.com/member/profile/866569"
"Jerry Lee","JVL Retail Properties, LLC","","","","","Ohio","Owner/Developer","https://www.icsc.com/member/profile/518940"
"Brett Leslie","Paradigm Development Group","","","","","Ohio","Owner/Developer","https://www.icsc.com/member/profile/800131"
"Stacie Longenette, CLS","Hadler Realty Co.","","","","","Ohio","Owner/Developer","https://www.icsc.com/member/profile/372104"
"Lindsey Madgar","The Cafaro Company","","","","","Ohio","Owner/Developer","https://www.icsc.com/member/profile/753960"
"Daniel Mancuso","The Cafaro Company","","","","","Ohio","Owner/Developer","https://www.icsc.com/member/profile/122319"
"Brian Mcgahagan","The Cafaro Company","","","","","Ohio","Owner/Developer","https://www.icsc.com/member/profile/555108"
"John McNally","Anchor Associates","","","","","Ohio","Owner/Developer","https://www.icsc.com/member/profile/852249"
"Josh Meisel","Carnegie Companies, Inc.","","","","","Ohio","Owner/Developer","https://www.icsc.com/member/profile/845616"
"Peter Meisel","Carnegie Companies, Inc.","","","","","Ohio","Owner/Developer","https://www.icsc.com/member/profile/277632"
"David Meranus","PREP Property Group","","","","","Ohio","Owner/Developer","https://www.icsc.com/member/profile/795868"
"Greg Meyer","Anchor Associates","","","","","Ohio","Owner/Developer","https://www.icsc.com/member/profile/345859"
"William Miklandric Jr","The Cafaro Company","","","","","Ohio","Owner/Developer","https://www.icsc.com/member/profile/347297"
"Jacob Miller","A Altman Company","","","","","Ohio","Owner/Developer","https://www.icsc.com/member/profile/636842"
"Scott Mirtes","Mirtes, LTD","","","","","Ohio","Owner/Developer","https://www.icsc.com/member/profile/607274"
"Nicholas Morgione Sr","The Cafaro Company","","","","","Ohio","Owner/Developer","https://www.icsc.com/member/profile/111593"
"Joseph Mulligan","The Cafaro Company","","","","","Ohio","Owner/Developer","https://www.icsc.com/member/profile/153723"
"Rick Munger","WestheimerRE","","","","","Ohio","Owner/Developer","https://www.icsc.com/member/profile/820605"
"Giuseppi Musumeci","The Cafaro Company","","","","","Ohio","Owner/Developer","https://www.icsc.com/member/profile/861452"
"Rita Nelson, CMD, CRX, CSM","Hill Partners, Inc.","","","","","Ohio","Owner/Developer","https://www.icsc.com/member/profile/109436"
"Michael Nolan","The Gilbert Group, Inc. Real Estate","","","","","Ohio","Owner/Developer","https://www.icsc.com/member/profile/341151"
"ERIC ONGARO","OLIO Development Group","","","","","Ohio","Owner/Developer","https://www.icsc.com/member/profile/807351"
"Lance Osborne","Osborne Capital Group","","","","","Ohio","Owner/Developer","https://www.icsc.com/member/profile/295686"
"Ryan Pavlov","The Pavlov Group LLC","","","","","Ohio","Owner/Developer","https://www.icsc.com/member/profile/742743"
"Cole Pesses","Carnegie Companies, Inc.","","","","","Ohio","Owner/Developer","https://www.icsc.com/member/profile/612854"
"Daniel Rini","Rini Realty Company","","","","","Ohio","Owner/Developer","https://www.icsc.com/member/profile/866570"
"Richard Rosenfeld","TJR Development","","","","","Ohio","Owner/Developer","https://www.icsc.com/member/profile/866508"
"Randy Ruttenberg","Fairmount Properties","","","","","Ohio","Owner/Developer","https://www.icsc.com/member/profile/211461"
"Chris Salata","Industrial Commercial Properties","","","","","Ohio","Owner/Developer","https://www.icsc.com/member/profile/732792"
"Michael Sarris","The Cafaro Company","","","","","Ohio","Owner/Developer","https://www.icsc.com/member/profile/487750"
"Fred Scalese","Carnegie Companies, Inc.","","","","","Ohio","Owner/Developer","https://www.icsc.com/member/profile/277631"
"Zachary Scheetz","The Cafaro Company","","","","","Ohio","Owner/Developer","https://www.icsc.com/member/profile/843778"
"Jared Schiff","The Schiff Real Estate Company","","","","","Ohio","Owner/Developer","https://www.icsc.com/member/profile/645437"
"Michael Schorsten","Cocca Development, Ltd","","","","","Ohio","Owner/Developer","https://www.icsc.com/member/profile/783359"
"Bill Sheely","The Cafaro Company","","","","","Ohio","Owner/Developer","https://www.icsc.com/member/profile/810185"
"Aubrey Siefert","The Cafaro Company","","","","","Ohio","Owner/Developer","https://www.icsc.com/member/profile/733897"
"Steven Speranza","Woodard Development","","","","","Ohio","Owner/Developer","https://www.icsc.com/member/profile/117308"
"Nadia Swaney","The Gilbert Group, Inc. Real Estate","","","","","Ohio","Owner/Developer","https://www.icsc.com/member/profile/777045"
"Eliza Topolosky","JPMorgan Chase Bank","","","","","Ohio","Owner/Developer","https://www.icsc.com/member/profile/801885"
"Chris Via","Clous Road Partners","","","","","Ohio","Owner/Developer","https://www.icsc.com/member/profile/526123"
"Jake Warm","Four Corners Commercial","","","","","Ohio","Owner/Developer","https://www.icsc.com/member/profile/869566"
"Michael Wright","The Cafaro Company","","","","","Ohio","Owner/Developer","https://www.icsc.com/member/profile/755075"
"Ronald Yourstowsky","The Cafaro Company","","","","","Ohio","Owner/Developer","https://www.icsc.com/member/profile/755077"
"Harrison Zoldan","A Altman Company","","","","","Ohio","Owner/Developer","https://www.icsc.com/member/profile/772087"
"Jenna Adkins","Ashton Gray","","","","","Oklahoma","Owner/Developer","https://www.icsc.com/member/profile/807977"
"David Armstrong","Geddes-Armstrong Construction","","","","","Oklahoma","Owner/Developer","https://www.icsc.com/member/profile/787469"
"Blaine Armstrong","Geddes-Armstrong Construction","","","","","Oklahoma","Owner/Developer","https://www.icsc.com/member/profile/698163"
"Josh Atkinson","J&T Holdings, LLC","","","","","Oklahoma","Owner/Developer","https://www.icsc.com/member/profile/782129"
"Marcus Bivines","BG Infinity Capital, LLC","","","","","Oklahoma","Owner/Developer","https://www.icsc.com/member/profile/849528"
"Bruce Bolzle","KMO Development Group, Inc.","","","","","Oklahoma","Owner/Developer","https://www.icsc.com/member/profile/152289"
"JIm Brackett","Showcase Properties, Inc","","","","","Oklahoma","Owner/Developer","https://www.icsc.com/member/profile/809300"
"Justin Dill","D.D.D.D. Corp","","","","","Oklahoma","Owner/Developer","https://www.icsc.com/member/profile/538570"
"Blake Fabian","Zerby Interests","","","","","Oklahoma","Owner/Developer","https://www.icsc.com/member/profile/727033"
"Jack Geurkink","Ashton Gray","","","","","Oklahoma","Owner/Developer","https://www.icsc.com/member/profile/852403"
"Mason Ghaniabadi","Spark Properties Group","","","","","Oklahoma","Owner/Developer","https://www.icsc.com/member/profile/718537"
"Robert Hefner","The Hefner Family Office","","","","","Oklahoma","Owner/Developer","https://www.icsc.com/member/profile/832514"
"Grayson Hume","Spark Properties Group","","","","","Oklahoma","Owner/Developer","https://www.icsc.com/member/profile/868131"
"Brian Hunt","Cherokee Nation Businesses","","","","","Oklahoma","Owner/Developer","https://www.icsc.com/member/profile/841020"
"Brian Hunt CCIM","Cherokee Nation Businesses","","","","","Oklahoma","Owner/Developer","https://www.icsc.com/member/profile/609342"
"Kendall Jones","Ashton Gray","","","","","Oklahoma","Owner/Developer","https://www.icsc.com/member/profile/859040"
"Nick Lewis","Zerby Interests","","","","","Oklahoma","Owner/Developer","https://www.icsc.com/member/profile/822476"
"Garrett Mahaney","Paine & Associates","","","","","Oklahoma","Owner/Developer","https://www.icsc.com/member/profile/571614"
"Matt Mardis","Paine & Associates","","","","","Oklahoma","Owner/Developer","https://www.icsc.com/member/profile/355485"
"Lawrence Mason","Peoria Tribe of Indians of Oklhaoma","","","","","Oklahoma","Owner/Developer","https://www.icsc.com/member/profile/862195"
"Phillip Mazaheri","Mazaheri Properties","","","","","Oklahoma","Owner/Developer","https://www.icsc.com/member/profile/870580"
"Ryan McNeill","Veritas Development","","","","","Oklahoma","Owner/Developer","https://www.icsc.com/member/profile/727858"
"Anthony MIRZAIE","WestPoint Group","","","","","Oklahoma","Owner/Developer","https://www.icsc.com/member/profile/823561"
"Mark B. Perkins","Perkins Development Corporation","","","","","Oklahoma","Owner/Developer","https://www.icsc.com/member/profile/847357"
"Chivanon Piyaphitakskul","Roberts Properties, LLC","","","","","Oklahoma","Owner/Developer","https://www.icsc.com/member/profile/866117"
"Whitney Rainbolt","Medallion Management","","","","","Oklahoma","Owner/Developer","https://www.icsc.com/member/profile/499644"
"Michael Rapella","Newmark","","","","","Oklahoma","Owner/Developer","https://www.icsc.com/member/profile/561669"
"Jeffrey Roberts CCIM","Roberts Properties, LLC","","","","","Oklahoma","Owner/Developer","https://www.icsc.com/member/profile/620082"
"Adam Russell","34th Street Partners","","","","","Oklahoma","Owner/Developer","https://www.icsc.com/member/profile/855874"
"Brad Shipp","Ashton Gray","","","","","Oklahoma","Owner/Developer","https://www.icsc.com/member/profile/835457"
"Tanner Sparks","Medallion Management","","","","","Oklahoma","Owner/Developer","https://www.icsc.com/member/profile/847213"
"Brad Waken CCIM, CLS, CRRP, CRX, CSM","Waken and Company","","","","","Oklahoma","Owner/Developer","https://www.icsc.com/member/profile/488379"
"Jamie Williams","Peoria Tribe of Indians of Oklhaoma","","","","","Oklahoma","Owner/Developer","https://www.icsc.com/member/profile/862197"
"Dale Williams","INTERVEST MANAGEMENT","","","","","Oklahoma","Owner/Developer","https://www.icsc.com/member/profile/860184"
"Terryl Zerby","Zerby Interests","","","","","Oklahoma","Owner/Developer","https://www.icsc.com/member/profile/98184"
"Leo Adewusi","Cole Valley Partners","","","","","Oregon","Owner/Developer","https://www.icsc.com/member/profile/857403"
"Tom Becker","Becker Properties","","","","","Oregon","Owner/Developer","https://www.icsc.com/member/profile/806784"
"Braden Bernards","Cole Valley Partners","","","","","Oregon","Owner/Developer","https://www.icsc.com/member/profile/730172"
"Zach Bonsall","Cole Valley Partners","","","","","Oregon","Owner/Developer","https://www.icsc.com/member/profile/624551"
"Rutuja Dhuru","Cole Valley Partners","","","","","Oregon","Owner/Developer","https://www.icsc.com/member/profile/800239"
"Brooke Dunahugh","Cole Valley Partners","","","","","Oregon","Owner/Developer","https://www.icsc.com/member/profile/797783"
"Rachel Fajardo","Regency Centers","","","","","Oregon","Owner/Developer","https://www.icsc.com/member/profile/841087"
"Matteo Gallo","Cole Valley Partners","","","","","Oregon","Owner/Developer","https://www.icsc.com/member/profile/785392"
"Thomas Kilbane","Urban Renaissance Group","","","","","Oregon","Owner/Developer","https://www.icsc.com/member/profile/787698"
"Peter McCaffrey","The Old Mill District","","","","","Oregon","Owner/Developer","https://www.icsc.com/member/profile/710619"
"Shahram Moussavi","Steerpoint Capital","","","","","Oregon","Owner/Developer","https://www.icsc.com/member/profile/236328"
"Ryan Ramey","Cole Valley Partners","","","","","Oregon","Owner/Developer","https://www.icsc.com/member/profile/655346"
"Craig Ramey","HCR Development, LLC","","","","","Oregon","Owner/Developer","https://www.icsc.com/member/profile/141396"
"John Reinholt","Retail Capital Partners, LLC","","","","","Oregon","Owner/Developer","https://www.icsc.com/member/profile/104806"
"Mitchell Reynolds","Cole Valley Partners","","","","","Oregon","Owner/Developer","https://www.icsc.com/member/profile/778646"
"Daniel Silvey","The Silvey Company","","","","","Oregon","Owner/Developer","https://www.icsc.com/member/profile/803397"
"Jack Steinhauer","LRG Investors","","","","","Oregon","Owner/Developer","https://www.icsc.com/member/profile/368430"
"Brooke Subert","Subert Commercial Real Estate","","","","","Oregon","Owner/Developer","https://www.icsc.com/member/profile/672865"
"Liz Bapasola","Champion Investment Properties LLC","","","","","Pennsylvania","Owner/Developer","https://www.icsc.com/member/profile/829590"
"Sam Bapasola","Champion Investment Properties LLC","","","","","Pennsylvania","Owner/Developer","https://www.icsc.com/member/profile/754259"
"Dennis Bower","Perform Properties","","","","","Pennsylvania","Owner/Developer","https://www.icsc.com/member/profile/722796"
"Charles Bragitikos","Vibrant Development Group LLC","","","","","Pennsylvania","Owner/Developer","https://www.icsc.com/member/profile/154144"
"Liza Bresson","Franklin Penn Real Estate (FPRE)","","","","","Pennsylvania","Owner/Developer","https://www.icsc.com/member/profile/834540"
"Ryan Byler, CRRP","Perform Properties","","","","","Pennsylvania","Owner/Developer","https://www.icsc.com/member/profile/487961"
"James Byszewski","Fifth Street Properties","","","","","Pennsylvania","Owner/Developer","https://www.icsc.com/member/profile/848955"
"Neil Cain","Federal Realty","","","","","Pennsylvania","Owner/Developer","https://www.icsc.com/member/profile/783800"
"Scott Carver CPA","Tanger","","","","","Pennsylvania","Owner/Developer","https://www.icsc.com/member/profile/665369"
"John Cogan","Summit Realty Advisors","","","","","Pennsylvania","Owner/Developer","https://www.icsc.com/member/profile/708230"
"Bryan Cole","Motus Development","","","","","Pennsylvania","Owner/Developer","https://www.icsc.com/member/profile/743970"
"Michael Connor","Hanna CRE","","","","","Pennsylvania","Owner/Developer","https://www.icsc.com/member/profile/845810"
"Joseph DePascale","Summerwood Corporation","","","","","Pennsylvania","Owner/Developer","https://www.icsc.com/member/profile/683344"
"Chris DiSanto","J.C. BAR","","","","","Pennsylvania","Owner/Developer","https://www.icsc.com/member/profile/639379"
"Nicolas DiSanto","J.C. BAR","","","","","Pennsylvania","Owner/Developer","https://www.icsc.com/member/profile/626658"
"Mark DiSanto","J.C. BAR","","","","","Pennsylvania","Owner/Developer","https://www.icsc.com/member/profile/385538"
"James Dotson, CLS","Federal Realty","","","","","Pennsylvania","Owner/Developer","https://www.icsc.com/member/profile/605867"
"Richard Dreher","The Dreher Group","","","","","Pennsylvania","Owner/Developer","https://www.icsc.com/member/profile/105147"
"Chris Egan","Hightop Real Estate and Development","","","","","Pennsylvania","Owner/Developer","https://www.icsc.com/member/profile/692203"
"Daniel Feinberg","Terravet Real Estate","","","","","Pennsylvania","Owner/Developer","https://www.icsc.com/member/profile/830880"
"Tawny Finch","Federal Realty","","","","","Pennsylvania","Owner/Developer","https://www.icsc.com/member/profile/443231"
"Jeffrey Fischer","Federal Realty","","","","","Pennsylvania","Owner/Developer","https://www.icsc.com/member/profile/153866"
"Chris Fleming","Federal Realty","","","","","Pennsylvania","Owner/Developer","https://www.icsc.com/member/profile/571309"
"Gary Friedland","Perform Properties","","","","","Pennsylvania","Owner/Developer","https://www.icsc.com/member/profile/380434"
"Christopher Gilchrist","Crown Real Estate Holdings LLC","","","","","Pennsylvania","Owner/Developer","https://www.icsc.com/member/profile/724834"
"Angela Gillot","Piatt Companies","","","","","Pennsylvania","Owner/Developer","https://www.icsc.com/member/profile/865920"
"Brock Glimcher","Glimcher Group","","","","","Pennsylvania","Owner/Developer","https://www.icsc.com/member/profile/301584"
"Robert Gothier Jr","J.C. BAR","","","","","Pennsylvania","Owner/Developer","https://www.icsc.com/member/profile/139494"
"Robert Gothier III","J.C. BAR","","","","","Pennsylvania","Owner/Developer","https://www.icsc.com/member/profile/780525"
"Jonathan Gottlieb","Summit Realty Advisors","","","","","Pennsylvania","Owner/Developer","https://www.icsc.com/member/profile/788609"
"Dan Gring","Motus Development","","","","","Pennsylvania","Owner/Developer","https://www.icsc.com/member/profile/811103"
"Brian Halligan","MEH Investments","","","","","Pennsylvania","Owner/Developer","https://www.icsc.com/member/profile/684247"
"Taylor Hardy","Hardy World LLC","","","","","Pennsylvania","Owner/Developer","https://www.icsc.com/member/profile/759730"
"Kevin Healey","Goldfine & Company","","","","","Pennsylvania","Owner/Developer","https://www.icsc.com/member/profile/533603"
"Colin Hodgson","J.C. BAR","","","","","Pennsylvania","Owner/Developer","https://www.icsc.com/member/profile/834581"
"Jeffrey Hoffman CCIM, CLS, CRRP, CRX","JPH Realty Advisors","","","","","Pennsylvania","Owner/Developer","https://www.icsc.com/member/profile/524227"
"Marcella Hudson","Perform Properties","","","","","Pennsylvania","Owner/Developer","https://www.icsc.com/member/profile/412892"
"Louis Intile","Fifth Street Properties","","","","","Pennsylvania","Owner/Developer","https://www.icsc.com/member/profile/848973"
"Jon Mehrdad Jahanshahi","PrimeCore Properties LLC","","","","","Pennsylvania","Owner/Developer","https://www.icsc.com/member/profile/830865"
"Jon Jahanshahi","HFL Corporation","","","","","Pennsylvania","Owner/Developer","https://www.icsc.com/member/profile/778732"
"Holly Jaroslaw","Perform Properties","","","","","Pennsylvania","Owner/Developer","https://www.icsc.com/member/profile/707985"
"Gregory Jones","J.C. BAR","","","","","Pennsylvania","Owner/Developer","https://www.icsc.com/member/profile/780218"
"Adam Joyce","Hanna CRE","","","","","Pennsylvania","Owner/Developer","https://www.icsc.com/member/profile/784724"
"Brian Kerr","Hanna CRE","","","","","Pennsylvania","Owner/Developer","https://www.icsc.com/member/profile/91325"
"Ara Kervandjian","PrimeCore Properties LLC","","","","","Pennsylvania","Owner/Developer","https://www.icsc.com/member/profile/830867"
"Eric Lamm","Hanna CRE","","","","","Pennsylvania","Owner/Developer","https://www.icsc.com/member/profile/767948"
"David Landskroner","Hightop Real Estate and Development","","","","","Pennsylvania","Owner/Developer","https://www.icsc.com/member/profile/843803"
"Helen Latchford","J.C. BAR","","","","","Pennsylvania","Owner/Developer","https://www.icsc.com/member/profile/791919"
"Melissa Lippe","J.C. BAR","","","","","Pennsylvania","Owner/Developer","https://www.icsc.com/member/profile/782746"
"Peter Maggio","Perform Properties","","","","","Pennsylvania","Owner/Developer","https://www.icsc.com/member/profile/272646"
"Robyn Marano","Regency Centers","","","","","Pennsylvania","Owner/Developer","https://www.icsc.com/member/profile/367077"
"Daniel Marrazzo","Laundry Properties LLC","","","","","Pennsylvania","Owner/Developer","https://www.icsc.com/member/profile/805816"
"Brian McAluney","Perform Properties","","","","","Pennsylvania","Owner/Developer","https://www.icsc.com/member/profile/367508"
"Brett Michaels","J.C. BAR","","","","","Pennsylvania","Owner/Developer","https://www.icsc.com/member/profile/757786"
"Brian Miller","First Link, LLC","","","","","Pennsylvania","Owner/Developer","https://www.icsc.com/member/profile/807979"
"Michael Moidel","Glimcher Group","","","","","Pennsylvania","Owner/Developer","https://www.icsc.com/member/profile/733440"
"Nathan Muchnick","Muchnick Properties, LLC","","","","","Pennsylvania","Owner/Developer","https://www.icsc.com/member/profile/803107"
"Lincoln Muchnick","Muchnick Properties, LLC","","","","","Pennsylvania","Owner/Developer","https://www.icsc.com/member/profile/803106"
"Cathy Painter","J.C. BAR","","","","","Pennsylvania","Owner/Developer","https://www.icsc.com/member/profile/619703"
"Louis Pappan","First Link, LLC","","","","","Pennsylvania","Owner/Developer","https://www.icsc.com/member/profile/383745"
"Krishnakant Patel","K and J Real Estate,LLC","","","","","Pennsylvania","Owner/Developer","https://www.icsc.com/member/profile/860723"
"Pinank Patel","Sigma Hospitality Group","","","","","Pennsylvania","Owner/Developer","https://www.icsc.com/member/profile/812790"
"Jay Patel","K and J Real Estate,LLC","","","","","Pennsylvania","Owner/Developer","https://www.icsc.com/member/profile/787585"
"Krishnakant Patel","K and J Real Estate,LLC","","","","","Pennsylvania","Owner/Developer","https://www.icsc.com/member/profile/718730"
"Jeffrey Paul","Paul Property Management","","","","","Pennsylvania","Owner/Developer","https://www.icsc.com/member/profile/797950"
"Lucas Piatt","Piatt Companies","","","","","Pennsylvania","Owner/Developer","https://www.icsc.com/member/profile/316881"
"Richard Poillon","Willow Valley Associates, Inc.","","","","","Pennsylvania","Owner/Developer","https://www.icsc.com/member/profile/374013"
"Craig Polard","Hanna CRE","","","","","Pennsylvania","Owner/Developer","https://www.icsc.com/member/profile/315222"
"LaVonne Poteet","Sunstone, Inc.","","","","","Pennsylvania","Owner/Developer","https://www.icsc.com/member/profile/200188"
"Chip Pressman","C.S.P. Realty Corp.","","","","","Pennsylvania","Owner/Developer","https://www.icsc.com/member/profile/147070"
"Tom Rectenwald","Rectenwald Development, LLC.","","","","","Pennsylvania","Owner/Developer","https://www.icsc.com/member/profile/617218"
"Erika Reed","The Dreher Group","","","","","Pennsylvania","Owner/Developer","https://www.icsc.com/member/profile/716905"
"Kevin J Riley","Totum Realty Advisors","","","","","Pennsylvania","Owner/Developer","https://www.icsc.com/member/profile/856092"
"John Rodgers","K and J Real Estate,LLC","","","","","Pennsylvania","Owner/Developer","https://www.icsc.com/member/profile/524840"
"Angad Sandhoo","Sandhoo's Inc","","","","","Pennsylvania","Owner/Developer","https://www.icsc.com/member/profile/820216"
"Howard Savage","B & M Commercial Leasing","","","","","Pennsylvania","Owner/Developer","https://www.icsc.com/member/profile/147037"
"Alex Sayed","NEPA Ventures LLC","","","","","Pennsylvania","Owner/Developer","https://www.icsc.com/member/profile/812868"
"David Sherin, CLS","Regency Centers","","","","","Pennsylvania","Owner/Developer","https://www.icsc.com/member/profile/321715"
"Yoav Shiffman","JPH Realty Advisors","","","","","Pennsylvania","Owner/Developer","https://www.icsc.com/member/profile/866860"
"Tilak Singh","LOTUS GROWTH PROPERTIES LLC","","","","","Pennsylvania","Owner/Developer","https://www.icsc.com/member/profile/758668"
"Kevin Snelbaker","Kinsley Properties","","","","","Pennsylvania","Owner/Developer","https://www.icsc.com/member/profile/843909"
"Barry Snyder","BLS Management LLC","","","","","Pennsylvania","Owner/Developer","https://www.icsc.com/member/profile/810246"
"Joseph Stanley","First Hartford Realty Corporation","","","","","Pennsylvania","Owner/Developer","https://www.icsc.com/member/profile/381809"
"Manny Steiner","Ingka Centres Services AB","","","","","Pennsylvania","Owner/Developer","https://www.icsc.com/member/profile/339388"
"John Stokes","Glimcher Group","","","","","Pennsylvania","Owner/Developer","https://www.icsc.com/member/profile/356347"
"Steve Tornetta","LFT Realty Group, Inc.","","","","","Pennsylvania","Owner/Developer","https://www.icsc.com/member/profile/869101"
"Matthew Vender","Perform Properties","","","","","Pennsylvania","Owner/Developer","https://www.icsc.com/member/profile/789039"
"Philip Voutsakis","Winig Properties","","","","","Pennsylvania","Owner/Developer","https://www.icsc.com/member/profile/641265"
"Darwin Walker","Darwin Walker Properties, LLC","","","","","Pennsylvania","Owner/Developer","https://www.icsc.com/member/profile/788015"
"Greg Werstil","The Werstil Companies","","","","","Pennsylvania","Owner/Developer","https://www.icsc.com/member/profile/831385"
"Greg Werstil","The Werstil Companies","","","","","Pennsylvania","Owner/Developer","https://www.icsc.com/member/profile/723547"
"James Wilding Jr","JABE Companies LLC","","","","","Pennsylvania","Owner/Developer","https://www.icsc.com/member/profile/217271"
"Daniel Willner","Willner Properties","","","","","Pennsylvania","Owner/Developer","https://www.icsc.com/member/profile/742875"
"Jason Winig","Winig Properties","","","","","Pennsylvania","Owner/Developer","https://www.icsc.com/member/profile/192920"
"Carl Wright PE","Wright Partners","","","","","Pennsylvania","Owner/Developer","https://www.icsc.com/member/profile/374914"
"Peter Zaharchuk","Summit Realty Advisors","","","","","Pennsylvania","Owner/Developer","https://www.icsc.com/member/profile/812770"
"Antonio Cassisi","The Greystone Group","","","","","Rhode Island","Owner/Developer","https://www.icsc.com/member/profile/638359"
"Steven Cohen","Franklin Development Funds","","","","","Rhode Island","Owner/Developer","https://www.icsc.com/member/profile/265378"
"Mark Friedman, CRRP","Fitzwilliam Companies","","","","","Rhode Island","Owner/Developer","https://www.icsc.com/member/profile/721303"
"Michael Friedman","Fitzwilliam Companies","","","","","Rhode Island","Owner/Developer","https://www.icsc.com/member/profile/719294"
"Ross Garabedian","Bliss Properties","","","","","Rhode Island","Owner/Developer","https://www.icsc.com/member/profile/827969"
"Richard Gersten","Gersten Commercial Real Estate LLC","","","","","Rhode Island","Owner/Developer","https://www.icsc.com/member/profile/835360"
"Larry Goldstein","Goldstein Associates, LLC","","","","","Rhode Island","Owner/Developer","https://www.icsc.com/member/profile/148108"
"Michael Grilo","Picerne Real Estate Group","","","","","Rhode Island","Owner/Developer","https://www.icsc.com/member/profile/226247"
"Douglas Nani","Alwoodley Realty, LLC","","","","","Rhode Island","Owner/Developer","https://www.icsc.com/member/profile/810694"
"Steven Anastasion","Baker Commercial Properties, LLC","","","","","South Carolina","Owner/Developer","https://www.icsc.com/member/profile/132895"
"Eric Aubry","Twin Rivers Capital, LLC","","","","","South Carolina","Owner/Developer","https://www.icsc.com/member/profile/834421"
"bryan baker","Baker Commercial Properties, LLC","","","","","South Carolina","Owner/Developer","https://www.icsc.com/member/profile/862925"
"Ned Barnes","Crosland Barnes Group","","","","","South Carolina","Owner/Developer","https://www.icsc.com/member/profile/105437"
"Jose Batres-Gonzalez","Insignis Partners","","","","","South Carolina","Owner/Developer","https://www.icsc.com/member/profile/850069"
"Duffy Beal","OnPoint Development","","","","","South Carolina","Owner/Developer","https://www.icsc.com/member/profile/844348"
"Scott Benedict","Falcon Real Estate","","","","","South Carolina","Owner/Developer","https://www.icsc.com/member/profile/723876"
"David Betts","Willow Capital Partners","","","","","South Carolina","Owner/Developer","https://www.icsc.com/member/profile/778408"
"Tripp Bradley","Cason Development Group","","","","","South Carolina","Owner/Developer","https://www.icsc.com/member/profile/827091"
"James Brock CCIM","Twin Rivers Capital, LLC","","","","","South Carolina","Owner/Developer","https://www.icsc.com/member/profile/662162"
"David Brown","Millrace Development, LLC","","","","","South Carolina","Owner/Developer","https://www.icsc.com/member/profile/838442"
"David Buist","VPG","","","","","South Carolina","Owner/Developer","https://www.icsc.com/member/profile/851261"
"Holly Buxton","Cason Development Group","","","","","South Carolina","Owner/Developer","https://www.icsc.com/member/profile/838548"
"Daniel Bybee","Smallwood Property Group","","","","","South Carolina","Owner/Developer","https://www.icsc.com/member/profile/832342"
"Frank Cason","Cason Development Group","","","","","South Carolina","Owner/Developer","https://www.icsc.com/member/profile/636698"
"Cathy Cauthen","EDENS","","","","","South Carolina","Owner/Developer","https://www.icsc.com/member/profile/324628"
"Wallace Cheves","Insignis Partners","","","","","South Carolina","Owner/Developer","https://www.icsc.com/member/profile/850068"
"Marshall Clarke","Warren Norman Company","","","","","South Carolina","Owner/Developer","https://www.icsc.com/member/profile/729990"
"Stuart Coleman","Highland Resources, LLC","","","","","South Carolina","Owner/Developer","https://www.icsc.com/member/profile/866926"
"James Coley","South Coast Commercial","","","","","South Carolina","Owner/Developer","https://www.icsc.com/member/profile/609389"
"Lauren Collins CCIM","Twin Rivers Capital, LLC","","","","","South Carolina","Owner/Developer","https://www.icsc.com/member/profile/477762"
"Jack Coupland","Adams Property Group, LLC","","","","","South Carolina","Owner/Developer","https://www.icsc.com/member/profile/619092"
"Matt Crosland","EDENS","","","","","South Carolina","Owner/Developer","https://www.icsc.com/member/profile/312671"
"Lyle Darnall","EDENS","","","","","South Carolina","Owner/Developer","https://www.icsc.com/member/profile/119155"
"Frank Dougherty","Cason Development Group","","","","","South Carolina","Owner/Developer","https://www.icsc.com/member/profile/671379"
"John Faris","NTT Capital LLC","","","","","South Carolina","Owner/Developer","https://www.icsc.com/member/profile/854905"
"Adam Ferrara","VPG","","","","","South Carolina","Owner/Developer","https://www.icsc.com/member/profile/851263"
"Matt Flewelling","ProperXit Investments","","","","","South Carolina","Owner/Developer","https://www.icsc.com/member/profile/852692"
"Luke Fox","Bond Street REIT","","","","","South Carolina","Owner/Developer","https://www.icsc.com/member/profile/857911"
"Mark Garside","EDENS","","","","","South Carolina","Owner/Developer","https://www.icsc.com/member/profile/371837"
"Andrea Gervacio","Tanger","","","","","South Carolina","Owner/Developer","https://www.icsc.com/member/profile/850591"
"JP Gillmeister","VPG","","","","","South Carolina","Owner/Developer","https://www.icsc.com/member/profile/850077"
"Bubby Graham","Mount Oak Capital","","","","","South Carolina","Owner/Developer","https://www.icsc.com/member/profile/867816"
"Taylor Hall","Mountain Bridge Investments","","","","","South Carolina","Owner/Developer","https://www.icsc.com/member/profile/841379"
"Brantley Hanna","Nebari River Development","","","","","South Carolina","Owner/Developer","https://www.icsc.com/member/profile/870193"
"D Frank Haygood","Franklin Ventures","","","","","South Carolina","Owner/Developer","https://www.icsc.com/member/profile/821762"
"James Hill","Warren Norman Company","","","","","South Carolina","Owner/Developer","https://www.icsc.com/member/profile/793672"
"Douglas Horack","Twin Rivers Capital, LLC","","","","","South Carolina","Owner/Developer","https://www.icsc.com/member/profile/366737"
"Brooks Host","Host Property Group","","","","","South Carolina","Owner/Developer","https://www.icsc.com/member/profile/826883"
"Scottie Hughes","Crosland Barnes Group","","","","","South Carolina","Owner/Developer","https://www.icsc.com/member/profile/563338"
"Copeland Kapp","EDENS","","","","","South Carolina","Owner/Developer","https://www.icsc.com/member/profile/338864"
"Jim Kilburn","Twin Rivers Capital, LLC","","","","","South Carolina","Owner/Developer","https://www.icsc.com/member/profile/278000"
"Ashley Kitchen","The Foxfield Company","","","","","South Carolina","Owner/Developer","https://www.icsc.com/member/profile/769092"
"Harry Kitchen","The Foxfield Company","","","","","South Carolina","Owner/Developer","https://www.icsc.com/member/profile/101787"
"Lindsey Klein","Twin Rivers Capital, LLC","","","","","South Carolina","Owner/Developer","https://www.icsc.com/member/profile/846483"
"Jeffrey Lamberson, CDP, CRX","Twin Rivers Capital, LLC","","","","","South Carolina","Owner/Developer","https://www.icsc.com/member/profile/226562"
"John Langford","Johnson Development Associates, Inc.","","","","","South Carolina","Owner/Developer","https://www.icsc.com/member/profile/805894"
"Kiki Logel","Twin Rivers Capital, LLC","","","","","South Carolina","Owner/Developer","https://www.icsc.com/member/profile/871222"
"Nathan Long","Point Place Holdings","","","","","South Carolina","Owner/Developer","https://www.icsc.com/member/profile/730127"
"Casey Lowery","Adams Property Group, LLC","","","","","South Carolina","Owner/Developer","https://www.icsc.com/member/profile/584053"
"Tyler Lusk","South Coast Commercial","","","","","South Carolina","Owner/Developer","https://www.icsc.com/member/profile/481759"
"Gregory Marcus","Manhattan South Investments","","","","","South Carolina","Owner/Developer","https://www.icsc.com/member/profile/846177"
"Rob McAlister, Jr.","Millrace Development, LLC","","","","","South Carolina","Owner/Developer","https://www.icsc.com/member/profile/678821"
"Parks McLeod","Central Realty Holdings","","","","","South Carolina","Owner/Developer","https://www.icsc.com/member/profile/804163"
"Warren Norman","Warren Norman Company","","","","","South Carolina","Owner/Developer","https://www.icsc.com/member/profile/258709"
"Henry Olano","Crosland Barnes Group","","","","","South Carolina","Owner/Developer","https://www.icsc.com/member/profile/851203"
"Josh Owens","Ziff Properties Inc.","","","","","South Carolina","Owner/Developer","https://www.icsc.com/member/profile/577643"
"Alex Parker","EDENS","","","","","South Carolina","Owner/Developer","https://www.icsc.com/member/profile/618772"
"Morgan Parker","EDENS","","","","","South Carolina","Owner/Developer","https://www.icsc.com/member/profile/583629"
"Krut Patel","The Divine Group","","","","","South Carolina","Owner/Developer","https://www.icsc.com/member/profile/796463"
"Tyler Patterson","South Coast Commercial","","","","","South Carolina","Owner/Developer","https://www.icsc.com/member/profile/801883"
"Mary Katherine Phillips","EDENS","","","","","South Carolina","Owner/Developer","https://www.icsc.com/member/profile/759565"
"John Plank Jr","The Divine Group","","","","","South Carolina","Owner/Developer","https://www.icsc.com/member/profile/796465"
"James Price","GAC MANANGEMENT LLC","","","","","South Carolina","Owner/Developer","https://www.icsc.com/member/profile/816836"
"Ernest Ravenel","ECDC Realty LLC","","","","","South Carolina","Owner/Developer","https://www.icsc.com/member/profile/808850"
"Jake Reed","Reed Commercial Ventures","","","","","South Carolina","Owner/Developer","https://www.icsc.com/member/profile/771642"
"JR Richardson","The Richardson Group","","","","","South Carolina","Owner/Developer","https://www.icsc.com/member/profile/827446"
"Collins Richardson","The Richardson Group","","","","","South Carolina","Owner/Developer","https://www.icsc.com/member/profile/826796"
"Cyndi Rovinsky, CLS, CRRP, CSM","South Coast Commercial","","","","","South Carolina","Owner/Developer","https://www.icsc.com/member/profile/182090"
"Torrey Rush","Osmium Development Group","","","","","South Carolina","Owner/Developer","https://www.icsc.com/member/profile/496328"
"Steve Sceranka","Falcon Real Estate","","","","","South Carolina","Owner/Developer","https://www.icsc.com/member/profile/771949"
"Jeffrey Schreider","The Marketplace Concept","","","","","South Carolina","Owner/Developer","https://www.icsc.com/member/profile/139434"
"J.P. Scurry","Crosland Barnes Group","","","","","South Carolina","Owner/Developer","https://www.icsc.com/member/profile/299465"
"Brett Skinner","Encore Real Estate Development","","","","","South Carolina","Owner/Developer","https://www.icsc.com/member/profile/826182"
"Rhett Spencer CCIM","PLC Commercial Real Estate LLC","","","","","South Carolina","Owner/Developer","https://www.icsc.com/member/profile/557144"
"Jason Stern","Stern Group","","","","","South Carolina","Owner/Developer","https://www.icsc.com/member/profile/532061"
"Brian Stern","Stern Group","","","","","South Carolina","Owner/Developer","https://www.icsc.com/member/profile/532060"
"Bill Stern","Stern Group","","","","","South Carolina","Owner/Developer","https://www.icsc.com/member/profile/123633"
"Brad Stutts","Cason Development Group","","","","","South Carolina","Owner/Developer","https://www.icsc.com/member/profile/848789"
"Robert Temple","Baker Commercial Properties, LLC","","","","","South Carolina","Owner/Developer","https://www.icsc.com/member/profile/584777"
"Noah Waldera","Waldera Real Estate Partners","","","","","South Carolina","Owner/Developer","https://www.icsc.com/member/profile/473360"
"Andrew Walker","Twin Rivers Capital, LLC","","","","","South Carolina","Owner/Developer","https://www.icsc.com/member/profile/846495"
"Andrea Walters","Warren Norman Company","","","","","South Carolina","Owner/Developer","https://www.icsc.com/member/profile/512401"
"Scott Watson","VPG","","","","","South Carolina","Owner/Developer","https://www.icsc.com/member/profile/851260"
"Andrea White","First National Realty Partners","","","","","South Carolina","Owner/Developer","https://www.icsc.com/member/profile/839169"
"Doug Wilkes","Southern Visions Realty","","","","","South Carolina","Owner/Developer","https://www.icsc.com/member/profile/860936"
"Gregory Wilkins","Southern Visions Realty","","","","","South Carolina","Owner/Developer","https://www.icsc.com/member/profile/592263"
"Jaime Wilson","Tanger","","","","","South Carolina","Owner/Developer","https://www.icsc.com/member/profile/850499"
"Dotan Zuckerman","Portman Holdings LLC","","","","","South Carolina","Owner/Developer","https://www.icsc.com/member/profile/525467"
"Autumn Kaufhold","Van Buskirk Companies","","","","","South Dakota","Owner/Developer","https://www.icsc.com/member/profile/782364"
"CJ Adams","V3 Realty","","","","","Tennessee","Owner/Developer","https://www.icsc.com/member/profile/834113"
"Tony Alfano","SMJ Enterprise, LLC","","","","","Tennessee","Owner/Developer","https://www.icsc.com/member/profile/817742"
"Felice Arredondo","The Parkes Companies, Inc.","","","","","Tennessee","Owner/Developer","https://www.icsc.com/member/profile/850600"
"Mark Banks","Retail Partners Development, LLC","","","","","Tennessee","Owner/Developer","https://www.icsc.com/member/profile/182158"
"Glen Bascom","Bascom Realty","","","","","Tennessee","Owner/Developer","https://www.icsc.com/member/profile/848888"
"Ben Bonner","Magnolia Investment Partners","","","","","Tennessee","Owner/Developer","https://www.icsc.com/member/profile/646949"
"John Boots","Expedition Group","","","","","Tennessee","Owner/Developer","https://www.icsc.com/member/profile/853411"
"Katherine Breland","Oldacre McDonald, LLC","","","","","Tennessee","Owner/Developer","https://www.icsc.com/member/profile/645744"
"Jason Brown","Schaad Brown Real Estate","","","","","Tennessee","Owner/Developer","https://www.icsc.com/member/profile/571743"
"Brandon Buchanan","Buchanan Realty Group","","","","","Tennessee","Owner/Developer","https://www.icsc.com/member/profile/577546"
"Samuel Buchholz","Capstone Real Estate Group, Inc.","","","","","Tennessee","Owner/Developer","https://www.icsc.com/member/profile/597178"
"Taylor Camp","Carmichael Capital","","","","","Tennessee","Owner/Developer","https://www.icsc.com/member/profile/870324"
"Stan Clampitt","Buchanan Realty Group","","","","","Tennessee","Owner/Developer","https://www.icsc.com/member/profile/788636"
"John Cofer","All Points Development","","","","","Tennessee","Owner/Developer","https://www.icsc.com/member/profile/742826"
"Tom Cofer","All Points Development","","","","","Tennessee","Owner/Developer","https://www.icsc.com/member/profile/505936"
"Patrick Crouse","The Mainland Companies, LLC","","","","","Tennessee","Owner/Developer","https://www.icsc.com/member/profile/804021"
"Luke Curfman","CMK Properties, LLC","","","","","Tennessee","Owner/Developer","https://www.icsc.com/member/profile/846900"
"Tim Dearman","Oldacre McDonald, LLC","","","","","Tennessee","Owner/Developer","https://www.icsc.com/member/profile/132054"
"Lisa Deaton","Palm Development Partners","","","","","Tennessee","Owner/Developer","https://www.icsc.com/member/profile/868741"
"Land Deleot","Equitable Property Company, LLC","","","","","Tennessee","Owner/Developer","https://www.icsc.com/member/profile/805936"
"Philip Dorris","G.S. Moore + Son","","","","","Tennessee","Owner/Developer","https://www.icsc.com/member/profile/672082"
"Frank Durst IV","3D Development","","","","","Tennessee","Owner/Developer","https://www.icsc.com/member/profile/338003"
"Josh Ezell","SMJ Enterprise, LLC","","","","","Tennessee","Owner/Developer","https://www.icsc.com/member/profile/833498"
"Mary Ezell","SMJ Enterprise, LLC","","","","","Tennessee","Owner/Developer","https://www.icsc.com/member/profile/817727"
"Nick Galbreath","Lubono Capital","","","","","Tennessee","Owner/Developer","https://www.icsc.com/member/profile/810535"
"Scott Gill","SMJ Enterprise, LLC","","","","","Tennessee","Owner/Developer","https://www.icsc.com/member/profile/817427"
"Evan Gower","The Parkes Companies, Inc.","","","","","Tennessee","Owner/Developer","https://www.icsc.com/member/profile/847319"
"David Grabiner","Lubono Capital","","","","","Tennessee","Owner/Developer","https://www.icsc.com/member/profile/785198"
"Tim Graham","Graham Corporation","","","","","Tennessee","Owner/Developer","https://www.icsc.com/member/profile/101419"
"Michael Hamlin","Interstate Commercial Real Estate Services","","","","","Tennessee","Owner/Developer","https://www.icsc.com/member/profile/411225"
"Trey Hart","The Mainland Companies, LLC","","","","","Tennessee","Owner/Developer","https://www.icsc.com/member/profile/864877"
"Marshall Hart","The Mainland Companies, LLC","","","","","Tennessee","Owner/Developer","https://www.icsc.com/member/profile/734859"
"John Healy","Wolftever Development","","","","","Tennessee","Owner/Developer","https://www.icsc.com/member/profile/376369"
"Audrey Hooper","Urban Story Ventures","","","","","Tennessee","Owner/Developer","https://www.icsc.com/member/profile/730575"
"John Hopfensperger","CMK Properties, LLC","","","","","Tennessee","Owner/Developer","https://www.icsc.com/member/profile/805811"
"Tommy Hopkins","Franklin Development Partners","","","","","Tennessee","Owner/Developer","https://www.icsc.com/member/profile/816472"
"Spencer Hunt","CMK Properties, LLC","","","","","Tennessee","Owner/Developer","https://www.icsc.com/member/profile/629722"
"Bassam Issa","ANT Group LLC","","","","","Tennessee","Owner/Developer","https://www.icsc.com/member/profile/315259"
"Omar Jubran CCIM","Strategic Acquisitions Group, LLC","","","","","Tennessee","Owner/Developer","https://www.icsc.com/member/profile/663927"
"Colton Jumper","SouthStar, LLC","","","","","Tennessee","Owner/Developer","https://www.icsc.com/member/profile/855711"
"Jeremy Just","Blacktide Development, LLC","","","","","Tennessee","Owner/Developer","https://www.icsc.com/member/profile/606451"
"Eric Kaehr","Warhorse Venture Partners","","","","","Tennessee","Owner/Developer","https://www.icsc.com/member/profile/775739"
"Miranda Kelley","KTM Properties","","","","","Tennessee","Owner/Developer","https://www.icsc.com/member/profile/654651"
"Evan Landrum","Oxbow Development","","","","","Tennessee","Owner/Developer","https://www.icsc.com/member/profile/557665"
"David Lee","Capstone Real Estate Group, Inc.","","","","","Tennessee","Owner/Developer","https://www.icsc.com/member/profile/596302"
"Robert Martin","The Parkes Companies, Inc.","","","","","Tennessee","Owner/Developer","https://www.icsc.com/member/profile/140339"
"Jake McDonald","Oldacre McDonald, LLC","","","","","Tennessee","Owner/Developer","https://www.icsc.com/member/profile/789916"
"Steele McDonald","Oldacre McDonald, LLC","","","","","Tennessee","Owner/Developer","https://www.icsc.com/member/profile/732232"
"Mark McDonald","Oldacre McDonald, LLC","","","","","Tennessee","Owner/Developer","https://www.icsc.com/member/profile/167692"
"Glenn McGehee","SouthStar, LLC","","","","","Tennessee","Owner/Developer","https://www.icsc.com/member/profile/264167"
"Jonathan McNabb","V3 Realty","","","","","Tennessee","Owner/Developer","https://www.icsc.com/member/profile/750408"
"Jay Mikolinski","D&M Land Development LLC.","","","","","Tennessee","Owner/Developer","https://www.icsc.com/member/profile/736289"
"Todd Miller","TM3 Properties","","","","","Tennessee","Owner/Developer","https://www.icsc.com/member/profile/483894"
"Aubrey Moore","G.S. Moore + Son","","","","","Tennessee","Owner/Developer","https://www.icsc.com/member/profile/831759"
"James Moore","G.S. Moore + Son","","","","","Tennessee","Owner/Developer","https://www.icsc.com/member/profile/645115"
"K.D. Moore","KBM Commercial Properties LLC","","","","","Tennessee","Owner/Developer","https://www.icsc.com/member/profile/278822"
"Rick Morrow","KTM Properties","","","","","Tennessee","Owner/Developer","https://www.icsc.com/member/profile/654648"
"Marcus Nidiffer","Interstate Commercial Real Estate Services","","","","","Tennessee","Owner/Developer","https://www.icsc.com/member/profile/610528"
"J. Michael Nidiffer","Interstate Commercial Real Estate Services","","","","","Tennessee","Owner/Developer","https://www.icsc.com/member/profile/124211"
"Taylor Ogle","Five Oaks Development Group, LP","","","","","Tennessee","Owner/Developer","https://www.icsc.com/member/profile/631744"
"Jake Ogle","Five Oaks Development Group, LP","","","","","Tennessee","Owner/Developer","https://www.icsc.com/member/profile/377864"
"Oliver Oldacre","Oldacre McDonald, LLC","","","","","Tennessee","Owner/Developer","https://www.icsc.com/member/profile/658633"
"Hunter Oldacre","Oldacre McDonald, LLC","","","","","Tennessee","Owner/Developer","https://www.icsc.com/member/profile/376325"
"Bill Oldacre","Oldacre McDonald, LLC","","","","","Tennessee","Owner/Developer","https://www.icsc.com/member/profile/129275"
"Gary Parkes","The Parkes Companies, Inc.","","","","","Tennessee","Owner/Developer","https://www.icsc.com/member/profile/102617"
"Joe Parkes Jr","The Parkes Companies, Inc.","","","","","Tennessee","Owner/Developer","https://www.icsc.com/member/profile/102615"
"Hiren Patel","HP Realty Partners","","","","","Tennessee","Owner/Developer","https://www.icsc.com/member/profile/681480"
"Bekah Peggar","Agilitas Property Development","","","","","Tennessee","Owner/Developer","https://www.icsc.com/member/profile/869105"
"Thomas Perrigan","Interstate Commercial Real Estate Services","","","","","Tennessee","Owner/Developer","https://www.icsc.com/member/profile/632804"
"Will Polisky","CMK Properties, LLC","","","","","Tennessee","Owner/Developer","https://www.icsc.com/member/profile/823881"
"Jessica Roberts","Tanger","","","","","Tennessee","Owner/Developer","https://www.icsc.com/member/profile/666499"
"King Rogers","Cideco Development Company Inc","","","","","Tennessee","Owner/Developer","https://www.icsc.com/member/profile/447581"
"Brent Roswall","Interstate Commercial Real Estate Services","","","","","Tennessee","Owner/Developer","https://www.icsc.com/member/profile/210711"
"Tucker Schaerer","BTS Commercial Real Estate","","","","","Tennessee","Owner/Developer","https://www.icsc.com/member/profile/648279"
"Burt Schaerer","BTS Commercial Real Estate","","","","","Tennessee","Owner/Developer","https://www.icsc.com/member/profile/509252"
"Christopher Senkovich","Capital Automotive Real Estate Services","","","","","Tennessee","Owner/Developer","https://www.icsc.com/member/profile/855142"
"Trip Spear","Belz Realty","","","","","Tennessee","Owner/Developer","https://www.icsc.com/member/profile/819842"
"Jon Stallings","Stallings Development","","","","","Tennessee","Owner/Developer","https://www.icsc.com/member/profile/781094"
"Danielle Staton","G.S. Moore + Son","","","","","Tennessee","Owner/Developer","https://www.icsc.com/member/profile/855973"
"Jessica Stepp","Tanger","","","","","Tennessee","Owner/Developer","https://www.icsc.com/member/profile/852237"
"Clarke Taylor","Taylor Properties","","","","","Tennessee","Owner/Developer","https://www.icsc.com/member/profile/786698"
"Clay Taylor","The Mainland Companies, LLC","","","","","Tennessee","Owner/Developer","https://www.icsc.com/member/profile/537389"
"Rhonda Thomas CPM, CLS, CRRP, CSM","The Parkes Companies, Inc.","","","","","Tennessee","Owner/Developer","https://www.icsc.com/member/profile/136050"
"Stephen Walker","Walker Family Limited Partnership","","","","","Tennessee","Owner/Developer","https://www.icsc.com/member/profile/799956"
"Dorothy Wall","DMW Capital","","","","","Tennessee","Owner/Developer","https://www.icsc.com/member/profile/854140"
"Daniel Wall","DMW Capital","","","","","Tennessee","Owner/Developer","https://www.icsc.com/member/profile/778509"
"Charles Warner","Magnolia Investment Partners","","","","","Tennessee","Owner/Developer","https://www.icsc.com/member/profile/279046"
"John Wells","Continental Development Corporation (Tennesee)","","","","","Tennessee","Owner/Developer","https://www.icsc.com/member/profile/832512"
"Jimmy White","Urban Story Ventures","","","","","Tennessee","Owner/Developer","https://www.icsc.com/member/profile/732763"
"Robert White IV","KBM Commercial Properties LLC","","","","","Tennessee","Owner/Developer","https://www.icsc.com/member/profile/786834"
"Heather Witherspoon","Buchanan Realty Group","","","","","Tennessee","Owner/Developer","https://www.icsc.com/member/profile/791876"
"Mary Katherine Wormsley","Hatcher Hill","","","","","Tennessee","Owner/Developer","https://www.icsc.com/member/profile/579616"
"Nadeem Abassi","Aria Developers LLC","","","","","Texas","Owner/Developer","https://www.icsc.com/member/profile/598410"
"Michael Ablon","Pegasus Ablon Properties","","","","","Texas","Owner/Developer","https://www.icsc.com/member/profile/304913"
"Mark Adame","2AVH Calallen, LLC","","","","","Texas","Owner/Developer","https://www.icsc.com/member/profile/847256"
"Sergio Adame CCIM","API Real Estate","","","","","Texas","Owner/Developer","https://www.icsc.com/member/profile/437882"
"Jarrett Adame","First Hartford Realty Corporation","","","","","Texas","Owner/Developer","https://www.icsc.com/member/profile/274540"
"Amos Adams","Sad Monkey Development","","","","","Texas","Owner/Developer","https://www.icsc.com/member/profile/852798"
"Trini Ainsworth","Big V Property Group","","","","","Texas","Owner/Developer","https://www.icsc.com/member/profile/645450"
"Jacquelyn Albert","Albert Enterprises","","","","","Texas","Owner/Developer","https://www.icsc.com/member/profile/870716"
"Cary Albert","Albert Enterprises","","","","","Texas","Owner/Developer","https://www.icsc.com/member/profile/610175"
"Brian Alley","Rose City Partners, LLC","","","","","Texas","Owner/Developer","https://www.icsc.com/member/profile/782413"
"Tyler Alley","Rose City Partners, LLC","","","","","Texas","Owner/Developer","https://www.icsc.com/member/profile/671371"
"Ron Allon","Allon Investments","","","","","Texas","Owner/Developer","https://www.icsc.com/member/profile/869611"
"Michelle Alonso","Endeavor Real Estate Group","","","","","Texas","Owner/Developer","https://www.icsc.com/member/profile/619366"
"Akbar Alviri","Sudamahu Group Corp.","","","","","Texas","Owner/Developer","https://www.icsc.com/member/profile/401518"
"Jack Anderson","The Genecov Group","","","","","Texas","Owner/Developer","https://www.icsc.com/member/profile/840964"
"Carl Anderson","Larkspur Capital LP","","","","","Texas","Owner/Developer","https://www.icsc.com/member/profile/821677"
"Leyton Andres","Nack Development","","","","","Texas","Owner/Developer","https://www.icsc.com/member/profile/849047"
"Kyle Anz","HGA Holdings, LLC","","","","","Texas","Owner/Developer","https://www.icsc.com/member/profile/116801"
"Jesus Araiza","Armada Capital Partners","","","","","Texas","Owner/Developer","https://www.icsc.com/member/profile/823002"
"Zach Armstrong","ZKKZ Partners Ltd.","","","","","Texas","Owner/Developer","https://www.icsc.com/member/profile/846182"
"Justin Au","Majestic Developers","","","","","Texas","Owner/Developer","https://www.icsc.com/member/profile/865285"
"Emily Ayers","JAE Law Group, PLLC","","","","","Texas","Owner/Developer","https://www.icsc.com/member/profile/645183"
"Edward Badouh III","Gentilly LLC","","","","","Texas","Owner/Developer","https://www.icsc.com/member/profile/381061"
"Melanie Bagley","Pinnacle Development","","","","","Texas","Owner/Developer","https://www.icsc.com/member/profile/803646"
"Andrew Bagnall","Abiso Real Estate","","","","","Texas","Owner/Developer","https://www.icsc.com/member/profile/609939"
"Zeev Bar Yadin","CBG ROULER","","","","","Texas","Owner/Developer","https://www.icsc.com/member/profile/867975"
"Adam Barker","GR8 Partners LLC","","","","","Texas","Owner/Developer","https://www.icsc.com/member/profile/648539"
"Bob Barnes","Vision Asset Mgmt Ltd","","","","","Texas","Owner/Developer","https://www.icsc.com/member/profile/803118"
"Andrew Barnes","DBA Commercial Real Estate","","","","","Texas","Owner/Developer","https://www.icsc.com/member/profile/654474"
"Amy Barnett","ThisRealty","","","","","Texas","Owner/Developer","https://www.icsc.com/member/profile/782744"
"Royce Barrington II","N3 Real Estate","","","","","Texas","Owner/Developer","https://www.icsc.com/member/profile/727409"
"Owen Bartlett","6S Development LLC","","","","","Texas","Owner/Developer","https://www.icsc.com/member/profile/861943"
"Kenny Bathija","Satya, Inc","","","","","Texas","Owner/Developer","https://www.icsc.com/member/profile/733561"
"Sunny Bathija","Satya, Inc","","","","","Texas","Owner/Developer","https://www.icsc.com/member/profile/295653"
"Troy Bathman","St. Ives Inc.","","","","","Texas","Owner/Developer","https://www.icsc.com/member/profile/103936"
"Troy Bayham","Kagan Realty Investors","","","","","Texas","Owner/Developer","https://www.icsc.com/member/profile/657673"
"Robert Beach","Pinnacle Oversight LLC","","","","","Texas","Owner/Developer","https://www.icsc.com/member/profile/867992"
"Logan Beall","Beall Investments","","","","","Texas","Owner/Developer","https://www.icsc.com/member/profile/832454"
"Robert Beall","Beall Investments","","","","","Texas","Owner/Developer","https://www.icsc.com/member/profile/727236"
"Michael Beevers","Sensato Development","","","","","Texas","Owner/Developer","https://www.icsc.com/member/profile/689245"
"Brian Bell","MQ Development Companies","","","","","Texas","Owner/Developer","https://www.icsc.com/member/profile/294608"
"Terrin Bertholf","B&H Companies","","","","","Texas","Owner/Developer","https://www.icsc.com/member/profile/733026"
"Imran Bhaidani","Esteem AI Ventures","","","","","Texas","Owner/Developer","https://www.icsc.com/member/profile/802454"
"Reasat Bhuiyan","Stablewood Properties","","","","","Texas","Owner/Developer","https://www.icsc.com/member/profile/854696"
"Thomas Bius","Caliber Investment Corporation","","","","","Texas","Owner/Developer","https://www.icsc.com/member/profile/792318"
"Ben Bius","Caliber Investment Corporation","","","","","Texas","Owner/Developer","https://www.icsc.com/member/profile/504811"
"Wade Blackburn","Expansion Building Solutions, LLC","","","","","Texas","Owner/Developer","https://www.icsc.com/member/profile/805896"
"Jason Blackman","Steiner + Associates, Inc.","","","","","Texas","Owner/Developer","https://www.icsc.com/member/profile/782094"
"Mike Bloomfield","JF HOLDINGS","","","","","Texas","Owner/Developer","https://www.icsc.com/member/profile/755090"
"Jason Bolling","Guggenheim Retail Real Estate Partners","","","","","Texas","Owner/Developer","https://www.icsc.com/member/profile/817772"
"Alfredo Bonilla Carmona","GABO TX DEVELOPMENT LLC","","","","","Texas","Owner/Developer","https://www.icsc.com/member/profile/821264"
"David Boone","Virgata Property Company","","","","","Texas","Owner/Developer","https://www.icsc.com/member/profile/657854"
"Matthew Booth","Booth Capital Partners","","","","","Texas","Owner/Developer","https://www.icsc.com/member/profile/341808"
"Ashlyn Booth, CMD","MetroNational","","","","","Texas","Owner/Developer","https://www.icsc.com/member/profile/217370"
"Lauren Bottonari","Regency Centers","","","","","Texas","Owner/Developer","https://www.icsc.com/member/profile/405300"
"Charlie Boyd","DuWest Realty","","","","","Texas","Owner/Developer","https://www.icsc.com/member/profile/784491"
"Cherylyn Boyd","Stonewater Properties","","","","","Texas","Owner/Developer","https://www.icsc.com/member/profile/755089"
"Mira Boyda","Pohl Jensen","","","","","Texas","Owner/Developer","https://www.icsc.com/member/profile/729309"
"Jennie Braasch","Pohl Jensen","","","","","Texas","Owner/Developer","https://www.icsc.com/member/profile/295005"
"Chris Braham","Catalyst Commercial","","","","","Texas","Owner/Developer","https://www.icsc.com/member/profile/823700"
"Jeff Brand","Brand Partners","","","","","Texas","Owner/Developer","https://www.icsc.com/member/profile/123958"
"Catherine Brennan","Crow Holdings Capital","","","","","Texas","Owner/Developer","https://www.icsc.com/member/profile/773275"
"Trey Brewer","The Genecov Group","","","","","Texas","Owner/Developer","https://www.icsc.com/member/profile/688210"
"Robert Britt","Dumont Properties","","","","","Texas","Owner/Developer","https://www.icsc.com/member/profile/832944"
"Connor Brotherton","Landmark Industries, LLC","","","","","Texas","Owner/Developer","https://www.icsc.com/member/profile/868817"
"Kyle Brown","Buttry & Brown Development","","","","","Texas","Owner/Developer","https://www.icsc.com/member/profile/843153"
"Stephen Brown","Buttry & Brown Development","","","","","Texas","Owner/Developer","https://www.icsc.com/member/profile/642697"
"John Brownlee","Brownlee Waggoner Holdings, LLC","","","","","Texas","Owner/Developer","https://www.icsc.com/member/profile/858195"
"Bo Brownlee","Brownlee Waggoner Holdings, LLC","","","","","Texas","Owner/Developer","https://www.icsc.com/member/profile/300481"
"Alex Bryant","Street Realty","","","","","Texas","Owner/Developer","https://www.icsc.com/member/profile/560147"
"Ryan Burgess","PMB Capital Investments","","","","","Texas","Owner/Developer","https://www.icsc.com/member/profile/784327"
"Jim Burke","Burke Properties, Ltd.","","","","","Texas","Owner/Developer","https://www.icsc.com/member/profile/405420"
"Spencer Burton","Stablewood Properties","","","","","Texas","Owner/Developer","https://www.icsc.com/member/profile/812552"
"Reegan Busby","Pacific Elm Properties","","","","","Texas","Owner/Developer","https://www.icsc.com/member/profile/869257"
"Regina Campbell","Tanger","","","","","Texas","Owner/Developer","https://www.icsc.com/member/profile/827459"
"Tim Campbell","JVP Management","","","","","Texas","Owner/Developer","https://www.icsc.com/member/profile/809120"
"Jorge Canavati","ATX Capital","","","","","Texas","Owner/Developer","https://www.icsc.com/member/profile/855964"
"Phillip Carameros","Gordon Partners","","","","","Texas","Owner/Developer","https://www.icsc.com/member/profile/687502"
"Brent Card","GC Legacy Capital","","","","","Texas","Owner/Developer","https://www.icsc.com/member/profile/820503"
"John Carl III","The Rainier Companies","","","","","Texas","Owner/Developer","https://www.icsc.com/member/profile/404023"
"Robert Carranco","Laredo Lomas Properties, LTD","","","","","Texas","Owner/Developer","https://www.icsc.com/member/profile/784928"
"Andrew Carranco","Laredo Lomas Properties, LTD","","","","","Texas","Owner/Developer","https://www.icsc.com/member/profile/784927"
"Greg Cervenka","FMOC LTD","","","","","Texas","Owner/Developer","https://www.icsc.com/member/profile/317504"
"Phillip Chadis","Six Pines Realty, LLC","","","","","Texas","Owner/Developer","https://www.icsc.com/member/profile/791381"
"Nash Chasi","SMC Development LLC","","","","","Texas","Owner/Developer","https://www.icsc.com/member/profile/823488"
"Shahbaz Chaudhary","Baaz Retail Investments LLC","","","","","Texas","Owner/Developer","https://www.icsc.com/member/profile/836765"
"Ramsey Chehayeb","CHC Investments LLC","","","","","Texas","Owner/Developer","https://www.icsc.com/member/profile/784372"
"Arvind Reddy Cheruku","Janapriya US Properties Inc","","","","","Texas","Owner/Developer","https://www.icsc.com/member/profile/711600"
"Christine Chhay","Tannos Development Group, LLC","","","","","Texas","Owner/Developer","https://www.icsc.com/member/profile/832617"
"Md Tauhid Choudhury","Aspen Square Homes","","","","","Texas","Owner/Developer","https://www.icsc.com/member/profile/798945"
"Donny Churchman","Nack Development","","","","","Texas","Owner/Developer","https://www.icsc.com/member/profile/708160"
"Santosh Cividi","Majestic Developers","","","","","Texas","Owner/Developer","https://www.icsc.com/member/profile/858140"
"Jacob Clark","Long View Equity","","","","","Texas","Owner/Developer","https://www.icsc.com/member/profile/846588"
"Houston Clark","HBC Interests","","","","","Texas","Owner/Developer","https://www.icsc.com/member/profile/493538"
"Glenn Clements","Morris Strategic Investments, LLC","","","","","Texas","Owner/Developer","https://www.icsc.com/member/profile/862840"
"Austin Clinkscales","Ladera Properties","","","","","Texas","Owner/Developer","https://www.icsc.com/member/profile/595638"
"Buck Cody","Endeavor Real Estate Group","","","","","Texas","Owner/Developer","https://www.icsc.com/member/profile/395070"
"Jonathan Coe","Mount Oak Capital","","","","","Texas","Owner/Developer","https://www.icsc.com/member/profile/755909"
"Mike Collins","Bloomfield Homes, Inc.","","","","","Texas","Owner/Developer","https://www.icsc.com/member/profile/772186"
"Jack Colwell","DB9 Capital","","","","","Texas","Owner/Developer","https://www.icsc.com/member/profile/851924"
"Weston Conder","The Conder Company","","","","","Texas","Owner/Developer","https://www.icsc.com/member/profile/821336"
"Tony Conder","The Conder Company","","","","","Texas","Owner/Developer","https://www.icsc.com/member/profile/821335"
"Robert Confer","N3 Real Estate","","","","","Texas","Owner/Developer","https://www.icsc.com/member/profile/655915"
"Stephen Cooper","Benkooper Management, LLC","","","","","Texas","Owner/Developer","https://www.icsc.com/member/profile/833748"
"Trey Cooper","Bexar Capital, LLC.","","","","","Texas","Owner/Developer","https://www.icsc.com/member/profile/732917"
"Jack Corrigan","Stablewood Properties","","","","","Texas","Owner/Developer","https://www.icsc.com/member/profile/842273"
"Jerry Crenshaw","Rochester Group","","","","","Texas","Owner/Developer","https://www.icsc.com/member/profile/404189"
"Brad Cruickshank","CBD Realty Partners","","","","","Texas","Owner/Developer","https://www.icsc.com/member/profile/315943"
"John Culpepper","Culpepper Realty Company","","","","","Texas","Owner/Developer","https://www.icsc.com/member/profile/717573"
"Jack Culpepper","Culpepper Realty Company","","","","","Texas","Owner/Developer","https://www.icsc.com/member/profile/121222"
"Luke Cummings","The Genecov Group","","","","","Texas","Owner/Developer","https://www.icsc.com/member/profile/815602"
"Kirk Cypel JD","CBG ROULER","","","","","Texas","Owner/Developer","https://www.icsc.com/member/profile/255359"
"sameer dalal","River Central Development","","","","","Texas","Owner/Developer","https://www.icsc.com/member/profile/833025"
"Greyson Daniels","ESW Land Development","","","","","Texas","Owner/Developer","https://www.icsc.com/member/profile/854671"
"Ahsan Daredia","SLX Capital","","","","","Texas","Owner/Developer","https://www.icsc.com/member/profile/846948"
"Creager Davis","The Genecov Group","","","","","Texas","Owner/Developer","https://www.icsc.com/member/profile/840968"
"Alexandra Davis","Davis Bros.","","","","","Texas","Owner/Developer","https://www.icsc.com/member/profile/800670"
"Katherine Davis","Davis Bros.","","","","","Texas","Owner/Developer","https://www.icsc.com/member/profile/689633"
"Dale Davis","Davis Equity Realty","","","","","Texas","Owner/Developer","https://www.icsc.com/member/profile/111545"
"Sajjid Dawood","DML Capital","","","","","Texas","Owner/Developer","https://www.icsc.com/member/profile/591744"
"Artemio De La Vega","De La Vega Capital","","","","","Texas","Owner/Developer","https://www.icsc.com/member/profile/142347"
"Arnaud de Limelette","EYF STNL","","","","","Texas","Owner/Developer","https://www.icsc.com/member/profile/853597"
"Evan Deitch","Endeavor Real Estate Group","","","","","Texas","Owner/Developer","https://www.icsc.com/member/profile/644577"
"Mounang Desai","Malabar Hill Capital","","","","","Texas","Owner/Developer","https://www.icsc.com/member/profile/784244"
"Bruce Dewberry","ODDDado Group LLC","","","","","Texas","Owner/Developer","https://www.icsc.com/member/profile/851414"
"Danna Diamond","MetroNational","","","","","Texas","Owner/Developer","https://www.icsc.com/member/profile/97434"
"Ryan DiGiovanni","The DiGiovanni Group","","","","","Texas","Owner/Developer","https://www.icsc.com/member/profile/801242"
"Christopher Donohoe","Donohoe Investment Group","","","","","Texas","Owner/Developer","https://www.icsc.com/member/profile/694239"
"Desmond Donohoe","Donohoe Investment Group","","","","","Texas","Owner/Developer","https://www.icsc.com/member/profile/479819"
"Salim Dossani","SDC Capital","","","","","Texas","Owner/Developer","https://www.icsc.com/member/profile/824782"
"Andria Dotson","Dotson Ranch LLC","","","","","Texas","Owner/Developer","https://www.icsc.com/member/profile/801549"
"Joe Doye","Westin Company","","","","","Texas","Owner/Developer","https://www.icsc.com/member/profile/238640"
"Blaine Dozier","Ramrock Real Estate LLC","","","","","Texas","Owner/Developer","https://www.icsc.com/member/profile/631795"
"Robert Dozier","Ramrock Real Estate LLC","","","","","Texas","Owner/Developer","https://www.icsc.com/member/profile/107533"
"Natalia Duay","Ember Real Estate Investment & Development","","","","","Texas","Owner/Developer","https://www.icsc.com/member/profile/869875"
"Abigail Duncan","Travis Star Corp.","","","","","Texas","Owner/Developer","https://www.icsc.com/member/profile/848869"
"Patrick Dunn","The Dunn Development Co., Inc.","","","","","Texas","Owner/Developer","https://www.icsc.com/member/profile/868951"
"Scott Dunn","The Dunn Development Co., Inc.","","","","","Texas","Owner/Developer","https://www.icsc.com/member/profile/868950"
"Mason DuPerier Jr","Vista Property Company","","","","","Texas","Owner/Developer","https://www.icsc.com/member/profile/518163"
"Luke Durst","Sad Monkey Development","","","","","Texas","Owner/Developer","https://www.icsc.com/member/profile/852797"
"Brandon Eads","Fifth Corner","","","","","Texas","Owner/Developer","https://www.icsc.com/member/profile/821887"
"GONZALO ECHEVERRIA","McCord Development, Inc.","","","","","Texas","Owner/Developer","https://www.icsc.com/member/profile/758920"
"Tim Edwards","T&K Edwards LTD","","","","","Texas","Owner/Developer","https://www.icsc.com/member/profile/810806"
"Web Elliott","StreetLevel Investments","","","","","Texas","Owner/Developer","https://www.icsc.com/member/profile/782432"
"Nicole Ellis","Wilks Development","","","","","Texas","Owner/Developer","https://www.icsc.com/member/profile/868918"
"Nicole Ellis","Wilks Development","","","","","Texas","Owner/Developer","https://www.icsc.com/member/profile/821038"
"Nick Emms","ASA Properties","","","","","Texas","Owner/Developer","https://www.icsc.com/member/profile/784218"
"Lindsay Erickson","Waterman Steele Real Estate Advisors","","","","","Texas","Owner/Developer","https://www.icsc.com/member/profile/611141"
"Manuel Escamilla","MRMD Development Co, LLC","","","","","Texas","Owner/Developer","https://www.icsc.com/member/profile/776624"
"Ramiro Esparza III","Mimco","","","","","Texas","Owner/Developer","https://www.icsc.com/member/profile/845665"
"Ken Espensen","Espensen Commercial Realty, Inc.","","","","","Texas","Owner/Developer","https://www.icsc.com/member/profile/94829"
"Peyman Etebari","Safe Capital Investments,LLC","","","","","Texas","Owner/Developer","https://www.icsc.com/member/profile/780540"
"Weston Eubanks","CamWesT Companies","","","","","Texas","Owner/Developer","https://www.icsc.com/member/profile/869782"
"Brody Farris","Paradigm Commercial Real Estate","","","","","Texas","Owner/Developer","https://www.icsc.com/member/profile/327158"
"John Felitto","Main Street Commercial Partners","","","","","Texas","Owner/Developer","https://www.icsc.com/member/profile/854124"
"Derek Ferem","Ferem Property Company","","","","","Texas","Owner/Developer","https://www.icsc.com/member/profile/538641"
"Mimi Fisher","Headwater","","","","","Texas","Owner/Developer","https://www.icsc.com/member/profile/859352"
"John Flippo","Flippo & Co.","","","","","Texas","Owner/Developer","https://www.icsc.com/member/profile/868445"
"Sandra Flores","The DiGiovanni Group","","","","","Texas","Owner/Developer","https://www.icsc.com/member/profile/832850"
"Dick Ford","Dick Ford Company","","","","","Texas","Owner/Developer","https://www.icsc.com/member/profile/822944"
"Jason Ford","Tenon Property Company","","","","","Texas","Owner/Developer","https://www.icsc.com/member/profile/783773"
"Michael Formanek, CRRP","L&B Realty Advisors, LLP","","","","","Texas","Owner/Developer","https://www.icsc.com/member/profile/468407"
"John Foster","HH Developments LC","","","","","Texas","Owner/Developer","https://www.icsc.com/member/profile/669613"
"Wayo Foster","Metex Development","","","","","Texas","Owner/Developer","https://www.icsc.com/member/profile/653066"
"Kylie Fox","Armada Capital Partners","","","","","Texas","Owner/Developer","https://www.icsc.com/member/profile/848899"
"Marc Franklin","Rockrose Development","","","","","Texas","Owner/Developer","https://www.icsc.com/member/profile/837220"
"Cameron Free","Wulfe and Co.","","","","","Texas","Owner/Developer","https://www.icsc.com/member/profile/798873"
"Megan Frey","Endeavor Real Estate Group","","","","","Texas","Owner/Developer","https://www.icsc.com/member/profile/849151"
"Dan Frey","Endeavor Real Estate Group","","","","","Texas","Owner/Developer","https://www.icsc.com/member/profile/584839"
"Will Frierson","JF HOLDINGS","","","","","Texas","Owner/Developer","https://www.icsc.com/member/profile/574082"
"Lane Gaddy","Stonelane Property","","","","","Texas","Owner/Developer","https://www.icsc.com/member/profile/802669"
"Josh Gardner","First Hartford Realty Corporation","","","","","Texas","Owner/Developer","https://www.icsc.com/member/profile/283710"
"Andrew Garrett","Hi View Real Estate","","","","","Texas","Owner/Developer","https://www.icsc.com/member/profile/800715"
"Perren Gasc","DBA Commercial Real Estate","","","","","Texas","Owner/Developer","https://www.icsc.com/member/profile/365182"
"Jeff Gatlin","Gemco Property","","","","","Texas","Owner/Developer","https://www.icsc.com/member/profile/801100"
"Emma Gegen","The Howard Hughes Corporation","","","","","Texas","Owner/Developer","https://www.icsc.com/member/profile/806070"
"Kyle Gill","Libertas Real Estate Group","","","","","Texas","Owner/Developer","https://www.icsc.com/member/profile/339799"
"Jim Gissler","St. Ives Inc.","","","","","Texas","Owner/Developer","https://www.icsc.com/member/profile/97594"
"Bryce Gissler","St. Ives Inc.","","","","","Texas","Owner/Developer","https://www.icsc.com/member/profile/847544"
"Brent Glover","Libertas Real Estate Group","","","","","Texas","Owner/Developer","https://www.icsc.com/member/profile/636632"
"Michael Godfrey","Stablewood Properties","","","","","Texas","Owner/Developer","https://www.icsc.com/member/profile/778292"
"Jeff Goldberg","Gold Key Partners","","","","","Texas","Owner/Developer","https://www.icsc.com/member/profile/712709"
"Patrick Gordon","Vista Star, Inc.","","","","","Texas","Owner/Developer","https://www.icsc.com/member/profile/585030"
"Scott Gordon","Gordon Partners","","","","","Texas","Owner/Developer","https://www.icsc.com/member/profile/225721"
"Joe Grabinski","Ember Real Estate Investment & Development","","","","","Texas","Owner/Developer","https://www.icsc.com/member/profile/870924"
"Jeffrey Graves","JPG Commercial Real Estate, LLC","","","","","Texas","Owner/Developer","https://www.icsc.com/member/profile/89921"
"Charles Graves","CG Hanson, Inc.","","","","","Texas","Owner/Developer","https://www.icsc.com/member/profile/854032"
"Matt Griffith","Rockrose Development","","","","","Texas","Owner/Developer","https://www.icsc.com/member/profile/329372"
"Satya Guduru","Janapriya US Properties Inc","","","","","Texas","Owner/Developer","https://www.icsc.com/member/profile/711597"
"Chad Hagle","Aventine Devco. (A Tricor Company)","","","","","Texas","Owner/Developer","https://www.icsc.com/member/profile/260109"
"Mark Hajdu","Triumph Commercial","","","","","Texas","Owner/Developer","https://www.icsc.com/member/profile/110684"
"Michael Hale","EDENS","","","","","Texas","Owner/Developer","https://www.icsc.com/member/profile/295004"
"Jeremy Hall","Rockrose Development","","","","","Texas","Owner/Developer","https://www.icsc.com/member/profile/837223"
"Russell Handy","Wolfgramm Capital","","","","","Texas","Owner/Developer","https://www.icsc.com/member/profile/822573"
"Hamza Haneef","HMH Group Inc.","","","","","Texas","Owner/Developer","https://www.icsc.com/member/profile/388058"
"Khizar Hanif","Blackhawk Real Estate Partners","","","","","Texas","Owner/Developer","https://www.icsc.com/member/profile/800259"
"Jeff Harkinson","Harkinson Investment Corporation","","","","","Texas","Owner/Developer","https://www.icsc.com/member/profile/727076"
"Steve Harriman","Harriman Partners","","","","","Texas","Owner/Developer","https://www.icsc.com/member/profile/868944"
"Mick Hawton","Headwater","","","","","Texas","Owner/Developer","https://www.icsc.com/member/profile/830441"
"Jake Heffelfinger","ATX Capital","","","","","Texas","Owner/Developer","https://www.icsc.com/member/profile/855966"
"Mac Helms","NewQuest Crosswell","","","","","Texas","Owner/Developer","https://www.icsc.com/member/profile/789311"
"Murad HEMANI","Sarofia Holdings inc","","","","","Texas","Owner/Developer","https://www.icsc.com/member/profile/776693"
"Scott Henry CCIM","BH Properties, LLC","","","","","Texas","Owner/Developer","https://www.icsc.com/member/profile/700461"
"Michael Herrera","Cohesive Development LLC","","","","","Texas","Owner/Developer","https://www.icsc.com/member/profile/425687"
"Clint Herrington LEED AP","Max Alley Real Estate Services, LLC","","","","","Texas","Owner/Developer","https://www.icsc.com/member/profile/619328"
"David Hicks","DAVID HICKS COMPANY","","","","","Texas","Owner/Developer","https://www.icsc.com/member/profile/784836"
"David Hightower","Midway","","","","","Texas","Owner/Developer","https://www.icsc.com/member/profile/800398"
"Sterling Hillman","Crow Holdings Capital","","","","","Texas","Owner/Developer","https://www.icsc.com/member/profile/428305"
"Doanh Hoang","CFY Group Inc.","","","","","Texas","Owner/Developer","https://www.icsc.com/member/profile/847601"
"Paula Hohl","Wulfe and Co.","","","","","Texas","Owner/Developer","https://www.icsc.com/member/profile/126234"
"David Holeman","Whitestone REIT","","","","","Texas","Owner/Developer","https://www.icsc.com/member/profile/583104"
"Justin Holliday","NAR Ventures, LLC","","","","","Texas","Owner/Developer","https://www.icsc.com/member/profile/869694"
"Maggie Hood","Crow Holdings Capital","","","","","Texas","Owner/Developer","https://www.icsc.com/member/profile/817493"
"Frederick Hopkins","Legacy Alliance","","","","","Texas","Owner/Developer","https://www.icsc.com/member/profile/526669"
"Roy Horlock","Pohl Jensen","","","","","Texas","Owner/Developer","https://www.icsc.com/member/profile/849489"
"Natalie Horlock","Pohl Jensen","","","","","Texas","Owner/Developer","https://www.icsc.com/member/profile/786508"
"Mark Horn","Rohan Capital","","","","","Texas","Owner/Developer","https://www.icsc.com/member/profile/835393"
"Jeff Horton","NewQuest","","","","","Texas","Owner/Developer","https://www.icsc.com/member/profile/842960"
"Gretchen Howell","Southstar Communities","","","","","Texas","Owner/Developer","https://www.icsc.com/member/profile/867468"
"Drew Hubbard","Pinnacle Oversight LLC","","","","","Texas","Owner/Developer","https://www.icsc.com/member/profile/867853"
"Jamie Hudson","Lamar Companies","","","","","Texas","Owner/Developer","https://www.icsc.com/member/profile/865992"
"Taylor Hurd","Brand Partners","","","","","Texas","Owner/Developer","https://www.icsc.com/member/profile/845078"
"Syd Hurley","Vista Property Company","","","","","Texas","Owner/Developer","https://www.icsc.com/member/profile/103002"
"Hannah Huynh","Madison Partners, LLC","","","","","Texas","Owner/Developer","https://www.icsc.com/member/profile/829958"
"Hitesh Israni","Israni Holdings LLC","","","","","Texas","Owner/Developer","https://www.icsc.com/member/profile/868181"
"Sanjeev Jain","Aspen Square Homes","","","","","Texas","Owner/Developer","https://www.icsc.com/member/profile/798943"
"PJ Jamea","Oxberry Group","","","","","Texas","Owner/Developer","https://www.icsc.com/member/profile/733160"
"Ian James","Lone Star North America Acquisitions, L.P.","","","","","Texas","Owner/Developer","https://www.icsc.com/member/profile/790257"
"Jennifer Jensen","Pohl Jensen","","","","","Texas","Owner/Developer","https://www.icsc.com/member/profile/572630"
"Phil Jeong","Mimco","","","","","Texas","Owner/Developer","https://www.icsc.com/member/profile/847434"
"Nicholas Jersin","EDENS","","","","","Texas","Owner/Developer","https://www.icsc.com/member/profile/800838"
"Terrance Jobe","Alluvium Development Inc.","","","","","Texas","Owner/Developer","https://www.icsc.com/member/profile/661610"
"Terence Johnson","Ashlar Development","","","","","Texas","Owner/Developer","https://www.icsc.com/member/profile/846837"
"Garrett Johnson","Finch Owens Development","","","","","Texas","Owner/Developer","https://www.icsc.com/member/profile/643345"
"Clark Johnson","JF HOLDINGS","","","","","Texas","Owner/Developer","https://www.icsc.com/member/profile/624849"
"Bradford Johnson","Pillarstone Capital REIT","","","","","Texas","Owner/Developer","https://www.icsc.com/member/profile/567661"
"Jeffrey Johnson","MetroNational","","","","","Texas","Owner/Developer","https://www.icsc.com/member/profile/549722"
"Robby Johnson","Rob Johnson Interests","","","","","Texas","Owner/Developer","https://www.icsc.com/member/profile/450116"
"Rob Johnson","Rob Johnson Interests","","","","","Texas","Owner/Developer","https://www.icsc.com/member/profile/279995"
"Ray Johnston","No Bad Days LLC","","","","","Texas","Owner/Developer","https://www.icsc.com/member/profile/869506"
"Jake Jopling","L&B Realty Advisors, LLP","","","","","Texas","Owner/Developer","https://www.icsc.com/member/profile/806124"
"Jacob Jordan","RoseRock","","","","","Texas","Owner/Developer","https://www.icsc.com/member/profile/850676"
"John Joubert","i3 Interests","","","","","Texas","Owner/Developer","https://www.icsc.com/member/profile/717672"
"Rene Joubert","i3 Interests","","","","","Texas","Owner/Developer","https://www.icsc.com/member/profile/182664"
"Hannah Jurgensmeyer","Crow Holdings Capital","","","","","Texas","Owner/Developer","https://www.icsc.com/member/profile/846136"
"Kevin Kadlecek","GSD Development Services, LLC","","","","","Texas","Owner/Developer","https://www.icsc.com/member/profile/846506"
"Hannah Kang","Presidium","","","","","Texas","Owner/Developer","https://www.icsc.com/member/profile/830664"
"Anil Kanji","Kanji Capital Investment","","","","","Texas","Owner/Developer","https://www.icsc.com/member/profile/805968"
"David Kanne","LV Collective","","","","","Texas","Owner/Developer","https://www.icsc.com/member/profile/853397"
"Jon Kantalis","Rob Johnson Interests","","","","","Texas","Owner/Developer","https://www.icsc.com/member/profile/334909"
"Andrew Kaplan","Kaplan Properties","","","","","Texas","Owner/Developer","https://www.icsc.com/member/profile/862573"
"RIchard Karle","Quick N Clean","","","","","Texas","Owner/Developer","https://www.icsc.com/member/profile/784716"
"Richard Karle","Quick N Clean","","","","","Texas","Owner/Developer","https://www.icsc.com/member/profile/304614"
"Abe Karmel","Four Points Property Management","","","","","Texas","Owner/Developer","https://www.icsc.com/member/profile/867795"
"John Kaschak","American Ventures","","","","","Texas","Owner/Developer","https://www.icsc.com/member/profile/753886"
"Key Kasravi","Hammerford Development Co.","","","","","Texas","Owner/Developer","https://www.icsc.com/member/profile/296379"
"Jason Keeton","Landfinity Development Group","","","","","Texas","Owner/Developer","https://www.icsc.com/member/profile/727193"
"Carley Keiser","Nack Development","","","","","Texas","Owner/Developer","https://www.icsc.com/member/profile/828510"
"Myles Kelley","Realty Ventures","","","","","Texas","Owner/Developer","https://www.icsc.com/member/profile/101383"
"Sean Kern","The Genecov Group","","","","","Texas","Owner/Developer","https://www.icsc.com/member/profile/869755"
"Najia Khawja","Breaktime","","","","","Texas","Owner/Developer","https://www.icsc.com/member/profile/869884"
"wasim khawja","Breaktime","","","","","Texas","Owner/Developer","https://www.icsc.com/member/profile/869743"
"Scott Kiella","Kiella Real Estate Group","","","","","Texas","Owner/Developer","https://www.icsc.com/member/profile/806711"
"Jeff Kilber","Kilber Development, LLC","","","","","Texas","Owner/Developer","https://www.icsc.com/member/profile/829550"
"ODES KIM","IP INVESTMENTS LTD","","","","","Texas","Owner/Developer","https://www.icsc.com/member/profile/851405"
"Asher Kimmelman","Brand Partners","","","","","Texas","Owner/Developer","https://www.icsc.com/member/profile/781966"
"Nancy Kinstler","Endeavor Real Estate Group","","","","","Texas","Owner/Developer","https://www.icsc.com/member/profile/862313"
"Tyler Kleinert","Hunt Realty Inc.","","","","","Texas","Owner/Developer","https://www.icsc.com/member/profile/776337"
"Bryce Krafft","LGE Design Build","","","","","Texas","Owner/Developer","https://www.icsc.com/member/profile/830335"
"Patrick Krejs","Regency Centers","","","","","Texas","Owner/Developer","https://www.icsc.com/member/profile/143007"
"Danny Kuperman","American Realty Group","","","","","Texas","Owner/Developer","https://www.icsc.com/member/profile/330159"
"Saleem Lakhani","DML Capital","","","","","Texas","Owner/Developer","https://www.icsc.com/member/profile/643787"
"Alishan Lalani","Prime Capital Inc","","","","","Texas","Owner/Developer","https://www.icsc.com/member/profile/844338"
"Connor Lammert","Endeavor Real Estate Group","","","","","Texas","Owner/Developer","https://www.icsc.com/member/profile/749858"
"Chris Landers","Steeplechase Ventures, LLC","","","","","Texas","Owner/Developer","https://www.icsc.com/member/profile/561088"
"Caleb Landes","The Landes Group","","","","","Texas","Owner/Developer","https://www.icsc.com/member/profile/658287"
"Drew Landis","LGE Design Build","","","","","Texas","Owner/Developer","https://www.icsc.com/member/profile/840851"
"Josh Langham","Llano Real Estate Group","","","","","Texas","Owner/Developer","https://www.icsc.com/member/profile/686809"
"Kelsey Lanier","Graff Interests, LLC","","","","","Texas","Owner/Developer","https://www.icsc.com/member/profile/854043"
"Andres Lankenau","Impulso Capital","","","","","Texas","Owner/Developer","https://www.icsc.com/member/profile/830243"
"Chris LaRocco","Harkinson Investment Corporation","","","","","Texas","Owner/Developer","https://www.icsc.com/member/profile/799553"
"Halle Lauterbach","Mimco","","","","","Texas","Owner/Developer","https://www.icsc.com/member/profile/820709"
"Diana Le","Cedar Creek Urban Development Inc","","","","","Texas","Owner/Developer","https://www.icsc.com/member/profile/853653"
"Brian Lent","Highline Real Estate Group","","","","","Texas","Owner/Developer","https://www.icsc.com/member/profile/268860"
"Brett Levinson","Main Street Commercial Partners","","","","","Texas","Owner/Developer","https://www.icsc.com/member/profile/655050"
"Adam Lewis","Danly Properties","","","","","Texas","Owner/Developer","https://www.icsc.com/member/profile/800468"
"Curtis Little","Mount Oak Capital","","","","","Texas","Owner/Developer","https://www.icsc.com/member/profile/755912"
"Jocelyne Loera","J. Loera Development","","","","","Texas","Owner/Developer","https://www.icsc.com/member/profile/802509"
"Elyse Lombardi","FourT Realty","","","","","Texas","Owner/Developer","https://www.icsc.com/member/profile/798888"
"Waylon Longino","Noble RE","","","","","Texas","Owner/Developer","https://www.icsc.com/member/profile/242723"
"Jackson Longley","The Criterion Fund","","","","","Texas","Owner/Developer","https://www.icsc.com/member/profile/829320"
"Matthew Lopez","Origo Works","","","","","Texas","Owner/Developer","https://www.icsc.com/member/profile/845542"
"Carlos Antonio Lopez Hernandez","GABO TX DEVELOPMENT LLC","","","","","Texas","Owner/Developer","https://www.icsc.com/member/profile/821285"
"Donnie Lord","Aspen Community Development, LLC","","","","","Texas","Owner/Developer","https://www.icsc.com/member/profile/822072"
"Trevor Lovelady","Abiso Real Estate","","","","","Texas","Owner/Developer","https://www.icsc.com/member/profile/747313"
"Danny Lovell","The Rainier Companies","","","","","Texas","Owner/Developer","https://www.icsc.com/member/profile/690553"
"Coby Lowenstein","Stablewood Properties","","","","","Texas","Owner/Developer","https://www.icsc.com/member/profile/868230"
"Andrew Lubetkin","Oshman Interests","","","","","Texas","Owner/Developer","https://www.icsc.com/member/profile/648613"
"Michael Luciano","Firestone Management","","","","","Texas","Owner/Developer","https://www.icsc.com/member/profile/832780"
"Ngoc Luong","Huynh Capital Management LLC","","","","","Texas","Owner/Developer","https://www.icsc.com/member/profile/849055"
"Connor Lynch","Main Street Commercial Partners","","","","","Texas","Owner/Developer","https://www.icsc.com/member/profile/584594"
"Kelly Lyons","Nack Development","","","","","Texas","Owner/Developer","https://www.icsc.com/member/profile/830299"
"Matt Macleod","Castle Development Group Inc","","","","","Texas","Owner/Developer","https://www.icsc.com/member/profile/800791"
"Terrence Maiden","Russell Glen Company","","","","","Texas","Owner/Developer","https://www.icsc.com/member/profile/259550"
"Frank Malik","NWPgroup","","","","","Texas","Owner/Developer","https://www.icsc.com/member/profile/344988"
"Lance Malmgren","4MCO Properties","","","","","Texas","Owner/Developer","https://www.icsc.com/member/profile/657760"
"Taylor Mann","Vista Equities Group","","","","","Texas","Owner/Developer","https://www.icsc.com/member/profile/621855"
"Greg Mann","Mann Venture Partners","","","","","Texas","Owner/Developer","https://www.icsc.com/member/profile/130727"
"Marcelo Marcos Rodriguez","Impulso Capital","","","","","Texas","Owner/Developer","https://www.icsc.com/member/profile/822510"
"Benjamin Marcus","Mimco","","","","","Texas","Owner/Developer","https://www.icsc.com/member/profile/512748"
"Jennifer Martel","Pohl Jensen","","","","","Texas","Owner/Developer","https://www.icsc.com/member/profile/861811"
"Jud Martin","Hammerford Development Co.","","","","","Texas","Owner/Developer","https://www.icsc.com/member/profile/353093"
"Mario Martinez","The Genecov Group","","","","","Texas","Owner/Developer","https://www.icsc.com/member/profile/841009"
"Craig Masteller","Guggenheim Retail Real Estate Partners","","","","","Texas","Owner/Developer","https://www.icsc.com/member/profile/856996"
"Christian McAnalley","HBC Interests","","","","","Texas","Owner/Developer","https://www.icsc.com/member/profile/846132"
"Hayden McCarty","Long View Equity","","","","","Texas","Owner/Developer","https://www.icsc.com/member/profile/864494"
"John McClure CCIM","McClure Partners","","","","","Texas","Owner/Developer","https://www.icsc.com/member/profile/316730"
"Jake McCoy","Waypoint Real Estate Development and Advisors","","","","","Texas","Owner/Developer","https://www.icsc.com/member/profile/833162"
"Jim McGinnis","FrontView REIT","","","","","Texas","Owner/Developer","https://www.icsc.com/member/profile/843223"
"Wade McGinnis, CLS","Barshop & Oles Company","","","","","Texas","Owner/Developer","https://www.icsc.com/member/profile/157260"
"Tim McNutt","DBA Commercial Real Estate","","","","","Texas","Owner/Developer","https://www.icsc.com/member/profile/521686"
"Robert Meara","The Meara Company","","","","","Texas","Owner/Developer","https://www.icsc.com/member/profile/800233"
"Jim Meara","The Meara Company","","","","","Texas","Owner/Developer","https://www.icsc.com/member/profile/104132"
"Ben Medetsky","Sky Capital Group","","","","","Texas","Owner/Developer","https://www.icsc.com/member/profile/831991"
"Scott Megahan","Wulfe and Co.","","","","","Texas","Owner/Developer","https://www.icsc.com/member/profile/113910"
"Aliakbar Meghani","Meghani Capital, LLC","","","","","Texas","Owner/Developer","https://www.icsc.com/member/profile/800264"
"Bill Mehrens","Sclay Management Inc.","","","","","Texas","Owner/Developer","https://www.icsc.com/member/profile/95166"
"Chris Merchant","Malabar Hill Capital","","","","","Texas","Owner/Developer","https://www.icsc.com/member/profile/666076"
"Joe Merritt","Merritt Capital Partners","","","","","Texas","Owner/Developer","https://www.icsc.com/member/profile/315832"
"Marshall Merritt","Merritt Capital Partners","","","","","Texas","Owner/Developer","https://www.icsc.com/member/profile/315831"
"Avi Metchik","Four Points Property Management","","","","","Texas","Owner/Developer","https://www.icsc.com/member/profile/832158"
"Nader Mezher","M1 RE","","","","","Texas","Owner/Developer","https://www.icsc.com/member/profile/827319"
"AnnaLisa Miller","Rio Tierra, LLC","","","","","Texas","Owner/Developer","https://www.icsc.com/member/profile/858158"
"Andrew Miller","Castle Development Group Inc","","","","","Texas","Owner/Developer","https://www.icsc.com/member/profile/412433"
"Taylor Mitcham","Creation RE","","","","","Texas","Owner/Developer","https://www.icsc.com/member/profile/846925"
"Terry Mitchell","MG Realty Investments LLC","","","","","Texas","Owner/Developer","https://www.icsc.com/member/profile/785455"
"Cross Moceri","Presidium","","","","","Texas","Owner/Developer","https://www.icsc.com/member/profile/830176"
"SHEHERYAAR MOHAMMAD","Level Capital","","","","","Texas","Owner/Developer","https://www.icsc.com/member/profile/822930"
"Anil Mohammad","DML Capital","","","","","Texas","Owner/Developer","https://www.icsc.com/member/profile/591747"
"Daniel Moon","Sam Moon Group","","","","","Texas","Owner/Developer","https://www.icsc.com/member/profile/308103"
"Kyle Moore","Bexar Capital, LLC.","","","","","Texas","Owner/Developer","https://www.icsc.com/member/profile/733345"
"Johnny Moore","JEMCO Holdings Inc.","","","","","Texas","Owner/Developer","https://www.icsc.com/member/profile/710611"
"Marissa Moreau","The Howard Hughes Corporation","","","","","Texas","Owner/Developer","https://www.icsc.com/member/profile/825998"
"Bobak Mostaghasi","VMB Equity Properties","","","","","Texas","Owner/Developer","https://www.icsc.com/member/profile/754757"
"Ramarao Mullapudi","Sunnyside Enterprises LLC","","","","","Texas","Owner/Developer","https://www.icsc.com/member/profile/808006"
"Luke Mullen","Brand Partners","","","","","Texas","Owner/Developer","https://www.icsc.com/member/profile/631214"
"Christine Mullis","L&B Realty Advisors, LLP","","","","","Texas","Owner/Developer","https://www.icsc.com/member/profile/502220"
"TALYI MUNOZ","GM EXPORTS","","","","","Texas","Owner/Developer","https://www.icsc.com/member/profile/790219"
"Pat Murphy","San Isidro Management","","","","","Texas","Owner/Developer","https://www.icsc.com/member/profile/870229"
"Bernadette Mussell","L&B Realty Advisors, LLP","","","","","Texas","Owner/Developer","https://www.icsc.com/member/profile/216334"
"Jordan Myller","BH Properties, LLC","","","","","Texas","Owner/Developer","https://www.icsc.com/member/profile/723292"
"Michael Nader","Ashland Company","","","","","Texas","Owner/Developer","https://www.icsc.com/member/profile/851840"
"Viran Nana","Q Companies","","","","","Texas","Owner/Developer","https://www.icsc.com/member/profile/803528"
"Nathan Nash","Steeplechase Ventures, LLC","","","","","Texas","Owner/Developer","https://www.icsc.com/member/profile/603999"
"Aaslam Nazarali","Aria Developers LLC","","","","","Texas","Owner/Developer","https://www.icsc.com/member/profile/823030"
"Brad Neff","Wytex BTS","","","","","Texas","Owner/Developer","https://www.icsc.com/member/profile/624343"
"Jake Neill","Long View Equity","","","","","Texas","Owner/Developer","https://www.icsc.com/member/profile/855210"
"Michael Nelson","Encore Commercial","","","","","Texas","Owner/Developer","https://www.icsc.com/member/profile/487613"
"Garrett Nerren","Steeplechase Ventures, LLC","","","","","Texas","Owner/Developer","https://www.icsc.com/member/profile/808067"
"Nhu Nguyen","Wulfe and Co.","","","","","Texas","Owner/Developer","https://www.icsc.com/member/profile/846635"
"Gary Nichols","G&G Real Properties","","","","","Texas","Owner/Developer","https://www.icsc.com/member/profile/809646"
"Maverick Noack","The Howard Hughes Corporation","","","","","Texas","Owner/Developer","https://www.icsc.com/member/profile/825999"
"Charles Northington","Endeavor Real Estate Group","","","","","Texas","Owner/Developer","https://www.icsc.com/member/profile/114025"
"Pat Oles","Barshop & Oles Company","","","","","Texas","Owner/Developer","https://www.icsc.com/member/profile/103156"
"Alexa OMary","Endeavor Real Estate Group","","","","","Texas","Owner/Developer","https://www.icsc.com/member/profile/800237"
"Matthew Omundson","Columnar","","","","","Texas","Owner/Developer","https://www.icsc.com/member/profile/848880"
"Cesar Ornelas","CO3 Investments","","","","","Texas","Owner/Developer","https://www.icsc.com/member/profile/870754"
"David Orr","Rockspring Capital","","","","","Texas","Owner/Developer","https://www.icsc.com/member/profile/746113"
"Nikki Orsak","Wulfe and Co.","","","","","Texas","Owner/Developer","https://www.icsc.com/member/profile/784975"
"Diana Ortega","GABO TX DEVELOPMENT LLC","","","","","Texas","Owner/Developer","https://www.icsc.com/member/profile/821345"
"Billy Osherow","Endeavor Real Estate Group","","","","","Texas","Owner/Developer","https://www.icsc.com/member/profile/102203"
"Gray Osment","Catalyst Commercial","","","","","Texas","Owner/Developer","https://www.icsc.com/member/profile/841126"
"John Ostrander","Bexar Capital, LLC.","","","","","Texas","Owner/Developer","https://www.icsc.com/member/profile/484909"
"Abe Pacetti","Regency Centers","","","","","Texas","Owner/Developer","https://www.icsc.com/member/profile/212495"
"Aamir Panjwani","Panjwani Energy, LLC","","","","","Texas","Owner/Developer","https://www.icsc.com/member/profile/821979"
"Shahzeb Panjwani","Panjwani Energy, LLC","","","","","Texas","Owner/Developer","https://www.icsc.com/member/profile/784360"
"Shahrukh Panjwani","Panjwani Energy, LLC","","","","","Texas","Owner/Developer","https://www.icsc.com/member/profile/784358"
"Feroz Panjwani","Panjwani Energy, LLC","","","","","Texas","Owner/Developer","https://www.icsc.com/member/profile/783582"
"Farhan Panjwani","Panjwani Energy, LLC","","","","","Texas","Owner/Developer","https://www.icsc.com/member/profile/783488"
"SCOTT PARK","IP INVESTMENTS LTD","","","","","Texas","Owner/Developer","https://www.icsc.com/member/profile/851400"
"Bryan Parker","Crow Holdings Capital","","","","","Texas","Owner/Developer","https://www.icsc.com/member/profile/803908"
"Shane Partridge","Certus Development Group","","","","","Texas","Owner/Developer","https://www.icsc.com/member/profile/620741"
"Joe Pastora","Stockdale Investment Group LLC","","","","","Texas","Owner/Developer","https://www.icsc.com/member/profile/526677"
"Tejas Patel","Level Capital","","","","","Texas","Owner/Developer","https://www.icsc.com/member/profile/851567"
"Jags Patel","Q Companies","","","","","Texas","Owner/Developer","https://www.icsc.com/member/profile/785612"
"Keni Patel","Point Acquisitions LLC","","","","","Texas","Owner/Developer","https://www.icsc.com/member/profile/775162"
"Mitesh Patel","Level Capital","","","","","Texas","Owner/Developer","https://www.icsc.com/member/profile/735717"
"Anna Pavlovich","Inland Real Estate Group of Companies, Inc., The","","","","","Texas","Owner/Developer","https://www.icsc.com/member/profile/587216"
"Glenn Pellas","Tannos Development Group, LLC","","","","","Texas","Owner/Developer","https://www.icsc.com/member/profile/855091"
"Scott Pendery","Aspen Community Development, LLC","","","","","Texas","Owner/Developer","https://www.icsc.com/member/profile/628409"
"Hannah Permen","Regency Centers","","","","","Texas","Owner/Developer","https://www.icsc.com/member/profile/842270"
"Kevin Perry","KP3 Investments LLC","","","","","Texas","Owner/Developer","https://www.icsc.com/member/profile/847395"
"Kristina Perry","ASA Properties","","","","","Texas","Owner/Developer","https://www.icsc.com/member/profile/818400"
"Jim Peterson","Virgata Property Company","","","","","Texas","Owner/Developer","https://www.icsc.com/member/profile/689514"
"Jake Petras","E&A Real Estate, LLC","","","","","Texas","Owner/Developer","https://www.icsc.com/member/profile/782437"
"Nicholas Petroff","Petroff Realty & Investments","","","","","Texas","Owner/Developer","https://www.icsc.com/member/profile/801192"
"Todd Petty","Greenway Investment Company","","","","","Texas","Owner/Developer","https://www.icsc.com/member/profile/846554"
"Ryan Petty","Greenway Investment Company","","","","","Texas","Owner/Developer","https://www.icsc.com/member/profile/311808"
"Christina Phan","Tannos Development Group, LLC","","","","","Texas","Owner/Developer","https://www.icsc.com/member/profile/855098"
"Chris Pitts","Main Street Commercial Partners","","","","","Texas","Owner/Developer","https://www.icsc.com/member/profile/296482"
"Joy Plantowsky","Kagan Realty Investors","","","","","Texas","Owner/Developer","https://www.icsc.com/member/profile/657677"
"Melissa Podlasek","The Howard Hughes Corporation","","","","","Texas","Owner/Developer","https://www.icsc.com/member/profile/593419"
"Zach Potts","Chanan Corporation","","","","","Texas","Owner/Developer","https://www.icsc.com/member/profile/867275"
"Randall Potts","Harvest Real Estate","","","","","Texas","Owner/Developer","https://www.icsc.com/member/profile/822563"
"Christopher Powell","Pipeline Realty","","","","","Texas","Owner/Developer","https://www.icsc.com/member/profile/689915"
"DAVID PROBERT","PC CAD","","","","","Texas","Owner/Developer","https://www.icsc.com/member/profile/822158"
"Marty Rader","Dfw Realty Partners Llc","","","","","Texas","Owner/Developer","https://www.icsc.com/member/profile/803013"
"Richard Rainer","Excel Commercial Real Estate, LLC","","","","","Texas","Owner/Developer","https://www.icsc.com/member/profile/847122"
"Jorge Ramirez","De La Vega Capital","","","","","Texas","Owner/Developer","https://www.icsc.com/member/profile/801096"
"Tony Ramji","Victory Real Estate Group","","","","","Texas","Owner/Developer","https://www.icsc.com/member/profile/570370"
"Jeff Ray","RGV Management","","","","","Texas","Owner/Developer","https://www.icsc.com/member/profile/830705"
"Blake Reed","Timmerman Capital","","","","","Texas","Owner/Developer","https://www.icsc.com/member/profile/865750"
"Kenley Reed","Presidium","","","","","Texas","Owner/Developer","https://www.icsc.com/member/profile/846095"
"Jeffrey Reed","Regency Centers","","","","","Texas","Owner/Developer","https://www.icsc.com/member/profile/811565"
"Amy Reid","Pohl Jensen","","","","","Texas","Owner/Developer","https://www.icsc.com/member/profile/776220"
"Chelsea Reiter","Mimco","","","","","Texas","Owner/Developer","https://www.icsc.com/member/profile/819867"
"Scott Remphrey","The Brytar Company","","","","","Texas","Owner/Developer","https://www.icsc.com/member/profile/332650"
"Elizabeth Ricarte, CMD","MetroNational","","","","","Texas","Owner/Developer","https://www.icsc.com/member/profile/100145"
"Reid Richardson","Ashton Gray","","","","","Texas","Owner/Developer","https://www.icsc.com/member/profile/858572"
"Todd Richert","Southstar Communities","","","","","Texas","Owner/Developer","https://www.icsc.com/member/profile/869844"
"Mitchell Rigamonti","Serac Capital Partners","","","","","Texas","Owner/Developer","https://www.icsc.com/member/profile/822489"
"Taylor Roberts","Pinnacle Development","","","","","Texas","Owner/Developer","https://www.icsc.com/member/profile/398980"
"Bobby Dan Roberts","Pinnacle Development","","","","","Texas","Owner/Developer","https://www.icsc.com/member/profile/270834"
"Jared Robertson","Texas Four Bar R Investments, LLC","","","","","Texas","Owner/Developer","https://www.icsc.com/member/profile/806506"
"Eduardo Robinson","Drury Southwest, Inc.","","","","","Texas","Owner/Developer","https://www.icsc.com/member/profile/723965"
"Gabe Rodarte","Vertical Equity","","","","","Texas","Owner/Developer","https://www.icsc.com/member/profile/831114"
"Landon Rodie","JF HOLDINGS","","","","","Texas","Owner/Developer","https://www.icsc.com/member/profile/841389"
"Herman Rodriguez","Majestic Developers","","","","","Texas","Owner/Developer","https://www.icsc.com/member/profile/868050"
"Sohail Roopani","Edloe Realty","","","","","Texas","Owner/Developer","https://www.icsc.com/member/profile/848768"
"Anil Roopani","Edloe Realty","","","","","Texas","Owner/Developer","https://www.icsc.com/member/profile/848767"
"Shehzad Roopani","Edloe Realty","","","","","Texas","Owner/Developer","https://www.icsc.com/member/profile/848763"
"Eric Roseman","Metropolis","","","","","Texas","Owner/Developer","https://www.icsc.com/member/profile/852613"
"Tim Rossi","Guggenheim Retail Real Estate Partners","","","","","Texas","Owner/Developer","https://www.icsc.com/member/profile/635443"
"Ryan Rubenkoenig","Red Tail Acquisitions","","","","","Texas","Owner/Developer","https://www.icsc.com/member/profile/369624"
"Thad Rutherford","Southstar Communities","","","","","Texas","Owner/Developer","https://www.icsc.com/member/profile/869853"
"Jonathan Saad","Danly Properties","","","","","Texas","Owner/Developer","https://www.icsc.com/member/profile/821695"
"George Sakakeeny","AdVenture Development, LLC","","","","","Texas","Owner/Developer","https://www.icsc.com/member/profile/137697"
"Sabrina Sanders","Endeavor Real Estate Group","","","","","Texas","Owner/Developer","https://www.icsc.com/member/profile/832781"
"Patrick Sauer","Mutual Development Company, LLC","","","","","Texas","Owner/Developer","https://www.icsc.com/member/profile/200331"
"McGee Sauls","Mimco","","","","","Texas","Owner/Developer","https://www.icsc.com/member/profile/573710"
"Brian Saxenian","Saxenian Assets","","","","","Texas","Owner/Developer","https://www.icsc.com/member/profile/610554"
"Charles Schaefer","Gentilly LLC","","","","","Texas","Owner/Developer","https://www.icsc.com/member/profile/782966"
"Brandon Schawe CCIM","EDENS","","","","","Texas","Owner/Developer","https://www.icsc.com/member/profile/567695"
"Miles Schiller","Arc Capital Partners","","","","","Texas","Owner/Developer","https://www.icsc.com/member/profile/870672"
"Geoffrey Schnipper","Glen Una Management","","","","","Texas","Owner/Developer","https://www.icsc.com/member/profile/845448"
"Bob Sellingsloh","Wulfe and Co.","","","","","Texas","Owner/Developer","https://www.icsc.com/member/profile/96314"
"Mili Shah","TENANT MANAGERS","","","","","Texas","Owner/Developer","https://www.icsc.com/member/profile/809160"
"NIRAV SHAH","TENANT MANAGERS","","","","","Texas","Owner/Developer","https://www.icsc.com/member/profile/809159"
"Stuart Shapiro","Narrow Bridge Properties","","","","","Texas","Owner/Developer","https://www.icsc.com/member/profile/690316"
"Mohamed Sharaf","Victron Energy","","","","","Texas","Owner/Developer","https://www.icsc.com/member/profile/706917"
"Neel Shetti","Russell Glen Company","","","","","Texas","Owner/Developer","https://www.icsc.com/member/profile/837103"
"Jeffrey Shidler","Campbell Road Partners LLC","","","","","Texas","Owner/Developer","https://www.icsc.com/member/profile/727816"
"Tamara Shubert","Tannos Development Group, LLC","","","","","Texas","Owner/Developer","https://www.icsc.com/member/profile/855094"
"Khalid Siddiqui","Property Exchange Development","","","","","Texas","Owner/Developer","https://www.icsc.com/member/profile/651486"
"Daniel Signorelli","The Signorelli Company","","","","","Texas","Owner/Developer","https://www.icsc.com/member/profile/333040"
"Donald Silverman","MQ Development Companies","","","","","Texas","Owner/Developer","https://www.icsc.com/member/profile/354253"
"Taryn Sims, CRX, CSM","Wulfe and Co.","","","","","Texas","Owner/Developer","https://www.icsc.com/member/profile/196917"
"Cameron (Guy) Slimp","Sensato Development","","","","","Texas","Owner/Developer","https://www.icsc.com/member/profile/845428"
"Schafer Smartt","Larkspur Capital LP","","","","","Texas","Owner/Developer","https://www.icsc.com/member/profile/821679"
"Gage Smith","JF HOLDINGS","","","","","Texas","Owner/Developer","https://www.icsc.com/member/profile/841391"
"Blake Smith","Standridge Companies","","","","","Texas","Owner/Developer","https://www.icsc.com/member/profile/800299"
"Anderson Smith","Main Street Commerical Partners","","","","","Texas","Owner/Developer","https://www.icsc.com/member/profile/367094"
"Jane Snoddy Smith","JAE Law Group, PLLC","","","","","Texas","Owner/Developer","https://www.icsc.com/member/profile/494366"
"John Sobenes","The Rainier Companies","","","","","Texas","Owner/Developer","https://www.icsc.com/member/profile/777963"
"Ali Sohani","2020 Harwin 59 Shopping Centers, LTD.","","","","","Texas","Owner/Developer","https://www.icsc.com/member/profile/847519"
"Barkat Somani","Interflow VC","","","","","Texas","Owner/Developer","https://www.icsc.com/member/profile/832205"
"Stacy Standridge","Standridge Companies","","","","","Texas","Owner/Developer","https://www.icsc.com/member/profile/803015"
"Staton Standridge","Standridge Companies","","","","","Texas","Owner/Developer","https://www.icsc.com/member/profile/781238"
"Riley Standridge","Standridge Companies","","","","","Texas","Owner/Developer","https://www.icsc.com/member/profile/738446"
"Taylor Steed","FourT Realty","","","","","Texas","Owner/Developer","https://www.icsc.com/member/profile/516658"
"Randall Stepp","Ramrock Real Estate LLC","","","","","Texas","Owner/Developer","https://www.icsc.com/member/profile/93945"
"Connor Stewart","TSM Ventures, Inc","","","","","Texas","Owner/Developer","https://www.icsc.com/member/profile/846477"
"Parker Stewart","TSM Ventures, Inc","","","","","Texas","Owner/Developer","https://www.icsc.com/member/profile/642593"
"Jon Stewart","TSM Ventures, Inc","","","","","Texas","Owner/Developer","https://www.icsc.com/member/profile/635823"
"Patrick Stites","The Signorelli Company","","","","","Texas","Owner/Developer","https://www.icsc.com/member/profile/842215"
"Aaron Stoll","Polished Dimes Real Estate, LLC","","","","","Texas","Owner/Developer","https://www.icsc.com/member/profile/312471"
"Luke Stone","Barshop & Oles Company","","","","","Texas","Owner/Developer","https://www.icsc.com/member/profile/727304"
"Audrey Sullivan","JAE Law Group, PLLC","","","","","Texas","Owner/Developer","https://www.icsc.com/member/profile/760801"
"Randy Summers CCIM","Davis Equity Realty","","","","","Texas","Owner/Developer","https://www.icsc.com/member/profile/260366"
"Robert Sussman","Ancorian","","","","","Texas","Owner/Developer","https://www.icsc.com/member/profile/690151"
"Ginny Tannos","Tannos Development Group, LLC","","","","","Texas","Owner/Developer","https://www.icsc.com/member/profile/782242"
"Louis Tannos","Tannos Development Group, LLC","","","","","Texas","Owner/Developer","https://www.icsc.com/member/profile/782241"
"Jonah Tannos","Tannos Development Group, LLC","","","","","Texas","Owner/Developer","https://www.icsc.com/member/profile/739928"
"Tenel Tayar","Fifth Corner","","","","","Texas","Owner/Developer","https://www.icsc.com/member/profile/279478"
"Scott Taylor","The Rainier Companies","","","","","Texas","Owner/Developer","https://www.icsc.com/member/profile/689010"
"Sara Terry","Pacific Elm Properties","","","","","Texas","Owner/Developer","https://www.icsc.com/member/profile/868757"
"Andy Thelen","The Criterion Fund","","","","","Texas","Owner/Developer","https://www.icsc.com/member/profile/699924"
"John Thomas","Marquette Realty,LLC","","","","","Texas","Owner/Developer","https://www.icsc.com/member/profile/453655"
"Rick Thomason","Llano Real Estate Group","","","","","Texas","Owner/Developer","https://www.icsc.com/member/profile/843859"
"Alex Thompson","Encore Commercial","","","","","Texas","Owner/Developer","https://www.icsc.com/member/profile/589008"
"Bonnie Threadgill","EDENS","","","","","Texas","Owner/Developer","https://www.icsc.com/member/profile/295288"
"Matthew Tice","Inland Real Estate Group of Companies, Inc., The","","","","","Texas","Owner/Developer","https://www.icsc.com/member/profile/297774"
"Mark Toon","Puma Development","","","","","Texas","Owner/Developer","https://www.icsc.com/member/profile/801540"
"Joseph Tran","Fifth Corner","","","","","Texas","Owner/Developer","https://www.icsc.com/member/profile/845874"
"Michael Trenary","Standridge Companies","","","","","Texas","Owner/Developer","https://www.icsc.com/member/profile/311495"
"Lequa Tuy","Cedar Creek Urban Development Inc","","","","","Texas","Owner/Developer","https://www.icsc.com/member/profile/853848"
"Trevor Tyson","Haydn Cutler Company","","","","","Texas","Owner/Developer","https://www.icsc.com/member/profile/709539"
"Tracy Underwood","Billingsley Company","","","","","Texas","Owner/Developer","https://www.icsc.com/member/profile/869663"
"Jeremy Utash","J3 Developments LLC","","","","","Texas","Owner/Developer","https://www.icsc.com/member/profile/861408"
"Carolina Vargas","GABO TX DEVELOPMENT LLC","","","","","Texas","Owner/Developer","https://www.icsc.com/member/profile/869219"
"shashi vaswani","ARMS LLC","","","","","Texas","Owner/Developer","https://www.icsc.com/member/profile/778748"
"Amy Vatzlavick","Pohl Jensen","","","","","Texas","Owner/Developer","https://www.icsc.com/member/profile/302157"
"Grisham Vaught","COLONY RIDGE","","","","","Texas","Owner/Developer","https://www.icsc.com/member/profile/822832"
"Paul Vazaldua","Vazaldua and Associates","","","","","Texas","Owner/Developer","https://www.icsc.com/member/profile/800012"
"Sallie Vega","Boot Lake Ranch Property Owner, LLC","","","","","Texas","Owner/Developer","https://www.icsc.com/member/profile/815935"
"Vernon VELDEKENS","Marcel Group","","","","","Texas","Owner/Developer","https://www.icsc.com/member/profile/870598"
"Faisal Vellani","Xceed Capital Group","","","","","Texas","Owner/Developer","https://www.icsc.com/member/profile/847331"
"Alberto Villarreal","Origo Works","","","","","Texas","Owner/Developer","https://www.icsc.com/member/profile/845546"
"Jamail Virani","Level Capital","","","","","Texas","Owner/Developer","https://www.icsc.com/member/profile/807914"
"Jimmy Wachaa","HAZA Group","","","","","Texas","Owner/Developer","https://www.icsc.com/member/profile/675051"
"Neal Wade","Main Street Commercial Partners","","","","","Texas","Owner/Developer","https://www.icsc.com/member/profile/367369"
"Brenna Wadleigh, CRRP","N3 Real Estate","","","","","Texas","Owner/Developer","https://www.icsc.com/member/profile/416642"
"Easley Waggoner Jr","Brownlee Waggoner Holdings, LLC","","","","","Texas","Owner/Developer","https://www.icsc.com/member/profile/139851"
"Scott Walker","Mimco","","","","","Texas","Owner/Developer","https://www.icsc.com/member/profile/352585"
"John Wall Jr","1912 Ventures","","","","","Texas","Owner/Developer","https://www.icsc.com/member/profile/561825"
"William Watson","Direct Partners","","","","","Texas","Owner/Developer","https://www.icsc.com/member/profile/801143"
"Elise Weatherall","Wulfe and Co.","","","","","Texas","Owner/Developer","https://www.icsc.com/member/profile/98792"
"Harrison Weaver","L&B Realty Advisors, LLP","","","","","Texas","Owner/Developer","https://www.icsc.com/member/profile/829285"
"Scott Weaver","Rubicon Realty Group","","","","","Texas","Owner/Developer","https://www.icsc.com/member/profile/130578"
"Hannah Webb","N3 Real Estate","","","","","Texas","Owner/Developer","https://www.icsc.com/member/profile/744201"
"Cody Weiss","LV Collective","","","","","Texas","Owner/Developer","https://www.icsc.com/member/profile/854221"
"Ryleigh Werner","ESW Land Development","","","","","Texas","Owner/Developer","https://www.icsc.com/member/profile/854672"
"Kelly West","JF HOLDINGS","","","","","Texas","Owner/Developer","https://www.icsc.com/member/profile/780250"
"Christopher Westphal","Samara Real Property","","","","","Texas","Owner/Developer","https://www.icsc.com/member/profile/784515"
"Pat Wheat V","Barshop & Oles Company","","","","","Texas","Owner/Developer","https://www.icsc.com/member/profile/619402"
"Livy White","ExchangeRight Real Estate","","","","","Texas","Owner/Developer","https://www.icsc.com/member/profile/869259"
"Chris Whitworth","Cordova Real Estate Ventures","","","","","Texas","Owner/Developer","https://www.icsc.com/member/profile/300817"
"Katherine Wildman","Wulfe and Co.","","","","","Texas","Owner/Developer","https://www.icsc.com/member/profile/96053"
"Adam Williams","Denali Properties","","","","","Texas","Owner/Developer","https://www.icsc.com/member/profile/712816"
"Noah Williams","W Real Estate Management","","","","","Texas","Owner/Developer","https://www.icsc.com/member/profile/533705"
"Will Wilson","Corsair Property Company","","","","","Texas","Owner/Developer","https://www.icsc.com/member/profile/710161"
"Patrick Windley","Las Aquilas","","","","","Texas","Owner/Developer","https://www.icsc.com/member/profile/792976"
"justyn winner","Salient Property Holdings","","","","","Texas","Owner/Developer","https://www.icsc.com/member/profile/852962"
"Grace Withers","MetroNational","","","","","Texas","Owner/Developer","https://www.icsc.com/member/profile/780335"
"Paul Witt","River Central Development","","","","","Texas","Owner/Developer","https://www.icsc.com/member/profile/847353"
"John Womack","Mil Encinos Development, Ltd.","","","","","Texas","Owner/Developer","https://www.icsc.com/member/profile/426433"
"Lee Wong","GCP","","","","","Texas","Owner/Developer","https://www.icsc.com/member/profile/779434"
"Colton Wright","Vista Property Company","","","","","Texas","Owner/Developer","https://www.icsc.com/member/profile/376187"
"Phillip Wrobel LEED AP","Hunt Companies - Hunt Communities","","","","","Texas","Owner/Developer","https://www.icsc.com/member/profile/846833"
"Brandon Yuan","Sinotex Properties","","","","","Texas","Owner/Developer","https://www.icsc.com/member/profile/803243"
"Ethan Zenzen","Majestic Developers","","","","","Texas","Owner/Developer","https://www.icsc.com/member/profile/857960"
"Adam Zimel","Endeavor Real Estate Group","","","","","Texas","Owner/Developer","https://www.icsc.com/member/profile/351578"
"Arthur Zuniga","Fasken Ltd.","","","","","Texas","Owner/Developer","https://www.icsc.com/member/profile/821407"
"Crew Ainge","Utah City","","","","","Utah","Owner/Developer","https://www.icsc.com/member/profile/790337"
"Omar Boudiaf","Boulder Ventures Development","","","","","Utah","Owner/Developer","https://www.icsc.com/member/profile/856046"
"Ryan Bull","Land Reserve","","","","","Utah","Owner/Developer","https://www.icsc.com/member/profile/804332"
"David Cannon","Larry H. Miller Real Estate","","","","","Utah","Owner/Developer","https://www.icsc.com/member/profile/855855"
"Howard Cooke","Gardner Group","","","","","Utah","Owner/Developer","https://www.icsc.com/member/profile/806065"
"Carl Duke","Larry H. Miller Real Estate","","","","","Utah","Owner/Developer","https://www.icsc.com/member/profile/830285"
"Devon Fleetwood","S-DevCorp Inc.","","","","","Utah","Owner/Developer","https://www.icsc.com/member/profile/852670"
"Trevor Gasser","TGI CORP.","","","","","Utah","Owner/Developer","https://www.icsc.com/member/profile/522857"
"John Gust","Arbor Commercial","","","","","Utah","Owner/Developer","https://www.icsc.com/member/profile/221586"
"Dee Hansen","The DRH Company","","","","","Utah","Owner/Developer","https://www.icsc.com/member/profile/336232"
"Jay Hardy","Colmena Group","","","","","Utah","Owner/Developer","https://www.icsc.com/member/profile/853306"
"KEN HOLMAN","Overland Group Inc.","","","","","Utah","Owner/Developer","https://www.icsc.com/member/profile/803990"
"Nate Hutchinson","Utah City","","","","","Utah","Owner/Developer","https://www.icsc.com/member/profile/739522"
"Jonathan Kath","GGP","","","","","Utah","Owner/Developer","https://www.icsc.com/member/profile/858130"
"Rhyand Lund","Red Root LLC","","","","","Utah","Owner/Developer","https://www.icsc.com/member/profile/788659"
"Brent Malili","Forza Development","","","","","Utah","Owner/Developer","https://www.icsc.com/member/profile/803598"
"Craig Martin","Wasatch Commercial Developers","","","","","Utah","Owner/Developer","https://www.icsc.com/member/profile/807755"
"Mark Murdock","Gardner Group","","","","","Utah","Owner/Developer","https://www.icsc.com/member/profile/850863"
"David Murdock","Northpoint Construction and Development LLC","","","","","Utah","Owner/Developer","https://www.icsc.com/member/profile/675939"
"Dell Nichols","DNCRE Development LLC","","","","","Utah","Owner/Developer","https://www.icsc.com/member/profile/808788"
"Russ Orsi","Forza Development","","","","","Utah","Owner/Developer","https://www.icsc.com/member/profile/855764"
"BRAD PETERSEN","Net Lease Capital","","","","","Utah","Owner/Developer","https://www.icsc.com/member/profile/853331"
"Jerry Price","Wasatch Commercial Developers","","","","","Utah","Owner/Developer","https://www.icsc.com/member/profile/833217"
"Race Raddon","Raddon Development","","","","","Utah","Owner/Developer","https://www.icsc.com/member/profile/833033"
"David Rose","Regal Commercial Properties","","","","","Utah","Owner/Developer","https://www.icsc.com/member/profile/808650"
"Leif Smith","Wasatch Commercial Developers","","","","","Utah","Owner/Developer","https://www.icsc.com/member/profile/855686"
"Jason Smith","TerraForm Companies LLC","","","","","Utah","Owner/Developer","https://www.icsc.com/member/profile/493700"
"Nicole Stangl","S-DevCorp Inc.","","","","","Utah","Owner/Developer","https://www.icsc.com/member/profile/852591"
"Matthew Stapley","Land Reserve","","","","","Utah","Owner/Developer","https://www.icsc.com/member/profile/788903"
"Tyler Strong","USFP, LLC","","","","","Utah","Owner/Developer","https://www.icsc.com/member/profile/803336"
"Giano Titolo","Boulder Ventures Development","","","","","Utah","Owner/Developer","https://www.icsc.com/member/profile/856112"
"Matt Wilcox","Wasatch Commercial Developers","","","","","Utah","Owner/Developer","https://www.icsc.com/member/profile/809244"
"Carl Wood","NNN Retail Development","","","","","Utah","Owner/Developer","https://www.icsc.com/member/profile/684781"
"Spencer Wright","Wright Development Group","","","","","Utah","Owner/Developer","https://www.icsc.com/member/profile/832084"
"Jon Yalof","Tanger","","","","","Utah","Owner/Developer","https://www.icsc.com/member/profile/853083"
"Josh Zieglowsky","Diamond Inner Circle Investments","","","","","Utah","Owner/Developer","https://www.icsc.com/member/profile/733938"
"Ben Baci","GrangeStone Development LLC","","","","","Virginia","Owner/Developer","https://www.icsc.com/member/profile/842241"
"Nancy Bhasin","The Peterson Companies","","","","","Virginia","Owner/Developer","https://www.icsc.com/member/profile/847193"
"Rita Bragg","Capital Automotive Real Estate Services","","","","","Virginia","Owner/Developer","https://www.icsc.com/member/profile/870215"
"Todd Buchanan","Interstate Commercial Real Estate Services","","","","","Virginia","Owner/Developer","https://www.icsc.com/member/profile/854201"
"Michael Cherner","Cherner Development Group","","","","","Virginia","Owner/Developer","https://www.icsc.com/member/profile/855078"
"Kimli Cross","The Peterson Companies","","","","","Virginia","Owner/Developer","https://www.icsc.com/member/profile/98990"
"Deirdre Delaporte","Sterling Organization","","","","","Virginia","Owner/Developer","https://www.icsc.com/member/profile/364845"
"Allison Dunleavy","Sifen Inc","","","","","Virginia","Owner/Developer","https://www.icsc.com/member/profile/855054"
"Daniel Figueroa","The Peterson Companies","","","","","Virginia","Owner/Developer","https://www.icsc.com/member/profile/321343"
"Marshall French","Sauer Properties, Inc.","","","","","Virginia","Owner/Developer","https://www.icsc.com/member/profile/846523"
"Liz French","The Peterson Companies","","","","","Virginia","Owner/Developer","https://www.icsc.com/member/profile/741962"
"Daniel Garces","Capital Automotive Real Estate Services","","","","","Virginia","Owner/Developer","https://www.icsc.com/member/profile/870224"
"Vince Gelonese","Macerich","","","","","Virginia","Owner/Developer","https://www.icsc.com/member/profile/797631"
"Roby Hackney","Hackney Real Estate","","","","","Virginia","Owner/Developer","https://www.icsc.com/member/profile/675195"
"Richard Hart","Chain Bridge Capital LLC","","","","","Virginia","Owner/Developer","https://www.icsc.com/member/profile/849509"
"John Hauserman","Riverstone Properties","","","","","Virginia","Owner/Developer","https://www.icsc.com/member/profile/329382"
"Kurt Ivey","Macerich","","","","","Virginia","Owner/Developer","https://www.icsc.com/member/profile/789429"
"Erin Jarquin","The Peterson Companies","","","","","Virginia","Owner/Developer","https://www.icsc.com/member/profile/376568"
"Deirdre Johnson, CRX, CSM","Federal Realty","","","","","Virginia","Owner/Developer","https://www.icsc.com/member/profile/149910"
"PK Kamath","Brownstone Asset Management LLC","","","","","Virginia","Owner/Developer","https://www.icsc.com/member/profile/811152"
"Chadwick King","King Commercial Properties","","","","","Virginia","Owner/Developer","https://www.icsc.com/member/profile/617126"
"April Laney","Regency Centers","","","","","Virginia","Owner/Developer","https://www.icsc.com/member/profile/446099"
"Michael Leon","The Peterson Companies","","","","","Virginia","Owner/Developer","https://www.icsc.com/member/profile/509351"
"Bryan Lytton","The Peterson Companies","","","","","Virginia","Owner/Developer","https://www.icsc.com/member/profile/850853"
"Chelsea Marchant","First National Realty Partners","","","","","Virginia","Owner/Developer","https://www.icsc.com/member/profile/862686"
"Patrick McCormick","Mill Creek Residential","","","","","Virginia","Owner/Developer","https://www.icsc.com/member/profile/750724"
"Kim McEvers","Langley Park Plaza Inc","","","","","Virginia","Owner/Developer","https://www.icsc.com/member/profile/772671"
"reid mene","The Peterson Companies","","","","","Virginia","Owner/Developer","https://www.icsc.com/member/profile/816336"
"John Minich","Elm Street Development, Inc.","","","","","Virginia","Owner/Developer","https://www.icsc.com/member/profile/792502"
"Sarah North","Federal Realty","","","","","Virginia","Owner/Developer","https://www.icsc.com/member/profile/346577"
"Carl Olzawski","Chain Bridge Capital LLC","","","","","Virginia","Owner/Developer","https://www.icsc.com/member/profile/790394"
"Jeff Parana","Potomac Development Group","","","","","Virginia","Owner/Developer","https://www.icsc.com/member/profile/186380"
"Michael Perine","MJP Properties, LLC","","","","","Virginia","Owner/Developer","https://www.icsc.com/member/profile/655215"
"Kelly Price, CSM","The Peterson Companies","","","","","Virginia","Owner/Developer","https://www.icsc.com/member/profile/135252"
"Bronson Reed","Pinnacle Development","","","","","Virginia","Owner/Developer","https://www.icsc.com/member/profile/827999"
"Madison Roach","The Peterson Companies","","","","","Virginia","Owner/Developer","https://www.icsc.com/member/profile/804740"
"Joanna Rothermel, CMD","The Peterson Companies","","","","","Virginia","Owner/Developer","https://www.icsc.com/member/profile/381564"
"Adam Sledd","Sledd Properties","","","","","Virginia","Owner/Developer","https://www.icsc.com/member/profile/334142"
"Melanie Stehmer-Townsend LEED AP","Capital Automotive Real Estate Services","","","","","Virginia","Owner/Developer","https://www.icsc.com/member/profile/797899"
"Juanita Stewart","The Peterson Companies","","","","","Virginia","Owner/Developer","https://www.icsc.com/member/profile/610131"
"Alan Taylor","Riverbend Development","","","","","Virginia","Owner/Developer","https://www.icsc.com/member/profile/691016"
"Season Taylor Esq","The Peterson Companies","","","","","Virginia","Owner/Developer","https://www.icsc.com/member/profile/412612"
"Malay Thakkar","Pushar Group","","","","","Virginia","Owner/Developer","https://www.icsc.com/member/profile/830020"
"Paul Weinschenk, CRRP, CRX","The Peterson Companies","","","","","Virginia","Owner/Developer","https://www.icsc.com/member/profile/192145"
"Mike Ziegler Jr","Eagle Development Group","","","","","Virginia","Owner/Developer","https://www.icsc.com/member/profile/797149"
"Michael Ziegler Sr","Eagle Development Group","","","","","Virginia","Owner/Developer","https://www.icsc.com/member/profile/238597"
"Carsten Belanich","Business Property Development LLC","","","","","Washington","Owner/Developer","https://www.icsc.com/member/profile/812387"
"Marianne Bornhoft","Bornhoft Commercial","","","","","Washington","Owner/Developer","https://www.icsc.com/member/profile/790233"
"Rick Cadwell","The Cadwell Group","","","","","Washington","Owner/Developer","https://www.icsc.com/member/profile/621487"
"Haley Calisher","Hurley Development","","","","","Washington","Owner/Developer","https://www.icsc.com/member/profile/789059"
"Tiana Cooper","Business Property Development LLC","","","","","Washington","Owner/Developer","https://www.icsc.com/member/profile/860779"
"David Copenhaver, CDP","Cascadia Development Partners","","","","","Washington","Owner/Developer","https://www.icsc.com/member/profile/130543"
"Joseph Corsell","The Cafaro Company","","","","","Washington","Owner/Developer","https://www.icsc.com/member/profile/217741"
"Robert Edwin Davis","Three Rivers Development Group LLC","","","","","Washington","Owner/Developer","https://www.icsc.com/member/profile/854028"
"Jamie Fisher","Cascadia Development Partners","","","","","Washington","Owner/Developer","https://www.icsc.com/member/profile/830124"
"Brian Franklin","PMF Capital Management LLC","","","","","Washington","Owner/Developer","https://www.icsc.com/member/profile/541619"
"Karisa Freeman","Powell Development Company","","","","","Washington","Owner/Developer","https://www.icsc.com/member/profile/782853"
"John Frew","Frew Development Group, LLC","","","","","Washington","Owner/Developer","https://www.icsc.com/member/profile/567199"
"J. Trinidad Garibay","Elite Construction & Development, LLC","","","","","Washington","Owner/Developer","https://www.icsc.com/member/profile/851485"
"Ashley Garron, CRRP","Regency Centers","","","","","Washington","Owner/Developer","https://www.icsc.com/member/profile/654491"
"Brandon Haugen","Kalispel Development","","","","","Washington","Owner/Developer","https://www.icsc.com/member/profile/789890"
"Robert Hemmen","Chehalis Tribal Enterprises","","","","","Washington","Owner/Developer","https://www.icsc.com/member/profile/851834"
"Michael Hickey","Business Property Development LLC","","","","","Washington","Owner/Developer","https://www.icsc.com/member/profile/806441"
"Larry Ingraham CCIM","Emerald Properties Brokerage & Development, LLC","","","","","Washington","Owner/Developer","https://www.icsc.com/member/profile/555241"
"James Ivers","Pinnacle of Parnassus Holdings, LLC","","","","","Washington","Owner/Developer","https://www.icsc.com/member/profile/830605"
"Timothy Jackson","PMF Capital Management LLC","","","","","Washington","Owner/Developer","https://www.icsc.com/member/profile/439579"
"Sang Ji","Sang Ji","","","","","Washington","Owner/Developer","https://www.icsc.com/member/profile/806816"
"Austin Johnson","AMJ Development","","","","","Washington","Owner/Developer","https://www.icsc.com/member/profile/738775"
"Gabriel Kamkoff","Lummi Comercail Company","","","","","Washington","Owner/Developer","https://www.icsc.com/member/profile/839351"
"Kristi Keene, CMD","Merlone Geier Management Inc.","","","","","Washington","Owner/Developer","https://www.icsc.com/member/profile/134372"
"Nate Klein","Zaxium","","","","","Washington","Owner/Developer","https://www.icsc.com/member/profile/799978"
"Joseph Lacko","JL Management","","","","","Washington","Owner/Developer","https://www.icsc.com/member/profile/849713"
"Shannon Lambert","PartnershipNW","","","","","Washington","Owner/Developer","https://www.icsc.com/member/profile/854016"
"Joe Lane","The Lane Company, LLC","","","","","Washington","Owner/Developer","https://www.icsc.com/member/profile/803184"
"Corie Leep-Wymer","Business Property Development LLC","","","","","Washington","Owner/Developer","https://www.icsc.com/member/profile/821216"
"Scott Lindgren","Cascadia Development Partners","","","","","Washington","Owner/Developer","https://www.icsc.com/member/profile/162192"
"Douglas Lo","Zolo, LLC","","","","","Washington","Owner/Developer","https://www.icsc.com/member/profile/789624"
"Jordan Matson","Khazad-dum","","","","","Washington","Owner/Developer","https://www.icsc.com/member/profile/787432"
"Mark McDonald","NWCC","","","","","Washington","Owner/Developer","https://www.icsc.com/member/profile/854449"
"Elizabeth McGree","JEM Development Real Estate, Inc.","","","","","Washington","Owner/Developer","https://www.icsc.com/member/profile/769718"
"joseph minder","Creative Commercial Investments , LLC","","","","","Washington","Owner/Developer","https://www.icsc.com/member/profile/770097"
"David Montevideo","The Cafaro Company","","","","","Washington","Owner/Developer","https://www.icsc.com/member/profile/117477"
"AJ Ochoa","Green Pointe Properties, LLC","","","","","Washington","Owner/Developer","https://www.icsc.com/member/profile/802212"
"Jodi Ochoa","Green Pointe Properties, LLC","","","","","Washington","Owner/Developer","https://www.icsc.com/member/profile/802211"
"Callie Ochoa","Green Pointe Properties, LLC","","","","","Washington","Owner/Developer","https://www.icsc.com/member/profile/800980"
"Tim Panos","Panos Properties LLC","","","","","Washington","Owner/Developer","https://www.icsc.com/member/profile/832852"
"heather pereira","Falcon Commercial Assets LLC","","","","","Washington","Owner/Developer","https://www.icsc.com/member/profile/804606"
"Lauren Powell","Powell Development Company","","","","","Washington","Owner/Developer","https://www.icsc.com/member/profile/480906"
"Adam Pushkas","Cascadia Development Partners","","","","","Washington","Owner/Developer","https://www.icsc.com/member/profile/830687"
"Rion Ramirez","Port Madison Enterprises","","","","","Washington","Owner/Developer","https://www.icsc.com/member/profile/809556"
"Sandra Smith","R.K. Getty / Centralia  Outlets LLC.","","","","","Washington","Owner/Developer","https://www.icsc.com/member/profile/96122"
"Joseph Stipic","Chehalis Tribal Enterprises","","","","","Washington","Owner/Developer","https://www.icsc.com/member/profile/852858"
"Charles Sullivan","Merlone Geier Management Inc.","","","","","Washington","Owner/Developer","https://www.icsc.com/member/profile/97171"
"Brynn Estelle Telkamp","Be RETAIL","","","","","Washington","Owner/Developer","https://www.icsc.com/member/profile/239168"
"Julie Tennyson, CMD","Merlone Geier Management Inc.","","","","","Washington","Owner/Developer","https://www.icsc.com/member/profile/256806"
"Maggie Underwood","Hurley Development","","","","","Washington","Owner/Developer","https://www.icsc.com/member/profile/787020"
"Kurt Utterback","Regency Centers","","","","","Washington","Owner/Developer","https://www.icsc.com/member/profile/263403"
"Gary Watters","South Monroe LLC","","","","","Washington","Owner/Developer","https://www.icsc.com/member/profile/782815"
"Leshya Wig","Wig Properties LLC","","","","","Washington","Owner/Developer","https://www.icsc.com/member/profile/245931"
"Manmohan Wig PhD","Wig Properties LLC","","","","","Washington","Owner/Developer","https://www.icsc.com/member/profile/131599"
"Roger Wilson","Wilson Real Estate","","","","","Washington","Owner/Developer","https://www.icsc.com/member/profile/718523"
"Wei Zhang","Winson Investment LLC","","","","","Washington","Owner/Developer","https://www.icsc.com/member/profile/855414"
"Chris Payne","MIRC Development, LLC","","","","","West Virginia","Owner/Developer","https://www.icsc.com/member/profile/855546"
"Garritt Bader","GB Real Estate Investments, LLC","","","","","Wisconsin","Owner/Developer","https://www.icsc.com/member/profile/341484"
"John Bergh","White Box Commercial Property Group","","","","","Wisconsin","Owner/Developer","https://www.icsc.com/member/profile/92539"
"Jamani Bergh","White Box Commercial Property Group","","","","","Wisconsin","Owner/Developer","https://www.icsc.com/member/profile/813139"
"jeno cataldo","JC Capital Corp","","","","","Wisconsin","Owner/Developer","https://www.icsc.com/member/profile/808944"
"Kevin Chumlea","Continental Properties Co., Inc.","","","","","Wisconsin","Owner/Developer","https://www.icsc.com/member/profile/243548"
"John Coons","Diamond Inner Circle Investments","","","","","Wisconsin","Owner/Developer","https://www.icsc.com/member/profile/621265"
"Steve Doran","Galway Companies, Inc.","","","","","Wisconsin","Owner/Developer","https://www.icsc.com/member/profile/301852"
"Charles Gabaldon","Gabaldon Properties","","","","","Wisconsin","Owner/Developer","https://www.icsc.com/member/profile/112049"
"Konner Kearney","Forward Development Group, LLC","","","","","Wisconsin","Owner/Developer","https://www.icsc.com/member/profile/648379"
"Jeff Kraemer","Kraemer Development","","","","","Wisconsin","Owner/Developer","https://www.icsc.com/member/profile/711017"
"Richard Lynn","Lynn Holdings, LLC","","","","","Wisconsin","Owner/Developer","https://www.icsc.com/member/profile/675263"
"Josh Pelletter","Sherman Plaza","","","","","Wisconsin","Owner/Developer","https://www.icsc.com/member/profile/827252"
"Matt Rehbein","Faith Technologies Incorporated","","","","","Wisconsin","Owner/Developer","https://www.icsc.com/member/profile/842018"
"Mike Ring","Park Towne Development","","","","","Wisconsin","Owner/Developer","https://www.icsc.com/member/profile/784498"
"Jimmy Rosen","Somerstone, LLC","","","","","Wisconsin","Owner/Developer","https://www.icsc.com/member/profile/331003"
"Jeffrey Ruidl","Hammes Partners","","","","","Wisconsin","Owner/Developer","https://www.icsc.com/member/profile/787689"
"Peter Siepe","Galway Companies, Inc.","","","","","Wisconsin","Owner/Developer","https://www.icsc.com/member/profile/860735"
"Terrence Wall","T. Wall Enterprises Mgt, LLC","","","","","Wisconsin","Owner/Developer","https://www.icsc.com/member/profile/864672"
"Jeremie Dufault","JWY Investments, LLC","","","","","Wyoming","Owner/Developer","https://www.icsc.com/member/profile/786902"
"Chris Agorsor","Agorsor Equity","","","","","District of Columbia","Owner/Developer","https://www.icsc.com/member/profile/827847"
"Jonathan Blank","EDENS","","","","","District of Columbia","Owner/Developer","https://www.icsc.com/member/profile/420713"
"Gregory Carbone","EDENS","","","","","District of Columbia","Owner/Developer","https://www.icsc.com/member/profile/384514"
"Gregory Carney","CrossCore Investment Group","","","","","District of Columbia","Owner/Developer","https://www.icsc.com/member/profile/763220"
"Joseph Fix","Carderock","","","","","District of Columbia","Owner/Developer","https://www.icsc.com/member/profile/817848"
"Richard Lake","Roadside Development, LLC","","","","","District of Columbia","Owner/Developer","https://www.icsc.com/member/profile/97974"
"Steven Padgett","Gelman Management Company","","","","","District of Columbia","Owner/Developer","https://www.icsc.com/member/profile/398040"
"David Retland","Marshall Heights Community Development Organization, Inc.","","","","","District of Columbia","Owner/Developer","https://www.icsc.com/member/profile/821263"
"Oussama Souadi","Gragg Cardona Souadi","","","","","District of Columbia","Owner/Developer","https://www.icsc.com/member/profile/789573"
"Valerie Zumot","Blake Real Estate, Inc","","","","","District of Columbia","Owner/Developer","https://www.icsc.com/member/profile/653724"
"Luis Carreras","Doramar Plaza","","","","","Puerto Rico","Owner/Developer","https://www.icsc.com/member/profile/420112"
"Adrian Collazo PE","Plaza Juana Diaz, LLC","","","","","Puerto Rico","Owner/Developer","https://www.icsc.com/member/profile/133372"
"Edwin Loubriel-Luna Esq","Fontaineblue Plaza Development Corporation","","","","","Puerto Rico","Owner/Developer","https://www.icsc.com/member/profile/619837"
"Juan Mercado","Rovisan Realty Corporation","","","","","Puerto Rico","Owner/Developer","https://www.icsc.com/member/profile/713903"
"John Abernathy","Blackwater Real Estate, LLC","","","","","Alabama","Owner/Developer","https://www.icsc.com/member/profile/262976"
"Matt Adams","Building & Earth Sciences, Inc.","","","","","Alabama","Owner/Developer","https://www.icsc.com/member/profile/338635"
"Mark Allen","IPCA","","","","","Alabama","Owner/Developer","https://www.icsc.com/member/profile/267123"
"Owen Aronov","Aronov Realty Management, Inc.","","","","","Alabama","Owner/Developer","https://www.icsc.com/member/profile/89773"
"Jake Aronov","Aronov Realty Management, Inc.","","","","","Alabama","Owner/Developer","https://www.icsc.com/member/profile/89771"
"Jeff Barnes CCIM","Stirling","","","","","Alabama","Owner/Developer","https://www.icsc.com/member/profile/558922"
"Steve Barone","Aronov Realty Management, Inc.","","","","","Alabama","Owner/Developer","https://www.icsc.com/member/profile/789094"
"George Barran","Gateway Commercial Brokerage","","","","","Alabama","Owner/Developer","https://www.icsc.com/member/profile/316021"
"Emmette Barran CCIM","Gateway Commercial Brokerage","","","","","Alabama","Owner/Developer","https://www.icsc.com/member/profile/179014"
"William Barrois","Stirling","","","","","Alabama","Owner/Developer","https://www.icsc.com/member/profile/295665"
"John Benner","Genrev Properties","","","","","Alabama","Owner/Developer","https://www.icsc.com/member/profile/856743"
"Steadman Bethea","Stirling","","","","","Alabama","Owner/Developer","https://www.icsc.com/member/profile/748531"
"Carver Boynton-Pearson, CSM","Centennial Real Estate","","","","","Alabama","Owner/Developer","https://www.icsc.com/member/profile/284613"
"Bob Broadway","The Broadway Group","","","","","Alabama","Owner/Developer","https://www.icsc.com/member/profile/334768"
"Stuart Brock","RealtyLink","","","","","Alabama","Owner/Developer","https://www.icsc.com/member/profile/596404"
"Alton Brown III CCIM, CDP, CLS, CRX, CSM","The Pelican Group, Inc.","","","","","Alabama","Owner/Developer","https://www.icsc.com/member/profile/97286"
"Robert Buchalter","Capital Growth Buchalter, Inc","","","","","Alabama","Owner/Developer","https://www.icsc.com/member/profile/222910"
"Philip Burton","Burton Property Group","","","","","Alabama","Owner/Developer","https://www.icsc.com/member/profile/825502"
"Joe Burton Jr","Burton Property Group","","","","","Alabama","Owner/Developer","https://www.icsc.com/member/profile/631596"
"Chuck Callans","The Barber Companies, Inc.","","","","","Alabama","Owner/Developer","https://www.icsc.com/member/profile/96243"
"Jeff Carrico","White-Spunner Construction Corp.","","","","","Alabama","Owner/Developer","https://www.icsc.com/member/profile/276398"
"Alicia Cole","The Broadway Group","","","","","Alabama","Owner/Developer","https://www.icsc.com/member/profile/414393"
"Miller Cooper","Richmond Properties, Inc.","","","","","Alabama","Owner/Developer","https://www.icsc.com/member/profile/797016"
"Carter Cooper","Richmond Properties, Inc.","","","","","Alabama","Owner/Developer","https://www.icsc.com/member/profile/230683"
"Marl Cummings IV","Cummings & Associates, Inc.","","","","","Alabama","Owner/Developer","https://www.icsc.com/member/profile/349822"
"Matt Cummings","Cummings & Associates, Inc.","","","","","Alabama","Owner/Developer","https://www.icsc.com/member/profile/212190"
"Jake Datnoff","Centennial Real Estate","","","","","Alabama","Owner/Developer","https://www.icsc.com/member/profile/417363"
"Ladd Davis","Hix Snedeker Companies","","","","","Alabama","Owner/Developer","https://www.icsc.com/member/profile/592572"
"Michael DeJohn Jr","Capital Growth Buchalter, Inc","","","","","Alabama","Owner/Developer","https://www.icsc.com/member/profile/572439"
"Michael Delaney","Delaney Property Group","","","","","Alabama","Owner/Developer","https://www.icsc.com/member/profile/582914"
"Scott Delaney","Delaney Property Group","","","","","Alabama","Owner/Developer","https://www.icsc.com/member/profile/456907"
"Jeremy Dickinson","Halstead, LLC.","","","","","Alabama","Owner/Developer","https://www.icsc.com/member/profile/371763"
"Andrew Dickman","Stirling","","","","","Alabama","Owner/Developer","https://www.icsc.com/member/profile/619913"
"Daniel Elcan","Elcan and Associates","","","","","Alabama","Owner/Developer","https://www.icsc.com/member/profile/140672"
"Raymond Faircloth","Belterrra Partners","","","","","Alabama","Owner/Developer","https://www.icsc.com/member/profile/722419"
"Reid Fawcett CCIM","Elcan and Associates","","","","","Alabama","Owner/Developer","https://www.icsc.com/member/profile/638778"
"Ken Fioretti","Hix Snedeker Companies","","","","","Alabama","Owner/Developer","https://www.icsc.com/member/profile/855540"
"Kyle Flint","Yates Development, LLC","","","","","Alabama","Owner/Developer","https://www.icsc.com/member/profile/785187"
"Chrissy Freeman","The Broadway Group","","","","","Alabama","Owner/Developer","https://www.icsc.com/member/profile/803075"
"David Fuhrman RPA","College City Realty","","","","","Alabama","Owner/Developer","https://www.icsc.com/member/profile/684420"
"Lindsay Gadd","Hix Snedeker Companies","","","","","Alabama","Owner/Developer","https://www.icsc.com/member/profile/625181"
"David Hagood","Aronov Realty Management, Inc.","","","","","Alabama","Owner/Developer","https://www.icsc.com/member/profile/657969"
"Alyssa Hailey","The Broadway Group","","","","","Alabama","Owner/Developer","https://www.icsc.com/member/profile/867443"
"Elizabeth Hampton","Ming Commercial Real Estate Group","","","","","Alabama","Owner/Developer","https://www.icsc.com/member/profile/787107"
"William Helms","Helms Roark, LLC","","","","","Alabama","Owner/Developer","https://www.icsc.com/member/profile/92199"
"Garrett Hicks","Capital Growth Buchalter, Inc","","","","","Alabama","Owner/Developer","https://www.icsc.com/member/profile/781979"
"H. Ray Hix Jr","Hix Snedeker Companies","","","","","Alabama","Owner/Developer","https://www.icsc.com/member/profile/326789"
"Kristopher Holden","Crawford Square Real Estate Advisors","","","","","Alabama","Owner/Developer","https://www.icsc.com/member/profile/311626"
"Heather Hutto","Aronov Realty Management, Inc.","","","","","Alabama","Owner/Developer","https://www.icsc.com/member/profile/245520"
"Carter Irmscher","Streamline Development Partners, LLC","","","","","Alabama","Owner/Developer","https://www.icsc.com/member/profile/836098"
"Susanna Jackson","Pate Holdings","","","","","Alabama","Owner/Developer","https://www.icsc.com/member/profile/864900"
"John Jackson","Delaney Property Group","","","","","Alabama","Owner/Developer","https://www.icsc.com/member/profile/682134"
"Jerry Jarrett","Victory Real Estate Investments","","","","","Alabama","Owner/Developer","https://www.icsc.com/member/profile/103058"
"Caroline Jenkins McMeans","Centennial Real Estate","","","","","Alabama","Owner/Developer","https://www.icsc.com/member/profile/783356"
"Marie Johnson","IPCA","","","","","Alabama","Owner/Developer","https://www.icsc.com/member/profile/498589"
"Gary Jones, CLS","Aronov Realty Management, Inc.","","","","","Alabama","Owner/Developer","https://www.icsc.com/member/profile/173077"
"Audrey Kim","Hix Snedeker Companies","","","","","Alabama","Owner/Developer","https://www.icsc.com/member/profile/864075"
"Alex Kimbrell","Location Partners, LLC","","","","","Alabama","Owner/Developer","https://www.icsc.com/member/profile/807499"
"Andrew McDonald","Cummings & Associates, Inc.","","","","","Alabama","Owner/Developer","https://www.icsc.com/member/profile/751653"
"D. Scott McLain CCIM","Coldwell Banker Commercial Affiliates, Inc","","","","","Alabama","Owner/Developer","https://www.icsc.com/member/profile/98046"
"Yolanda McLain","Coldwell Banker Commercial Affiliates, Inc","","","","","Alabama","Owner/Developer","https://www.icsc.com/member/profile/488931"
"Kevin McLaughlin, CDP, CRX","Aronov Realty Management, Inc.","","","","","Alabama","Owner/Developer","https://www.icsc.com/member/profile/145736"
"Amy McMullen","Blackwater Real Estate, LLC","","","","","Alabama","Owner/Developer","https://www.icsc.com/member/profile/275143"
"William Ming Jr","Ming Commercial Real Estate Group","","","","","Alabama","Owner/Developer","https://www.icsc.com/member/profile/635796"
"Paul Neuroth","Centennial Real Estate","","","","","Alabama","Owner/Developer","https://www.icsc.com/member/profile/133234"
"Stan Pate IV","Pate Holdings","","","","","Alabama","Owner/Developer","https://www.icsc.com/member/profile/518620"
"Chad Post","Capital Growth Buchalter, Inc","","","","","Alabama","Owner/Developer","https://www.icsc.com/member/profile/362852"
"Gregg Pounders CCIM","Pounders & Associates, Inc.","","","","","Alabama","Owner/Developer","https://www.icsc.com/member/profile/107593"
"Scott Rheams","Hix Snedeker Companies","","","","","Alabama","Owner/Developer","https://www.icsc.com/member/profile/589069"
"Mindy Rohr","Centennial Real Estate","","","","","Alabama","Owner/Developer","https://www.icsc.com/member/profile/821210"
"Zack Rolen","Aronov Realty Management, Inc.","","","","","Alabama","Owner/Developer","https://www.icsc.com/member/profile/101827"
"Jonathan Rudolph","Rudolph Development Group, Inc.","","","","","Alabama","Owner/Developer","https://www.icsc.com/member/profile/212814"
"Woody Rush","Jim Wilson and Associates, LLC.","","","","","Alabama","Owner/Developer","https://www.icsc.com/member/profile/96224"
"Alex Samples","Samples Commercial Real Estate, LLC dba Samples Properties Inc.","","","","","Alabama","Owner/Developer","https://www.icsc.com/member/profile/822781"
"Joseph Schneider","Streamline Development Partners, LLC","","","","","Alabama","Owner/Developer","https://www.icsc.com/member/profile/344182"
"Haymes Snedeker","Hix Snedeker Companies","","","","","Alabama","Owner/Developer","https://www.icsc.com/member/profile/497718"
"Christine Strange","Leeds Retail Center, LLC","","","","","Alabama","Owner/Developer","https://www.icsc.com/member/profile/719503"
"Priscilla Sullivan","Emerald Management Enterprises","","","","","Alabama","Owner/Developer","https://www.icsc.com/member/profile/805167"
"Patrick Sullivan Jr","Crawford Square Real Estate Advisors","","","","","Alabama","Owner/Developer","https://www.icsc.com/member/profile/777737"
"Lynda Terreson","Stirling","","","","","Alabama","Owner/Developer","https://www.icsc.com/member/profile/841116"
"Miller Terry","The Barber Companies, Inc.","","","","","Alabama","Owner/Developer","https://www.icsc.com/member/profile/414029"
"Elizabeth Thomas, CMD","Centennial Real Estate","","","","","Alabama","Owner/Developer","https://www.icsc.com/member/profile/647932"
"Justin Toomey","SVN | Toomey Property Advisors","","","","","Alabama","Owner/Developer","https://www.icsc.com/member/profile/609304"
"Charles Trotman","The Trotman Company, Incorporated","","","","","Alabama","Owner/Developer","https://www.icsc.com/member/profile/96229"
"Charles H. Trotman","The Trotman Company, Incorporated","","","","","Alabama","Owner/Developer","https://www.icsc.com/member/profile/792590"
"Jami Wadkins","Centennial Real Estate","","","","","Alabama","Owner/Developer","https://www.icsc.com/member/profile/620580"
"Steve Wallace, CLS, CRX","Aronov Realty Management, Inc.","","","","","Alabama","Owner/Developer","https://www.icsc.com/member/profile/106961"
"John Whitson","RealtyLink","","","","","Alabama","Owner/Developer","https://www.icsc.com/member/profile/187682"
"Jacob Williamson","Crawford Square Real Estate Advisors","","","","","Alabama","Owner/Developer","https://www.icsc.com/member/profile/771314"
"Brian Wilson","Jim Wilson and Associates, LLC.","","","","","Alabama","Owner/Developer","https://www.icsc.com/member/profile/861877"
"William Wilson, II","Jim Wilson and Associates, LLC.","","","","","Alabama","Owner/Developer","https://www.icsc.com/member/profile/861876"
"Luke Wingo","Blackwater Real Estate, LLC","","","","","Alabama","Owner/Developer","https://www.icsc.com/member/profile/744744"
"Danielle Yance","Capital Growth Buchalter, Inc","","","","","Alabama","Owner/Developer","https://www.icsc.com/member/profile/719470"
"Chris Yates","Yates Development, LLC","","","","","Alabama","Owner/Developer","https://www.icsc.com/member/profile/217432"
"Cycelia Gumennik","Denali Commercial Management","","","","","Alaska","Owner/Developer","https://www.icsc.com/member/profile/315743"
"Rafat Abdeljaber","Diversified Partners","","","","","Arizona","Owner/Developer","https://www.icsc.com/member/profile/783698"
"LeAnn Altenhofen","Western Colloid Roofing Systems","","","","","Arizona","Owner/Developer","https://www.icsc.com/member/profile/622606"
"Taylor Alvey, CLS","Vestar","","","","","Arizona","Owner/Developer","https://www.icsc.com/member/profile/307964"
"Scott Angell","STORE Capital","","","","","Arizona","Owner/Developer","https://www.icsc.com/member/profile/771023"
"Matthew Archer","Barclay Group","","","","","Arizona","Owner/Developer","https://www.icsc.com/member/profile/794860"
"Scott Archer","Barclay Group","","","","","Arizona","Owner/Developer","https://www.icsc.com/member/profile/130665"
"Rose Arck","The Pederson Group, Inc","","","","","Arizona","Owner/Developer","https://www.icsc.com/member/profile/181487"
"Ryan Ash","Vestar","","","","","Arizona","Owner/Developer","https://www.icsc.com/member/profile/724655"
"Paul Asher","Vestar","","","","","Arizona","Owner/Developer","https://www.icsc.com/member/profile/287723"
"Mara Atwell","Broadstone Net Lease, Inc.","","","","","Arizona","Owner/Developer","https://www.icsc.com/member/profile/789346"
"Nick Ault","Edge Realty Partners","","","","","Arizona","Owner/Developer","https://www.icsc.com/member/profile/532062"
"Jeffrey Axtell","Vestar","","","","","Arizona","Owner/Developer","https://www.icsc.com/member/profile/119194"
"Roy Bade","Caliber Companies","","","","","Arizona","Owner/Developer","https://www.icsc.com/member/profile/775149"
"John Badura","Noblewest Real Estate, LLC","","","","","Arizona","Owner/Developer","https://www.icsc.com/member/profile/288960"
"Michael Bar","Big Shopping Centers USA","","","","","Arizona","Owner/Developer","https://www.icsc.com/member/profile/528874"
"Frank Barber","Bourn Companies, LLC","","","","","Arizona","Owner/Developer","https://www.icsc.com/member/profile/812184"
"Franklin Barber","N & M Brokerage Services","","","","","Arizona","Owner/Developer","https://www.icsc.com/member/profile/170900"
"Dennis Barr","Barclay Group","","","","","Arizona","Owner/Developer","https://www.icsc.com/member/profile/177995"
"Emma Barreca","Diversified Partners","","","","","Arizona","Owner/Developer","https://www.icsc.com/member/profile/772820"
"Tom Birdsall","Macerich","","","","","Arizona","Owner/Developer","https://www.icsc.com/member/profile/867256"
"Rodney Boden","ViaWestGroup","","","","","Arizona","Owner/Developer","https://www.icsc.com/member/profile/688513"
"DuWaine Boone","Navajo Nation Shopping Centers","","","","","Arizona","Owner/Developer","https://www.icsc.com/member/profile/841117"
"Don Bourn","Bourn Companies, LLC","","","","","Arizona","Owner/Developer","https://www.icsc.com/member/profile/104760"
"Matthew Braccia","U-Haul International, Inc.","","","","","Arizona","Owner/Developer","https://www.icsc.com/member/profile/104769"
"Patrick Brady","Vestar","","","","","Arizona","Owner/Developer","https://www.icsc.com/member/profile/271257"
"Jennifer Brigham","Macerich","","","","","Arizona","Owner/Developer","https://www.icsc.com/member/profile/339569"
"Norman Brody","Brody Associates, Inc.","","","","","Arizona","Owner/Developer","https://www.icsc.com/member/profile/97517"
"Walter Brown Jr","Diversified Partners","","","","","Arizona","Owner/Developer","https://www.icsc.com/member/profile/95449"
"Amber Brown","Navajo Nation Shopping Centers","","","","","Arizona","Owner/Developer","https://www.icsc.com/member/profile/849657"
"Allen Brown","Kensington Vanguard","","","","","Arizona","Owner/Developer","https://www.icsc.com/member/profile/353377"
"David Bruner","DMB  Inc.","","","","","Arizona","Owner/Developer","https://www.icsc.com/member/profile/95850"
"Parker Burns","Arizona Partners","","","","","Arizona","Owner/Developer","https://www.icsc.com/member/profile/623767"
"Christopher Byrd","Kimco Realty Corporation","","","","","Arizona","Owner/Developer","https://www.icsc.com/member/profile/276991"
"Jeffrey Carpenter","SimonCRE","","","","","Arizona","Owner/Developer","https://www.icsc.com/member/profile/524439"
"Eric Carstensen","CIM Group, Inc.","","","","","Arizona","Owner/Developer","https://www.icsc.com/member/profile/622133"
"Joseph Cattaneo","A & C Properties Inc.","","","","","Arizona","Owner/Developer","https://www.icsc.com/member/profile/89605"
"Kim Choukalas","Macerich","","","","","Arizona","Owner/Developer","https://www.icsc.com/member/profile/179315"
"Michael Clark","Edge Realty Partners","","","","","Arizona","Owner/Developer","https://www.icsc.com/member/profile/278380"
"Cal Coatney","Vestar","","","","","Arizona","Owner/Developer","https://www.icsc.com/member/profile/866883"
"Harrison Cole","Vestar","","","","","Arizona","Owner/Developer","https://www.icsc.com/member/profile/779961"
"John Corritore","The Corritore Company","","","","","Arizona","Owner/Developer","https://www.icsc.com/member/profile/98574"
"Andy Crimmins","VanTrust","","","","","Arizona","Owner/Developer","https://www.icsc.com/member/profile/180955"
"Cindy Czech","Pacific Retail Capital Partners","","","","","Arizona","Owner/Developer","https://www.icsc.com/member/profile/594601"
"Daniel Dahl","YAM Management, LLC","","","","","Arizona","Owner/Developer","https://www.icsc.com/member/profile/496246"
"Terry Dahlstrom","Volk Company","","","","","Arizona","Owner/Developer","https://www.icsc.com/member/profile/121213"
"Katie Dalton","U-Haul International, Inc.","","","","","Arizona","Owner/Developer","https://www.icsc.com/member/profile/817048"
"Amy Dattilo","Diversified Partners","","","","","Arizona","Owner/Developer","https://www.icsc.com/member/profile/818360"
"David Dawson","Sunbelt Investment Holdings Inc","","","","","Arizona","Owner/Developer","https://www.icsc.com/member/profile/784776"
"Michael De Nitto","Oak Cap Ventures LLC","","","","","Arizona","Owner/Developer","https://www.icsc.com/member/profile/724731"
"Martin De Rito","De Rito Partners Development","","","","","Arizona","Owner/Developer","https://www.icsc.com/member/profile/99349"
"Sherry DeCovich","Macerich","","","","","Arizona","Owner/Developer","https://www.icsc.com/member/profile/135408"
"Sofia Demski","Edge Realty Partners","","","","","Arizona","Owner/Developer","https://www.icsc.com/member/profile/815226"
"Todd Dewell","RED Development","","","","","Arizona","Owner/Developer","https://www.icsc.com/member/profile/862892"
"Jarrett Dillon","Sandor Development Company","","","","","Arizona","Owner/Developer","https://www.icsc.com/member/profile/815610"
"Vic Dodier","Dodier & Company, Inc.","","","","","Arizona","Owner/Developer","https://www.icsc.com/member/profile/97584"
"Cameron Done","Macerich","","","","","Arizona","Owner/Developer","https://www.icsc.com/member/profile/517410"
"Trey Eakin","Accelerated Development Services","","","","","Arizona","Owner/Developer","https://www.icsc.com/member/profile/139098"
"Rachel Eckblad","Kimco Realty Corporation","","","","","Arizona","Owner/Developer","https://www.icsc.com/member/profile/770706"
"Justin Eller","Sandor Development Company","","","","","Arizona","Owner/Developer","https://www.icsc.com/member/profile/623915"
"Isaac Figueroa CCIM","Larsen Baker LLC","","","","","Arizona","Owner/Developer","https://www.icsc.com/member/profile/774053"
"Colby Fincham","Barclay Group","","","","","Arizona","Owner/Developer","https://www.icsc.com/member/profile/275326"
"Jacob Flick","STORE Capital","","","","","Arizona","Owner/Developer","https://www.icsc.com/member/profile/852261"
"Rachel Forman","Vestar","","","","","Arizona","Owner/Developer","https://www.icsc.com/member/profile/342176"
"Patrick Gaffney","Realty Income Corporation","","","","","Arizona","Owner/Developer","https://www.icsc.com/member/profile/691427"
"Ingrid Gallardo","Diversified Partners","","","","","Arizona","Owner/Developer","https://www.icsc.com/member/profile/853360"
"Ariel Garcia","Americal Management Company, Inc.","","","","","Arizona","Owner/Developer","https://www.icsc.com/member/profile/353356"
"James Gardner","Barclay Group","","","","","Arizona","Owner/Developer","https://www.icsc.com/member/profile/208333"
"Ken Gatt","The Pederson Group, Inc","","","","","Arizona","Owner/Developer","https://www.icsc.com/member/profile/669508"
"Chelsey Ginder","Crow Holdings","","","","","Arizona","Owner/Developer","https://www.icsc.com/member/profile/469270"
"Howard Grace","W.M. Grace Companies","","","","","Arizona","Owner/Developer","https://www.icsc.com/member/profile/91895"
"Thomas Grace","W.M. Grace Companies","","","","","Arizona","Owner/Developer","https://www.icsc.com/member/profile/482344"
"Andy Greenwood","Macerich","","","","","Arizona","Owner/Developer","https://www.icsc.com/member/profile/528632"
"John Haarala","Macerich","","","","","Arizona","Owner/Developer","https://www.icsc.com/member/profile/631146"
"Lyena Hale","STORE Capital","","","","","Arizona","Owner/Developer","https://www.icsc.com/member/profile/706435"
"Elaine HANSEN","Macerich","","","","","Arizona","Owner/Developer","https://www.icsc.com/member/profile/842920"
"Liesa Harrison","Larry H. Miller Real Estate","","","","","Arizona","Owner/Developer","https://www.icsc.com/member/profile/642412"
"Daniel Haug","Realty Income Corporation","","","","","Arizona","Owner/Developer","https://www.icsc.com/member/profile/343420"
"Rick Hearn","Vestar","","","","","Arizona","Owner/Developer","https://www.icsc.com/member/profile/128346"
"Jake Heims","Thompson Thrift Development Inc.","","","","","Arizona","Owner/Developer","https://www.icsc.com/member/profile/694220"
"Brett Heron","RED Development","","","","","Arizona","Owner/Developer","https://www.icsc.com/member/profile/169645"
"John Herrero","STORE Capital","","","","","Arizona","Owner/Developer","https://www.icsc.com/member/profile/859134"
"Mark Holinger","Frontera Development, LLC","","","","","Arizona","Owner/Developer","https://www.icsc.com/member/profile/201715"
"Dean Ingram","Diversified Partners","","","","","Arizona","Owner/Developer","https://www.icsc.com/member/profile/501471"
"John Jackson","Diversified Partners","","","","","Arizona","Owner/Developer","https://www.icsc.com/member/profile/425982"
"Hunter Jaggard","STORE Capital","","","","","Arizona","Owner/Developer","https://www.icsc.com/member/profile/850507"
"Jaret James","STORE Capital","","","","","Arizona","Owner/Developer","https://www.icsc.com/member/profile/806889"
"Clint Jameson, CDP","CenterPointe CRE","","","","","Arizona","Owner/Developer","https://www.icsc.com/member/profile/277722"
"Melvilena John","Navajo Nation Shopping Centers","","","","","Arizona","Owner/Developer","https://www.icsc.com/member/profile/685514"
"Cathy Johnson","De Rito Partners Development","","","","","Arizona","Owner/Developer","https://www.icsc.com/member/profile/832902"
"Brendan Jost","STORE Capital","","","","","Arizona","Owner/Developer","https://www.icsc.com/member/profile/838625"
"Michael Kallner","RED Development","","","","","Arizona","Owner/Developer","https://www.icsc.com/member/profile/372600"
"Ted Kaminski","Macerich","","","","","Arizona","Owner/Developer","https://www.icsc.com/member/profile/148174"
"Sean Katona","Simplified Properties","","","","","Arizona","Owner/Developer","https://www.icsc.com/member/profile/628458"
"William Kelley","Diamond Ventures, Inc","","","","","Arizona","Owner/Developer","https://www.icsc.com/member/profile/331193"
"Marta Kenny","YAM Management, LLC","","","","","Arizona","Owner/Developer","https://www.icsc.com/member/profile/595874"
"Chong Kestner","Macerich","","","","","Arizona","Owner/Developer","https://www.icsc.com/member/profile/493152"
"Lexi Khoudary","Edge Realty Partners","","","","","Arizona","Owner/Developer","https://www.icsc.com/member/profile/800798"
"Jessica Knab","De Rito Partners Development","","","","","Arizona","Owner/Developer","https://www.icsc.com/member/profile/825028"
"Michael Kobylinski","Macerich","","","","","Arizona","Owner/Developer","https://www.icsc.com/member/profile/853367"
"Melinda Korth","Colliers","","","","","Arizona","Owner/Developer","https://www.icsc.com/member/profile/143407"
"Angie Kory","Vestar","","","","","Arizona","Owner/Developer","https://www.icsc.com/member/profile/441034"
"Paul Kruse","Macerich","","","","","Arizona","Owner/Developer","https://www.icsc.com/member/profile/810322"
"Jessica Kubicki","YAM Management, LLC","","","","","Arizona","Owner/Developer","https://www.icsc.com/member/profile/766924"
"Rick Kuhle","Vestar","","","","","Arizona","Owner/Developer","https://www.icsc.com/member/profile/91394"
"Oneel Kuryakoos","Macerich","","","","","Arizona","Owner/Developer","https://www.icsc.com/member/profile/859017"
"Matthew Ladendorf","CenterPointe Development Group","","","","","Arizona","Owner/Developer","https://www.icsc.com/member/profile/158589"
"Melissa Lal","Larsen Baker LLC","","","","","Arizona","Owner/Developer","https://www.icsc.com/member/profile/400098"
"Collin Landis","Edge Realty Partners","","","","","Arizona","Owner/Developer","https://www.icsc.com/member/profile/849112"
"David Larcher","Vestar","","","","","Arizona","Owner/Developer","https://www.icsc.com/member/profile/91396"
"George Larsen","Larsen Baker LLC","","","","","Arizona","Owner/Developer","https://www.icsc.com/member/profile/139961"
"Andrew Lau","Sandor Development Company","","","","","Arizona","Owner/Developer","https://www.icsc.com/member/profile/524437"
"Mara Leahy, CRRP","RED Development","","","","","Arizona","Owner/Developer","https://www.icsc.com/member/profile/751983"
"Steve Lenz","Frontera Development, LLC","","","","","Arizona","Owner/Developer","https://www.icsc.com/member/profile/266457"
"Mike Leonard","Catalyst Commercial Group","","","","","Arizona","Owner/Developer","https://www.icsc.com/member/profile/267053"
"David Leyvas","Diversified Realty Services","","","","","Arizona","Owner/Developer","https://www.icsc.com/member/profile/184745"
"Daniel Loonam","STORE Capital","","","","","Arizona","Owner/Developer","https://www.icsc.com/member/profile/778482"
"Chris Love","Edge Realty Partners","","","","","Arizona","Owner/Developer","https://www.icsc.com/member/profile/794809"
"Allie Lucyk","Vestar","","","","","Arizona","Owner/Developer","https://www.icsc.com/member/profile/788031"
"Tucker Mackenzie","Hawkins Companies","","","","","Arizona","Owner/Developer","https://www.icsc.com/member/profile/632159"
"David Madrid","Macerich","","","","","Arizona","Owner/Developer","https://www.icsc.com/member/profile/868083"
"David Malin","Scottsdale Development Partners","","","","","Arizona","Owner/Developer","https://www.icsc.com/member/profile/126901"
"Jeff Manelis","The Pederson Group, Inc","","","","","Arizona","Owner/Developer","https://www.icsc.com/member/profile/127930"
"Ryan Manteuffel","Hawkins Companies","","","","","Arizona","Owner/Developer","https://www.icsc.com/member/profile/320205"
"Clint Marchuk","Vestar","","","","","Arizona","Owner/Developer","https://www.icsc.com/member/profile/412427"
"Christine Martin","RED Development","","","","","Arizona","Owner/Developer","https://www.icsc.com/member/profile/568925"
"Robert Mayhew","Diversified Partners","","","","","Arizona","Owner/Developer","https://www.icsc.com/member/profile/112701"
"Jacob McCormick","Paynter Realty & Investments, Inc.","","","","","Arizona","Owner/Developer","https://www.icsc.com/member/profile/849520"
"Patrick McGinley","Vestar","","","","","Arizona","Owner/Developer","https://www.icsc.com/member/profile/120807"
"Sean McMahon, CLS, CRX","Pacific Retail Capital Partners","","","","","Arizona","Owner/Developer","https://www.icsc.com/member/profile/206019"
"Cole Miller","STORE Capital","","","","","Arizona","Owner/Developer","https://www.icsc.com/member/profile/780460"
"Alec Miller","SimonCRE","","","","","Arizona","Owner/Developer","https://www.icsc.com/member/profile/700040"
"Doug Miller","Macerich","","","","","Arizona","Owner/Developer","https://www.icsc.com/member/profile/692392"
"Mark Mitchell","Hawkins Companies","","","","","Arizona","Owner/Developer","https://www.icsc.com/member/profile/854122"
"Martin Mlachak","CIM Group, Inc.","","","","","Arizona","Owner/Developer","https://www.icsc.com/member/profile/784891"
"Matt Morrell","De Rito Partners Development","","","","","Arizona","Owner/Developer","https://www.icsc.com/member/profile/848471"
"Julianna Morton","RED Development","","","","","Arizona","Owner/Developer","https://www.icsc.com/member/profile/788402"
"Lec Mroczek","Artis REIT","","","","","Arizona","Owner/Developer","https://www.icsc.com/member/profile/453472"
"Dax Murray","CIM Group, Inc.","","","","","Arizona","Owner/Developer","https://www.icsc.com/member/profile/789702"
"Garrett Newland","Macerich","","","","","Arizona","Owner/Developer","https://www.icsc.com/member/profile/171569"
"Tim O'Sullivan","Vestar","","","","","Arizona","Owner/Developer","https://www.icsc.com/member/profile/788537"
"Nick Orozco","Sandor Development Company","","","","","Arizona","Owner/Developer","https://www.icsc.com/member/profile/790908"
"Daniel Ortega","Edge Realty Partners","","","","","Arizona","Owner/Developer","https://www.icsc.com/member/profile/283883"
"John Otell","Macerich","","","","","Arizona","Owner/Developer","https://www.icsc.com/member/profile/733399"
"Chase Pancrazi","A.T. Pancrazi Real Estate Services, Inc.","","","","","Arizona","Owner/Developer","https://www.icsc.com/member/profile/830105"
"Thomas Pancrazi","A.T. Pancrazi Real Estate Services, Inc.","","","","","Arizona","Owner/Developer","https://www.icsc.com/member/profile/112517"
"Raveer Pandya","STORE Capital","","","","","Arizona","Owner/Developer","https://www.icsc.com/member/profile/804676"
"Jordan Pardo","Sandor Development Company","","","","","Arizona","Owner/Developer","https://www.icsc.com/member/profile/793535"
"Mike Pearlstein","W.M. Grace Companies","","","","","Arizona","Owner/Developer","https://www.icsc.com/member/profile/160206"
"James Pederson","The Pederson Group, Inc","","","","","Arizona","Owner/Developer","https://www.icsc.com/member/profile/94361"
"James Pederson","The Pederson Group, Inc","","","","","Arizona","Owner/Developer","https://www.icsc.com/member/profile/375711"
"Garrett Pedicini","Avalon Development","","","","","Arizona","Owner/Developer","https://www.icsc.com/member/profile/731095"
"Mechelle Peters","Macerich","","","","","Arizona","Owner/Developer","https://www.icsc.com/member/profile/205289"
"Robert Pollack","Michael A. Pollack Real Estate Investments","","","","","Arizona","Owner/Developer","https://www.icsc.com/member/profile/203473"
"Michael Pollack","Michael A. Pollack Real Estate Investments","","","","","Arizona","Owner/Developer","https://www.icsc.com/member/profile/108161"
"Gabrielle Psioda","Diversified Partners","","","","","Arizona","Owner/Developer","https://www.icsc.com/member/profile/842528"
"Ryan Rahaeuser","Broadstone Net Lease, Inc.","","","","","Arizona","Owner/Developer","https://www.icsc.com/member/profile/469269"
"Scott Rehorn","RED Development","","","","","Arizona","Owner/Developer","https://www.icsc.com/member/profile/115137"
"Jaclyn Reid","Vestar","","","","","Arizona","Owner/Developer","https://www.icsc.com/member/profile/859632"
"Kristina Remon","Diversified Partners","","","","","Arizona","Owner/Developer","https://www.icsc.com/member/profile/669820"
"Carli Richards","Vestar","","","","","Arizona","Owner/Developer","https://www.icsc.com/member/profile/813651"
"Jack Rodrigues","Diversified Partners","","","","","Arizona","Owner/Developer","https://www.icsc.com/member/profile/855584"
"April Ronchetti Little","Realty Income Corporation","","","","","Arizona","Owner/Developer","https://www.icsc.com/member/profile/387694"
"Daniel Rosenberg","STORE Capital","","","","","Arizona","Owner/Developer","https://www.icsc.com/member/profile/817723"
"Eric Salcido","ASI Real Estate Investments LLC","","","","","Arizona","Owner/Developer","https://www.icsc.com/member/profile/809417"
"Stan Sanchez","Diversified Partners","","","","","Arizona","Owner/Developer","https://www.icsc.com/member/profile/860929"
"Miles Sanchez","Vestar","","","","","Arizona","Owner/Developer","https://www.icsc.com/member/profile/153444"
"Jay Schneider","Frontera Development, LLC","","","","","Arizona","Owner/Developer","https://www.icsc.com/member/profile/120205"
"Jeff Schonberger","De Rito Partners Development","","","","","Arizona","Owner/Developer","https://www.icsc.com/member/profile/626524"
"Alexandra Schuchter","Vestar","","","","","Arizona","Owner/Developer","https://www.icsc.com/member/profile/867408"
"Maddie Schwanz","STORE Capital","","","","","Arizona","Owner/Developer","https://www.icsc.com/member/profile/785823"
"Brett Sheets, CLS, CRRP, CRX","Barclay Group","","","","","Arizona","Owner/Developer","https://www.icsc.com/member/profile/226479"
"Joshua Simon","SimonCRE","","","","","Arizona","Owner/Developer","https://www.icsc.com/member/profile/315803"
"Timothy Sloat, CDP","Lowney Architecture","","","","","Arizona","Owner/Developer","https://www.icsc.com/member/profile/560292"
"Parker Slusky","Brody Associates, Inc.","","","","","Arizona","Owner/Developer","https://www.icsc.com/member/profile/858020"
"Sam Smillie","U-Haul International, Inc.","","","","","Arizona","Owner/Developer","https://www.icsc.com/member/profile/815882"
"LeDonna Spongberg","Edge Realty Partners","","","","","Arizona","Owner/Developer","https://www.icsc.com/member/profile/243835"
"Jay Stein","Sandor Development Company","","","","","Arizona","Owner/Developer","https://www.icsc.com/member/profile/108464"
"Shane Stephens, CLS","RED Development","","","","","Arizona","Owner/Developer","https://www.icsc.com/member/profile/393019"
"McKay Stevens","Bourn Companies, LLC","","","","","Arizona","Owner/Developer","https://www.icsc.com/member/profile/776712"
"Jerry Strauss","W.M. Grace Companies","","","","","Arizona","Owner/Developer","https://www.icsc.com/member/profile/90341"
"Matthew Sturcken","Sandor Development Company","","","","","Arizona","Owner/Developer","https://www.icsc.com/member/profile/699865"
"Jason Stych","A & C Ventures","","","","","Arizona","Owner/Developer","https://www.icsc.com/member/profile/513550"
"Alexis Suarez","ASI Real Estate Investments LLC","","","","","Arizona","Owner/Developer","https://www.icsc.com/member/profile/473385"
"Amar Subramanian","Macerich","","","","","Arizona","Owner/Developer","https://www.icsc.com/member/profile/864175"
"Alan Tanner","Bourn Companies, LLC","","","","","Arizona","Owner/Developer","https://www.icsc.com/member/profile/107929"
"Nicholas Taylor","Navajo Nation Shopping Centers","","","","","Arizona","Owner/Developer","https://www.icsc.com/member/profile/730595"
"Lynn Taylor","Whirlygig Properties, LLC","","","","","Arizona","Owner/Developer","https://www.icsc.com/member/profile/391683"
"Kean Thomas","Vestar","","","","","Arizona","Owner/Developer","https://www.icsc.com/member/profile/782527"
"Carson Thrift","Thompson Thrift Development Inc.","","","","","Arizona","Owner/Developer","https://www.icsc.com/member/profile/869447"
"Catherine Tiffany","Realty Income Corporation","","","","","Arizona","Owner/Developer","https://www.icsc.com/member/profile/783640"
"Casey Treadwell","Lyfe Companies, LLC","","","","","Arizona","Owner/Developer","https://www.icsc.com/member/profile/345880"
"Elizabeth Tso","Navajo Nation Shopping Centers","","","","","Arizona","Owner/Developer","https://www.icsc.com/member/profile/321642"
"Pedro Velasco","Rockefeller Group","","","","","Arizona","Owner/Developer","https://www.icsc.com/member/profile/785761"
"Gisselle Villalobos","Macerich","","","","","Arizona","Owner/Developer","https://www.icsc.com/member/profile/842781"
"Michael Volk","STORE Capital","","","","","Arizona","Owner/Developer","https://www.icsc.com/member/profile/831788"
"Colleen Wall","Edge Realty Partners","","","","","Arizona","Owner/Developer","https://www.icsc.com/member/profile/799950"
"Joshua Walls","Accelerated Development Services","","","","","Arizona","Owner/Developer","https://www.icsc.com/member/profile/821225"
"Kristin Walrod","Barclay Group","","","","","Arizona","Owner/Developer","https://www.icsc.com/member/profile/571898"
"Alexcis Ward","Kimco Realty Corporation","","","","","Arizona","Owner/Developer","https://www.icsc.com/member/profile/858566"
"Russell Webb","STORE Capital","","","","","Arizona","Owner/Developer","https://www.icsc.com/member/profile/837978"
"William Whittington","Avalon Development","","","","","Arizona","Owner/Developer","https://www.icsc.com/member/profile/714645"
"Scott Whittington","Avalon Development","","","","","Arizona","Owner/Developer","https://www.icsc.com/member/profile/438028"
"Matthew Williams","Vestar","","","","","Arizona","Owner/Developer","https://www.icsc.com/member/profile/869881"
"Bre Williams","Macerich","","","","","Arizona","Owner/Developer","https://www.icsc.com/member/profile/699917"
"Zuleika Zaragoza","ASI Real Estate Investments LLC","","","","","Arizona","Owner/Developer","https://www.icsc.com/member/profile/863078"
"Mollie Zemer Moroney","Barclay Group","","","","","Arizona","Owner/Developer","https://www.icsc.com/member/profile/639432"
"Brian Ziff","Sandor Development Company","","","","","Arizona","Owner/Developer","https://www.icsc.com/member/profile/555536"
"Matthew Allen","Cushman & Wakefield |Sage Partners","","","","","Arkansas","Owner/Developer","https://www.icsc.com/member/profile/838617"
"Tom Allen","Cushman & Wakefield |Sage Partners","","","","","Arkansas","Owner/Developer","https://www.icsc.com/member/profile/672444"
"Skyler Barnes","Mathias Properties","","","","","Arkansas","Owner/Developer","https://www.icsc.com/member/profile/841874"
"Alex Bennett","Cushman & Wakefield |Sage Partners","","","","","Arkansas","Owner/Developer","https://www.icsc.com/member/profile/793030"
"Alex Blass SIOR CCIM","Cushman & Wakefield |Sage Partners","","","","","Arkansas","Owner/Developer","https://www.icsc.com/member/profile/535242"
"Eric Boen","Commercial Realty, LLC","","","","","Arkansas","Owner/Developer","https://www.icsc.com/member/profile/424441"
"Leonard Boen","Commercial Realty, LLC","","","","","Arkansas","Owner/Developer","https://www.icsc.com/member/profile/184991"
"Jacqueline Boyette","Commercial Realty, LLC","","","","","Arkansas","Owner/Developer","https://www.icsc.com/member/profile/727718"
"Jake Butler","Corolla Capital","","","","","Arkansas","Owner/Developer","https://www.icsc.com/member/profile/785027"
"Grayson Chilton","Ashley Company","","","","","Arkansas","Owner/Developer","https://www.icsc.com/member/profile/696141"
"Stuart Dalrymple","Dalrymple Commercial","","","","","Arkansas","Owner/Developer","https://www.icsc.com/member/profile/383903"
"Natalie Donham","Commercial Realty, LLC","","","","","Arkansas","Owner/Developer","https://www.icsc.com/member/profile/796841"
"Lee DuChanois","Mathias Properties","","","","","Arkansas","Owner/Developer","https://www.icsc.com/member/profile/848935"
"Steve Edwards","GES Inc.","","","","","Arkansas","Owner/Developer","https://www.icsc.com/member/profile/340521"
"David Elrod","Retail Brokers Network","","","","","Arkansas","Owner/Developer","https://www.icsc.com/member/profile/183442"
"Paul Esterer","Moses Tucker Partners","","","","","Arkansas","Owner/Developer","https://www.icsc.com/member/profile/480769"
"Jordan Jeter CCIM","Kelley Commercial Partners","","","","","Arkansas","Owner/Developer","https://www.icsc.com/member/profile/695933"
"Nicholas Kelley Esq","Kelley Commercial Partners","","","","","Arkansas","Owner/Developer","https://www.icsc.com/member/profile/684281"
"Henry Kelley CPM","Kelley Commercial Partners","","","","","Arkansas","Owner/Developer","https://www.icsc.com/member/profile/104113"
"Jeff Kemp","Commercial Realty, LLC","","","","","Arkansas","Owner/Developer","https://www.icsc.com/member/profile/449657"
"Rose Kline","Cushman & Wakefield |Sage Partners","","","","","Arkansas","Owner/Developer","https://www.icsc.com/member/profile/793733"
"Jordan Ligon","Commercial Realty Development Services","","","","","Arkansas","Owner/Developer","https://www.icsc.com/member/profile/567167"
"Gina Maddox","Mathias Properties","","","","","Arkansas","Owner/Developer","https://www.icsc.com/member/profile/734512"
"Sam Mathias","Mathias Properties","","","","","Arkansas","Owner/Developer","https://www.icsc.com/member/profile/168416"
"Jeffrey Maxwell","Whisinvest Realty LLC","","","","","Arkansas","Owner/Developer","https://www.icsc.com/member/profile/140809"
"Chris Monroe","Moses Tucker Partners","","","","","Arkansas","Owner/Developer","https://www.icsc.com/member/profile/671789"
"Jackson Moore","Kelley Commercial Partners","","","","","Arkansas","Owner/Developer","https://www.icsc.com/member/profile/849553"
"Eric Nelson","Moses Tucker Partners","","","","","Arkansas","Owner/Developer","https://www.icsc.com/member/profile/599920"
"Jason Parker","Cushman & Wakefield |Sage Partners","","","","","Arkansas","Owner/Developer","https://www.icsc.com/member/profile/695698"
"Payne Phillips CCIM","Moses Tucker Partners","","","","","Arkansas","Owner/Developer","https://www.icsc.com/member/profile/779062"
"Susan Schickel","Pleasant Ridge Development Company/Schickel Development","","","","","Arkansas","Owner/Developer","https://www.icsc.com/member/profile/722744"
"Diane Scott","Mathias Properties","","","","","Arkansas","Owner/Developer","https://www.icsc.com/member/profile/439308"
"Paxton Singleton","Commercial Realty, LLC","","","","","Arkansas","Owner/Developer","https://www.icsc.com/member/profile/847566"
"Nan Stacy","JAA LLC","","","","","Arkansas","Owner/Developer","https://www.icsc.com/member/profile/809035"
"Matt Strom","Kelley Commercial Partners","","","","","Arkansas","Owner/Developer","https://www.icsc.com/member/profile/669052"
"Eric Varner","Kelley Commercial Partners","","","","","Arkansas","Owner/Developer","https://www.icsc.com/member/profile/785607"
"Kindley Wasson","Kelley Commercial Partners","","","","","Arkansas","Owner/Developer","https://www.icsc.com/member/profile/779088"
"Craig Wilson","Pleasant Ridge Development Company/Schickel Development","","","","","Arkansas","Owner/Developer","https://www.icsc.com/member/profile/787238"
"Joshua Wisdom","Mathias Properties","","","","","Arkansas","Owner/Developer","https://www.icsc.com/member/profile/663618"
"Bradley Aaronson","CIM Group, Inc.","","","","","California","Owner/Developer","https://www.icsc.com/member/profile/806206"
"Derek Abbott","Tejon Ranch Company","","","","","California","Owner/Developer","https://www.icsc.com/member/profile/807894"
"Casey Abe","Rich Development Company","","","","","California","Owner/Developer","https://www.icsc.com/member/profile/518499"
"Anthony Acosta","Duhs Commercial","","","","","California","Owner/Developer","https://www.icsc.com/member/profile/716776"
"Rose Acosta Yonai","Tierra West Advisors, Inc.","","","","","California","Owner/Developer","https://www.icsc.com/member/profile/788412"
"Ivan Aguilera","Sterling Organization","","","","","California","Owner/Developer","https://www.icsc.com/member/profile/565764"
"Varun Akula","CenterCal Properties, LLC","","","","","California","Owner/Developer","https://www.icsc.com/member/profile/854949"
"Gregory Alekian","Komar Investments LLC","","","","","California","Owner/Developer","https://www.icsc.com/member/profile/288088"
"Graham Allchorn","Red Mountain Retail Group, Inc.","","","","","California","Owner/Developer","https://www.icsc.com/member/profile/101184"
"Kelly Allred","A & C Ventures","","","","","California","Owner/Developer","https://www.icsc.com/member/profile/713228"
"Daniel Altman","Weiss Properties Inc.","","","","","California","Owner/Developer","https://www.icsc.com/member/profile/793168"
"Elizabeth Altman","Weiss Properties Inc.","","","","","California","Owner/Developer","https://www.icsc.com/member/profile/118174"
"Kristin Ambrose","Red Mountain Retail Group, Inc.","","","","","California","Owner/Developer","https://www.icsc.com/member/profile/195273"
"George Anagnostopoulos","JH Real Estate Partners","","","","","California","Owner/Developer","https://www.icsc.com/member/profile/784510"
"Ranfie Ancelovici","Kimco Realty Corporation","","","","","California","Owner/Developer","https://www.icsc.com/member/profile/380670"
"Sigurd Anderson, CLS, CRX","City Center Realty Partners, LLC","","","","","California","Owner/Developer","https://www.icsc.com/member/profile/114075"
"Jerry Anderson, CLS","Macerich","","","","","California","Owner/Developer","https://www.icsc.com/member/profile/111379"
"Sam Andes","Irvine Company","","","","","California","Owner/Developer","https://www.icsc.com/member/profile/782505"
"Phil Andrews","Meridian Pacific Ltd.","","","","","California","Owner/Developer","https://www.icsc.com/member/profile/782258"
"Bill Andrews, CSM","Inter-Cal Real Estate Corp.","","","","","California","Owner/Developer","https://www.icsc.com/member/profile/133776"
"Patricia Apel","DJM Capital","","","","","California","Owner/Developer","https://www.icsc.com/member/profile/211130"
"Nader Arjmand","RA Centers","","","","","California","Owner/Developer","https://www.icsc.com/member/profile/500754"
"Raymond Arjmand","RA Centers","","","","","California","Owner/Developer","https://www.icsc.com/member/profile/281303"
"Christian Arrieta","Federal Realty","","","","","California","Owner/Developer","https://www.icsc.com/member/profile/770556"
"Sohail Askarian","CCA Acquisition Company, LLC","","","","","California","Owner/Developer","https://www.icsc.com/member/profile/817824"
"Rod Astarabadi","Pacific Castle Management, Inc","","","","","California","Owner/Developer","https://www.icsc.com/member/profile/273006"
"David Attar","CIM Group, Inc.","","","","","California","Owner/Developer","https://www.icsc.com/member/profile/298659"
"Lorna Auerbach CPM","Auerbach Commercial Realty Corp.","","","","","California","Owner/Developer","https://www.icsc.com/member/profile/644846"
"Henry Avila, CSM","First Washington Realty","","","","","California","Owner/Developer","https://www.icsc.com/member/profile/137144"
"Hugo Aviles","JH Real Estate Partners","","","","","California","Owner/Developer","https://www.icsc.com/member/profile/382228"
"Gregory Azar","Realty Income Corporation","","","","","California","Owner/Developer","https://www.icsc.com/member/profile/830917"
"Tony Baek","TRC","","","","","California","Owner/Developer","https://www.icsc.com/member/profile/788530"
"Brandon Bailey","The Carrington Company","","","","","California","Owner/Developer","https://www.icsc.com/member/profile/299965"
"Brian Baker","Brixmor Property Group","","","","","California","Owner/Developer","https://www.icsc.com/member/profile/367901"
"Danny Bakewell Jr","The Bakewell Company","","","","","California","Owner/Developer","https://www.icsc.com/member/profile/183090"
"Matt Bakke","United Growth","","","","","California","Owner/Developer","https://www.icsc.com/member/profile/277725"
"Tom Baldacci","Argonaut Investments LLC","","","","","California","Owner/Developer","https://www.icsc.com/member/profile/849482"
"Daniel Bani-Esraili","Fine Realty Inc","","","","","California","Owner/Developer","https://www.icsc.com/member/profile/221701"
"Erik Barbic","SBA Commercial","","","","","California","Owner/Developer","https://www.icsc.com/member/profile/363329"
"Christian Barraza","TRC Retail","","","","","California","Owner/Developer","https://www.icsc.com/member/profile/162874"
"John Barry","Realty Income Corporation","","","","","California","Owner/Developer","https://www.icsc.com/member/profile/746506"
"Tyler Barry","Brixmor Property Group","","","","","California","Owner/Developer","https://www.icsc.com/member/profile/500649"
"Nicholas Bartholomew","Centennial Real Estate","","","","","California","Owner/Developer","https://www.icsc.com/member/profile/851775"
"Travis Batts","Pappas Investments","","","","","California","Owner/Developer","https://www.icsc.com/member/profile/779941"
"Heather Beal","Merlone Geier Management Inc.","","","","","California","Owner/Developer","https://www.icsc.com/member/profile/104699"
"Dorian Beaney, CRRP","Irvine Company","","","","","California","Owner/Developer","https://www.icsc.com/member/profile/477920"
"Bobby Beers","AEW Capital Management L.P.","","","","","California","Owner/Developer","https://www.icsc.com/member/profile/746589"
"John Bejjani","Irvine Company","","","","","California","Owner/Developer","https://www.icsc.com/member/profile/827547"
"Dwight Belden","Citivest, Inc.","","","","","California","Owner/Developer","https://www.icsc.com/member/profile/199492"
"Josh Beneda","Lewis Retail Centers","","","","","California","Owner/Developer","https://www.icsc.com/member/profile/772312"
"Randy Bennett","Bennett Construction Services Inc.","","","","","California","Owner/Developer","https://www.icsc.com/member/profile/360987"
"Phil Bensinger","Capital Income Properties","","","","","California","Owner/Developer","https://www.icsc.com/member/profile/393535"
"Brenda Benter, CLS, CRX","Red Mountain Retail Group, Inc.","","","","","California","Owner/Developer","https://www.icsc.com/member/profile/121811"
"Luc Bequette","ACRE Investment Company, LLC","","","","","California","Owner/Developer","https://www.icsc.com/member/profile/832848"
"Austin Berger","Capstone Advisors","","","","","California","Owner/Developer","https://www.icsc.com/member/profile/834745"
"Matthew Berger","Sunbelt Investment Holdings Inc","","","","","California","Owner/Developer","https://www.icsc.com/member/profile/371378"
"Chris Bergmann","Milan Capital Management","","","","","California","Owner/Developer","https://www.icsc.com/member/profile/831432"
"Jeffrey Berkes","Paragon Commercial Group","","","","","California","Owner/Developer","https://www.icsc.com/member/profile/184334"
"Ceasar Bernales","Primestor Development","","","","","California","Owner/Developer","https://www.icsc.com/member/profile/418039"
"Jim Berookhim","Oxford Investment Group, LLC","","","","","California","Owner/Developer","https://www.icsc.com/member/profile/641010"
"Nathan Berti","The Carrington Company","","","","","California","Owner/Developer","https://www.icsc.com/member/profile/736679"
"Michael Berube, CLS, CRX","Berube Company","","","","","California","Owner/Developer","https://www.icsc.com/member/profile/100914"
"Robert Best","Westar Associates","","","","","California","Owner/Developer","https://www.icsc.com/member/profile/96086"
"Christel Best","DealPoint Merrill, LLC","","","","","California","Owner/Developer","https://www.icsc.com/member/profile/775777"
"Scott Best","Best Development Group","","","","","California","Owner/Developer","https://www.icsc.com/member/profile/272953"
"William Bettencourt","Browman Development Company, Inc.","","","","","California","Owner/Developer","https://www.icsc.com/member/profile/575266"
"Rupesh Bhakta","Prism Places","","","","","California","Owner/Developer","https://www.icsc.com/member/profile/790093"
"David Bider","Cypress Investments","","","","","California","Owner/Developer","https://www.icsc.com/member/profile/125163"
"Michael Bilak","Bilak Investments","","","","","California","Owner/Developer","https://www.icsc.com/member/profile/600091"
"Dorian Bilak, CRX, CSM","Bilak Investments","","","","","California","Owner/Developer","https://www.icsc.com/member/profile/154145"
"K.C. Bills","Westwood Financial","","","","","California","Owner/Developer","https://www.icsc.com/member/profile/685364"
"Joshua Bittick","Milan Capital Management","","","","","California","Owner/Developer","https://www.icsc.com/member/profile/760791"
"Jill Black","Black Equities, LLC","","","","","California","Owner/Developer","https://www.icsc.com/member/profile/279954"
"Jack Black","Black Equities, LLC","","","","","California","Owner/Developer","https://www.icsc.com/member/profile/204209"
"Kelly Blanchard","Sims-Grupe Management Corporation, Inc.","","","","","California","Owner/Developer","https://www.icsc.com/member/profile/738245"
"Anthony Blanchard","SyWest Development","","","","","California","Owner/Developer","https://www.icsc.com/member/profile/387587"
"Zachary Blatteis","Kimco Realty Corporation","","","","","California","Owner/Developer","https://www.icsc.com/member/profile/508223"
"Robert Bloom","Duhs Commercial","","","","","California","Owner/Developer","https://www.icsc.com/member/profile/283506"
"David Bohannon II","Bohannon Development Co.","","","","","California","Owner/Developer","https://www.icsc.com/member/profile/90028"
"Scott Bohrer","CenterCal Properties, LLC","","","","","California","Owner/Developer","https://www.icsc.com/member/profile/566751"
"Grant Bollinger","Inter-Cal Real Estate Corp.","","","","","California","Owner/Developer","https://www.icsc.com/member/profile/857415"
"Jason Bollinger","Inter-Cal Real Estate Corp.","","","","","California","Owner/Developer","https://www.icsc.com/member/profile/274211"
"Paul Bollinger","Inter-Cal Real Estate Corp.","","","","","California","Owner/Developer","https://www.icsc.com/member/profile/105593"
"Michel Bolour","Apollo Asset Management, Inc.","","","","","California","Owner/Developer","https://www.icsc.com/member/profile/839978"
"Michael Bolour","Apollo Asset Management, Inc.","","","","","California","Owner/Developer","https://www.icsc.com/member/profile/839348"
"Alan Bornstein","UTW Capital, LLC","","","","","California","Owner/Developer","https://www.icsc.com/member/profile/213395"
"John Bosman","Midtown National Group","","","","","California","Owner/Developer","https://www.icsc.com/member/profile/446943"
"Darren Bovard","NewMark Merrill Companies","","","","","California","Owner/Developer","https://www.icsc.com/member/profile/268779"
"Matthew Boyd","Macerich","","","","","California","Owner/Developer","https://www.icsc.com/member/profile/865762"
"Michael Bracken","Development Management Group, Inc.","","","","","California","Owner/Developer","https://www.icsc.com/member/profile/216779"
"Greg Bradbury","Haagen Company LLC","","","","","California","Owner/Developer","https://www.icsc.com/member/profile/313265"
"Barret Bradley","NewMark Merrill Companies","","","","","California","Owner/Developer","https://www.icsc.com/member/profile/603357"
"Brittney Brailsford","CenterCal Properties, LLC","","","","","California","Owner/Developer","https://www.icsc.com/member/profile/854955"
"Derek Bramwell","Midtown National Group","","","","","California","Owner/Developer","https://www.icsc.com/member/profile/578651"
"Matt Brant","Macerich","","","","","California","Owner/Developer","https://www.icsc.com/member/profile/240289"
"James Brat","Four Corners Property Trust","","","","","California","Owner/Developer","https://www.icsc.com/member/profile/649314"
"Michael Braun","Grit Development","","","","","California","Owner/Developer","https://www.icsc.com/member/profile/288987"
"Melissa Breeden","Realty Income Corporation","","","","","California","Owner/Developer","https://www.icsc.com/member/profile/243549"
"Kimberly Brewer","Unibail-Rodamco-Westfield","","","","","California","Owner/Developer","https://www.icsc.com/member/profile/210146"
"Dawn Bricker","Town Center Management Group, Inc.","","","","","California","Owner/Developer","https://www.icsc.com/member/profile/619241"
"CJ Brill","Transwestern","","","","","California","Owner/Developer","https://www.icsc.com/member/profile/717550"
"Tyler Brockmeier","First Washington Realty","","","","","California","Owner/Developer","https://www.icsc.com/member/profile/812361"
"Courtney Brodie","United Income Properties Inc.","","","","","California","Owner/Developer","https://www.icsc.com/member/profile/506241"
"Darryl Browman","Browman Development Company, Inc.","","","","","California","Owner/Developer","https://www.icsc.com/member/profile/102140"
"Brett Brown","Tejon Ranch Company","","","","","California","Owner/Developer","https://www.icsc.com/member/profile/331936"
"Robert Brown","A & C Ventures","","","","","California","Owner/Developer","https://www.icsc.com/member/profile/265709"
"Phillip Brown, CLS, CRX","Majestic Realty Co.","","","","","California","Owner/Developer","https://www.icsc.com/member/profile/101671"
"Aric Browne","Ethan Christopher, LLC","","","","","California","Owner/Developer","https://www.icsc.com/member/profile/126610"
"Landon Browning","Shea Properties","","","","","California","Owner/Developer","https://www.icsc.com/member/profile/608153"
"Nicholas Bruno PE","Valley Development Company, LLC","","","","","California","Owner/Developer","https://www.icsc.com/member/profile/612466"
"Todd Buckstein, CLS","Kimco Realty Corporation","","","","","California","Owner/Developer","https://www.icsc.com/member/profile/125788"
"Erwin Bucy","Paragon Commercial Group","","","","","California","Owner/Developer","https://www.icsc.com/member/profile/231003"
"Manny Bukiet","Westland Real Estate Group","","","","","California","Owner/Developer","https://www.icsc.com/member/profile/423609"
"Kate Burchfield","Gerrity Group, LLC","","","","","California","Owner/Developer","https://www.icsc.com/member/profile/472708"
"Robert Burgess","California Commercial Properties","","","","","California","Owner/Developer","https://www.icsc.com/member/profile/91987"
"Tyler Burkhart","Pacific Retail Capital Partners","","","","","California","Owner/Developer","https://www.icsc.com/member/profile/630997"
"Nikolas Burmeister","Oak Cap Ventures LLC","","","","","California","Owner/Developer","https://www.icsc.com/member/profile/788180"
"Phil Burnett","California Gold Development","","","","","California","Owner/Developer","https://www.icsc.com/member/profile/870778"
"Scott Burnham","Burnham USA Equities","","","","","California","Owner/Developer","https://www.icsc.com/member/profile/102098"
"Matthew Burns","Kimco Realty Corporation","","","","","California","Owner/Developer","https://www.icsc.com/member/profile/802844"
"Blaine Bush","Strategic Retail Advisors","","","","","California","Owner/Developer","https://www.icsc.com/member/profile/117773"
"Erin Byrne, CLS, CRX","Macerich","","","","","California","Owner/Developer","https://www.icsc.com/member/profile/212121"
"Jerome Caldwell","Macerich","","","","","California","Owner/Developer","https://www.icsc.com/member/profile/611489"
"Colleen Callahan","Realty Income Corporation","","","","","California","Owner/Developer","https://www.icsc.com/member/profile/737775"
"Fabiana Campbell","Realty Income Corporation","","","","","California","Owner/Developer","https://www.icsc.com/member/profile/870724"
"Carole Caplan","GGP","","","","","California","Owner/Developer","https://www.icsc.com/member/profile/277424"
"Chris Carley","Capstone Advisors","","","","","California","Owner/Developer","https://www.icsc.com/member/profile/280382"
"Kerra Carlson","C.J. Segerstrom & Sons","","","","","California","Owner/Developer","https://www.icsc.com/member/profile/812362"
"Kenneth Caron","Lewis Retail Centers","","","","","California","Owner/Developer","https://www.icsc.com/member/profile/197529"
"Michelle Carrillo","Inter-Cal Real Estate Corp.","","","","","California","Owner/Developer","https://www.icsc.com/member/profile/768401"
"Kenny Carswell","Security National Properties","","","","","California","Owner/Developer","https://www.icsc.com/member/profile/700453"
"Kyle Cashen","Realty Income Corporation","","","","","California","Owner/Developer","https://www.icsc.com/member/profile/798419"
"Stephen Cassella","Pacific Retail Capital Partners","","","","","California","Owner/Developer","https://www.icsc.com/member/profile/496482"
"Molly Castles","Boston Properties","","","","","California","Owner/Developer","https://www.icsc.com/member/profile/853709"
"Martin Caverly","Lowe","","","","","California","Owner/Developer","https://www.icsc.com/member/profile/540290"
"Kimberly Cervantes","Red Mountain Retail Group, Inc.","","","","","California","Owner/Developer","https://www.icsc.com/member/profile/805505"
"George Chami Jr","Investment Concepts, Inc.","","","","","California","Owner/Developer","https://www.icsc.com/member/profile/106702"
"Alan Chamorro","Lowe","","","","","California","Owner/Developer","https://www.icsc.com/member/profile/280789"
"Suhail Chandy","Realty Income Corporation","","","","","California","Owner/Developer","https://www.icsc.com/member/profile/824079"
"Michael Chaney","Cypress Developments, LLC","","","","","California","Owner/Developer","https://www.icsc.com/member/profile/801222"
"Jonathan Chang","Pacific Castle Management, Inc","","","","","California","Owner/Developer","https://www.icsc.com/member/profile/586257"
"Mike Charron","Macerich","","","","","California","Owner/Developer","https://www.icsc.com/member/profile/866431"
"Rodney Chase","Chase Centers","","","","","California","Owner/Developer","https://www.icsc.com/member/profile/89670"
"Charlotte Chase","Chase Centers","","","","","California","Owner/Developer","https://www.icsc.com/member/profile/855775"
"Scott Chase","Chase Centers","","","","","California","Owner/Developer","https://www.icsc.com/member/profile/284595"
"Mark Chase","Chase Centers","","","","","California","Owner/Developer","https://www.icsc.com/member/profile/138304"
"Michael Chase","Chase Centers","","","","","California","Owner/Developer","https://www.icsc.com/member/profile/130211"
"Johnathan Chavez","Kahl Investments, Inc","","","","","California","Owner/Developer","https://www.icsc.com/member/profile/720605"
"David Chen","The Kelsey","","","","","California","Owner/Developer","https://www.icsc.com/member/profile/820827"
"Jonson Chen","NewQuest","","","","","California","Owner/Developer","https://www.icsc.com/member/profile/779458"
"Rachel Cheng","Regency Centers","","","","","California","Owner/Developer","https://www.icsc.com/member/profile/846068"
"Justin Cheng","Pacific Castle Management, Inc","","","","","California","Owner/Developer","https://www.icsc.com/member/profile/813375"
"Jason Chiang","Tierra West Advisors, Inc.","","","","","California","Owner/Developer","https://www.icsc.com/member/profile/778777"
"Willis Chin","Shea Properties","","","","","California","Owner/Developer","https://www.icsc.com/member/profile/666267"
"Pat Chism","Reeve-Knight Construction, Inc.","","","","","California","Owner/Developer","https://www.icsc.com/member/profile/844075"
"Erik Chrestensen","Chrestensen Design","","","","","California","Owner/Developer","https://www.icsc.com/member/profile/687049"
"Bonnie Chui","B.C. Realty","","","","","California","Owner/Developer","https://www.icsc.com/member/profile/788855"
"Jae Chung","NewMark Merrill Companies","","","","","California","Owner/Developer","https://www.icsc.com/member/profile/228215"
"Alma Cibrian","Battalion Real Estate","","","","","California","Owner/Developer","https://www.icsc.com/member/profile/833133"
"Alan Clark","Brixmor Property Group","","","","","California","Owner/Developer","https://www.icsc.com/member/profile/816763"
"Bill Cluverius","CenterCal Properties, LLC","","","","","California","Owner/Developer","https://www.icsc.com/member/profile/838145"
"Taylor Cohan","SBA Commercial","","","","","California","Owner/Developer","https://www.icsc.com/member/profile/779137"
"Holly Conger","Valcenters, LLC","","","","","California","Owner/Developer","https://www.icsc.com/member/profile/349385"
"Matthew Connolly","Strong & Hayden","","","","","California","Owner/Developer","https://www.icsc.com/member/profile/170237"
"Rob Conroy","CIM Group, Inc.","","","","","California","Owner/Developer","https://www.icsc.com/member/profile/787195"
"Robby Contreras","Brookhurst Shopping Center","","","","","California","Owner/Developer","https://www.icsc.com/member/profile/807887"
"Beth Copes","Red Mountain Retail Group, Inc.","","","","","California","Owner/Developer","https://www.icsc.com/member/profile/829654"
"Tony Coppolino","Komar Investments LLC","","","","","California","Owner/Developer","https://www.icsc.com/member/profile/851130"
"James Cordano","James J. Cordano Co.","","","","","California","Owner/Developer","https://www.icsc.com/member/profile/104377"
"Steve Corea","JH Real Estate Partners","","","","","California","Owner/Developer","https://www.icsc.com/member/profile/632308"
"Brian Cornelius","RDA, LLC","","","","","California","Owner/Developer","https://www.icsc.com/member/profile/230833"
"Adam Corral","Greens Development","","","","","California","Owner/Developer","https://www.icsc.com/member/profile/779679"
"Albert Corti, CLS, CRX","Corti Retail Strategies, Inc.","","","","","California","Owner/Developer","https://www.icsc.com/member/profile/97150"
"John Couvillion","Realty Income Corporation","","","","","California","Owner/Developer","https://www.icsc.com/member/profile/751991"
"Thomas Cozzolino","Majestic Realty Co.","","","","","California","Owner/Developer","https://www.icsc.com/member/profile/99028"
"Jed Craig","SyWest Development","","","","","California","Owner/Developer","https://www.icsc.com/member/profile/270412"
"Steven Craig","Craig Realty Group","","","","","California","Owner/Developer","https://www.icsc.com/member/profile/134282"
"Chad Cress","DJM Capital","","","","","California","Owner/Developer","https://www.icsc.com/member/profile/700762"
"Carter Crouch","Dynamic Real Estate Partners, LLC","","","","","California","Owner/Developer","https://www.icsc.com/member/profile/389149"
"Gregory Cuda, CLS","Prism Places","","","","","California","Owner/Developer","https://www.icsc.com/member/profile/332034"
"Matt Cuneo","United Growth","","","","","California","Owner/Developer","https://www.icsc.com/member/profile/803511"
"Mark Curran","Centennial Real Estate","","","","","California","Owner/Developer","https://www.icsc.com/member/profile/212967"
"Trevor Currie","Pacifica Companies","","","","","California","Owner/Developer","https://www.icsc.com/member/profile/855970"
"Dillon Curtis","Macerich","","","","","California","Owner/Developer","https://www.icsc.com/member/profile/853192"
"Morgan Curtis","Westar Associates","","","","","California","Owner/Developer","https://www.icsc.com/member/profile/803088"
"Greg Cutler","The Carrington Company","","","","","California","Owner/Developer","https://www.icsc.com/member/profile/559554"
"Jerry Cyncynatus Esq","Irvine Company","","","","","California","Owner/Developer","https://www.icsc.com/member/profile/105343"
"Lemore Czeisler","Pacific Retail Capital Partners","","","","","California","Owner/Developer","https://www.icsc.com/member/profile/791286"
"Ashley Da Costa","First Washington Realty","","","","","California","Owner/Developer","https://www.icsc.com/member/profile/628718"
"Rosanna Dalat","Arnel Commercial Properties","","","","","California","Owner/Developer","https://www.icsc.com/member/profile/164814"
"Rob Dascoli","Pacific Retail Capital Partners","","","","","California","Owner/Developer","https://www.icsc.com/member/profile/772080"
"Darlene David","Macerich","","","","","California","Owner/Developer","https://www.icsc.com/member/profile/379564"
"Alberta Davidson","Davidson+Powers, LLC","","","","","California","Owner/Developer","https://www.icsc.com/member/profile/92069"
"Barry Davis","F&F Capital Group","","","","","California","Owner/Developer","https://www.icsc.com/member/profile/805315"
"Hobie Day","Sims-Grupe Management Corporation, Inc.","","","","","California","Owner/Developer","https://www.icsc.com/member/profile/788790"
"Victor De Melo","Browman Development Company, Inc.","","","","","California","Owner/Developer","https://www.icsc.com/member/profile/156898"
"TONY DEHBOZORGI","CDM Inc.","","","","","California","Owner/Developer","https://www.icsc.com/member/profile/855899"
"Darlah Delgado","Shea Properties","","","","","California","Owner/Developer","https://www.icsc.com/member/profile/93418"
"Vanessa Delgado","Primestor Development","","","","","California","Owner/Developer","https://www.icsc.com/member/profile/303909"
"Gina DellaVecchia","Irvine Company","","","","","California","Owner/Developer","https://www.icsc.com/member/profile/835593"
"Sean Demmon","Realty Income Corporation","","","","","California","Owner/Developer","https://www.icsc.com/member/profile/797500"
"Mark Denholm","ProEquity Asset Management","","","","","California","Owner/Developer","https://www.icsc.com/member/profile/347831"
"Santino Derose","Maven Commercial, Inc.","","","","","California","Owner/Developer","https://www.icsc.com/member/profile/429926"
"George Derrington","Red Mountain Retail Group, Inc.","","","","","California","Owner/Developer","https://www.icsc.com/member/profile/782367"
"Dayna Desmond","Argonaut Investments LLC","","","","","California","Owner/Developer","https://www.icsc.com/member/profile/692045"
"Amanda DeVries","Pacific Retail Capital Partners","","","","","California","Owner/Developer","https://www.icsc.com/member/profile/787501"
"Austin Dias","Duhs Commercial","","","","","California","Owner/Developer","https://www.icsc.com/member/profile/566136"
"Dulce Diaz","Dekra-Lite","","","","","California","Owner/Developer","https://www.icsc.com/member/profile/733763"
"Christian Diaz","Agora Realty & Management","","","","","California","Owner/Developer","https://www.icsc.com/member/profile/733413"
"Matthew Diaz","Centennial","","","","","California","Owner/Developer","https://www.icsc.com/member/profile/522405"
"Rodney Diehl","Boston Properties","","","","","California","Owner/Developer","https://www.icsc.com/member/profile/157212"
"Linda DiLembo","CenterCal Properties, LLC","","","","","California","Owner/Developer","https://www.icsc.com/member/profile/772359"
"David DiNitto","Pacific Retail Capital Partners","","","","","California","Owner/Developer","https://www.icsc.com/member/profile/787778"
"Katie Dixon","Irvine Company","","","","","California","Owner/Developer","https://www.icsc.com/member/profile/821293"
"Peter Doerken","DPI Retail","","","","","California","Owner/Developer","https://www.icsc.com/member/profile/102962"
"Colleen Dolan-Clune","Investcal Realty Corporation","","","","","California","Owner/Developer","https://www.icsc.com/member/profile/152447"
"Tim Dollander","Red Mountain Retail Group, Inc.","","","","","California","Owner/Developer","https://www.icsc.com/member/profile/136478"
"Danielle Dollinger","Dollinger Properties","","","","","California","Owner/Developer","https://www.icsc.com/member/profile/827441"
"David Dollinger","Dollinger Properties","","","","","California","Owner/Developer","https://www.icsc.com/member/profile/144827"
"Andy Domenigoni","Domenigoni Barton Properties","","","","","California","Owner/Developer","https://www.icsc.com/member/profile/392530"
"Shari Dorenkamp","DK Commercial Property Group","","","","","California","Owner/Developer","https://www.icsc.com/member/profile/110433"
"Kelly Dossa","Reynolds & Brown","","","","","California","Owner/Developer","https://www.icsc.com/member/profile/327265"
"Scott Douglas","West Coast Capital","","","","","California","Owner/Developer","https://www.icsc.com/member/profile/202014"
"Janeen Drakulich","Realty Income Corporation","","","","","California","Owner/Developer","https://www.icsc.com/member/profile/372731"
"Katie Drebert","Sims-Grupe Management Corporation, Inc.","","","","","California","Owner/Developer","https://www.icsc.com/member/profile/663440"
"Juan Duenas","AEW Capital Management L.P.","","","","","California","Owner/Developer","https://www.icsc.com/member/profile/332568"
"Jordan DuFault","Shea Properties","","","","","California","Owner/Developer","https://www.icsc.com/member/profile/623231"
"Scott Duhs","Duhs Commercial","","","","","California","Owner/Developer","https://www.icsc.com/member/profile/153976"
"Craig Duhs","Duhs Commercial","","","","","California","Owner/Developer","https://www.icsc.com/member/profile/133576"
"Cozette Dunlap, CSM","D. D. Dunlap Companies, Inc","","","","","California","Owner/Developer","https://www.icsc.com/member/profile/101903"
"Drew Dunzweiler","Pacific Retail Capital Partners","","","","","California","Owner/Developer","https://www.icsc.com/member/profile/770930"
"Jud Dutrisac","Westar Associates","","","","","California","Owner/Developer","https://www.icsc.com/member/profile/123584"
"Jon Dwyer","US Property Trust","","","","","California","Owner/Developer","https://www.icsc.com/member/profile/781894"
"Chris Edgar","Greenberg Gibbons Commercial","","","","","California","Owner/Developer","https://www.icsc.com/member/profile/866904"
"Ryan Edwards","Seagrove LA, LLC","","","","","California","Owner/Developer","https://www.icsc.com/member/profile/604673"
"Ross Edwards","Realty Income Corporation","","","","","California","Owner/Developer","https://www.icsc.com/member/profile/471455"
"Casey Ehrlich","Fred Leeds Properties","","","","","California","Owner/Developer","https://www.icsc.com/member/profile/831483"
"Chad Eisenbud","United Growth","","","","","California","Owner/Developer","https://www.icsc.com/member/profile/353703"
"Sarah Ellis","First Washington Realty","","","","","California","Owner/Developer","https://www.icsc.com/member/profile/556739"
"Ally Ellison, CMD, CRRP","Westar Associates","","","","","California","Owner/Developer","https://www.icsc.com/member/profile/574498"
"SG Ellison","A & C Ventures","","","","","California","Owner/Developer","https://www.icsc.com/member/profile/276518"
"Christopher Emerson","Emerson Properties, Inc.","","","","","California","Owner/Developer","https://www.icsc.com/member/profile/470735"
"Shireen Enayati","CenterCal Properties, LLC","","","","","California","Owner/Developer","https://www.icsc.com/member/profile/434973"
"Gail Enderwood","The Festival Companies","","","","","California","Owner/Developer","https://www.icsc.com/member/profile/783937"
"Thomas Engberg","Loja Group LLC","","","","","California","Owner/Developer","https://www.icsc.com/member/profile/93716"
"Tanner Engelage","Lucescu Realty","","","","","California","Owner/Developer","https://www.icsc.com/member/profile/784772"
"Mark Engstrom","Engstrom Properties Inc.","","","","","California","Owner/Developer","https://www.icsc.com/member/profile/99276"
"Heather Epstein","Irvine Company","","","","","California","Owner/Developer","https://www.icsc.com/member/profile/588798"
"Kenya Erving","CenterCal Properties, LLC","","","","","California","Owner/Developer","https://www.icsc.com/member/profile/612465"
"Christopher Esparza","Robhana Group","","","","","California","Owner/Developer","https://www.icsc.com/member/profile/574022"
"Frederick Evans Jr","Evans Consulting","","","","","California","Owner/Developer","https://www.icsc.com/member/profile/105248"
"Joseph Fahey","Balboa Retail Partners","","","","","California","Owner/Developer","https://www.icsc.com/member/profile/340399"
"Todd Falduti, CRRP","GGP","","","","","California","Owner/Developer","https://www.icsc.com/member/profile/338146"
"Michael Fallas","Retail Ventures 1","","","","","California","Owner/Developer","https://www.icsc.com/member/profile/221804"
"Peter Farag","Red Mountain Retail Group, Inc.","","","","","California","Owner/Developer","https://www.icsc.com/member/profile/812247"
"Motti Farag","Strategic Retail Advisors","","","","","California","Owner/Developer","https://www.icsc.com/member/profile/643924"
"Shimon Farber","CCA Acquisition Company, LLC","","","","","California","Owner/Developer","https://www.icsc.com/member/profile/752983"
"Katalina Farinha","JH Real Estate Partners","","","","","California","Owner/Developer","https://www.icsc.com/member/profile/848463"
"Nikki Faris","KJF Partners, Inc.","","","","","California","Owner/Developer","https://www.icsc.com/member/profile/779290"
"Brandon Farrell","Hall Equities Group","","","","","California","Owner/Developer","https://www.icsc.com/member/profile/144851"
"Michael Fassler","Syufy Enterprises","","","","","California","Owner/Developer","https://www.icsc.com/member/profile/653209"
"Kyle Faulkner","Prism Places","","","","","California","Owner/Developer","https://www.icsc.com/member/profile/832221"
"Richard Feder","GGP","","","","","California","Owner/Developer","https://www.icsc.com/member/profile/196195"
"Marc Feigen","Koss Real Estate Investments","","","","","California","Owner/Developer","https://www.icsc.com/member/profile/708481"
"Erica Feiner","TRC","","","","","California","Owner/Developer","https://www.icsc.com/member/profile/805192"
"Steven Felderman","Regency Centers","","","","","California","Owner/Developer","https://www.icsc.com/member/profile/157022"
"Mark Fergus MRICS","CREDE","","","","","California","Owner/Developer","https://www.icsc.com/member/profile/642508"
"Elliot Feuerstein","Brookhurst Shopping Center","","","","","California","Owner/Developer","https://www.icsc.com/member/profile/90133"
"Brett Feuerstein","Brookhurst Shopping Center","","","","","California","Owner/Developer","https://www.icsc.com/member/profile/296896"
"Nick Fifield","Panorama Development, LLC","","","","","California","Owner/Developer","https://www.icsc.com/member/profile/779158"
"Wes Fifield","Panorama Development, LLC","","","","","California","Owner/Developer","https://www.icsc.com/member/profile/715213"
"Demetri Filios","Manteca Development Group, LLC","","","","","California","Owner/Developer","https://www.icsc.com/member/profile/588146"
"Ryan Fingleton","Realty Income Corporation","","","","","California","Owner/Developer","https://www.icsc.com/member/profile/787504"
"Greg Finley","Brixmor Property Group","","","","","California","Owner/Developer","https://www.icsc.com/member/profile/635735"
"Michael Fletcher","Arcadia Management Services Co","","","","","California","Owner/Developer","https://www.icsc.com/member/profile/468107"
"Michael Florin","Brixmor Property Group","","","","","California","Owner/Developer","https://www.icsc.com/member/profile/635826"
"Stephen Fluhr","Unibail-Rodamco-Westfield","","","","","California","Owner/Developer","https://www.icsc.com/member/profile/246247"
"Jack Fogarty","Realty Income Corporation","","","","","California","Owner/Developer","https://www.icsc.com/member/profile/824361"
"Kelly Fogel","Westwood Financial","","","","","California","Owner/Developer","https://www.icsc.com/member/profile/673691"
"Michael Fogelman","The Pratt Company","","","","","California","Owner/Developer","https://www.icsc.com/member/profile/184150"
"Phil Fontes","ASU Associates","","","","","California","Owner/Developer","https://www.icsc.com/member/profile/131582"
"Kathleen Fox-Limburg","Strategic Retail Advisors","","","","","California","Owner/Developer","https://www.icsc.com/member/profile/146174"
"Brett Foy","Zelman Development Company","","","","","California","Owner/Developer","https://www.icsc.com/member/profile/122998"
"David Frank","DealPoint Merrill, LLC","","","","","California","Owner/Developer","https://www.icsc.com/member/profile/97901"
"Flavia Frattali","Lundin Development Co.","","","","","California","Owner/Developer","https://www.icsc.com/member/profile/132910"
"Melissa Freas","Macerich","","","","","California","Owner/Developer","https://www.icsc.com/member/profile/315622"
"Ryan Friedman","F&F Capital Group","","","","","California","Owner/Developer","https://www.icsc.com/member/profile/788685"
"Dan Frysh","Koss Real Estate Investments","","","","","California","Owner/Developer","https://www.icsc.com/member/profile/861152"
"Julio Fuentes","Kosmont Companies","","","","","California","Owner/Developer","https://www.icsc.com/member/profile/721425"
"Bill Gage","D. D. Dunlap Companies, Inc","","","","","California","Owner/Developer","https://www.icsc.com/member/profile/179139"
"Anand Gala","Gala Corporation","","","","","California","Owner/Developer","https://www.icsc.com/member/profile/200550"
"David Galetto, CRRP","Milan Capital Management","","","","","California","Owner/Developer","https://www.icsc.com/member/profile/784440"
"Daryn Gallaway","Related Companies","","","","","California","Owner/Developer","https://www.icsc.com/member/profile/586593"
"Andrew Gannon","Four Corners Property Trust","","","","","California","Owner/Developer","https://www.icsc.com/member/profile/798836"
"Nic Garcia","Milan Capital Management","","","","","California","Owner/Developer","https://www.icsc.com/member/profile/864038"
"Denise Garcia","Clarion Partners","","","","","California","Owner/Developer","https://www.icsc.com/member/profile/162799"
"Brian Garmo","GC Properties","","","","","California","Owner/Developer","https://www.icsc.com/member/profile/779809"
"Samantha Garnett","Brixmor Property Group","","","","","California","Owner/Developer","https://www.icsc.com/member/profile/869008"
"R. Garrison","Garrison Pacific Properties","","","","","California","Owner/Developer","https://www.icsc.com/member/profile/91742"
"Robert Garrison","Sierra Pacific Properties, Inc.","","","","","California","Owner/Developer","https://www.icsc.com/member/profile/156085"
"Patricia Garza","Auerbach Commercial Realty Corp.","","","","","California","Owner/Developer","https://www.icsc.com/member/profile/809478"
"Zechariah Gaskell","Macerich","","","","","California","Owner/Developer","https://www.icsc.com/member/profile/456384"
"Lori Gast, CLS","Red Mountain Retail Group, Inc.","","","","","California","Owner/Developer","https://www.icsc.com/member/profile/101241"
"Greg Geertsen, CSM","Geertsen Consulting","","","","","California","Owner/Developer","https://www.icsc.com/member/profile/93198"
"Deborah George","Deborah George Development","","","","","California","Owner/Developer","https://www.icsc.com/member/profile/497319"
"Christopher Georges","Harvey Capital Corp.","","","","","California","Owner/Developer","https://www.icsc.com/member/profile/287283"
"Kevin Gerrity","Gerrity Group, LLC","","","","","California","Owner/Developer","https://www.icsc.com/member/profile/306548"
"Scott Gerrity, CRRP, CSM","ACP Management","","","","","California","Owner/Developer","https://www.icsc.com/member/profile/265978"
"Jonathan Gesuale","Red Mountain Retail Group, Inc.","","","","","California","Owner/Developer","https://www.icsc.com/member/profile/226257"
"Greg Giacopuzzi","NewMark Merrill Companies","","","","","California","Owner/Developer","https://www.icsc.com/member/profile/521567"
"Jay Gilberg","Koss Real Estate Investments","","","","","California","Owner/Developer","https://www.icsc.com/member/profile/353484"
"Ty Gilhuly","Primestor Development","","","","","California","Owner/Developer","https://www.icsc.com/member/profile/834102"
"Kenneth Gillett, CSM","Irvine Company","","","","","California","Owner/Developer","https://www.icsc.com/member/profile/112210"
"Chase Gilmore","Irvine Company","","","","","California","Owner/Developer","https://www.icsc.com/member/profile/647211"
"Andrew Giorgianni","McNellis Partners","","","","","California","Owner/Developer","https://www.icsc.com/member/profile/534049"
"Luca Giovanardi","NewMark Merrill Companies","","","","","California","Owner/Developer","https://www.icsc.com/member/profile/288066"
"Benjamin Glabman","ACP Management","","","","","California","Owner/Developer","https://www.icsc.com/member/profile/804429"
"Allan Glenn","Parallel Capital Partners, Inc.","","","","","California","Owner/Developer","https://www.icsc.com/member/profile/806365"
"Alex Glick","Guardian Commercial Real Estate, L.P","","","","","California","Owner/Developer","https://www.icsc.com/member/profile/632167"
"John Glikbarg","Village Properties","","","","","California","Owner/Developer","https://www.icsc.com/member/profile/130982"
"David Gliklich","Farallon Capital","","","","","California","Owner/Developer","https://www.icsc.com/member/profile/757951"
"Nikki Glover","Pacific Retail Capital Partners","","","","","California","Owner/Developer","https://www.icsc.com/member/profile/799126"
"Kyle Godat","Brixton Capital, LLC","","","","","California","Owner/Developer","https://www.icsc.com/member/profile/783028"
"Gail Goldstein","The Shops at Santa Anita","","","","","California","Owner/Developer","https://www.icsc.com/member/profile/799989"
"Cliff Goldstein","GPI Companies","","","","","California","Owner/Developer","https://www.icsc.com/member/profile/142298"
"Trish Gonsalves","Gerrity Group, LLC","","","","","California","Owner/Developer","https://www.icsc.com/member/profile/417338"
"Salvador Gonzales","Lance-Kashian & Company","","","","","California","Owner/Developer","https://www.icsc.com/member/profile/507724"
"Alex Gonzalez","Macerich","","","","","California","Owner/Developer","https://www.icsc.com/member/profile/836251"
"Alicia Gonzalez","Dekra-Lite","","","","","California","Owner/Developer","https://www.icsc.com/member/profile/806628"
"Shelby Gonzalez, SLD","GGP","","","","","California","Owner/Developer","https://www.icsc.com/member/profile/605579"
"Bryan Goodman","Lewis Retail Centers","","","","","California","Owner/Developer","https://www.icsc.com/member/profile/779394"
"John Goodman","Lewis Retail Centers","","","","","California","Owner/Developer","https://www.icsc.com/member/profile/118373"
"Robert Goodwin","Martell Investments, LLC","","","","","California","Owner/Developer","https://www.icsc.com/member/profile/498097"
"Miles Gordon","Lowe","","","","","California","Owner/Developer","https://www.icsc.com/member/profile/529965"
"Kevin Gordon","Gordon Commercial Real Estate","","","","","California","Owner/Developer","https://www.icsc.com/member/profile/508281"
"Lisa Gordon","GGP","","","","","California","Owner/Developer","https://www.icsc.com/member/profile/125000"
"David Gottlieb","Sigo Partners, LLC","","","","","California","Owner/Developer","https://www.icsc.com/member/profile/257539"
"Ethan Grabel","Ethan Christopher, LLC","","","","","California","Owner/Developer","https://www.icsc.com/member/profile/740733"
"Seth Grabel","Ethan Christopher, LLC","","","","","California","Owner/Developer","https://www.icsc.com/member/profile/336179"
"Gary Grabel","Ethan Christopher, LLC","","","","","California","Owner/Developer","https://www.icsc.com/member/profile/103182"
"Thomas Graham, CRRP","Irvine Company","","","","","California","Owner/Developer","https://www.icsc.com/member/profile/581639"
"Lisa M. Gray","Red Mountain Retail Group, Inc.","","","","","California","Owner/Developer","https://www.icsc.com/member/profile/676164"
"Gavin Gray","Brixmor Property Group","","","","","California","Owner/Developer","https://www.icsc.com/member/profile/408056"
"Samantha Greening","Macerich","","","","","California","Owner/Developer","https://www.icsc.com/member/profile/765698"
"David Grieve","A & C Ventures","","","","","California","Owner/Developer","https://www.icsc.com/member/profile/103620"
"Matthew Grinsfelder","Westwood Financial","","","","","California","Owner/Developer","https://www.icsc.com/member/profile/797556"
"Nicole Grossman","ValueRock Realty Partners","","","","","California","Owner/Developer","https://www.icsc.com/member/profile/599198"
"Emily Grube","Pacific Retail Capital Partners","","","","","California","Owner/Developer","https://www.icsc.com/member/profile/851690"
"Michael Guerin, CLS, CRX, CSM","Macerich","","","","","California","Owner/Developer","https://www.icsc.com/member/profile/260211"
"Michelle Gutierrez","Pacific Retail Capital Partners","","","","","California","Owner/Developer","https://www.icsc.com/member/profile/830532"
"Josha Gutkin","Bilak Investments","","","","","California","Owner/Developer","https://www.icsc.com/member/profile/858953"
"Evan Hacker","Macerich","","","","","California","Owner/Developer","https://www.icsc.com/member/profile/859162"
"Jack Hadjinian","Spectrum Properties, Inc.","","","","","California","Owner/Developer","https://www.icsc.com/member/profile/355139"
"Gabe Hagemann","The Carrington Company","","","","","California","Owner/Developer","https://www.icsc.com/member/profile/262367"
"George Hajjar","Realty Income Corporation","","","","","California","Owner/Developer","https://www.icsc.com/member/profile/664542"
"Mark Halbach","Red Mountain Retail Group, Inc.","","","","","California","Owner/Developer","https://www.icsc.com/member/profile/815285"
"Andy Haley","Red Mountain Retail Group, Inc.","","","","","California","Owner/Developer","https://www.icsc.com/member/profile/833402"
"Jennifer Hall","Realty Income Corporation","","","","","California","Owner/Developer","https://www.icsc.com/member/profile/619345"
"Mark Hamermesh","Ethan Christopher, LLC","","","","","California","Owner/Developer","https://www.icsc.com/member/profile/255624"
"Chris Han","The Orden Company, LLC","","","","","California","Owner/Developer","https://www.icsc.com/member/profile/817222"
"David Hanasab","Jenson Capital","","","","","California","Owner/Developer","https://www.icsc.com/member/profile/650902"
"Robert Hanasab","Robhana Group","","","","","California","Owner/Developer","https://www.icsc.com/member/profile/596365"
"Robin Hanasab","Robhana Group","","","","","California","Owner/Developer","https://www.icsc.com/member/profile/567894"
"Krista Hanessian","Komar Investments LLC","","","","","California","Owner/Developer","https://www.icsc.com/member/profile/851129"
"Vache Hanessian","Komar Investments LLC","","","","","California","Owner/Developer","https://www.icsc.com/member/profile/233092"
"Alec Hankins","Realty Income Corporation","","","","","California","Owner/Developer","https://www.icsc.com/member/profile/742693"
"Nick Hanley","Four Corners Property Trust","","","","","California","Owner/Developer","https://www.icsc.com/member/profile/773774"
"Martin Hannigan","GME Development","","","","","California","Owner/Developer","https://www.icsc.com/member/profile/107901"
"Hans Hansson","TCN Worldwide","","","","","California","Owner/Developer","https://www.icsc.com/member/profile/214940"
"Vaughn Hapeman","Marinita Development Co.","","","","","California","Owner/Developer","https://www.icsc.com/member/profile/478492"
"Carol Harder","Red Mountain Retail Group, Inc.","","","","","California","Owner/Developer","https://www.icsc.com/member/profile/163541"
"Brent Hargest","LaSalle Investment Management","","","","","California","Owner/Developer","https://www.icsc.com/member/profile/397742"
"Jessica Harosh","Lehrco Corporation","","","","","California","Owner/Developer","https://www.icsc.com/member/profile/856309"
"Mark Harrigian","Paragon Commercial Group","","","","","California","Owner/Developer","https://www.icsc.com/member/profile/132870"
"Johanna Harris","Pacific Castle Management, Inc","","","","","California","Owner/Developer","https://www.icsc.com/member/profile/480599"
"Michael Hart","Macerich","","","","","California","Owner/Developer","https://www.icsc.com/member/profile/862309"
"Andrew Hartman","City Ventures","","","","","California","Owner/Developer","https://www.icsc.com/member/profile/853541"
"Barclay Harty","Strategic Retail Advisors","","","","","California","Owner/Developer","https://www.icsc.com/member/profile/258189"
"Eliot Hayes","Hughes Investments","","","","","California","Owner/Developer","https://www.icsc.com/member/profile/691347"
"Alicia Hayes","Gerrity Group, LLC","","","","","California","Owner/Developer","https://www.icsc.com/member/profile/296094"
"Dana Haynes","Citivest, Inc.","","","","","California","Owner/Developer","https://www.icsc.com/member/profile/371213"
"Jeffrey Helm","Helm Properties","","","","","California","Owner/Developer","https://www.icsc.com/member/profile/663900"
"Erik Henriksen","Pacifica Companies","","","","","California","Owner/Developer","https://www.icsc.com/member/profile/855971"
"William Henry","Riley Properties","","","","","California","Owner/Developer","https://www.icsc.com/member/profile/95885"
"Terri Henry","Gerrity Group, LLC","","","","","California","Owner/Developer","https://www.icsc.com/member/profile/247015"
"Jessica Herrera","Mycotoo","","","","","California","Owner/Developer","https://www.icsc.com/member/profile/784230"
"Gar Herring, CDP, CRX","The Herring Group","","","","","California","Owner/Developer","https://www.icsc.com/member/profile/128056"
"Aaron Herzberg","Puzzle Group","","","","","California","Owner/Developer","https://www.icsc.com/member/profile/846247"
"Matthew Heslin","Heslin Holdings, Inc.","","","","","California","Owner/Developer","https://www.icsc.com/member/profile/124650"
"Colleen Heydon","Centennial Real Estate","","","","","California","Owner/Developer","https://www.icsc.com/member/profile/658305"
"John Hickman","NewMark Merrill Companies","","","","","California","Owner/Developer","https://www.icsc.com/member/profile/104808"
"Marguerite Hill","Majestic Realty Co.","","","","","California","Owner/Developer","https://www.icsc.com/member/profile/280012"
"Ken Hira","Kosmont Companies","","","","","California","Owner/Developer","https://www.icsc.com/member/profile/204730"
"Samantha Hobert","Heslin Holdings, Inc.","","","","","California","Owner/Developer","https://www.icsc.com/member/profile/772258"
"Robert Hoffman","Tierra West Advisors, Inc.","","","","","California","Owner/Developer","https://www.icsc.com/member/profile/832670"
"Bart Hollander","Rich Development Company","","","","","California","Owner/Developer","https://www.icsc.com/member/profile/126561"
"Ronald Holley","R.H. Properties, LLC","","","","","California","Owner/Developer","https://www.icsc.com/member/profile/138505"
"Julie Holmes","Shea Properties","","","","","California","Owner/Developer","https://www.icsc.com/member/profile/810270"
"Sade Holz","Centennial Real Estate","","","","","California","Owner/Developer","https://www.icsc.com/member/profile/628721"
"Izamar Hook","CIM Group, Inc.","","","","","California","Owner/Developer","https://www.icsc.com/member/profile/854277"
"Shajira Hope","Primestor Development","","","","","California","Owner/Developer","https://www.icsc.com/member/profile/696749"
"John Hopkins","Bristol Development Partners","","","","","California","Owner/Developer","https://www.icsc.com/member/profile/92355"
"Rick Hopper, CLS","WS Development","","","","","California","Owner/Developer","https://www.icsc.com/member/profile/120563"
"Baruch Horowitz","Pacific Property Development","","","","","California","Owner/Developer","https://www.icsc.com/member/profile/843446"
"Peter Houck","Shapell Properties, Inc.","","","","","California","Owner/Developer","https://www.icsc.com/member/profile/278692"
"Nicholas Howell","CIM Group, Inc.","","","","","California","Owner/Developer","https://www.icsc.com/member/profile/778670"
"Nick Hsieh","Brixton Capital, LLC","","","","","California","Owner/Developer","https://www.icsc.com/member/profile/814533"
"Shan Hua","Bohannon Development Co.","","","","","California","Owner/Developer","https://www.icsc.com/member/profile/856525"
"Damon Hubbart","ACRE Investment Company, LLC","","","","","California","Owner/Developer","https://www.icsc.com/member/profile/643564"
"Todd Huber","Paragon Commercial Group","","","","","California","Owner/Developer","https://www.icsc.com/member/profile/720606"
"Callie Huff","Engstrom Properties Inc.","","","","","California","Owner/Developer","https://www.icsc.com/member/profile/782431"
"James Hultquist","Macerich","","","","","California","Owner/Developer","https://www.icsc.com/member/profile/810467"
"Derek Hunter","Hunter Properties, Inc.","","","","","California","Owner/Developer","https://www.icsc.com/member/profile/783240"
"Brandice Hunter","Macerich","","","","","California","Owner/Developer","https://www.icsc.com/member/profile/716901"
"Deke Hunter Jr","Hunter Properties, Inc.","","","","","California","Owner/Developer","https://www.icsc.com/member/profile/112987"
"Youssef Ibrahim","Premier Commercial Brokerage","","","","","California","Owner/Developer","https://www.icsc.com/member/profile/101359"
"Sarah Ifrah","Auerbach Commercial Realty Corp.","","","","","California","Owner/Developer","https://www.icsc.com/member/profile/696527"
"Adam Indihar","Pacific Commercial Investments, Inc.","","","","","California","Owner/Developer","https://www.icsc.com/member/profile/448961"
"Akhil Israni","Pacifica Companies","","","","","California","Owner/Developer","https://www.icsc.com/member/profile/655189"
"Katy Jackson","Pacific Properties","","","","","California","Owner/Developer","https://www.icsc.com/member/profile/828066"
"Erin Jackson","Mann Property Co., Inc.","","","","","California","Owner/Developer","https://www.icsc.com/member/profile/674281"
"Stephen Jackson","Western Colloid Roofing Systems","","","","","California","Owner/Developer","https://www.icsc.com/member/profile/565348"
"Steven Jacobs","F&F Capital Group","","","","","California","Owner/Developer","https://www.icsc.com/member/profile/852136"
"Garret Jacobs","The Carrington Company","","","","","California","Owner/Developer","https://www.icsc.com/member/profile/736758"
"Stephen Jaeger","Argonaut Investments LLC","","","","","California","Owner/Developer","https://www.icsc.com/member/profile/229011"
"Jessica Janes","Macerich","","","","","California","Owner/Developer","https://www.icsc.com/member/profile/605441"
"Jason Jaques","Engstrom Properties Inc.","","","","","California","Owner/Developer","https://www.icsc.com/member/profile/372749"
"Sean Jasperson CCIM","TRC","","","","","California","Owner/Developer","https://www.icsc.com/member/profile/788531"
"Mario Jauregui","ACP Management","","","","","California","Owner/Developer","https://www.icsc.com/member/profile/847923"
"James Jessen","Irvine Company","","","","","California","Owner/Developer","https://www.icsc.com/member/profile/529441"
"Troy Jiang","MCB Real Estate, LLC","","","","","California","Owner/Developer","https://www.icsc.com/member/profile/826555"
"Krista Jiannacopoulos","CCA Acquisition Company, LLC","","","","","California","Owner/Developer","https://www.icsc.com/member/profile/568852"
"Thomas Jirovsky","Kosmont Companies","","","","","California","Owner/Developer","https://www.icsc.com/member/profile/161490"
"Barry Johnson","DealPoint Merrill, LLC","","","","","California","Owner/Developer","https://www.icsc.com/member/profile/802629"
"Thad Johnson","Pappas Investments","","","","","California","Owner/Developer","https://www.icsc.com/member/profile/789062"
"Sydney Johnson","Brixmor Property Group","","","","","California","Owner/Developer","https://www.icsc.com/member/profile/734912"
"Inger Johnson","Regency Centers","","","","","California","Owner/Developer","https://www.icsc.com/member/profile/500725"
"Tab Johnson","Rich Development Company","","","","","California","Owner/Developer","https://www.icsc.com/member/profile/102359"
"Brett Johnston","Westwood Financial","","","","","California","Owner/Developer","https://www.icsc.com/member/profile/514400"
"Craig Jones","Jones Development Group","","","","","California","Owner/Developer","https://www.icsc.com/member/profile/97939"
"Ryan Jones","Red Mountain Retail Group, Inc.","","","","","California","Owner/Developer","https://www.icsc.com/member/profile/837994"
"Skylar Jones","Kimco Realty Corporation","","","","","California","Owner/Developer","https://www.icsc.com/member/profile/770705"
"Timothy Jones","Valley Development Company, LLC","","","","","California","Owner/Developer","https://www.icsc.com/member/profile/406673"
"Lori Jones","The Festival Companies","","","","","California","Owner/Developer","https://www.icsc.com/member/profile/111843"
"Alyssa Joyce","Irvine Company","","","","","California","Owner/Developer","https://www.icsc.com/member/profile/648826"
"Andrew Kadolph","Unibail-Rodamco-Westfield","","","","","California","Owner/Developer","https://www.icsc.com/member/profile/330217"
"Titus Kahl","Kahl Investments, Inc","","","","","California","Owner/Developer","https://www.icsc.com/member/profile/828088"
"Anfisa Kahl","Kahl Investments, Inc","","","","","California","Owner/Developer","https://www.icsc.com/member/profile/823471"
"Bruce Kahl","Kahl Investments, Inc","","","","","California","Owner/Developer","https://www.icsc.com/member/profile/141911"
"Nick Kallins","ACP Management","","","","","California","Owner/Developer","https://www.icsc.com/member/profile/856041"
"Bettina Kallins","ACP Management","","","","","California","Owner/Developer","https://www.icsc.com/member/profile/238244"
"Kyle Kallman","Win Properties, Inc.","","","","","California","Owner/Developer","https://www.icsc.com/member/profile/818035"
"Arsh Kalthia","C.W. Clark, Inc.","","","","","California","Owner/Developer","https://www.icsc.com/member/profile/856135"
"Ryan Kanick","Realty Income Corporation","","","","","California","Owner/Developer","https://www.icsc.com/member/profile/806644"
"Joshua Kaplan","Western Avenue Capital, LLC","","","","","California","Owner/Developer","https://www.icsc.com/member/profile/549455"
"Mark Kaplan","Rossmore Properties, Inc.","","","","","California","Owner/Developer","https://www.icsc.com/member/profile/104189"
"Gary Karl","Pacific Retail Capital Partners","","","","","California","Owner/Developer","https://www.icsc.com/member/profile/102719"
"Ebrahim Kashefi","HR Property Group","","","","","California","Owner/Developer","https://www.icsc.com/member/profile/711797"
"Jordan Kashfian","Vulcan Equities","","","","","California","Owner/Developer","https://www.icsc.com/member/profile/650443"
"Edward Kashian","Lance-Kashian & Company","","","","","California","Owner/Developer","https://www.icsc.com/member/profile/249383"
"John Kashian","Lance-Kashian & Company","","","","","California","Owner/Developer","https://www.icsc.com/member/profile/124527"
"Adam Katz","Katz Kirkpatrick Properties","","","","","California","Owner/Developer","https://www.icsc.com/member/profile/823522"
"Fred Katz","Katz Kirkpatrick Properties","","","","","California","Owner/Developer","https://www.icsc.com/member/profile/347268"
"Kurt Kaufman","BLUE SKY BASIN REALTY PARTNERS","","","","","California","Owner/Developer","https://www.icsc.com/member/profile/724349"
"Kevin Kawashita","United Growth","","","","","California","Owner/Developer","https://www.icsc.com/member/profile/751111"
"James Keefe","AvalonBay Communities, Inc.","","","","","California","Owner/Developer","https://www.icsc.com/member/profile/666717"
"Michelle Keldorf","The Olson Company","","","","","California","Owner/Developer","https://www.icsc.com/member/profile/856936"
"Donald Kelley Jr","Haagen Company LLC","","","","","California","Owner/Developer","https://www.icsc.com/member/profile/231747"
"Cormac Kenan","Brixmor Property Group","","","","","California","Owner/Developer","https://www.icsc.com/member/profile/860103"
"Karen Kennedy, CRX, CSM","National Asset Services Inc","","","","","California","Owner/Developer","https://www.icsc.com/member/profile/125364"
"William Kenney Jr, CLS","The Kenney Company","","","","","California","Owner/Developer","https://www.icsc.com/member/profile/91102"
"John Kent, CRX, CSM","Pacific Oak Properties, Inc.","","","","","California","Owner/Developer","https://www.icsc.com/member/profile/94304"
"Laura Kerl","Boston Properties","","","","","California","Owner/Developer","https://www.icsc.com/member/profile/853703"
"Panos Keshishian","Blue Dot Management, Inc","","","","","California","Owner/Developer","https://www.icsc.com/member/profile/133743"
"Aaron Keswick, CLS","Macerich","","","","","California","Owner/Developer","https://www.icsc.com/member/profile/471442"
"Kristen Kettering","Irvine Company","","","","","California","Owner/Developer","https://www.icsc.com/member/profile/665020"
"Jessica Khajerian","Onni Group of Companies","","","","","California","Owner/Developer","https://www.icsc.com/member/profile/824677"
"Jonathan Khoury","DPI Retail","","","","","California","Owner/Developer","https://www.icsc.com/member/profile/784547"
"Doug Kiel","California Gold Development","","","","","California","Owner/Developer","https://www.icsc.com/member/profile/865745"
"Toni Killeen, CRRP, CRX, CSM","The Festival Companies","","","","","California","Owner/Developer","https://www.icsc.com/member/profile/112953"
"Yong Chul Kim","Pacific Castle Management, Inc","","","","","California","Owner/Developer","https://www.icsc.com/member/profile/851652"
"sangyoon Kim","Pacific Retail Capital Partners","","","","","California","Owner/Developer","https://www.icsc.com/member/profile/842598"
"Krista Kim","Valence LLP","","","","","California","Owner/Developer","https://www.icsc.com/member/profile/765987"
"Andrew Kim","TRC","","","","","California","Owner/Developer","https://www.icsc.com/member/profile/606192"
"John Kim","CenterCal Properties, LLC","","","","","California","Owner/Developer","https://www.icsc.com/member/profile/560141"
"Lance Klug","Reeve-Knight Construction, Inc.","","","","","California","Owner/Developer","https://www.icsc.com/member/profile/210614"
"Jeffrey Koerperick","Realty Income Corporation","","","","","California","Owner/Developer","https://www.icsc.com/member/profile/787606"
"Jonathan Kohn","Levy Affiliated Holdings, LLC","","","","","California","Owner/Developer","https://www.icsc.com/member/profile/435742"
"Scott Kohnen","Realty Income Corporation","","","","","California","Owner/Developer","https://www.icsc.com/member/profile/649136"
"Nick Kolbe","Capstone Advisors","","","","","California","Owner/Developer","https://www.icsc.com/member/profile/786531"
"Vonronica Kolidakis","Realty Income Corporation","","","","","California","Owner/Developer","https://www.icsc.com/member/profile/870721"
"Jordan Koontz","Citivest, Inc.","","","","","California","Owner/Developer","https://www.icsc.com/member/profile/833064"
"Matt Kopsky","Realty Income Corporation","","","","","California","Owner/Developer","https://www.icsc.com/member/profile/787614"
"Larry Kosmont CRE","Kosmont Companies","","","","","California","Owner/Developer","https://www.icsc.com/member/profile/90577"
"Jessica Kraus","Onni Group of Companies","","","","","California","Owner/Developer","https://www.icsc.com/member/profile/830211"
"F Ron Krausz","The Krausz Companies LLC","","","","","California","Owner/Developer","https://www.icsc.com/member/profile/92781"
"Taylor Kuchman","NewMark Merrill Companies","","","","","California","Owner/Developer","https://www.icsc.com/member/profile/835690"
"Thomas Kuehl","TRC","","","","","California","Owner/Developer","https://www.icsc.com/member/profile/318804"
"Lillian Kuo","Shea Properties","","","","","California","Owner/Developer","https://www.icsc.com/member/profile/540060"
"Mika Kurmanaliyeva","TRC","","","","","California","Owner/Developer","https://www.icsc.com/member/profile/777118"
"Timothy Kushner","NetCo Investments, Inc.","","","","","California","Owner/Developer","https://www.icsc.com/member/profile/194770"
"Scott Kyman","Loja Group LLC","","","","","California","Owner/Developer","https://www.icsc.com/member/profile/379139"
"Gregg Lacagnina","Irvine Company","","","","","California","Owner/Developer","https://www.icsc.com/member/profile/255069"
"Michael Lagazo","Alpha Real Estate","","","","","California","Owner/Developer","https://www.icsc.com/member/profile/330699"
"Doreen Lahav","Prism Places","","","","","California","Owner/Developer","https://www.icsc.com/member/profile/788128"
"Anson Lam","Macerich","","","","","California","Owner/Developer","https://www.icsc.com/member/profile/856816"
"James Lam","The Shops at Santa Anita","","","","","California","Owner/Developer","https://www.icsc.com/member/profile/797971"
"David Lam","Duckett-Wilson Development Co.","","","","","California","Owner/Developer","https://www.icsc.com/member/profile/327415"
"Tamara Lam-Plattes","Four Corners Property Trust","","","","","California","Owner/Developer","https://www.icsc.com/member/profile/796362"
"Jeff Landis","Lewis Retail Centers","","","","","California","Owner/Developer","https://www.icsc.com/member/profile/787137"
"David Lang","Brixton Capital, LLC","","","","","California","Owner/Developer","https://www.icsc.com/member/profile/785903"
"William Lang","Commerce Realty","","","","","California","Owner/Developer","https://www.icsc.com/member/profile/342007"
"Jonathan Langford","Brookhurst Shopping Center","","","","","California","Owner/Developer","https://www.icsc.com/member/profile/513046"
"Gabrielle Lardiere","Vestar","","","","","California","Owner/Developer","https://www.icsc.com/member/profile/772085"
"Brad LaRue","United Growth","","","","","California","Owner/Developer","https://www.icsc.com/member/profile/360424"
"Joe Laughlin","Argonaut Investments LLC","","","","","California","Owner/Developer","https://www.icsc.com/member/profile/598433"
"Anne Law, CMD","Sudberry Properties, Inc.","","","","","California","Owner/Developer","https://www.icsc.com/member/profile/521893"
"Bob Layne","Red Mountain Retail Group, Inc.","","","","","California","Owner/Developer","https://www.icsc.com/member/profile/783809"
"Austin Leary","Westwood Financial","","","","","California","Owner/Developer","https://www.icsc.com/member/profile/824318"
"Mike Lee","Kosmont Companies","","","","","California","Owner/Developer","https://www.icsc.com/member/profile/849995"
"Frank Lee","Realty Income Corporation","","","","","California","Owner/Developer","https://www.icsc.com/member/profile/849526"
"Jong Ho Steven Lee","Pacific Castle Management, Inc","","","","","California","Owner/Developer","https://www.icsc.com/member/profile/828421"
"KJ Lee","Pacific Castle Management, Inc","","","","","California","Owner/Developer","https://www.icsc.com/member/profile/823834"
"Daniel Lee","Paragon Commercial Group","","","","","California","Owner/Developer","https://www.icsc.com/member/profile/767008"
"Jimmy Lee","Irvine Company","","","","","California","Owner/Developer","https://www.icsc.com/member/profile/728292"
"Robert Leeds","Fred Leeds Properties","","","","","California","Owner/Developer","https://www.icsc.com/member/profile/848384"
"Dina Leeds","Fred Leeds Properties","","","","","California","Owner/Developer","https://www.icsc.com/member/profile/779761"
"Frederick Leeds","Fred Leeds Properties","","","","","California","Owner/Developer","https://www.icsc.com/member/profile/252669"
"Jonathan Lefferts","Argonaut Investments LLC","","","","","California","Owner/Developer","https://www.icsc.com/member/profile/512123"
"Aaron Lefton","Agora Realty & Management","","","","","California","Owner/Developer","https://www.icsc.com/member/profile/506333"
"Ryan Lefton JD","Agora Realty & Management","","","","","California","Owner/Developer","https://www.icsc.com/member/profile/506332"
"Cary Lefton","Agora Realty & Management","","","","","California","Owner/Developer","https://www.icsc.com/member/profile/167627"
"Todd Leger","Commerce Realty","","","","","California","Owner/Developer","https://www.icsc.com/member/profile/182908"
"Judy Lehnhoff","Cagney Enterprises, LLC","","","","","California","Owner/Developer","https://www.icsc.com/member/profile/281370"
"Max Lehrman","Lehrco Corporation","","","","","California","Owner/Developer","https://www.icsc.com/member/profile/645628"
"Kimberly Lehtman","CenterCal Properties, LLC","","","","","California","Owner/Developer","https://www.icsc.com/member/profile/813229"
"Olivia Leigh","Macerich","","","","","California","Owner/Developer","https://www.icsc.com/member/profile/408847"
"Curtis Leigh","Hunter Properties, Inc.","","","","","California","Owner/Developer","https://www.icsc.com/member/profile/381189"
"Brandton Leitze","Rich Development Company","","","","","California","Owner/Developer","https://www.icsc.com/member/profile/377230"
"Rob LeMoine","The Festival Companies","","","","","California","Owner/Developer","https://www.icsc.com/member/profile/201772"
"William Lenehan","Four Corners Property Trust","","","","","California","Owner/Developer","https://www.icsc.com/member/profile/357744"
"Thomas Lenny","Bristol Development Partners","","","","","California","Owner/Developer","https://www.icsc.com/member/profile/92356"
"Ally Lent","The Kroenke Group","","","","","California","Owner/Developer","https://www.icsc.com/member/profile/851245"
"Allyson Lent","The Kroenke Group","","","","","California","Owner/Developer","https://www.icsc.com/member/profile/710493"
"Shaoul Levy","Levy Affiliated Holdings, LLC","","","","","California","Owner/Developer","https://www.icsc.com/member/profile/201087"
"Brian Lewis","Kilroy Realty Corporation","","","","","California","Owner/Developer","https://www.icsc.com/member/profile/686434"
"Randall Lewis","Lewis Retail Centers","","","","","California","Owner/Developer","https://www.icsc.com/member/profile/265168"
"Richard Lewis","Lewis Retail Centers","","","","","California","Owner/Developer","https://www.icsc.com/member/profile/265167"
"Stephen Lewis","Gerrity Group, LLC","","","","","California","Owner/Developer","https://www.icsc.com/member/profile/102023"
"Robert Lewis","Pacific Development Group","","","","","California","Owner/Developer","https://www.icsc.com/member/profile/101904"
"Eric Li, CLS","Brixton Capital, LLC","","","","","California","Owner/Developer","https://www.icsc.com/member/profile/206085"
"Marshall Lichterman","Malinc Development","","","","","California","Owner/Developer","https://www.icsc.com/member/profile/420110"
"Jason Limbert","DealPoint Merrill, LLC","","","","","California","Owner/Developer","https://www.icsc.com/member/profile/566990"
"Wally Limburg","Strategic Retail Advisors","","","","","California","Owner/Developer","https://www.icsc.com/member/profile/99178"
"Spencer Lin","Pacific Castle Management, Inc","","","","","California","Owner/Developer","https://www.icsc.com/member/profile/619310"
"Rhiana Lindsey","Primestor Development","","","","","California","Owner/Developer","https://www.icsc.com/member/profile/591876"
"Kenny Liu, CRRP","Realest Group","","","","","California","Owner/Developer","https://www.icsc.com/member/profile/579716"
"Samantha Lopez","CenterCal Properties, LLC","","","","","California","Owner/Developer","https://www.icsc.com/member/profile/579358"
"Matthew Loving","Westwood Financial","","","","","California","Owner/Developer","https://www.icsc.com/member/profile/806677"
"Daniel Lovitz","Realty Income Corporation","","","","","California","Owner/Developer","https://www.icsc.com/member/profile/353147"
"Rod Lucio","Holladay Properties","","","","","California","Owner/Developer","https://www.icsc.com/member/profile/335150"
"Israel Luna","Realty Income Corporation","","","","","California","Owner/Developer","https://www.icsc.com/member/profile/859161"
"Andrew Lundahl","CenterSquare Investment Management","","","","","California","Owner/Developer","https://www.icsc.com/member/profile/644650"
"Leonard Lundin","Lundin Development Co.","","","","","California","Owner/Developer","https://www.icsc.com/member/profile/93174"
"Jason Lurie","Majestic Realty Co.","","","","","California","Owner/Developer","https://www.icsc.com/member/profile/769484"
"Eli Lux","Pacific Retail Capital Partners","","","","","California","Owner/Developer","https://www.icsc.com/member/profile/771154"
"Jared Lux","Carmel Partners","","","","","California","Owner/Developer","https://www.icsc.com/member/profile/708879"
"Allison Lynch, CRX, CSM","Primestor Development","","","","","California","Owner/Developer","https://www.icsc.com/member/profile/118798"
"David Lyon","Western Colloid Roofing Systems","","","","","California","Owner/Developer","https://www.icsc.com/member/profile/829190"
"Matthew MacDonald","Realty Income Corporation","","","","","California","Owner/Developer","https://www.icsc.com/member/profile/783343"
"Colm Macken","Shea Properties","","","","","California","Owner/Developer","https://www.icsc.com/member/profile/135060"
"Megan Mackey","Gerrity Group, LLC","","","","","California","Owner/Developer","https://www.icsc.com/member/profile/654154"
"Liz Maclin","NewMark Merrill Companies","","","","","California","Owner/Developer","https://www.icsc.com/member/profile/791394"
"Joe Madden","Sudberry Properties, Inc.","","","","","California","Owner/Developer","https://www.icsc.com/member/profile/207246"
"Donna Maeda","Americal Management Company, Inc.","","","","","California","Owner/Developer","https://www.icsc.com/member/profile/802706"
"Matthew Magnaghi","Kimco Realty Corporation","","","","","California","Owner/Developer","https://www.icsc.com/member/profile/744047"
"Jonathan Maher, CRRP, CSM","Centennial Real Estate","","","","","California","Owner/Developer","https://www.icsc.com/member/profile/566461"
"Eli Mahl","The Festival Companies","","","","","California","Owner/Developer","https://www.icsc.com/member/profile/430463"
"Cassie Malayil","Macerich","","","","","California","Owner/Developer","https://www.icsc.com/member/profile/504466"
"Michael Mallard","Boos Development Group Inc.","","","","","California","Owner/Developer","https://www.icsc.com/member/profile/632201"
"Robert Manarino","Manarino Realty","","","","","California","Owner/Developer","https://www.icsc.com/member/profile/89816"
"Manuel Mancha","Tierra West Advisors, Inc.","","","","","California","Owner/Developer","https://www.icsc.com/member/profile/849637"
"Jacob Mangalindan","Shea Properties","","","","","California","Owner/Developer","https://www.icsc.com/member/profile/858155"
"Luis Ferdinand Mann","Sunbelt Investment Holdings Inc","","","","","California","Owner/Developer","https://www.icsc.com/member/profile/821778"
"Carla Manto","Realty Income Corporation","","","","","California","Owner/Developer","https://www.icsc.com/member/profile/858813"
"Jaimie Marchand","KWP Real Estate","","","","","California","Owner/Developer","https://www.icsc.com/member/profile/524740"
"Richard Margolis","Columbus Pacific Properties","","","","","California","Owner/Developer","https://www.icsc.com/member/profile/119721"
"Gray Martin","Realty Income Corporation","","","","","California","Owner/Developer","https://www.icsc.com/member/profile/866839"
"Bob Martin","Lewis Retail Centers","","","","","California","Owner/Developer","https://www.icsc.com/member/profile/471300"
"Omar Martinez","Lewis Retail Centers","","","","","California","Owner/Developer","https://www.icsc.com/member/profile/509971"
"Brian Martini, CDP, CRRP, CRX, CSM","DMP Properties","","","","","California","Owner/Developer","https://www.icsc.com/member/profile/511299"
"Kimberly Masayko","Brixton Capital, LLC","","","","","California","Owner/Developer","https://www.icsc.com/member/profile/301033"
"Eli Mashiach","HR Property Group","","","","","California","Owner/Developer","https://www.icsc.com/member/profile/557221"
"Jay Matthes","Capstone Advisors","","","","","California","Owner/Developer","https://www.icsc.com/member/profile/618355"
"Jenelle Mattingly Kearns","Pacific Retail Capital Partners","","","","","California","Owner/Developer","https://www.icsc.com/member/profile/815750"
"Beau May","Shapell Properties, Inc.","","","","","California","Owner/Developer","https://www.icsc.com/member/profile/441357"
"Tim May","MAY Centers","","","","","California","Owner/Developer","https://www.icsc.com/member/profile/360705"
"Joel Mayer","Lowe","","","","","California","Owner/Developer","https://www.icsc.com/member/profile/129413"
"Ryan McAndrew","Irvine Company","","","","","California","Owner/Developer","https://www.icsc.com/member/profile/769174"
"Ben McCarthy","Westar Associates","","","","","California","Owner/Developer","https://www.icsc.com/member/profile/850048"
"Heath McCue, CMD","CIM Group, Inc.","","","","","California","Owner/Developer","https://www.icsc.com/member/profile/339216"
"Daniel McElaney","Realty Income Corporation","","","","","California","Owner/Developer","https://www.icsc.com/member/profile/786520"
"Ali McEvoy","Maven Commercial, Inc.","","","","","California","Owner/Developer","https://www.icsc.com/member/profile/827025"
"Mike McFadden","Brixton Capital, LLC","","","","","California","Owner/Developer","https://www.icsc.com/member/profile/839076"
"Maureen McFarlane","Gerrity Group, LLC","","","","","California","Owner/Developer","https://www.icsc.com/member/profile/687937"
"Patrick McGaughey","Paragon Commercial Group","","","","","California","Owner/Developer","https://www.icsc.com/member/profile/144863"
"Sterling Mcgregor","DealPoint Merrill, LLC","","","","","California","Owner/Developer","https://www.icsc.com/member/profile/564544"
"Kiril McKee","Shea Properties","","","","","California","Owner/Developer","https://www.icsc.com/member/profile/104661"
"Elizabeth McKenna","Irvine Company","","","","","California","Owner/Developer","https://www.icsc.com/member/profile/865480"
"Tim McKeon","Heslin Holdings, Inc.","","","","","California","Owner/Developer","https://www.icsc.com/member/profile/686720"
"Casey McKeon","Heslin Holdings, Inc.","","","","","California","Owner/Developer","https://www.icsc.com/member/profile/318579"
"Gene McKnight","Village Properties","","","","","California","Owner/Developer","https://www.icsc.com/member/profile/624936"
"Jermaine McMihelk","NewMark Merrill Hadler Community Partners","","","","","California","Owner/Developer","https://www.icsc.com/member/profile/619598"
"Rocky McMurtray","Pacific Retail Capital Partners","","","","","California","Owner/Developer","https://www.icsc.com/member/profile/260567"
"Brendan McNamara","Argonaut Investments LLC","","","","","California","Owner/Developer","https://www.icsc.com/member/profile/803982"
"John McNellis","McNellis Partners","","","","","California","Owner/Developer","https://www.icsc.com/member/profile/92864"
"Michael McNerney","Lowe","","","","","California","Owner/Developer","https://www.icsc.com/member/profile/338204"
"Jennifer Meade, CLS, CRRP, CRX","CIM Group, Inc.","","","","","California","Owner/Developer","https://www.icsc.com/member/profile/226684"
"Elliot Megdal","Elliot Megdal and Associates","","","","","California","Owner/Developer","https://www.icsc.com/member/profile/91652"
"Bryce Meier","Brixton Capital, LLC","","","","","California","Owner/Developer","https://www.icsc.com/member/profile/775486"
"Carter Meiselman","Eastern Federal Corporation","","","","","California","Owner/Developer","https://www.icsc.com/member/profile/248037"
"Robert Melamed","Affiliated Asset Funds, LLC","","","","","California","Owner/Developer","https://www.icsc.com/member/profile/856316"
"Michael Mendez","NewMark Merrill Companies","","","","","California","Owner/Developer","https://www.icsc.com/member/profile/407547"
"Robert Mendoza","NewMark Merrill Companies","","","","","California","Owner/Developer","https://www.icsc.com/member/profile/787021"
"Steve Mensinger","Mesa Management","","","","","California","Owner/Developer","https://www.icsc.com/member/profile/733502"
"Ralph Mersho","Mershops Properties","","","","","California","Owner/Developer","https://www.icsc.com/member/profile/788727"
"Tony Mersho","Mershops Properties","","","","","California","Owner/Developer","https://www.icsc.com/member/profile/788724"
"Michael Messinger","Meacham-Oppenheimer, Inc.","","","","","California","Owner/Developer","https://www.icsc.com/member/profile/104784"
"Douglas Messner","Sierra Pacific Properties, Inc.","","","","","California","Owner/Developer","https://www.icsc.com/member/profile/125564"
"Joe Meyer","Pacific Retail Partners","","","","","California","Owner/Developer","https://www.icsc.com/member/profile/97942"
"Joel Meyer","PGIM Real Estate","","","","","California","Owner/Developer","https://www.icsc.com/member/profile/763566"
"Jack Meyer","Pacific Retail Partners","","","","","California","Owner/Developer","https://www.icsc.com/member/profile/672229"
"Joseph Michael","Michael Development Corp.","","","","","California","Owner/Developer","https://www.icsc.com/member/profile/132943"
"Drew Mickel","Reynolds & Brown","","","","","California","Owner/Developer","https://www.icsc.com/member/profile/339086"
"Terry Migliaccio","GGP","","","","","California","Owner/Developer","https://www.icsc.com/member/profile/106869"
"Zach Mikelson","TRC","","","","","California","Owner/Developer","https://www.icsc.com/member/profile/623229"
"Truman Miller","Four Corners Property Trust","","","","","California","Owner/Developer","https://www.icsc.com/member/profile/773773"
"Robert Miller","DJM Capital","","","","","California","Owner/Developer","https://www.icsc.com/member/profile/758467"
"Adam Miller","Balboa Retail Partners","","","","","California","Owner/Developer","https://www.icsc.com/member/profile/270006"
"Ryan Min","Pacific Retail Capital Partners","","","","","California","Owner/Developer","https://www.icsc.com/member/profile/739988"
"Mike Minna","Lewis Retail Centers","","","","","California","Owner/Developer","https://www.icsc.com/member/profile/296564"
"Ben Minton","Kimco Realty Corporation","","","","","California","Owner/Developer","https://www.icsc.com/member/profile/782482"
"David Mitroff","Westwood Financial","","","","","California","Owner/Developer","https://www.icsc.com/member/profile/605049"
"Reza Moalej","Moalej Company","","","","","California","Owner/Developer","https://www.icsc.com/member/profile/573650"
"Saeed Moaven","Bilak Investments","","","","","California","Owner/Developer","https://www.icsc.com/member/profile/474391"
"Mitchell Monge","The Carrington Company","","","","","California","Owner/Developer","https://www.icsc.com/member/profile/869107"
"John Monley","Engstrom Properties Inc.","","","","","California","Owner/Developer","https://www.icsc.com/member/profile/776393"
"Linda Montana","Linda Marie Mickel Trust","","","","","California","Owner/Developer","https://www.icsc.com/member/profile/392877"
"Collin Montgomery","Panorama Development, LLC","","","","","California","Owner/Developer","https://www.icsc.com/member/profile/747085"
"Tim Moody, CSM","Meridian Pacific Ltd.","","","","","California","Owner/Developer","https://www.icsc.com/member/profile/102074"
"Heather Moon","CIM Group, Inc.","","","","","California","Owner/Developer","https://www.icsc.com/member/profile/368426"
"Robin Mora","Realty Income Corporation","","","","","California","Owner/Developer","https://www.icsc.com/member/profile/622465"
"Victor Morales","Stock Five Development","","","","","California","Owner/Developer","https://www.icsc.com/member/profile/782871"
"Louis Morales","Tierra West Advisors, Inc.","","","","","California","Owner/Developer","https://www.icsc.com/member/profile/778779"
"Frank Moreno","Dekra-Lite","","","","","California","Owner/Developer","https://www.icsc.com/member/profile/852808"
"Peter Morgan","24 Hour Fitness","","","","","California","Owner/Developer","https://www.icsc.com/member/profile/831636"
"Ryan Morita","Oak Cap Ventures LLC","","","","","California","Owner/Developer","https://www.icsc.com/member/profile/565362"
"Michael Morlan","Macerich","","","","","California","Owner/Developer","https://www.icsc.com/member/profile/295756"
"Theresa Morrison","Cagney Enterprises, LLC","","","","","California","Owner/Developer","https://www.icsc.com/member/profile/90271"
"Dylan Morrone","F&F Capital Group","","","","","California","Owner/Developer","https://www.icsc.com/member/profile/864440"
"Ron Mourey","Gerrity Group, LLC","","","","","California","Owner/Developer","https://www.icsc.com/member/profile/174347"
"Brandon Mucha","Irvine Company","","","","","California","Owner/Developer","https://www.icsc.com/member/profile/864846"
"Michael Mugel","Red Mountain Retail Group, Inc.","","","","","California","Owner/Developer","https://www.icsc.com/member/profile/167721"
"Hans Mumper","Robertson Properties Group","","","","","California","Owner/Developer","https://www.icsc.com/member/profile/404477"
"Landon Munson","CenterCal Properties, LLC","","","","","California","Owner/Developer","https://www.icsc.com/member/profile/837368"
"Kelly Murphy","Dekra-Lite","","","","","California","Owner/Developer","https://www.icsc.com/member/profile/787657"
"Timothy Murphy, CMD","NewMark Merrill Companies","","","","","California","Owner/Developer","https://www.icsc.com/member/profile/599809"
"Patrick Murphy","Allstate Properties, Inc.","","","","","California","Owner/Developer","https://www.icsc.com/member/profile/165045"
"Dave Murray","Phillips Edison & Company","","","","","California","Owner/Developer","https://www.icsc.com/member/profile/860795"
"Craig Mwashita","Blue Stone Management","","","","","California","Owner/Developer","https://www.icsc.com/member/profile/808914"
"Jenifer Natto","Tejon Ranch Company","","","","","California","Owner/Developer","https://www.icsc.com/member/profile/175886"
"Jack Navarra","United Growth","","","","","California","Owner/Developer","https://www.icsc.com/member/profile/554926"
"Christine Nelson","Irvine Company","","","","","California","Owner/Developer","https://www.icsc.com/member/profile/626312"
"Yehuda Netanel","Gilad Development, Inc.","","","","","California","Owner/Developer","https://www.icsc.com/member/profile/168527"
"Julie Neward","Sunbelt Investment Holdings Inc","","","","","California","Owner/Developer","https://www.icsc.com/member/profile/594801"
"Arthur Nguyen","The Orden Company, LLC","","","","","California","Owner/Developer","https://www.icsc.com/member/profile/313960"
"Christopher Nichelson","Milan Capital Management","","","","","California","Owner/Developer","https://www.icsc.com/member/profile/283240"
"Peter Nicholas","Duckett-Wilson Development Co.","","","","","California","Owner/Developer","https://www.icsc.com/member/profile/104005"
"Ryan Nickelson","McNellis Partners","","","","","California","Owner/Developer","https://www.icsc.com/member/profile/264635"
"Tanya Nielsen","Columbus Pacific Properties","","","","","California","Owner/Developer","https://www.icsc.com/member/profile/420146"
"Peter Nixon","Newcastle Properties Group","","","","","California","Owner/Developer","https://www.icsc.com/member/profile/186554"
"Katy Noel","Balboa Retail Partners","","","","","California","Owner/Developer","https://www.icsc.com/member/profile/834402"
"Daniel Nourafshan","Reliable Properties","","","","","California","Owner/Developer","https://www.icsc.com/member/profile/779894"
"Sam Nourafshan","Reliable Properties","","","","","California","Owner/Developer","https://www.icsc.com/member/profile/730904"
"George Balafas","Kentro Group","","","","","Colorado","Owner/Developer","https://www.icsc.com/member/profile/543651"
"Dusty Batsell","Baceline Group","","","","","Colorado","Owner/Developer","https://www.icsc.com/member/profile/359672"
"Donna Blair","Pacific Retail Capital Partners","","","","","Colorado","Owner/Developer","https://www.icsc.com/member/profile/593664"
"Maxwell Bradley","Baceline Group","","","","","Colorado","Owner/Developer","https://www.icsc.com/member/profile/636315"
"Max Bragdon","The Zall Company","","","","","Colorado","Owner/Developer","https://www.icsc.com/member/profile/772865"
"Samuel Brown","Brown & Associates","","","","","Colorado","Owner/Developer","https://www.icsc.com/member/profile/169284"
"Ann Budrow","Baceline Group","","","","","Colorado","Owner/Developer","https://www.icsc.com/member/profile/635430"
"Brian Buell","Gart Properties","","","","","Colorado","Owner/Developer","https://www.icsc.com/member/profile/828653"
"Jonathan Bui","Baceline Group","","","","","Colorado","Owner/Developer","https://www.icsc.com/member/profile/852277"
"Christopher Burton","Legend Partners, LLP","","","","","Colorado","Owner/Developer","https://www.icsc.com/member/profile/104598"
"Ross Carpenter","NewMark Merrill Companies","","","","","Colorado","Owner/Developer","https://www.icsc.com/member/profile/527833"
"Brent Chod","Baceline Group","","","","","Colorado","Owner/Developer","https://www.icsc.com/member/profile/732052"
"Colin Clancy","Broad Street Realty","","","","","Colorado","Owner/Developer","https://www.icsc.com/member/profile/697732"
"Dan Cohen","D4Urban","","","","","Colorado","Owner/Developer","https://www.icsc.com/member/profile/779990"
"Lev Cohen","Weststar Commercial","","","","","Colorado","Owner/Developer","https://www.icsc.com/member/profile/509984"
"Ryan Connolly","Prism Places","","","","","Colorado","Owner/Developer","https://www.icsc.com/member/profile/851542"
"Shell Cook","Jordon Perlmutter & Co.","","","","","Colorado","Owner/Developer","https://www.icsc.com/member/profile/105333"
"Kevin Coppola","AmCap Incorporated","","","","","Colorado","Owner/Developer","https://www.icsc.com/member/profile/826905"
"Christina Cordova","Robert Taylor Collective LLC","","","","","Colorado","Owner/Developer","https://www.icsc.com/member/profile/806462"
"Austin Costley","Baceline Group","","","","","Colorado","Owner/Developer","https://www.icsc.com/member/profile/858487"
"Corey Cross","Baceline Group","","","","","Colorado","Owner/Developer","https://www.icsc.com/member/profile/706509"
"Rene Daniels, CDP, CLS, CMD, CRX, CSM","Gerrity Group, LLC","","","","","Colorado","Owner/Developer","https://www.icsc.com/member/profile/194572"
"Randy Danielson","The Opus Group","","","","","Colorado","Owner/Developer","https://www.icsc.com/member/profile/288094"
"Kevin Deighan","Timberline Commercial Real Estate","","","","","Colorado","Owner/Developer","https://www.icsc.com/member/profile/119702"
"Chloe Dikeou","Dikeou Realty","","","","","Colorado","Owner/Developer","https://www.icsc.com/member/profile/809482"
"Mona Douillard","United Properties","","","","","Colorado","Owner/Developer","https://www.icsc.com/member/profile/694527"
"Sophie Eck","Kensington Development Partners","","","","","Colorado","Owner/Developer","https://www.icsc.com/member/profile/810288"
"Jared Eck","Kensington Development Partners","","","","","Colorado","Owner/Developer","https://www.icsc.com/member/profile/695102"
"Peter Fair","Continuum Partners, LLC","","","","","Colorado","Owner/Developer","https://www.icsc.com/member/profile/298213"
"Joe Ferrari","Bridge33 Capital","","","","","Colorado","Owner/Developer","https://www.icsc.com/member/profile/849846"
"Jeff Finkelstein","O'Fallon Plaza","","","","","Colorado","Owner/Developer","https://www.icsc.com/member/profile/775864"
"Cameron Flint","Legend Partners, LLP","","","","","Colorado","Owner/Developer","https://www.icsc.com/member/profile/636868"
"Daniel Foster","Jordon Perlmutter & Co.","","","","","Colorado","Owner/Developer","https://www.icsc.com/member/profile/686909"
"Nicholas Freddo","Kimco Realty Corporation","","","","","Colorado","Owner/Developer","https://www.icsc.com/member/profile/602503"
"Maxwell Gansline","The Staenberg Group","","","","","Colorado","Owner/Developer","https://www.icsc.com/member/profile/533916"
"Brittany Garnick","Kimco Realty Corporation","","","","","Colorado","Owner/Developer","https://www.icsc.com/member/profile/630776"
"Evan Gart","Gart Properties","","","","","Colorado","Owner/Developer","https://www.icsc.com/member/profile/666238"
"Brandon Gayeski","CenterPointe CRE","","","","","Colorado","Owner/Developer","https://www.icsc.com/member/profile/738565"
"Milton Geist","Geist Entities","","","","","Colorado","Owner/Developer","https://www.icsc.com/member/profile/669595"
"David Geist","Geist Entities","","","","","Colorado","Owner/Developer","https://www.icsc.com/member/profile/273295"
"Avery Gibson","AEW Capital Management L.P.","","","","","Colorado","Owner/Developer","https://www.icsc.com/member/profile/782581"
"Stacey Glenn","The Zall Company","","","","","Colorado","Owner/Developer","https://www.icsc.com/member/profile/563299"
"Kelly Greene","Legend Partners, LLP","","","","","Colorado","Owner/Developer","https://www.icsc.com/member/profile/130426"
"David Gruenefeldt","CenterCal Properties, LLC","","","","","Colorado","Owner/Developer","https://www.icsc.com/member/profile/867199"
"Timothy Hakes","Weststar Commercial","","","","","Colorado","Owner/Developer","https://www.icsc.com/member/profile/163958"
"Merrit Hall","AEW Capital Management L.P.","","","","","Colorado","Owner/Developer","https://www.icsc.com/member/profile/791429"
"Scott Hall","Alberta Development Partners","","","","","Colorado","Owner/Developer","https://www.icsc.com/member/profile/203962"
"James Harris","Western Centers","","","","","Colorado","Owner/Developer","https://www.icsc.com/member/profile/855739"
"Brett Haskins","Legend Partners, LLP","","","","","Colorado","Owner/Developer","https://www.icsc.com/member/profile/775713"
"Jon Hauser","Drake Real Estate Services Inc","","","","","Colorado","Owner/Developer","https://www.icsc.com/member/profile/139581"
"Kevin Hawkins","Hawkins Development, LLC","","","","","Colorado","Owner/Developer","https://www.icsc.com/member/profile/101123"
"Michael Hayutin","Weststar Commercial","","","","","Colorado","Owner/Developer","https://www.icsc.com/member/profile/345218"
"Kevin Hayutin","Weststar Commercial","","","","","Colorado","Owner/Developer","https://www.icsc.com/member/profile/130519"
"Colin Henehan","Baceline Group","","","","","Colorado","Owner/Developer","https://www.icsc.com/member/profile/803507"
"Derek Henry","Gart Properties","","","","","Colorado","Owner/Developer","https://www.icsc.com/member/profile/212221"
"Meghan Kaltenstein","Macerich","","","","","Colorado","Owner/Developer","https://www.icsc.com/member/profile/319098"
"Michael Kendall","Legend Partners, LLP","","","","","Colorado","Owner/Developer","https://www.icsc.com/member/profile/340369"
"Bradley Kornfeld Esq","Kornfeld Real Estate LLC","","","","","Colorado","Owner/Developer","https://www.icsc.com/member/profile/146193"
"Aaron Koury","Shea Properties","","","","","Colorado","Owner/Developer","https://www.icsc.com/member/profile/754164"
"Michael Kranzdorf","Amterre Property Group LLC","","","","","Colorado","Owner/Developer","https://www.icsc.com/member/profile/113808"
"Carly Krowl","AmCap Incorporated","","","","","Colorado","Owner/Developer","https://www.icsc.com/member/profile/647661"
"Jack Krowl","AmCap Incorporated","","","","","Colorado","Owner/Developer","https://www.icsc.com/member/profile/603732"
"David Larson","Legend Partners, LLP","","","","","Colorado","Owner/Developer","https://www.icsc.com/member/profile/97981"
"Michael Blake Larson","Legend Partners, LLP","","","","","Colorado","Owner/Developer","https://www.icsc.com/member/profile/474008"
"Martin Liles","M & J Wilkow, Ltd.","","","","","Colorado","Owner/Developer","https://www.icsc.com/member/profile/162272"
"Remi Locke","Legend Partners, LLP","","","","","Colorado","Owner/Developer","https://www.icsc.com/member/profile/859969"
"Melissa Machell","Continuum Partners, LLC","","","","","Colorado","Owner/Developer","https://www.icsc.com/member/profile/99451"
"Carolyn Maher","Baceline Group","","","","","Colorado","Owner/Developer","https://www.icsc.com/member/profile/851424"
"Katie Mahoney","AmCap Incorporated","","","","","Colorado","Owner/Developer","https://www.icsc.com/member/profile/787159"
"Heather Martin","Bridge33 Capital","","","","","Colorado","Owner/Developer","https://www.icsc.com/member/profile/850977"
"Danaria McCoy, CMD, CRRP, CRX, CSM","NewMark Merrill Companies","","","","","Colorado","Owner/Developer","https://www.icsc.com/member/profile/362304"
"Kyle McInnis","ServiceStar Capital Management LLC","","","","","Colorado","Owner/Developer","https://www.icsc.com/member/profile/734368"
"Ran Meng","Phillips Edison & Company","","","","","Colorado","Owner/Developer","https://www.icsc.com/member/profile/620036"
"Arnold Meranski","Western Centers","","","","","Colorado","Owner/Developer","https://www.icsc.com/member/profile/121144"
"Ari Michaeli","Baceline Group","","","","","Colorado","Owner/Developer","https://www.icsc.com/member/profile/594091"
"Rick Miller","Magna Development Co","","","","","Colorado","Owner/Developer","https://www.icsc.com/member/profile/90777"
"John Mullins","John M Mullins & Associates, Inc.","","","","","Colorado","Owner/Developer","https://www.icsc.com/member/profile/616844"
"Jeffrey Nemec, CSM","Northwood Retail LLC","","","","","Colorado","Owner/Developer","https://www.icsc.com/member/profile/362468"
"Ian Newland","Macerich","","","","","Colorado","Owner/Developer","https://www.icsc.com/member/profile/626691"
"Kenneth Osterlund","Norwood Limited, Inc.","","","","","Colorado","Owner/Developer","https://www.icsc.com/member/profile/119662"
"Todd Parker","McWhinney Real Estate Services, Inc.","","","","","Colorado","Owner/Developer","https://www.icsc.com/member/profile/856695"
"Michael Pavlakis","Legend Partners, LLP","","","","","Colorado","Owner/Developer","https://www.icsc.com/member/profile/806388"
"Peter Pavlakis","Legend Partners, LLP","","","","","Colorado","Owner/Developer","https://www.icsc.com/member/profile/121169"
"Jonathan Perlmutter","Jordon Perlmutter & Co.","","","","","Colorado","Owner/Developer","https://www.icsc.com/member/profile/137504"
"Dana Peterson","Macerich","","","","","Colorado","Owner/Developer","https://www.icsc.com/member/profile/733400"
"Lindsey Reevie","Baceline Group","","","","","Colorado","Owner/Developer","https://www.icsc.com/member/profile/756670"
"Nancy Rendos","Macerich","","","","","Colorado","Owner/Developer","https://www.icsc.com/member/profile/129168"
"Thomas Reznik","NAI Affinity","","","","","Colorado","Owner/Developer","https://www.icsc.com/member/profile/429461"
"Jeff Samuelson","Realty One Group Premier","","","","","Colorado","Owner/Developer","https://www.icsc.com/member/profile/435968"
"Alyssa Scalisi","Baceline Group","","","","","Colorado","Owner/Developer","https://www.icsc.com/member/profile/693790"
"Logan Schenk","The Zall Company","","","","","Colorado","Owner/Developer","https://www.icsc.com/member/profile/642980"
"Jake Schisel","Equity Ventures Commercial Development","","","","","Colorado","Owner/Developer","https://www.icsc.com/member/profile/784264"
"Katie Schlickman","Baceline Group","","","","","Colorado","Owner/Developer","https://www.icsc.com/member/profile/849763"
"Sasha Shepard, CSM","SITE Centers Corp.","","","","","Colorado","Owner/Developer","https://www.icsc.com/member/profile/262214"
"Paul Sheppard","NewMark Merrill Companies","","","","","Colorado","Owner/Developer","https://www.icsc.com/member/profile/345975"
"Virgil Shouse III","Excell Fund Brokerage and Development, LLC","","","","","Colorado","Owner/Developer","https://www.icsc.com/member/profile/206876"
"Ira Shwartz","AmCap Incorporated","","","","","Colorado","Owner/Developer","https://www.icsc.com/member/profile/93149"
"Mark Sidell","Gart Properties","","","","","Colorado","Owner/Developer","https://www.icsc.com/member/profile/100156"
"Gregory Sims, CSM","GGP","","","","","Colorado","Owner/Developer","https://www.icsc.com/member/profile/123059"
"Blake Skinner","Legend Partners, LLP","","","","","Colorado","Owner/Developer","https://www.icsc.com/member/profile/266364"
"Sid Squirrell","Bray & Company Commercial","","","","","Colorado","Owner/Developer","https://www.icsc.com/member/profile/136351"
"Rick Stucy, CDP","The Stucy Company","","","","","Colorado","Owner/Developer","https://www.icsc.com/member/profile/103904"
"Michael Tamblyn","The Kroenke Group","","","","","Colorado","Owner/Developer","https://www.icsc.com/member/profile/321790"
"Kimberly Tatsch","Tatsch Development Services LLC","","","","","Colorado","Owner/Developer","https://www.icsc.com/member/profile/650938"
"Lance Taylor","NewMark Merrill Companies","","","","","Colorado","Owner/Developer","https://www.icsc.com/member/profile/162856"
"Austin Tillack","Bridge33 Capital","","","","","Colorado","Owner/Developer","https://www.icsc.com/member/profile/443229"
"Kyle Underwood","Legend Partners, LLP","","","","","Colorado","Owner/Developer","https://www.icsc.com/member/profile/282686"
"Ryan Vickers","Baceline Group","","","","","Colorado","Owner/Developer","https://www.icsc.com/member/profile/634347"
"Marissa Visconsi","Phillips Edison & Company","","","","","Colorado","Owner/Developer","https://www.icsc.com/member/profile/388903"
"Corey Wagner","Western Centers","","","","","Colorado","Owner/Developer","https://www.icsc.com/member/profile/624743"
"Ashley Weiler","Baceline Group","","","","","Colorado","Owner/Developer","https://www.icsc.com/member/profile/850866"
"Charley White","Baceline Group","","","","","Colorado","Owner/Developer","https://www.icsc.com/member/profile/756136"
"Stuart Zall","The Zall Company","","","","","Colorado","Owner/Developer","https://www.icsc.com/member/profile/118631"
"Courtney Ziminski","Baceline Group","","","","","Colorado","Owner/Developer","https://www.icsc.com/member/profile/805842"
"Matthew Allen","AmCap Incorporated","","","","","Connecticut","Owner/Developer","https://www.icsc.com/member/profile/525260"
"Jake Bisenius","AmCap Incorporated","","","","","Connecticut","Owner/Developer","https://www.icsc.com/member/profile/332223"
"Newt Brainard","The Simon Konover Company","","","","","Connecticut","Owner/Developer","https://www.icsc.com/member/profile/527225"
"Jordan Brandes","Brand Street Properties","","","","","Connecticut","Owner/Developer","https://www.icsc.com/member/profile/579254"
"Paul Brandes","Brand Street Properties","","","","","Connecticut","Owner/Developer","https://www.icsc.com/member/profile/116071"
"Stephanie Caruso","CONSTRUX CO. LLC","","","","","Connecticut","Owner/Developer","https://www.icsc.com/member/profile/866010"
"Alice Catalano","AmCap Incorporated","","","","","Connecticut","Owner/Developer","https://www.icsc.com/member/profile/770594"
"Mario Christian","AmCap Incorporated","","","","","Connecticut","Owner/Developer","https://www.icsc.com/member/profile/868507"
"Peter Christian","The HB Nitkin Group","","","","","Connecticut","Owner/Developer","https://www.icsc.com/member/profile/342596"
"Brian Clement","LBX Investments LLC","","","","","Connecticut","Owner/Developer","https://www.icsc.com/member/profile/845295"
"Hannah Cope","AmCap Incorporated","","","","","Connecticut","Owner/Developer","https://www.icsc.com/member/profile/838544"
"Jonathan DeAngelo","Hutensky Capital Partners","","","","","Connecticut","Owner/Developer","https://www.icsc.com/member/profile/818389"
"Jarett Dery","Macerich","","","","","Connecticut","Owner/Developer","https://www.icsc.com/member/profile/719274"
"Mario DiLoreto","Silver Lane Realty Advisors","","","","","Connecticut","Owner/Developer","https://www.icsc.com/member/profile/185742"
"Leonard DiNardo","Peter DiNardo Enterprises","","","","","Connecticut","Owner/Developer","https://www.icsc.com/member/profile/457367"
"Peter DiNardo","Peter DiNardo Enterprises","","","","","Connecticut","Owner/Developer","https://www.icsc.com/member/profile/457343"
"Nina Dolishny Regan, CRRP","Phillips Edison & Company","","","","","Connecticut","Owner/Developer","https://www.icsc.com/member/profile/559633"
"Steven Dudziec, CLS","Regency Centers","","","","","Connecticut","Owner/Developer","https://www.icsc.com/member/profile/281799"
"Kathryn Ekstrom","Haynes Development","","","","","Connecticut","Owner/Developer","https://www.icsc.com/member/profile/340128"
"Peter Elliott","Chase Enterprises","","","","","Connecticut","Owner/Developer","https://www.icsc.com/member/profile/114821"
"Mathew Field","The Field Group","","","","","Connecticut","Owner/Developer","https://www.icsc.com/member/profile/418201"
"Christopher Gatto","Gatto Development Corp.","","","","","Connecticut","Owner/Developer","https://www.icsc.com/member/profile/678089"
"R. Michael Goman, CLS, CRX, CSM","Goman+York, LLC","","","","","Connecticut","Owner/Developer","https://www.icsc.com/member/profile/90087"
"Jonathan Greenfield","AmCap Incorporated","","","","","Connecticut","Owner/Developer","https://www.icsc.com/member/profile/443108"
"Kelly Hapken","Centennial Real Estate","","","","","Connecticut","Owner/Developer","https://www.icsc.com/member/profile/760243"
"Richard Hayes Jr","Basser Kaufman, Inc","","","","","Connecticut","Owner/Developer","https://www.icsc.com/member/profile/122980"
"Patrick Haynes","Haynes Development","","","","","Connecticut","Owner/Developer","https://www.icsc.com/member/profile/799234"
"Thomas Haynes","Haynes Development","","","","","Connecticut","Owner/Developer","https://www.icsc.com/member/profile/344903"
"David Henry, CRX","Peaceable Street Capital","","","","","Connecticut","Owner/Developer","https://www.icsc.com/member/profile/252356"
"Maura Horan","HHH Properties Corp.","","","","","Connecticut","Owner/Developer","https://www.icsc.com/member/profile/317915"
"Brad Hutensky","Hutensky Capital Partners","","","","","Connecticut","Owner/Developer","https://www.icsc.com/member/profile/107951"
"Steven Inglese SIOR","New Haven Group, Inc.","","","","","Connecticut","Owner/Developer","https://www.icsc.com/member/profile/589246"
"Karen Johnson","Brand Street Properties","","","","","Connecticut","Owner/Developer","https://www.icsc.com/member/profile/227560"
"Elizabeth Judd RPA","The Simon Konover Company","","","","","Connecticut","Owner/Developer","https://www.icsc.com/member/profile/509702"
"Lisa King","Brand Street Properties","","","","","Connecticut","Owner/Developer","https://www.icsc.com/member/profile/795008"
"Patrick Kinsella, CRRP, CSM","Kimco Realty Corporation","","","","","Connecticut","Owner/Developer","https://www.icsc.com/member/profile/658049"
"Kelsey Kirk","Clarion Partners","","","","","Connecticut","Owner/Developer","https://www.icsc.com/member/profile/769723"
"Gregory Konover","The Simon Konover Company","","","","","Connecticut","Owner/Developer","https://www.icsc.com/member/profile/417049"
"Alessandra Laureda","Guggenheim Retail Real Estate Partners, Inc.","","","","","Connecticut","Owner/Developer","https://www.icsc.com/member/profile/349195"
"George Lee","Northeast Retail Leasing & Mgmt Co. LLC","","","","","Connecticut","Owner/Developer","https://www.icsc.com/member/profile/90130"
"Samuel Lyman","LYMAN Real Estate","","","","","Connecticut","Owner/Developer","https://www.icsc.com/member/profile/784152"
"Sean Marcus","Albert J. Salame and Affiliated Companies","","","","","Connecticut","Owner/Developer","https://www.icsc.com/member/profile/689650"
"Laurence Mason III","CONSTRUX CO. LLC","","","","","Connecticut","Owner/Developer","https://www.icsc.com/member/profile/815994"
"Bradford Miller","Hutensky Capital Partners","","","","","Connecticut","Owner/Developer","https://www.icsc.com/member/profile/378584"
"Devin I. Murphy","Phillips Edison & Company","","","","","Connecticut","Owner/Developer","https://www.icsc.com/member/profile/142400"
"Gregg Nanni","Prospect Enterprises","","","","","Connecticut","Owner/Developer","https://www.icsc.com/member/profile/287480"
"Steven Neiditz","M.J. Neiditz & Company Inc.","","","","","Connecticut","Owner/Developer","https://www.icsc.com/member/profile/125664"
"Adam Nelson","Paragon Realty Group LLC","","","","","Connecticut","Owner/Developer","https://www.icsc.com/member/profile/753036"
"John Nelson","Paragon Realty Group LLC","","","","","Connecticut","Owner/Developer","https://www.icsc.com/member/profile/218546"
"Andrew Nitkin","The HB Nitkin Group","","","","","Connecticut","Owner/Developer","https://www.icsc.com/member/profile/653645"
"Connor Nolan","Brand Street Properties","","","","","Connecticut","Owner/Developer","https://www.icsc.com/member/profile/642081"
"robert paprin","Yale Realty Services Corp.","","","","","Connecticut","Owner/Developer","https://www.icsc.com/member/profile/764938"
"Laurie Partyka","HHH Properties Corp.","","","","","Connecticut","Owner/Developer","https://www.icsc.com/member/profile/671018"
"Virginia Pepe","Hutensky Capital Partners","","","","","Connecticut","Owner/Developer","https://www.icsc.com/member/profile/851769"
"Veronique Peres","Hutensky Capital Partners","","","","","Connecticut","Owner/Developer","https://www.icsc.com/member/profile/110238"
"Lee Pollock","The Pollock Company","","","","","Connecticut","Owner/Developer","https://www.icsc.com/member/profile/126636"
"Henry Resnikoff","RFP Inc./ Green Light Retail","","","","","Connecticut","Owner/Developer","https://www.icsc.com/member/profile/90513"
"Denise Robidoux","Goman+York, LLC","","","","","Connecticut","Owner/Developer","https://www.icsc.com/member/profile/121500"
"Diane Rojas Muller","Chase Enterprises","","","","","Connecticut","Owner/Developer","https://www.icsc.com/member/profile/695796"
"denise roshco","Brand Street Properties","","","","","Connecticut","Owner/Developer","https://www.icsc.com/member/profile/865788"
"Marshall Ruben","HHH Properties Corp.","","","","","Connecticut","Owner/Developer","https://www.icsc.com/member/profile/316904"
"Albert Salame","Albert J. Salame and Affiliated Companies","","","","","Connecticut","Owner/Developer","https://www.icsc.com/member/profile/178195"
"Erica Stella CCIM","Hutensky Capital Partners","","","","","Connecticut","Owner/Developer","https://www.icsc.com/member/profile/234913"
"Ken Sterba, CRRP","Centennial Real Estate","","","","","Connecticut","Owner/Developer","https://www.icsc.com/member/profile/697577"
"Joseph Sullo","Staypoint","","","","","Connecticut","Owner/Developer","https://www.icsc.com/member/profile/780530"
"Joe Sullo II","Staypoint","","","","","Connecticut","Owner/Developer","https://www.icsc.com/member/profile/768413"
"Grant Taylor","AmCap Incorporated","","","","","Connecticut","Owner/Developer","https://www.icsc.com/member/profile/686573"
"Derk Taylor","AmCap Incorporated","","","","","Connecticut","Owner/Developer","https://www.icsc.com/member/profile/203173"
"Jaap Tonckens","Value Retail PLC","","","","","Connecticut","Owner/Developer","https://www.icsc.com/member/profile/648259"
"Ty Underwood","AmCap Incorporated","","","","","Connecticut","Owner/Developer","https://www.icsc.com/member/profile/850217"
"Kelly Voss","Developers Realty","","","","","Connecticut","Owner/Developer","https://www.icsc.com/member/profile/250142"
"David Waldman","David Adam Realty, Inc.","","","","","Connecticut","Owner/Developer","https://www.icsc.com/member/profile/133878"
"Craig Way","The HB Nitkin Group","","","","","Connecticut","Owner/Developer","https://www.icsc.com/member/profile/164808"
"Daniel Weinreb","Paragon Realty Group LLC","","","","","Connecticut","Owner/Developer","https://www.icsc.com/member/profile/100567"
"Glenn Wilson","AmCap Incorporated","","","","","Connecticut","Owner/Developer","https://www.icsc.com/member/profile/208900"
"Rebecca Wing","Regency Centers","","","","","Connecticut","Owner/Developer","https://www.icsc.com/member/profile/724153"
"David Wright","Paragon Realty Group LLC","","","","","Connecticut","Owner/Developer","https://www.icsc.com/member/profile/257165"
"Peter Yeskey","Connecticut Valley Development, LLC","","","","","Connecticut","Owner/Developer","https://www.icsc.com/member/profile/449853"
"James Zilora","UBS Realty Investors LLC","","","","","Connecticut","Owner/Developer","https://www.icsc.com/member/profile/442605"
"Sylvia Aerenson","Rojan, Inc.","","","","","Delaware","Owner/Developer","https://www.icsc.com/member/profile/852662"
"Andrew Aerenson","Rojan, Inc.","","","","","Delaware","Owner/Developer","https://www.icsc.com/member/profile/194926"
"Norman Aerenson","Rojan, Inc.","","","","","Delaware","Owner/Developer","https://www.icsc.com/member/profile/165380"
"Robert Andreano","Stat Organization","","","","","Delaware","Owner/Developer","https://www.icsc.com/member/profile/813026"
"Cynthia Bates","R & R Commercial Realty, Inc.","","","","","Delaware","Owner/Developer","https://www.icsc.com/member/profile/510308"
"Robert Erenson","Rojan, Inc.","","","","","Delaware","Owner/Developer","https://www.icsc.com/member/profile/117573"
"Matthew Gehrke","Bellevue Realty Co.","","","","","Delaware","Owner/Developer","https://www.icsc.com/member/profile/467724"
"Craig Gorris, CRX, CSM","GGP","","","","","Delaware","Owner/Developer","https://www.icsc.com/member/profile/219896"
"Bill King, CRRP","GGP","","","","","Delaware","Owner/Developer","https://www.icsc.com/member/profile/156177"
"Whitney Pembroke","Rojan, Inc.","","","","","Delaware","Owner/Developer","https://www.icsc.com/member/profile/810015"
"Charles Rodriguez","R & R Commercial Realty, Inc.","","","","","Delaware","Owner/Developer","https://www.icsc.com/member/profile/179396"
"Timothy Spencer CCIM","Pettinaro Management, LLC","","","","","Delaware","Owner/Developer","https://www.icsc.com/member/profile/642009"
"Richard Stat","Stat Organization","","","","","Delaware","Owner/Developer","https://www.icsc.com/member/profile/106684"
"Pat Vagonis","Sandmar Properties LLC","","","","","Delaware","Owner/Developer","https://www.icsc.com/member/profile/510491"
"Michael Willey","Silicato Development","","","","","Delaware","Owner/Developer","https://www.icsc.com/member/profile/667229"
"Robert Wittig","Diamond State Management","","","","","Delaware","Owner/Developer","https://www.icsc.com/member/profile/258266"
"Mauricio Abela","Woolbright Development","","","","","Florida","Owner/Developer","https://www.icsc.com/member/profile/631855"
"Jared Aberman","Sterling Organization","","","","","Florida","Owner/Developer","https://www.icsc.com/member/profile/744943"
"Brian Adair","Charles Wayne Properties, Inc.","","","","","Florida","Owner/Developer","https://www.icsc.com/member/profile/407210"
"Jon Adamo","NNN REIT, Inc.","","","","","Florida","Owner/Developer","https://www.icsc.com/member/profile/310819"
"Tracy Ahearn","Murphy Land and Retail Services Inc.","","","","","Florida","Owner/Developer","https://www.icsc.com/member/profile/213590"
"Christie Alexander","CrossMarc Services, LLC","","","","","Florida","Owner/Developer","https://www.icsc.com/member/profile/227255"
"Carlos Alfonso","Alliant Partners","","","","","Florida","Owner/Developer","https://www.icsc.com/member/profile/776941"
"Emran Ally","Third Place Capital","","","","","Florida","Owner/Developer","https://www.icsc.com/member/profile/283290"
"Griffin Alstott","Hybridge CRE","","","","","Florida","Owner/Developer","https://www.icsc.com/member/profile/792627"
"Traci Ambrosino","Noble Properties","","","","","Florida","Owner/Developer","https://www.icsc.com/member/profile/836570"
"Eric AmRhein","Pursuit Development","","","","","Florida","Owner/Developer","https://www.icsc.com/member/profile/814864"
"Will Anderson","CASTO","","","","","Florida","Owner/Developer","https://www.icsc.com/member/profile/755802"
"Kevin Anderson","Sleiman Enterprises","","","","","Florida","Owner/Developer","https://www.icsc.com/member/profile/728319"
"Vicki Anthony, CLS, CRRP, CRX","Kimco Realty Corporation","","","","","Florida","Owner/Developer","https://www.icsc.com/member/profile/144018"
"Jelena Apt","Turnberry","","","","","Florida","Owner/Developer","https://www.icsc.com/member/profile/723859"
"Derek Arden","Boos Development Group Inc.","","","","","Florida","Owner/Developer","https://www.icsc.com/member/profile/554820"
"Howard Arnberg","Coastal Equities","","","","","Florida","Owner/Developer","https://www.icsc.com/member/profile/255358"
"Aladin Asker","Manara Investments","","","","","Florida","Owner/Developer","https://www.icsc.com/member/profile/837076"
"Sean Attaway  Molloy","Attaway Investments & Development","","","","","Florida","Owner/Developer","https://www.icsc.com/member/profile/428286"
"JP Bacariza","Ryan Companies US, Inc.","","","","","Florida","Owner/Developer","https://www.icsc.com/member/profile/859525"
"Syrus Bakkar","Bakkar Group","","","","","Florida","Owner/Developer","https://www.icsc.com/member/profile/860128"
"Ramzy Bakkar","Bakkar Group","","","","","Florida","Owner/Developer","https://www.icsc.com/member/profile/288560"
"Michael Balan","Largo Capital","","","","","Florida","Owner/Developer","https://www.icsc.com/member/profile/366735"
"Sarah Baldwin","Sleiman Enterprises","","","","","Florida","Owner/Developer","https://www.icsc.com/member/profile/486314"
"Monique Bardino","Lincoln Property Company","","","","","Florida","Owner/Developer","https://www.icsc.com/member/profile/828513"
"Pablo Barreiro","FORTEC","","","","","Florida","Owner/Developer","https://www.icsc.com/member/profile/823427"
"Christopher Barry","NNN REIT, Inc.","","","","","Florida","Owner/Developer","https://www.icsc.com/member/profile/174998"
"Dina Bartoletta","Gator Investments","","","","","Florida","Owner/Developer","https://www.icsc.com/member/profile/180734"
"Mike Bass","Kitson & Partners","","","","","Florida","Owner/Developer","https://www.icsc.com/member/profile/781204"
"Donald Bateh","Sleiman Enterprises","","","","","Florida","Owner/Developer","https://www.icsc.com/member/profile/619379"
"Jaime Baum","Benderson Development Company, LLC","","","","","Florida","Owner/Developer","https://www.icsc.com/member/profile/716738"
"Josh Baumgard","Investment Management Assoc.","","","","","Florida","Owner/Developer","https://www.icsc.com/member/profile/699669"
"Kaleigh Baumlin","The Ferber Company, Inc.","","","","","Florida","Owner/Developer","https://www.icsc.com/member/profile/728838"
"Craig Bazarsky","Samuel's Realty Co., Inc.","","","","","Florida","Owner/Developer","https://www.icsc.com/member/profile/514195"
"Justin Beck","Stirling","","","","","Florida","Owner/Developer","https://www.icsc.com/member/profile/447961"
"Monica Bedford","The Sembler Company","","","","","Florida","Owner/Developer","https://www.icsc.com/member/profile/377714"
"Ryan Beerbower","Monarch Industrial, LLC","","","","","Florida","Owner/Developer","https://www.icsc.com/member/profile/632283"
"Tyler Bell","Blackfin Partners","","","","","Florida","Owner/Developer","https://www.icsc.com/member/profile/791655"
"John Bell","Transwestern","","","","","Florida","Owner/Developer","https://www.icsc.com/member/profile/382365"
"Evan Benderson","Benderson Development Company, LLC","","","","","Florida","Owner/Developer","https://www.icsc.com/member/profile/478173"
"Shaun Benderson","Benderson Development Company, LLC","","","","","Florida","Owner/Developer","https://www.icsc.com/member/profile/239657"
"Tony Benge Jr","Benge Development Corporation","","","","","Florida","Owner/Developer","https://www.icsc.com/member/profile/501015"
"Scott Benjamin","Walt Disney Parks & Resorts","","","","","Florida","Owner/Developer","https://www.icsc.com/member/profile/183772"
"Ted Benning","The Bishop Company, LLC","","","","","Florida","Owner/Developer","https://www.icsc.com/member/profile/830997"
"Douglas Bercu","Timber Development Corp","","","","","Florida","Owner/Developer","https://www.icsc.com/member/profile/97123"
"Peter Bergner","O'Connor Capital Partners","","","","","Florida","Owner/Developer","https://www.icsc.com/member/profile/90108"
"Michael Berkowitz","Berkowitz Development Group, Inc.","","","","","Florida","Owner/Developer","https://www.icsc.com/member/profile/276458"
"Paul Bernstein","Kin Properties","","","","","Florida","Owner/Developer","https://www.icsc.com/member/profile/317099"
"Andres Betancourt","Borluv","","","","","Florida","Owner/Developer","https://www.icsc.com/member/profile/858709"
"Joshua Beyer PE","The Sembler Company","","","","","Florida","Owner/Developer","https://www.icsc.com/member/profile/365693"
"Megan Binder","Regency Centers","","","","","Florida","Owner/Developer","https://www.icsc.com/member/profile/620405"
"Stephen Bishop","HB Capital Group","","","","","Florida","Owner/Developer","https://www.icsc.com/member/profile/859121"
"Stephen Bittel","Terranova Corporation","","","","","Florida","Owner/Developer","https://www.icsc.com/member/profile/104234"
"Rick Bittner","FrontView REIT","","","","","Florida","Owner/Developer","https://www.icsc.com/member/profile/383639"
"Trish Blasi, CRX, CSM","Borghese Investments","","","","","Florida","Owner/Developer","https://www.icsc.com/member/profile/124755"
"Joseph Blazejack","Orion Real Estate Group","","","","","Florida","Owner/Developer","https://www.icsc.com/member/profile/743530"
"Matt Bloomfield","Core Sound Development","","","","","Florida","Owner/Developer","https://www.icsc.com/member/profile/384239"
"Nick Boehme","Michael Collard Properties","","","","","Florida","Owner/Developer","https://www.icsc.com/member/profile/835836"
"Darryl Bonner, CLS, CRX, CSM","Stirling","","","","","Florida","Owner/Developer","https://www.icsc.com/member/profile/97725"
"Rob Boos","Boos Development Group Inc.","","","","","Florida","Owner/Developer","https://www.icsc.com/member/profile/167907"
"Alexander Boria","Borluv","","","","","Florida","Owner/Developer","https://www.icsc.com/member/profile/718529"
"Maria Gabriela Borja","FORTEC","","","","","Florida","Owner/Developer","https://www.icsc.com/member/profile/823428"
"Jose Borrego","TRG","","","","","Florida","Owner/Developer","https://www.icsc.com/member/profile/683009"
"Steven Borysewich CCIM","Orion Real Estate Group","","","","","Florida","Owner/Developer","https://www.icsc.com/member/profile/100334"
"Justin Boudreau","Hybridge CRE","","","","","Florida","Owner/Developer","https://www.icsc.com/member/profile/339296"
"Morgan Boylston","CASTO","","","","","Florida","Owner/Developer","https://www.icsc.com/member/profile/810415"
"Joe Brady III","LRG Investors","","","","","Florida","Owner/Developer","https://www.icsc.com/member/profile/162790"
"Laura Breitenfeldt","Lat Purser & Associates, Inc.","","","","","Florida","Owner/Developer","https://www.icsc.com/member/profile/857634"
"Kyle Brett","RKM Development Corp.","","","","","Florida","Owner/Developer","https://www.icsc.com/member/profile/791162"
"Bob Brett","RKM Development Corp.","","","","","Florida","Owner/Developer","https://www.icsc.com/member/profile/318539"
"James Bridges","JBCC Development","","","","","Florida","Owner/Developer","https://www.icsc.com/member/profile/515557"
"Cody Brightwell","Nye Commercial Advisors","","","","","Florida","Owner/Developer","https://www.icsc.com/member/profile/654243"
"Jarrett Brock","Brock Development","","","","","Florida","Owner/Developer","https://www.icsc.com/member/profile/478633"
"Benjamin Brody","Philips International","","","","","Florida","Owner/Developer","https://www.icsc.com/member/profile/175252"
"Suzel Broe","Orion Real Estate Group","","","","","Florida","Owner/Developer","https://www.icsc.com/member/profile/792397"
"Nicholas Brown","SOUTHERN MANAGEMENT & DEVELOPMENT, L.P.","","","","","Florida","Owner/Developer","https://www.icsc.com/member/profile/532704"
"Davey Brown","WMG Development, LLC","","","","","Florida","Owner/Developer","https://www.icsc.com/member/profile/500872"
"Seth Browning","RKM Development Corp.","","","","","Florida","Owner/Developer","https://www.icsc.com/member/profile/608234"
"Gailmarie Brumbaugh","Saglo Companies","","","","","Florida","Owner/Developer","https://www.icsc.com/member/profile/775350"
"James Bry","Sunbeam Development","","","","","Florida","Owner/Developer","https://www.icsc.com/member/profile/296259"
"Norman Buhrmaster","Orion Real Estate Group","","","","","Florida","Owner/Developer","https://www.icsc.com/member/profile/142294"
"Rex Burgher","Benderson Development Company, LLC","","","","","Florida","Owner/Developer","https://www.icsc.com/member/profile/99860"
"Brett Burgher","Benderson Development Company, LLC","","","","","Florida","Owner/Developer","https://www.icsc.com/member/profile/478985"
"Kristin Bursa","Woolbright Development","","","","","Florida","Owner/Developer","https://www.icsc.com/member/profile/792232"
"Brian Bussey","FORTEC","","","","","Florida","Owner/Developer","https://www.icsc.com/member/profile/823429"
"Kevin Buth","Global Fund Investments, Inc.","","","","","Florida","Owner/Developer","https://www.icsc.com/member/profile/128398"
"Patrick Byrne II","Valparaiso Realty Co.","","","","","Florida","Owner/Developer","https://www.icsc.com/member/profile/95895"
"Dan Byrnes","Tavistock Development Company, LLC","","","","","Florida","Owner/Developer","https://www.icsc.com/member/profile/328209"
"David Byrnes Jr","NNN REIT, Inc.","","","","","Florida","Owner/Developer","https://www.icsc.com/member/profile/288351"
"Beth Calay","Kin Properties","","","","","Florida","Owner/Developer","https://www.icsc.com/member/profile/493195"
"Zachary Calinoff","Rialto Capital Management","","","","","Florida","Owner/Developer","https://www.icsc.com/member/profile/338645"
"Preston Calvert","Redstone Investments","","","","","Florida","Owner/Developer","https://www.icsc.com/member/profile/794926"
"Helen Camp","The Sembler Company","","","","","Florida","Owner/Developer","https://www.icsc.com/member/profile/270586"
"Luli Cannon","RMC Property Group","","","","","Florida","Owner/Developer","https://www.icsc.com/member/profile/189896"
"Lex Capitano","Alliant Partners","","","","","Florida","Owner/Developer","https://www.icsc.com/member/profile/836073"
"Alex Caputo","Sterling Organization","","","","","Florida","Owner/Developer","https://www.icsc.com/member/profile/756224"
"Joe Carosella","Retail Property Group, Inc.","","","","","Florida","Owner/Developer","https://www.icsc.com/member/profile/106647"
"Jennifer Castellanos","Isram Realty Group","","","","","Florida","Owner/Developer","https://www.icsc.com/member/profile/790953"
"Dora Cawood","Ruckel Properties, Inc.","","","","","Florida","Owner/Developer","https://www.icsc.com/member/profile/338398"
"Michael Chadwick","CASTO","","","","","Florida","Owner/Developer","https://www.icsc.com/member/profile/194625"
"Mark Chait","Benderson Development Company, LLC","","","","","Florida","Owner/Developer","https://www.icsc.com/member/profile/339606"
"Jaime Chamberlin","SLC Commercial","","","","","Florida","Owner/Developer","https://www.icsc.com/member/profile/716003"
"Jeffrey Chamberlin","SLC Commercial","","","","","Florida","Owner/Developer","https://www.icsc.com/member/profile/164858"
"Marlon Champion","The Ferber Company, Inc.","","","","","Florida","Owner/Developer","https://www.icsc.com/member/profile/243634"
"Vincent Chao","NNN REIT, Inc.","","","","","Florida","Owner/Developer","https://www.icsc.com/member/profile/851328"
"Iryna Chapelska","NewQuest","","","","","Florida","Owner/Developer","https://www.icsc.com/member/profile/851293"
"Alan Charron","Real Property Specialists, Inc.","","","","","Florida","Owner/Developer","https://www.icsc.com/member/profile/128399"
"Yailen Chenlo","Woolbright Development","","","","","Florida","Owner/Developer","https://www.icsc.com/member/profile/560613"
"Lee Cherney","Kin Properties","","","","","Florida","Owner/Developer","https://www.icsc.com/member/profile/117806"
"Roberto Chiantera","Orion Real Estate Group","","","","","Florida","Owner/Developer","https://www.icsc.com/member/profile/388946"
"Stefan Chodkowski","Kin Properties","","","","","Florida","Owner/Developer","https://www.icsc.com/member/profile/666648"
"Nicole Christodoulou","Commodore Realty, Inc.","","","","","Florida","Owner/Developer","https://www.icsc.com/member/profile/365540"
"Tommy Ciserano","MMI Development","","","","","Florida","Owner/Developer","https://www.icsc.com/member/profile/581082"
"Ted Clark","Orion Real Estate Group","","","","","Florida","Owner/Developer","https://www.icsc.com/member/profile/836218"
"Victoria Clark-Grassano","Commodore Realty, Inc.","","","","","Florida","Owner/Developer","https://www.icsc.com/member/profile/851540"
"Tarah Clarke","Walt Disney Parks & Resorts","","","","","Florida","Owner/Developer","https://www.icsc.com/member/profile/246483"
"Beth Cohan","Noble Properties","","","","","Florida","Owner/Developer","https://www.icsc.com/member/profile/578621"
"Baruch Cohen","Isram Realty Group","","","","","Florida","Owner/Developer","https://www.icsc.com/member/profile/555092"
"Hal Cohen","Ross Realty Investments, Inc.","","","","","Florida","Owner/Developer","https://www.icsc.com/member/profile/222490"
"Dani Cohn","Kimco Realty Corporation","","","","","Florida","Owner/Developer","https://www.icsc.com/member/profile/716199"
"Ian Coia","Barclay Group","","","","","Florida","Owner/Developer","https://www.icsc.com/member/profile/643430"
"David Coia","Barclay Group","","","","","Florida","Owner/Developer","https://www.icsc.com/member/profile/104115"
"Michael Collard","Michael Collard Properties","","","","","Florida","Owner/Developer","https://www.icsc.com/member/profile/189942"
"Thomas Craig Collin","Tavistock Development Company, LLC","","","","","Florida","Owner/Developer","https://www.icsc.com/member/profile/804898"
"Frazer Collins","Rudnick Development Inc.","","","","","Florida","Owner/Developer","https://www.icsc.com/member/profile/718305"
"Duane Comprosky","Orion Real Estate Group","","","","","Florida","Owner/Developer","https://www.icsc.com/member/profile/387701"
"John Conroy","South Real Estate Group","","","","","Florida","Owner/Developer","https://www.icsc.com/member/profile/620666"
"Clint Conway","JBCC Development","","","","","Florida","Owner/Developer","https://www.icsc.com/member/profile/515662"
"Lance Cooper","JBS Capital Investments, LLC","","","","","Florida","Owner/Developer","https://www.icsc.com/member/profile/632538"
"Brian Cooper","NNN REIT, Inc.","","","","","Florida","Owner/Developer","https://www.icsc.com/member/profile/354296"
"Paul Cooper","Murphy Land and Retail Services Inc.","","","","","Florida","Owner/Developer","https://www.icsc.com/member/profile/304309"
"Valerie Cope","North American Properties, Inc.","","","","","Florida","Owner/Developer","https://www.icsc.com/member/profile/509666"
"Scott Copeland","The Morgan Companies","","","","","Florida","Owner/Developer","https://www.icsc.com/member/profile/123117"
"Alex Cornfeld","The Cornfeld Group","","","","","Florida","Owner/Developer","https://www.icsc.com/member/profile/793162"
"Jeffrey Cornfeld","The Cornfeld Group","","","","","Florida","Owner/Developer","https://www.icsc.com/member/profile/339887"
"Carina Corry","JBCC Development","","","","","Florida","Owner/Developer","https://www.icsc.com/member/profile/853088"
"Daniel Corwin","Kin Properties","","","","","Florida","Owner/Developer","https://www.icsc.com/member/profile/355963"
"Tori Cotleur","Koz Real Estate","","","","","Florida","Owner/Developer","https://www.icsc.com/member/profile/812185"
"Brad Covert","Walt Disney Parks & Resorts","","","","","Florida","Owner/Developer","https://www.icsc.com/member/profile/347579"
"Daniel Coyle","Stiles","","","","","Florida","Owner/Developer","https://www.icsc.com/member/profile/401308"
"Amber Crawford","Concept Development","","","","","Florida","Owner/Developer","https://www.icsc.com/member/profile/860603"
"Amber Crawford","Swift Creek Commercial","","","","","Florida","Owner/Developer","https://www.icsc.com/member/profile/498361"
"Brian Crawford","Concept Development","","","","","Florida","Owner/Developer","https://www.icsc.com/member/profile/477537"
"Jude Crayton","Coastal Equities","","","","","Florida","Owner/Developer","https://www.icsc.com/member/profile/228040"
"Iliana Crespo","Philips International","","","","","Florida","Owner/Developer","https://www.icsc.com/member/profile/680081"
"Michael Crosby","FrontView REIT","","","","","Florida","Owner/Developer","https://www.icsc.com/member/profile/446328"
"John Crossman CCIM, CRX","CrossMarc Services, LLC","","","","","Florida","Owner/Developer","https://www.icsc.com/member/profile/136597"
"David Crystal","Blackfin Partners","","","","","Florida","Owner/Developer","https://www.icsc.com/member/profile/859137"
"Stephanie D'Amico","CrossMarc Services, LLC","","","","","Florida","Owner/Developer","https://www.icsc.com/member/profile/616672"
"Shelbi D'Avignon","Boos Development Group Inc.","","","","","Florida","Owner/Developer","https://www.icsc.com/member/profile/810032"
"Robert Dake, CLS","Sterling Organization","","","","","Florida","Owner/Developer","https://www.icsc.com/member/profile/451416"
"Alan Daoud","Causeway Holdings","","","","","Florida","Owner/Developer","https://www.icsc.com/member/profile/633402"
"Jaxon Darden","Wyld Oaks","","","","","Florida","Owner/Developer","https://www.icsc.com/member/profile/860629"
"Tim Darnell","RBI Development LLC","","","","","Florida","Owner/Developer","https://www.icsc.com/member/profile/332779"
"Andrew Davies","Pavilion Development Company","","","","","Florida","Owner/Developer","https://www.icsc.com/member/profile/339240"
"James Davis IV","Optimus Development Co.","","","","","Florida","Owner/Developer","https://www.icsc.com/member/profile/779839"
"Sean Davis","The Sembler Company","","","","","Florida","Owner/Developer","https://www.icsc.com/member/profile/380264"
"Ramon Day","Sleiman Enterprises","","","","","Florida","Owner/Developer","https://www.icsc.com/member/profile/842479"
"Deborah De Luca","Kin Properties","","","","","Florida","Owner/Developer","https://www.icsc.com/member/profile/262969"
"Wanda DeBoer","RPM Realty Management, LLC","","","","","Florida","Owner/Developer","https://www.icsc.com/member/profile/349106"
"Eric Deckinger","Collarmele Partners","","","","","Florida","Owner/Developer","https://www.icsc.com/member/profile/91446"
"Yannis Delaruelle","Coastal Equities","","","","","Florida","Owner/Developer","https://www.icsc.com/member/profile/716547"
"Gregg DeSantis","Silver Companies","","","","","Florida","Owner/Developer","https://www.icsc.com/member/profile/546843"
"Ben DeStefano","NNN REIT, Inc.","","","","","Florida","Owner/Developer","https://www.icsc.com/member/profile/861644"
"Steven Deutsch","Frank, Weinberg & Black P.A.","","","","","Florida","Owner/Developer","https://www.icsc.com/member/profile/207015"
"John DeWolfe","Sterling Organization","","","","","Florida","Owner/Developer","https://www.icsc.com/member/profile/224146"
"Ameer Diab","SunDev Properties","","","","","Florida","Owner/Developer","https://www.icsc.com/member/profile/745427"
"M. Diab","SunDev Properties","","","","","Florida","Owner/Developer","https://www.icsc.com/member/profile/195168"
"Richard DiChiara Jr","Woolbright Development","","","","","Florida","Owner/Developer","https://www.icsc.com/member/profile/260482"
"Andrew Dieringer","SOUTHERN MANAGEMENT & DEVELOPMENT, L.P.","","","","","Florida","Owner/Developer","https://www.icsc.com/member/profile/133694"
"Scott Dobbins","Hybridge CRE","","","","","Florida","Owner/Developer","https://www.icsc.com/member/profile/308122"
"Hal Dodt","Renaissance Realty Associates","","","","","Florida","Owner/Developer","https://www.icsc.com/member/profile/207444"
"Chase Doganiero","Boos Development Group Inc.","","","","","Florida","Owner/Developer","https://www.icsc.com/member/profile/775513"
"Patrick Dolezal","Norfolk Acquisitions, LLC.","","","","","Florida","Owner/Developer","https://www.icsc.com/member/profile/361004"
"Kathryn Doolittle","Orion Real Estate Group","","","","","Florida","Owner/Developer","https://www.icsc.com/member/profile/811785"
"Milton Dotterweich","Walt Disney Parks & Resorts","","","","","Florida","Owner/Developer","https://www.icsc.com/member/profile/728536"
"Richard Drennan","SOUTHERN MANAGEMENT & DEVELOPMENT, L.P.","","","","","Florida","Owner/Developer","https://www.icsc.com/member/profile/146242"
"Max Drewett","WMG Development, LLC","","","","","Florida","Owner/Developer","https://www.icsc.com/member/profile/775176"
"Matt Drews","CASTO","","","","","Florida","Owner/Developer","https://www.icsc.com/member/profile/634228"
"Jim Dunphy CCIM","Dunphy Properties LLC","","","","","Florida","Owner/Developer","https://www.icsc.com/member/profile/99959"
"James Dunphy III","Dunphy Properties LLC","","","","","Florida","Owner/Developer","https://www.icsc.com/member/profile/643286"
"Matt Durney","Durney Properties, Inc","","","","","Florida","Owner/Developer","https://www.icsc.com/member/profile/104584"
"Neil Efron CCIM, CRX, CSM","Noble Properties","","","","","Florida","Owner/Developer","https://www.icsc.com/member/profile/136477"
"Brandon Eggleston","RMC Property Group","","","","","Florida","Owner/Developer","https://www.icsc.com/member/profile/578070"
"Bobby Eggleston","RMC Property Group","","","","","Florida","Owner/Developer","https://www.icsc.com/member/profile/327027"
"Sean Elias","Elias Real Estate Group, Inc. / Elias Properties","","","","","Florida","Owner/Developer","https://www.icsc.com/member/profile/753532"
"Brett Elias","Elias Real Estate Group, Inc. / Elias Properties","","","","","Florida","Owner/Developer","https://www.icsc.com/member/profile/472754"
"Nathan Elkayam","Infinite Equity Capital","","","","","Florida","Owner/Developer","https://www.icsc.com/member/profile/854755"
"Danielle Ellis","WMG Development, LLC","","","","","Florida","Owner/Developer","https://www.icsc.com/member/profile/771001"
"Aldo Enderica","HB Capital Group","","","","","Florida","Owner/Developer","https://www.icsc.com/member/profile/690813"
"Chuck Ernst","Paradise Ventures, Inc.","","","","","Florida","Owner/Developer","https://www.icsc.com/member/profile/237990"
"Jonathan Escarza","Frontier Development LLC","","","","","Florida","Owner/Developer","https://www.icsc.com/member/profile/784243"
"Alexander Espinola","Investment Management Assoc.","","","","","Florida","Owner/Developer","https://www.icsc.com/member/profile/404336"
"Karen Esposito","The Viera Company","","","","","Florida","Owner/Developer","https://www.icsc.com/member/profile/758845"
"Sonya Etessam","Gumberg Asset Management Corp.","","","","","Florida","Owner/Developer","https://www.icsc.com/member/profile/791694"
"Ernie Euler","Matthew Development","","","","","Florida","Owner/Developer","https://www.icsc.com/member/profile/207584"
"Lance Fair","Estein & Associates USA, Ltd","","","","","Florida","Owner/Developer","https://www.icsc.com/member/profile/787083"
"Cristina Falla","Inmobiliaria El Rodeo","","","","","Florida","Owner/Developer","https://www.icsc.com/member/profile/710173"
"Bonnie Farmer","Saglo Companies","","","","","Florida","Owner/Developer","https://www.icsc.com/member/profile/744631"
"Heather Fava","Benderson Development Company, LLC","","","","","Florida","Owner/Developer","https://www.icsc.com/member/profile/285447"
"Mitchell Feldman","The Feldman Companies LLC","","","","","Florida","Owner/Developer","https://www.icsc.com/member/profile/287952"
"Shields Ferber Jr","The Ferber Company, Inc.","","","","","Florida","Owner/Developer","https://www.icsc.com/member/profile/206578"
"Gloria Fernandez","HB Capital Group","","","","","Florida","Owner/Developer","https://www.icsc.com/member/profile/695592"
"Alfred Ferris, CLS","Forbes Company","","","","","Florida","Owner/Developer","https://www.icsc.com/member/profile/103798"
"Ross Feurring","Banyan Development","","","","","Florida","Owner/Developer","https://www.icsc.com/member/profile/469253"
"Kim Fiedler","Benderson Development Company, LLC","","","","","Florida","Owner/Developer","https://www.icsc.com/member/profile/239658"
"Eric Fink","KPR Centers","","","","","Florida","Owner/Developer","https://www.icsc.com/member/profile/638701"
"Bret Fischer","PEBB Enterprises","","","","","Florida","Owner/Developer","https://www.icsc.com/member/profile/811978"
"Benjamin Fischmann","Crystal Lagoons US Corp","","","","","Florida","Owner/Developer","https://www.icsc.com/member/profile/720501"
"Oscar Fister","Nob Hill Pavilion Inc.","","","","","Florida","Owner/Developer","https://www.icsc.com/member/profile/818942"
"Kim Fitzgerald","Kitson & Partners","","","","","Florida","Owner/Developer","https://www.icsc.com/member/profile/240639"
"Leah Fitzpatrick","WMG Development, LLC","","","","","Florida","Owner/Developer","https://www.icsc.com/member/profile/712298"
"Kelly Flanders","Woolbright Development","","","","","Florida","Owner/Developer","https://www.icsc.com/member/profile/801495"
"Dylan Fonseca","Centro Realty","","","","","Florida","Owner/Developer","https://www.icsc.com/member/profile/565736"
"Paul Forberger, CRX, CSM","FrostPoint Capital","","","","","Florida","Owner/Developer","https://www.icsc.com/member/profile/167041"
"Albert Carlos Fraga","Fraga Properties","","","","","Florida","Owner/Developer","https://www.icsc.com/member/profile/788767"
"Albert Fraga","Fraga Properties","","","","","Florida","Owner/Developer","https://www.icsc.com/member/profile/111995"
"Sylvia Franca","Orion Real Estate Group","","","","","Florida","Owner/Developer","https://www.icsc.com/member/profile/792391"
"Jacob Frazier","The Ferber Company, Inc.","","","","","Florida","Owner/Developer","https://www.icsc.com/member/profile/829982"
"Austin Freedman","Stiles","","","","","Florida","Owner/Developer","https://www.icsc.com/member/profile/725905"
"Jordan Fried","Sterling Organization","","","","","Florida","Owner/Developer","https://www.icsc.com/member/profile/603709"
"Mike Friedman","GL Commercial","","","","","Florida","Owner/Developer","https://www.icsc.com/member/profile/203843"
"Kristin Furniss","NNN REIT, Inc.","","","","","Florida","Owner/Developer","https://www.icsc.com/member/profile/285217"
"Ignacio Garcia","Fraga Properties","","","","","Florida","Owner/Developer","https://www.icsc.com/member/profile/92282"
"Peter Gardner","Longpoint Realty Partners","","","","","Florida","Owner/Developer","https://www.icsc.com/member/profile/684672"
"James Gendreau","Tailwinds Development, LLC","","","","","Florida","Owner/Developer","https://www.icsc.com/member/profile/199626"
"Moshe Genet","Isram Realty Group","","","","","Florida","Owner/Developer","https://www.icsc.com/member/profile/746397"
"Taylor Gerhardt","FrostPoint Capital","","","","","Florida","Owner/Developer","https://www.icsc.com/member/profile/667883"
"Mark Gianquitti","O'Connor Capital Partners","","","","","Florida","Owner/Developer","https://www.icsc.com/member/profile/856886"
"Mark Gianquitti","O'Connor Capital Partners","","","","","Florida","Owner/Developer","https://www.icsc.com/member/profile/154383"
"Jennifer Gierke","Retail Development Properties, LLC","","","","","Florida","Owner/Developer","https://www.icsc.com/member/profile/302477"
"Kate Gilbert","O'Connor Capital Partners","","","","","Florida","Owner/Developer","https://www.icsc.com/member/profile/91449"
"Pete Gill","NNN REIT, Inc.","","","","","Florida","Owner/Developer","https://www.icsc.com/member/profile/846425"
"Yehuda Ginsberg","Madison Commercial Real Estate Services","","","","","Florida","Owner/Developer","https://www.icsc.com/member/profile/862419"
"Debra Giovanis","Boos Development Group Inc.","","","","","Florida","Owner/Developer","https://www.icsc.com/member/profile/618950"
"Jason Glaser","TCII Capital Group LLC","","","","","Florida","Owner/Developer","https://www.icsc.com/member/profile/436758"
"Mitchell Goldenberg","The Glenville Group, Inc.","","","","","Florida","Owner/Developer","https://www.icsc.com/member/profile/124009"
"Spencer Goldsmith","Gator Investments","","","","","Florida","Owner/Developer","https://www.icsc.com/member/profile/681622"
"James Goldsmith","Gator Investments","","","","","Florida","Owner/Developer","https://www.icsc.com/member/profile/123121"
"Lauren Golem","Sterling Organization","","","","","Florida","Owner/Developer","https://www.icsc.com/member/profile/867130"
"Seve Gomez","STK Group","","","","","Florida","Owner/Developer","https://www.icsc.com/member/profile/810153"
"Kelly Gonzalez","Coastal Equities","","","","","Florida","Owner/Developer","https://www.icsc.com/member/profile/854836"
"Sean Gooden","Children of America","","","","","Florida","Owner/Developer","https://www.icsc.com/member/profile/776479"
"Kenneth Goodman","Interface Properties","","","","","Florida","Owner/Developer","https://www.icsc.com/member/profile/92684"
"Ryan Goodman","Barclay Group","","","","","Florida","Owner/Developer","https://www.icsc.com/member/profile/652840"
"Zac Goodman","Interface Properties","","","","","Florida","Owner/Developer","https://www.icsc.com/member/profile/575866"
"Sean Gorbell","Isram Realty Group","","","","","Florida","Owner/Developer","https://www.icsc.com/member/profile/259060"
"Eric Gordon","Frontier Development LLC","","","","","Florida","Owner/Developer","https://www.icsc.com/member/profile/176478"
"Jonathan Graber CCIM","The Sembler Company","","","","","Florida","Owner/Developer","https://www.icsc.com/member/profile/363776"
"Louie Granteed","Tobin Real Estate","","","","","Florida","Owner/Developer","https://www.icsc.com/member/profile/584748"
"Teresa Grashof","The Ferber Company, Inc.","","","","","Florida","Owner/Developer","https://www.icsc.com/member/profile/144457"
"Charles Greene","Meryman Environmental, Inc.","","","","","Florida","Owner/Developer","https://www.icsc.com/member/profile/517133"
"Rachel Gregorie","Regency Centers","","","","","Florida","Owner/Developer","https://www.icsc.com/member/profile/805893"
"Camille Gulisano-Pelàez CCIM","Summit Realty","","","","","Florida","Owner/Developer","https://www.icsc.com/member/profile/152806"
"Ben Gust","PEBB Enterprises","","","","","Florida","Owner/Developer","https://www.icsc.com/member/profile/835230"
"Kelley Gutierrez, CSM","The Sembler Company","","","","","Florida","Owner/Developer","https://www.icsc.com/member/profile/465992"
"Howard Gutman","Lutgert Companies/Premier Commercial","","","","","Florida","Owner/Developer","https://www.icsc.com/member/profile/126285"
"Carlos Guzman","Metro Commercial Real Estate Inc.","","","","","Florida","Owner/Developer","https://www.icsc.com/member/profile/223174"
"J.P. Guzzardo","Solid Rock Property Group","","","","","Florida","Owner/Developer","https://www.icsc.com/member/profile/377983"
"Myrna Haft","HHH Properties Corp.","","","","","Florida","Owner/Developer","https://www.icsc.com/member/profile/316912"
"Matthew Hagan","InvenTrust Properties Corp.","","","","","Florida","Owner/Developer","https://www.icsc.com/member/profile/302279"
"Matthew Hagen","Howard Group","","","","","Florida","Owner/Developer","https://www.icsc.com/member/profile/256071"
"Dana Hahn","Howard Group","","","","","Florida","Owner/Developer","https://www.icsc.com/member/profile/361088"
"Blake Hakimian","Hakimian Holdings, Inc.","","","","","Florida","Owner/Developer","https://www.icsc.com/member/profile/741797"
"Benjamin Hakimian","Hakimian Holdings, Inc.","","","","","Florida","Owner/Developer","https://www.icsc.com/member/profile/235694"
"Genny Hall","JETT Retail Development","","","","","Florida","Owner/Developer","https://www.icsc.com/member/profile/294794"
"Michael Halloun","Turnberry","","","","","Florida","Owner/Developer","https://www.icsc.com/member/profile/849715"
"Zachary Hammer","Sutton Properties, Inc.","","","","","Florida","Owner/Developer","https://www.icsc.com/member/profile/617124"
"Tom Harb","Phoenicia Development, LLC","","","","","Florida","Owner/Developer","https://www.icsc.com/member/profile/359206"
"James Hardacre","LNR Partners LLC","","","","","Florida","Owner/Developer","https://www.icsc.com/member/profile/175587"
"Tom Hareas","The Sembler Company","","","","","Florida","Owner/Developer","https://www.icsc.com/member/profile/153055"
"Sue Harker","The Sembler Company","","","","","Florida","Owner/Developer","https://www.icsc.com/member/profile/155126"
"Hailey Hart","Noble Properties","","","","","Florida","Owner/Developer","https://www.icsc.com/member/profile/839328"
"Jerry Hart","Barclay Group","","","","","Florida","Owner/Developer","https://www.icsc.com/member/profile/338647"
"James Hartman","GenMark Property Group, LLC","","","","","Florida","Owner/Developer","https://www.icsc.com/member/profile/621008"
"Matt Hausman","RMC Property Group","","","","","Florida","Owner/Developer","https://www.icsc.com/member/profile/775115"
"Ryan Hayoun","Isram Realty Group","","","","","Florida","Owner/Developer","https://www.icsc.com/member/profile/399040"
"Scott Hayward, CDP, CRX","Kin Properties","","","","","Florida","Owner/Developer","https://www.icsc.com/member/profile/209856"
"Austin Heath","WMG Development, LLC","","","","","Florida","Owner/Developer","https://www.icsc.com/member/profile/827479"
"Brian Hector","Kite Realty Group","","","","","Florida","Owner/Developer","https://www.icsc.com/member/profile/335488"
"Ben Heekin","Bakkar Group","","","","","Florida","Owner/Developer","https://www.icsc.com/member/profile/860533"
"Ebony Heins","Benderson Development Company, LLC","","","","","Florida","Owner/Developer","https://www.icsc.com/member/profile/801893"
"Jonathan Heldenbrand","Proper CRE","","","","","Florida","Owner/Developer","https://www.icsc.com/member/profile/466054"
"Andrew Hellinger","Urban X Group","","","","","Florida","Owner/Developer","https://www.icsc.com/member/profile/569271"
"Janet Henderson","Walt Disney Parks & Resorts","","","","","Florida","Owner/Developer","https://www.icsc.com/member/profile/114505"
"Susana Hernandez-Hazzi","Kimco Realty Corporation","","","","","Florida","Owner/Developer","https://www.icsc.com/member/profile/127644"
"Mike Herzberg","Sleiman Enterprises","","","","","Florida","Owner/Developer","https://www.icsc.com/member/profile/363979"
"Curtis Hicks","JBCC Development","","","","","Florida","Owner/Developer","https://www.icsc.com/member/profile/778082"
"Logan Hixson","WMG Development, LLC","","","","","Florida","Owner/Developer","https://www.icsc.com/member/profile/632777"
"Eric Hochman","PEBB Enterprises","","","","","Florida","Owner/Developer","https://www.icsc.com/member/profile/555346"
"Ted Hockenberry","Children of America","","","","","Florida","Owner/Developer","https://www.icsc.com/member/profile/776246"
"John Hoecker CCIM, CSM","Jupiter Realty Company","","","","","Florida","Owner/Developer","https://www.icsc.com/member/profile/321607"
"Robert Hoffman","Global Fund Investments, Inc.","","","","","Florida","Owner/Developer","https://www.icsc.com/member/profile/750760"
"Dexter Hoffman","Hoffman Ventures, Inc.","","","","","Florida","Owner/Developer","https://www.icsc.com/member/profile/277356"
"Kimberly Hoglund, CSM","Noble Properties","","","","","Florida","Owner/Developer","https://www.icsc.com/member/profile/592190"
"Fred Hohnadel","Redstone Investments","","","","","Florida","Owner/Developer","https://www.icsc.com/member/profile/90723"
"Ryan Holihan","RH Development Group, LLC","","","","","Florida","Owner/Developer","https://www.icsc.com/member/profile/775589"
"Chuck Holliday","Jamison Commercial Partners","","","","","Florida","Owner/Developer","https://www.icsc.com/member/profile/653801"
"Jonathan Holubik","Alliant Partners","","","","","Florida","Owner/Developer","https://www.icsc.com/member/profile/728300"
"Stephen Horn","NNN REIT, Inc.","","","","","Florida","Owner/Developer","https://www.icsc.com/member/profile/287798"
"Michael Hotte","Echion USA Inc","","","","","Florida","Owner/Developer","https://www.icsc.com/member/profile/498970"
"Keith Howard","Howard Group","","","","","Florida","Owner/Developer","https://www.icsc.com/member/profile/98450"
"Liz Hoyer","Woolbright Development","","","","","Florida","Owner/Developer","https://www.icsc.com/member/profile/271486"
"Mark Hudgins","Matthew Development","","","","","Florida","Owner/Developer","https://www.icsc.com/member/profile/619274"
"R. Hudson","Related Companies","","","","","Florida","Owner/Developer","https://www.icsc.com/member/profile/103082"
"Connie Hull","Fraga Properties","","","","","Florida","Owner/Developer","https://www.icsc.com/member/profile/188518"
"Joey Hungerford","Saunders Real Estate","","","","","Florida","Owner/Developer","https://www.icsc.com/member/profile/857746"
"David Hungerford CCIM","Saunders Real Estate","","","","","Florida","Owner/Developer","https://www.icsc.com/member/profile/664770"
"Ted Hunt","Hunt Retail Properties, Inc.","","","","","Florida","Owner/Developer","https://www.icsc.com/member/profile/160330"
"Edward Hurowitz","HB Capital Group","","","","","Florida","Owner/Developer","https://www.icsc.com/member/profile/788506"
"Steven Hurowitz","HB Capital Group","","","","","Florida","Owner/Developer","https://www.icsc.com/member/profile/339886"
"Brett Hutchens","CASTO","","","","","Florida","Owner/Developer","https://www.icsc.com/member/profile/163335"
"Emily Ibarra","Swire Properties","","","","","Florida","Owner/Developer","https://www.icsc.com/member/profile/848469"
"Stephen Infantino","Tailwinds Development, LLC","","","","","Florida","Owner/Developer","https://www.icsc.com/member/profile/479808"
"Zach Ingram","Real Property Specialists, Inc.","","","","","Florida","Owner/Developer","https://www.icsc.com/member/profile/857815"
"R. Scott Ireland","Ireland Companies","","","","","Florida","Owner/Developer","https://www.icsc.com/member/profile/98160"
"Tatum Ireland","Ireland Companies","","","","","Florida","Owner/Developer","https://www.icsc.com/member/profile/865656"
"Thomas Ireland Sr, CSM","Ireland Companies","","","","","Florida","Owner/Developer","https://www.icsc.com/member/profile/228779"
"M. Scott Ireland","Ireland Companies","","","","","Florida","Owner/Developer","https://www.icsc.com/member/profile/135955"
"TJ Ireland","Ireland Companies","","","","","Florida","Owner/Developer","https://www.icsc.com/member/profile/106539"
"Steliyan Ivanov","OM Ventures","","","","","Florida","Owner/Developer","https://www.icsc.com/member/profile/654214"
"Marshall Ives","Long Pond Development, LLC","","","","","Florida","Owner/Developer","https://www.icsc.com/member/profile/669351"
"Nailah Jackson","Jamison Commercial Partners","","","","","Florida","Owner/Developer","https://www.icsc.com/member/profile/859490"
"Susan Jackson","Saglo Companies","","","","","Florida","Owner/Developer","https://www.icsc.com/member/profile/785697"
"Jared Jackson","Stirling","","","","","Florida","Owner/Developer","https://www.icsc.com/member/profile/715907"
"Richard Jaffe","The Jaffe Corporation","","","","","Florida","Owner/Developer","https://www.icsc.com/member/profile/92585"
"Sam Jaffe","The Jaffe Corporation","","","","","Florida","Owner/Developer","https://www.icsc.com/member/profile/310846"
"Jennifer Jaikissoon","CITICORE DEVELOPMENT GROUP","","","","","Florida","Owner/Developer","https://www.icsc.com/member/profile/810412"
"Elliott Jamison","Jamison Commercial Partners","","","","","Florida","Owner/Developer","https://www.icsc.com/member/profile/335471"
"Michael Janoura","The Janoura Group","","","","","Florida","Owner/Developer","https://www.icsc.com/member/profile/182108"
"Genessy Jaramillo","CrossMarc Services, LLC","","","","","Florida","Owner/Developer","https://www.icsc.com/member/profile/808996"
"Steven Jarvis","FrontView REIT","","","","","Florida","Owner/Developer","https://www.icsc.com/member/profile/785482"
"Jason Jennings","Schmier Property Group","","","","","Florida","Owner/Developer","https://www.icsc.com/member/profile/519941"
"JJ Johnson","Michael Collard Properties","","","","","Florida","Owner/Developer","https://www.icsc.com/member/profile/835835"
"Lauren Johnson","RMC Property Group","","","","","Florida","Owner/Developer","https://www.icsc.com/member/profile/791120"
"Thomas Johnson","CASTO","","","","","Florida","Owner/Developer","https://www.icsc.com/member/profile/683487"
"Scott Johnson","Flagler Realty & Development, Inc.","","","","","Florida","Owner/Developer","https://www.icsc.com/member/profile/180283"
"Richard Johnson Jr","Flagler Realty & Development, Inc.","","","","","Florida","Owner/Developer","https://www.icsc.com/member/profile/123095"
"Darren Jones","Benderson Development Company, LLC","","","","","Florida","Owner/Developer","https://www.icsc.com/member/profile/630675"
"Ava Jowers","Kimco Realty Corporation","","","","","Florida","Owner/Developer","https://www.icsc.com/member/profile/817575"
"John Joyce, CSM","Joyce Development Group","","","","","Florida","Owner/Developer","https://www.icsc.com/member/profile/95745"
"Ryan Joyce","Kite Realty Group","","","","","Florida","Owner/Developer","https://www.icsc.com/member/profile/296151"
"Jeremy Juffe","Miromar Development Inc.","","","","","Florida","Owner/Developer","https://www.icsc.com/member/profile/618924"
"Evan Junot","Independence Commercial Real Estate","","","","","Florida","Owner/Developer","https://www.icsc.com/member/profile/787473"
"Flavia Kanyago","CrossMarc Services, LLC","","","","","Florida","Owner/Developer","https://www.icsc.com/member/profile/588792"
"Alex Karas","The Janoura Group","","","","","Florida","Owner/Developer","https://www.icsc.com/member/profile/186278"
"Ryan Karlin","Stiles","","","","","Florida","Owner/Developer","https://www.icsc.com/member/profile/295917"
"Brad Karns","Paradise Ventures, Inc.","","","","","Florida","Owner/Developer","https://www.icsc.com/member/profile/672904"
"Anthony Katchuk","Solid Rock Property Group","","","","","Florida","Owner/Developer","https://www.icsc.com/member/profile/611022"
"Robert Kato","Parallax Holdings, LLC","","","","","Florida","Owner/Developer","https://www.icsc.com/member/profile/714214"
"Jaron Katz","RK Centers","","","","","Florida","Owner/Developer","https://www.icsc.com/member/profile/798481"
"Jacob Katz","RK Centers","","","","","Florida","Owner/Developer","https://www.icsc.com/member/profile/755885"
"Jonathan Katz","Colliers","","","","","Florida","Owner/Developer","https://www.icsc.com/member/profile/617174"
"Daniel Katz","RK Centers","","","","","Florida","Owner/Developer","https://www.icsc.com/member/profile/131810"
"Brendan Keating","Stiles","","","","","Florida","Owner/Developer","https://www.icsc.com/member/profile/792277"
"Meredith Keeler","Kimco Realty Corporation","","","","","Florida","Owner/Developer","https://www.icsc.com/member/profile/767036"
"Eric Kelley","Florida Equities","","","","","Florida","Owner/Developer","https://www.icsc.com/member/profile/810785"
"Conor Kelley","Ram Realty Services","","","","","Florida","Owner/Developer","https://www.icsc.com/member/profile/583990"
"Randy Kelley","Core Sound Development","","","","","Florida","Owner/Developer","https://www.icsc.com/member/profile/314416"
"Aidan Kelso","Regency Centers","","","","","Florida","Owner/Developer","https://www.icsc.com/member/profile/707421"
"Heidi Kempf","Centennial","","","","","Florida","Owner/Developer","https://www.icsc.com/member/profile/853826"
"Heidi Kempf","Centennial Real Estate","","","","","Florida","Owner/Developer","https://www.icsc.com/member/profile/772114"
"Amanda Kennedy-Sita","Woolbright Development","","","","","Florida","Owner/Developer","https://www.icsc.com/member/profile/637432"
"Alexander Khoyi","Realty One Group Advantage","","","","","Florida","Owner/Developer","https://www.icsc.com/member/profile/556943"
"Ryan Kingry","Jamison Commercial Partners","","","","","Florida","Owner/Developer","https://www.icsc.com/member/profile/603583"
"Michael Klinger","Saber Real Estate Advisors, LLC","","","","","Florida","Owner/Developer","https://www.icsc.com/member/profile/446790"
"Kyle Knight","Stirling","","","","","Florida","Owner/Developer","https://www.icsc.com/member/profile/734734"
"Edward Kobel","DeBartolo Development","","","","","Florida","Owner/Developer","https://www.icsc.com/member/profile/98325"
"Bradley Koenig","Flagler Realty & Development, Inc.","","","","","Florida","Owner/Developer","https://www.icsc.com/member/profile/524083"
"Patrick Koenig","Flagler Realty & Development, Inc.","","","","","Florida","Owner/Developer","https://www.icsc.com/member/profile/123096"
"Mary Kolesar","Redstone Investments","","","","","Florida","Owner/Developer","https://www.icsc.com/member/profile/391247"
"Craig Kopko, CLS","WMG Development, LLC","","","","","Florida","Owner/Developer","https://www.icsc.com/member/profile/742525"
"Wendy Krepak","Woolbright Development","","","","","Florida","Owner/Developer","https://www.icsc.com/member/profile/654629"
"Carmine Lacognata","Paradise Ventures, Inc.","","","","","Florida","Owner/Developer","https://www.icsc.com/member/profile/680611"
"Dawn Ladd","The Sembler Company","","","","","Florida","Owner/Developer","https://www.icsc.com/member/profile/178309"
"Christina Ladd-Camacho","Gator Investments","","","","","Florida","Owner/Developer","https://www.icsc.com/member/profile/315414"
"Joshua Ladle","Global Fund Investments","","","","","Florida","Owner/Developer","https://www.icsc.com/member/profile/500597"
"Benjamin LaFreniere","Quest Company","","","","","Florida","Owner/Developer","https://www.icsc.com/member/profile/446747"
"Adam Landa","Gator Investments","","","","","Florida","Owner/Developer","https://www.icsc.com/member/profile/624727"
"Nathan Landers","Blackfin Partners","","","","","Florida","Owner/Developer","https://www.icsc.com/member/profile/316724"
"Steven Landsman","Steven Landsman","","","","","Florida","Owner/Developer","https://www.icsc.com/member/profile/92870"
"Seth Lane","Regency Centers","","","","","Florida","Owner/Developer","https://www.icsc.com/member/profile/432007"
"Jason Lang","The Ferber Company, Inc.","","","","","Florida","Owner/Developer","https://www.icsc.com/member/profile/797049"
"Rachel Lanham","Tailwinds Development, LLC","","","","","Florida","Owner/Developer","https://www.icsc.com/member/profile/791371"
"Peter LaPointe","Grass River","","","","","Florida","Owner/Developer","https://www.icsc.com/member/profile/604424"
"Andrei Larion","Sterling Organization","","","","","Florida","Owner/Developer","https://www.icsc.com/member/profile/824117"
"Kristian Lastre","The Cornerstone Group","","","","","Florida","Owner/Developer","https://www.icsc.com/member/profile/860669"
"James Leach","Frontier Development LLC","","","","","Florida","Owner/Developer","https://www.icsc.com/member/profile/164867"
"Joseph LeBas Jr","Concorde Group Holdings, LLC","","","","","Florida","Owner/Developer","https://www.icsc.com/member/profile/621250"
"Roger LeBlanc","Retail Realty Associates","","","","","Florida","Owner/Developer","https://www.icsc.com/member/profile/103120"
"Tai Lee","CrossMarc Services, LLC","","","","","Florida","Owner/Developer","https://www.icsc.com/member/profile/860632"
"Ryan Lee","Hybridge CRE","","","","","Florida","Owner/Developer","https://www.icsc.com/member/profile/793352"
"Kenia Lee","Tobin Real Estate","","","","","Florida","Owner/Developer","https://www.icsc.com/member/profile/778550"
"Justin Leith","NNN REIT, Inc.","","","","","Florida","Owner/Developer","https://www.icsc.com/member/profile/729295"
"Joseph Lelonek","Atlantic Land Companies","","","","","Florida","Owner/Developer","https://www.icsc.com/member/profile/238085"
"Gunner Leslie","Jamison Commercial Partners","","","","","Florida","Owner/Developer","https://www.icsc.com/member/profile/835902"
"Joe Letzelter","Children of America","","","","","Florida","Owner/Developer","https://www.icsc.com/member/profile/786919"
"Russell Levene","Investment Management Assoc.","","","","","Florida","Owner/Developer","https://www.icsc.com/member/profile/653372"
"Madison Levin","SOUTHERN MANAGEMENT & DEVELOPMENT, L.P.","","","","","Florida","Owner/Developer","https://www.icsc.com/member/profile/800828"
"Steven Levin","SOUTHERN MANAGEMENT & DEVELOPMENT, L.P.","","","","","Florida","Owner/Developer","https://www.icsc.com/member/profile/116122"
"Jonathan Levy","Redstone Investments","","","","","Florida","Owner/Developer","https://www.icsc.com/member/profile/182430"
"Marc Lewin","TCII Capital Group LLC","","","","","Florida","Owner/Developer","https://www.icsc.com/member/profile/679010"
"Josh Lewis","NNN REIT, Inc.","","","","","Florida","Owner/Developer","https://www.icsc.com/member/profile/306822"
"Charles Lichtigman","Charles Wayne Properties, Inc.","","","","","Florida","Owner/Developer","https://www.icsc.com/member/profile/94750"
"Mike Liggins","ComTerra Development","","","","","Florida","Owner/Developer","https://www.icsc.com/member/profile/629283"
"Ted Lightman","Charles Wayne Properties, Inc.","","","","","Florida","Owner/Developer","https://www.icsc.com/member/profile/298230"
"Allie Lindblade","Stiles","","","","","Florida","Owner/Developer","https://www.icsc.com/member/profile/681651"
"Joanne Ling","Tavistock Development Company, LLC","","","","","Florida","Owner/Developer","https://www.icsc.com/member/profile/445806"
"Jorge Linkewer","Halberstein Investments Ltd.","","","","","Florida","Owner/Developer","https://www.icsc.com/member/profile/254920"
"Steve Lipofsky","Blackfin Partners","","","","","Florida","Owner/Developer","https://www.icsc.com/member/profile/830574"
"William Lloyd","RKM Development Corp.","","","","","Florida","Owner/Developer","https://www.icsc.com/member/profile/104520"
"Chris Logan PE","Solid Rock Property Group","","","","","Florida","Owner/Developer","https://www.icsc.com/member/profile/384278"
"Derek Logue","Sleiman Enterprises","","","","","Florida","Owner/Developer","https://www.icsc.com/member/profile/763902"
"Kim Lohry","Saunders Real Estate","","","","","Florida","Owner/Developer","https://www.icsc.com/member/profile/667398"
"Alex Lopez","Jamestown, LP","","","","","Florida","Owner/Developer","https://www.icsc.com/member/profile/187320"
"Sharon Lowen","Tabani Group, Inc.","","","","","Florida","Owner/Developer","https://www.icsc.com/member/profile/814569"
"Alex Lucas","Boos Development Group Inc.","","","","","Florida","Owner/Developer","https://www.icsc.com/member/profile/477718"
"Matthew Lunney","TCII Capital Group LLC","","","","","Florida","Owner/Developer","https://www.icsc.com/member/profile/785928"
"Gregg Lurie","Creative Realty Group","","","","","Florida","Owner/Developer","https://www.icsc.com/member/profile/123400"
"Anthony Lyons","AMJ Group, Inc.","","","","","Florida","Owner/Developer","https://www.icsc.com/member/profile/832403"
"Nestor Machado Sr","Cawy Real Estate","","","","","Florida","Owner/Developer","https://www.icsc.com/member/profile/404424"
"Nestor Machado","Cawy Real Estate","","","","","Florida","Owner/Developer","https://www.icsc.com/member/profile/110183"
"Alex Main","Sleiman Enterprises","","","","","Florida","Owner/Developer","https://www.icsc.com/member/profile/521482"
"Dharma Malempati","OM Ventures","","","","","Florida","Owner/Developer","https://www.icsc.com/member/profile/239066"
"Avi Malka","Infinite Equity Capital","","","","","Florida","Owner/Developer","https://www.icsc.com/member/profile/854757"
"Eric Mallory","Eureka Ventures","","","","","Florida","Owner/Developer","https://www.icsc.com/member/profile/344675"
"Will Malone","Sleiman Enterprises","","","","","Florida","Owner/Developer","https://www.icsc.com/member/profile/776198"
"Gregory Maloney, CRX, CSM","Centennial Real Estate","","","","","Florida","Owner/Developer","https://www.icsc.com/member/profile/92333"
"Brian Maloney","Ram Realty Advisors","","","","","Florida","Owner/Developer","https://www.icsc.com/member/profile/809806"
"Richard Maloof","RKM Development Corp.","","","","","Florida","Owner/Developer","https://www.icsc.com/member/profile/112797"
"Cynthia Manchesi","Winthrop Town Builders, LLC","","","","","Florida","Owner/Developer","https://www.icsc.com/member/profile/497890"
"Brett Marcus","PEBB Enterprises","","","","","Florida","Owner/Developer","https://www.icsc.com/member/profile/837105"
"Kim Mareira","PEBB Enterprises","","","","","Florida","Owner/Developer","https://www.icsc.com/member/profile/857792"
"David Marks","Marketplace Advisors, Inc.","","","","","Florida","Owner/Developer","https://www.icsc.com/member/profile/718165"
"David Martin","Paradise Ventures, Inc.","","","","","Florida","Owner/Developer","https://www.icsc.com/member/profile/654224"
"Gary Martin","Site Selection Inc.","","","","","Florida","Owner/Developer","https://www.icsc.com/member/profile/152785"
"Susan Martinez","Brixmor Property Group","","","","","Florida","Owner/Developer","https://www.icsc.com/member/profile/767533"
"Darenda Marvin","WMG Development, LLC","","","","","Florida","Owner/Developer","https://www.icsc.com/member/profile/759236"
"Harvey Mattel","Nob Hill Pavilion Inc.","","","","","Florida","Owner/Developer","https://www.icsc.com/member/profile/143631"
"Shawn Maxey","Stirling","","","","","Florida","Owner/Developer","https://www.icsc.com/member/profile/659656"
"Michael McArdle","Southeast Commercial Development, Inc","","","","","Florida","Owner/Developer","https://www.icsc.com/member/profile/132505"
"George McBee","Dunphy Properties LLC","","","","","Florida","Owner/Developer","https://www.icsc.com/member/profile/186010"
"Amy McCook","JETT Retail Development","","","","","Florida","Owner/Developer","https://www.icsc.com/member/profile/511817"
"Michael McDermott","Sleiman Enterprises","","","","","Florida","Owner/Developer","https://www.icsc.com/member/profile/619017"
"Ryan McDonald","JBCC Development","","","","","Florida","Owner/Developer","https://www.icsc.com/member/profile/791948"
"Kris McDonald","Wagner Property Group","","","","","Florida","Owner/Developer","https://www.icsc.com/member/profile/241900"
"Robert McGuinness","Kite Realty Group","","","","","Florida","Owner/Developer","https://www.icsc.com/member/profile/353008"
"Mindy McIlroy","Terranova Corporation","","","","","Florida","Owner/Developer","https://www.icsc.com/member/profile/219258"
"John McKenna","Madison Development Group, Inc.","","","","","Florida","Owner/Developer","https://www.icsc.com/member/profile/129871"
"Reed McLane","GL Commercial","","","","","Florida","Owner/Developer","https://www.icsc.com/member/profile/321726"
"Michael McLean","North American Properties, Inc.","","","","","Florida","Owner/Developer","https://www.icsc.com/member/profile/759043"
"Aidan McNaughton","Regency Centers","","","","","Florida","Owner/Developer","https://www.icsc.com/member/profile/764012"
"Trey McPherson","R. D. Keene Trust","","","","","Florida","Owner/Developer","https://www.icsc.com/member/profile/479203"
"Suryansh Mehra","Boos Development Group Inc.","","","","","Florida","Owner/Developer","https://www.icsc.com/member/profile/800865"
"Aria Mehrabi","Pacific Star Capital","","","","","Florida","Owner/Developer","https://www.icsc.com/member/profile/279983"
"Dan Meisel","Brookfield Asset Management","","","","","Florida","Owner/Developer","https://www.icsc.com/member/profile/856662"
"Jordan Meissner","Commercial Centers Management","","","","","Florida","Owner/Developer","https://www.icsc.com/member/profile/581817"
"Jordyn Mellow","Kimco Realty Corporation","","","","","Florida","Owner/Developer","https://www.icsc.com/member/profile/802733"
"Annie Meltzer","WMG Development, LLC","","","","","Florida","Owner/Developer","https://www.icsc.com/member/profile/736500"
"Rafael Mendez, CCIM","Saunders Real Estate","","","","","Florida","Owner/Developer","https://www.icsc.com/member/profile/859996"
"W. Todd Menke","GenMark Property Group, LLC","","","","","Florida","Owner/Developer","https://www.icsc.com/member/profile/335580"
"Rob Mercer","PEBB Enterprises","","","","","Florida","Owner/Developer","https://www.icsc.com/member/profile/785683"
"Bryant Mercier","Pinnacle Realty Advisors, LLP","","","","","Florida","Owner/Developer","https://www.icsc.com/member/profile/775611"
"Paige Messer","Global Fund Investments, Inc.","","","","","Florida","Owner/Developer","https://www.icsc.com/member/profile/831279"
"Bertille Mezaguer","Saglo Companies","","","","","Florida","Owner/Developer","https://www.icsc.com/member/profile/769636"
"Frank Militello","The Sembler Company","","","","","Florida","Owner/Developer","https://www.icsc.com/member/profile/136628"
"Michelle Miller","NNN REIT, Inc.","","","","","Florida","Owner/Developer","https://www.icsc.com/member/profile/612479"
"Christopher Miller Jr","The Viera Company","","","","","Florida","Owner/Developer","https://www.icsc.com/member/profile/478483"
"Sejla Misic","CrossMarc Services, LLC","","","","","Florida","Owner/Developer","https://www.icsc.com/member/profile/834602"
"Mark Modarres","MMM investments LLC","","","","","Florida","Owner/Developer","https://www.icsc.com/member/profile/488410"
"Stacey Mooney","Edge Realty Partners","","","","","Florida","Owner/Developer","https://www.icsc.com/member/profile/255939"
"Jessica Moore","WMG Development, LLC","","","","","Florida","Owner/Developer","https://www.icsc.com/member/profile/782378"
"Kristen Moore, CMD","Brixmor Property Group","","","","","Florida","Owner/Developer","https://www.icsc.com/member/profile/134707"
"Kara Morabito","InvenTrust Properties Corp.","","","","","Florida","Owner/Developer","https://www.icsc.com/member/profile/683405"
"Jessica Moreno","The Sembler Company","","","","","Florida","Owner/Developer","https://www.icsc.com/member/profile/484913"
"David Moret","Highline Real Estate Capital","","","","","Florida","Owner/Developer","https://www.icsc.com/member/profile/169116"
"Edmee Morin","Sunbeam Development","","","","","Florida","Owner/Developer","https://www.icsc.com/member/profile/727113"
"Serina Morison","The Sembler Company","","","","","Florida","Owner/Developer","https://www.icsc.com/member/profile/491979"
"Greg Moross","PEBB Enterprises","","","","","Florida","Owner/Developer","https://www.icsc.com/member/profile/185207"
"Shai Moschowits","Centro Realty","","","","","Florida","Owner/Developer","https://www.icsc.com/member/profile/294861"
"Jon Mott","Paradise Ventures, Inc.","","","","","Florida","Owner/Developer","https://www.icsc.com/member/profile/140388"
"Daniel Moyer","CASTO","","","","","Florida","Owner/Developer","https://www.icsc.com/member/profile/792146"
"Tom Mundy","The Ferber Company, Inc.","","","","","Florida","Owner/Developer","https://www.icsc.com/member/profile/372466"
"Spencer Muratides","Alliant Partners","","","","","Florida","Owner/Developer","https://www.icsc.com/member/profile/572984"
"Clint Murphy","Murphy Land and Retail Services Inc.","","","","","Florida","Owner/Developer","https://www.icsc.com/member/profile/104359"
"Marissa Murray","RDI Properties, LLC","","","","","Florida","Owner/Developer","https://www.icsc.com/member/profile/807321"
"Thomas Murray","RDI Properties, LLC","","","","","Florida","Owner/Developer","https://www.icsc.com/member/profile/108133"
"Christian Nacorda","Unicorp National Developments, Inc.","","","","","Florida","Owner/Developer","https://www.icsc.com/member/profile/775489"
"Jenny Nadeau","WMG Development, LLC","","","","","Florida","Owner/Developer","https://www.icsc.com/member/profile/825138"
"Artem Nashman CCIM","ComTerra Development","","","","","Florida","Owner/Developer","https://www.icsc.com/member/profile/667925"
"Sandra Nasrallah","Charles Wayne Properties, Inc.","","","","","Florida","Owner/Developer","https://www.icsc.com/member/profile/790713"
"Sam Nasrallah","Charles Wayne Properties, Inc.","","","","","Florida","Owner/Developer","https://www.icsc.com/member/profile/156054"
"Frank Natanek","The Ferber Company, Inc.","","","","","Florida","Owner/Developer","https://www.icsc.com/member/profile/312439"
"Alex Navarro","MMG Equity Partners","","","","","Florida","Owner/Developer","https://www.icsc.com/member/profile/809090"
"Michael Navarro","MMG Equity Partners","","","","","Florida","Owner/Developer","https://www.icsc.com/member/profile/715431"
"Gabe Navarro","MMG Equity Partners","","","","","Florida","Owner/Developer","https://www.icsc.com/member/profile/430356"
"Alejandra Nazari","Sterling Organization","","","","","Florida","Owner/Developer","https://www.icsc.com/member/profile/786889"
"Beckett Neal","Neal Realty & Investments Inc.","","","","","Florida","Owner/Developer","https://www.icsc.com/member/profile/866004"
"Greyson Neal","Neal Realty & Investments Inc.","","","","","Florida","Owner/Developer","https://www.icsc.com/member/profile/824942"
"Timothy Neal","Neal Realty & Investments Inc.","","","","","Florida","Owner/Developer","https://www.icsc.com/member/profile/108961"
"Curt Neel","Boos Development Group Inc.","","","","","Florida","Owner/Developer","https://www.icsc.com/member/profile/616485"
"Alan Negrelli","Strategic Retail Advisors","","","","","Florida","Owner/Developer","https://www.icsc.com/member/profile/105905"
"Fabienne Nelson","The Cornfeld Group","","","","","Florida","Owner/Developer","https://www.icsc.com/member/profile/803408"
"Erik Nelson","NNN REIT, Inc.","","","","","Florida","Owner/Developer","https://www.icsc.com/member/profile/590689"
"Erica Nelson","RMC Property Group","","","","","Florida","Owner/Developer","https://www.icsc.com/member/profile/555146"
"Lynda Newman","Forbes Company","","","","","Florida","Owner/Developer","https://www.icsc.com/member/profile/173294"
"Katie Nguyen","CrossMarc Services, LLC","","","","","Florida","Owner/Developer","https://www.icsc.com/member/profile/810787"
"Whitney Nickle","Kin Properties","","","","","Florida","Owner/Developer","https://www.icsc.com/member/profile/802605"
"Kristen Nimnicht","Lat Purser & Associates, Inc.","","","","","Florida","Owner/Developer","https://www.icsc.com/member/profile/270643"
"Adrian Noboa","Woolbright Development","","","","","Florida","Owner/Developer","https://www.icsc.com/member/profile/835772"
"Jonas Nordal","JM Properties of South Florida, Inc.","","","","","Florida","Owner/Developer","https://www.icsc.com/member/profile/203544"
"Ian Notkin","Frontier Development LLC","","","","","Florida","Owner/Developer","https://www.icsc.com/member/profile/742563"
"Brent Nye","Nye Commercial Advisors","","","","","Florida","Owner/Developer","https://www.icsc.com/member/profile/631661"
"Martin O'Boyle","Commerce Group, Inc.","","","","","Florida","Owner/Developer","https://www.icsc.com/member/profile/98355"
"John O'Connor","O'Connor Development Corporation","","","","","Florida","Owner/Developer","https://www.icsc.com/member/profile/94222"
"Andrew O'Grady","Sterling Organization","","","","","Florida","Owner/Developer","https://www.icsc.com/member/profile/849158"
"Wayne Odesnik","The Cordish Companies","","","","","Florida","Owner/Developer","https://www.icsc.com/member/profile/854119"
"Christian Oldenburg","Ash Properties","","","","","Florida","Owner/Developer","https://www.icsc.com/member/profile/682882"
"Jonathan Oleinick","Woolbright Development","","","","","Florida","Owner/Developer","https://www.icsc.com/member/profile/316932"
"Arnaldo Oliveras, CLS","Commercial Centers Management","","","","","Florida","Owner/Developer","https://www.icsc.com/member/profile/472693"
"Sadek Omar","JBCC Development","","","","","Florida","Owner/Developer","https://www.icsc.com/member/profile/812399"
"Amanda Ortiz","JBCC Development","","","","","Florida","Owner/Developer","https://www.icsc.com/member/profile/758803"
"Eitan Ovadia","Kin Properties","","","","","Florida","Owner/Developer","https://www.icsc.com/member/profile/602831"
"Bill Pace","Woolbright Development","","","","","Florida","Owner/Developer","https://www.icsc.com/member/profile/848861"
"Jacqueline Pace","Charles Wayne Properties, Inc.","","","","","Florida","Owner/Developer","https://www.icsc.com/member/profile/189941"
"Ajay Patel","Nye Commercial Advisors","","","","","Florida","Owner/Developer","https://www.icsc.com/member/profile/834931"
"Trevor Paul","Xsite Real Estate, Inc.","","","","","Florida","Owner/Developer","https://www.icsc.com/member/profile/706402"
"Pam Pearce","Ram Realty Services","","","","","Florida","Owner/Developer","https://www.icsc.com/member/profile/273254"
"Andrew Pearl","Investment Management Assoc.","","","","","Florida","Owner/Developer","https://www.icsc.com/member/profile/220775"
"Andy Pearlman","Isram Realty Group","","","","","Florida","Owner/Developer","https://www.icsc.com/member/profile/372519"
"James Pearson","Phillips Edison & Company","","","","","Florida","Owner/Developer","https://www.icsc.com/member/profile/326628"
"Siobhan Pecora","Brixmor Property Group","","","","","Florida","Owner/Developer","https://www.icsc.com/member/profile/775576"
"James Peek","Tavistock Development Company, LLC","","","","","Florida","Owner/Developer","https://www.icsc.com/member/profile/791309"
"Skipper Peek","Tavistock Development Company, LLC","","","","","Florida","Owner/Developer","https://www.icsc.com/member/profile/481100"
"Justin Pelloni","Pelloni Development Corporation","","","","","Florida","Owner/Developer","https://www.icsc.com/member/profile/521395"
"Sebastian Pena","NNN REIT, Inc.","","","","","Florida","Owner/Developer","https://www.icsc.com/member/profile/847296"
"Leandro Pereira","Isram Realty Group","","","","","Florida","Owner/Developer","https://www.icsc.com/member/profile/738041"
"Rachel Perez","International Property Services Corp.","","","","","Florida","Owner/Developer","https://www.icsc.com/member/profile/792965"
"Spencer Perkins","Neal Realty & Investments Inc.","","","","","Florida","Owner/Developer","https://www.icsc.com/member/profile/866005"
"Aryel Perring","WMG Development, LLC","","","","","Florida","Owner/Developer","https://www.icsc.com/member/profile/720487"
"Spencer Phelps CCIM","Kimco Realty Corporation","","","","","Florida","Owner/Developer","https://www.icsc.com/member/profile/474478"
"MacKenzie Phillips","Kline & Associates","","","","","Florida","Owner/Developer","https://www.icsc.com/member/profile/860023"
"Jocelyn Pilkington","Benderson Development Company, LLC","","","","","Florida","Owner/Developer","https://www.icsc.com/member/profile/733849"
"Hans Pistor","Hanlex Group, LLC","","","","","Florida","Owner/Developer","https://www.icsc.com/member/profile/480700"
"Ryan Plate","The Ferber Company, Inc.","","","","","Florida","Owner/Developer","https://www.icsc.com/member/profile/537153"
"Grant Pohlmann","Pohlmann Holdings","","","","","Florida","Owner/Developer","https://www.icsc.com/member/profile/718245"
"Penny Polk","Howard Group","","","","","Florida","Owner/Developer","https://www.icsc.com/member/profile/643063"
"Jackie Pope","Watson Commercial Real Estate Inc.","","","","","Florida","Owner/Developer","https://www.icsc.com/member/profile/849740"
"Isabel Porro","Benderson Development Company, LLC","","","","","Florida","Owner/Developer","https://www.icsc.com/member/profile/859061"
"Mark Porter","Phillips Edison & Company","","","","","Florida","Owner/Developer","https://www.icsc.com/member/profile/500942"
"Elkharia Powell","Turnberry","","","","","Florida","Owner/Developer","https://www.icsc.com/member/profile/847004"
"Carly Powell","Saunders Real Estate","","","","","Florida","Owner/Developer","https://www.icsc.com/member/profile/835975"
"John Preston","FrontView REIT","","","","","Florida","Owner/Developer","https://www.icsc.com/member/profile/99000"
"Jeffrey Preston","FrontView REIT","","","","","Florida","Owner/Developer","https://www.icsc.com/member/profile/450591"
"Thad Pryor","Children of America","","","","","Florida","Owner/Developer","https://www.icsc.com/member/profile/129626"
"Marcos Puente","MMG Equity Partners","","","","","Florida","Owner/Developer","https://www.icsc.com/member/profile/642998"
"Matthew Puletz","NASCAR","","","","","Florida","Owner/Developer","https://www.icsc.com/member/profile/163544"
"Juan Pulido","CrossMarc Services, LLC","","","","","Florida","Owner/Developer","https://www.icsc.com/member/profile/858408"
"Marvin Puryear","Saunders Real Estate","","","","","Florida","Owner/Developer","https://www.icsc.com/member/profile/312185"
"David Puyanic","Commodore Realty, Inc.","","","","","Florida","Owner/Developer","https://www.icsc.com/member/profile/237557"
"George Radu","Turnberry","","","","","Florida","Owner/Developer","https://www.icsc.com/member/profile/232005"
"Christopher Ralph, CMD, CRX, CSM","Brixmor Property Group","","","","","Florida","Owner/Developer","https://www.icsc.com/member/profile/99694"
"Gary Ralston CRE, CDP, CLS, CRRP, CRX","Saunders Real Estate","","","","","Florida","Owner/Developer","https://www.icsc.com/member/profile/99040"
"Lauren Ralston Smith CCIM","Saunders Real Estate","","","","","Florida","Owner/Developer","https://www.icsc.com/member/profile/316697"
"Rumel Ramos","Orion Real Estate Group","","","","","Florida","Owner/Developer","https://www.icsc.com/member/profile/858520"
"Luis Ramos","Woolbright Development","","","","","Florida","Owner/Developer","https://www.icsc.com/member/profile/371917"
"Karen Raquet, CRX, CSM","Centennial","","","","","Florida","Owner/Developer","https://www.icsc.com/member/profile/132607"
"Zafir Rashid","Everest Place","","","","","Florida","Owner/Developer","https://www.icsc.com/member/profile/793616"
"Massimo Rastrelli","CASTO","","","","","Florida","Owner/Developer","https://www.icsc.com/member/profile/413240"
"Nicholas Recalt","Global Fund Investments, Inc.","","","","","Florida","Owner/Developer","https://www.icsc.com/member/profile/784041"
"Jesse Rego","Redstone Investments","","","","","Florida","Owner/Developer","https://www.icsc.com/member/profile/812423"
"Steve Rentz","GenMark Property Group, LLC","","","","","Florida","Owner/Developer","https://www.icsc.com/member/profile/620993"
"Juan Restrepo","JBL Asset Management","","","","","Florida","Owner/Developer","https://www.icsc.com/member/profile/598530"
"Matthew Rettner","Rettner Realty","","","","","Florida","Owner/Developer","https://www.icsc.com/member/profile/506741"
"Roxanne Ribakoff","Tanger","","","","","Florida","Owner/Developer","https://www.icsc.com/member/profile/744778"
"Mitchell Rice","RMC Property Group","","","","","Florida","Owner/Developer","https://www.icsc.com/member/profile/120321"
"Michael Rich","Centergys Development","","","","","Florida","Owner/Developer","https://www.icsc.com/member/profile/241467"
"Beverly Ricks, CLS, CRX, CSM","Retail Property Solutions, LLC","","","","","Florida","Owner/Developer","https://www.icsc.com/member/profile/100376"
"Paul Riemer","Riemer Insurance Group","","","","","Florida","Owner/Developer","https://www.icsc.com/member/profile/730386"
"Matthew Rikman","Isram Realty Group","","","","","Florida","Owner/Developer","https://www.icsc.com/member/profile/256756"
"Cory Ring","Schmier Property Group","","","","","Florida","Owner/Developer","https://www.icsc.com/member/profile/763684"
"Mitchell Rippe","Kite Realty Group","","","","","Florida","Owner/Developer","https://www.icsc.com/member/profile/105782"
"Lauren Robbins","Terranova Corporation","","","","","Florida","Owner/Developer","https://www.icsc.com/member/profile/818458"
"Sean J. Roberts","Walt Disney Parks & Resorts","","","","","Florida","Owner/Developer","https://www.icsc.com/member/profile/858758"
"Jessica Rodriguez","Kimco Realty Corporation","","","","","Florida","Owner/Developer","https://www.icsc.com/member/profile/819707"
"Alejandro Rodriguez","Centennial Real Estate","","","","","Florida","Owner/Developer","https://www.icsc.com/member/profile/780551"
"Sandi Rogacki","Woolbright Development","","","","","Florida","Owner/Developer","https://www.icsc.com/member/profile/556320"
"Tim Rogers","WMG Development, LLC","","","","","Florida","Owner/Developer","https://www.icsc.com/member/profile/776357"
"Jo-Anne Roggin","Woolbright Development","","","","","Florida","Owner/Developer","https://www.icsc.com/member/profile/221926"
"Ana Rojas","Turnberry","","","","","Florida","Owner/Developer","https://www.icsc.com/member/profile/621340"
"Robert Romagnoli","FrontView REIT","","","","","Florida","Owner/Developer","https://www.icsc.com/member/profile/717411"
"Kenneth Roosth, CRX, CSM","Noble Properties","","","","","Florida","Owner/Developer","https://www.icsc.com/member/profile/115306"
"Yitzy Rosenberg","Woolbright Development","","","","","Florida","Owner/Developer","https://www.icsc.com/member/profile/852914"
"Evan Rosenblatt","PEBB Enterprises","","","","","Florida","Owner/Developer","https://www.icsc.com/member/profile/559841"
"Donald Rosenthal","HHH Management Inc.","","","","","Florida","Owner/Developer","https://www.icsc.com/member/profile/143936"
"Justin Abernathy","Abernathy Development Company, LLC","","","","","Georgia","Owner/Developer","https://www.icsc.com/member/profile/430918"
"Tom Abernathy","Abernathy Development Company, LLC","","","","","Georgia","Owner/Developer","https://www.icsc.com/member/profile/132875"
"Connor Abruzzino","The Abruzzino Organization","","","","","Georgia","Owner/Developer","https://www.icsc.com/member/profile/752442"
"Jonathan Aceves","Meybohm Commercial Properties, LLC","","","","","Georgia","Owner/Developer","https://www.icsc.com/member/profile/688578"
"Caleb Adams","RealtyLink","","","","","Georgia","Owner/Developer","https://www.icsc.com/member/profile/772673"
"Chris Adams","O'Leary Partners, Inc.","","","","","Georgia","Owner/Developer","https://www.icsc.com/member/profile/725056"
"Nick Addison","Stafford Properties","","","","","Georgia","Owner/Developer","https://www.icsc.com/member/profile/504821"
"Melissa Ahrendt","Stafford Properties","","","","","Georgia","Owner/Developer","https://www.icsc.com/member/profile/308945"
"Michael Aide","Watkins Real Estate Group","","","","","Georgia","Owner/Developer","https://www.icsc.com/member/profile/334881"
"Jon Ainbinder","The Ainbinder Company","","","","","Georgia","Owner/Developer","https://www.icsc.com/member/profile/526473"
"Carly Alford Smith","GGP","","","","","Georgia","Owner/Developer","https://www.icsc.com/member/profile/604373"
"Katherine Allen","Westwood Financial","","","","","Georgia","Owner/Developer","https://www.icsc.com/member/profile/775002"
"Pete Anastasi","Brixmor Property Group","","","","","Georgia","Owner/Developer","https://www.icsc.com/member/profile/610781"
"Tyler Anderson","Big V Property Group","","","","","Georgia","Owner/Developer","https://www.icsc.com/member/profile/574944"
"Thornton Anderson","Sofran Partners","","","","","Georgia","Owner/Developer","https://www.icsc.com/member/profile/136071"
"Jack Arnold","Bridger Properties","","","","","Georgia","Owner/Developer","https://www.icsc.com/member/profile/413726"
"Kimberly Arturo-Boardman","Selig Enterprises, Inc.","","","","","Georgia","Owner/Developer","https://www.icsc.com/member/profile/718588"
"Steven Baile","Selig Enterprises, Inc.","","","","","Georgia","Owner/Developer","https://www.icsc.com/member/profile/346805"
"Darnall Bailey","WDG Real Estate Partners","","","","","Georgia","Owner/Developer","https://www.icsc.com/member/profile/636051"
"Jim Baker","The Chaseland Group","","","","","Georgia","Owner/Developer","https://www.icsc.com/member/profile/483957"
"Ryan Ball","Ackerman & Co.","","","","","Georgia","Owner/Developer","https://www.icsc.com/member/profile/796777"
"Lauren Ball","Westwood Financial","","","","","Georgia","Owner/Developer","https://www.icsc.com/member/profile/371474"
"Natalie Battisti","SJC Ventures","","","","","Georgia","Owner/Developer","https://www.icsc.com/member/profile/478248"
"Mike Bernholz","New Market Properties LLC","","","","","Georgia","Owner/Developer","https://www.icsc.com/member/profile/792854"
"Gretchen Binford","STNL Development, LLC","","","","","Georgia","Owner/Developer","https://www.icsc.com/member/profile/663441"
"Mike Birnbrey","Southbound Development Group, Inc.","","","","","Georgia","Owner/Developer","https://www.icsc.com/member/profile/508548"
"Kyle Bisciotti","BCI, LLC","","","","","Georgia","Owner/Developer","https://www.icsc.com/member/profile/636683"
"Patrick Bishop","The Bishop Company, LLC","","","","","Georgia","Owner/Developer","https://www.icsc.com/member/profile/730495"
"Frank Bishop","The Bishop Company, LLC","","","","","Georgia","Owner/Developer","https://www.icsc.com/member/profile/116849"
"Jennifer Blasco","Jamestown, LP","","","","","Georgia","Owner/Developer","https://www.icsc.com/member/profile/747684"
"Adam Blatt","Halpern Enterprises, Inc.","","","","","Georgia","Owner/Developer","https://www.icsc.com/member/profile/811471"
"James Bold","Phillips Edison and Company","","","","","Georgia","Owner/Developer","https://www.icsc.com/member/profile/162489"
"Matt Boone","ForCAST Real Estate Development","","","","","Georgia","Owner/Developer","https://www.icsc.com/member/profile/302579"
"Chuck Borysiak","SREG","","","","","Georgia","Owner/Developer","https://www.icsc.com/member/profile/684780"
"Tara Borysiak","Westwood Financial","","","","","Georgia","Owner/Developer","https://www.icsc.com/member/profile/178346"
"Hannah Bowen","Brixmor Property Group","","","","","Georgia","Owner/Developer","https://www.icsc.com/member/profile/859270"
"Frank Bradshaw","Bradco, Inc.","","","","","Georgia","Owner/Developer","https://www.icsc.com/member/profile/812731"
"Holton Brinson","Jordan Trotter Commercial Realty","","","","","Georgia","Owner/Developer","https://www.icsc.com/member/profile/635482"
"Matt Broderick","SREG","","","","","Georgia","Owner/Developer","https://www.icsc.com/member/profile/783242"
"Owen Brown","Retail Planning Corporation","","","","","Georgia","Owner/Developer","https://www.icsc.com/member/profile/99579"
"Bill Brown","RealtyLink","","","","","Georgia","Owner/Developer","https://www.icsc.com/member/profile/143446"
"John Brozovic","Halpern Enterprises, Inc.","","","","","Georgia","Owner/Developer","https://www.icsc.com/member/profile/137776"
"Eric Buchalter","Capital Growth Buchalter, Inc","","","","","Georgia","Owner/Developer","https://www.icsc.com/member/profile/659335"
"Ronald Buckley","Brixmor Property Group","","","","","Georgia","Owner/Developer","https://www.icsc.com/member/profile/169856"
"Wanda Burden","Retail Planning Corporation","","","","","Georgia","Owner/Developer","https://www.icsc.com/member/profile/312900"
"Charlie Burstiner","Sullivan Wickley","","","","","Georgia","Owner/Developer","https://www.icsc.com/member/profile/859652"
"Travis Butler","Butler Properties & Development","","","","","Georgia","Owner/Developer","https://www.icsc.com/member/profile/262455"
"Leslie Callahan CCIM III","First Colony Financial Group","","","","","Georgia","Owner/Developer","https://www.icsc.com/member/profile/100695"
"Andy Campbell","Columbia Properties Inc.","","","","","Georgia","Owner/Developer","https://www.icsc.com/member/profile/309534"
"Jay Carlington","Standard Life Investments","","","","","Georgia","Owner/Developer","https://www.icsc.com/member/profile/568973"
"James Carlson","Wilco Development","","","","","Georgia","Owner/Developer","https://www.icsc.com/member/profile/171155"
"Rick Carpenter","Glenridge Development,LLC","","","","","Georgia","Owner/Developer","https://www.icsc.com/member/profile/106632"
"Ashley Casey","Phillips Edison & Company","","","","","Georgia","Owner/Developer","https://www.icsc.com/member/profile/558829"
"Greg Catoe LEED AP","Selig Enterprises, Inc.","","","","","Georgia","Owner/Developer","https://www.icsc.com/member/profile/328301"
"Marla Chaliff","Dimension Development Partners","","","","","Georgia","Owner/Developer","https://www.icsc.com/member/profile/149246"
"Caroline Cheney","Retail Planning Corporation","","","","","Georgia","Owner/Developer","https://www.icsc.com/member/profile/821883"
"James Cheney","Harbour Real Estate Partners","","","","","Georgia","Owner/Developer","https://www.icsc.com/member/profile/172105"
"Ken Clayman","Selig Enterprises, Inc.","","","","","Georgia","Owner/Developer","https://www.icsc.com/member/profile/209066"
"Will Cobb","Wilco Development","","","","","Georgia","Owner/Developer","https://www.icsc.com/member/profile/307667"
"Luke Coffey","Southeastern","","","","","Georgia","Owner/Developer","https://www.icsc.com/member/profile/706261"
"Jordan Collier","Meybohm Commercial Properties, LLC","","","","","Georgia","Owner/Developer","https://www.icsc.com/member/profile/719894"
"Seleta Collins","Meybohm Commercial Properties, LLC","","","","","Georgia","Owner/Developer","https://www.icsc.com/member/profile/863036"
"Alex Conner","Crawford Square Real Estate Advisors","","","","","Georgia","Owner/Developer","https://www.icsc.com/member/profile/526495"
"David Cooper","Retail Planning Corporation","","","","","Georgia","Owner/Developer","https://www.icsc.com/member/profile/864486"
"Lindsey Cotton","Victory Real Estate Investments","","","","","Georgia","Owner/Developer","https://www.icsc.com/member/profile/430951"
"Greg Craft","Capital Growth Buchalter, Inc","","","","","Georgia","Owner/Developer","https://www.icsc.com/member/profile/206688"
"Jason Crawford","The Bishop Company, LLC","","","","","Georgia","Owner/Developer","https://www.icsc.com/member/profile/560595"
"Jonathan Crawford CCIM","Southeastern","","","","","Georgia","Owner/Developer","https://www.icsc.com/member/profile/674053"
"Tonya Creekmore","Brixmor Property Group","","","","","Georgia","Owner/Developer","https://www.icsc.com/member/profile/180181"
"Anna Crist","Bridger Properties","","","","","Georgia","Owner/Developer","https://www.icsc.com/member/profile/787598"
"Zachary Crumley","Teramore Development, LLC","","","","","Georgia","Owner/Developer","https://www.icsc.com/member/profile/714064"
"Ellie Cunningham","Selig Enterprises, Inc.","","","","","Georgia","Owner/Developer","https://www.icsc.com/member/profile/831182"
"Allen Curtis","Westbrook Real Estate, LLC","","","","","Georgia","Owner/Developer","https://www.icsc.com/member/profile/588273"
"Jimmy Cushman","Halpern Enterprises, Inc.","","","","","Georgia","Owner/Developer","https://www.icsc.com/member/profile/340540"
"Keith Daise, CSM","GGP","","","","","Georgia","Owner/Developer","https://www.icsc.com/member/profile/143530"
"Charles Darby","Victory Real Estate Investments","","","","","Georgia","Owner/Developer","https://www.icsc.com/member/profile/786977"
"Alton Darby","Victory Real Estate Investments","","","","","Georgia","Owner/Developer","https://www.icsc.com/member/profile/430125"
"Charles Davis","Jordan Trotter Commercial Realty","","","","","Georgia","Owner/Developer","https://www.icsc.com/member/profile/806579"
"Bryan Davis","Ackerman & Co.","","","","","Georgia","Owner/Developer","https://www.icsc.com/member/profile/696980"
"Jimmy Davis","Bridger Properties","","","","","Georgia","Owner/Developer","https://www.icsc.com/member/profile/346444"
"Carter Davis","Selig Enterprises, Inc.","","","","","Georgia","Owner/Developer","https://www.icsc.com/member/profile/312083"
"Richard Dawson Jr","Phillips Edison & Company","","","","","Georgia","Owner/Developer","https://www.icsc.com/member/profile/315143"
"Parke Day","ROMO-PADA Development, LLC","","","","","Georgia","Owner/Developer","https://www.icsc.com/member/profile/281977"
"Bonnie Dean","Selig Enterprises, Inc.","","","","","Georgia","Owner/Developer","https://www.icsc.com/member/profile/185486"
"Jeffrey DeHart","SJC Ventures","","","","","Georgia","Owner/Developer","https://www.icsc.com/member/profile/402578"
"Collin Denhard","Southbound Development Group, Inc.","","","","","Georgia","Owner/Developer","https://www.icsc.com/member/profile/722632"
"Benny Dockery","Glenridge Development,LLC","","","","","Georgia","Owner/Developer","https://www.icsc.com/member/profile/857648"
"Jay Douglas","The Ardent Companies, LLC","","","","","Georgia","Owner/Developer","https://www.icsc.com/member/profile/574626"
"Mark Doyle","Hull Property Group","","","","","Georgia","Owner/Developer","https://www.icsc.com/member/profile/596237"
"Robert Drake","Sullivan Wickley","","","","","Georgia","Owner/Developer","https://www.icsc.com/member/profile/594316"
"Chris Dundon","Retail Planning Corporation","","","","","Georgia","Owner/Developer","https://www.icsc.com/member/profile/749272"
"Jordan Dyche","Southeastern","","","","","Georgia","Owner/Developer","https://www.icsc.com/member/profile/801888"
"Andrew Edlin","Lansky Enterprises","","","","","Georgia","Owner/Developer","https://www.icsc.com/member/profile/385910"
"Wyatt England","Sullivan Wickley","","","","","Georgia","Owner/Developer","https://www.icsc.com/member/profile/833967"
"Simon Engler","M. & P. Shopping Centers, Inc.","","","","","Georgia","Owner/Developer","https://www.icsc.com/member/profile/287637"
"Will Euart","Stafford Properties","","","","","Georgia","Owner/Developer","https://www.icsc.com/member/profile/273205"
"Chuck Evans","The Trilogy Group, LLC","","","","","Georgia","Owner/Developer","https://www.icsc.com/member/profile/156782"
"Scott Farber","SREG","","","","","Georgia","Owner/Developer","https://www.icsc.com/member/profile/475437"
"Taylor Floyd","Hull Property Group","","","","","Georgia","Owner/Developer","https://www.icsc.com/member/profile/796486"
"Brian Fratesi","Fratesi Properties LLC","","","","","Georgia","Owner/Developer","https://www.icsc.com/member/profile/413157"
"Jason Fritz","Sullivan Wickley","","","","","Georgia","Owner/Developer","https://www.icsc.com/member/profile/486164"
"Shane Froman","Lincoln Property Company","","","","","Georgia","Owner/Developer","https://www.icsc.com/member/profile/633933"
"Evan Fuller","Jamestown, LP","","","","","Georgia","Owner/Developer","https://www.icsc.com/member/profile/756596"
"Daniel Gagne, CLS, CRX, CSM","Halpern Enterprises, Inc.","","","","","Georgia","Owner/Developer","https://www.icsc.com/member/profile/141705"
"Bryan Gardell","SITE Centers Corp.","","","","","Georgia","Owner/Developer","https://www.icsc.com/member/profile/733307"
"Benjamin Garfunkel","A J & C Garfunkel","","","","","Georgia","Owner/Developer","https://www.icsc.com/member/profile/785448"
"Charles Garfunkel","A J & C Garfunkel","","","","","Georgia","Owner/Developer","https://www.icsc.com/member/profile/126305"
"David Garfunkel","A J & C Garfunkel","","","","","Georgia","Owner/Developer","https://www.icsc.com/member/profile/111146"
"Jeff Garrison","SJC Ventures","","","","","Georgia","Owner/Developer","https://www.icsc.com/member/profile/330020"
"Steve Gaultney","Abernathy Development Company, LLC","","","","","Georgia","Owner/Developer","https://www.icsc.com/member/profile/238893"
"Jessica Gelling","Hendon Properties, LLC","","","","","Georgia","Owner/Developer","https://www.icsc.com/member/profile/449492"
"Brad Glenn","Southprop Inc.","","","","","Georgia","Owner/Developer","https://www.icsc.com/member/profile/289567"
"Kimberly Goetz","Toro Development Company, LLC","","","","","Georgia","Owner/Developer","https://www.icsc.com/member/profile/442812"
"Mark Gottlieb","MetroGroup Development","","","","","Georgia","Owner/Developer","https://www.icsc.com/member/profile/117455"
"Shirley Gouffon","Selig Enterprises, Inc.","","","","","Georgia","Owner/Developer","https://www.icsc.com/member/profile/98002"
"Tyler Grabau","Wilco Development","","","","","Georgia","Owner/Developer","https://www.icsc.com/member/profile/841308"
"Brannon Graybill","The Graybill Company","","","","","Georgia","Owner/Developer","https://www.icsc.com/member/profile/179601"
"Jonathan Green","Concord Wilshire","","","","","Georgia","Owner/Developer","https://www.icsc.com/member/profile/856580"
"Patrick Green","Ackerman & Co.","","","","","Georgia","Owner/Developer","https://www.icsc.com/member/profile/840199"
"Sarah Gretzmacher","Mimms Enterprises","","","","","Georgia","Owner/Developer","https://www.icsc.com/member/profile/582885"
"John Grozine","Coro Realty Advisors, LLC","","","","","Georgia","Owner/Developer","https://www.icsc.com/member/profile/694936"
"Boyd Guy","Warren Commercial Real Estate, Inc","","","","","Georgia","Owner/Developer","https://www.icsc.com/member/profile/229710"
"Lance Hagaman","Hendon Properties, LLC","","","","","Georgia","Owner/Developer","https://www.icsc.com/member/profile/337455"
"Elizabeth Hagin","Selig Enterprises, Inc.","","","","","Georgia","Owner/Developer","https://www.icsc.com/member/profile/604874"
"Jack Halpern","Halpern Enterprises, Inc.","","","","","Georgia","Owner/Developer","https://www.icsc.com/member/profile/92105"
"Benjamin Halpern","Halpern Enterprises, Inc.","","","","","Georgia","Owner/Developer","https://www.icsc.com/member/profile/371436"
"Jeremy Hammerton","Batson Cook Development Co.","","","","","Georgia","Owner/Developer","https://www.icsc.com/member/profile/275996"
"Kit Hampel","Sullivan Wickley","","","","","Georgia","Owner/Developer","https://www.icsc.com/member/profile/639374"
"Dykes Harbin","Southeastern","","","","","Georgia","Owner/Developer","https://www.icsc.com/member/profile/806254"
"Will Harper","New Urban Development Corp, LLC","","","","","Georgia","Owner/Developer","https://www.icsc.com/member/profile/807278"
"Scott Harrington","Cypress Equities","","","","","Georgia","Owner/Developer","https://www.icsc.com/member/profile/100070"
"Billy Harvin","Cideco Development Company Inc","","","","","Georgia","Owner/Developer","https://www.icsc.com/member/profile/254121"
"Caroline Hatcher","Hull Property Group","","","","","Georgia","Owner/Developer","https://www.icsc.com/member/profile/557249"
"Charles Heard, Jr.","Retail Planning Corporation","","","","","Georgia","Owner/Developer","https://www.icsc.com/member/profile/742121"
"Luke Henderson","Meybohm Commercial Properties, LLC","","","","","Georgia","Owner/Developer","https://www.icsc.com/member/profile/863035"
"Tanner Hendon","Hendon Properties, LLC","","","","","Georgia","Owner/Developer","https://www.icsc.com/member/profile/785986"
"Houston Hendon","Hendon Properties, LLC","","","","","Georgia","Owner/Developer","https://www.icsc.com/member/profile/647628"
"Charlie Hendon Jr","Hendon Properties, LLC","","","","","Georgia","Owner/Developer","https://www.icsc.com/member/profile/111899"
"Fain Hicks IV","SJC Ventures","","","","","Georgia","Owner/Developer","https://www.icsc.com/member/profile/331288"
"Penn Hodge","Penn Hodge Properties","","","","","Georgia","Owner/Developer","https://www.icsc.com/member/profile/423919"
"Christopher Hoffmeister","Halpern Enterprises, Inc.","","","","","Georgia","Owner/Developer","https://www.icsc.com/member/profile/692908"
"Daniel Holloway","Southeastern","","","","","Georgia","Owner/Developer","https://www.icsc.com/member/profile/839906"
"Joe Holmes","R.H. Ledbetter Properties, LLC.","","","","","Georgia","Owner/Developer","https://www.icsc.com/member/profile/449226"
"Cornell Holmes, CSM","Centennial Real Estate","","","","","Georgia","Owner/Developer","https://www.icsc.com/member/profile/261489"
"Carson Hoover","Capital Growth Buchalter, Inc","","","","","Georgia","Owner/Developer","https://www.icsc.com/member/profile/864892"
"Caroline Horne","Big V Property Group","","","","","Georgia","Owner/Developer","https://www.icsc.com/member/profile/657741"
"Nicole Horne","InvenTrust Properties Corp.","","","","","Georgia","Owner/Developer","https://www.icsc.com/member/profile/452758"
"John Hudson","Hull Property Group","","","","","Georgia","Owner/Developer","https://www.icsc.com/member/profile/513305"
"Josh Hufstetler","Teramore Development, LLC","","","","","Georgia","Owner/Developer","https://www.icsc.com/member/profile/500531"
"John Huger","WDG Real Estate Partners","","","","","Georgia","Owner/Developer","https://www.icsc.com/member/profile/849417"
"Jim Hull Jr","Hull Property Group","","","","","Georgia","Owner/Developer","https://www.icsc.com/member/profile/623842"
"Scott Jackson","Halpern Enterprises, Inc.","","","","","Georgia","Owner/Developer","https://www.icsc.com/member/profile/795275"
"Cori Jackson","Phillips Edison & Co","","","","","Georgia","Owner/Developer","https://www.icsc.com/member/profile/588118"
"Irving Jacobson","The Shumacher Group, Inc.","","","","","Georgia","Owner/Developer","https://www.icsc.com/member/profile/98765"
"Jon Janssen","Matthew Development","","","","","Georgia","Owner/Developer","https://www.icsc.com/member/profile/835979"
"Monica Johnson","Continental Realty Corporation","","","","","Georgia","Owner/Developer","https://www.icsc.com/member/profile/631852"
"Frank Jones Jr","Stafford Properties","","","","","Georgia","Owner/Developer","https://www.icsc.com/member/profile/584836"
"Troy Jordan","Jordan Trotter Commercial Realty","","","","","Georgia","Owner/Developer","https://www.icsc.com/member/profile/230969"
"Trina Joseph","Coro Realty Advisors, LLC","","","","","Georgia","Owner/Developer","https://www.icsc.com/member/profile/750378"
"Adam Katz","Mimms Enterprises","","","","","Georgia","Owner/Developer","https://www.icsc.com/member/profile/361876"
"Marty Kennedy","KENNEDY Property Group, LLC","","","","","Georgia","Owner/Developer","https://www.icsc.com/member/profile/802623"
"Andrea Kenney, CLS, CRX","Coro Realty Advisors, LLC","","","","","Georgia","Owner/Developer","https://www.icsc.com/member/profile/150814"
"Jackie Kidd","The Shumacher Group, Inc.","","","","","Georgia","Owner/Developer","https://www.icsc.com/member/profile/119799"
"Yolanda King, CRRP, CRX, CSM","Selig Enterprises, Inc.","","","","","Georgia","Owner/Developer","https://www.icsc.com/member/profile/315119"
"Mariah Stone Klein","Brixmor Property Group","","","","","Georgia","Owner/Developer","https://www.icsc.com/member/profile/191034"
"Boris Kopelev","Victory Real Estate Investments","","","","","Georgia","Owner/Developer","https://www.icsc.com/member/profile/801383"
"Taana Kow - Mayes","Selig Enterprises, Inc.","","","","","Georgia","Owner/Developer","https://www.icsc.com/member/profile/602881"
"Kyle Kritz CCIM","Columbia Properties Inc.","","","","","Georgia","Owner/Developer","https://www.icsc.com/member/profile/297608"
"Peter Kruskamp","The Shumacher Group, Inc.","","","","","Georgia","Owner/Developer","https://www.icsc.com/member/profile/554408"
"Michael Kuniansky","Venture South Investments, LLC","","","","","Georgia","Owner/Developer","https://www.icsc.com/member/profile/482948"
"Hunter Lainhart","Selig Enterprises, Inc.","","","","","Georgia","Owner/Developer","https://www.icsc.com/member/profile/759315"
"Saj Lakhany","Axis Real Estate Partners","","","","","Georgia","Owner/Developer","https://www.icsc.com/member/profile/609527"
"Stephen Lapierre","Ackerman & Co.","","","","","Georgia","Owner/Developer","https://www.icsc.com/member/profile/532798"
"Kaitlyn Lauk","SJC Ventures","","","","","Georgia","Owner/Developer","https://www.icsc.com/member/profile/844043"
"Grant Laveson","Abernathy Development Company, LLC","","","","","Georgia","Owner/Developer","https://www.icsc.com/member/profile/790386"
"Chaz Y. Lazarian Esq","Insignia,LLC","","","","","Georgia","Owner/Developer","https://www.icsc.com/member/profile/649631"
"Robert Ledbetter III","R.H. Ledbetter Properties, LLC.","","","","","Georgia","Owner/Developer","https://www.icsc.com/member/profile/735052"
"Robert Ledbetter Jr","R.H. Ledbetter Properties, LLC.","","","","","Georgia","Owner/Developer","https://www.icsc.com/member/profile/123402"
"Brian Lefkoff","Ackerman & Co.","","","","","Georgia","Owner/Developer","https://www.icsc.com/member/profile/301785"
"Greg Lewis","Selig Enterprises, Inc.","","","","","Georgia","Owner/Developer","https://www.icsc.com/member/profile/504924"
"Les Lewis","Trident Real Estate Development","","","","","Georgia","Owner/Developer","https://www.icsc.com/member/profile/188156"
"Morgan Liesenfelt","Jamestown, LP","","","","","Georgia","Owner/Developer","https://www.icsc.com/member/profile/634159"
"Grace Lindstrom Merck","Lindstrom & Company","","","","","Georgia","Owner/Developer","https://www.icsc.com/member/profile/783852"
"Katie Littlejohn","Kimco Realty Corporation","","","","","Georgia","Owner/Developer","https://www.icsc.com/member/profile/497009"
"Mason Logue","Watkins Real Estate Group","","","","","Georgia","Owner/Developer","https://www.icsc.com/member/profile/738951"
"Belinda Lombardo","Hendon Properties, LLC","","","","","Georgia","Owner/Developer","https://www.icsc.com/member/profile/393730"
"Stephen Long","Meybohm Commercial Properties, LLC","","","","","Georgia","Owner/Developer","https://www.icsc.com/member/profile/860116"
"Skylar Long","JBS Capital Investments, LLC","","","","","Georgia","Owner/Developer","https://www.icsc.com/member/profile/670062"
"Jason Long","Southeastern","","","","","Georgia","Owner/Developer","https://www.icsc.com/member/profile/300684"
"John Lundeen III","Coro Realty Advisors, LLC","","","","","Georgia","Owner/Developer","https://www.icsc.com/member/profile/107288"
"Russell Malayery CCIM","Capital Growth Buchalter, Inc","","","","","Georgia","Owner/Developer","https://www.icsc.com/member/profile/308894"
"Tyler Martin","Southeastern","","","","","Georgia","Owner/Developer","https://www.icsc.com/member/profile/700522"
"Roy Martin IV, CLS, CRX","Sofran Partners","","","","","Georgia","Owner/Developer","https://www.icsc.com/member/profile/212387"
"Reid Mason","Sullivan Wickley","","","","","Georgia","Owner/Developer","https://www.icsc.com/member/profile/449883"
"Brooke Massey","Jamestown, LP","","","","","Georgia","Owner/Developer","https://www.icsc.com/member/profile/683375"
"Kyle Maxwell","WDG Real Estate Partners","","","","","Georgia","Owner/Developer","https://www.icsc.com/member/profile/831005"
"Rebecca Maynard","Rivercrest Realty Investors","","","","","Georgia","Owner/Developer","https://www.icsc.com/member/profile/678848"
"Mac McCall","Eden Rock Real Estate Partners","","","","","Georgia","Owner/Developer","https://www.icsc.com/member/profile/831038"
"Jake Mccleskey","New Urban Development Corp, LLC","","","","","Georgia","Owner/Developer","https://www.icsc.com/member/profile/782349"
"John McCleskey III","New Urban Development Corp, LLC","","","","","Georgia","Owner/Developer","https://www.icsc.com/member/profile/726236"
"John McCleskey Jr","New Urban Development Corp, LLC","","","","","Georgia","Owner/Developer","https://www.icsc.com/member/profile/191945"
"Robert McCrary","Jordan Trotter Commercial Realty","","","","","Georgia","Owner/Developer","https://www.icsc.com/member/profile/820764"
"Mark McDermott, CSM","Halpern Enterprises, Inc.","","","","","Georgia","Owner/Developer","https://www.icsc.com/member/profile/196145"
"Adam McDowell","Selig Enterprises, Inc.","","","","","Georgia","Owner/Developer","https://www.icsc.com/member/profile/688158"
"Jack McGowan","Sullivan Wickley","","","","","Georgia","Owner/Developer","https://www.icsc.com/member/profile/840088"
"Brian McGowan","CIM Group, Inc.","","","","","Georgia","Owner/Developer","https://www.icsc.com/member/profile/778828"
"Delilah McMahan","McMahan Group, LLC","","","","","Georgia","Owner/Developer","https://www.icsc.com/member/profile/864348"
"Sean McPherson","The Shumacher Group, Inc.","","","","","Georgia","Owner/Developer","https://www.icsc.com/member/profile/783297"
"Neil Meyers","Meyers Brothers Properties","","","","","Georgia","Owner/Developer","https://www.icsc.com/member/profile/110088"
"Max Middleton","Eden Rock Real Estate Partners","","","","","Georgia","Owner/Developer","https://www.icsc.com/member/profile/836510"
"Vincent Mihaliak IV","Westwood Financial","","","","","Georgia","Owner/Developer","https://www.icsc.com/member/profile/688895"
"Stuart Miller","Raley-Miller Properties, Inc.","","","","","Georgia","Owner/Developer","https://www.icsc.com/member/profile/408040"
"Caroline Mimms","Mimms Enterprises","","","","","Georgia","Owner/Developer","https://www.icsc.com/member/profile/796710"
"Robert Mimms","Mimms Enterprises","","","","","Georgia","Owner/Developer","https://www.icsc.com/member/profile/112922"
"David Miniutti","Brixmor Property Group","","","","","Georgia","Owner/Developer","https://www.icsc.com/member/profile/132742"
"Mario Mireles","Trademark Property Company","","","","","Georgia","Owner/Developer","https://www.icsc.com/member/profile/114683"
"Ryan Mitzel","Phillips Edison & Company","","","","","Georgia","Owner/Developer","https://www.icsc.com/member/profile/601245"
"John Moores","Jamestown, LP","","","","","Georgia","Owner/Developer","https://www.icsc.com/member/profile/682809"
"Alexa Moro","PGIM Real Estate","","","","","Georgia","Owner/Developer","https://www.icsc.com/member/profile/782972"
"Frank Mowitz","Southeastern","","","","","Georgia","Owner/Developer","https://www.icsc.com/member/profile/98769"
"Charlie Moye","Meybohm Commercial Properties, LLC","","","","","Georgia","Owner/Developer","https://www.icsc.com/member/profile/843400"
"Max Muenchen","Sullivan Wickley","","","","","Georgia","Owner/Developer","https://www.icsc.com/member/profile/812429"
"Patrick Mulherin","Hull Property Group","","","","","Georgia","Owner/Developer","https://www.icsc.com/member/profile/811081"
"Patrick Muller","Hull Property Group","","","","","Georgia","Owner/Developer","https://www.icsc.com/member/profile/636620"
"Shannon Mullinax","Highland Real Estate Investors","","","","","Georgia","Owner/Developer","https://www.icsc.com/member/profile/298722"
"John Murphy","Sullivan Wickley","","","","","Georgia","Owner/Developer","https://www.icsc.com/member/profile/634833"
"Max Murray","Selig Enterprises, Inc.","","","","","Georgia","Owner/Developer","https://www.icsc.com/member/profile/816743"
"Nicholas Mussatti","Victory Real Estate Investments","","","","","Georgia","Owner/Developer","https://www.icsc.com/member/profile/653694"
"Jarrett Nease","JBS Capital Investments, LLC","","","","","Georgia","Owner/Developer","https://www.icsc.com/member/profile/813108"
"Bret Nesbitt","Retail Planning Corporation","","","","","Georgia","Owner/Developer","https://www.icsc.com/member/profile/657670"
"Dana Newby","Coro Realty Advisors, LLC","","","","","Georgia","Owner/Developer","https://www.icsc.com/member/profile/413798"
"Ellie Newman","PGIM Real Estate","","","","","Georgia","Owner/Developer","https://www.icsc.com/member/profile/775490"
"Ansley Nixon","Coro Realty Advisors, LLC","","","","","Georgia","Owner/Developer","https://www.icsc.com/member/profile/695755"
"Leon Novak","The Trilogy Group, LLC","","","","","Georgia","Owner/Developer","https://www.icsc.com/member/profile/114612"
"Tracy O'Connor","Selig Enterprises, Inc.","","","","","Georgia","Owner/Developer","https://www.icsc.com/member/profile/244556"
"Brad Oppenheimer","Halpern Enterprises, Inc.","","","","","Georgia","Owner/Developer","https://www.icsc.com/member/profile/512430"
"Matthew Oppenheimer","Halpern Enterprises, Inc.","","","","","Georgia","Owner/Developer","https://www.icsc.com/member/profile/489302"
"Carolyn Oppenheimer","Halpern Enterprises, Inc.","","","","","Georgia","Owner/Developer","https://www.icsc.com/member/profile/100447"
"William Owen","Meybohm Commercial Properties, LLC","","","","","Georgia","Owner/Developer","https://www.icsc.com/member/profile/863985"
"Kurt Padavano","First National Realty Partners","","","","","Georgia","Owner/Developer","https://www.icsc.com/member/profile/791532"
"Dimitri Panagopoulos","Westbrook Real Estate, LLC","","","","","Georgia","Owner/Developer","https://www.icsc.com/member/profile/654722"
"Pam Parrish","Southeastern","","","","","Georgia","Owner/Developer","https://www.icsc.com/member/profile/225939"
"Jerry Pascual","Hendon Properties, LLC","","","","","Georgia","Owner/Developer","https://www.icsc.com/member/profile/541265"
"Steven Patrick","Blue Ridge Capital","","","","","Georgia","Owner/Developer","https://www.icsc.com/member/profile/95408"
"Sean Patrick CCIM","Ackerman & Co.","","","","","Georgia","Owner/Developer","https://www.icsc.com/member/profile/259633"
"Angie Penn","SJC Ventures","","","","","Georgia","Owner/Developer","https://www.icsc.com/member/profile/589834"
"Eric Penney","Broad Reach Retail Partners, LLC","","","","","Georgia","Owner/Developer","https://www.icsc.com/member/profile/272653"
"Sam Perlman","Adams & Co. Real Estate Inc.","","","","","Georgia","Owner/Developer","https://www.icsc.com/member/profile/526477"
"John Perlman","Adams & Co. Real Estate Inc.","","","","","Georgia","Owner/Developer","https://www.icsc.com/member/profile/100944"
"Brandy Perone","Brixmor Property Group","","","","","Georgia","Owner/Developer","https://www.icsc.com/member/profile/834533"
"Tim Perry","Jamestown, LP","","","","","Georgia","Owner/Developer","https://www.icsc.com/member/profile/232021"
"Malloy Peterson","Selig Enterprises, Inc.","","","","","Georgia","Owner/Developer","https://www.icsc.com/member/profile/340266"
"Henry Pittman","Halpern Enterprises, Inc.","","","","","Georgia","Owner/Developer","https://www.icsc.com/member/profile/633238"
"Kevin Polston, CLS, CRX","Jamestown, LP","","","","","Georgia","Owner/Developer","https://www.icsc.com/member/profile/126720"
"Ryan Preston","LBX Investments LLC","","","","","Georgia","Owner/Developer","https://www.icsc.com/member/profile/206299"
"Kevin Reavey","Brixmor Property Group","","","","","Georgia","Owner/Developer","https://www.icsc.com/member/profile/352984"
"Ben Reeves","CIM Group, Inc.","","","","","Georgia","Owner/Developer","https://www.icsc.com/member/profile/711724"
"Evan Reiss","Westwood Financial","","","","","Georgia","Owner/Developer","https://www.icsc.com/member/profile/852260"
"Matt Rendle","Selig Enterprises, Inc.","","","","","Georgia","Owner/Developer","https://www.icsc.com/member/profile/537010"
"Jonathan Rice","Ackerman & Co.","","","","","Georgia","Owner/Developer","https://www.icsc.com/member/profile/188038"
"Bene Richardson","Realty Income Corporation","","","","","Georgia","Owner/Developer","https://www.icsc.com/member/profile/805832"
"Jessica Ricks","Retail Property Solutions, LLC","","","","","Georgia","Owner/Developer","https://www.icsc.com/member/profile/778157"
"Vincent Riggio CCIM","Trinity Development Group Inc.","","","","","Georgia","Owner/Developer","https://www.icsc.com/member/profile/184242"
"Philip Rodbell","Selig Enterprises, Inc.","","","","","Georgia","Owner/Developer","https://www.icsc.com/member/profile/367754"
"Matthew Rogers","Meybohm Commercial Properties, LLC","","","","","Georgia","Owner/Developer","https://www.icsc.com/member/profile/688639"
"Jeremy Rosenthall","M. & P. Shopping Centers, Inc.","","","","","Georgia","Owner/Developer","https://www.icsc.com/member/profile/439164"
"Sheri Ross","Jamestown, LP","","","","","Georgia","Owner/Developer","https://www.icsc.com/member/profile/121088"
"Chris Routledge","Westbrook Real Estate, LLC","","","","","Georgia","Owner/Developer","https://www.icsc.com/member/profile/401314"
"Thomas Rowe","SJC Ventures","","","","","Georgia","Owner/Developer","https://www.icsc.com/member/profile/626111"
"Marisa Roy","Ackerman & Co.","","","","","Georgia","Owner/Developer","https://www.icsc.com/member/profile/310580"
"Eric Rubin","The Shumacher Group, Inc.","","","","","Georgia","Owner/Developer","https://www.icsc.com/member/profile/820152"
"Matthew Ryan, CLS","Brixmor Property Group","","","","","Georgia","Owner/Developer","https://www.icsc.com/member/profile/338622"
"Andy Salomon","SREG","","","","","Georgia","Owner/Developer","https://www.icsc.com/member/profile/132729"
"Jan Saperstein","Southeastern Asset Management Group Inc.","","","","","Georgia","Owner/Developer","https://www.icsc.com/member/profile/128823"
"Jarrett Sappington","PGIM Real Estate","","","","","Georgia","Owner/Developer","https://www.icsc.com/member/profile/744432"
"Matt Sasser","Meyers Brothers Properties","","","","","Georgia","Owner/Developer","https://www.icsc.com/member/profile/156547"
"Tommy Saul III","Southeastern","","","","","Georgia","Owner/Developer","https://www.icsc.com/member/profile/273899"
"Adam Schwegman","Jamestown, LP","","","","","Georgia","Owner/Developer","https://www.icsc.com/member/profile/331121"
"Curt Scott","Pursuit Development","","","","","Georgia","Owner/Developer","https://www.icsc.com/member/profile/412342"
"Rhodes Seeger","Southeastern","","","","","Georgia","Owner/Developer","https://www.icsc.com/member/profile/343376"
"Alexandra Selesnick","First National Realty Partners","","","","","Georgia","Owner/Developer","https://www.icsc.com/member/profile/771339"
"Steve Selig","Selig Enterprises, Inc.","","","","","Georgia","Owner/Developer","https://www.icsc.com/member/profile/95128"
"Mindy Selig","Selig Enterprises, Inc.","","","","","Georgia","Owner/Developer","https://www.icsc.com/member/profile/132740"
"Cathy Selig","Selig Enterprises, Inc.","","","","","Georgia","Owner/Developer","https://www.icsc.com/member/profile/102954"
"Chris Senn","Southeastern","","","","","Georgia","Owner/Developer","https://www.icsc.com/member/profile/350407"
"Mark Senn","Southeastern","","","","","Georgia","Owner/Developer","https://www.icsc.com/member/profile/112815"
"Shreen Shaikh","Safeway Group, Inc.","","","","","Georgia","Owner/Developer","https://www.icsc.com/member/profile/814666"
"Rafat Shaikh","Safeway Group, Inc.","","","","","Georgia","Owner/Developer","https://www.icsc.com/member/profile/203355"
"Suzanne Shank","Ackerman & Co.","","","","","Georgia","Owner/Developer","https://www.icsc.com/member/profile/187731"
"Milton Shlapak","Shlapak Development Company","","","","","Georgia","Owner/Developer","https://www.icsc.com/member/profile/108151"
"Steven Silverstein","Velmeir Companies","","","","","Georgia","Owner/Developer","https://www.icsc.com/member/profile/108284"
"Crawford Sites Jr","Fletcher Bright Co.","","","","","Georgia","Owner/Developer","https://www.icsc.com/member/profile/154077"
"Dianne Slotnick, CMD, CRX, CSM","MAA","","","","","Georgia","Owner/Developer","https://www.icsc.com/member/profile/177213"
"Michelle Smart","Centennial","","","","","Georgia","Owner/Developer","https://www.icsc.com/member/profile/839905"
"Spencer Smith","On Point Construction Inc","","","","","Georgia","Owner/Developer","https://www.icsc.com/member/profile/864688"
"Paul Smith","Polias","","","","","Georgia","Owner/Developer","https://www.icsc.com/member/profile/797267"
"James Smith","Halpern Enterprises, Inc.","","","","","Georgia","Owner/Developer","https://www.icsc.com/member/profile/796999"
"Brad Smith","Stern Group","","","","","Georgia","Owner/Developer","https://www.icsc.com/member/profile/501867"
"Martin Solomon","Affinius Capital","","","","","Georgia","Owner/Developer","https://www.icsc.com/member/profile/155062"
"Margaret Staats","Redd Realty Services","","","","","Georgia","Owner/Developer","https://www.icsc.com/member/profile/132627"
"Evan Staley","Hendon Properties, LLC","","","","","Georgia","Owner/Developer","https://www.icsc.com/member/profile/609332"
"Rick Steele","The Steele Group","","","","","Georgia","Owner/Developer","https://www.icsc.com/member/profile/193315"
"Thalonius Stone","Dunphy Properties LLC","","","","","Georgia","Owner/Developer","https://www.icsc.com/member/profile/560189"
"Terry Sullivan","The Trilogy Group, LLC","","","","","Georgia","Owner/Developer","https://www.icsc.com/member/profile/99944"
"Brian Sullivan","Sullivan Wickley","","","","","Georgia","Owner/Developer","https://www.icsc.com/member/profile/275968"
"Brian Sweeting","Meybohm Commercial Properties, LLC","","","","","Georgia","Owner/Developer","https://www.icsc.com/member/profile/787439"
"Bailey Talley","Victory Real Estate Investments","","","","","Georgia","Owner/Developer","https://www.icsc.com/member/profile/811667"
"Steve Tart, CRX, CSM","Genesis Real Estate Advisers, LLC","","","","","Georgia","Owner/Developer","https://www.icsc.com/member/profile/102641"
"Terry Taylor","Mirabeland Investments, Inc","","","","","Georgia","Owner/Developer","https://www.icsc.com/member/profile/483293"
"Kathy Thirolf","The Shumacher Group, Inc.","","","","","Georgia","Owner/Developer","https://www.icsc.com/member/profile/138631"
"Melissa Tijerina","The Shumacher Group, Inc.","","","","","Georgia","Owner/Developer","https://www.icsc.com/member/profile/862049"
"Mark Tiller Jr","Hendon Properties, LLC","","","","","Georgia","Owner/Developer","https://www.icsc.com/member/profile/106646"
"Jordan Titshaw","Phillips Edison & Company","","","","","Georgia","Owner/Developer","https://www.icsc.com/member/profile/716366"
"Mark Toro","Toro Development Company, LLC","","","","","Georgia","Owner/Developer","https://www.icsc.com/member/profile/122899"
"Dennis Trotter","Jordan Trotter Commercial Realty","","","","","Georgia","Owner/Developer","https://www.icsc.com/member/profile/279624"
"Kim Trotter","Retail Planning Corporation","","","","","Georgia","Owner/Developer","https://www.icsc.com/member/profile/239190"
"Chad Tullos","Stafford Properties","","","","","Georgia","Owner/Developer","https://www.icsc.com/member/profile/410086"
"Phong Vo","Victory Real Estate Investments","","","","","Georgia","Owner/Developer","https://www.icsc.com/member/profile/862406"
"Keith Walker","Victory Real Estate Investments","","","","","Georgia","Owner/Developer","https://www.icsc.com/member/profile/642242"
"Allan Waller","Metzler Real Estate","","","","","Georgia","Owner/Developer","https://www.icsc.com/member/profile/804175"
"Jeff Walton","Halpern Enterprises, Inc.","","","","","Georgia","Owner/Developer","https://www.icsc.com/member/profile/719096"
"Barbara Wasko","MAA","","","","","Georgia","Owner/Developer","https://www.icsc.com/member/profile/213552"
"Luke Waters","Sullivan Wickley","","","","","Georgia","Owner/Developer","https://www.icsc.com/member/profile/631766"
"Stephen Waynick","Victory Real Estate Investments","","","","","Georgia","Owner/Developer","https://www.icsc.com/member/profile/584075"
"Bill Weitzenkorn CCIM","Sullivan Wickley","","","","","Georgia","Owner/Developer","https://www.icsc.com/member/profile/363217"
"Steve West","Halpern Enterprises, Inc.","","","","","Georgia","Owner/Developer","https://www.icsc.com/member/profile/117362"
"Brad Westbrook CCIM","Westbrook Real Estate, LLC","","","","","Georgia","Owner/Developer","https://www.icsc.com/member/profile/268319"
"Wyatt Whitaker","Ackerman & Co.","","","","","Georgia","Owner/Developer","https://www.icsc.com/member/profile/728573"
"Lewis White","Hull Property Group","","","","","Georgia","Owner/Developer","https://www.icsc.com/member/profile/519182"
"Rob Whitmire","WDG Real Estate Partners","","","","","Georgia","Owner/Developer","https://www.icsc.com/member/profile/642677"
"Adam Wickley","Sullivan Wickley","","","","","Georgia","Owner/Developer","https://www.icsc.com/member/profile/332416"
"Leo Wiener","Ackerman & Co.","","","","","Georgia","Owner/Developer","https://www.icsc.com/member/profile/226427"
"John Wilcox","Alliance Realty Services","","","","","Georgia","Owner/Developer","https://www.icsc.com/member/profile/222914"
"Reagan Williams","Jamestown, LP","","","","","Georgia","Owner/Developer","https://www.icsc.com/member/profile/802922"
"Erick Wilson","Retail Planning Corporation","","","","","Georgia","Owner/Developer","https://www.icsc.com/member/profile/864498"
"Elizabeth Wilson","Hull Property Group","","","","","Georgia","Owner/Developer","https://www.icsc.com/member/profile/775705"
"Richard Wilson","Hendon Properties, LLC","","","","","Georgia","Owner/Developer","https://www.icsc.com/member/profile/579142"
"Vance Woodcox","Selig Enterprises, Inc.","","","","","Georgia","Owner/Developer","https://www.icsc.com/member/profile/631622"
"Joshua Wulz","Otter Creek Holdings","","","","","Georgia","Owner/Developer","https://www.icsc.com/member/profile/634637"
"Paul Xhajanka","Southeastern","","","","","Georgia","Owner/Developer","https://www.icsc.com/member/profile/151600"
"Daniel Yi","Ackerman & Co.","","","","","Georgia","Owner/Developer","https://www.icsc.com/member/profile/573184"
"Bennett Yort","Hull Property Group","","","","","Georgia","Owner/Developer","https://www.icsc.com/member/profile/783071"
"Robert Zeff","Insignia,LLC","","","","","Georgia","Owner/Developer","https://www.icsc.com/member/profile/649630"
"Cameron Zurbruegg","Hendon Properties, LLC","","","","","Georgia","Owner/Developer","https://www.icsc.com/member/profile/121262"
"Liliana Ballesteros","GGP","","","","","Hawaii","Owner/Developer","https://www.icsc.com/member/profile/727978"
"Lauren Bendiner","James Campbell Company LLC","","","","","Hawaii","Owner/Developer","https://www.icsc.com/member/profile/858475"
"Kauwela Bisquera","Pacific Retail Capital Partners","","","","","Hawaii","Owner/Developer","https://www.icsc.com/member/profile/723485"
"Georgianne Brown","Pacific Retail Capital Partners","","","","","Hawaii","Owner/Developer","https://www.icsc.com/member/profile/785858"
"Michael Cox","The Festival Companies","","","","","Hawaii","Owner/Developer","https://www.icsc.com/member/profile/651401"
"Timothy Fong","Market City Limited","","","","","Hawaii","Owner/Developer","https://www.icsc.com/member/profile/498977"
"Sandra Fong","Market City Limited","","","","","Hawaii","Owner/Developer","https://www.icsc.com/member/profile/105239"
"Francisco Gutierrez","Alexander & Baldwin","","","","","Hawaii","Owner/Developer","https://www.icsc.com/member/profile/507729"
"Nani Hanus","The Festival Companies","","","","","Hawaii","Owner/Developer","https://www.icsc.com/member/profile/331202"
"Marc Higuchi","ValueRock Realty Partners","","","","","Hawaii","Owner/Developer","https://www.icsc.com/member/profile/659668"
"Zoe Huang","The Festival Companies","","","","","Hawaii","Owner/Developer","https://www.icsc.com/member/profile/862960"
"Masato Itoh CCIM","GGP","","","","","Hawaii","Owner/Developer","https://www.icsc.com/member/profile/636311"
"Paul Kay","Hunt Companies","","","","","Hawaii","Owner/Developer","https://www.icsc.com/member/profile/469621"
"Michael Lam","Hunt Companies","","","","","Hawaii","Owner/Developer","https://www.icsc.com/member/profile/761465"
"Clifford Ogata","ValueRock Realty Partners","","","","","Hawaii","Owner/Developer","https://www.icsc.com/member/profile/326402"
"Nikki Senter","James Campbell Company LLC","","","","","Hawaii","Owner/Developer","https://www.icsc.com/member/profile/858422"
"Helene Shenkus","The Festival Companies","","","","","Hawaii","Owner/Developer","https://www.icsc.com/member/profile/104077"
"Elise Sherer","The Festival Companies","","","","","Hawaii","Owner/Developer","https://www.icsc.com/member/profile/850051"
"Roy Uyehara","Teruya Brothers Limited","","","","","Hawaii","Owner/Developer","https://www.icsc.com/member/profile/95634"
"Joy Veeraplin","The Festival Companies","","","","","Hawaii","Owner/Developer","https://www.icsc.com/member/profile/598832"
"Diana Whitt","The Festival Companies","","","","","Hawaii","Owner/Developer","https://www.icsc.com/member/profile/514411"
"Michael Belles","Crossroads North","","","","","Idaho","Owner/Developer","https://www.icsc.com/member/profile/856505"
"Wendy Crawford","Garrison Pacific Properties","","","","","Idaho","Owner/Developer","https://www.icsc.com/member/profile/134565"
"Hugh Crawford, CRX, CSM","CenterCal Properties, LLC","","","","","Idaho","Owner/Developer","https://www.icsc.com/member/profile/109049"
"Jeffrey De Voe","Hawkins Companies","","","","","Idaho","Owner/Developer","https://www.icsc.com/member/profile/259063"
"Ryan Gaston","Barclay Group","","","","","Idaho","Owner/Developer","https://www.icsc.com/member/profile/244631"
"Bronson Grange","Hawkins Companies","","","","","Idaho","Owner/Developer","https://www.icsc.com/member/profile/582210"
"Shaun Greear","Hawkins Companies","","","","","Idaho","Owner/Developer","https://www.icsc.com/member/profile/180431"
"Mindy Gronbeck CPM, CRX, CSM","Hawkins Companies","","","","","Idaho","Owner/Developer","https://www.icsc.com/member/profile/210296"
"Colby Halker","Hawkins Companies","","","","","Idaho","Owner/Developer","https://www.icsc.com/member/profile/182315"
"Steve Hall","Integra CRE","","","","","Idaho","Owner/Developer","https://www.icsc.com/member/profile/831684"
"Scott Harris","First Resort Inc.","","","","","Idaho","Owner/Developer","https://www.icsc.com/member/profile/109713"
"H. Larry Leasure","White-Leasure Development Company","","","","","Idaho","Owner/Developer","https://www.icsc.com/member/profile/96310"
"Brandon Lee","24 Hour Fitness","","","","","Idaho","Owner/Developer","https://www.icsc.com/member/profile/587169"
"Beau Manwaring","Hawkins Companies","","","","","Idaho","Owner/Developer","https://www.icsc.com/member/profile/537185"
"Morgan Randis","Barclay Group","","","","","Idaho","Owner/Developer","https://www.icsc.com/member/profile/575386"
"Daniel Sabala","Hawkins Companies","","","","","Idaho","Owner/Developer","https://www.icsc.com/member/profile/842077"
"Matt Schirmer","D. D. Dunlap Companies, Inc","","","","","Idaho","Owner/Developer","https://www.icsc.com/member/profile/592821"
"Paul Stephens","Hawkins Companies","","","","","Idaho","Owner/Developer","https://www.icsc.com/member/profile/257489"
"Christian Taylor","Ball Ventures, LLC","","","","","Idaho","Owner/Developer","https://www.icsc.com/member/profile/487076"
"Mike Thomas","White-Leasure Development Company","","","","","Idaho","Owner/Developer","https://www.icsc.com/member/profile/856539"
"Mitchell Trost","Ball Ventures, LLC","","","","","Idaho","Owner/Developer","https://www.icsc.com/member/profile/757639"
"Jim Valle","Parkwood Business Properties","","","","","Idaho","Owner/Developer","https://www.icsc.com/member/profile/479355"
"Jason White","White-Leasure Development Company","","","","","Idaho","Owner/Developer","https://www.icsc.com/member/profile/295969"
"Louay Aani","AGC development","","","","","Illinois","Owner/Developer","https://www.icsc.com/member/profile/854786"
"Ann Ackerman, CMD","Horizon Group Properties, Inc.","","","","","Illinois","Owner/Developer","https://www.icsc.com/member/profile/169642"
"Ali Alani","AGC development","","","","","Illinois","Owner/Developer","https://www.icsc.com/member/profile/854812"
"Shaunti Althoff","Matanky Realty Group","","","","","Illinois","Owner/Developer","https://www.icsc.com/member/profile/860054"
"Jeffrey Angres","Transformco Properties","","","","","Illinois","Owner/Developer","https://www.icsc.com/member/profile/811246"
"Samuel Ankin","Northpond Partners, LLC","","","","","Illinois","Owner/Developer","https://www.icsc.com/member/profile/312954"
"Bob Aranyi","De Novo Development","","","","","Illinois","Owner/Developer","https://www.icsc.com/member/profile/380945"
"Susan Arriaza","Miller Capital Advisory, Inc.","","","","","Illinois","Owner/Developer","https://www.icsc.com/member/profile/757323"
"Georgios Avramides","Kite Realty Group","","","","","Illinois","Owner/Developer","https://www.icsc.com/member/profile/865617"
"Logan Barnett","GMX Real Estate Group, LLC","","","","","Illinois","Owner/Developer","https://www.icsc.com/member/profile/854265"
"Troy Bates","Matanky Realty Group","","","","","Illinois","Owner/Developer","https://www.icsc.com/member/profile/797475"
"Connie Becker","BUCKSBAUM PROPERTIES","","","","","Illinois","Owner/Developer","https://www.icsc.com/member/profile/289241"
"Michael Ben-Isvy","GGP","","","","","Illinois","Owner/Developer","https://www.icsc.com/member/profile/683398"
"Jason Benline","WMG Development, LLC","","","","","Illinois","Owner/Developer","https://www.icsc.com/member/profile/605504"
"Todd Berlinghof","Hamilton Partners","","","","","Illinois","Owner/Developer","https://www.icsc.com/member/profile/110786"
"Alex Berman","Greenwood Global, Inc.","","","","","Illinois","Owner/Developer","https://www.icsc.com/member/profile/648865"
"Max Bernhardt","Hyperfuel","","","","","Illinois","Owner/Developer","https://www.icsc.com/member/profile/860914"
"Thomas Bernier","BUCKSBAUM PROPERTIES","","","","","Illinois","Owner/Developer","https://www.icsc.com/member/profile/175225"
"Matthew Beverly","Transformco Properties","","","","","Illinois","Owner/Developer","https://www.icsc.com/member/profile/592847"
"Sarah Bielski","InvenTrust Properties Corp.","","","","","Illinois","Owner/Developer","https://www.icsc.com/member/profile/632128"
"Gregory Blade","Matanky Realty Group","","","","","Illinois","Owner/Developer","https://www.icsc.com/member/profile/749001"
"Marc Blum","Next Realty, LLC","","","","","Illinois","Owner/Developer","https://www.icsc.com/member/profile/181796"
"Stan Bobowski Jr.","GMX Real Estate Group, LLC","","","","","Illinois","Owner/Developer","https://www.icsc.com/member/profile/826550"
"Joseph Bochenski","Location Finders International, Inc.","","","","","Illinois","Owner/Developer","https://www.icsc.com/member/profile/198488"
"Dawn Bogdanski","Pacific Retail Capital Partners","","","","","Illinois","Owner/Developer","https://www.icsc.com/member/profile/610785"
"Doruk Borekci","Borekci Real Estate","","","","","Illinois","Owner/Developer","https://www.icsc.com/member/profile/317931"
"Kathleen Brill","Cullinan Properties","","","","","Illinois","Owner/Developer","https://www.icsc.com/member/profile/363598"
"Taylor Brown","Northpond Partners, LLC","","","","","Illinois","Owner/Developer","https://www.icsc.com/member/profile/579270"
"Jay Brown","Jaylon, Inc.","","","","","Illinois","Owner/Developer","https://www.icsc.com/member/profile/102357"
"Corey Bruce","North American Real Estate","","","","","Illinois","Owner/Developer","https://www.icsc.com/member/profile/562401"
"John Bucksbaum, CRX, CSM","BUCKSBAUM PROPERTIES","","","","","Illinois","Owner/Developer","https://www.icsc.com/member/profile/97249"
"Max Bulbin","MSB Real Holdings LLC","","","","","Illinois","Owner/Developer","https://www.icsc.com/member/profile/518790"
"Robert Burk II","Urban Street Group","","","","","Illinois","Owner/Developer","https://www.icsc.com/member/profile/841164"
"Julia Burnham","Terraco, Inc.","","","","","Illinois","Owner/Developer","https://www.icsc.com/member/profile/436778"
"Michael Burns","Torburn Partners","","","","","Illinois","Owner/Developer","https://www.icsc.com/member/profile/789753"
"Daniel Busch","InvenTrust Properties Corp.","","","","","Illinois","Owner/Developer","https://www.icsc.com/member/profile/529889"
"Niall Byrne, CRX","Inland Real Estate Group of Companies, Inc., The","","","","","Illinois","Owner/Developer","https://www.icsc.com/member/profile/343619"
"Paul Cabral","Bridge33 Capital","","","","","Illinois","Owner/Developer","https://www.icsc.com/member/profile/727465"
"Patrick Cairns","Starwood Retail Partners","","","","","Illinois","Owner/Developer","https://www.icsc.com/member/profile/257203"
"Julie Cameron","M & J Wilkow, Ltd.","","","","","Illinois","Owner/Developer","https://www.icsc.com/member/profile/794837"
"John Carlson","LaSalle Investment Management","","","","","Illinois","Owner/Developer","https://www.icsc.com/member/profile/732406"
"Scott Carr, CLS, CRX, CSM","Transformco Properties","","","","","Illinois","Owner/Developer","https://www.icsc.com/member/profile/163214"
"Gina Caruso","The Lord Companies, L.L.C","","","","","Illinois","Owner/Developer","https://www.icsc.com/member/profile/155721"
"Anthony Casaccio","Inland Real Estate Group of Companies, Inc., The","","","","","Illinois","Owner/Developer","https://www.icsc.com/member/profile/314182"
"Anthony Chereso","Inland Real Estate Group of Companies, Inc., The","","","","","Illinois","Owner/Developer","https://www.icsc.com/member/profile/802646"
"Rick Claes","Bluestone Single Tenant Properties, LLC","","","","","Illinois","Owner/Developer","https://www.icsc.com/member/profile/205018"
"Thomas Cleary","GMX Real Estate Group, LLC","","","","","Illinois","Owner/Developer","https://www.icsc.com/member/profile/575895"
"Kevin Clifton","Torburn Partners","","","","","Illinois","Owner/Developer","https://www.icsc.com/member/profile/802637"
"Les Cohen","Cohen Development Company","","","","","Illinois","Owner/Developer","https://www.icsc.com/member/profile/98307"
"Thomas Connolly","Blackbird Real Estate","","","","","Illinois","Owner/Developer","https://www.icsc.com/member/profile/95976"
"David Cordova","Matanky Realty Group","","","","","Illinois","Owner/Developer","https://www.icsc.com/member/profile/792660"
"Christopher Covey","Peaceable Street Capital","","","","","Illinois","Owner/Developer","https://www.icsc.com/member/profile/230892"
"Terri Jo Cox","Matanky Realty Group","","","","","Illinois","Owner/Developer","https://www.icsc.com/member/profile/172425"
"Kenneth Crane","PLS Realty","","","","","Illinois","Owner/Developer","https://www.icsc.com/member/profile/282522"
"Adam Cristelli","PGIM Real Estate","","","","","Illinois","Owner/Developer","https://www.icsc.com/member/profile/429129"
"Brennen Croy","WMG Development, LLC","","","","","Illinois","Owner/Developer","https://www.icsc.com/member/profile/791457"
"Diane Cullinan Oberhelman","Cullinan Properties","","","","","Illinois","Owner/Developer","https://www.icsc.com/member/profile/246070"
"Christy David","InvenTrust Properties Corp.","","","","","Illinois","Owner/Developer","https://www.icsc.com/member/profile/700750"
"Joe David","Transformco Properties","","","","","Illinois","Owner/Developer","https://www.icsc.com/member/profile/611045"
"William Davis","Pine Tree","","","","","Illinois","Owner/Developer","https://www.icsc.com/member/profile/767437"
"Trent Deighan","GMX Real Estate Group, LLC","","","","","Illinois","Owner/Developer","https://www.icsc.com/member/profile/771491"
"Peter Dellaportas","First National Development, Ltd.","","","","","Illinois","Owner/Developer","https://www.icsc.com/member/profile/91525"
"Jack Dempsey","Location Finders International, Inc.","","","","","Illinois","Owner/Developer","https://www.icsc.com/member/profile/806923"
"Kenneth Diana Jr.","GK Development Inc.","","","","","Illinois","Owner/Developer","https://www.icsc.com/member/profile/747618"
"Haley Dickerson","Matanky Realty Group","","","","","Illinois","Owner/Developer","https://www.icsc.com/member/profile/822478"
"Richard Dippolito","Brixmor Property Group","","","","","Illinois","Owner/Developer","https://www.icsc.com/member/profile/144559"
"John Dolan","Dolan & Murphy Inc.","","","","","Illinois","Owner/Developer","https://www.icsc.com/member/profile/583062"
"Brian Dolan CCIM","Dolan & Murphy Inc.","","","","","Illinois","Owner/Developer","https://www.icsc.com/member/profile/225753"
"Richard Dube","Tri-Land Properties, Inc.","","","","","Illinois","Owner/Developer","https://www.icsc.com/member/profile/95751"
"Rob Duncan","CenterCore Properties, LLC","","","","","Illinois","Owner/Developer","https://www.icsc.com/member/profile/653185"
"Robert Duncan","CenterCore Properties, LLC","","","","","Illinois","Owner/Developer","https://www.icsc.com/member/profile/342272"
"Connie Dyer","M & J Wilkow, Ltd.","","","","","Illinois","Owner/Developer","https://www.icsc.com/member/profile/119689"
"James Eck","Kensington Development Partners","","","","","Illinois","Owner/Developer","https://www.icsc.com/member/profile/103213"
"Karen Elkin","Abbell Associates","","","","","Illinois","Owner/Developer","https://www.icsc.com/member/profile/156607"
"Chris Ellsworth","Pine Tree","","","","","Illinois","Owner/Developer","https://www.icsc.com/member/profile/772375"
"Dylan Er","North American Real Estate","","","","","Illinois","Owner/Developer","https://www.icsc.com/member/profile/797428"
"Savas Er","North American Real Estate","","","","","Illinois","Owner/Developer","https://www.icsc.com/member/profile/259566"
"Alan Erickson","Location Finders International, Inc.","","","","","Illinois","Owner/Developer","https://www.icsc.com/member/profile/370935"
"Hesham Ezeldin","GGP","","","","","Illinois","Owner/Developer","https://www.icsc.com/member/profile/756008"
"Jason Fedak","WMG Development, LLC","","","","","Illinois","Owner/Developer","https://www.icsc.com/member/profile/800213"
"Richard Filler","The Harlem Irving Companies, Inc.","","","","","Illinois","Owner/Developer","https://www.icsc.com/member/profile/119130"
"Scott Fitzgerald","Tri-Land Properties, Inc.","","","","","Illinois","Owner/Developer","https://www.icsc.com/member/profile/369329"
"Greg Fix","The Harlem Irving Companies, Inc.","","","","","Illinois","Owner/Developer","https://www.icsc.com/member/profile/313437"
"Vincent Forgione","The Harlem Irving Companies, Inc.","","","","","Illinois","Owner/Developer","https://www.icsc.com/member/profile/623205"
"Sam Frazen","The Lord Companies, L.L.C","","","","","Illinois","Owner/Developer","https://www.icsc.com/member/profile/855610"
"Tyler Frerichs","WMG Development, LLC","","","","","Illinois","Owner/Developer","https://www.icsc.com/member/profile/638224"
"Meagan Froehlich","InvenTrust Properties Corp.","","","","","Illinois","Owner/Developer","https://www.icsc.com/member/profile/515448"
"Curtis Frost","WMG Development, LLC","","","","","Illinois","Owner/Developer","https://www.icsc.com/member/profile/541614"
"Aaron Gadiel","Edwards Realty Co.","","","","","Illinois","Owner/Developer","https://www.icsc.com/member/profile/737735"
"Kevin Gallagher","L3 Capital LLC","","","","","Illinois","Owner/Developer","https://www.icsc.com/member/profile/520209"
"Kevin Gazley","Terraco, Inc.","","","","","Illinois","Owner/Developer","https://www.icsc.com/member/profile/156368"
"Ed Gebauer","InSite Real Estate, LLC","","","","","Illinois","Owner/Developer","https://www.icsc.com/member/profile/756800"
"Grant Geisler","Inland Real Estate Group of Companies, Inc., The","","","","","Illinois","Owner/Developer","https://www.icsc.com/member/profile/709394"
"Benjamin Gelb","Walton Street Capital, LLC","","","","","Illinois","Owner/Developer","https://www.icsc.com/member/profile/851590"
"Sam Gendell","Terraco, Inc.","","","","","Illinois","Owner/Developer","https://www.icsc.com/member/profile/778567"
"Colleen Gigot","The Harlem Irving Companies, Inc.","","","","","Illinois","Owner/Developer","https://www.icsc.com/member/profile/194275"
"Anthony Giuffre","Pine Tree","","","","","Illinois","Owner/Developer","https://www.icsc.com/member/profile/834028"
"Michael Golden","Vantage Airport Group","","","","","Illinois","Owner/Developer","https://www.icsc.com/member/profile/347547"
"Joe Goodman","Terraco, Inc.","","","","","Illinois","Owner/Developer","https://www.icsc.com/member/profile/200958"
"Andrew Goodman","GMX Real Estate Group, LLC","","","","","Illinois","Owner/Developer","https://www.icsc.com/member/profile/144435"
"Rimas Grabliauskas","Location Finders International, Inc.","","","","","Illinois","Owner/Developer","https://www.icsc.com/member/profile/784292"
"Garrett Greeby, CDP, CRX","The Greeby Companies, Inc.","","","","","Illinois","Owner/Developer","https://www.icsc.com/member/profile/307668"
"Rick Greenbury","Tabani Group, Inc.","","","","","Illinois","Owner/Developer","https://www.icsc.com/member/profile/831470"
"Chris Gunn","InSite Real Estate, LLC","","","","","Illinois","Owner/Developer","https://www.icsc.com/member/profile/726302"
"Christopher Hafner","Inland Real Estate Group of Companies, Inc., The","","","","","Illinois","Owner/Developer","https://www.icsc.com/member/profile/235038"
"Jonathan Hanus","National Shopping Plazas Inc.","","","","","Illinois","Owner/Developer","https://www.icsc.com/member/profile/281327"
"George Hanus","National Shopping Plazas Inc.","","","","","Illinois","Owner/Developer","https://www.icsc.com/member/profile/107849"
"Trevor Hardenbrook","InSite Real Estate, LLC","","","","","Illinois","Owner/Developer","https://www.icsc.com/member/profile/691429"
"John Harder","Acadia Realty Trust","","","","","Illinois","Owner/Developer","https://www.icsc.com/member/profile/835900"
"Derek Hassan","Edwards Realty Co.","","","","","Illinois","Owner/Developer","https://www.icsc.com/member/profile/641909"
"Ramzi Hassan","Edwards Realty Co.","","","","","Illinois","Owner/Developer","https://www.icsc.com/member/profile/314166"
"Linda Hattar","DL3 Realty, LP","","","","","Illinois","Owner/Developer","https://www.icsc.com/member/profile/828965"
"David Heimberger","InvenTrust Properties Corp.","","","","","Illinois","Owner/Developer","https://www.icsc.com/member/profile/567291"
"Jeanne Heller","The Feil Organization","","","","","Illinois","Owner/Developer","https://www.icsc.com/member/profile/609571"
"Sam Hergott","Newcastle Investors","","","","","Illinois","Owner/Developer","https://www.icsc.com/member/profile/315826"
"Todd Hiepler","Centennial Real Estate","","","","","Illinois","Owner/Developer","https://www.icsc.com/member/profile/280355"
"Brennan Hitpas","Newcastle Investors","","","","","Illinois","Owner/Developer","https://www.icsc.com/member/profile/369762"
"Andrew Hochberg","Next Realty, LLC","","","","","Illinois","Owner/Developer","https://www.icsc.com/member/profile/105828"
"Scott Hoene","WMG Development, LLC","","","","","Illinois","Owner/Developer","https://www.icsc.com/member/profile/717502"
"Chad Holland","CR Holland, LLC","","","","","Illinois","Owner/Developer","https://www.icsc.com/member/profile/389232"
"Liz Holland","Abbell Associates","","","","","Illinois","Owner/Developer","https://www.icsc.com/member/profile/196522"
"Thomas Hornacek","GGP","","","","","Illinois","Owner/Developer","https://www.icsc.com/member/profile/114949"
"Michael Horne","Newcastle Properties","","","","","Illinois","Owner/Developer","https://www.icsc.com/member/profile/105496"
"Alyssa Houska","Cullinan Properties","","","","","Illinois","Owner/Developer","https://www.icsc.com/member/profile/674566"
"Scott Inbinder","Bonnie Management Corporation","","","","","Illinois","Owner/Developer","https://www.icsc.com/member/profile/278899"
"Heather Jablonski","InvenTrust Properties Corp.","","","","","Illinois","Owner/Developer","https://www.icsc.com/member/profile/378129"
"Lisa Jackson","InSite Real Estate, LLC","","","","","Illinois","Owner/Developer","https://www.icsc.com/member/profile/794770"
"Amelia Jacoby","Baceline Group","","","","","Illinois","Owner/Developer","https://www.icsc.com/member/profile/850953"
"Kristy Johns","Cullinan Properties","","","","","Illinois","Owner/Developer","https://www.icsc.com/member/profile/846156"
"Heather Johnson","Tri-Land Properties, Inc.","","","","","Illinois","Owner/Developer","https://www.icsc.com/member/profile/853359"
"R.J. Johnson","Tri-Land Properties, Inc.","","","","","Illinois","Owner/Developer","https://www.icsc.com/member/profile/663552"
"Matt Johnson","Brixmor Property Group","","","","","Illinois","Owner/Developer","https://www.icsc.com/member/profile/344107"
"Dawn Jones","InSite Real Estate, LLC","","","","","Illinois","Owner/Developer","https://www.icsc.com/member/profile/746022"
"Brad Joseph","D. Joseph Sons & Assoc. Real Estate Co.","","","","","Illinois","Owner/Developer","https://www.icsc.com/member/profile/301232"
"David Joss","InvenTrust Properties Corp.","","","","","Illinois","Owner/Developer","https://www.icsc.com/member/profile/243409"
"Stephanie Karpinski","Inland Real Estate Group of Companies, Inc., The","","","","","Illinois","Owner/Developer","https://www.icsc.com/member/profile/415389"
"Brett Katz","Aries Real Estate, LLC","","","","","Illinois","Owner/Developer","https://www.icsc.com/member/profile/365718"
"Adam Keldermans","Torburn Partners","","","","","Illinois","Owner/Developer","https://www.icsc.com/member/profile/789773"
"Joshua Kellerman","Vornado Realty Trust","","","","","Illinois","Owner/Developer","https://www.icsc.com/member/profile/825005"
"Geoffrey Kerth","GPK Acquisitions LLC","","","","","Illinois","Owner/Developer","https://www.icsc.com/member/profile/117984"
"Sameer Khan","Core Acquisitions, LLC","","","","","Illinois","Owner/Developer","https://www.icsc.com/member/profile/796650"
"Garo Kholamian","GK Development Inc.","","","","","Illinois","Owner/Developer","https://www.icsc.com/member/profile/113404"
"Luke Kim, CLS","GGP","","","","","Illinois","Owner/Developer","https://www.icsc.com/member/profile/522332"
"Billy King","Location Finders International, Inc.","","","","","Illinois","Owner/Developer","https://www.icsc.com/member/profile/849935"
"Julia Klairmont","Imperial Realty Company","","","","","Illinois","Owner/Developer","https://www.icsc.com/member/profile/586551"
"Alfred Klairmont","Imperial Realty Company","","","","","Illinois","Owner/Developer","https://www.icsc.com/member/profile/267387"
"Michael Kolodny","Hallmark & Johnson Property Mgmt. Ltd.","","","","","Illinois","Owner/Developer","https://www.icsc.com/member/profile/100919"
"Nicholas Koshiw","LaSalle Investment Management","","","","","Illinois","Owner/Developer","https://www.icsc.com/member/profile/574397"
"Elizabeth Kostelny","InSite Real Estate, LLC","","","","","Illinois","Owner/Developer","https://www.icsc.com/member/profile/739807"
"Tom Kostelny","InSite Real Estate, LLC","","","","","Illinois","Owner/Developer","https://www.icsc.com/member/profile/556746"
"Gerald Kostelny","InSite Real Estate, LLC","","","","","Illinois","Owner/Developer","https://www.icsc.com/member/profile/154243"
"Carolyn Kostelny","InSite Real Estate, LLC","","","","","Illinois","Owner/Developer","https://www.icsc.com/member/profile/110303"
"Mark Kostic","GGP","","","","","Illinois","Owner/Developer","https://www.icsc.com/member/profile/564957"
"Steven Kramer","United Equities Corporation","","","","","Illinois","Owner/Developer","https://www.icsc.com/member/profile/546327"
"Jennifer Kroog Rosenberg","Perform Properties","","","","","Illinois","Owner/Developer","https://www.icsc.com/member/profile/854374"
"Erik Kunz","Location Finders International, Inc.","","","","","Illinois","Owner/Developer","https://www.icsc.com/member/profile/824062"
"JR Kyes","InSite Real Estate, LLC","","","","","Illinois","Owner/Developer","https://www.icsc.com/member/profile/416119"
"Domenic Lanni","L3 Capital LLC","","","","","Illinois","Owner/Developer","https://www.icsc.com/member/profile/488069"
"Jake Lasky","Bonnie Management Corporation","","","","","Illinois","Owner/Developer","https://www.icsc.com/member/profile/605453"
"Scottie Lee","WPG","","","","","Illinois","Owner/Developer","https://www.icsc.com/member/profile/390567"
"Alex Legreid","GGP","","","","","Illinois","Owner/Developer","https://www.icsc.com/member/profile/774051"
"Kirstey Lein","Northpond Partners, LLC","","","","","Illinois","Owner/Developer","https://www.icsc.com/member/profile/785847"
"Zachary Levi","Kite Realty Group","","","","","Illinois","Owner/Developer","https://www.icsc.com/member/profile/854845"
"Jesse Levine","Verde Communities LLC","","","","","Illinois","Owner/Developer","https://www.icsc.com/member/profile/839531"
"Dori Levy","Redstone Investments","","","","","Illinois","Owner/Developer","https://www.icsc.com/member/profile/810665"
"Glenn Lindholm","The Feil Organization","","","","","Illinois","Owner/Developer","https://www.icsc.com/member/profile/828588"
"Wojtek Lisiewicz","InSite Real Estate, LLC","","","","","Illinois","Owner/Developer","https://www.icsc.com/member/profile/757270"
"Thomas Lithgow","Inland Real Estate Group of Companies, Inc., The","","","","","Illinois","Owner/Developer","https://www.icsc.com/member/profile/301175"
"Matthew Loarie","Shorewood Development Group","","","","","Illinois","Owner/Developer","https://www.icsc.com/member/profile/803159"
"Nancy Lorenz","Brixmor Property Group","","","","","Illinois","Owner/Developer","https://www.icsc.com/member/profile/834317"
"Mike Lubinski","Inland Real Estate Group of Companies, Inc., The","","","","","Illinois","Owner/Developer","https://www.icsc.com/member/profile/635778"
"Thomas Lusk","Xsite Real Estate, Inc.","","","","","Illinois","Owner/Developer","https://www.icsc.com/member/profile/695004"
"Marco Macali","Northpond Partners, LLC","","","","","Illinois","Owner/Developer","https://www.icsc.com/member/profile/813455"
"Michael Mallon, CLS, CRX, CSM","Mallon and Associates, Inc.","","","","","Illinois","Owner/Developer","https://www.icsc.com/member/profile/91140"
"Michael Marchese","The Harlem Irving Companies, Inc.","","","","","Illinois","Owner/Developer","https://www.icsc.com/member/profile/92141"
"Giovanna Marchese","The Harlem Irving Companies, Inc.","","","","","Illinois","Owner/Developer","https://www.icsc.com/member/profile/812213"
"Charles Margosian III","Highland Management Associates, Inc.","","","","","Illinois","Owner/Developer","https://www.icsc.com/member/profile/181953"
"Charles Margosian","Highland Management Associates, Inc.","","","","","Illinois","Owner/Developer","https://www.icsc.com/member/profile/122770"
"Wayne Marks","The Harlem Irving Companies, Inc.","","","","","Illinois","Owner/Developer","https://www.icsc.com/member/profile/200016"
"Kristen Martin","Newcastle Investors","","","","","Illinois","Owner/Developer","https://www.icsc.com/member/profile/477633"
"Landis Mast","GK Development Inc.","","","","","Illinois","Owner/Developer","https://www.icsc.com/member/profile/776380"
"Sherry Mast","GK Development Inc.","","","","","Illinois","Owner/Developer","https://www.icsc.com/member/profile/196059"
"Yitzi Matanky","Matanky Realty Group","","","","","Illinois","Owner/Developer","https://www.icsc.com/member/profile/824743"
"James Matanky, CDP, CLS, CMD, CRRP, CRX, CSM","Matanky Realty Group","","","","","Illinois","Owner/Developer","https://www.icsc.com/member/profile/172424"
"Theron May","Imperial Realty Company","","","","","Illinois","Owner/Developer","https://www.icsc.com/member/profile/415469"
"Laura Maziejka","Acadia Realty Trust","","","","","Illinois","Owner/Developer","https://www.icsc.com/member/profile/795908"
"Mark McEwen","Macerich","","","","","Illinois","Owner/Developer","https://www.icsc.com/member/profile/410046"
"Toni McIntosh","Vornado Realty Trust","","","","","Illinois","Owner/Developer","https://www.icsc.com/member/profile/598991"
"Blake McKay","WMG Development, LLC","","","","","Illinois","Owner/Developer","https://www.icsc.com/member/profile/857826"
"Kyle McKechnie","AneVista Group","","","","","Illinois","Owner/Developer","https://www.icsc.com/member/profile/722432"
"Chris Mergenthaler","DarwinPW Realty","","","","","Illinois","Owner/Developer","https://www.icsc.com/member/profile/806583"
"Anne Militante","The Harlem Irving Companies, Inc.","","","","","Illinois","Owner/Developer","https://www.icsc.com/member/profile/546932"
"Christopher Milkie","GGP","","","","","Illinois","Owner/Developer","https://www.icsc.com/member/profile/494874"
"Jack Moeller","Northpond Partners, LLC","","","","","Illinois","Owner/Developer","https://www.icsc.com/member/profile/858751"
"Robert Moor","Moor + South","","","","","Illinois","Owner/Developer","https://www.icsc.com/member/profile/94000"
"Rose Morgan","L3 Capital LLC","","","","","Illinois","Owner/Developer","https://www.icsc.com/member/profile/728821"
"Tanner Morrison","Kite Realty Group","","","","","Illinois","Owner/Developer","https://www.icsc.com/member/profile/818444"
"James Murray","Murray Properties, Inc.","","","","","Illinois","Owner/Developer","https://www.icsc.com/member/profile/768870"
"Michael Nachtsheim","Northpond Partners, LLC","","","","","Illinois","Owner/Developer","https://www.icsc.com/member/profile/858741"
"Grant Nagle","GGP","","","","","Illinois","Owner/Developer","https://www.icsc.com/member/profile/844058"
"Navin Nagrani","CMG Companies","","","","","Illinois","Owner/Developer","https://www.icsc.com/member/profile/854297"
"Christopher Naveja","Kite Realty Group","","","","","Illinois","Owner/Developer","https://www.icsc.com/member/profile/832982"
"Scott Nicholson","InSite Real Estate, LLC","","","","","Illinois","Owner/Developer","https://www.icsc.com/member/profile/145310"
"Kevin Nieland","InSite Real Estate, LLC","","","","","Illinois","Owner/Developer","https://www.icsc.com/member/profile/792831"
"Garrett Niemerg","WMG Development, LLC","","","","","Illinois","Owner/Developer","https://www.icsc.com/member/profile/717162"
"Brandon Nieves","Matanky Realty Group","","","","","Illinois","Owner/Developer","https://www.icsc.com/member/profile/789691"
"Joe Nolan","InSite Real Estate, LLC","","","","","Illinois","Owner/Developer","https://www.icsc.com/member/profile/771490"
"George Novogroder","Novogroder Co., Inc.","","","","","Illinois","Owner/Developer","https://www.icsc.com/member/profile/221784"
"Marc Offit","Segovia Partners","","","","","Illinois","Owner/Developer","https://www.icsc.com/member/profile/192919"
"Eric Okleshen","Cullinan Properties","","","","","Illinois","Owner/Developer","https://www.icsc.com/member/profile/782503"
"Jason Olt","BUCKSBAUM PROPERTIES","","","","","Illinois","Owner/Developer","https://www.icsc.com/member/profile/537465"
"Gregory Orput","Orput Companies","","","","","Illinois","Owner/Developer","https://www.icsc.com/member/profile/376397"
"Erin Orr","InvenTrust Properties Corp.","","","","","Illinois","Owner/Developer","https://www.icsc.com/member/profile/593953"
"Michael Oswald","@properties","","","","","Illinois","Owner/Developer","https://www.icsc.com/member/profile/562946"
"Gary Pachucki","IBT Group LLC","","","","","Illinois","Owner/Developer","https://www.icsc.com/member/profile/128927"
"Nikkirae Padilla","GGP","","","","","Illinois","Owner/Developer","https://www.icsc.com/member/profile/825025"
"Caroline Pajaczek","The Harlem Irving Companies, Inc.","","","","","Illinois","Owner/Developer","https://www.icsc.com/member/profile/652998"
"Dean Papadakis","Kite Realty Group","","","","","Illinois","Owner/Developer","https://www.icsc.com/member/profile/832773"
"Joseph Pascolla","JTS Architects","","","","","Illinois","Owner/Developer","https://www.icsc.com/member/profile/699530"
"Kalpesh Patel","Terraco, Inc.","","","","","Illinois","Owner/Developer","https://www.icsc.com/member/profile/779203"
"William Paul","Xsite Real Estate, Inc.","","","","","Illinois","Owner/Developer","https://www.icsc.com/member/profile/99176"
"Thomas Paul","Xsite Real Estate, Inc.","","","","","Illinois","Owner/Developer","https://www.icsc.com/member/profile/765707"
"Brett Paul","Xsite Real Estate, Inc.","","","","","Illinois","Owner/Developer","https://www.icsc.com/member/profile/391073"
"William Pawlowski","Transformco Properties","","","","","Illinois","Owner/Developer","https://www.icsc.com/member/profile/860759"
"Markian Pawluk","InvenTrust Properties Corp.","","","","","Illinois","Owner/Developer","https://www.icsc.com/member/profile/728668"
"Allan Perales","Goldstreet Partners","","","","","Illinois","Owner/Developer","https://www.icsc.com/member/profile/703010"
"Luke Petherbridge","Link Logistics Real Estate","","","","","Illinois","Owner/Developer","https://www.icsc.com/member/profile/533516"
"Tim Phair","L3 Capital LLC","","","","","Illinois","Owner/Developer","https://www.icsc.com/member/profile/343449"
"Mike Phillips","InvenTrust Properties Corp.","","","","","Illinois","Owner/Developer","https://www.icsc.com/member/profile/662807"
"Ronald Pollastrini","Bonnie Management Corporation","","","","","Illinois","Owner/Developer","https://www.icsc.com/member/profile/346766"
"Will Pridmore","Kite Realty Group","","","","","Illinois","Owner/Developer","https://www.icsc.com/member/profile/632135"
"Bharat Puri","First Midwest Group","","","","","Illinois","Owner/Developer","https://www.icsc.com/member/profile/182878"
"Thomas Randall, CRRP, CRX, CSM","The Harlem Irving Companies, Inc.","","","","","Illinois","Owner/Developer","https://www.icsc.com/member/profile/253506"
"Kristina Raymond","InvenTrust Properties Corp.","","","","","Illinois","Owner/Developer","https://www.icsc.com/member/profile/857876"
"Lynae Reissenweber CPM, CRX, CSM","M & J Wilkow, Ltd.","","","","","Illinois","Owner/Developer","https://www.icsc.com/member/profile/241638"
"Art Rendak","Inland Real Estate Group of Companies, Inc., The","","","","","Illinois","Owner/Developer","https://www.icsc.com/member/profile/183788"
"Lyneir Richardson","Chicago TREND","","","","","Illinois","Owner/Developer","https://www.icsc.com/member/profile/300166"
"Laura Rizzo","InvenTrust Properties Corp.","","","","","Illinois","Owner/Developer","https://www.icsc.com/member/profile/766874"
"Whitney Robinette","L3 Capital LLC","","","","","Illinois","Owner/Developer","https://www.icsc.com/member/profile/644839"
"Brian Ross","Starwood Retail Partners","","","","","Illinois","Owner/Developer","https://www.icsc.com/member/profile/363068"
"Michael Rossi","Rossi Real Estate Corp","","","","","Illinois","Owner/Developer","https://www.icsc.com/member/profile/367270"
"Carlo Rossi Jr","Rossi Real Estate Corp","","","","","Illinois","Owner/Developer","https://www.icsc.com/member/profile/305557"
"Mara Russiaky, CRRP","The Harlem Irving Companies, Inc.","","","","","Illinois","Owner/Developer","https://www.icsc.com/member/profile/436361"
"Biff Ruttenberg, CLS, CRRP, CRX, CSM","Atlas Partners LLC","","","","","Illinois","Owner/Developer","https://www.icsc.com/member/profile/92841"
"Darcy Rutzen, CRRP","M & J Wilkow, Ltd.","","","","","Illinois","Owner/Developer","https://www.icsc.com/member/profile/629396"
"Amy Sabbadini","NewQuest","","","","","Illinois","Owner/Developer","https://www.icsc.com/member/profile/805972"
"Larry Sajdak","Inland Real Estate Group of Companies, Inc., The","","","","","Illinois","Owner/Developer","https://www.icsc.com/member/profile/505769"
"Nancy Sanchez","Cullinan Properties","","","","","Illinois","Owner/Developer","https://www.icsc.com/member/profile/602669"
"Steven Sanderman","MJS Development, LLC","","","","","Illinois","Owner/Developer","https://www.icsc.com/member/profile/637519"
"Anthony Santiago","InSite Real Estate, LLC","","","","","Illinois","Owner/Developer","https://www.icsc.com/member/profile/655328"
"Nick Santucci","Avalon Realty Associates, LLC","","","","","Illinois","Owner/Developer","https://www.icsc.com/member/profile/632364"
"Joseph Santucci","Avalon Realty Associates, LLC","","","","","Illinois","Owner/Developer","https://www.icsc.com/member/profile/476572"
"John Schoditsch","Kensington Development Partners","","","","","Illinois","Owner/Developer","https://www.icsc.com/member/profile/336780"
"Aaron Schoen","Starwood Capital Group","","","","","Illinois","Owner/Developer","https://www.icsc.com/member/profile/649612"
"David Schubert","Bridge33 Capital","","","","","Illinois","Owner/Developer","https://www.icsc.com/member/profile/601185"
"Hannah Scott","Brixmor Property Group","","","","","Illinois","Owner/Developer","https://www.icsc.com/member/profile/784227"
"Ryan Segal, CRRP, CSM","Acadia Realty Trust","","","","","Illinois","Owner/Developer","https://www.icsc.com/member/profile/522658"
"Luke Sementa","Sterling Organization","","","","","Illinois","Owner/Developer","https://www.icsc.com/member/profile/452872"
"Noah Shaffer","BUCKSBAUM PROPERTIES","","","","","Illinois","Owner/Developer","https://www.icsc.com/member/profile/844284"
"armina shakiba","IBT Group LLC","","","","","Illinois","Owner/Developer","https://www.icsc.com/member/profile/861907"
"Mark Shanahan","GGP","","","","","Illinois","Owner/Developer","https://www.icsc.com/member/profile/222272"
"Andrew Shedlin Esq, CLS, CRX, CSM","The Andrew Shedlin Companies, Inc.","","","","","Illinois","Owner/Developer","https://www.icsc.com/member/profile/91355"
"Paul Sheridan","Hamilton Partners","","","","","Illinois","Owner/Developer","https://www.icsc.com/member/profile/329340"
"Timothy Shields","M & J Wilkow, Ltd.","","","","","Illinois","Owner/Developer","https://www.icsc.com/member/profile/179563"
"Evan Shtulman","GK Development Inc.","","","","","Illinois","Owner/Developer","https://www.icsc.com/member/profile/483636"
"Scott Shust","JTS Architects","","","","","Illinois","Owner/Developer","https://www.icsc.com/member/profile/668222"
"Michael Simpson","Torburn Partners","","","","","Illinois","Owner/Developer","https://www.icsc.com/member/profile/789762"
"Bernard Siwik","Pine Tree","","","","","Illinois","Owner/Developer","https://www.icsc.com/member/profile/689219"
"Gary Skoien","Horizon Group Properties, Inc.","","","","","Illinois","Owner/Developer","https://www.icsc.com/member/profile/196125"
"Peter Skontos","M & J Wilkow, Ltd.","","","","","Illinois","Owner/Developer","https://www.icsc.com/member/profile/732771"
"Phil Smith","Hendricks Commercial Properties, LLC","","","","","Illinois","Owner/Developer","https://www.icsc.com/member/profile/849093"
"Stephen Snodgrass","NetCo Investments, Inc.","","","","","Illinois","Owner/Developer","https://www.icsc.com/member/profile/574545"
"Mitchell Spencer","Pacific Retail Capital Partners","","","","","Illinois","Owner/Developer","https://www.icsc.com/member/profile/729035"
"Richard Springer","InvenTrust Properties Corp.","","","","","Illinois","Owner/Developer","https://www.icsc.com/member/profile/749400"
"Joel Staffilino","Bridge33 Capital","","","","","Illinois","Owner/Developer","https://www.icsc.com/member/profile/400971"
"Zachary Stapleton","InSite Real Estate, LLC","","","","","Illinois","Owner/Developer","https://www.icsc.com/member/profile/771492"
"Andrew Stein, CLS, CRX","S/Point Ventures","","","","","Illinois","Owner/Developer","https://www.icsc.com/member/profile/242904"
"Lori Stein","M & J Wilkow, Ltd.","","","","","Illinois","Owner/Developer","https://www.icsc.com/member/profile/196142"
"Sean Steuart","Inland Real Estate Group of Companies, Inc., The","","","","","Illinois","Owner/Developer","https://www.icsc.com/member/profile/288910"
"Michael Stratis","Intrepid Real Estate","","","","","Illinois","Owner/Developer","https://www.icsc.com/member/profile/253709"
"David Strusiner","Craig/Steven Development Corp.","","","","","Illinois","Owner/Developer","https://www.icsc.com/member/profile/189746"
"Judy Sullivan","Kerry Development Co.","","","","","Illinois","Owner/Developer","https://www.icsc.com/member/profile/488020"
"Angela Surico","Inland Real Estate Group of Companies, Inc., The","","","","","Illinois","Owner/Developer","https://www.icsc.com/member/profile/638931"
"Jim Sutphen, CDP, CRRP, CSM","Abbell Associates","","","","","Illinois","Owner/Developer","https://www.icsc.com/member/profile/123735"
"Martin Sweeney","M & J Wilkow, Ltd.","","","","","Illinois","Owner/Developer","https://www.icsc.com/member/profile/147856"
"Brian Tader","GGP","","","","","Illinois","Owner/Developer","https://www.icsc.com/member/profile/583257"
"Paul Takacs","GMX Real Estate Group, LLC","","","","","Illinois","Owner/Developer","https://www.icsc.com/member/profile/344817"
"Mike Tchang","Cullinan Properties","","","","","Illinois","Owner/Developer","https://www.icsc.com/member/profile/457065"
"Jennifer Tessendorf","Centennial Real Estate","","","","","Illinois","Owner/Developer","https://www.icsc.com/member/profile/857681"
"David Tinkham","Horizon Group Properties, Inc.","","","","","Illinois","Owner/Developer","https://www.icsc.com/member/profile/367294"
"Maria Toliopoulos JD, CRX","Cullinan Properties","","","","","Illinois","Owner/Developer","https://www.icsc.com/member/profile/335290"
"David Tomlinson","Integris Ventures","","","","","Illinois","Owner/Developer","https://www.icsc.com/member/profile/656199"
"Peter Trahanas","Bridge33 Capital","","","","","Illinois","Owner/Developer","https://www.icsc.com/member/profile/864065"
"Trevor Troyner","Location Finders International, Inc.","","","","","Illinois","Owner/Developer","https://www.icsc.com/member/profile/848316"
"Matthew Trudeau","Miller Capital Advisory, Inc.","","","","","Illinois","Owner/Developer","https://www.icsc.com/member/profile/250844"
"Mike Tsakalakis","Newcastle Investors","","","","","Illinois","Owner/Developer","https://www.icsc.com/member/profile/619219"
"Richard Tucker","Tucker Development","","","","","Illinois","Owner/Developer","https://www.icsc.com/member/profile/95799"
"Aaron Tucker","Tucker Development","","","","","Illinois","Owner/Developer","https://www.icsc.com/member/profile/593774"
"Patrick Tupa","PWT Realty Services, Inc","","","","","Illinois","Owner/Developer","https://www.icsc.com/member/profile/95965"
"Stephanie Turrin","Centennial Real Estate","","","","","Illinois","Owner/Developer","https://www.icsc.com/member/profile/831261"
"Shweta Van Beveren","Transformco Properties","","","","","Illinois","Owner/Developer","https://www.icsc.com/member/profile/718032"
"Kevin Vernick","Vernick & Associates Ltd.","","","","","Illinois","Owner/Developer","https://www.icsc.com/member/profile/251048"
"Rocell Viniard","Perform Properties","","","","","Illinois","Owner/Developer","https://www.icsc.com/member/profile/139853"
"Bob Vonderhaar","InSite Real Estate, LLC","","","","","Illinois","Owner/Developer","https://www.icsc.com/member/profile/556748"
"Dan Wagner","Inland Real Estate Group of Companies, Inc., The","","","","","Illinois","Owner/Developer","https://www.icsc.com/member/profile/505011"
"Courtney Waldon","Segovia Partners","","","","","Illinois","Owner/Developer","https://www.icsc.com/member/profile/740209"
"Leon Walker Esq","DL3 Realty, LP","","","","","Illinois","Owner/Developer","https://www.icsc.com/member/profile/593935"
"Thomas Walsh, CLS, CRX","Abbell Associates","","","","","Illinois","Owner/Developer","https://www.icsc.com/member/profile/99998"
"Daniel Wander","Terraco, Inc.","","","","","Illinois","Owner/Developer","https://www.icsc.com/member/profile/225146"
"Matthew Wary","InSite Real Estate, LLC","","","","","Illinois","Owner/Developer","https://www.icsc.com/member/profile/794513"
"Phillip Waters","Horizon Group Properties, Inc.","","","","","Illinois","Owner/Developer","https://www.icsc.com/member/profile/195576"
"Andrew Watson","Transwestern","","","","","Illinois","Owner/Developer","https://www.icsc.com/member/profile/275099"
"Sam Whitebread","Centennial Real Estate","","","","","Illinois","Owner/Developer","https://www.icsc.com/member/profile/332110"
"Catie Whorton","Perform Properties","","","","","Illinois","Owner/Developer","https://www.icsc.com/member/profile/813282"
"John Wiechart","M & J Wilkow, Ltd.","","","","","Illinois","Owner/Developer","https://www.icsc.com/member/profile/179442"
"Gregg Wilkow","M & J Wilkow, Ltd.","","","","","Illinois","Owner/Developer","https://www.icsc.com/member/profile/278137"
"Kirk Williams","Transformco Properties","","","","","Illinois","Owner/Developer","https://www.icsc.com/member/profile/381379"
"Dan Willis","WMG Development, LLC","","","","","Illinois","Owner/Developer","https://www.icsc.com/member/profile/717161"
"Maggie Wilson","InSite Real Estate, LLC","","","","","Illinois","Owner/Developer","https://www.icsc.com/member/profile/543704"
"Andrew Wilson","Miller Capital Advisory, Inc.","","","","","Illinois","Owner/Developer","https://www.icsc.com/member/profile/303518"
"Connie Wing","Equity Residential","","","","","Illinois","Owner/Developer","https://www.icsc.com/member/profile/769135"
"Greg Winner","Hamilton Partners","","","","","Illinois","Owner/Developer","https://www.icsc.com/member/profile/342800"
"Leo Wiznitzer","The Lelyn Group Inc.","","","","","Illinois","Owner/Developer","https://www.icsc.com/member/profile/97872"
"Jason Wiznitzer","The Lelyn Group Inc.","","","","","Illinois","Owner/Developer","https://www.icsc.com/member/profile/521427"
"Amy Wojtun","Miller Capital Advisory, Inc.","","","","","Illinois","Owner/Developer","https://www.icsc.com/member/profile/319151"
"Brandon Wolf","WMG Development, LLC","","","","","Illinois","Owner/Developer","https://www.icsc.com/member/profile/520842"
"Josh Woznica","Pine Tree","","","","","Illinois","Owner/Developer","https://www.icsc.com/member/profile/683334"
"Amber Wright","Perform Properties","","","","","Illinois","Owner/Developer","https://www.icsc.com/member/profile/341101"
"Scott Wrzala","InSite Real Estate, LLC","","","","","Illinois","Owner/Developer","https://www.icsc.com/member/profile/870979"
"John Yanni Pappas","InSite Real Estate, LLC","","","","","Illinois","Owner/Developer","https://www.icsc.com/member/profile/784065"
"Chigozi Yejekwe, CRRP","Centennial","","","","","Illinois","Owner/Developer","https://www.icsc.com/member/profile/655868"
"Eteri Zaslavsky","Next Realty, LLC","","","","","Illinois","Owner/Developer","https://www.icsc.com/member/profile/360028"
"Paul Ajdaharian, CLS, CRX","Simon","","","","","Indiana","Owner/Developer","https://www.icsc.com/member/profile/136221"
"Deana Applegate","JOHN LOPP CRE LLC","","","","","Indiana","Owner/Developer","https://www.icsc.com/member/profile/782465"
"Ryan Backs","Pacific Retail Capital Partners","","","","","Indiana","Owner/Developer","https://www.icsc.com/member/profile/609838"
"Christopher Bailey","Thompson Thrift Development Inc.","","","","","Indiana","Owner/Developer","https://www.icsc.com/member/profile/243550"
"Jeff Barber","Kite Realty Group","","","","","Indiana","Owner/Developer","https://www.icsc.com/member/profile/748123"
"Katie Beason","Kite Realty Group","","","","","Indiana","Owner/Developer","https://www.icsc.com/member/profile/718568"
"Blake Beaver","Kite Realty Group","","","","","Indiana","Owner/Developer","https://www.icsc.com/member/profile/340848"
"Gene Beiermann","Kite Realty Group","","","","","Indiana","Owner/Developer","https://www.icsc.com/member/profile/792081"
"Will Berens","Midland Atlantic Properties","","","","","Indiana","Owner/Developer","https://www.icsc.com/member/profile/789536"
"John Beuoy","The Broadbent Company","","","","","Indiana","Owner/Developer","https://www.icsc.com/member/profile/107600"
"Chris Block","Paragon Realty, LLC","","","","","Indiana","Owner/Developer","https://www.icsc.com/member/profile/824192"
"Richard Block","Paragon Realty, LLC","","","","","Indiana","Owner/Developer","https://www.icsc.com/member/profile/127781"
"Neal Bowman","Sturges Development Group","","","","","Indiana","Owner/Developer","https://www.icsc.com/member/profile/496115"
"Ashlee Boyd","Thompson Thrift Development Inc.","","","","","Indiana","Owner/Developer","https://www.icsc.com/member/profile/175711"
"Sam Boyle","Midland Atlantic Properties","","","","","Indiana","Owner/Developer","https://www.icsc.com/member/profile/849797"
"Patrick Boyle","Midland Atlantic Properties","","","","","Indiana","Owner/Developer","https://www.icsc.com/member/profile/339693"
"Kelly Boyle","Midland Atlantic Properties","","","","","Indiana","Owner/Developer","https://www.icsc.com/member/profile/252475"
"Aaron Boyle","Midland Atlantic Properties","","","","","Indiana","Owner/Developer","https://www.icsc.com/member/profile/195133"
"George Broadbent","The Broadbent Company","","","","","Indiana","Owner/Developer","https://www.icsc.com/member/profile/95332"
"Brian Broadbent","The Broadbent Company","","","","","Indiana","Owner/Developer","https://www.icsc.com/member/profile/316661"
"Michael Brockman","Thompson Thrift Development Inc.","","","","","Indiana","Owner/Developer","https://www.icsc.com/member/profile/870218"
"David Buell","Kite Realty Group","","","","","Indiana","Owner/Developer","https://www.icsc.com/member/profile/808597"
"Randy Burke","Kite Realty Group","","","","","Indiana","Owner/Developer","https://www.icsc.com/member/profile/856928"
"Evan Butz","Niessink Commercial Real Estate","","","","","Indiana","Owner/Developer","https://www.icsc.com/member/profile/620434"
"Karen Byrge","Central Management Services, Inc.","","","","","Indiana","Owner/Developer","https://www.icsc.com/member/profile/427067"
"Mark Cahill, CDP","Simon","","","","","Indiana","Owner/Developer","https://www.icsc.com/member/profile/121896"
"David Cheslyn","The Broadbent Company","","","","","Indiana","Owner/Developer","https://www.icsc.com/member/profile/106907"
"Mishelle Conti","Regency Properties","","","","","Indiana","Owner/Developer","https://www.icsc.com/member/profile/567624"
"Meredith Contos-Brooks","Central Management Services, Inc.","","","","","Indiana","Owner/Developer","https://www.icsc.com/member/profile/744206"
"Amanda Cox","Kite Realty Group","","","","","Indiana","Owner/Developer","https://www.icsc.com/member/profile/787312"
"Chris Daumeyer","TM Crowley & Associates Inc","","","","","Indiana","Owner/Developer","https://www.icsc.com/member/profile/388895"
"Ben Deiser","WPG","","","","","Indiana","Owner/Developer","https://www.icsc.com/member/profile/375631"
"Jamie Edmonson","Regency Properties","","","","","Indiana","Owner/Developer","https://www.icsc.com/member/profile/287986"
"Melissa Elisha","ECHO Realty","","","","","Indiana","Owner/Developer","https://www.icsc.com/member/profile/716479"
"Thomas English","Thomas English Retail Real Estate, LLC","","","","","Indiana","Owner/Developer","https://www.icsc.com/member/profile/194747"
"David Eskenazi","Sandor Development Company","","","","","Indiana","Owner/Developer","https://www.icsc.com/member/profile/132480"
"Lawrence Evinger III","Hendricks Commercial Properties, LLC","","","","","Indiana","Owner/Developer","https://www.icsc.com/member/profile/568335"
"Elaine Farhood","Tharp Realty Group","","","","","Indiana","Owner/Developer","https://www.icsc.com/member/profile/699479"
"Marissa Farmer","Keystone Realty Group","","","","","Indiana","Owner/Developer","https://www.icsc.com/member/profile/806706"
"Heath Fear","Kite Realty Group","","","","","Indiana","Owner/Developer","https://www.icsc.com/member/profile/288709"
"Timothy Fears","Thompson Thrift Development Inc.","","","","","Indiana","Owner/Developer","https://www.icsc.com/member/profile/339993"
"Bridget Friedrich","Kite Realty Group","","","","","Indiana","Owner/Developer","https://www.icsc.com/member/profile/817837"
"Nancy Frigo","CBC Real Estate Group","","","","","Indiana","Owner/Developer","https://www.icsc.com/member/profile/738168"
"Kimberly Fuhrman","Kite Realty Group","","","","","Indiana","Owner/Developer","https://www.icsc.com/member/profile/324596"
"John Fulkerson","The Hamstra Group, Inc.","","","","","Indiana","Owner/Developer","https://www.icsc.com/member/profile/118199"
"Bradley Gershman","Gershman Partners Inc","","","","","Indiana","Owner/Developer","https://www.icsc.com/member/profile/130974"
"Grant Gold","ECHO Realty","","","","","Indiana","Owner/Developer","https://www.icsc.com/member/profile/820154"
"Paul Gold","ECHO Realty","","","","","Indiana","Owner/Developer","https://www.icsc.com/member/profile/157234"
"David Halle","WPG","","","","","Indiana","Owner/Developer","https://www.icsc.com/member/profile/270182"
"Clay Hallman","Simon","","","","","Indiana","Owner/Developer","https://www.icsc.com/member/profile/344367"
"Tony Halsey","Kite Realty Group","","","","","Indiana","Owner/Developer","https://www.icsc.com/member/profile/637811"
"Kevin Hammett, CLS, CSM","Regency Properties","","","","","Indiana","Owner/Developer","https://www.icsc.com/member/profile/407556"
"Andrew Hasbrook","Sandor Development Company","","","","","Indiana","Owner/Developer","https://www.icsc.com/member/profile/214012"
"Shawn Hayden, CRRP, CSM","Macerich","","","","","Indiana","Owner/Developer","https://www.icsc.com/member/profile/149228"
"Shawn Heffern","Midland Atlantic Properties","","","","","Indiana","Owner/Developer","https://www.icsc.com/member/profile/653686"
"Morgan Highum","Midland Atlantic Properties","","","","","Indiana","Owner/Developer","https://www.icsc.com/member/profile/716187"
"Tracey Holtzman","Midland Atlantic Properties","","","","","Indiana","Owner/Developer","https://www.icsc.com/member/profile/164432"
"Michael House","Peacock Associates","","","","","Indiana","Owner/Developer","https://www.icsc.com/member/profile/128303"
"Jeffrey Hubley","Midland Atlantic Properties","","","","","Indiana","Owner/Developer","https://www.icsc.com/member/profile/95336"
"Matt Hunt","Kite Realty Group","","","","","Indiana","Owner/Developer","https://www.icsc.com/member/profile/759085"
"Patrick Inaba, CDP, CRX","Simon Property","","","","","Indiana","Owner/Developer","https://www.icsc.com/member/profile/311416"
"Kelsey Ishmael, CMD, CRRP","Kite Realty Group","","","","","Indiana","Owner/Developer","https://www.icsc.com/member/profile/588319"
"Mark Jenkins","Kite Realty Group","","","","","Indiana","Owner/Developer","https://www.icsc.com/member/profile/140657"
"Amy Jonas","WPG","","","","","Indiana","Owner/Developer","https://www.icsc.com/member/profile/523066"
"Crystal Kennard","Tharp Realty Group","","","","","Indiana","Owner/Developer","https://www.icsc.com/member/profile/544227"
"Joe Kenney","The Broadbent Company","","","","","Indiana","Owner/Developer","https://www.icsc.com/member/profile/300227"
"Stephen Kirby","Kite Realty Group","","","","","Indiana","Owner/Developer","https://www.icsc.com/member/profile/601166"
"Doug Kirby PE","Kite Realty Group","","","","","Indiana","Owner/Developer","https://www.icsc.com/member/profile/288171"
"John Kite","Kite Realty Group","","","","","Indiana","Owner/Developer","https://www.icsc.com/member/profile/125898"
"Andy Knapick","Pinnacle Properties, LLC","","","","","Indiana","Owner/Developer","https://www.icsc.com/member/profile/751622"
"Michael Larson","Simon","","","","","Indiana","Owner/Developer","https://www.icsc.com/member/profile/622341"
"Timothy Lee","Sandor Development Company","","","","","Indiana","Owner/Developer","https://www.icsc.com/member/profile/381321"
"Carrie Leibering","Sandor Development Company","","","","","Indiana","Owner/Developer","https://www.icsc.com/member/profile/734486"
"Shane Light","Kite Realty Group","","","","","Indiana","Owner/Developer","https://www.icsc.com/member/profile/855433"
"Chris Lucas Esq","Regency Properties","","","","","Indiana","Owner/Developer","https://www.icsc.com/member/profile/241870"
"Bryan McCarthy","Kite Realty Group","","","","","Indiana","Owner/Developer","https://www.icsc.com/member/profile/696903"
"Thomas McGowan","Kite Realty Group","","","","","Indiana","Owner/Developer","https://www.icsc.com/member/profile/197274"
"Ryan Menard","Thompson Thrift Development Inc.","","","","","Indiana","Owner/Developer","https://www.icsc.com/member/profile/320990"
"Myles Minton, CRRP, CRX, CSM","Bayhill Property Ventures, LLC","","","","","Indiana","Owner/Developer","https://www.icsc.com/member/profile/113765"
"Andrew Molnar","MR3 Development","","","","","Indiana","Owner/Developer","https://www.icsc.com/member/profile/521269"
"Joe Monaghan","Thompson Thrift Development Inc.","","","","","Indiana","Owner/Developer","https://www.icsc.com/member/profile/744796"
"Paul Nicholson","Central Management Services, Inc.","","","","","Indiana","Owner/Developer","https://www.icsc.com/member/profile/97881"
"Tom Niessink","Niessink Commercial Real Estate","","","","","Indiana","Owner/Developer","https://www.icsc.com/member/profile/345032"
"Connie Niessink","Niessink Commercial Real Estate","","","","","Indiana","Owner/Developer","https://www.icsc.com/member/profile/118513"
"Theresa Nihiser","The Broadbent Company","","","","","Indiana","Owner/Developer","https://www.icsc.com/member/profile/250175"
"Ersal Ozdemir","Keystone Realty Group","","","","","Indiana","Owner/Developer","https://www.icsc.com/member/profile/427555"
"Lisa Parsons","Regency Properties","","","","","Indiana","Owner/Developer","https://www.icsc.com/member/profile/811608"
"Lindsey Pfisterer","Kite Realty Group","","","","","Indiana","Owner/Developer","https://www.icsc.com/member/profile/807212"
"Gregg Poetz","Kite Realty Group","","","","","Indiana","Owner/Developer","https://www.icsc.com/member/profile/128483"
"Rick Radabaugh","Kite Realty Group","","","","","Indiana","Owner/Developer","https://www.icsc.com/member/profile/857629"
"Karli Ricketts","Niessink Commercial Real Estate","","","","","Indiana","Owner/Developer","https://www.icsc.com/member/profile/802846"
"Jake Riedford","Regency Properties","","","","","Indiana","Owner/Developer","https://www.icsc.com/member/profile/824188"
"Jeffrey Roberts","Sandor Development Company","","","","","Indiana","Owner/Developer","https://www.icsc.com/member/profile/279550"
"Sarah Runnals","The Broadbent Company","","","","","Indiana","Owner/Developer","https://www.icsc.com/member/profile/802837"
"Gianna Scappucci","KennMar","","","","","Indiana","Owner/Developer","https://www.icsc.com/member/profile/831471"
"William Schrage","Schrage Development Co","","","","","Indiana","Owner/Developer","https://www.icsc.com/member/profile/95338"
"Dan Seabaugh","Tanger","","","","","Indiana","Owner/Developer","https://www.icsc.com/member/profile/637727"
"Thomas Siffermann","Sandor Development Company","","","","","Indiana","Owner/Developer","https://www.icsc.com/member/profile/595920"
"Herbert Simon","Simon","","","","","Indiana","Owner/Developer","https://www.icsc.com/member/profile/95254"
"Douglas Singleton","Singleton Companies","","","","","Indiana","Owner/Developer","https://www.icsc.com/member/profile/605609"
"Kelly Skeens","Midland Atlantic Properties","","","","","Indiana","Owner/Developer","https://www.icsc.com/member/profile/349689"
"Richard Sokolov","Simon","","","","","Indiana","Owner/Developer","https://www.icsc.com/member/profile/90996"
"Robert Stewart","Simon","","","","","Indiana","Owner/Developer","https://www.icsc.com/member/profile/274490"
"James Stocks","Kite Realty Group","","","","","Indiana","Owner/Developer","https://www.icsc.com/member/profile/858975"
"Robert Sutton","Equity Investment Group","","","","","Indiana","Owner/Developer","https://www.icsc.com/member/profile/156091"
"Jennifer Tabor","Regency Properties","","","","","Indiana","Owner/Developer","https://www.icsc.com/member/profile/692008"
"Barbara Taeger","The Broadbent Company","","","","","Indiana","Owner/Developer","https://www.icsc.com/member/profile/870971"
"Sara Terrell","The Broadbent Company","","","","","Indiana","Owner/Developer","https://www.icsc.com/member/profile/730390"
"Matthew Van Dyke PMP","Kite Realty Group","","","","","Indiana","Owner/Developer","https://www.icsc.com/member/profile/791586"
"Ryan Vande Bosche","Kite Realty Group","","","","","Indiana","Owner/Developer","https://www.icsc.com/member/profile/636149"
"Laine Walker","ECHO Realty","","","","","Indiana","Owner/Developer","https://www.icsc.com/member/profile/321099"
"Shane Wall","Regency Properties","","","","","Indiana","Owner/Developer","https://www.icsc.com/member/profile/742522"
"Alex Wendt","Midland Atlantic Properties","","","","","Indiana","Owner/Developer","https://www.icsc.com/member/profile/780233"
"Jessica Wildeman","Regency Properties","","","","","Indiana","Owner/Developer","https://www.icsc.com/member/profile/669885"
"William Wilson","Paragon Realty, LLC","","","","","Indiana","Owner/Developer","https://www.icsc.com/member/profile/824195"
"Matthew Worthley","Thomas English Retail Real Estate, LLC","","","","","Indiana","Owner/Developer","https://www.icsc.com/member/profile/592010"
"Michael Billings","Denny Elwell Company","","","","","Iowa","Owner/Developer","https://www.icsc.com/member/profile/512636"
"Jeanne Butz","Macerich","","","","","Iowa","Owner/Developer","https://www.icsc.com/member/profile/230916"
"Mike Cunningham","Buyers Realty, Inc.","","","","","Iowa","Owner/Developer","https://www.icsc.com/member/profile/298106"
"Jeff Daniels","Buyers Realty, Inc.","","","","","Iowa","Owner/Developer","https://www.icsc.com/member/profile/152319"
"Joel Deutsch","Buyers Realty, Inc.","","","","","Iowa","Owner/Developer","https://www.icsc.com/member/profile/103748"
"Lola Galloni","Buyers Realty, Inc.","","","","","Iowa","Owner/Developer","https://www.icsc.com/member/profile/793070"
"Mason Geer","Buyers Realty, Inc.","","","","","Iowa","Owner/Developer","https://www.icsc.com/member/profile/792739"
"Jared Hassman","Abbell Associates","","","","","Iowa","Owner/Developer","https://www.icsc.com/member/profile/425616"
"Carson Hughes","Denny Elwell Company","","","","","Iowa","Owner/Developer","https://www.icsc.com/member/profile/596343"
"Kristin Hurd","Hurd Real Estate Services, Inc","","","","","Iowa","Owner/Developer","https://www.icsc.com/member/profile/734558"
"Daniel Hurd","Hurd Real Estate Services, Inc","","","","","Iowa","Owner/Developer","https://www.icsc.com/member/profile/558363"
"Richard Hurd","Hurd Real Estate Services, Inc","","","","","Iowa","Owner/Developer","https://www.icsc.com/member/profile/432338"
"Richie Hurd","Hurd Real Estate Services, Inc","","","","","Iowa","Owner/Developer","https://www.icsc.com/member/profile/360018"
"Jerry Jones, CSM","Macerich","","","","","Iowa","Owner/Developer","https://www.icsc.com/member/profile/231231"
"Wendy McKinney","Buyers Realty, Inc.","","","","","Iowa","Owner/Developer","https://www.icsc.com/member/profile/265496"
"Brad Merritt","Buyers Realty, Inc.","","","","","Iowa","Owner/Developer","https://www.icsc.com/member/profile/776480"
"Chris Murray","Denny Elwell Company","","","","","Iowa","Owner/Developer","https://www.icsc.com/member/profile/279292"
"Mitch Phillips","Ferguson Commercial Real Estate Services, L.C.","","","","","Iowa","Owner/Developer","https://www.icsc.com/member/profile/665886"
"Nick Pierson","Pierson Companies","","","","","Iowa","Owner/Developer","https://www.icsc.com/member/profile/700635"
"Michael Pierson","Pierson Companies","","","","","Iowa","Owner/Developer","https://www.icsc.com/member/profile/496450"
"Deanna Printy","Macerich","","","","","Iowa","Owner/Developer","https://www.icsc.com/member/profile/599737"
"Aaron Ruben","Krause Group Inc","","","","","Iowa","Owner/Developer","https://www.icsc.com/member/profile/312168"
"Deanna Trumbull","Trumbull Consulting, Inc.","","","","","Iowa","Owner/Developer","https://www.icsc.com/member/profile/308123"
"David Wilson CCIM","Ryan Companies US, Inc.","","","","","Iowa","Owner/Developer","https://www.icsc.com/member/profile/250178"
"David Wolf","Buyers Realty, Inc.","","","","","Iowa","Owner/Developer","https://www.icsc.com/member/profile/672240"
"Abe Wolf","Buyers Realty, Inc.","","","","","Iowa","Owner/Developer","https://www.icsc.com/member/profile/103750"
"Jeff Ablah","Ruffin Company / Ablah Enterprises","","","","","Kansas","Owner/Developer","https://www.icsc.com/member/profile/815811"
"Christian Ablah","Classic Real Estate, Inc.","","","","","Kansas","Owner/Developer","https://www.icsc.com/member/profile/327859"
"Mark Arensberg","Peak Real Estate & Development, LLC","","","","","Kansas","Owner/Developer","https://www.icsc.com/member/profile/441132"
"Sarah Armendariz","EPR Properties","","","","","Kansas","Owner/Developer","https://www.icsc.com/member/profile/864093"
"Michael Berenbom","LANE4 Property Group, Inc.","","","","","Kansas","Owner/Developer","https://www.icsc.com/member/profile/338485"
"Michael Boyd","Walter Morris Investment Company","","","","","Kansas","Owner/Developer","https://www.icsc.com/member/profile/153071"
"Thomas Boyd","Walter Morris Investment Company","","","","","Kansas","Owner/Developer","https://www.icsc.com/member/profile/145856"
"Philip Bundy","American Realty & Development LLC","","","","","Kansas","Owner/Developer","https://www.icsc.com/member/profile/389576"
"Taran Canady","Merrill Companies, LLC","","","","","Kansas","Owner/Developer","https://www.icsc.com/member/profile/801013"
"brian Clothier","American Realty & Development LLC","","","","","Kansas","Owner/Developer","https://www.icsc.com/member/profile/849414"
"Brad Cottam","Knox Capital","","","","","Kansas","Owner/Developer","https://www.icsc.com/member/profile/706747"
"Sunny Dharod","First Washington Realty","","","","","Kansas","Owner/Developer","https://www.icsc.com/member/profile/870341"
"Jared Frost","Point Commercial","","","","","Kansas","Owner/Developer","https://www.icsc.com/member/profile/194645"
"Mike Geenen","EPR Properties","","","","","Kansas","Owner/Developer","https://www.icsc.com/member/profile/855896"
"Steve Graham","Stellar Development, LLC","","","","","Kansas","Owner/Developer","https://www.icsc.com/member/profile/596715"
"Charlie King","Occidental Management, Inc.","","","","","Kansas","Owner/Developer","https://www.icsc.com/member/profile/690723"
"Hunter LaMunyon","Lange Real Estate","","","","","Kansas","Owner/Developer","https://www.icsc.com/member/profile/799924"
"Dennis Lutgen","Midway Development, LLC","","","","","Kansas","Owner/Developer","https://www.icsc.com/member/profile/788248"
"Kobi Mashnouk","Kessinger Hunter","","","","","Kansas","Owner/Developer","https://www.icsc.com/member/profile/849909"
"Amy McClaughry","Batis Development Company","","","","","Kansas","Owner/Developer","https://www.icsc.com/member/profile/271882"
"Matt McNary","Batis Development Company","","","","","Kansas","Owner/Developer","https://www.icsc.com/member/profile/846809"
"Fred Merrill","Merrill Companies, LLC","","","","","Kansas","Owner/Developer","https://www.icsc.com/member/profile/327572"
"Candy Merrill","Merrill Companies, LLC","","","","","Kansas","Owner/Developer","https://www.icsc.com/member/profile/300801"
"Fred Merrill Jr","Merrill Companies, LLC","","","","","Kansas","Owner/Developer","https://www.icsc.com/member/profile/284145"
"Scott Miller","Drake Development, LLC","","","","","Kansas","Owner/Developer","https://www.icsc.com/member/profile/433624"
"Courtney Oddo","Oddo Development Company, Inc","","","","","Kansas","Owner/Developer","https://www.icsc.com/member/profile/782086"
"Tyler Oliver","Colby Capital LLC","","","","","Kansas","Owner/Developer","https://www.icsc.com/member/profile/130126"
"Cynthia Pimienta","DCM Limited, LLC","","","","","Kansas","Owner/Developer","https://www.icsc.com/member/profile/773043"
"M. Braden Robb","The Robb Company","","","","","Kansas","Owner/Developer","https://www.icsc.com/member/profile/101793"
"Chad Stafford","Occidental Management, Inc.","","","","","Kansas","Owner/Developer","https://www.icsc.com/member/profile/507840"
"Adam Walz","Pace Properties Inc.","","","","","Kansas","Owner/Developer","https://www.icsc.com/member/profile/663853"
"Matthew Werner AIA","Batis Development Company","","","","","Kansas","Owner/Developer","https://www.icsc.com/member/profile/419930"
"Mark Wittenburg","Batis Development Company","","","","","Kansas","Owner/Developer","https://www.icsc.com/member/profile/280673"
"Don Zimmer","Kanza Properties Inc.","","","","","Kansas","Owner/Developer","https://www.icsc.com/member/profile/158918"
"Quinn Andrews","Kaden Companies","","","","","Kentucky","Owner/Developer","https://www.icsc.com/member/profile/764773"
"Bryan Blade","Anchor Properties Inc.","","","","","Kentucky","Owner/Developer","https://www.icsc.com/member/profile/257384"
"Alexander Blieden","Kaden Companies","","","","","Kentucky","Owner/Developer","https://www.icsc.com/member/profile/556264"
"Mark Blieden","Kaden Companies","","","","","Kentucky","Owner/Developer","https://www.icsc.com/member/profile/113072"
"Eric Brewer CCIM","Brewer Development Company, LLC","","","","","Kentucky","Owner/Developer","https://www.icsc.com/member/profile/284162"
"Jacob Cassady","May Commercial Group","","","","","Kentucky","Owner/Developer","https://www.icsc.com/member/profile/444781"
"Gregory Clough","Phillips Edison & Company","","","","","Kentucky","Owner/Developer","https://www.icsc.com/member/profile/106883"
"Kevin Cogan","Jefferson Development Group","","","","","Kentucky","Owner/Developer","https://www.icsc.com/member/profile/338639"
"Robert Cole","Coleman Group, LLC","","","","","Kentucky","Owner/Developer","https://www.icsc.com/member/profile/218053"
"Raphael Collazo","Grisanti Group Commercial Real Estate","","","","","Kentucky","Owner/Developer","https://www.icsc.com/member/profile/800032"
"Lee Cowden","BC Wood Properties","","","","","Kentucky","Owner/Developer","https://www.icsc.com/member/profile/635867"
"Scott Davidson","Langley Properties Company","","","","","Kentucky","Owner/Developer","https://www.icsc.com/member/profile/554898"
"Mark Delcotto","BC Wood Properties","","","","","Kentucky","Owner/Developer","https://www.icsc.com/member/profile/532743"
"Tommy Edwards","Hagan Properties, Inc.","","","","","Kentucky","Owner/Developer","https://www.icsc.com/member/profile/374918"
"Nick Grisanti","Grisanti Group Commercial Real Estate","","","","","Kentucky","Owner/Developer","https://www.icsc.com/member/profile/808460"
"Branden Gross","Brewer Development Company, LLC","","","","","Kentucky","Owner/Developer","https://www.icsc.com/member/profile/662460"
"Matthew Hayden","Gulfstream Commercial Services, LLC","","","","","Kentucky","Owner/Developer","https://www.icsc.com/member/profile/321806"
"Amanda Hill","Ershig Properties Inc.","","","","","Kentucky","Owner/Developer","https://www.icsc.com/member/profile/847988"
"Woodford Hoagland","Hoagland Commercial Realtors","","","","","Kentucky","Owner/Developer","https://www.icsc.com/member/profile/630781"
"Brooks Hower","Hoagland Commercial Realtors","","","","","Kentucky","Owner/Developer","https://www.icsc.com/member/profile/716237"
"Cory Ikerd","Ikerd Properties & Development","","","","","Kentucky","Owner/Developer","https://www.icsc.com/member/profile/712464"
"Fahr Juneja","Gulfstream Commercial Services, LLC","","","","","Kentucky","Owner/Developer","https://www.icsc.com/member/profile/439791"
"Ben Keefe","Telos Commercial Real Estate","","","","","Kentucky","Owner/Developer","https://www.icsc.com/member/profile/784796"
"Jason Kron","Kensington Vanguard","","","","","Kentucky","Owner/Developer","https://www.icsc.com/member/profile/821032"
"Patrick Madden Esq","Hamburg Place","","","","","Kentucky","Owner/Developer","https://www.icsc.com/member/profile/238783"
"Trevor Marshall","BC Wood Properties","","","","","Kentucky","Owner/Developer","https://www.icsc.com/member/profile/736009"
"Rory McMahan","McMahan Group, LLC","","","","","Kentucky","Owner/Developer","https://www.icsc.com/member/profile/716290"
"Kelly Mullins","Viking Partners","","","","","Kentucky","Owner/Developer","https://www.icsc.com/member/profile/381006"
"Houston Natcher","Gulfstream Commercial Services, LLC","","","","","Kentucky","Owner/Developer","https://www.icsc.com/member/profile/788931"
"King Offutt","BC Wood Properties","","","","","Kentucky","Owner/Developer","https://www.icsc.com/member/profile/314107"
"Gregory Oxford","Ershig Properties Inc.","","","","","Kentucky","Owner/Developer","https://www.icsc.com/member/profile/120970"
"Hunter Porter","BC Wood Properties","","","","","Kentucky","Owner/Developer","https://www.icsc.com/member/profile/678886"
"Philip Purdom, CLS","Gulfstream Commercial Services, LLC","","","","","Kentucky","Owner/Developer","https://www.icsc.com/member/profile/104733"
"Christian Rahe","Telos Commercial Real Estate","","","","","Kentucky","Owner/Developer","https://www.icsc.com/member/profile/780378"
"Mason Richardson","Gulfstream Commercial Services, LLC","","","","","Kentucky","Owner/Developer","https://www.icsc.com/member/profile/830976"
"Brad Root","Telos Commercial Real Estate","","","","","Kentucky","Owner/Developer","https://www.icsc.com/member/profile/850431"
"Heather Small","BC Wood Properties","","","","","Kentucky","Owner/Developer","https://www.icsc.com/member/profile/784232"
"Cole Sturgeon","Gulfstream Commercial Services, LLC","","","","","Kentucky","Owner/Developer","https://www.icsc.com/member/profile/816343"
"Zachary Swanson","Hoagland Commercial Realtors","","","","","Kentucky","Owner/Developer","https://www.icsc.com/member/profile/808097"
"Matthew Valenti","Cameron Group LLC","","","","","Kentucky","Owner/Developer","https://www.icsc.com/member/profile/210553"
"Jenna Vance","BC Wood Properties","","","","","Kentucky","Owner/Developer","https://www.icsc.com/member/profile/792239"
"Ronnie Warrix","R & J Development Company, LLC","","","","","Kentucky","Owner/Developer","https://www.icsc.com/member/profile/761641"
"Destiny Wenning Esq","BC Wood Properties","","","","","Kentucky","Owner/Developer","https://www.icsc.com/member/profile/471042"
"Mike Wiles","Brewer Development Company, LLC","","","","","Kentucky","Owner/Developer","https://www.icsc.com/member/profile/241408"
"James Wittman CCIM, CLS, CRRP, CRX","Ershig Properties Inc.","","","","","Kentucky","Owner/Developer","https://www.icsc.com/member/profile/243354"
"Brian Wood","BC Wood Properties","","","","","Kentucky","Owner/Developer","https://www.icsc.com/member/profile/184460"
"Gabrielle Adams","Stirling","","","","","Louisiana","Owner/Developer","https://www.icsc.com/member/profile/816903"
"Claire Barker","Stirling","","","","","Louisiana","Owner/Developer","https://www.icsc.com/member/profile/755215"
"Beau Barkerding","Roark Partners","","","","","Louisiana","Owner/Developer","https://www.icsc.com/member/profile/467283"
"Ryan Bodin","Ryer Investors LLC","","","","","Louisiana","Owner/Developer","https://www.icsc.com/member/profile/778444"
"Ben Bolz","PMAT Real Estate Investments","","","","","Louisiana","Owner/Developer","https://www.icsc.com/member/profile/596572"
"Laurel Brightwell","U.L. Coleman Properties Ltd.","","","","","Louisiana","Owner/Developer","https://www.icsc.com/member/profile/387077"
"Thomas Bryan IV","Stirling","","","","","Louisiana","Owner/Developer","https://www.icsc.com/member/profile/557378"
"Michael Bucher","SVN/Urban Properties","","","","","Louisiana","Owner/Developer","https://www.icsc.com/member/profile/566784"
"Marcus Buring","Sizeler Realty Co., Inc.","","","","","Louisiana","Owner/Developer","https://www.icsc.com/member/profile/498470"
"Valda Butler, CRRP","Stirling","","","","","Louisiana","Owner/Developer","https://www.icsc.com/member/profile/755196"
"Alvin Childs CCIM","Vintage Realty Company","","","","","Louisiana","Owner/Developer","https://www.icsc.com/member/profile/184351"
"Seth Citron","Stirling","","","","","Louisiana","Owner/Developer","https://www.icsc.com/member/profile/431734"
"Kimberley Clayton","Lauricella Land Company","","","","","Louisiana","Owner/Developer","https://www.icsc.com/member/profile/245646"
"Hayden Davis","SVN/Urban Properties","","","","","Louisiana","Owner/Developer","https://www.icsc.com/member/profile/844890"
"Matthew Davis","Sizeler Realty Co., Inc.","","","","","Louisiana","Owner/Developer","https://www.icsc.com/member/profile/529685"
"Matthew Demeyers","Magazine Street Interests","","","","","Louisiana","Owner/Developer","https://www.icsc.com/member/profile/383364"
"rich dupree","D'Argent Companies","","","","","Louisiana","Owner/Developer","https://www.icsc.com/member/profile/853074"
"Austin Earhart","Stirling","","","","","Louisiana","Owner/Developer","https://www.icsc.com/member/profile/309070"
"Van Eversall","Ritchie Real Estate, LLC","","","","","Louisiana","Owner/Developer","https://www.icsc.com/member/profile/856120"
"Karson Eversull","Ritchie Real Estate, LLC","","","","","Louisiana","Owner/Developer","https://www.icsc.com/member/profile/856126"
"George Gardner IV","Stirling","","","","","Louisiana","Owner/Developer","https://www.icsc.com/member/profile/536056"
"Carla Gendusa","Lauricella Land Company","","","","","Louisiana","Owner/Developer","https://www.icsc.com/member/profile/744939"
"Justin Giallonardo CCIM","D'Argent Companies","","","","","Louisiana","Owner/Developer","https://www.icsc.com/member/profile/371732"
"John Gordon","Stirling","","","","","Louisiana","Owner/Developer","https://www.icsc.com/member/profile/410438"
"Erin Graham","The Feil Organization","","","","","Louisiana","Owner/Developer","https://www.icsc.com/member/profile/734239"
"Kurt Hamlen","Lauricella Land Company","","","","","Louisiana","Owner/Developer","https://www.icsc.com/member/profile/245645"
"Karen Hannigan CCIM","Stirling","","","","","Louisiana","Owner/Developer","https://www.icsc.com/member/profile/296204"
"Sam Hurley","SVN/Urban Properties","","","","","Louisiana","Owner/Developer","https://www.icsc.com/member/profile/797954"
"Robert Israel","L+A Retail, LLC","","","","","Louisiana","Owner/Developer","https://www.icsc.com/member/profile/103410"
"Chris Jacob","L+A Retail, LLC","","","","","Louisiana","Owner/Developer","https://www.icsc.com/member/profile/505228"
"Connor Johnston","Stirling","","","","","Louisiana","Owner/Developer","https://www.icsc.com/member/profile/797508"
"Justin Jones","Lamar Advertising","","","","","Louisiana","Owner/Developer","https://www.icsc.com/member/profile/827613"
"Ryan Juneau, CRX","Stirling","","","","","Louisiana","Owner/Developer","https://www.icsc.com/member/profile/575322"
"Ian Krentel","Stirling","","","","","Louisiana","Owner/Developer","https://www.icsc.com/member/profile/733765"
"Kevin Kush","PMAT Real Estate Investments","","","","","Louisiana","Owner/Developer","https://www.icsc.com/member/profile/412182"
"Brian Lade","The Feil Organization","","","","","Louisiana","Owner/Developer","https://www.icsc.com/member/profile/97188"
"Emory Lafaye","L+A Retail, LLC","","","","","Louisiana","Owner/Developer","https://www.icsc.com/member/profile/732605"
"Justin Landry","Stirling","","","","","Louisiana","Owner/Developer","https://www.icsc.com/member/profile/489284"
"Beezie Landry","Stirling","","","","","Louisiana","Owner/Developer","https://www.icsc.com/member/profile/259490"
"Justin Langlois","Stirling","","","","","Louisiana","Owner/Developer","https://www.icsc.com/member/profile/665597"
"Jared Lauderdale","Stirling","","","","","Louisiana","Owner/Developer","https://www.icsc.com/member/profile/671006"
"Louis Lauricella","Lauricella Land Company","","","","","Louisiana","Owner/Developer","https://www.icsc.com/member/profile/104058"
"Bryan LeBlanc, CSM","Trademark Property Company","","","","","Louisiana","Owner/Developer","https://www.icsc.com/member/profile/211906"
"T. Griffin Lennox","The Lennox/Massell Companies","","","","","Louisiana","Owner/Developer","https://www.icsc.com/member/profile/641862"
"Patrick Malik","Stirling","","","","","Louisiana","Owner/Developer","https://www.icsc.com/member/profile/178354"
"Lisa Marse Manzella","The Feil Organization","","","","","Louisiana","Owner/Developer","https://www.icsc.com/member/profile/123490"
"Carolyn Martin","Commercial Properties Realty Trust LLC","","","","","Louisiana","Owner/Developer","https://www.icsc.com/member/profile/134839"
"James Maurin, CRX, CSM","Stirling","","","","","Louisiana","Owner/Developer","https://www.icsc.com/member/profile/93567"
"Martin Mayer","Stirling","","","","","Louisiana","Owner/Developer","https://www.icsc.com/member/profile/99583"
"Amber Mayeur","Richards Clearview, LLC","","","","","Louisiana","Owner/Developer","https://www.icsc.com/member/profile/788236"
"Kaelan McArthur","The Feil Organization","","","","","Louisiana","Owner/Developer","https://www.icsc.com/member/profile/794329"
"Steve Mehojevich","Evergreen Development","","","","","Louisiana","Owner/Developer","https://www.icsc.com/member/profile/319567"
"Levere Montgomery III","Parkway LLC","","","","","Louisiana","Owner/Developer","https://www.icsc.com/member/profile/203698"
"David Moses","Ritchie Real Estate, LLC","","","","","Louisiana","Owner/Developer","https://www.icsc.com/member/profile/420109"
"John Moss Jr","L+A Retail, LLC","","","","","Louisiana","Owner/Developer","https://www.icsc.com/member/profile/348552"
"Roger Ogden","Stirling","","","","","Louisiana","Owner/Developer","https://www.icsc.com/member/profile/93566"
"Tricia Phillpott","The Feil Organization","","","","","Louisiana","Owner/Developer","https://www.icsc.com/member/profile/311429"
"Jack Piermarini","PMAT Real Estate Investments","","","","","Louisiana","Owner/Developer","https://www.icsc.com/member/profile/758014"
"William Place","Lauricella Land Company","","","","","Louisiana","Owner/Developer","https://www.icsc.com/member/profile/321351"
"Carly Plotkin","Stirling","","","","","Louisiana","Owner/Developer","https://www.icsc.com/member/profile/643240"
"Marli Quesinberry","Stirling","","","","","Louisiana","Owner/Developer","https://www.icsc.com/member/profile/800084"
"Matt Ritchie CCIM","Ritchie Real Estate, LLC","","","","","Louisiana","Owner/Developer","https://www.icsc.com/member/profile/832174"
"Michael Saucier","Gulf States Real Estate Services, LLC","","","","","Louisiana","Owner/Developer","https://www.icsc.com/member/profile/194934"
"Eugene Schmitt","SVN/Urban Properties","","","","","Louisiana","Owner/Developer","https://www.icsc.com/member/profile/312538"
"Rhonda Sharkawy","Stirling","","","","","Louisiana","Owner/Developer","https://www.icsc.com/member/profile/211257"
"Henry Shortess","SVN/Urban Properties","","","","","Louisiana","Owner/Developer","https://www.icsc.com/member/profile/787326"
"Donna Smith CCIM, CRRP, CRX","Stirling","","","","","Louisiana","Owner/Developer","https://www.icsc.com/member/profile/121668"
"Katina Spera","The Feil Organization","","","","","Louisiana","Owner/Developer","https://www.icsc.com/member/profile/596688"
"Tracey Tarleton","Sizeler Realty Co., Inc.","","","","","Louisiana","Owner/Developer","https://www.icsc.com/member/profile/177773"
"Tim Thompson","SVN/Urban Properties","","","","","Louisiana","Owner/Developer","https://www.icsc.com/member/profile/593585"
"Townsend Underhill, CRX","Stirling","","","","","Louisiana","Owner/Developer","https://www.icsc.com/member/profile/431096"
"Tommy Vervaeke","OnPoint Development","","","","","Louisiana","Owner/Developer","https://www.icsc.com/member/profile/246073"
"Doris Volentine","Creekstone Companies, Inc.","","","","","Louisiana","Owner/Developer","https://www.icsc.com/member/profile/146124"
"Kate whalen","SVN/Urban Properties","","","","","Louisiana","Owner/Developer","https://www.icsc.com/member/profile/787590"
"Colette Wharton, CDP, CRX","The Feil Organization","","","","","Louisiana","Owner/Developer","https://www.icsc.com/member/profile/144770"
"Thomas Whelan","PMAT Real Estate Investments","","","","","Louisiana","Owner/Developer","https://www.icsc.com/member/profile/807490"
"Matt Whelan","PMAT Real Estate Investments","","","","","Louisiana","Owner/Developer","https://www.icsc.com/member/profile/668194"
"Bob Whelan","PMAT Real Estate Investments","","","","","Louisiana","Owner/Developer","https://www.icsc.com/member/profile/390361"
"Steven Williams","Security National Properties","","","","","Louisiana","Owner/Developer","https://www.icsc.com/member/profile/384346"
"Jacqueline Williams","Lauricella Land Company","","","","","Louisiana","Owner/Developer","https://www.icsc.com/member/profile/276986"
"John Woodard","Stirling","","","","","Louisiana","Owner/Developer","https://www.icsc.com/member/profile/762297"
"Mike Carmody","Cousins Maine Lobster","","","","","Maine","Owner/Developer","https://www.icsc.com/member/profile/810204"
"Daniel Catlin","Commercial Properties, Inc.","","","","","Maine","Owner/Developer","https://www.icsc.com/member/profile/208869"
"Eric Griffin","DLC","","","","","Maine","Owner/Developer","https://www.icsc.com/member/profile/850387"
"Andrew Rosenthal, CSM","Maine Crossroads LLC","","","","","Maine","Owner/Developer","https://www.icsc.com/member/profile/119063"
"King Weinstein","King Real Estate","","","","","Maine","Owner/Developer","https://www.icsc.com/member/profile/270192"
"Noah Adler","David S Brown Enterprises","","","","","Maryland","Owner/Developer","https://www.icsc.com/member/profile/792727"
"Yoni Adler","MLS Properties","","","","","Maryland","Owner/Developer","https://www.icsc.com/member/profile/372242"
"Marni Ahram","Commercial Centers Management","","","","","Maryland","Owner/Developer","https://www.icsc.com/member/profile/835191"
"Aya Albahnasi","First Washington Realty","","","","","Maryland","Owner/Developer","https://www.icsc.com/member/profile/804446"
"Evan Albert","MFI Realty LLC","","","","","Maryland","Owner/Developer","https://www.icsc.com/member/profile/629420"
"Michael Albo","MFI Realty LLC","","","","","Maryland","Owner/Developer","https://www.icsc.com/member/profile/378601"
"Lisa Allen","Banneker Ventures","","","","","Maryland","Owner/Developer","https://www.icsc.com/member/profile/804470"
"Matthew Allen PE","Klein Enterprises","","","","","Maryland","Owner/Developer","https://www.icsc.com/member/profile/379531"
"Eric Allen, CDP","Greenberg Gibbons Commercial","","","","","Maryland","Owner/Developer","https://www.icsc.com/member/profile/371892"
"Kevin Allen","Kimco Realty Corporation","","","","","Maryland","Owner/Developer","https://www.icsc.com/member/profile/143185"
"Nathan Allentoff","Klein Enterprises","","","","","Maryland","Owner/Developer","https://www.icsc.com/member/profile/791996"
"Justin Anderson","Bowman Development Corporation","","","","","Maryland","Owner/Developer","https://www.icsc.com/member/profile/730878"
"Louie Andrakakos","Carl M. Freeman Companies - Commercial Real Estate","","","","","Maryland","Owner/Developer","https://www.icsc.com/member/profile/209257"
"Gustavo Arango","Greenberg Gibbons Commercial","","","","","Maryland","Owner/Developer","https://www.icsc.com/member/profile/273922"
"Gordon Ashby","Kimco Realty Corporation","","","","","Maryland","Owner/Developer","https://www.icsc.com/member/profile/207421"
"Jeffrey Attman","A & G Management Company, Inc.","","","","","Maryland","Owner/Developer","https://www.icsc.com/member/profile/380050"
"Molly Badger","Finmarc Management Inc.","","","","","Maryland","Owner/Developer","https://www.icsc.com/member/profile/790809"
"Rueben Bajaj","White Star Investments","","","","","Maryland","Owner/Developer","https://www.icsc.com/member/profile/279482"
"Gina Baker Chambers","MCB Real Estate, LLC","","","","","Maryland","Owner/Developer","https://www.icsc.com/member/profile/820163"
"Sarah Baum","MFI Realty LLC","","","","","Maryland","Owner/Developer","https://www.icsc.com/member/profile/742509"
"Rebecca Baumgartner","Regency Centers","","","","","Maryland","Owner/Developer","https://www.icsc.com/member/profile/560872"
"PJ Bautista","JBG SMITH","","","","","Maryland","Owner/Developer","https://www.icsc.com/member/profile/683305"
"Christopher Bell","Hekemian & Co., Inc.","","","","","Maryland","Owner/Developer","https://www.icsc.com/member/profile/254870"
"Jessica Berets","Matan Companies","","","","","Maryland","Owner/Developer","https://www.icsc.com/member/profile/516903"
"Kenneth Bernstein","David S Brown Enterprises","","","","","Maryland","Owner/Developer","https://www.icsc.com/member/profile/297620"
"Gary Block","Broad Reach Retail Partners, LLC","","","","","Maryland","Owner/Developer","https://www.icsc.com/member/profile/108147"
"Mark Bomse","Greenberg Gibbons Commercial","","","","","Maryland","Owner/Developer","https://www.icsc.com/member/profile/202447"
"Valle Bonhag","Carl M. Freeman Companies - Commercial Real Estate","","","","","Maryland","Owner/Developer","https://www.icsc.com/member/profile/423970"
"Catherine Brady","Unibail-Rodamco-Westfield","","","","","Maryland","Owner/Developer","https://www.icsc.com/member/profile/791803"
"John Brakefield Jr, CSM","Continental Realty Corporation","","","","","Maryland","Owner/Developer","https://www.icsc.com/member/profile/337289"
"P. David Bramble","MCB Real Estate, LLC","","","","","Maryland","Owner/Developer","https://www.icsc.com/member/profile/476219"
"Donald Brenneman","MCB Real Estate, LLC","","","","","Maryland","Owner/Developer","https://www.icsc.com/member/profile/831841"
"Cody Brightwell","MCB Real Estate, LLC","","","","","Maryland","Owner/Developer","https://www.icsc.com/member/profile/752407"
"Emily Brophy, CSM","Blue Vista Real Estate LLC","","","","","Maryland","Owner/Developer","https://www.icsc.com/member/profile/376815"
"Jennifer Buhrman","Rowland Development Group","","","","","Maryland","Owner/Developer","https://www.icsc.com/member/profile/788686"
"Daniel Burns","MFI Realty LLC","","","","","Maryland","Owner/Developer","https://www.icsc.com/member/profile/809843"
"Emory Camper","Greenberg Gibbons Commercial","","","","","Maryland","Owner/Developer","https://www.icsc.com/member/profile/769571"
"Mike Castellitto","Broad Reach Retail Partners, LLC","","","","","Maryland","Owner/Developer","https://www.icsc.com/member/profile/728326"
"Rebecca Castrovillari","First Washington Realty","","","","","Maryland","Owner/Developer","https://www.icsc.com/member/profile/823845"
"George Cavelius","Klein Enterprises","","","","","Maryland","Owner/Developer","https://www.icsc.com/member/profile/729442"
"Amrit Chase","First Washington Realty","","","","","Maryland","Owner/Developer","https://www.icsc.com/member/profile/643638"
"Scott Cherry","MFI Realty LLC","","","","","Maryland","Owner/Developer","https://www.icsc.com/member/profile/536415"
"Patricia Ciesla","DiDonato Property Mgmt","","","","","Maryland","Owner/Developer","https://www.icsc.com/member/profile/196841"
"Thomas Confessore","Kite Realty Group","","","","","Maryland","Owner/Developer","https://www.icsc.com/member/profile/842985"
"Stuart Cox","Kimco Realty Corporation","","","","","Maryland","Owner/Developer","https://www.icsc.com/member/profile/210680"
"Aileen Cullen","Saul Centers, Inc.","","","","","Maryland","Owner/Developer","https://www.icsc.com/member/profile/642169"
"Bryan Cyphers","St John Properties, Inc","","","","","Maryland","Owner/Developer","https://www.icsc.com/member/profile/834121"
"Seth Danels","Klein Enterprises","","","","","Maryland","Owner/Developer","https://www.icsc.com/member/profile/869467"
"Dicky Darrell, CDP, CLS, CRRP, CRX, CSM","Schwaber Holdings-MLR Partners","","","","","Maryland","Owner/Developer","https://www.icsc.com/member/profile/242581"
"Ronald Davis","Saul Centers, Inc.","","","","","Maryland","Owner/Developer","https://www.icsc.com/member/profile/409922"
"Michael DeGennaro","Combined Properties Inc.","","","","","Maryland","Owner/Developer","https://www.icsc.com/member/profile/864474"
"Jennifer DellaRatta Redmond","DRICMC Properties","","","","","Maryland","Owner/Developer","https://www.icsc.com/member/profile/302135"
"Eric DeVito","Greenberg Gibbons Commercial","","","","","Maryland","Owner/Developer","https://www.icsc.com/member/profile/846169"
"Sheryl DeWalt","Saul Centers, Inc.","","","","","Maryland","Owner/Developer","https://www.icsc.com/member/profile/781483"
"Jay Diamond","Greenberg Gibbons Commercial","","","","","Maryland","Owner/Developer","https://www.icsc.com/member/profile/724211"
"Blake Dickinson","Continental Realty Corporation","","","","","Maryland","Owner/Developer","https://www.icsc.com/member/profile/436430"
"James Didonato","DiDonato Property Mgmt","","","","","Maryland","Owner/Developer","https://www.icsc.com/member/profile/376554"
"Paul DiFrancesco","Insight Retail Group","","","","","Maryland","Owner/Developer","https://www.icsc.com/member/profile/321085"
"Christine DiSalvo","MFI Realty LLC","","","","","Maryland","Owner/Developer","https://www.icsc.com/member/profile/535186"
"Ryan Doffing","First Washington Realty","","","","","Maryland","Owner/Developer","https://www.icsc.com/member/profile/860823"
"Haley Donato","Continental Realty Corporation","","","","","Maryland","Owner/Developer","https://www.icsc.com/member/profile/578676"
"Shelby Dorich","MFI Realty LLC","","","","","Maryland","Owner/Developer","https://www.icsc.com/member/profile/380705"
"Christian Duffy","Heritage Partners","","","","","Maryland","Owner/Developer","https://www.icsc.com/member/profile/827171"
"Chris Duffy","Heritage Partners","","","","","Maryland","Owner/Developer","https://www.icsc.com/member/profile/407718"
"Nancy Edwards","MCB Real Estate, LLC","","","","","Maryland","Owner/Developer","https://www.icsc.com/member/profile/754371"
"Christopher Elliott","First Washington Realty","","","","","Maryland","Owner/Developer","https://www.icsc.com/member/profile/200805"
"Bennett Ellis","MCB Real Estate, LLC","","","","","Maryland","Owner/Developer","https://www.icsc.com/member/profile/788091"
"Alicyn Emerick","Greenberg Gibbons Commercial","","","","","Maryland","Owner/Developer","https://www.icsc.com/member/profile/825843"
"Remy Esquenet","Remy Retail","","","","","Maryland","Owner/Developer","https://www.icsc.com/member/profile/539908"
"Charles Faller IV","Faller Management Co., Inc.","","","","","Maryland","Owner/Developer","https://www.icsc.com/member/profile/632481"
"Dori Farley","MCB Real Estate, LLC","","","","","Maryland","Owner/Developer","https://www.icsc.com/member/profile/808054"
"Jean Farnsworth","MCB Real Estate, LLC","","","","","Maryland","Owner/Developer","https://www.icsc.com/member/profile/792267"
"Alex Forbes","Quantum Companies","","","","","Maryland","Owner/Developer","https://www.icsc.com/member/profile/794813"
"Julie Fox","MCB Real Estate, LLC","","","","","Maryland","Owner/Developer","https://www.icsc.com/member/profile/344514"
"Nicholas Freeman","Carl M. Freeman Companies - Commercial Real Estate","","","","","Maryland","Owner/Developer","https://www.icsc.com/member/profile/532454"
"Michelle Freeman","Carl M. Freeman Companies - Commercial Real Estate","","","","","Maryland","Owner/Developer","https://www.icsc.com/member/profile/389882"
"Fernanda Fretes","Saul Centers, Inc.","","","","","Maryland","Owner/Developer","https://www.icsc.com/member/profile/827134"
"Crystal Frey","Continental Realty Corporation","","","","","Maryland","Owner/Developer","https://www.icsc.com/member/profile/849686"
"Zachary Friedlis","Saul Centers, Inc.","","","","","Maryland","Owner/Developer","https://www.icsc.com/member/profile/379440"
"Cari Furman","The Cordish Companies","","","","","Maryland","Owner/Developer","https://www.icsc.com/member/profile/645808"
"Emily Gagliardi","First Washington Realty","","","","","Maryland","Owner/Developer","https://www.icsc.com/member/profile/294073"
"Stephen Garchik","Sandmar Properties LLC","","","","","Maryland","Owner/Developer","https://www.icsc.com/member/profile/787840"
"Sean Garland","Klein Enterprises","","","","","Maryland","Owner/Developer","https://www.icsc.com/member/profile/676029"
"Marc Geffroy","Seneca Properties","","","","","Maryland","Owner/Developer","https://www.icsc.com/member/profile/119061"
"Jeffrey Gelberman","The Rocky Companies","","","","","Maryland","Owner/Developer","https://www.icsc.com/member/profile/231178"
"Jason Gelblum","Broad Reach Retail Partners, LLC","","","","","Maryland","Owner/Developer","https://www.icsc.com/member/profile/780303"
"Kevin Geraghty","Caldicot Properties","","","","","Maryland","Owner/Developer","https://www.icsc.com/member/profile/457356"
"Devin Gerhart","Klein Enterprises","","","","","Maryland","Owner/Developer","https://www.icsc.com/member/profile/794548"
"Mark Gibbons","Greenberg Gibbons Commercial","","","","","Maryland","Owner/Developer","https://www.icsc.com/member/profile/509405"
"Brian Gibbons","Greenberg Gibbons Commercial","","","","","Maryland","Owner/Developer","https://www.icsc.com/member/profile/217072"
"Monte Gingery","Gingery Development Group","","","","","Maryland","Owner/Developer","https://www.icsc.com/member/profile/284578"
"Gregory Goldberg, CLS","Kite Realty Group","","","","","Maryland","Owner/Developer","https://www.icsc.com/member/profile/151070"
"Robin Gonzales Esq","First Washington Realty","","","","","Maryland","Owner/Developer","https://www.icsc.com/member/profile/658679"
"Evan Gordon","Ambrev Properties","","","","","Maryland","Owner/Developer","https://www.icsc.com/member/profile/865632"
"Adam Greenberg, CLS","DLC","","","","","Maryland","Owner/Developer","https://www.icsc.com/member/profile/416323"
"Brian Greene","Heritage Partners","","","","","Maryland","Owner/Developer","https://www.icsc.com/member/profile/175875"
"Hannah Hagerty","First Washington Realty","","","","","Maryland","Owner/Developer","https://www.icsc.com/member/profile/753529"
"Gabriel Hailemichael","Combined Properties Inc.","","","","","Maryland","Owner/Developer","https://www.icsc.com/member/profile/815248"
"Jim Hamlin","DRICMC Properties","","","","","Maryland","Owner/Developer","https://www.icsc.com/member/profile/690835"
"Alan Hammerschlag","Kodiak Properties L.L.C.","","","","","Maryland","Owner/Developer","https://www.icsc.com/member/profile/139636"
"Jessica Hansen","Broad Reach Retail Partners, LLC","","","","","Maryland","Owner/Developer","https://www.icsc.com/member/profile/785630"
"Brendan Harman","MCB Real Estate, LLC","","","","","Maryland","Owner/Developer","https://www.icsc.com/member/profile/805488"
"Len Harris","Promark Partners","","","","","Maryland","Owner/Developer","https://www.icsc.com/member/profile/141630"
"Sherita Harrison","Atapco Properties Inc.","","","","","Maryland","Owner/Developer","https://www.icsc.com/member/profile/864063"
"Katie Hays","First Washington Realty","","","","","Maryland","Owner/Developer","https://www.icsc.com/member/profile/821289"
"Carlos Heard","Saul Centers, Inc.","","","","","Maryland","Owner/Developer","https://www.icsc.com/member/profile/617379"
"Dana Henson","Henson Development Co.","","","","","Maryland","Owner/Developer","https://www.icsc.com/member/profile/785527"
"Daniel Henson III","Henson Development Co.","","","","","Maryland","Owner/Developer","https://www.icsc.com/member/profile/284547"
"Teresa Hernandez","Dodge Plaza Limited Partnership","","","","","Maryland","Owner/Developer","https://www.icsc.com/member/profile/851633"
"John Hess","MCB Real Estate, LLC","","","","","Maryland","Owner/Developer","https://www.icsc.com/member/profile/209998"
"Andrea Hidalgo","First Washington Realty","","","","","Maryland","Owner/Developer","https://www.icsc.com/member/profile/630888"
"Jonathan Higgins","Centennial Real Estate","","","","","Maryland","Owner/Developer","https://www.icsc.com/member/profile/855023"
"Christine Hines","JBG SMITH","","","","","Maryland","Owner/Developer","https://www.icsc.com/member/profile/365052"
"Tanya Hlinka","Woodmont Properties II, LLC","","","","","Maryland","Owner/Developer","https://www.icsc.com/member/profile/815719"
"Tracey Holehan","Greenberg Gibbons Commercial","","","","","Maryland","Owner/Developer","https://www.icsc.com/member/profile/328427"
"Daniel Holland","Epic Real Estate Partners - Acquired by MCB Real Estate, LLC","","","","","Maryland","Owner/Developer","https://www.icsc.com/member/profile/111672"
"Kelsi Holman","Continental Realty Corporation","","","","","Maryland","Owner/Developer","https://www.icsc.com/member/profile/673993"
"Roseanne Holmes","Continental Realty Corporation","","","","","Maryland","Owner/Developer","https://www.icsc.com/member/profile/686397"
"William Holzman","St John Properties, Inc","","","","","Maryland","Owner/Developer","https://www.icsc.com/member/profile/175308"
"Ryan Horka","Continental Realty Corporation","","","","","Maryland","Owner/Developer","https://www.icsc.com/member/profile/811469"
"Matt Horwitz","MCB Real Estate, LLC","","","","","Maryland","Owner/Developer","https://www.icsc.com/member/profile/697963"
"Benjamin Hoskins","Southside Investment Partners LLC","","","","","Maryland","Owner/Developer","https://www.icsc.com/member/profile/363688"
"Jamie Hudson","Epic Real Estate Partners - Acquired by MCB Real Estate, LLC","","","","","Maryland","Owner/Developer","https://www.icsc.com/member/profile/809945"
"Matt Hutton","Klein Enterprises","","","","","Maryland","Owner/Developer","https://www.icsc.com/member/profile/729441"
"Andrew Iszard","Combined Properties Inc.","","","","","Maryland","Owner/Developer","https://www.icsc.com/member/profile/508430"
"Barry Jakov","Finmarc Management Inc.","","","","","Maryland","Owner/Developer","https://www.icsc.com/member/profile/710384"
"Joe Janesin","First Washington Realty","","","","","Maryland","Owner/Developer","https://www.icsc.com/member/profile/628560"
"Cindy Johnson","First Washington Realty","","","","","Maryland","Owner/Developer","https://www.icsc.com/member/profile/827678"
"Ian Jost","First Washington Realty","","","","","Maryland","Owner/Developer","https://www.icsc.com/member/profile/869858"
"Adam Kaftol","Brooks & Goldman Realty","","","","","Maryland","Owner/Developer","https://www.icsc.com/member/profile/124247"
"James Kahler","First Washington Realty","","","","","Maryland","Owner/Developer","https://www.icsc.com/member/profile/499589"
"Theodore Kallergis","Broad Reach Retail Partners, LLC","","","","","Maryland","Owner/Developer","https://www.icsc.com/member/profile/867781"
"Omar Karim","Banneker Ventures","","","","","Maryland","Owner/Developer","https://www.icsc.com/member/profile/384546"
"Aaron Kearney","Quantum Companies","","","","","Maryland","Owner/Developer","https://www.icsc.com/member/profile/841989"
"Cherene Keenan","Continental Realty Corporation","","","","","Maryland","Owner/Developer","https://www.icsc.com/member/profile/413274"
"Julie Keleti","District Wharf Properties","","","","","Maryland","Owner/Developer","https://www.icsc.com/member/profile/730584"
"Dave Kirkland","SMS Group \ Americas' Realty","","","","","Maryland","Owner/Developer","https://www.icsc.com/member/profile/824143"
"Devin Kitchelt","The Cordish Companies","","","","","Maryland","Owner/Developer","https://www.icsc.com/member/profile/671837"
"Daniel Klein","Klein Enterprises","","","","","Maryland","Owner/Developer","https://www.icsc.com/member/profile/284544"
"Beau Kline","Kline & Associates","","","","","Maryland","Owner/Developer","https://www.icsc.com/member/profile/565361"
"Michael Kociemba","MFI Realty LLC","","","","","Maryland","Owner/Developer","https://www.icsc.com/member/profile/586045"
"Lilia Komleva","Combined Properties Inc.","","","","","Maryland","Owner/Developer","https://www.icsc.com/member/profile/663106"
"Connie Kousis","Kousis Management","","","","","Maryland","Owner/Developer","https://www.icsc.com/member/profile/173887"
"Dave Lazas","DR Horton","","","","","Maryland","Owner/Developer","https://www.icsc.com/member/profile/782321"
"Sophia Lee","CapStar Commercial Realty","","","","","Maryland","Owner/Developer","https://www.icsc.com/member/profile/861218"
"Samuel Lehrman","Lehrco Corporation","","","","","Maryland","Owner/Developer","https://www.icsc.com/member/profile/375181"
"John Lin","CapStar Commercial Realty","","","","","Maryland","Owner/Developer","https://www.icsc.com/member/profile/184279"
"Rich Lipsky","David S Brown Enterprises","","","","","Maryland","Owner/Developer","https://www.icsc.com/member/profile/215627"
"Eric Llewellyn","St John Properties, Inc","","","","","Maryland","Owner/Developer","https://www.icsc.com/member/profile/652621"
"Lauryn Lukin","Taubman Properties, LLC","","","","","Maryland","Owner/Developer","https://www.icsc.com/member/profile/696491"