Name,Company,Title,Phone,Email,Location,State,Business Type,Profile URL
"Andrea Aquadro","Wilson Dam Properties","","","","","Alabama","Owner/Developer","https://www.icsc.com/member/profile/852078"
"John Argo","Southeast Capital Partners","","","","","Alabama","Owner/Developer","https://www.icsc.com/member/profile/599510"
"Garrett Baker","Delaney Property Group","","","","","Alabama","Owner/Developer","https://www.icsc.com/member/profile/802555"
"Todd Brown","OPMI","","","","","Alabama","Owner/Developer","https://www.icsc.com/member/profile/827064"
"Murray Brown","Fairway Investments","","","","","Alabama","Owner/Developer","https://www.icsc.com/member/profile/825123"
"Vincent Cave","Belterra Partners","","","","","Alabama","Owner/Developer","https://www.icsc.com/member/profile/823882"
"Greg Cherry","Fairway Investments","","","","","Alabama","Owner/Developer","https://www.icsc.com/member/profile/339491"
"Brandon Clark","Build Partners","","","","","Alabama","Owner/Developer","https://www.icsc.com/member/profile/526659"
"Bill Clements","The Retail Companies","","","","","Alabama","Owner/Developer","https://www.icsc.com/member/profile/297120"
"Tony Cochran","Team Delta3, LLC","","","","","Alabama","Owner/Developer","https://www.icsc.com/member/profile/780534"
"Blair Cooper","Richmond Properties, Inc.","","","","","Alabama","Owner/Developer","https://www.icsc.com/member/profile/797013"
"Brooks Corr CCIM","The Retail Companies","","","","","Alabama","Owner/Developer","https://www.icsc.com/member/profile/401295"
"Sloan Covington","Covington Group, LLC","","","","","Alabama","Owner/Developer","https://www.icsc.com/member/profile/827468"
"Andrew Cronin","Tidewater Development Group","","","","","Alabama","Owner/Developer","https://www.icsc.com/member/profile/695903"
"Paul Darden","Fairway Investments","","","","","Alabama","Owner/Developer","https://www.icsc.com/member/profile/369037"
"Roy Drinkard","Drinkard Developments","","","","","Alabama","Owner/Developer","https://www.icsc.com/member/profile/103596"
"Jessica Duckett","First National Realty Partners","","","","","Alabama","Owner/Developer","https://www.icsc.com/member/profile/844144"
"Sims Garrison","Fairway Investments","","","","","Alabama","Owner/Developer","https://www.icsc.com/member/profile/248130"
"Max Goodwin","Fairway Investments","","","","","Alabama","Owner/Developer","https://www.icsc.com/member/profile/864692"
"Thomas Graves","Perman Engineering Co., LLC","","","","","Alabama","Owner/Developer","https://www.icsc.com/member/profile/813457"
"Will Greer","Greer Building Contractors","","","","","Alabama","Owner/Developer","https://www.icsc.com/member/profile/857758"
"Jason Grimmett","Drinkard Developments","","","","","Alabama","Owner/Developer","https://www.icsc.com/member/profile/244905"
"Eric Guster Esq","Guster Development","","","","","Alabama","Owner/Developer","https://www.icsc.com/member/profile/805455"
"Sam Harris","Stardust Development / Harris Farms","","","","","Alabama","Owner/Developer","https://www.icsc.com/member/profile/869032"
"Tom Hayley","Hayley-Redd Development Co.","","","","","Alabama","Owner/Developer","https://www.icsc.com/member/profile/517090"
"Sam Heide","Crawford Square Real Estate Advisors","","","","","Alabama","Owner/Developer","https://www.icsc.com/member/profile/429060"
"Jackie Hollingsworth","Crawford Square Real Estate Advisors","","","","","Alabama","Owner/Developer","https://www.icsc.com/member/profile/720493"
"Hunter Hospes","Fairway Investments","","","","","Alabama","Owner/Developer","https://www.icsc.com/member/profile/782282"
"Hamilton Huber","Crawford Square Real Estate Advisors","","","","","Alabama","Owner/Developer","https://www.icsc.com/member/profile/789381"
"Jordan Jaggers","JAR Properties","","","","","Alabama","Owner/Developer","https://www.icsc.com/member/profile/831632"
"Todd Jordan","Harbert Management Corporation","","","","","Alabama","Owner/Developer","https://www.icsc.com/member/profile/574531"
"Steve Ladas","Ladas Development, Inc.","","","","","Alabama","Owner/Developer","https://www.icsc.com/member/profile/864562"
"Mary Beyer Lell","Crawford Square Real Estate Advisors","","","","","Alabama","Owner/Developer","https://www.icsc.com/member/profile/274417"
"Todd Martin","Southland Capital Realty Group, LLC","","","","","Alabama","Owner/Developer","https://www.icsc.com/member/profile/294014"
"Patrick Massey","Crawford Square Real Estate Advisors","","","","","Alabama","Owner/Developer","https://www.icsc.com/member/profile/790542"
"Yolanda McLain","McLain Development, LLC","","","","","Alabama","Owner/Developer","https://www.icsc.com/member/profile/543767"
"Tyler Miller","Fairway Investments","","","","","Alabama","Owner/Developer","https://www.icsc.com/member/profile/526379"
"HM Nowlin","Nowlin Development","","","","","Alabama","Owner/Developer","https://www.icsc.com/member/profile/832105"
"Jackson Nowlin","Nowlin Development","","","","","Alabama","Owner/Developer","https://www.icsc.com/member/profile/832104"
"Matthew Nowlin","Nowlin Development","","","","","Alabama","Owner/Developer","https://www.icsc.com/member/profile/832102"
"Eric Oden","OPMI","","","","","Alabama","Owner/Developer","https://www.icsc.com/member/profile/821026"
"Keith Owens","Alumni Properties & Investments, LLC","","","","","Alabama","Owner/Developer","https://www.icsc.com/member/profile/609835"
"Andrew Parmer","Parmer Development","","","","","Alabama","Owner/Developer","https://www.icsc.com/member/profile/827326"
"Chandler Pulliam","Fairway Investments","","","","","Alabama","Owner/Developer","https://www.icsc.com/member/profile/869686"
"Jeffrey Quinnelly","Quinnelly, Inc.","","","","","Alabama","Owner/Developer","https://www.icsc.com/member/profile/775497"
"Jackson Ratliff","Crawford Square Real Estate Advisors","","","","","Alabama","Owner/Developer","https://www.icsc.com/member/profile/776203"
"Will Reis","Crawford Square Real Estate Advisors","","","","","Alabama","Owner/Developer","https://www.icsc.com/member/profile/756341"
"Erik Schatz","Crawford Square Real Estate Advisors","","","","","Alabama","Owner/Developer","https://www.icsc.com/member/profile/672246"
"Scott Smith","Belterra Partners","","","","","Alabama","Owner/Developer","https://www.icsc.com/member/profile/778003"
"Jackson Stewart","Sanders Capital Partners","","","","","Alabama","Owner/Developer","https://www.icsc.com/member/profile/786556"
"Lauryn Stinson","Crawford Square Real Estate Advisors","","","","","Alabama","Owner/Developer","https://www.icsc.com/member/profile/859558"
"Julie Tabele RPA","Fairway Investments","","","","","Alabama","Owner/Developer","https://www.icsc.com/member/profile/770969"
"Selwyn Turner","Southland Capital Realty Group, LLC","","","","","Alabama","Owner/Developer","https://www.icsc.com/member/profile/472224"
"Adam Williamson","Southeastern Retail Development, LLC","","","","","Alabama","Owner/Developer","https://www.icsc.com/member/profile/863160"
"Heather Wright","Wilson Dam Properties","","","","","Alabama","Owner/Developer","https://www.icsc.com/member/profile/832590"
"Heather Wright","Economic Development Alabama","","","","","Alabama","Owner/Developer","https://www.icsc.com/member/profile/831783"
"Collin Agni","Carr & Family Properties, LLC","","","","","Alaska","Owner/Developer","https://www.icsc.com/member/profile/589785"
"Ryan Amato","Eisenberg Company","","","","","Arizona","Owner/Developer","https://www.icsc.com/member/profile/229904"
"Bryant Aplass","Hungry Investments Inc","","","","","Arizona","Owner/Developer","https://www.icsc.com/member/profile/832639"
"Thomas Asimou Esq","Mapleton Partners, LLC","","","","","Arizona","Owner/Developer","https://www.icsc.com/member/profile/516681"
"RAMEZ AYOUB","TRANS SEAS USA LLC","","","","","Arizona","Owner/Developer","https://www.icsc.com/member/profile/807714"
"Natalia Babits","Arizona Partners","","","","","Arizona","Owner/Developer","https://www.icsc.com/member/profile/346875"
"Philip Bramsen","San Tan Commercial Advisors LLC","","","","","Arizona","Owner/Developer","https://www.icsc.com/member/profile/239132"
"PAUL BRONSTEIN","CalBay Development, LLC","","","","","Arizona","Owner/Developer","https://www.icsc.com/member/profile/673353"
"Karter Burns","Arizona Partners","","","","","Arizona","Owner/Developer","https://www.icsc.com/member/profile/828388"
"Mark Burns","Arizona Partners","","","","","Arizona","Owner/Developer","https://www.icsc.com/member/profile/108500"
"Chris Campbell","Lamar Companies","","","","","Arizona","Owner/Developer","https://www.icsc.com/member/profile/229971"
"Garret Clifford","Okland Capital","","","","","Arizona","Owner/Developer","https://www.icsc.com/member/profile/821565"
"Kristian Cotta CCIM","Hungry Investments Inc","","","","","Arizona","Owner/Developer","https://www.icsc.com/member/profile/808906"
"Daniel Cox","SimonCRE","","","","","Arizona","Owner/Developer","https://www.icsc.com/member/profile/767681"
"Tracie Davis","Evergreen Devco, Inc","","","","","Arizona","Owner/Developer","https://www.icsc.com/member/profile/655336"
"Armando Delgado","Hungry Investments Inc","","","","","Arizona","Owner/Developer","https://www.icsc.com/member/profile/809136"
"Joshua Delo","ExchangeRight Real Estate","","","","","Arizona","Owner/Developer","https://www.icsc.com/member/profile/849460"
"Reed Dodenhoff","Fundamental Income","","","","","Arizona","Owner/Developer","https://www.icsc.com/member/profile/833230"
"Bill Doherty","Walton Global Holdings, LLC","","","","","Arizona","Owner/Developer","https://www.icsc.com/member/profile/855816"
"Bill Douglass","Upland Group, Inc.","","","","","Arizona","Owner/Developer","https://www.icsc.com/member/profile/142674"
"Craig Eisenberg","Eisenberg Company","","","","","Arizona","Owner/Developer","https://www.icsc.com/member/profile/91256"
"Jason Eisenberg","Eisenberg Company","","","","","Arizona","Owner/Developer","https://www.icsc.com/member/profile/316644"
"Benjamin Epstein","Arizona Partners","","","","","Arizona","Owner/Developer","https://www.icsc.com/member/profile/709741"
"Gabrielle Evans","Barclay Group","","","","","Arizona","Owner/Developer","https://www.icsc.com/member/profile/838020"
"Bill Finch","Unified CRE, LLC","","","","","Arizona","Owner/Developer","https://www.icsc.com/member/profile/713950"
"Blake Foulds","Wesley Properties","","","","","Arizona","Owner/Developer","https://www.icsc.com/member/profile/862248"
"Bob Franz","Federal Realty","","","","","Arizona","Owner/Developer","https://www.icsc.com/member/profile/361353"
"Scott Glesmann","Rock River Realty LLC","","","","","Arizona","Owner/Developer","https://www.icsc.com/member/profile/854540"
"Susan Glesmann","Rock River Realty LLC","","","","","Arizona","Owner/Developer","https://www.icsc.com/member/profile/854539"
"Austin Gottsacker","SimonCRE","","","","","Arizona","Owner/Developer","https://www.icsc.com/member/profile/665499"
"Fahmi Hashish","Barclay Group","","","","","Arizona","Owner/Developer","https://www.icsc.com/member/profile/254515"
"Bert Hayenga","Doubletree Ventures","","","","","Arizona","Owner/Developer","https://www.icsc.com/member/profile/854521"
"Craig Henig","Mack Real Estate Group","","","","","Arizona","Owner/Developer","https://www.icsc.com/member/profile/855337"
"Richard Huffman","HCW Development Co. LLC","","","","","Arizona","Owner/Developer","https://www.icsc.com/member/profile/850743"
"Chris Janson","Mack Real Estate Group","","","","","Arizona","Owner/Developer","https://www.icsc.com/member/profile/855189"
"Hudson Joubert","i3 Interests","","","","","Arizona","Owner/Developer","https://www.icsc.com/member/profile/831267"
"Gordon Keig","Pennant Development","","","","","Arizona","Owner/Developer","https://www.icsc.com/member/profile/106873"
"Lamont Kindseth","Arizona Partners","","","","","Arizona","Owner/Developer","https://www.icsc.com/member/profile/143436"
"Jake Kwarta","Mantle Investments","","","","","Arizona","Owner/Developer","https://www.icsc.com/member/profile/855990"
"Bryan Lamond","Evergreen Devco, Inc","","","","","Arizona","Owner/Developer","https://www.icsc.com/member/profile/342024"
"Greg Lang","Fundamental Income","","","","","Arizona","Owner/Developer","https://www.icsc.com/member/profile/767422"
"Zach Lauterbach","Evergreen Devco, Inc","","","","","Arizona","Owner/Developer","https://www.icsc.com/member/profile/675789"
"Peter LeBlanc","SimonCRE","","","","","Arizona","Owner/Developer","https://www.icsc.com/member/profile/808374"
"Karen Levitt Ortiz","Evergreen Devco, Inc","","","","","Arizona","Owner/Developer","https://www.icsc.com/member/profile/764323"
"Mitchell Lorenz","Evergreen Devco, Inc","","","","","Arizona","Owner/Developer","https://www.icsc.com/member/profile/815883"
"Paula Lovesy","Evergreen Devco, Inc","","","","","Arizona","Owner/Developer","https://www.icsc.com/member/profile/362055"
"Lee Mashburn","Pivot Development","","","","","Arizona","Owner/Developer","https://www.icsc.com/member/profile/269481"
"Kristen McLean","Hungry Investments Inc","","","","","Arizona","Owner/Developer","https://www.icsc.com/member/profile/868903"
"Danny Mikhail","Melka Capital","","","","","Arizona","Owner/Developer","https://www.icsc.com/member/profile/864066"
"Tanner Nelson","Inside Edge Development","","","","","Arizona","Owner/Developer","https://www.icsc.com/member/profile/804532"
"Michael Olsen","Globe Corporation","","","","","Arizona","Owner/Developer","https://www.icsc.com/member/profile/647144"
"Jake Palmer","Accelerated Development Services","","","","","Arizona","Owner/Developer","https://www.icsc.com/member/profile/593886"
"Alexi Panagiotakopoulos","Fundamental Income","","","","","Arizona","Owner/Developer","https://www.icsc.com/member/profile/763889"
"Russell Perkins","Evergreen Devco, Inc","","","","","Arizona","Owner/Developer","https://www.icsc.com/member/profile/314963"
"Heather Personne","Evolve Ventures, LLC","","","","","Arizona","Owner/Developer","https://www.icsc.com/member/profile/831455"
"Tristen Pfeifer","Fundamental Income","","","","","Arizona","Owner/Developer","https://www.icsc.com/member/profile/803355"
"Brennen Pierson","Hungry Investments Inc","","","","","Arizona","Owner/Developer","https://www.icsc.com/member/profile/696452"
"Bruce Pomeroy, CDP, CRX","Evergreen Devco, Inc","","","","","Arizona","Owner/Developer","https://www.icsc.com/member/profile/98501"
"Mark Ruhlman","Columbus Capital, LLC","","","","","Arizona","Owner/Developer","https://www.icsc.com/member/profile/314150"
"Robert Rusing","Arizona Partners","","","","","Arizona","Owner/Developer","https://www.icsc.com/member/profile/108555"
"Bruce Shapiro","Arizona Partners","","","","","Arizona","Owner/Developer","https://www.icsc.com/member/profile/143437"
"Jack Sheehan","Wesley Properties","","","","","Arizona","Owner/Developer","https://www.icsc.com/member/profile/765172"
"Erika Shorter","Evergreen Devco, Inc","","","","","Arizona","Owner/Developer","https://www.icsc.com/member/profile/380193"
"Nick Sims","Barclay Group","","","","","Arizona","Owner/Developer","https://www.icsc.com/member/profile/818327"
"Scott Spier CCIM","Eisenberg Company","","","","","Arizona","Owner/Developer","https://www.icsc.com/member/profile/101718"
"Heather Tippit","Yavapai-Prescott Indian Tribe","","","","","Arizona","Owner/Developer","https://www.icsc.com/member/profile/596238"
"Joe Tosini","Inheritance Development Co.","","","","","Arizona","Owner/Developer","https://www.icsc.com/member/profile/808487"
"Thomas Vaughn","Cardon Development Group","","","","","Arizona","Owner/Developer","https://www.icsc.com/member/profile/719370"
"Andrew Veatch","SimonCRE","","","","","Arizona","Owner/Developer","https://www.icsc.com/member/profile/724155"
"Erica Vester","Evergreen Devco, Inc","","","","","Arizona","Owner/Developer","https://www.icsc.com/member/profile/629208"
"Jerald Willis","Houston Creek Development, LLC","","","","","Arizona","Owner/Developer","https://www.icsc.com/member/profile/831043"
"Heather Wiseman","Evergreen Devco, Inc","","","","","Arizona","Owner/Developer","https://www.icsc.com/member/profile/662406"
"Kirk Zenk","Arizona Partners","","","","","Arizona","Owner/Developer","https://www.icsc.com/member/profile/353099"
"Brian Zurek","Doubletree Ventures","","","","","Arizona","Owner/Developer","https://www.icsc.com/member/profile/853382"
"Walker Zweifel","Arizona Partners","","","","","Arizona","Owner/Developer","https://www.icsc.com/member/profile/804914"
"Will Collins","Cypress Properties","","","","","Arkansas","Owner/Developer","https://www.icsc.com/member/profile/864581"
"Randy Crossno CCIM","Capstone Commercial Advisors","","","","","Arkansas","Owner/Developer","https://www.icsc.com/member/profile/494544"
"chris gamble","gh brands","","","","","Arkansas","Owner/Developer","https://www.icsc.com/member/profile/808607"
"Ryan George","Corolla Capital Partners","","","","","Arkansas","Owner/Developer","https://www.icsc.com/member/profile/642265"
"Hugh Jordan","First Delta Development","","","","","Arkansas","Owner/Developer","https://www.icsc.com/member/profile/822269"
"Stuart McLendon","DYNE Development LLC","","","","","Arkansas","Owner/Developer","https://www.icsc.com/member/profile/804088"
"Kim O'Gary","Jones O'Gary Development","","","","","Arkansas","Owner/Developer","https://www.icsc.com/member/profile/817904"
"Luke O'Gary","Jones O'Gary Development","","","","","Arkansas","Owner/Developer","https://www.icsc.com/member/profile/817901"
"Matt Sitton CCIM","Sitton Group, LLC","","","","","Arkansas","Owner/Developer","https://www.icsc.com/member/profile/618310"
"JW Stacy","JAA LLC","","","","","Arkansas","Owner/Developer","https://www.icsc.com/member/profile/807935"
"Jason Trenary","Capstone Commercial Advisors","","","","","Arkansas","Owner/Developer","https://www.icsc.com/member/profile/787451"
"Matt Vandiver","JWB Company","","","","","Arkansas","Owner/Developer","https://www.icsc.com/member/profile/792109"
"Matthew Wilson","R.A. Wilson Enterprises","","","","","Arkansas","Owner/Developer","https://www.icsc.com/member/profile/695141"
"Jacob A Huerta","Shapell Properties, Inc.","","","","","California","Owner/Developer","https://www.icsc.com/member/profile/827608"
"Sam Abed","BridgePoint Developments","","","","","California","Owner/Developer","https://www.icsc.com/member/profile/778326"
"Thomas Acevedo","West Market Capital, LLC","","","","","California","Owner/Developer","https://www.icsc.com/member/profile/523302"
"Vartan Achabahian","Prospect Group","","","","","California","Owner/Developer","https://www.icsc.com/member/profile/854511"
"John Adamick","HCP Downey LLC","","","","","California","Owner/Developer","https://www.icsc.com/member/profile/830018"
"Andrew Adamick","HCP Downey LLC","","","","","California","Owner/Developer","https://www.icsc.com/member/profile/830016"
"Nathan Afshani","AXS Opportunity Fund","","","","","California","Owner/Developer","https://www.icsc.com/member/profile/856972"
"Vadim Agamirzoyan","Golden Black Capital","","","","","California","Owner/Developer","https://www.icsc.com/member/profile/847977"
"Nadia ahmad","NEXTGEN INVESTMENTS","","","","","California","Owner/Developer","https://www.icsc.com/member/profile/789803"
"Mike Ahmad","NEXTGEN INVESTMENTS","","","","","California","Owner/Developer","https://www.icsc.com/member/profile/787416"
"Phoebe Aiken","Rothbart Development Corporation","","","","","California","Owner/Developer","https://www.icsc.com/member/profile/711710"
"Tom Alexander","BH Properties, LLC","","","","","California","Owner/Developer","https://www.icsc.com/member/profile/720236"
"Purandar Amin","Sapient Advisors, Inc.","","","","","California","Owner/Developer","https://www.icsc.com/member/profile/807085"
"Joshua Amoroso","LRG Investors","","","","","California","Owner/Developer","https://www.icsc.com/member/profile/477430"
"Jeff Anenberg","Anenberg Asset Management, LLC","","","","","California","Owner/Developer","https://www.icsc.com/member/profile/735213"
"Joseph Aranda","Brandywine Homes","","","","","California","Owner/Developer","https://www.icsc.com/member/profile/858718"
"Joseph Aranda","Brandywine Homes","","","","","California","Owner/Developer","https://www.icsc.com/member/profile/768971"
"George Arce Jr","Centers Dynamic Partners","","","","","California","Owner/Developer","https://www.icsc.com/member/profile/220819"
"Alexander Arfsten","Regency Centers","","","","","California","Owner/Developer","https://www.icsc.com/member/profile/848356"
"Shahvand Aryana","American Colonial Capital, LLC","","","","","California","Owner/Developer","https://www.icsc.com/member/profile/856353"
"Bobby Assil","Eighty eight place","","","","","California","Owner/Developer","https://www.icsc.com/member/profile/377233"
"Lauren Athans","AOK Capital, LLC","","","","","California","Owner/Developer","https://www.icsc.com/member/profile/869654"
"Amani Atwal","Atwal Developments,","","","","","California","Owner/Developer","https://www.icsc.com/member/profile/856581"
"Tj Atwal","Atwal Developments,","","","","","California","Owner/Developer","https://www.icsc.com/member/profile/847094"
"sunny aujla","sunny aujla development group","","","","","California","Owner/Developer","https://www.icsc.com/member/profile/827527"
"Dan Austin","The Arba Group, Inc.","","","","","California","Owner/Developer","https://www.icsc.com/member/profile/347493"
"Shade Awad","A&A Property Investments LLC","","","","","California","Owner/Developer","https://www.icsc.com/member/profile/809325"
"Edgar Baek","Beacon Rose Partners","","","","","California","Owner/Developer","https://www.icsc.com/member/profile/781064"
"Derek Barbour","Richland Investments","","","","","California","Owner/Developer","https://www.icsc.com/member/profile/809086"
"Baabak Barman","Tourmaline Capital","","","","","California","Owner/Developer","https://www.icsc.com/member/profile/816666"
"Navid Bayanfar","KBHB Funding, LLC","","","","","California","Owner/Developer","https://www.icsc.com/member/profile/852125"
"Donna Bayliss","Bayliss Botanicals","","","","","California","Owner/Developer","https://www.icsc.com/member/profile/850380"
"Scott Beard","Geerald W. Beard Realty, Inc.","","","","","California","Owner/Developer","https://www.icsc.com/member/profile/709030"
"Mike Beckman","CAS Properties LLC","","","","","California","Owner/Developer","https://www.icsc.com/member/profile/808049"
"Trish Beckman LEED APBD+C, CDP, CRRP","ALTA SKY Development","","","","","California","Owner/Developer","https://www.icsc.com/member/profile/344379"
"Jacob Behning","AOK Capital, LLC","","","","","California","Owner/Developer","https://www.icsc.com/member/profile/821297"
"Thomas Bengard","Arbor Capital Partners LLC","","","","","California","Owner/Developer","https://www.icsc.com/member/profile/205066"
"Chris Bergren","Evergreen Devco, Inc","","","","","California","Owner/Developer","https://www.icsc.com/member/profile/337109"
"Paul Bernard","California Gold Development Corp","","","","","California","Owner/Developer","https://www.icsc.com/member/profile/180136"
"Ethan Beutel","Argan Ventures","","","","","California","Owner/Developer","https://www.icsc.com/member/profile/861673"
"Ethan Beutel","LBX Investments LLC","","","","","California","Owner/Developer","https://www.icsc.com/member/profile/719634"
"Angela Biciocchi","Anderson Real Estate","","","","","California","Owner/Developer","https://www.icsc.com/member/profile/790284"
"Shawn Bidsal","West Coast Investments, Inc.","","","","","California","Owner/Developer","https://www.icsc.com/member/profile/549574"
"Parm Binning","Bottom Line Group LLC","","","","","California","Owner/Developer","https://www.icsc.com/member/profile/816373"
"Philip Block","LBX Investments LLC","","","","","California","Owner/Developer","https://www.icsc.com/member/profile/390334"
"Mehdi Bolour","Denley Investment & Management","","","","","California","Owner/Developer","https://www.icsc.com/member/profile/392396"
"David Bolour","AND Asset Management Inc.","","","","","California","Owner/Developer","https://www.icsc.com/member/profile/392393"
"Laura Borenstein-Hofman, CSM","Regency Centers","","","","","California","Owner/Developer","https://www.icsc.com/member/profile/578170"
"Steven Boss","Arroyo Seco Development Group","","","","","California","Owner/Developer","https://www.icsc.com/member/profile/648467"
"Michael Botfeld","The Stewart Group LLC","","","","","California","Owner/Developer","https://www.icsc.com/member/profile/829701"
"Jeryl Bowers","Bison Capital Partners","","","","","California","Owner/Developer","https://www.icsc.com/member/profile/816583"
"Almira Bowo","Pacific Bay Ventures","","","","","California","Owner/Developer","https://www.icsc.com/member/profile/862316"
"Jeffrey Branch CCIM, CRX","Columbus Capital, LLC","","","","","California","Owner/Developer","https://www.icsc.com/member/profile/128176"
"Andrew Broeren","Sentinel Net Lease","","","","","California","Owner/Developer","https://www.icsc.com/member/profile/772912"
"Jim Brooks","BH Properties, LLC","","","","","California","Owner/Developer","https://www.icsc.com/member/profile/790046"
"Eric Brown","LBA Realty","","","","","California","Owner/Developer","https://www.icsc.com/member/profile/570178"
"Jeff Brown","BlackRock Inc","","","","","California","Owner/Developer","https://www.icsc.com/member/profile/496236"
"Larry Buehner","B2B Sales","","","","","California","Owner/Developer","https://www.icsc.com/member/profile/851547"
"Mark Burger","Pacific Development Partners","","","","","California","Owner/Developer","https://www.icsc.com/member/profile/109589"
"Daniel Byron","3D Investments","","","","","California","Owner/Developer","https://www.icsc.com/member/profile/854738"
"Eric Caballero","HCP Downey LLC","","","","","California","Owner/Developer","https://www.icsc.com/member/profile/830123"
"Al Cabraloff","Spectrum Properties, Inc.","","","","","California","Owner/Developer","https://www.icsc.com/member/profile/309132"
"Chris Carnazzo","Loka Properties","","","","","California","Owner/Developer","https://www.icsc.com/member/profile/556820"
"Adam Carrillo","Partake Collective","","","","","California","Owner/Developer","https://www.icsc.com/member/profile/807620"
"Kirk Carson","Southwest Value Partners","","","","","California","Owner/Developer","https://www.icsc.com/member/profile/861645"
"Casey Carstens","Carstens Realty","","","","","California","Owner/Developer","https://www.icsc.com/member/profile/836472"
"Aaron Chan","Loka Properties","","","","","California","Owner/Developer","https://www.icsc.com/member/profile/783019"
"Rick Chancellor","Cardiff Development Partners","","","","","California","Owner/Developer","https://www.icsc.com/member/profile/113269"
"Gurvinder Singh Chandi","Chandi Group USA, Inc.","","","","","California","Owner/Developer","https://www.icsc.com/member/profile/817130"
"Nachhattar Chandi","Chandi Group USA, Inc.","","","","","California","Owner/Developer","https://www.icsc.com/member/profile/342937"
"David Chang","Perris Iris Property, LLC","","","","","California","Owner/Developer","https://www.icsc.com/member/profile/790182"
"Patrick Charriou","Sage Investco","","","","","California","Owner/Developer","https://www.icsc.com/member/profile/508564"
"Ryan Chase","S&A Management","","","","","California","Owner/Developer","https://www.icsc.com/member/profile/542905"
"Michael Chastain","Lewis Group of Companies","","","","","California","Owner/Developer","https://www.icsc.com/member/profile/332673"
"Yunida Cheng","Winreal Operating Co. LP","","","","","California","Owner/Developer","https://www.icsc.com/member/profile/709182"
"Jonathan Cheng","Tourmaline Capital","","","","","California","Owner/Developer","https://www.icsc.com/member/profile/542907"
"Kenneth Chin","Terranado Realty Partners","","","","","California","Owner/Developer","https://www.icsc.com/member/profile/772513"
"Brett Christopoulos","Carmel Partners","","","","","California","Owner/Developer","https://www.icsc.com/member/profile/356210"
"Walter Chui","Prado Group","","","","","California","Owner/Developer","https://www.icsc.com/member/profile/851100"
"David Cieminis","Ramp Charging","","","","","California","Owner/Developer","https://www.icsc.com/member/profile/851760"
"Jordan Cobb","Chartwell Real Estate Development","","","","","California","Owner/Developer","https://www.icsc.com/member/profile/852312"
"Tina Colacino","U.S. Realty Partners, Inc.","","","","","California","Owner/Developer","https://www.icsc.com/member/profile/364324"
"Rogg Collins","Evergreen Devco, Inc","","","","","California","Owner/Developer","https://www.icsc.com/member/profile/127900"
"Adrian Comstock","Comstock Realty Partners","","","","","California","Owner/Developer","https://www.icsc.com/member/profile/785173"
"Patrick Conway","Regency Centers","","","","","California","Owner/Developer","https://www.icsc.com/member/profile/132312"
"Kyle Corrigan","Citivest Commercial Investments","","","","","California","Owner/Developer","https://www.icsc.com/member/profile/787006"
"James Costanzo","Costanzo Investments","","","","","California","Owner/Developer","https://www.icsc.com/member/profile/97029"
"Chris Costanzo","Costanzo Investments","","","","","California","Owner/Developer","https://www.icsc.com/member/profile/597618"
"Cole Couch","Marhilus Ventures","","","","","California","Owner/Developer","https://www.icsc.com/member/profile/825991"
"Gavin Cox","Bottom Line Group LLC","","","","","California","Owner/Developer","https://www.icsc.com/member/profile/859698"
"Pat Cox","Starboard Realty Advisors, LLC","","","","","California","Owner/Developer","https://www.icsc.com/member/profile/829321"
"Catherine Creech","Related Companies","","","","","California","Owner/Developer","https://www.icsc.com/member/profile/855119"
"Bo Cromelin","Perform Properties","","","","","California","Owner/Developer","https://www.icsc.com/member/profile/645644"
"John Crump","BH Properties, LLC","","","","","California","Owner/Developer","https://www.icsc.com/member/profile/728455"
"Bill Cummings","Legacy Realty & Development","","","","","California","Owner/Developer","https://www.icsc.com/member/profile/850696"
"Mark Cunningham","CRG","","","","","California","Owner/Developer","https://www.icsc.com/member/profile/710004"
"William Cunningham-Corso","Cunningham Development Company","","","","","California","Owner/Developer","https://www.icsc.com/member/profile/213348"
"Aaron Curry","Unibail-Rodamco-Westfield","","","","","California","Owner/Developer","https://www.icsc.com/member/profile/700046"
"Bryce Daneshrad","Nine Oak Investments","","","","","California","Owner/Developer","https://www.icsc.com/member/profile/849398"
"Paul Daneshrad","StarPoint Properties","","","","","California","Owner/Developer","https://www.icsc.com/member/profile/384768"
"Chris Daniell","Daytom Enterprises, Inc.","","","","","California","Owner/Developer","https://www.icsc.com/member/profile/646612"
"Allan Davidov","MISUMA HOLDINGS LLC","","","","","California","Owner/Developer","https://www.icsc.com/member/profile/116868"
"Randall Dawson","Strategic Retail Advisors","","","","","California","Owner/Developer","https://www.icsc.com/member/profile/558318"
"Edward de Avila","Village Partners","","","","","California","Owner/Developer","https://www.icsc.com/member/profile/572149"
"Kenny DeAngelis","Valore Ventures","","","","","California","Owner/Developer","https://www.icsc.com/member/profile/764445"
"Kristine Delacruz","The Walt Disney Company","","","","","California","Owner/Developer","https://www.icsc.com/member/profile/577947"
"Ruben Delatorre","Wasteless Solutions LLC","","","","","California","Owner/Developer","https://www.icsc.com/member/profile/832002"
"Brittany Delgado","Bottom Line Group LLC","","","","","California","Owner/Developer","https://www.icsc.com/member/profile/816310"
"Ryan Delijani","SREG","","","","","California","Owner/Developer","https://www.icsc.com/member/profile/790599"
"Sandra Dellibovi","Merlone Geier Management Inc.","","","","","California","Owner/Developer","https://www.icsc.com/member/profile/136797"
"Benny Dhanda","Dhanda Development Group Inc","","","","","California","Owner/Developer","https://www.icsc.com/member/profile/808534"
"Aj Dhanoa","Diamond Inner Circle Investments","","","","","California","Owner/Developer","https://www.icsc.com/member/profile/573812"
"Sandeep Dharni","GSD Development Inc","","","","","California","Owner/Developer","https://www.icsc.com/member/profile/854865"
"Sunny Dharni","GSD Development Inc","","","","","California","Owner/Developer","https://www.icsc.com/member/profile/826006"
"Robert Diel","Maverick California development","","","","","California","Owner/Developer","https://www.icsc.com/member/profile/869063"
"Mani Dilmaghanian","Starboard Realty Advisors, LLC","","","","","California","Owner/Developer","https://www.icsc.com/member/profile/582263"
"Marvin Dole","Vintage Properties, LP","","","","","California","Owner/Developer","https://www.icsc.com/member/profile/824091"
"Brian Dole","Vintage Properties, LP","","","","","California","Owner/Developer","https://www.icsc.com/member/profile/824080"
"Dale Donohoe","Intertex Property Advisors, Inc.","","","","","California","Owner/Developer","https://www.icsc.com/member/profile/284618"
"Lauren Dressler","Oak Place Partners, Inc.","","","","","California","Owner/Developer","https://www.icsc.com/member/profile/637421"
"Phillip Duke","Columbus Pacific Retail (CPR)","","","","","California","Owner/Developer","https://www.icsc.com/member/profile/201885"
"Colby Durnin","CREDE","","","","","California","Owner/Developer","https://www.icsc.com/member/profile/510444"
"Todd Dwyer","OnPoint Development","","","","","California","Owner/Developer","https://www.icsc.com/member/profile/625746"
"Stephen Edwards","Brandywine Homes","","","","","California","Owner/Developer","https://www.icsc.com/member/profile/830796"
"Alon Efraim","Efraim Parry Real Estate Companies","","","","","California","Owner/Developer","https://www.icsc.com/member/profile/828712"
"Farid Efraim","Efraim Parry Real Estate Companies","","","","","California","Owner/Developer","https://www.icsc.com/member/profile/828711"
"Fred Efraim","Efraim Parry Real Estate Companies","","","","","California","Owner/Developer","https://www.icsc.com/member/profile/475676"
"Ryan Eichorst","Gerrity Group","","","","","California","Owner/Developer","https://www.icsc.com/member/profile/833266"
"Matt Ellis","AND Asset Management Inc.","","","","","California","Owner/Developer","https://www.icsc.com/member/profile/809224"
"Richard Ellwood","TRC Retail","","","","","California","Owner/Developer","https://www.icsc.com/member/profile/122334"
"Fernando Escobedo","Ladhar Group Inc.","","","","","California","Owner/Developer","https://www.icsc.com/member/profile/809153"
"Greg Etter","Atomic Investments, Inc.","","","","","California","Owner/Developer","https://www.icsc.com/member/profile/754754"
"Shannon Faeh","Developers Resource Companies, Inc.","","","","","California","Owner/Developer","https://www.icsc.com/member/profile/796313"
"Jordan Farahnik","Nine Oak Investments","","","","","California","Owner/Developer","https://www.icsc.com/member/profile/823076"
"Michael Farahnik","StarPoint Properties","","","","","California","Owner/Developer","https://www.icsc.com/member/profile/391522"
"Evan Farahnik","Nine Oak Investments","","","","","California","Owner/Developer","https://www.icsc.com/member/profile/353630"
"Andrew Farhadi","CJ Park and Associates","","","","","California","Owner/Developer","https://www.icsc.com/member/profile/809495"
"Joe Faris","KJF Partners, Inc.","","","","","California","Owner/Developer","https://www.icsc.com/member/profile/126194"
"Craig Farkas","Harold Davidson & Associates, Inc.","","","","","California","Owner/Developer","https://www.icsc.com/member/profile/543650"
"Travis Farrell","Tourmaline Capital","","","","","California","Owner/Developer","https://www.icsc.com/member/profile/305752"
"Jacob Fedder","Net Lease Equities","","","","","California","Owner/Developer","https://www.icsc.com/member/profile/295775"
"Mark Fergus","CREDE","","","","","California","Owner/Developer","https://www.icsc.com/member/profile/860681"
"Greg Ferrell","Conehead Investments, INC.","","","","","California","Owner/Developer","https://www.icsc.com/member/profile/228686"
"Patrick Fiedler","Jet Speed Express","","","","","California","Owner/Developer","https://www.icsc.com/member/profile/846531"
"Gary Fields, CRRP, CRX","Regency Centers","","","","","California","Owner/Developer","https://www.icsc.com/member/profile/411268"
"Michael Fillebrown","Biehl And Fillebrown Development, LLC","","","","","California","Owner/Developer","https://www.icsc.com/member/profile/827937"
"Ted Flood","Sage Investco","","","","","California","Owner/Developer","https://www.icsc.com/member/profile/548609"
"Marta Flores","The Olson Company","","","","","California","Owner/Developer","https://www.icsc.com/member/profile/743731"
"David Fong","GoodLife HP","","","","","California","Owner/Developer","https://www.icsc.com/member/profile/833137"
"Curtis Fralin","Sticks Holdings, LLC","","","","","California","Owner/Developer","https://www.icsc.com/member/profile/116361"
"Scott Frick","OCVIBE","","","","","California","Owner/Developer","https://www.icsc.com/member/profile/854420"
"Andrew Fuentes","Black Equities, LLC","","","","","California","Owner/Developer","https://www.icsc.com/member/profile/779416"
"Danish Gajiani","Palms Investment Management LLC","","","","","California","Owner/Developer","https://www.icsc.com/member/profile/807276"
"Paresh Gajiwala","GSons Hospitality","","","","","California","Owner/Developer","https://www.icsc.com/member/profile/804015"
"Ryan Gallagher","Space Investment Partners","","","","","California","Owner/Developer","https://www.icsc.com/member/profile/334562"
"Zach Gaon","Federal Realty","","","","","California","Owner/Developer","https://www.icsc.com/member/profile/717800"
"Aaron Garcia","Regency Centers","","","","","California","Owner/Developer","https://www.icsc.com/member/profile/740861"
"Peter Garofalo","Related Companies","","","","","California","Owner/Developer","https://www.icsc.com/member/profile/855759"
"Grady Gauger","Boardwalk Investments Group","","","","","California","Owner/Developer","https://www.icsc.com/member/profile/853958"
"John Gebhardt","SEG Advisors","","","","","California","Owner/Developer","https://www.icsc.com/member/profile/120935"
"Cheri Geers","Thomason Development Company","","","","","California","Owner/Developer","https://www.icsc.com/member/profile/709116"
"William Geier","Portola Real Estate Partners","","","","","California","Owner/Developer","https://www.icsc.com/member/profile/850950"
"Dino Giacomazzi","Giacomazzi Almond Company, Inc","","","","","California","Owner/Developer","https://www.icsc.com/member/profile/673708"
"Jess Gianulias","Perform Properties","","","","","California","Owner/Developer","https://www.icsc.com/member/profile/789043"
"Tommy Gibbs","Perform Properties","","","","","California","Owner/Developer","https://www.icsc.com/member/profile/473448"
"Ryan Gifford","Gifford Miller Group","","","","","California","Owner/Developer","https://www.icsc.com/member/profile/858527"
"David Gilbert","Parish Development","","","","","California","Owner/Developer","https://www.icsc.com/member/profile/854405"
"Amritpal Gill","Handi Stop Markets","","","","","California","Owner/Developer","https://www.icsc.com/member/profile/854403"
"Harry Gill","Bottom Line Group LLC","","","","","California","Owner/Developer","https://www.icsc.com/member/profile/827888"
"Ryan Gillard","Gerrity Group","","","","","California","Owner/Developer","https://www.icsc.com/member/profile/382840"
"Ian Glish","AOK Capital, LLC","","","","","California","Owner/Developer","https://www.icsc.com/member/profile/869658"
"Robin Gohlke","The Walt Disney Company","","","","","California","Owner/Developer","https://www.icsc.com/member/profile/557372"
"Jeff Gold","Au Zone Ventures","","","","","California","Owner/Developer","https://www.icsc.com/member/profile/839689"
"Kate Gottlieb","Real Estate Affiliates, Inc.","","","","","California","Owner/Developer","https://www.icsc.com/member/profile/644996"
"Alan Gottlieb","Real Estate Affiliates, Inc.","","","","","California","Owner/Developer","https://www.icsc.com/member/profile/145881"
"Steve Gozini","BH Properties, LLC","","","","","California","Owner/Developer","https://www.icsc.com/member/profile/241655"
"Leonard Grado","Palos Verdes Properties Inc.","","","","","California","Owner/Developer","https://www.icsc.com/member/profile/784364"
"Evan Gramis","Sunset Square Properties LLC","","","","","California","Owner/Developer","https://www.icsc.com/member/profile/850518"
"Nick Grasu","Intracorp","","","","","California","Owner/Developer","https://www.icsc.com/member/profile/789580"
"Shannon Green","Arizona Partners","","","","","California","Owner/Developer","https://www.icsc.com/member/profile/146132"
"Deepinder Grewal","Lion Group","","","","","California","Owner/Developer","https://www.icsc.com/member/profile/597396"
"Brad Griffith","Brentwood Developments Inc.","","","","","California","Owner/Developer","https://www.icsc.com/member/profile/147434"
"Alex Gutierrez","Shapell Properties, Inc.","","","","","California","Owner/Developer","https://www.icsc.com/member/profile/825051"
"John Paul Haddadin","Crestview consolidated","","","","","California","Owner/Developer","https://www.icsc.com/member/profile/816978"
"Moshe Hager","Hager Pacific Properties","","","","","California","Owner/Developer","https://www.icsc.com/member/profile/827651"
"Ben Hagooli","Hagooli Brothers","","","","","California","Owner/Developer","https://www.icsc.com/member/profile/810215"
"Jeff Halbert","Blackpoint Properties, LLC","","","","","California","Owner/Developer","https://www.icsc.com/member/profile/179353"
"Christian Hallaian","Hallaian Properties","","","","","California","Owner/Developer","https://www.icsc.com/member/profile/307389"
"Kent Hallen","Pacific Properties","","","","","California","Owner/Developer","https://www.icsc.com/member/profile/95028"
"Robert Hamra","Anaheim Business Campus, LLC","","","","","California","Owner/Developer","https://www.icsc.com/member/profile/790001"
"Joshua Hanasab","Orum Capital","","","","","California","Owner/Developer","https://www.icsc.com/member/profile/670194"
"Jonathan Hanasab","Orum Capital","","","","","California","Owner/Developer","https://www.icsc.com/member/profile/549625"
"James Hanson","Havadjia Holdings, LLC","","","","","California","Owner/Developer","https://www.icsc.com/member/profile/835621"
"Brian Hardy","Richland Investments","","","","","California","Owner/Developer","https://www.icsc.com/member/profile/831964"
"William Harrison","Shapell Properties, Inc.","","","","","California","Owner/Developer","https://www.icsc.com/member/profile/807395"
"Ramin Hashemi","Desert Horizon","","","","","California","Owner/Developer","https://www.icsc.com/member/profile/810182"
"Josh Hatfield","Perform Properties","","","","","California","Owner/Developer","https://www.icsc.com/member/profile/843760"
"William Heidel","Wilson Meany","","","","","California","Owner/Developer","https://www.icsc.com/member/profile/271795"
"Paul Henry","Patoma Inc","","","","","California","Owner/Developer","https://www.icsc.com/member/profile/627454"
"Michael Heslov","Michael Heslov","","","","","California","Owner/Developer","https://www.icsc.com/member/profile/787661"
"Jennifer Hess","Regency Centers","","","","","California","Owner/Developer","https://www.icsc.com/member/profile/272818"
"Bob Heyman CPA","The Heyman Company","","","","","California","Owner/Developer","https://www.icsc.com/member/profile/105405"
"Mark Hoekstra CPM","Intersection, Inc.","","","","","California","Owner/Developer","https://www.icsc.com/member/profile/335147"
"Stephen Hopkins","Hopkins Real Estate","","","","","California","Owner/Developer","https://www.icsc.com/member/profile/92353"
"Amy Hopkins","Blackpoint Properties, LLC","","","","","California","Owner/Developer","https://www.icsc.com/member/profile/792851"
"David Horenstein","D.H. Holdings, Inc.","","","","","California","Owner/Developer","https://www.icsc.com/member/profile/207356"
"Peter Horn","BH Properties, LLC","","","","","California","Owner/Developer","https://www.icsc.com/member/profile/824924"
"Kamryn Hovey","Perform Properties","","","","","California","Owner/Developer","https://www.icsc.com/member/profile/864860"
"Richard Hoy Project Management Professional","Omni Development group","","","","","California","Owner/Developer","https://www.icsc.com/member/profile/782400"
"Joe Huang","Eastridge Management LLC","","","","","California","Owner/Developer","https://www.icsc.com/member/profile/829095"
"Mark Hutchinson","Dunhill Partners West","","","","","California","Owner/Developer","https://www.icsc.com/member/profile/264099"
"Stanley Iezman","American Realty Advisors, Inc.","","","","","California","Owner/Developer","https://www.icsc.com/member/profile/100700"
"Christian Irwin","Federal Realty","","","","","California","Owner/Developer","https://www.icsc.com/member/profile/492941"
"Raoul Isaac","TRANSBAY REAL ESTATE","","","","","California","Owner/Developer","https://www.icsc.com/member/profile/277905"
"Amin Issa","ANT Group LLC","","","","","California","Owner/Developer","https://www.icsc.com/member/profile/558351"
"Chris Itule","Itule Real Estate Group","","","","","California","Owner/Developer","https://www.icsc.com/member/profile/624968"
"Cameron Jabara","Boardwalk Investments Group","","","","","California","Owner/Developer","https://www.icsc.com/member/profile/853956"
"Jason Jaffe","Steerpoint Capital","","","","","California","Owner/Developer","https://www.icsc.com/member/profile/807732"
"Kelley Jay","Columbus Pacific Retail (CPR)","","","","","California","Owner/Developer","https://www.icsc.com/member/profile/781237"
"Janel Jensen","BH Properties, LLC","","","","","California","Owner/Developer","https://www.icsc.com/member/profile/850945"
"Joshua Johnson","Laventille Investments","","","","","California","Owner/Developer","https://www.icsc.com/member/profile/851730"
"Paul R Johnson","CJ'S PREMIUM CAR WASH INC.","","","","","California","Owner/Developer","https://www.icsc.com/member/profile/839490"
"Lauren Johnson","West Harbor","","","","","California","Owner/Developer","https://www.icsc.com/member/profile/785944"
"Cameron Johnson","Sun Mountain Development Group, LLC","","","","","California","Owner/Developer","https://www.icsc.com/member/profile/739404"
"LUKE JOHNSTON","Boardwalk Investments Group","","","","","California","Owner/Developer","https://www.icsc.com/member/profile/853955"
"Taylor Judkins","G3 Concepts, Inc.","","","","","California","Owner/Developer","https://www.icsc.com/member/profile/804357"
"Sharad Kadakia","Greens Development","","","","","California","Owner/Developer","https://www.icsc.com/member/profile/739220"
"Atman Kadakia","Greens Development","","","","","California","Owner/Developer","https://www.icsc.com/member/profile/599074"
"Bryan Kang","DOS LAGOS CRN LLC","","","","","California","Owner/Developer","https://www.icsc.com/member/profile/845759"
"BRYAN KANG","DOS LAGOS CRN LLC","","","","","California","Owner/Developer","https://www.icsc.com/member/profile/642751"
"Nick Karnazes","TownCentre Capital","","","","","California","Owner/Developer","https://www.icsc.com/member/profile/801785"
"Jeffrey Karsh","Tryperion Holdings","","","","","California","Owner/Developer","https://www.icsc.com/member/profile/853592"
"Vince Kattoula","Kattoula & Associates","","","","","California","Owner/Developer","https://www.icsc.com/member/profile/789449"
"Kevin Kawachi","Riderwood USA Inc","","","","","California","Owner/Developer","https://www.icsc.com/member/profile/855955"
"Ray Kayacan","Regency Centers","","","","","California","Owner/Developer","https://www.icsc.com/member/profile/695835"
"Cody Kermanian","Parklane Investments","","","","","California","Owner/Developer","https://www.icsc.com/member/profile/822501"
"Sam Kermanian","Parklane Investments","","","","","California","Owner/Developer","https://www.icsc.com/member/profile/802702"
"Justin Kerner","U.S. Realty Partners, Inc.","","","","","California","Owner/Developer","https://www.icsc.com/member/profile/771934"
"Jay Kerner","U.S. Realty Partners, Inc.","","","","","California","Owner/Developer","https://www.icsc.com/member/profile/111887"
"Prabhjot Khinda","Orbit Land Solutions","","","","","California","Owner/Developer","https://www.icsc.com/member/profile/848748"
"Eman Khoubian","CRE Advisors LLC","","","","","California","Owner/Developer","https://www.icsc.com/member/profile/854408"
"Doug Kiel","California Gold Development Corp","","","","","California","Owner/Developer","https://www.icsc.com/member/profile/782724"
"Aaron Kin","Crescent Properties","","","","","California","Owner/Developer","https://www.icsc.com/member/profile/329306"
"Joseph Kornwasser","Kornwasser Shopping Center Properties, LLC","","","","","California","Owner/Developer","https://www.icsc.com/member/profile/92629"
"Jeffrey Kreshek, CLS, CSM","Federal Realty","","","","","California","Owner/Developer","https://www.icsc.com/member/profile/117990"
"Debi Kroger","Boardwalk Investments Group","","","","","California","Owner/Developer","https://www.icsc.com/member/profile/801794"
"Wendy Lacko","JL Management","","","","","California","Owner/Developer","https://www.icsc.com/member/profile/849165"
"Chris Lagomarsino","Brandywine Homes","","","","","California","Owner/Developer","https://www.icsc.com/member/profile/858687"
"Tina Lai","Sunrise Global Investment LLC","","","","","California","Owner/Developer","https://www.icsc.com/member/profile/788763"
"Raquel Laman","Regency Centers","","","","","California","Owner/Developer","https://www.icsc.com/member/profile/697965"
"Cecilia Larroque","El Florido California S.A. de C.V.","","","","","California","Owner/Developer","https://www.icsc.com/member/profile/801527"
"Chase Larscheid","TownCentre Capital","","","","","California","Owner/Developer","https://www.icsc.com/member/profile/801485"
"Chris Lattanzio","Latco Enterprises","","","","","California","Owner/Developer","https://www.icsc.com/member/profile/544224"
"Edward Laufer","Regency Centers","","","","","California","Owner/Developer","https://www.icsc.com/member/profile/717939"
"Jennifer Leavy","Regency Centers","","","","","California","Owner/Developer","https://www.icsc.com/member/profile/781585"
"MC Joyce Lee","OCVIBE","","","","","California","Owner/Developer","https://www.icsc.com/member/profile/868242"
"Ken Lee","Pacific Plaza Premier Development Group","","","","","California","Owner/Developer","https://www.icsc.com/member/profile/672696"
"Andrew Lehrhoff","TownCentre Capital","","","","","California","Owner/Developer","https://www.icsc.com/member/profile/860549"
"Jose Lemus","Atwater Infrastructure Partners","","","","","California","Owner/Developer","https://www.icsc.com/member/profile/827696"
"Robert Levy","LBX Investments LLC","","","","","California","Owner/Developer","https://www.icsc.com/member/profile/228628"
"Grace Liang Esq","The Walt Disney Company","","","","","California","Owner/Developer","https://www.icsc.com/member/profile/441440"
"Walter Lin","Lin Investments, Inc.","","","","","California","Owner/Developer","https://www.icsc.com/member/profile/258701"
"Jonathan Lischke","Merlone Geier Management Inc.","","","","","California","Owner/Developer","https://www.icsc.com/member/profile/383395"
"Kan Loi","Bradshaw International Development, LLC","","","","","California","Owner/Developer","https://www.icsc.com/member/profile/848987"
"John Love","Shapell Properties, Inc.","","","","","California","Owner/Developer","https://www.icsc.com/member/profile/302744"
"Kimberly Low","Kilroy Realty Corporation","","","","","California","Owner/Developer","https://www.icsc.com/member/profile/859176"
"Jason Lowenthal","Wafra, Inc.","","","","","California","Owner/Developer","https://www.icsc.com/member/profile/853075"
"Lee Lowrey","Arbor Capital Partners LLC","","","","","California","Owner/Developer","https://www.icsc.com/member/profile/759784"
"Joshua Luke","DO Capital Group","","","","","California","Owner/Developer","https://www.icsc.com/member/profile/836874"
"Mark Luther","Luther Companies","","","","","California","Owner/Developer","https://www.icsc.com/member/profile/796764"
"Allen Lynch, CLS, CRRP, CRX","LGI Real Estate Group","","","","","California","Owner/Developer","https://www.icsc.com/member/profile/98928"
"Karen Lyons","Riviera Center Management","","","","","California","Owner/Developer","https://www.icsc.com/member/profile/545178"
"John Madonna","JMC","","","","","California","Owner/Developer","https://www.icsc.com/member/profile/580646"
"David Malayil","Passive Income Properties","","","","","California","Owner/Developer","https://www.icsc.com/member/profile/855352"
"Anthony Marconi","3D Investments","","","","","California","Owner/Developer","https://www.icsc.com/member/profile/856315"
"Kris Marmol","Marmol Industrial Partners LLC","","","","","California","Owner/Developer","https://www.icsc.com/member/profile/870505"
"James Martin","TownCentre Capital","","","","","California","Owner/Developer","https://www.icsc.com/member/profile/636044"
"Rick Martinez","Magellan Value Partners","","","","","California","Owner/Developer","https://www.icsc.com/member/profile/863104"
"John Mastandrea","La Caze Development Company","","","","","California","Owner/Developer","https://www.icsc.com/member/profile/203549"
"Michael Masterson","Landstar Companies","CEO","7142998549","","","California","Owner/Developer","https://www.icsc.com/member/profile/803587"
"Vanesa Mata","Pacific First Capital Group","","","","","California","Owner/Developer","https://www.icsc.com/member/profile/856180"
"Jeffrey Mayhew","Strata Properties","","","","","California","Owner/Developer","https://www.icsc.com/member/profile/128184"
"Floyd Mayweather","Vada Properties, LLC","","","","","California","Owner/Developer","https://www.icsc.com/member/profile/856737"
"April McCaffery","The Walt Disney Company","","","","","California","Owner/Developer","https://www.icsc.com/member/profile/686089"
"William McDonald","Perform Properties","","","","","California","Owner/Developer","https://www.icsc.com/member/profile/830115"
"Hughes McLaughlin","BH Properties, LLC","Managing Director, Acquisitions","3108208888","","","California","Owner/Developer","https://www.icsc.com/member/profile/803213"
"Scott McPherson","Merlone Geier Management Inc.","","","","","California","Owner/Developer","https://www.icsc.com/member/profile/113494"
"John Mehigan, CDP","Regency Centers","","","","","California","Owner/Developer","https://www.icsc.com/member/profile/203020"
"Keith Mellor","ProEquity Asset Management","","","","","California","Owner/Developer","https://www.icsc.com/member/profile/249821"
"Neil Mendrin","Milicic Farming LLC","","","","","California","Owner/Developer","https://www.icsc.com/member/profile/790506"
"Douglas Merkel","Unibail-Rodamco-Westfield","","","","","California","Owner/Developer","https://www.icsc.com/member/profile/858873"
"Toni Merrihew","Chandi Group USA, Inc.","","","","","California","Owner/Developer","https://www.icsc.com/member/profile/648979"
"George Mersho","Mershops Properties","","","","","California","Owner/Developer","https://www.icsc.com/member/profile/829686"
"George Meshkanian Sr","CAL X PROPERTIES LLC","","","","","California","Owner/Developer","https://www.icsc.com/member/profile/345472"
"Greg Mickelson","GM Realty Advisors LLC","","","","","California","Owner/Developer","https://www.icsc.com/member/profile/95048"
"Sameer Misson","Bayfield Investments, LLC","","","","","California","Owner/Developer","https://www.icsc.com/member/profile/868086"
"Jon-Paul Momsen","Harbert Management Corporation","","","","","California","Owner/Developer","https://www.icsc.com/member/profile/329130"
"Rory Moore","EVroadway","","","","","California","Owner/Developer","https://www.icsc.com/member/profile/856323"
"Kelly Moore","Zapolski Real Estate, LLC","","","","","California","Owner/Developer","https://www.icsc.com/member/profile/571581"
"Max Moray","OSM Investment Company","","","","","California","Owner/Developer","https://www.icsc.com/member/profile/854243"
"Greg Moritz","Related Companies","","","","","California","Owner/Developer","https://www.icsc.com/member/profile/856442"
"Rich Mortensen","Jet Speed Express","","","","","California","Owner/Developer","https://www.icsc.com/member/profile/836121"
"Gary Muljat","Merlone Geier Management Inc.","","","","","California","Owner/Developer","https://www.icsc.com/member/profile/127735"
"Joe Munoz","Centers Dynamic Partners","","","","","California","Owner/Developer","https://www.icsc.com/member/profile/383039"
"Weston Murphy","American Realty Advisors, Inc.","","","","","California","Owner/Developer","https://www.icsc.com/member/profile/801350"
"Kori Murphy","Perform Properties","","","","","California","Owner/Developer","https://www.icsc.com/member/profile/424219"
"Frank Mushmel","Mushmel Properties Corp.","","","","","California","Owner/Developer","https://www.icsc.com/member/profile/663586"
"Mo Naraghi","Columbus Pacific Retail (CPR)","","","","","California","Owner/Developer","https://www.icsc.com/member/profile/849837"
"Dietrich Nascimento","Laguna Canyon Group","","","","","California","Owner/Developer","https://www.icsc.com/member/profile/747143"
"Alec Negri","Nine Oak Investments","","","","","California","Owner/Developer","https://www.icsc.com/member/profile/775861"
"David Nguyen","JDN Properties LLC","","","","","California","Owner/Developer","https://www.icsc.com/member/profile/803527"
"Jack Nguyen","JDN Properties LLC","","","","","California","Owner/Developer","https://www.icsc.com/member/profile/803524"
"Matt Nielson","Evergreen Devco, Inc","","","","","California","Owner/Developer","https://www.icsc.com/member/profile/537679"
"Lauren Nisenbaum","BH Properties, LLC","","","","","California","Owner/Developer","https://www.icsc.com/member/profile/625052"
"Darrin Nishi","Tripeak Development Co.","","","","","California","Owner/Developer","https://www.icsc.com/member/profile/735249"
"Randy Nonberg","UDO Real Estate, Ltd.","","","","","California","Owner/Developer","https://www.icsc.com/member/profile/131632"
"Ted O'Connor","California Mutual","","","","","California","Owner/Developer","https://www.icsc.com/member/profile/206009"
"Robert O’Gorman","Ironwood Real Estate Partners","","","","","California","Owner/Developer","https://www.icsc.com/member/profile/854178"
"Nicholas Oertli","Marhilus Ventures","","","","","California","Owner/Developer","https://www.icsc.com/member/profile/783036"
"Darcey Oldhafer, CDP, CLS, CRX","Intertex Property Advisors, Inc.","","","","","California","Owner/Developer","https://www.icsc.com/member/profile/301815"
"Dane Olson","Nexus Development Corporation","","","","","California","Owner/Developer","https://www.icsc.com/member/profile/835470"
"Todd Olson","The Olson Company","","","","","California","Owner/Developer","https://www.icsc.com/member/profile/267854"
"Daichi Onodera","JINUSHI USA INC","","","","","California","Owner/Developer","https://www.icsc.com/member/profile/778315"
"Angel Orozco","Greens Development","","","","","California","Owner/Developer","https://www.icsc.com/member/profile/747361"
"Rory Packer","The Arba Group, Inc.","","","","","California","Owner/Developer","https://www.icsc.com/member/profile/174234"
"Marc Pakravan","Condor West","","","","","California","Owner/Developer","https://www.icsc.com/member/profile/785332"
"James Pallios","PALLIOS PROPERTIES","","","","","California","Owner/Developer","https://www.icsc.com/member/profile/578032"
"Colin Pancrazi","Intersection, Inc.","","","","","California","Owner/Developer","https://www.icsc.com/member/profile/816681"
"Britney Parent","Wood Investments Companies, Inc.","","","","","California","Owner/Developer","https://www.icsc.com/member/profile/763234"
"Tammy Park","OCVIBE","","","","","California","Owner/Developer","https://www.icsc.com/member/profile/862308"
"Sang Park","U.S. Realty Partners, Inc.","","","","","California","Owner/Developer","https://www.icsc.com/member/profile/719127"
"Brian Park","BH Properties, LLC","","","","","California","Owner/Developer","https://www.icsc.com/member/profile/541893"
"Keith Parry","Efraim Parry Real Estate Companies","","","","","California","Owner/Developer","https://www.icsc.com/member/profile/828710"
"Alex Patel","Freedom Petro Inc","","","","","California","Owner/Developer","https://www.icsc.com/member/profile/855128"
"Bryan Patel","Jade Group","","","","","California","Owner/Developer","https://www.icsc.com/member/profile/811980"
"Nathan Patterson","California Gold Development Corp","","","","","California","Owner/Developer","https://www.icsc.com/member/profile/788782"
"Tim peach","TNC Properties","","","","","California","Owner/Developer","https://www.icsc.com/member/profile/803122"
"Arthur Pearlman","Arthur Pearlman Corporation","","","","","California","Owner/Developer","https://www.icsc.com/member/profile/92436"
"Dominic Perlman","Steerpoint Capital","","","","","California","Owner/Developer","https://www.icsc.com/member/profile/854204"
"Chris Peto","5th Street Development","","","","","California","Owner/Developer","https://www.icsc.com/member/profile/829487"
"Pavel Petrov","Astral Development","","","","","California","Owner/Developer","https://www.icsc.com/member/profile/855622"
"Taylor Pham, CLS","Merlone Geier Management Inc.","","","","","California","Owner/Developer","https://www.icsc.com/member/profile/336687"
"Meryl Phay","ExchangeRight Real Estate","","","","","California","Owner/Developer","https://www.icsc.com/member/profile/816533"
"David Pittman","Acacia Real Estate Group, Inc.","","","","","California","Owner/Developer","https://www.icsc.com/member/profile/785665"
"Steven Pollock","OnPoint Development","","","","","California","Owner/Developer","https://www.icsc.com/member/profile/794404"
"Koko Polosajian","ikon development","","","","","California","Owner/Developer","https://www.icsc.com/member/profile/817159"
"Todd Porter","Lamar Advertising","","","","","California","Owner/Developer","https://www.icsc.com/member/profile/803433"
"Erin Poulson Morris","Wonderful Real Estate","","","","","California","Owner/Developer","https://www.icsc.com/member/profile/723241"
"Steve Powell","Woodcrest Real Estate Ventures","","","","","California","Owner/Developer","https://www.icsc.com/member/profile/831969"
"Michael Provenzano III","PRM Real Estate Holdings, LLC","","","","","California","Owner/Developer","https://www.icsc.com/member/profile/309304"
"Elizabeth Puccinelli","Puccinelli Ventures","","","","","California","Owner/Developer","https://www.icsc.com/member/profile/796439"
"Henry Pyle","Chartwell Real Estate Development","","","","","California","Owner/Developer","https://www.icsc.com/member/profile/852313"
"Greg Quiring","Santa Lucia Ventures","","","","","California","Owner/Developer","https://www.icsc.com/member/profile/832122"
"Camiar Rabban","eri commercial","","","","","California","Owner/Developer","https://www.icsc.com/member/profile/802704"
"Danny Rabbanian","Shenandoah Investment LLC","","","","","California","Owner/Developer","https://www.icsc.com/member/profile/809913"
"BARRY RASKIN","2J Investment Group, LLC","","","","","California","Owner/Developer","https://www.icsc.com/member/profile/835640"
"Jona Rechnitz","Vada Properties, LLC","","","","","California","Owner/Developer","https://www.icsc.com/member/profile/856577"
"Ronald Recht","Pacific Development Partners","","","","","California","Owner/Developer","https://www.icsc.com/member/profile/114442"
"Wes Reef","U.S. Realty Partners, Inc.","","","","","California","Owner/Developer","https://www.icsc.com/member/profile/855247"
"John Reekstin","The Olson Company","","","","","California","Owner/Developer","https://www.icsc.com/member/profile/446869"
"Brooke Riedman","IQHQ","","","","","California","Owner/Developer","https://www.icsc.com/member/profile/804563"
"Alan Robertson","PTA Real Estate","","","","","California","Owner/Developer","https://www.icsc.com/member/profile/783854"
"Terrin Robinson","Laurich Properties, Inc.","","","","","California","Owner/Developer","https://www.icsc.com/member/profile/866872"
"Robert Rodde","The Rodde Company","","","","","California","Owner/Developer","https://www.icsc.com/member/profile/94816"
"Joe Rodrigues","TownCentre Capital","","","","","California","Owner/Developer","https://www.icsc.com/member/profile/794540"
"Andrew Rodriguez","Sunjoint Development LLC","","","","","California","Owner/Developer","https://www.icsc.com/member/profile/852533"
"Michelle Rooney","Regency Centers","","","","","California","Owner/Developer","https://www.icsc.com/member/profile/812836"
"Brian Rosenstein","Brookhill Corp.","","","","","California","Owner/Developer","https://www.icsc.com/member/profile/660706"
"Mark Ross","Perform Properties","","","","","California","Owner/Developer","https://www.icsc.com/member/profile/486881"
"Michael Rothacker","Cadence Capital Investments","","","","","California","Owner/Developer","https://www.icsc.com/member/profile/721925"
"Stanley Rothbart","Rothbart Development Corporation","","","","","California","Owner/Developer","https://www.icsc.com/member/profile/101206"
"Michelle Rubin","Regional Properties Inc.","","","","","California","Owner/Developer","https://www.icsc.com/member/profile/372130"
"Bob Russi","Sunjoint Development LLC","","","","","California","Owner/Developer","https://www.icsc.com/member/profile/824632"
"Jodi Rycyzyn","Kilroy Realty Corporation","","","","","California","Owner/Developer","https://www.icsc.com/member/profile/793085"
"Samer Sabbah","Omni Development group","","","","","California","Owner/Developer","https://www.icsc.com/member/profile/663819"
"Khalid Saddique","DYI INVEST INC.","","","","","California","Owner/Developer","https://www.icsc.com/member/profile/667917"
"Faraz Saeed","Premier Realty","","","","","California","Owner/Developer","https://www.icsc.com/member/profile/793043"
"Eric Sahn","Real Property Venture Capital","","","","","California","Owner/Developer","https://www.icsc.com/member/profile/300936"
"thesia Saleh","Pacific Bay Ventures","","","","","California","Owner/Developer","https://www.icsc.com/member/profile/861032"
"Erin Saltzman","Regency Centers","","","","","California","Owner/Developer","https://www.icsc.com/member/profile/448698"
"Timothy Salyers","EVroadway","","","","","California","Owner/Developer","https://www.icsc.com/member/profile/856207"
"Christopher Sanchez","Regency Centers","","","","","California","Owner/Developer","https://www.icsc.com/member/profile/633056"
"Uday Singh Sandhu","Westley truck stop inc","","","","","California","Owner/Developer","https://www.icsc.com/member/profile/817321"
"Maria chiara Santi","Menifee Town Center","","","","","California","Owner/Developer","https://www.icsc.com/member/profile/807770"
"Frank Sarabia","1031 Equity Exchange, LLC","","","","","California","Owner/Developer","https://www.icsc.com/member/profile/809469"
"Bijan Sassounian","SAS Development","","","","","California","Owner/Developer","https://www.icsc.com/member/profile/274251"
"Michael Scandaliato","Wood Investments Companies, Inc.","","","","","California","Owner/Developer","https://www.icsc.com/member/profile/863668"
"Matthew Schreiber","Foundational Real Estate","","","","","California","Owner/Developer","https://www.icsc.com/member/profile/855659"
"Sam Schroeder","Pearl Capital","","","","","California","Owner/Developer","https://www.icsc.com/member/profile/868952"
"Kyle Schulman","Tryperion Holdings","","","","","California","Owner/Developer","https://www.icsc.com/member/profile/852691"
"STEPHEN SCHWARTZ","Dorothy Homes","","","","","California","Owner/Developer","https://www.icsc.com/member/profile/855399"
"Jason Schwetz, CRX, CSM","JDS Real Estate","","","","","California","Owner/Developer","https://www.icsc.com/member/profile/99553"
"Sara Seaman","ExchangeRight Real Estate","","","","","California","Owner/Developer","https://www.icsc.com/member/profile/806758"
"Jacob Sedgh","Sedgh Group LLC","","","","","California","Owner/Developer","https://www.icsc.com/member/profile/566533"
"Carl Segal","PRDC","","","","","California","Owner/Developer","https://www.icsc.com/member/profile/810386"
"Adam Serafin","California Gold Development","","","","","California","Owner/Developer","https://www.icsc.com/member/profile/410425"
"Louis Sergi","U.S. Realty Partners, Inc.","","","","","California","Owner/Developer","https://www.icsc.com/member/profile/860514"
"Sophia Shaheen","Regency Centers","","","","","California","Owner/Developer","https://www.icsc.com/member/profile/860887"
"Jillian Shannon","Gerrity Group","","","","","California","Owner/Developer","https://www.icsc.com/member/profile/749546"
"Soraya Sharifi CCIM","Merlone Geier Management Inc.","","","","","California","Owner/Developer","https://www.icsc.com/member/profile/348333"
"Martin Sheinbein","Legion Capital","","","","","California","Owner/Developer","https://www.icsc.com/member/profile/789387"
"Eric Shulman","Flying Horse Investments","","","","","California","Owner/Developer","https://www.icsc.com/member/profile/375881"
"Adam Sich CCIM, CDP, CLS, CRRP, CRX, CSM","Pacific Retail Capital Partners","","","","","California","Owner/Developer","https://www.icsc.com/member/profile/332420"
"Scott Silberberg","Waypoint Development Group, LLC","","","","","California","Owner/Developer","https://www.icsc.com/member/profile/710732"
"Scott Silberberg","Waypoint Development Group, LLC","","","","","California","Owner/Developer","https://www.icsc.com/member/profile/320964"
"Danny Simon","Pacific First Capital Group","","","","","California","Owner/Developer","https://www.icsc.com/member/profile/856160"
"Hollie Simunovic","Jamestown, LP","","","","","California","Owner/Developer","https://www.icsc.com/member/profile/846593"
"Amrit Singh","GSC & SON CORPORATION","","","","","California","Owner/Developer","https://www.icsc.com/member/profile/856389"
"Jay Singh","Orbit Land Solutions","","","","","California","Owner/Developer","https://www.icsc.com/member/profile/854990"
"Manroop Singh","Silver Streak Ranches INC","","","","","California","Owner/Developer","https://www.icsc.com/member/profile/853110"
"Sukhdeep Singh","NYG Capital Group LLC","","","","","California","Owner/Developer","https://www.icsc.com/member/profile/832584"
"Rajdeep Singh","SWS Land Development Company Inc.","","","","","California","Owner/Developer","https://www.icsc.com/member/profile/829133"
"Manjot Singh","Apollo Real Estate Consulting","","","","","California","Owner/Developer","https://www.icsc.com/member/profile/817073"
"SARJIWAN SINGH","Dhanda Development Group Inc","","","","","California","Owner/Developer","https://www.icsc.com/member/profile/809814"
"Prabhjot Singh","Raja Chandi Group","","","","","California","Owner/Developer","https://www.icsc.com/member/profile/740291"
"Jinder Singh","Ladhar Group Inc.","","","","","California","Owner/Developer","https://www.icsc.com/member/profile/739158"
"Jasjit Singh","Jsc investments llc","","","","","California","Owner/Developer","https://www.icsc.com/member/profile/685901"
"Ryan Skvarla","Banyan Tree Management, INC.","","","","","California","Owner/Developer","https://www.icsc.com/member/profile/597796"
"Doug Smith","G3 Enterprises","","","","","California","Owner/Developer","https://www.icsc.com/member/profile/849003"
"Brian Smith","Lamar Advertising","","","","","California","Owner/Developer","https://www.icsc.com/member/profile/803430"
"Brad Sobel","The Sobel Company, Inc.","","","","","California","Owner/Developer","https://www.icsc.com/member/profile/321597"
"Dhanesh Solanki","Solanki Real Estate Investments","","","","","California","Owner/Developer","https://www.icsc.com/member/profile/788278"
"Adam Sparks","Rothbart Development Corporation","","","","","California","Owner/Developer","https://www.icsc.com/member/profile/787627"
"Matthew Spector","Strategic Retail Advisors","","","","","California","Owner/Developer","https://www.icsc.com/member/profile/855380"
"Joe Spicer","Flying Horse Investments","","","","","California","Owner/Developer","https://www.icsc.com/member/profile/805879"
"Alex Spotswood","Bailard, Inc","","","","","California","Owner/Developer","https://www.icsc.com/member/profile/710186"
"Jack Steger","Steerpoint Capital","","","","","California","Owner/Developer","https://www.icsc.com/member/profile/824763"
"Alec Stone","Empire Realty Group, LLC","","","","","California","Owner/Developer","https://www.icsc.com/member/profile/776194"
"Ben Strom","Evig Capital LLC","","","","","California","Owner/Developer","https://www.icsc.com/member/profile/833149"
"Timothy Sullivan","Merlone Geier Management Inc.","","","","","California","Owner/Developer","https://www.icsc.com/member/profile/374728"
"Jan Sweetnam","Federal Realty","","","","","California","Owner/Developer","https://www.icsc.com/member/profile/137591"
"Alisa Taggart","Regency Centers","","","","","California","Owner/Developer","https://www.icsc.com/member/profile/757560"
"Adrian Taghdiri","Shapell Properties, Inc.","","","","","California","Owner/Developer","https://www.icsc.com/member/profile/583270"
"Allyssa Talbott","Sage Investco","","","","","California","Owner/Developer","https://www.icsc.com/member/profile/854279"
"Maria Talpas","TownCentre Capital","","","","","California","Owner/Developer","https://www.icsc.com/member/profile/611530"
"Brandon Taubman","Stablewood Properties","","","","","California","Owner/Developer","https://www.icsc.com/member/profile/854963"
"Larry Tepper","CAL Properties","","","","","California","Owner/Developer","https://www.icsc.com/member/profile/618415"
"Masahide Terashita","JINUSHI USA INC","","","","","California","Owner/Developer","https://www.icsc.com/member/profile/778314"
"Milo Terzich","USA Properties Fund, Inc.","","","","","California","Owner/Developer","https://www.icsc.com/member/profile/827323"
"Stephen Terzolo","CenterCal Properties, LLC","","","","","California","Owner/Developer","https://www.icsc.com/member/profile/618696"
"Philip Teyssier","Atomic Investments, Inc.","","","","","California","Owner/Developer","https://www.icsc.com/member/profile/621644"
"David Thomas","Federal Realty","","","","","California","Owner/Developer","https://www.icsc.com/member/profile/848938"
"Sam Thomas","Thomas Properties Inc.","","","","","California","Owner/Developer","https://www.icsc.com/member/profile/498498"
"Colby Thomason","Thomason Development Company","","","","","California","Owner/Developer","https://www.icsc.com/member/profile/709104"
"Michael Thomason","Thomason Development Company","","","","","California","Owner/Developer","https://www.icsc.com/member/profile/167983"
"Devin Tienken","Legacy Realty & Development","","","","","California","Owner/Developer","https://www.icsc.com/member/profile/822137"
"Eric Tienken","Legacy Realty & Development","","","","","California","Owner/Developer","https://www.icsc.com/member/profile/611253"
"Charanjeet Tiwana Purewal","KozPure Development","","","","","California","Owner/Developer","https://www.icsc.com/member/profile/855083"
"Mahlon Tobias","Tobias Commercial","","","","","California","Owner/Developer","https://www.icsc.com/member/profile/806561"
"Aaron Tofani","Jet Speed Express","","","","","California","Owner/Developer","https://www.icsc.com/member/profile/846533"
"Paul Tompkins","NKT Commercial LLC","","","","","California","Owner/Developer","https://www.icsc.com/member/profile/788841"
"Patrick Tooley","Tooley Asset Services","","","","","California","Owner/Developer","https://www.icsc.com/member/profile/142576"
"Kia Torkan","ICO Real Estate Group","","","","","California","Owner/Developer","https://www.icsc.com/member/profile/852658"
"Robert Toro","California Gold Development Corp","","","","","California","Owner/Developer","https://www.icsc.com/member/profile/807587"
"Ariella Traficante","Black Equities, LLC","","","","","California","Owner/Developer","https://www.icsc.com/member/profile/855344"
"Robert Tuller","First National Realty Partners","","","","","California","Owner/Developer","https://www.icsc.com/member/profile/663754"
"Paul Turbow","Unibail-Rodamco-Westfield","","","","","California","Owner/Developer","https://www.icsc.com/member/profile/812979"
"Michael Turner","ProEquity Asset Management","","","","","California","Owner/Developer","https://www.icsc.com/member/profile/352334"
"Juggy Tut","Elite Developments Inc","","","","","California","Owner/Developer","https://www.icsc.com/member/profile/804013"
"Rick Ugalde","Signal Hill Development","","","","","California","Owner/Developer","https://www.icsc.com/member/profile/771089"
"Martin Van Ardenne","Seligman & Associates","","","","","California","Owner/Developer","https://www.icsc.com/member/profile/281243"
"Andrew Van Tuyle","BH Properties, LLC","","","","","California","Owner/Developer","https://www.icsc.com/member/profile/239081"
"Chris Vanni","Vanni Properties Inc.","","","","","California","Owner/Developer","https://www.icsc.com/member/profile/795320"
"Armand Vasquez","Market Street Development, LLC","","","","","California","Owner/Developer","https://www.icsc.com/member/profile/137155"
"Taylor Vaughan","Regency Centers","","","","","California","Owner/Developer","https://www.icsc.com/member/profile/318323"
"Cassidy Viilo","Brookhill Corp.","","","","","California","Owner/Developer","https://www.icsc.com/member/profile/858702"
"Jay Virk","Bottom Line Group LLC","","","","","California","Owner/Developer","https://www.icsc.com/member/profile/789023"
"Edwin Voskanian","Voskanian Investment Group Inc.","","","","","California","Owner/Developer","https://www.icsc.com/member/profile/386260"
"Matthew Wade","Landstar Companies","","","","","California","Owner/Developer","https://www.icsc.com/member/profile/855397"
"Andrew Walcker","Overland Development","","","","","California","Owner/Developer","https://www.icsc.com/member/profile/809384"
"Clare Walsh","Asana Partners","","","","","California","Owner/Developer","https://www.icsc.com/member/profile/719188"
"Kelly Wang","Diamond Inner Circle Investments","","","","","California","Owner/Developer","https://www.icsc.com/member/profile/853414"
"Megan Watson","Grubb Properties, LLC","","","","","California","Owner/Developer","https://www.icsc.com/member/profile/862052"
"David Webber","Wood Investments Companies, Inc.","","","","","California","Owner/Developer","https://www.icsc.com/member/profile/288032"
"Tom Weigel","Mayer Corp","","","","","California","Owner/Developer","https://www.icsc.com/member/profile/862992"
"Brad Weinberg","Arc Capital Partners","","","","","California","Owner/Developer","https://www.icsc.com/member/profile/807936"
"Brian Weiss","WBCS DICE, LLC","","","","","California","Owner/Developer","https://www.icsc.com/member/profile/790693"
"Shannon Westmore","Brookfield Properties","","","","","California","Owner/Developer","https://www.icsc.com/member/profile/862071"
"Lawrence Wheat","Auerbach Realty Holdings, LLC","","","","","California","Owner/Developer","https://www.icsc.com/member/profile/644847"
"Cassidy Wheeler","CenterCal Properties","","","","","California","Owner/Developer","https://www.icsc.com/member/profile/860688"
"David Wick CCIM","Integrity Global Investments","","","","","California","Owner/Developer","https://www.icsc.com/member/profile/227260"
"Kevin Wing","Leverage Real Estate Investments","","","","","California","Owner/Developer","https://www.icsc.com/member/profile/138038"
"William Winn Jr","Starboard Realty Advisors, LLC","","","","","California","Owner/Developer","https://www.icsc.com/member/profile/128584"
"Mitch Wippern","Gasser Foundation","","","","","California","Owner/Developer","https://www.icsc.com/member/profile/793179"
"Robert Wishner","Sunjoint Development LLC","","","","","California","Owner/Developer","https://www.icsc.com/member/profile/783450"
"Daniel Wisnicki","Sky Capital Group","","","","","California","Owner/Developer","https://www.icsc.com/member/profile/832165"
"Theodore Wong","SAW LLC","","","","","California","Owner/Developer","https://www.icsc.com/member/profile/734202"
"Joshua Wood","KozPure Development","","","","","California","Owner/Developer","https://www.icsc.com/member/profile/855087"
"Patrick Wood","Wood Investments Companies, Inc.","","","","","California","Owner/Developer","https://www.icsc.com/member/profile/750610"
"Randy Wrage","Spirit Properties","","","","","California","Owner/Developer","https://www.icsc.com/member/profile/790035"
"Charles Yablon","Developers Resource Companies, Inc.","","","","","California","Owner/Developer","https://www.icsc.com/member/profile/98582"
"Ira Yasnogorodsky","Ly Developers & Management LLC","","","","","California","Owner/Developer","https://www.icsc.com/member/profile/515214"
"Yong Yeh","Altos Development","","","","","California","Owner/Developer","https://www.icsc.com/member/profile/852225"
"Dennis Younes","Cove Capital Investments","","","","","California","Owner/Developer","https://www.icsc.com/member/profile/154396"
"Bobby Younessi","Highland Park Developments","","","","","California","Owner/Developer","https://www.icsc.com/member/profile/647454"
"Zach Zalben","Black Equities, LLC","","","","","California","Owner/Developer","https://www.icsc.com/member/profile/354873"
"Zach Zanolli","Longpoint Realty Partners","","","","","California","Owner/Developer","https://www.icsc.com/member/profile/796182"
"Todd Zapolski","Zapolski Real Estate, LLC","","","","","California","Owner/Developer","https://www.icsc.com/member/profile/136042"
"Elliot Zorensky","UDO Real Estate, Ltd.","","","","","California","Owner/Developer","https://www.icsc.com/member/profile/131581"
"Bryan Antman","Alloy Real Estate Capital","","","","","Colorado","Owner/Developer","https://www.icsc.com/member/profile/849524"
"Jimmy Balafas","Kentro Group","","","","","Colorado","Owner/Developer","https://www.icsc.com/member/profile/284803"
"Justin Brockman","Brockman Group","","","","","Colorado","Owner/Developer","https://www.icsc.com/member/profile/558879"
"Brad Brooks","Sidford Capital LLC","","","","","Colorado","Owner/Developer","https://www.icsc.com/member/profile/807642"
"Tyler Carlson","Evergreen Devco, Inc","","","","","Colorado","Owner/Developer","https://www.icsc.com/member/profile/779057"
"Ryan Case","Case International Company","","","","","Colorado","Owner/Developer","https://www.icsc.com/member/profile/824962"
"Randy Case II JD","Case International Company","","","","","Colorado","Owner/Developer","https://www.icsc.com/member/profile/652217"
"Steven Cecil","Lamar Advertising","","","","","Colorado","Owner/Developer","https://www.icsc.com/member/profile/827611"
"Eric Chekal","Schuck-Chapman Companies","","","","","Colorado","Owner/Developer","https://www.icsc.com/member/profile/169040"
"Harrison Colby","UDR, Inc","","","","","Colorado","Owner/Developer","https://www.icsc.com/member/profile/855844"
"Christopher Condon","Regency Centers","","","","","Colorado","Owner/Developer","https://www.icsc.com/member/profile/314712"
"Tony Connell","Connell Resources Inc","","","","","Colorado","Owner/Developer","https://www.icsc.com/member/profile/815764"
"William Damrath","Regency Centers","","","","","Colorado","Owner/Developer","https://www.icsc.com/member/profile/331555"
"Max de La Bruyere","Lafayette Property Company","","","","","Colorado","Owner/Developer","https://www.icsc.com/member/profile/772921"
"Richard Dean","Stratus Companies","","","","","Colorado","Owner/Developer","https://www.icsc.com/member/profile/786526"
"Lucy Dinneen","Cadence Capital Investments","","","","","Colorado","Owner/Developer","https://www.icsc.com/member/profile/183700"
"James Dixon","Tebo Properties","","","","","Colorado","Owner/Developer","https://www.icsc.com/member/profile/809624"
"Chris Dixon","Equity Ventures Commercial Development","","","","","Colorado","Owner/Developer","https://www.icsc.com/member/profile/732671"
"Jeff Durbon","Crosslands Companies","","","","","Colorado","Owner/Developer","https://www.icsc.com/member/profile/775332"
"Elizabeth Edwards","Wall Development","","","","","Colorado","Owner/Developer","https://www.icsc.com/member/profile/815212"
"Vincent English","Pacific North","","","","","Colorado","Owner/Developer","https://www.icsc.com/member/profile/854833"
"Andrew Fox","Crosslands Companies","","","","","Colorado","Owner/Developer","https://www.icsc.com/member/profile/782808"
"Jeff Franklin","Bencor Properties Inc","","","","","Colorado","Owner/Developer","https://www.icsc.com/member/profile/802198"
"Lee Fredrick","Uplift Development Group","","","","","Colorado","Owner/Developer","https://www.icsc.com/member/profile/827484"
"Thomas Gamsjaeger","Burnett LlC","","","","","Colorado","Owner/Developer","https://www.icsc.com/member/profile/809953"
"Ermias Hadera","The Palindrome Group","","","","","Colorado","Owner/Developer","https://www.icsc.com/member/profile/827420"
"Jake Hallauer CCIM","NAI Affinity","","","","","Colorado","Owner/Developer","https://www.icsc.com/member/profile/507938"
"Walt Harder","Harder Real Estate and Development","","","","","Colorado","Owner/Developer","https://www.icsc.com/member/profile/827741"
"Grant Harrop","Rothschild Downes","","","","","Colorado","Owner/Developer","https://www.icsc.com/member/profile/863043"
"Tony Hassman","Rothschild Downes","","","","","Colorado","Owner/Developer","https://www.icsc.com/member/profile/317084"
"Jessica Hayes","AmCap Incorporated","","","","","Colorado","Owner/Developer","https://www.icsc.com/member/profile/568056"
"Jenn Headle","Bencor Properties Inc","","","","","Colorado","Owner/Developer","https://www.icsc.com/member/profile/783274"
"Sam Herman","Sterling Ranch Development Company","","","","","Colorado","Owner/Developer","https://www.icsc.com/member/profile/853530"
"Andrew Horton","Bencor Properties Inc","","","","","Colorado","Owner/Developer","https://www.icsc.com/member/profile/783273"
"Ben Horton","Bencor Properties Inc","","","","","Colorado","Owner/Developer","https://www.icsc.com/member/profile/783272"
"Lawrence Jacobson","Westside Property Investment Company","","","","","Colorado","Owner/Developer","https://www.icsc.com/member/profile/786015"
"Bethany Johnson","McWhinney Real Estate Services, Inc.","","","","","Colorado","Owner/Developer","https://www.icsc.com/member/profile/669109"
"Josh Katzer","Armstrong Capital Development","","","","","Colorado","Owner/Developer","https://www.icsc.com/member/profile/318584"
"John Kim","Kim Management LLC","","","","","Colorado","Owner/Developer","https://www.icsc.com/member/profile/626753"
"Lauren Larsen","NAI Affinity","","","","","Colorado","Owner/Developer","https://www.icsc.com/member/profile/781484"
"Brett Leake","Grangestone Development","","","","","Colorado","Owner/Developer","https://www.icsc.com/member/profile/842413"
"Meghan Levi","Tanger","","","","","Colorado","Owner/Developer","https://www.icsc.com/member/profile/861396"
"Peter Liebman","Lafayette Property Company","","","","","Colorado","Owner/Developer","https://www.icsc.com/member/profile/841965"
"Brian Litke","Nichols Partnership","","","","","Colorado","Owner/Developer","https://www.icsc.com/member/profile/807569"
"Eric Mangelsen CPA","Rossmore Enterprises","","","","","Colorado","Owner/Developer","https://www.icsc.com/member/profile/695788"
"Tanner McGraw","Six Mile Capital","","","","","Colorado","Owner/Developer","https://www.icsc.com/member/profile/847600"
"Mark McPherson","Equity Ventures Commercial Development","","","","","Colorado","Owner/Developer","https://www.icsc.com/member/profile/232605"
"Mark Meiser, CDP, CRX","Rothschild Downes","","","","","Colorado","Owner/Developer","https://www.icsc.com/member/profile/181024"
"Greg Moran","Rogue Development LLC","","","","","Colorado","Owner/Developer","https://www.icsc.com/member/profile/105570"
"Grant Nelson","Republic Investment Group","","","","","Colorado","Owner/Developer","https://www.icsc.com/member/profile/136255"
"DANIEL NICHOLS","Nichols Partnership","","","","","Colorado","Owner/Developer","https://www.icsc.com/member/profile/807637"
"Jack Oberg","REA Development","","","","","Colorado","Owner/Developer","https://www.icsc.com/member/profile/817388"
"Charles Pae","Revesco Properties, LLC","","","","","Colorado","Owner/Developer","https://www.icsc.com/member/profile/780129"
"Jawara Partee","13 Irons LLC","","","","","Colorado","Owner/Developer","https://www.icsc.com/member/profile/440013"
"Dustin Pulciani","Ramp Charging Development, LLC","","","","","Colorado","Owner/Developer","https://www.icsc.com/member/profile/855472"
"Alicia Rhymer","Stablewood Properties","","","","","Colorado","Owner/Developer","https://www.icsc.com/member/profile/606321"
"Dillan Roche","PB Roche","","","","","Colorado","Owner/Developer","https://www.icsc.com/member/profile/674854"
"William Roche","PB Roche","","","","","Colorado","Owner/Developer","https://www.icsc.com/member/profile/649066"
"Brandon Rogoff","Segwick Real Estate Partners","","","","","Colorado","Owner/Developer","https://www.icsc.com/member/profile/779308"
"Jack Rohr","Resolute Investments Inc.","","","","","Colorado","Owner/Developer","https://www.icsc.com/member/profile/830165"
"William Rothacker","Cadence Capital Investments","","","","","Colorado","Owner/Developer","https://www.icsc.com/member/profile/95702"
"Christine Rothacker","Cadence Capital Investments","","","","","Colorado","Owner/Developer","https://www.icsc.com/member/profile/839713"
"Lindsey Samelson","Contrarian Land, LLC","","","","","Colorado","Owner/Developer","https://www.icsc.com/member/profile/803045"
"Mark Sandoval","Mark Development Inc","","","","","Colorado","Owner/Developer","https://www.icsc.com/member/profile/97952"
"Michael Sangaline","STRU Development","","","","","Colorado","Owner/Developer","https://www.icsc.com/member/profile/807646"
"Steve Scannell","Transmark Company","","","","","Colorado","Owner/Developer","https://www.icsc.com/member/profile/132714"
"Ryan Schaefer","NAI Affinity","","","","","Colorado","Owner/Developer","https://www.icsc.com/member/profile/270520"
"Lara Silversmith","Asana Partners","","","","","Colorado","Owner/Developer","https://www.icsc.com/member/profile/668151"
"Kaity Sitzman","McWhinney Real Estate Services, Inc.","","","","","Colorado","Owner/Developer","https://www.icsc.com/member/profile/849050"
"Elliot Smith","Kentro Group","","","","","Colorado","Owner/Developer","https://www.icsc.com/member/profile/689530"
"Brandon Sockwell","Dormie Capital Partners","","","","","Colorado","Owner/Developer","https://www.icsc.com/member/profile/855881"
"James Spehalski","Marathon Land Company","","","","","Colorado","Owner/Developer","https://www.icsc.com/member/profile/394826"
"David Spriggs","DMS Real Estate, Inc.","","","","","Colorado","Owner/Developer","https://www.icsc.com/member/profile/365849"
"Jessica Springer","Springer Management LLC","","","","","Colorado","Owner/Developer","https://www.icsc.com/member/profile/851206"
"Kay Stallworthy","Cadence Capital Investments","","","","","Colorado","Owner/Developer","https://www.icsc.com/member/profile/386257"
"Brandon Tarpey","M Development","","","","","Colorado","Owner/Developer","https://www.icsc.com/member/profile/856350"
"Shane Tebo","Tebo Properties","","","","","Colorado","Owner/Developer","https://www.icsc.com/member/profile/809623"
"Stephen Tebo","Tebo Development Co.","","","","","Colorado","Owner/Developer","https://www.icsc.com/member/profile/168301"
"Jimmy Wall","Wall Development","","","","","Colorado","Owner/Developer","https://www.icsc.com/member/profile/351045"
"Duane Webber","Webber Commercial Properties","","","","","Colorado","Owner/Developer","https://www.icsc.com/member/profile/860412"
"Christopher Williams","UDR, Inc","","","","","Colorado","Owner/Developer","https://www.icsc.com/member/profile/724958"
"Joe Allegretti","Regency Centers","","","","","Connecticut","Owner/Developer","https://www.icsc.com/member/profile/506838"
"Shanna Athas","Regency Centers","","","","","Connecticut","Owner/Developer","https://www.icsc.com/member/profile/355660"
"Dale Barton","R&D Associates","","","","","Connecticut","Owner/Developer","https://www.icsc.com/member/profile/550293"
"Michael Belfonti","Belfonti Companies, LLC","","","","","Connecticut","Owner/Developer","https://www.icsc.com/member/profile/694428"
"Jonathan Bellock","First Hartford Realty Corporation","","","","","Connecticut","Owner/Developer","https://www.icsc.com/member/profile/473610"
"Ellie Biddle","Urstadt Biddle Properties Inc.","","","","","Connecticut","Owner/Developer","https://www.icsc.com/member/profile/660308"
"Billy Bishop","Regency Centers","","","","","Connecticut","Owner/Developer","https://www.icsc.com/member/profile/810706"
"Robert Christoph Jr","Bridgeport Landing Development","","","","","Connecticut","Owner/Developer","https://www.icsc.com/member/profile/455213"
"Rebecca Clareman","Urban Edge Properties","","","","","Connecticut","Owner/Developer","https://www.icsc.com/member/profile/855954"
"Michael DeVille","DeVille Developments","","","","","Connecticut","Owner/Developer","https://www.icsc.com/member/profile/854707"
"Jack DeVilliers","Regency Centers","","","","","Connecticut","Owner/Developer","https://www.icsc.com/member/profile/360946"
"Douglas Drennan","Key Growth Capital","","","","","Connecticut","Owner/Developer","https://www.icsc.com/member/profile/804174"
"Adrian Enchill","LBX Investments LLC","","","","","Connecticut","Owner/Developer","https://www.icsc.com/member/profile/856858"
"Matthew Eucalitto","Calito Development Group","","","","","Connecticut","Owner/Developer","https://www.icsc.com/member/profile/772909"
"Mark Forlenza","Belfonti Companies, LLC","","","","","Connecticut","Owner/Developer","https://www.icsc.com/member/profile/694431"
"Marc Franzman","Belfonti Companies, LLC","","","","","Connecticut","Owner/Developer","https://www.icsc.com/member/profile/828987"
"Patricia Freeman, CLS","Regency Centers","","","","","Connecticut","Owner/Developer","https://www.icsc.com/member/profile/280293"
"James Gillanders","Londregan Commercial Real Estate Group","","","","","Connecticut","Owner/Developer","https://www.icsc.com/member/profile/759985"
"Paul Gordon","Perform Properties","","","","","Connecticut","Owner/Developer","https://www.icsc.com/member/profile/851619"
"Joe Lampassi","Calito Development Group","","","","","Connecticut","Owner/Developer","https://www.icsc.com/member/profile/858854"
"Robert Landino","Saltterra","","","","","Connecticut","Owner/Developer","https://www.icsc.com/member/profile/366567"
"Collin Lech","READCO Portfolio","","","","","Connecticut","Owner/Developer","https://www.icsc.com/member/profile/835068"
"Michael Leibowitz","Key Growth Capital","","","","","Connecticut","Owner/Developer","https://www.icsc.com/member/profile/813173"
"Richard Leibowitz","Key Growth Capital","","","","","Connecticut","Owner/Developer","https://www.icsc.com/member/profile/812175"
"John Lombard","Lombard Group","","","","","Connecticut","Owner/Developer","https://www.icsc.com/member/profile/108957"
"Timothy Londregan","Londregan Commercial Real Estate Group","","","","","Connecticut","Owner/Developer","https://www.icsc.com/member/profile/133955"
"Thomas G. Maira","Maira Properties","","","","","Connecticut","Owner/Developer","https://www.icsc.com/member/profile/867732"
"Sean Mirkov","Regency Centers","","","","","Connecticut","Owner/Developer","https://www.icsc.com/member/profile/578372"
"Lizabeth Miskelly","Regency Centers","","","","","Connecticut","Owner/Developer","https://www.icsc.com/member/profile/501515"
"Susan Moser Vicino","Town Center West, LLC","","","","","Connecticut","Owner/Developer","https://www.icsc.com/member/profile/818210"
"Alexander Muravsky","Hutensky Capital Partners","","","","","Connecticut","Owner/Developer","https://www.icsc.com/member/profile/551979"
"Salvatore Raffone","RJ Development & Advisors LLC","","","","","Connecticut","Owner/Developer","https://www.icsc.com/member/profile/783526"
"Michael Reyes","NextGen Holdings LLC","","","","","Connecticut","Owner/Developer","https://www.icsc.com/member/profile/867860"
"Ron Riemer","First Hartford Realty Corporation","","","","","Connecticut","Owner/Developer","https://www.icsc.com/member/profile/130025"
"Jason Rudnick","RJ Development & Advisors LLC","","","","","Connecticut","Owner/Developer","https://www.icsc.com/member/profile/388508"
"Phoebe Sager","Sager Development","","","","","Connecticut","Owner/Developer","https://www.icsc.com/member/profile/868024"
"Geoffrey Sager","Sager Development","","","","","Connecticut","Owner/Developer","https://www.icsc.com/member/profile/868022"
"Bruce Simons","Simons Real Estate Group LLC","","","","","Connecticut","Owner/Developer","https://www.icsc.com/member/profile/868094"
"William Slepoy","Two Lots, LLC","","","","","Connecticut","Owner/Developer","https://www.icsc.com/member/profile/156790"
"Brianna Soro","Regency Centers","","","","","Connecticut","Owner/Developer","https://www.icsc.com/member/profile/784168"
"John Toic","First Hartford Realty Corporation","","","","","Connecticut","Owner/Developer","https://www.icsc.com/member/profile/279582"
"Ryan Zelek","First Hartford Realty Corporation","","","","","Connecticut","Owner/Developer","https://www.icsc.com/member/profile/567581"
"Mason Dyer","IPM Equities","","","","","Delaware","Owner/Developer","https://www.icsc.com/member/profile/838097"
"Christopher Kalil","Ocean One Holdings LLC","","","","","Delaware","Owner/Developer","https://www.icsc.com/member/profile/868133"
"Casey Kenton CCIM","Investors Realty, Inc.","","","","","Delaware","Owner/Developer","https://www.icsc.com/member/profile/403181"
"Brian Mckinley","Atlantic Realty Management, LLC","","","","","Delaware","Owner/Developer","https://www.icsc.com/member/profile/746357"
"Matthew Petruccelli","Fusco Management","","","","","Delaware","Owner/Developer","https://www.icsc.com/member/profile/771332"
"Brent Reed","Reed Ventures","","","","","Delaware","Owner/Developer","https://www.icsc.com/member/profile/810960"
"Madison Rogers III","Capano Management","","","","","Delaware","Owner/Developer","https://www.icsc.com/member/profile/450168"
"Frank Vassallo IV","Fusco Management","","","","","Delaware","Owner/Developer","https://www.icsc.com/member/profile/488634"
"Edward Abbo","The Apollo Companies","","","","","Florida","Owner/Developer","https://www.icsc.com/member/profile/598028"
"Steven Aberman","WBS Properties","","","","","Florida","Owner/Developer","https://www.icsc.com/member/profile/512705"
"John Accardi Jr","Strategic Property Partners","","","","","Florida","Owner/Developer","https://www.icsc.com/member/profile/818139"
"Daniel Aguirre","Blue Waters Development Group","","","","","Florida","Owner/Developer","https://www.icsc.com/member/profile/743947"
"Kyle Allen","AJ Capital Partners","","","","","Florida","Owner/Developer","https://www.icsc.com/member/profile/669563"
"Javier Alvarez","Miami Freedom Park","","","","","Florida","Owner/Developer","https://www.icsc.com/member/profile/820362"
"Cole Ament","Wagner Property Group","","","","","Florida","Owner/Developer","https://www.icsc.com/member/profile/858671"
"Mercedes Anderson Loftus","Strategic Retail Advisors","","","","","Florida","Owner/Developer","https://www.icsc.com/member/profile/500818"
"Ilona Antonova","4th Dimension Properties","","","","","Florida","Owner/Developer","https://www.icsc.com/member/profile/865749"
"Eric Apple","Regency Centers","","","","","Florida","Owner/Developer","https://www.icsc.com/member/profile/634581"
"Barry Argalas","Regency Centers","","","","","Florida","Owner/Developer","https://www.icsc.com/member/profile/193317"
"Sasha Artzibushev","Artzibushev & Company","","","","","Florida","Owner/Developer","https://www.icsc.com/member/profile/591609"
"Dimitri Artzibushev CCIM","Artzibushev & Company","","","","","Florida","Owner/Developer","https://www.icsc.com/member/profile/104878"
"Tom Assouline","Busch Family Office","","","","","Florida","Owner/Developer","https://www.icsc.com/member/profile/840445"
"Brian Atlee","Atlee Property Group, Inc.","","","","","Florida","Owner/Developer","https://www.icsc.com/member/profile/850084"
"Mike Atlee","Atlee Property Group, Inc.","","","","","Florida","Owner/Developer","https://www.icsc.com/member/profile/848749"
"Yoram Attias","Ben management llc","","","","","Florida","Owner/Developer","https://www.icsc.com/member/profile/792796"
"Bill Baker","ENDURANCE PROPERTIES","","","","","Florida","Owner/Developer","https://www.icsc.com/member/profile/422731"
"Andrew Barkett","Strategic Retail Advisors","","","","","Florida","Owner/Developer","https://www.icsc.com/member/profile/857607"
"Brett Barontini","Boos Development Group Inc.","","","","","Florida","Owner/Developer","https://www.icsc.com/member/profile/446074"
"Peter Barott","Muir Investment Holdings, LLC","","","","","Florida","Owner/Developer","https://www.icsc.com/member/profile/785713"
"Eileen Barth","The Walt Disney Company","","","","","Florida","Owner/Developer","https://www.icsc.com/member/profile/720285"
"Tracy Basore","The Royal Companies","","","","","Florida","Owner/Developer","https://www.icsc.com/member/profile/857523"
"Bill Battillo","Vanguard Associates Inc.","","","","","Florida","Owner/Developer","https://www.icsc.com/member/profile/580299"
"Jack Baugh","Development Consultants, Inc.","","","","","Florida","Owner/Developer","https://www.icsc.com/member/profile/791020"
"Aaron Baum","Baum Family Investments","","","","","Florida","Owner/Developer","https://www.icsc.com/member/profile/587593"
"Julia Baytler","Landmark Companies","","","","","Florida","Owner/Developer","https://www.icsc.com/member/profile/798241"
"Craig bazarsky","BendinRoad Development","","","","","Florida","Owner/Developer","https://www.icsc.com/member/profile/836442"
"Katyann Beerbower","Basis Industrial","","","","","Florida","Owner/Developer","https://www.icsc.com/member/profile/859246"
"Nouri Beesemer","Related Companies","","","","","Florida","Owner/Developer","https://www.icsc.com/member/profile/805380"
"Joshua Behar","MG3 Group","","","","","Florida","Owner/Developer","https://www.icsc.com/member/profile/806341"
"Ernst Bell","Regency Centers","","","","","Florida","Owner/Developer","https://www.icsc.com/member/profile/480802"
"Mary Beller","Artzibushev & Company","","","","","Florida","Owner/Developer","https://www.icsc.com/member/profile/860413"
"Michael Belmont","Minto Communities","","","","","Florida","Owner/Developer","https://www.icsc.com/member/profile/851438"
"Thiel Ben Naim","B&B Capital Group","","","","","Florida","Owner/Developer","https://www.icsc.com/member/profile/799106"
"Uri Ben-Ezer","Greatmark Group","","","","","Florida","Owner/Developer","https://www.icsc.com/member/profile/779016"
"Izak Ben-naim","B&B Capital Group","","","","","Florida","Owner/Developer","https://www.icsc.com/member/profile/809117"
"Joanna Berens","Mazel at 195th Street, Inc.","","","","","Florida","Owner/Developer","https://www.icsc.com/member/profile/857600"
"Caetie Berger","Forge Capital Partners","","","","","Florida","Owner/Developer","https://www.icsc.com/member/profile/452725"
"Anthony Berritto","Berritto Realty Holdings LLC","","","","","Florida","Owner/Developer","https://www.icsc.com/member/profile/834861"
"Bennett Bidwell","Regency Centers","","","","","Florida","Owner/Developer","https://www.icsc.com/member/profile/813683"
"Justin Biggs","The Feldman Companies LLC","","","","","Florida","Owner/Developer","https://www.icsc.com/member/profile/834651"
"Ankush Bikkasani","Aware Investments","","","","","Florida","Owner/Developer","https://www.icsc.com/member/profile/851024"
"Will Bingham CCIM","Bingham Realty, Inc.","","","","","Florida","Owner/Developer","https://www.icsc.com/member/profile/278963"
"Taylor Bishop","SEDEVCO","","","","","Florida","Owner/Developer","https://www.icsc.com/member/profile/404608"
"Jeff Boerger","ONE DAYTONA/NASCAR","","","","","Florida","Owner/Developer","https://www.icsc.com/member/profile/851204"
"Roberto Bolona","Brenner Cox Real Estate Group","","","","","Florida","Owner/Developer","https://www.icsc.com/member/profile/805797"
"Joseph Bonora","Catalyst Asset Management","","","","","Florida","Owner/Developer","https://www.icsc.com/member/profile/812777"
"Michael Boyd","Boyd Development Corporation","","","","","Florida","Owner/Developer","https://www.icsc.com/member/profile/580399"
"Scott Boyd","Boyd Development Corporation","","","","","Florida","Owner/Developer","https://www.icsc.com/member/profile/466848"
"Meg Bracken","Regency Centers","","","","","Florida","Owner/Developer","https://www.icsc.com/member/profile/854334"
"Jarrod Bray","SSG Commercial","","","","","Florida","Owner/Developer","https://www.icsc.com/member/profile/740926"
"Ron Brill","IMC Equity Group","","","","","Florida","Owner/Developer","https://www.icsc.com/member/profile/177541"
"Karl Brinkman","Regency Centers","","","","","Florida","Owner/Developer","https://www.icsc.com/member/profile/278156"
"William Brock","The St. Joe Company","","","","","Florida","Owner/Developer","https://www.icsc.com/member/profile/834118"
"Larry Brooks","4th Dimension Properties","","","","","Florida","Owner/Developer","https://www.icsc.com/member/profile/751180"
"Ron Brown","Character Oaks Real Estate, Inc.","","","","","Florida","Owner/Developer","https://www.icsc.com/member/profile/554949"
"Heather Bruce","Regency Centers","","","","","Florida","Owner/Developer","https://www.icsc.com/member/profile/767510"
"Stacey Buckley","Streetside Retail","","","","","Florida","Owner/Developer","https://www.icsc.com/member/profile/688627"
"Ryan Buckley","Streetside Retail","","","","","Florida","Owner/Developer","https://www.icsc.com/member/profile/349570"
"Matthew Buehler","Kitson & Partners","","","","","Florida","Owner/Developer","https://www.icsc.com/member/profile/567552"
"William Bullock","Minto Communities","","","","","Florida","Owner/Developer","https://www.icsc.com/member/profile/600501"
"Deborah Butler","Butler Enterprises","","","","","Florida","Owner/Developer","https://www.icsc.com/member/profile/99797"
"Tamsyn Butler","Saglo Companies","","","","","Florida","Owner/Developer","https://www.icsc.com/member/profile/818545"
"Brooks Byrd","Hunt Real Estate","","","","","Florida","Owner/Developer","https://www.icsc.com/member/profile/546612"
"Stacey Cachat","Tricor International Corporation","","","","","Florida","Owner/Developer","https://www.icsc.com/member/profile/604929"
"Nicholas Cambo","Alliance Companies","","","","","Florida","Owner/Developer","https://www.icsc.com/member/profile/776369"
"Dominic Cameratta","Cameratta Companies","","","","","Florida","Owner/Developer","https://www.icsc.com/member/profile/857806"
"Nicholas Cameratta","Cameratta Companies","","","","","Florida","Owner/Developer","https://www.icsc.com/member/profile/857805"
"Andrew Carlin","Gazit Horizons, Inc.","","","","","Florida","Owner/Developer","https://www.icsc.com/member/profile/844103"
"John Carter","Minto Communities","","","","","Florida","Owner/Developer","https://www.icsc.com/member/profile/641822"
"Kirby Cartwright","G3 Development","","","","","Florida","Owner/Developer","https://www.icsc.com/member/profile/835861"
"Jimmy Caruso","PMC","","","","","Florida","Owner/Developer","https://www.icsc.com/member/profile/860423"
"Matt Cason","Concept Companies","","","","","Florida","Owner/Developer","https://www.icsc.com/member/profile/498353"
"Maydelin Castillo CRE","M&M Investment, Inc.","","","","","Florida","Owner/Developer","https://www.icsc.com/member/profile/632366"
"Kevin Cedik","The Forbes Company","","","","","Florida","Owner/Developer","https://www.icsc.com/member/profile/277425"
"Daniel Chaberman","Grupo-Eco","","","","","Florida","Owner/Developer","https://www.icsc.com/member/profile/698012"
"IV Chandler","The Villages Operating Company","","","","","Florida","Owner/Developer","https://www.icsc.com/member/profile/865998"
"Hue Chen","Saglo Companies","","","","","Florida","Owner/Developer","https://www.icsc.com/member/profile/243999"
"Dany Chenail","Snap Capital real estate group","","","","","Florida","Owner/Developer","https://www.icsc.com/member/profile/829741"
"Michelle Clark","Greenleaf Capital","","","","","Florida","Owner/Developer","https://www.icsc.com/member/profile/850546"
"Will Claunch","Strategic Retail Advisors","","","","","Florida","Owner/Developer","https://www.icsc.com/member/profile/602477"
"Michael Cleeman","Cleeman Realty Group","","","","","Florida","Owner/Developer","https://www.icsc.com/member/profile/284811"
"Matt Clement","Jenkins Capital","","","","","Florida","Owner/Developer","https://www.icsc.com/member/profile/793032"
"Ryan Cockman","FORE CRE Group","","","","","Florida","Owner/Developer","https://www.icsc.com/member/profile/857658"
"Ana-Marie Codina Barlick","Codina Partners","","","","","Florida","Owner/Developer","https://www.icsc.com/member/profile/830239"
"Daniel Cohen","PrivCap Development","","","","","Florida","Owner/Developer","https://www.icsc.com/member/profile/649442"
"Loren Coia","Barclay Group","","","","","Florida","Owner/Developer","https://www.icsc.com/member/profile/618126"
"Peter Collins","Forge Capital Partners","","","","","Florida","Owner/Developer","https://www.icsc.com/member/profile/143618"
"Scott Collins","Vantage Properties","","","","","Florida","Owner/Developer","https://www.icsc.com/member/profile/140955"
"Harry Collison","Collison Capital, LLC","","","","","Florida","Owner/Developer","https://www.icsc.com/member/profile/868255"
"Ryan Combs","Flagship Companies Group","","","","","Florida","Owner/Developer","https://www.icsc.com/member/profile/683816"
"William Comeau CPA","First National Realty Partners","","","","","Florida","Owner/Developer","https://www.icsc.com/member/profile/347313"
"Spiro Comitos","Encore Real Estate Development","","","","","Florida","Owner/Developer","https://www.icsc.com/member/profile/382480"
"Philippe Concas","Diamond Inner Circle Investments","","","","","Florida","Owner/Developer","https://www.icsc.com/member/profile/732847"
"Brad Cooke","Strategic Property Partners","","","","","Florida","Owner/Developer","https://www.icsc.com/member/profile/832161"
"Heather Coons","BluRock Commercial Real Estate, LLC","","","","","Florida","Owner/Developer","https://www.icsc.com/member/profile/602323"
"Joseph Corral","New Urban Realty Services","","","","","Florida","Owner/Developer","https://www.icsc.com/member/profile/504743"
"Lisa Coston","Development Consultants, Inc.","","","","","Florida","Owner/Developer","https://www.icsc.com/member/profile/810176"
"Karen Crews, CRX, CSM","The Villages Operating Company","","","","","Florida","Owner/Developer","https://www.icsc.com/member/profile/418637"
"Juan Cueto","Rialto Holdings, LLC","","","","","Florida","Owner/Developer","https://www.icsc.com/member/profile/738555"
"Jack Cunningham","Rialto Holdings, LLC","","","","","Florida","Owner/Developer","https://www.icsc.com/member/profile/404766"
"Michael Curtis","Millenia Partners","","","","","Florida","Owner/Developer","https://www.icsc.com/member/profile/792760"
"Adam D' Anna","Gazit Horizons, Inc.","","","","","Florida","Owner/Developer","https://www.icsc.com/member/profile/814500"
"Ariel Dadon","Adar Investments & Management LLC","","","","","Florida","Owner/Developer","https://www.icsc.com/member/profile/858929"
"Ramsy Dahla","Mirada Investments","","","","","Florida","Owner/Developer","https://www.icsc.com/member/profile/813044"
"Taraz Darabi","Lote Group","","","","","Florida","Owner/Developer","https://www.icsc.com/member/profile/683825"
"Matthew Darling","Palm Coast Capital","","","","","Florida","Owner/Developer","https://www.icsc.com/member/profile/787437"
"Robert Davenport","The Villages Operating Company","","","","","Florida","Owner/Developer","https://www.icsc.com/member/profile/744089"
"Keillor Davis","Optimus Development Co.","","","","","Florida","Owner/Developer","https://www.icsc.com/member/profile/859635"
"Laura Davis","Regency Centers","","","","","Florida","Owner/Developer","https://www.icsc.com/member/profile/800257"
"Daniel Del Rio","Habitus Capital","","","","","Florida","Owner/Developer","https://www.icsc.com/member/profile/843012"
"john Delgado","IMC Equity Group","","","","","Florida","Owner/Developer","https://www.icsc.com/member/profile/811099"
"Lliliam Delgado-Marquez","Regency Centers","","","","","Florida","Owner/Developer","https://www.icsc.com/member/profile/484890"
"Robert Deziel","Deziel Company","","","","","Florida","Owner/Developer","https://www.icsc.com/member/profile/860117"
"Celino Diaz","Town of Tioga","","","","","Florida","Owner/Developer","https://www.icsc.com/member/profile/827418"
"Luis Diaz","Town of Tioga","","","","","Florida","Owner/Developer","https://www.icsc.com/member/profile/718169"
"Mayra Dickerson","Butler Enterprises","","","","","Florida","Owner/Developer","https://www.icsc.com/member/profile/789675"
"John Dickerson","Butler Enterprises","","","","","Florida","Owner/Developer","https://www.icsc.com/member/profile/724012"
"Jason Dickey","Dickey Properties LLC","","","","","Florida","Owner/Developer","https://www.icsc.com/member/profile/717426"
"James Dicks","DIX Developments","","","","","Florida","Owner/Developer","https://www.icsc.com/member/profile/858915"
"Kelly Dispennette","NASCAR","","","","","Florida","Owner/Developer","https://www.icsc.com/member/profile/630952"
"Mark Doster","EDENS","","","","","Florida","Owner/Developer","https://www.icsc.com/member/profile/554290"
"Carson Dowd","Saglo Companies","","","","","Florida","Owner/Developer","https://www.icsc.com/member/profile/554316"
"John Dowd III","The Dowd Companies","","","","","Florida","Owner/Developer","https://www.icsc.com/member/profile/136626"
"Ronald Dowdy","Dowdy Properties","","","","","Florida","Owner/Developer","https://www.icsc.com/member/profile/718052"
"Megan Dowdy","Dowdy Properties","","","","","Florida","Owner/Developer","https://www.icsc.com/member/profile/718050"
"Anthony Dubbaneh","Harborview Capital Group","","","","","Florida","Owner/Developer","https://www.icsc.com/member/profile/858518"
"Donna Dunn","Regency Centers","","","","","Florida","Owner/Developer","https://www.icsc.com/member/profile/849847"
"Luis Duran Rappaccioli","Belfonti Companies, LLC","","","","","Florida","Owner/Developer","https://www.icsc.com/member/profile/828991"
"Blaine East","CITICORE DEVELOPMENT GROUP","","","","","Florida","Owner/Developer","https://www.icsc.com/member/profile/836195"
"Marla Echols","The Royal Companies","","","","","Florida","Owner/Developer","https://www.icsc.com/member/profile/505062"
"Steve Edmonds","Edmonds Family Partnership LLLP","","","","","Florida","Owner/Developer","https://www.icsc.com/member/profile/805244"
"Adam Elerick","Pursuit Development","","","","","Florida","Owner/Developer","https://www.icsc.com/member/profile/810318"
"Marc Elias","Benderson Development Company, LLC","","","","","Florida","Owner/Developer","https://www.icsc.com/member/profile/591440"
"David Ergisi CCIM","Cross Regions Real Estate","","","","","Florida","Owner/Developer","https://www.icsc.com/member/profile/349300"
"Shannon Erler","Regency Centers","","","","","Florida","Owner/Developer","https://www.icsc.com/member/profile/533750"
"Arthur Falconi III","Saglo Companies","","","","","Florida","Owner/Developer","https://www.icsc.com/member/profile/823923"
"Jordan Feldman","The Feldman Companies LLC","","","","","Florida","Owner/Developer","https://www.icsc.com/member/profile/834649"
"Arie Feldman","Wynwood Investment Partners","","","","","Florida","Owner/Developer","https://www.icsc.com/member/profile/812812"
"Arie Feldman","Wynwood Investment Partners","","","","","Florida","Owner/Developer","https://www.icsc.com/member/profile/809007"
"Bob Feldman","Alta Development LTD","","","","","Florida","Owner/Developer","https://www.icsc.com/member/profile/403909"
"Jose Fernandez","Arena Capital Holdings","","","","","Florida","Owner/Developer","https://www.icsc.com/member/profile/859427"
"Oscar Fiallos","IMC Equity Group","","","","","Florida","Owner/Developer","https://www.icsc.com/member/profile/718233"
"Michael Fimiani","Fimiani Development Corporation","","","","","Florida","Owner/Developer","https://www.icsc.com/member/profile/129308"
"Rebecca Fitts","Alvarez & Marsal Property Solutions","","","","","Florida","Owner/Developer","https://www.icsc.com/member/profile/622698"
"Blake Fletcher","Fletcher Development, LLC","","","","","Florida","Owner/Developer","https://www.icsc.com/member/profile/446904"
"Alvaro Florez","M&M Investment, Inc.","","","","","Florida","Owner/Developer","https://www.icsc.com/member/profile/632368"
"Lyle Fogarty","Clover Investment Properties LLC","","","","","Florida","Owner/Developer","https://www.icsc.com/member/profile/497015"
"Christopher Ford","Pax Properties, LLC","","","","","Florida","Owner/Developer","https://www.icsc.com/member/profile/788289"
"Sanford Freedman","Freedman and Associates PA","","","","","Florida","Owner/Developer","https://www.icsc.com/member/profile/533858"
"Lisa Freifeld","Gazit Horizons, Inc.","","","","","Florida","Owner/Developer","https://www.icsc.com/member/profile/599247"
"Bella Fridman","4th Dimension Properties","","","","","Florida","Owner/Developer","https://www.icsc.com/member/profile/801866"
"Anthony Frogameni","Optimal Outcomes","","","","","Florida","Owner/Developer","https://www.icsc.com/member/profile/835557"
"Faith Fruciano","Regency Centers","","","","","Florida","Owner/Developer","https://www.icsc.com/member/profile/848357"
"Dror Gabay","Dezer Development","","","","","Florida","Owner/Developer","https://www.icsc.com/member/profile/718531"
"Carla Gagnon, CRRP, CSM","The Villages Operating Company","","","","","Florida","Owner/Developer","https://www.icsc.com/member/profile/578506"
"Thomas Gangemi","Rock Beach Real Estate","","","","","Florida","Owner/Developer","https://www.icsc.com/member/profile/771121"
"Alyson Gannon","Regency Centers","","","","","Florida","Owner/Developer","https://www.icsc.com/member/profile/790833"
"Matthew Garcia","Pursuit Development","","","","","Florida","Owner/Developer","https://www.icsc.com/member/profile/816963"
"Karina Garcia","Game Properties","","","","","Florida","Owner/Developer","https://www.icsc.com/member/profile/653755"
"Katrina Garcia","Game Properties","","","","","Florida","Owner/Developer","https://www.icsc.com/member/profile/556161"
"Andy George","Prometheus Partners","","","","","Florida","Owner/Developer","https://www.icsc.com/member/profile/841408"
"Jacob Gerb Esq","Kitson & Partners","","","","","Florida","Owner/Developer","https://www.icsc.com/member/profile/405186"
"Stephen Gerlach","Gerlach Development Group LLC","","","","","Florida","Owner/Developer","https://www.icsc.com/member/profile/791452"
"Marian Gibboney","Vision Development and Management","","","","","Florida","Owner/Developer","https://www.icsc.com/member/profile/726160"
"Jason Gibson Esq","Regency Centers","","","","","Florida","Owner/Developer","https://www.icsc.com/member/profile/273385"
"Robert Gierke","Retail Development Properties, LLC","","","","","Florida","Owner/Developer","https://www.icsc.com/member/profile/188456"
"Heather Gilbert","Regency Centers","","","","","Florida","Owner/Developer","https://www.icsc.com/member/profile/855303"
"Louis Giorgi","Bark Management","","","","","Florida","Owner/Developer","https://www.icsc.com/member/profile/642705"
"Jack Glottmann","Saglo Companies","","","","","Florida","Owner/Developer","https://www.icsc.com/member/profile/214226"
"Ryan Goggins","Sunbeam Development","","","","","Florida","Owner/Developer","https://www.icsc.com/member/profile/849507"
"Allen Goins","A.G. Development Group, Inc.","","","","","Florida","Owner/Developer","https://www.icsc.com/member/profile/99456"
"Cary Goldberg","Diversified Companies","","","","","Florida","Owner/Developer","https://www.icsc.com/member/profile/520844"
"Rachel Goldman","Sterling Development Partners","","","","","Florida","Owner/Developer","https://www.icsc.com/member/profile/801874"
"Jose Gomez","Logica Capital Management, LLC","","","","","Florida","Owner/Developer","https://www.icsc.com/member/profile/836698"
"Bob Gomez","STK Group","","","","","Florida","Owner/Developer","https://www.icsc.com/member/profile/810134"
"Jorge Gonzalez","ABC Commercial Group LLC","","","","","Florida","Owner/Developer","https://www.icsc.com/member/profile/866022"
"Carson Good","Good Capital Group","","","","","Florida","Owner/Developer","https://www.icsc.com/member/profile/813032"
"Ashley Gordon","Kitson & Partners","","","","","Florida","Owner/Developer","https://www.icsc.com/member/profile/859626"
"Zvi Gordon","Gazit Horizons, Inc.","","","","","Florida","Owner/Developer","https://www.icsc.com/member/profile/661446"
"Brian Grandstaff","Millenia Partners","","","","","Florida","Owner/Developer","https://www.icsc.com/member/profile/443700"
"Matthew Greezicki","Third lake Partners, LLC","","","","","Florida","Owner/Developer","https://www.icsc.com/member/profile/860015"
"Matthew Griffith","Wagner Property Group","","","","","Florida","Owner/Developer","https://www.icsc.com/member/profile/631894"
"Alan Gross","ESA Park, Inc.","","","","","Florida","Owner/Developer","https://www.icsc.com/member/profile/137467"
"William Gross","White Development Company","","","","","Florida","Owner/Developer","https://www.icsc.com/member/profile/122513"
"Jake Guenther","G3 Development","","","","","Florida","Owner/Developer","https://www.icsc.com/member/profile/822417"
"Justin Guerra","Kitson & Partners","","","","","Florida","Owner/Developer","https://www.icsc.com/member/profile/772070"
"Suresh Gupta","Park Square Enterprises","","","","","Florida","Owner/Developer","https://www.icsc.com/member/profile/608529"
"Araxthy Guzman","The Feldman Companies LLC","","","","","Florida","Owner/Developer","https://www.icsc.com/member/profile/860221"
"Karina Guzman","STONEROCK CAPITAL PARTNERS","","","","","Florida","Owner/Developer","https://www.icsc.com/member/profile/805371"
"Jan Hanak","Regency Centers","","","","","Florida","Owner/Developer","https://www.icsc.com/member/profile/502236"
"Jake handelsman","STONEROCK CAPITAL PARTNERS","","","","","Florida","Owner/Developer","https://www.icsc.com/member/profile/805372"
"Hillary Hass","Hass Communities","","","","","Florida","Owner/Developer","https://www.icsc.com/member/profile/781372"
"David Hass","Lifetime Property LLC","","","","","Florida","Owner/Developer","https://www.icsc.com/member/profile/521532"
"Reed Haydon","RK Development Partners, LLC","","","","","Florida","Owner/Developer","https://www.icsc.com/member/profile/730191"
"Jackie Heafey","Managing Director","","","","","Florida","Owner/Developer","https://www.icsc.com/member/profile/860584"
"nicholis Heine","NRH Homes","","","","","Florida","Owner/Developer","https://www.icsc.com/member/profile/807419"
"Stuart Helo","Olson Land Partners","","","","","Florida","Owner/Developer","https://www.icsc.com/member/profile/858127"
"Scott Henson","Regency Centers","","","","","Florida","Owner/Developer","https://www.icsc.com/member/profile/848716"
"Michael Herman","Regency Centers","","","","","Florida","Owner/Developer","https://www.icsc.com/member/profile/760802"
"Samuel Hernandez","Gazit Horizons, Inc.","","","","","Florida","Owner/Developer","https://www.icsc.com/member/profile/844279"
"Frank Herring Jr","The Cornerstone Group","","","","","Florida","Owner/Developer","https://www.icsc.com/member/profile/113517"
"Stephanie Hess","First National Realty Partners","","","","","Florida","Owner/Developer","https://www.icsc.com/member/profile/839535"
"Kathleen Hess","Hunt Real Estate","","","","","Florida","Owner/Developer","https://www.icsc.com/member/profile/633059"
"Kimberly Higgins","Watkins Real Estate Group","","","","","Florida","Owner/Developer","https://www.icsc.com/member/profile/363472"
"Wes Hinton","Raydient Places & Properties","","","","","Florida","Owner/Developer","https://www.icsc.com/member/profile/868831"
"Elias Hionides","Petra","","","","","Florida","Owner/Developer","https://www.icsc.com/member/profile/521968"
"Thomas Hoban Jr","Kitson & Partners","","","","","Florida","Owner/Developer","https://www.icsc.com/member/profile/417118"
"Randy Holihan, CLS, CRRP, CRX, CSM","RH Development Group, LLC","","","","","Florida","Owner/Developer","https://www.icsc.com/member/profile/117508"
"Zac Holyoke","Lifetime Property","","","","","Florida","Owner/Developer","https://www.icsc.com/member/profile/859240"
"Mike Hoopfer","The Villages Operating Company","","","","","Florida","Owner/Developer","https://www.icsc.com/member/profile/721292"
"Matthew Hoopfer, CSM","The Villages Operating Company","","","","","Florida","Owner/Developer","https://www.icsc.com/member/profile/564850"
"Robert Hoopfer Jr","The Villages Operating Company","","","","","Florida","Owner/Developer","https://www.icsc.com/member/profile/418633"
"Cory Hopkins","Shagbark Properties, LLC","","","","","Florida","Owner/Developer","https://www.icsc.com/member/profile/578214"
"Jeromy Houser","Greenleaf Capital","","","","","Florida","Owner/Developer","https://www.icsc.com/member/profile/857969"
"Eric Howell","Baldwin Howell Properties","","","","","Florida","Owner/Developer","https://www.icsc.com/member/profile/836821"
"Michael Huesser","Second Horizon Capital","","","","","Florida","Owner/Developer","https://www.icsc.com/member/profile/842542"
"Meghan Hufty","Olson Land Partners","","","","","Florida","Owner/Developer","https://www.icsc.com/member/profile/849620"
"Jessica Hurst","Regency Centers","","","","","Florida","Owner/Developer","https://www.icsc.com/member/profile/296726"
"Nicholas Ife","Gazit Horizons, Inc.","","","","","Florida","Owner/Developer","https://www.icsc.com/member/profile/523086"
"G. Chester Irons","Water Lane Capital","","","","","Florida","Owner/Developer","https://www.icsc.com/member/profile/218472"
"Kelly Ivancic","Regency Centers","","","","","Florida","Owner/Developer","https://www.icsc.com/member/profile/770427"
"Yoram Izhak","IMC Equity Group","","","","","Florida","Owner/Developer","https://www.icsc.com/member/profile/557171"
"Adam Jacobson","JB Howell","","","","","Florida","Owner/Developer","https://www.icsc.com/member/profile/859011"
"Geno Jarquin","The Villages Operating Company","","","","","Florida","Owner/Developer","https://www.icsc.com/member/profile/380743"
"Samara Jivani","S A Property Holdings","","","","","Florida","Owner/Developer","https://www.icsc.com/member/profile/853794"
"ALEX JIVANI","S A Property Holdings","","","","","Florida","Owner/Developer","https://www.icsc.com/member/profile/648147"
"Carl Jobson","S & C Investments","","","","","Florida","Owner/Developer","https://www.icsc.com/member/profile/837004"
"Theresa Johnson","The Dowd Companies","","","","","Florida","Owner/Developer","https://www.icsc.com/member/profile/450140"
"Austin Johnston","PPF Real Estate","","","","","Florida","Owner/Developer","https://www.icsc.com/member/profile/850940"
"William Joyce","EQT Real Estate","","","","","Florida","Owner/Developer","https://www.icsc.com/member/profile/857917"
"Marwan Kaddoura","Kadmar Property LLC","","","","","Florida","Owner/Developer","https://www.icsc.com/member/profile/836947"
"Sylvia Kaminska","Berritto Realty Holdings LLC","","","","","Florida","Owner/Developer","https://www.icsc.com/member/profile/850594"
"Hari Kannam","Karanam LLC","","","","","Florida","Owner/Developer","https://www.icsc.com/member/profile/814629"
"Arun Karamchandani","NGI INVESTMENTS","","","","","Florida","Owner/Developer","https://www.icsc.com/member/profile/810652"
"Harry Karamchandani (Kay)","NGI INVESTMENTS","","","","","Florida","Owner/Developer","https://www.icsc.com/member/profile/556721"
"Carolyn Karpinski","DW Properties LLC","","","","","Florida","Owner/Developer","https://www.icsc.com/member/profile/104650"
"Austin Kay","NAI Hallmark","","","","","Florida","Owner/Developer","https://www.icsc.com/member/profile/621591"
"Chad Keller","Clover Investment Properties LLC","","","","","Florida","Owner/Developer","https://www.icsc.com/member/profile/743518"
"Kellie Kelly","Sheriff Management, LLC","","","","","Florida","Owner/Developer","https://www.icsc.com/member/profile/632304"
"Kelly Kennedy","Barron Collier Commercial, Inc.","","","","","Florida","Owner/Developer","https://www.icsc.com/member/profile/834555"
"Craig Kennedy","Related Companies","","","","","Florida","Owner/Developer","https://www.icsc.com/member/profile/809473"
"Michael Kenney","Predesco Property Investments LLC","","","","","Florida","Owner/Developer","https://www.icsc.com/member/profile/226182"
"Mert Kerimoglu","Cross Regions Real Estate","","","","","Florida","Owner/Developer","https://www.icsc.com/member/profile/732169"
"AJ Kern","The Cornerstone Group","","","","","Florida","Owner/Developer","https://www.icsc.com/member/profile/859661"
"Owais Khanani","ELEVATION DEVELOPMENT, LLC","","","","","Florida","Owner/Developer","https://www.icsc.com/member/profile/617867"
"Neda Khosrowzadeh","PPC Development","","","","","Florida","Owner/Developer","https://www.icsc.com/member/profile/835998"
"Shannon Kiefhaber","Riverside Group","","","","","Florida","Owner/Developer","https://www.icsc.com/member/profile/857993"
"Michael Kinsella","Regency Centers","","","","","Florida","Owner/Developer","https://www.icsc.com/member/profile/217030"
"Ross Kirchman","ECP Partners LLC","","","","","Florida","Owner/Developer","https://www.icsc.com/member/profile/823975"
"Rob Kodsi","Tricon Real Estate","","","","","Florida","Owner/Developer","https://www.icsc.com/member/profile/186466"
"Esteban Koffsmon","Edifis Group","","","","","Florida","Owner/Developer","https://www.icsc.com/member/profile/470267"
"Justin Konforte","JYK Properties LLC","","","","","Florida","Owner/Developer","https://www.icsc.com/member/profile/858841"
"Viraj Kulhari","Terra Equity Group, LLC","","","","","Florida","Owner/Developer","https://www.icsc.com/member/profile/792379"
"Vino Kulhari","Terra Equity Group, LLC","","","","","Florida","Owner/Developer","https://www.icsc.com/member/profile/792377"
"Shree Kulkarni","Kulkarni Properties","","","","","Florida","Owner/Developer","https://www.icsc.com/member/profile/817153"
"Katya Landeiro","MacLand No 1 LLC","","","","","Florida","Owner/Developer","https://www.icsc.com/member/profile/835494"
"Brett Lang","Lang Family Management","","","","","Florida","Owner/Developer","https://www.icsc.com/member/profile/831673"
"Cesar Lang","Borluv","","","","","Florida","Owner/Developer","https://www.icsc.com/member/profile/792514"
"Erick Langenbrunner","The Villages of Lake-Sumter, Inc.","","","","","Florida","Owner/Developer","https://www.icsc.com/member/profile/602398"
"Kyle Larsen","Regency Centers","","","","","Florida","Owner/Developer","https://www.icsc.com/member/profile/810398"
"marc Lawrence","TM Residential","","","","","Florida","Owner/Developer","https://www.icsc.com/member/profile/812635"
"Matthew Lazenby","Whitman Family Development","","","","","Florida","Owner/Developer","https://www.icsc.com/member/profile/257429"
"William Lebas","Concorde Group Holdings, LLC","","","","","Florida","Owner/Developer","https://www.icsc.com/member/profile/644333"
"kent leeward","WestWind","","","","","Florida","Owner/Developer","https://www.icsc.com/member/profile/836022"
"Luanne Lenberg, CMD, CSM","Penn-Florida Companies","","","","","Florida","Owner/Developer","https://www.icsc.com/member/profile/117253"
"Andrew Leonardi","LG Investments, Inc.","","","","","Florida","Owner/Developer","https://www.icsc.com/member/profile/425004"
"Richard Leonardi","LG Investments, Inc.","","","","","Florida","Owner/Developer","https://www.icsc.com/member/profile/400372"
"Steven Leoni","Leoni Properties, Inc.","","","","","Florida","Owner/Developer","https://www.icsc.com/member/profile/575904"
"scott levert","Tanger","","","","","Florida","Owner/Developer","https://www.icsc.com/member/profile/834590"
"Howard Levine","Second Horizon Capital","","","","","Florida","Owner/Developer","https://www.icsc.com/member/profile/778498"
"Kent Linton","Second Horizon Capital","","","","","Florida","Owner/Developer","https://www.icsc.com/member/profile/848485"
"Zachary Liszt","Cardinal Point Management","","","","","Florida","Owner/Developer","https://www.icsc.com/member/profile/811257"
"Jackie Lombardo","The Villages Operating Company","","","","","Florida","Owner/Developer","https://www.icsc.com/member/profile/784850"
"Richard Lovell","The Amera Corporation","","","","","Florida","Owner/Developer","https://www.icsc.com/member/profile/365618"
"Adam Lubkin","Ibis Development Group","","","","","Florida","Owner/Developer","https://www.icsc.com/member/profile/415648"
"Mike Lucido","ECP Partners LLC","","","","","Florida","Owner/Developer","https://www.icsc.com/member/profile/581014"
"Nathaly Lugo","First National Realty Partners","","","","","Florida","Owner/Developer","https://www.icsc.com/member/profile/825179"
"Angela Lygerou","IMC Equity Group","","","","","Florida","Owner/Developer","https://www.icsc.com/member/profile/744595"
"Paul Mahoney","Miami Freedom Park","","","","","Florida","Owner/Developer","https://www.icsc.com/member/profile/868182"
"Michael Malinasky","Aryeh Group","","","","","Florida","Owner/Developer","https://www.icsc.com/member/profile/865901"
"Vinson Mallah","Equity Management Partners Inc.","","","","","Florida","Owner/Developer","https://www.icsc.com/member/profile/812548"
"todd manganaro","Palio Properties","","","","","Florida","Owner/Developer","https://www.icsc.com/member/profile/812167"
"Charlotte Manley","Ustler Development","","","","","Florida","Owner/Developer","https://www.icsc.com/member/profile/349099"
"Kyle Mannheimer","BPS Partners FL LLC","","","","","Florida","Owner/Developer","https://www.icsc.com/member/profile/835232"
"David Marchisotto","Saglo Companies","","","","","Florida","Owner/Developer","https://www.icsc.com/member/profile/850216"
"Traci Markham","The Villages Operating Company","","","","","Florida","Owner/Developer","https://www.icsc.com/member/profile/849796"
"Justin Markley","Regency Centers","","","","","Florida","Owner/Developer","https://www.icsc.com/member/profile/583547"
"Ainur Marquez","4th Dimension Properties","","","","","Florida","Owner/Developer","https://www.icsc.com/member/profile/766451"
"Leydiana Martin","Kitson & Partners","","","","","Florida","Owner/Developer","https://www.icsc.com/member/profile/810476"
"Randy Martinuzzi","Semanik Investment Corporation","","","","","Florida","Owner/Developer","https://www.icsc.com/member/profile/770069"
"Javier Masferrer","JBL Asset Management","","","","","Florida","Owner/Developer","https://www.icsc.com/member/profile/792425"
"Donavan McAdams","Vendita AI","","","","","Florida","Owner/Developer","https://www.icsc.com/member/profile/859572"
"Sean McCall","Baycorp Development","","","","","Florida","Owner/Developer","https://www.icsc.com/member/profile/187615"
"Richie McClure","McClure Company","","","","","Florida","Owner/Developer","https://www.icsc.com/member/profile/625672"
"Richard McClure","McClure Company","","","","","Florida","Owner/Developer","https://www.icsc.com/member/profile/109261"
"Devon McCorkle","Miami Freedom Park","","","","","Florida","Owner/Developer","https://www.icsc.com/member/profile/807824"
"Kevin McCraw","Hunt Real Estate","","","","","Florida","Owner/Developer","https://www.icsc.com/member/profile/309780"
"Christy McElroy","Regency Centers","","","","","Florida","Owner/Developer","https://www.icsc.com/member/profile/318842"
"Rurmell McGee","Blackwater Development","","","","","Florida","Owner/Developer","https://www.icsc.com/member/profile/783402"
"Richard McGinley","MCL","","","","","Florida","Owner/Developer","https://www.icsc.com/member/profile/781367"
"Michael McGowan","Chase Properties","","","","","Florida","Owner/Developer","https://www.icsc.com/member/profile/602976"
"Thao McGrane","Southwind Investment","","","","","Florida","Owner/Developer","https://www.icsc.com/member/profile/790934"
"Patrick McKinley","Regency Centers","","","","","Florida","Owner/Developer","https://www.icsc.com/member/profile/295437"
"Gail McKinney","EDENS","","","","","Florida","Owner/Developer","https://www.icsc.com/member/profile/374006"
"Tom McLaughlin","Investors Realty Advisors, Inc.","","","","","Florida","Owner/Developer","https://www.icsc.com/member/profile/812747"
"Kevin Menendez","RK Development Partners, LLC","","","","","Florida","Owner/Developer","https://www.icsc.com/member/profile/495518"
"Anthony Menna","Menna Development & Management, Inc.","","","","","Florida","Owner/Developer","https://www.icsc.com/member/profile/682987"
"Amanda Merchent","The Villages Operating Company","","","","","Florida","Owner/Developer","https://www.icsc.com/member/profile/834850"
"Kevin Merideth","Boyd Development Corporation","","","","","Florida","Owner/Developer","https://www.icsc.com/member/profile/407461"
"Max Messulam","Gazit Horizons, Inc.","","","","","Florida","Owner/Developer","https://www.icsc.com/member/profile/858157"
"Michael Metcalf","MHM Development","","","","","Florida","Owner/Developer","https://www.icsc.com/member/profile/446853"
"Gail Meyer Asarch","Meyer Development","","","","","Florida","Owner/Developer","https://www.icsc.com/member/profile/244866"
"Paul Miklos","Harbor Properties","","","","","Florida","Owner/Developer","https://www.icsc.com/member/profile/740510"
"David Milgram","Highline Real Estate Capital","","","","","Florida","Owner/Developer","https://www.icsc.com/member/profile/400210"
"Dan Miller","Discomfort LLC","","","","","Florida","Owner/Developer","https://www.icsc.com/member/profile/859183"
"Sergio Oscar Miranda","JKV CAPITAL","","","","","Florida","Owner/Developer","https://www.icsc.com/member/profile/509397"
"Franco Mirasola","Vantage Properties","","","","","Florida","Owner/Developer","https://www.icsc.com/member/profile/270552"
"Adam Mirmelli","Shaked Acquisitions","","","","","Florida","Owner/Developer","https://www.icsc.com/member/profile/836809"
"Ishmel Mobarak","Corbin Holdings, LLC","","","","","Florida","Owner/Developer","https://www.icsc.com/member/profile/725154"
"Steven Montalvo","Validus Group","","","","","Florida","Owner/Developer","https://www.icsc.com/member/profile/603308"
"Anthony Monteleone","The Villages Operating Company","","","","","Florida","Owner/Developer","https://www.icsc.com/member/profile/797373"
"Josiah Moore","Millenia Partners","","","","","Florida","Owner/Developer","https://www.icsc.com/member/profile/810695"
"Maria Morales","Kitson & Partners","","","","","Florida","Owner/Developer","https://www.icsc.com/member/profile/823632"
"George Morgan Jr","The Morgan Companies","","","","","Florida","Owner/Developer","https://www.icsc.com/member/profile/94007"
"Theresa Morocco","Whitman Family Development","","","","","Florida","Owner/Developer","https://www.icsc.com/member/profile/803037"
"Ishon Morris","Real Deal Makers","","","","","Florida","Owner/Developer","https://www.icsc.com/member/profile/859567"
"Greta Morris","Regency Centers","","","","","Florida","Owner/Developer","https://www.icsc.com/member/profile/783707"
"Kevin Moyo","Fourth Quarter Capital Inc","","","","","Florida","Owner/Developer","https://www.icsc.com/member/profile/504523"
"Kristin Muir","Muir Investment Holdings, LLC","","","","","Florida","Owner/Developer","https://www.icsc.com/member/profile/825170"
"Kathy Mulkern","Longpoint Realty Partners","","","","","Florida","Owner/Developer","https://www.icsc.com/member/profile/124541"
"Andrew Mumford","Regency Centers","","","","","Florida","Owner/Developer","https://www.icsc.com/member/profile/330207"
"Damian Najman","Iron City Group","","","","","Florida","Owner/Developer","https://www.icsc.com/member/profile/601692"
"Rupen Nana","FULSPEK","","","","","Florida","Owner/Developer","https://www.icsc.com/member/profile/823848"
"Nikhil Nandu","Benzer International Inc.","","","","","Florida","Owner/Developer","https://www.icsc.com/member/profile/793562"
"Arvind Nandu","Benzer International Inc.","","","","","Florida","Owner/Developer","https://www.icsc.com/member/profile/793354"
"Luis Nazario","Saglo Companies","","","","","Florida","Owner/Developer","https://www.icsc.com/member/profile/690218"
"Victor Nazi","Kitson & Partners","","","","","Florida","Owner/Developer","https://www.icsc.com/member/profile/763078"
"Adriana Nelson","Kitson & Partners","","","","","Florida","Owner/Developer","https://www.icsc.com/member/profile/812218"
"Debbie Newell","American Commercial Realty","","","","","Florida","Owner/Developer","https://www.icsc.com/member/profile/523768"
"Joseph Nichols","JMJ General Contractors Inc","","","","","Florida","Owner/Developer","https://www.icsc.com/member/profile/868457"
"Philip Nicozisis","Nico Properties Group LLC","","","","","Florida","Owner/Developer","https://www.icsc.com/member/profile/617427"
"Camden Nightengale","Clover Investment Properties LLC","","","","","Florida","Owner/Developer","https://www.icsc.com/member/profile/743520"
"Brandon Nocella","Strategic Retail Advisors","","","","","Florida","Owner/Developer","https://www.icsc.com/member/profile/310864"
"Susan Novak","Regency Centers","","","","","Florida","Owner/Developer","https://www.icsc.com/member/profile/670875"
"Greg Nowak","Vantage Properties","","","","","Florida","Owner/Developer","https://www.icsc.com/member/profile/207740"
"James Nulf","Seagate Development Group","","","","","Florida","Owner/Developer","https://www.icsc.com/member/profile/812705"
"Michael O'Connor","Wagner Property Group","","","","","Florida","Owner/Developer","https://www.icsc.com/member/profile/743664"
"Michael O'Steen","The PARC Group","","","","","Florida","Owner/Developer","https://www.icsc.com/member/profile/836656"
"Nicholas Oberholtzer","Third lake Partners, LLC","","","","","Florida","Owner/Developer","https://www.icsc.com/member/profile/836569"
"J. Cole Oliver","EKS, Inc.","","","","","Florida","Owner/Developer","https://www.icsc.com/member/profile/653031"
"Rick Olson","Olson Land Partners","","","","","Florida","Owner/Developer","https://www.icsc.com/member/profile/743083"
"Cameron Orsi","Strategic Retail Advisors","","","","","Florida","Owner/Developer","https://www.icsc.com/member/profile/834338"
"Kelsey Overby","Second Horizon Capital","","","","","Florida","Owner/Developer","https://www.icsc.com/member/profile/785314"
"David Owen Jr","SunCoast Retail Developers","","","","","Florida","Owner/Developer","https://www.icsc.com/member/profile/617679"
"Graham Oxley","Miami Freedom Park","","","","","Florida","Owner/Developer","https://www.icsc.com/member/profile/820348"
"Kurt Palermo","Real Commercial","","","","","Florida","Owner/Developer","https://www.icsc.com/member/profile/837096"
"Lisa Palmer","Regency Centers","","","","","Florida","Owner/Developer","https://www.icsc.com/member/profile/174275"
"Alexander Pantaleon","Boyd Development Corporation","","","","","Florida","Owner/Developer","https://www.icsc.com/member/profile/730096"
"Ben Pantazi","Commercial Legacy Advisors, LLC","","","","","Florida","Owner/Developer","https://www.icsc.com/member/profile/761348"
"Roger Passarella","Morgan Farm,LLC","","","","","Florida","Owner/Developer","https://www.icsc.com/member/profile/514867"
"Sam Patierno","The Augusterra Group, LLC","","","","","Florida","Owner/Developer","https://www.icsc.com/member/profile/812834"
"Christopher Patterson","Aware Investments","","","","","Florida","Owner/Developer","https://www.icsc.com/member/profile/851035"
"Jelena Pavlovic","Concorde Group Holdings, LLC","","","","","Florida","Owner/Developer","https://www.icsc.com/member/profile/853244"
"Andrew Peach","Tanger","","","","","Florida","Owner/Developer","https://www.icsc.com/member/profile/511534"
"Robert Peck","Watkins Real Estate Group","","","","","Florida","Owner/Developer","https://www.icsc.com/member/profile/117438"
"Carlos Pena","MAK Realty Group","","","","","Florida","Owner/Developer","https://www.icsc.com/member/profile/828035"
"Michael Perkowski","Regency Centers","","","","","Florida","Owner/Developer","https://www.icsc.com/member/profile/810857"
"Kahra Peterson","Real Deal Makers","","","","","Florida","Owner/Developer","https://www.icsc.com/member/profile/859568"
"Chad Pettinato","Black Marlin Capital, LLC","","","","","Florida","Owner/Developer","https://www.icsc.com/member/profile/802682"
"Michael Phillips","Loci Capital Group","","","","","Florida","Owner/Developer","https://www.icsc.com/member/profile/316723"
"Brian Piccolo","Clover Investment Properties LLC","","","","","Florida","Owner/Developer","https://www.icsc.com/member/profile/810502"
"Steven Pike","Kolter Mixed-Use","","","","","Florida","Owner/Developer","https://www.icsc.com/member/profile/802406"
"Andrei Pintilie CCIM","EDENS","","","","","Florida","Owner/Developer","https://www.icsc.com/member/profile/482501"
"Steven Pinzon","Arena Capital Holdings","","","","","Florida","Owner/Developer","https://www.icsc.com/member/profile/858913"
"Enoch Poon","Amstin LLC","","","","","Florida","Owner/Developer","https://www.icsc.com/member/profile/776828"
"James Porter","Wiregrass Ranch, Inc.","","","","","Florida","Owner/Developer","https://www.icsc.com/member/profile/619976"
"Jason Powers","Powers Development Group","","","","","Florida","Owner/Developer","https://www.icsc.com/member/profile/287169"
"Eshaan Premji","Northstar Group of Companies","","","","","Florida","Owner/Developer","https://www.icsc.com/member/profile/835919"
"Salim Premji","chancellor holding llc","","","","","Florida","Owner/Developer","https://www.icsc.com/member/profile/791928"
"Cory Presnick","CORTA","","","","","Florida","Owner/Developer","https://www.icsc.com/member/profile/783719"
"Elan Radick","Sublime Management","","","","","Florida","Owner/Developer","https://www.icsc.com/member/profile/860070"
"Michael Rahael","The Amera Corporation","","","","","Florida","Owner/Developer","https://www.icsc.com/member/profile/294933"
"Gisele Rahael","The Amera Corporation","","","","","Florida","Owner/Developer","https://www.icsc.com/member/profile/192206"
"George Rahael","The Amera Corporation","","","","","Florida","Owner/Developer","https://www.icsc.com/member/profile/142682"
"Gillian Rahael Johnson","The Amera Corporation","","","","","Florida","Owner/Developer","https://www.icsc.com/member/profile/238221"
"Pablo Ramos","Habitus Capital","","","","","Florida","Owner/Developer","https://www.icsc.com/member/profile/842343"
"David Rattner, CLS, CRX","Blue Sky Holdings, Inc","","","","","Florida","Owner/Developer","https://www.icsc.com/member/profile/352594"
"Venkata Ravipati","Rave Commercial LLC","","","","","Florida","Owner/Developer","https://www.icsc.com/member/profile/378833"
"Geno Ray","LG Investments, Inc.","","","","","Florida","Owner/Developer","https://www.icsc.com/member/profile/629216"
"Syed Raza","Black mountain group, llc","","","","","Florida","Owner/Developer","https://www.icsc.com/member/profile/792264"
"Michael Rechter","Integra Real Estate","","","","","Florida","Owner/Developer","https://www.icsc.com/member/profile/383897"
"Michel Regignano","GPI Real Estate Group","","","","","Florida","Owner/Developer","https://www.icsc.com/member/profile/828961"
"Scott Renick, CLS, CRX","The Villages Operating Company","","","","","Florida","Owner/Developer","https://www.icsc.com/member/profile/255785"
"Felix Reznick","4th Dimension Properties","","","","","Florida","Owner/Developer","https://www.icsc.com/member/profile/773731"
"Paxton Rhoads","Forge Capital Partners","","","","","Florida","Owner/Developer","https://www.icsc.com/member/profile/791793"
"Taylor Rice","Cross Regions Real Estate","","","","","Florida","Owner/Developer","https://www.icsc.com/member/profile/853295"
"Jeff Richards","L2B","","","","","Florida","Owner/Developer","https://www.icsc.com/member/profile/693251"
"Heather Richmond","Meyer Development","","","","","Florida","Owner/Developer","https://www.icsc.com/member/profile/356647"
"Joseph Risi","Wagner Property Group","","","","","Florida","Owner/Developer","https://www.icsc.com/member/profile/836015"
"Chris Robinson","Phoenicia Development, LLC","","","","","Florida","Owner/Developer","https://www.icsc.com/member/profile/792857"
"Juan Rodriguez","Stablewood Properties","","","","","Florida","Owner/Developer","https://www.icsc.com/member/profile/798714"
"Oscar Rodriguez Jr","Arena Capital Holdings","","","","","Florida","Owner/Developer","https://www.icsc.com/member/profile/572124"
"Robert Rohrlack III","Generation Income Properties, Inc.","","","","","Florida","Owner/Developer","https://www.icsc.com/member/profile/772571"
"Susan Ross","Federal Realty","","","","","Florida","Owner/Developer","https://www.icsc.com/member/profile/209473"
"Steven Royal","The Royal Companies","","","","","Florida","Owner/Developer","https://www.icsc.com/member/profile/128438"
"Jorge Ruiz","Denvest LLC","","","","","Florida","Owner/Developer","https://www.icsc.com/member/profile/681588"
"Brandie Rush, CRRP, CSM","The Villages Operating Company","","","","","Florida","Owner/Developer","https://www.icsc.com/member/profile/501441"
"Michael Russell","Paramount Realty Group","","","","","Florida","Owner/Developer","https://www.icsc.com/member/profile/862289"
"Alyson Ruttgeizer","DEW Seven, LLC","","","","","Florida","Owner/Developer","https://www.icsc.com/member/profile/788222"
"Brad Safley","Tidewater Development Group","","","","","Florida","Owner/Developer","https://www.icsc.com/member/profile/695905"
"Kamil Salame","Royal Palm Companies","","","","","Florida","Owner/Developer","https://www.icsc.com/member/profile/860535"
"Richard Salter","PSL1 LLC","","","","","Florida","Owner/Developer","https://www.icsc.com/member/profile/681548"
"Jon Samuel","Midtown Group","","","","","Florida","Owner/Developer","https://www.icsc.com/member/profile/683712"
"Alejandro Sanchez","Indigo Properties Inc","","","","","Florida","Owner/Developer","https://www.icsc.com/member/profile/792145"
"Casey Sanders","Paradise Ventures, Inc.","","","","","Florida","Owner/Developer","https://www.icsc.com/member/profile/337184"
"Alex Sands","Pine Drive Development","","","","","Florida","Owner/Developer","https://www.icsc.com/member/profile/801151"
"Natalie Santizo","East Coast Acquisitions","","","","","Florida","Owner/Developer","https://www.icsc.com/member/profile/859067"
"Anthony Saravanos CCIM, CDP","Greenleaf Capital","","","","","Florida","Owner/Developer","https://www.icsc.com/member/profile/286996"
"George Sarkisian Esq","Arena Capital Holdings","","","","","Florida","Owner/Developer","https://www.icsc.com/member/profile/654004"
"Luke Sawyer","Millenia Partners","","","","","Florida","Owner/Developer","https://www.icsc.com/member/profile/744785"
"Michael Scarfo","Retail Development Properties, LLC","","","","","Florida","Owner/Developer","https://www.icsc.com/member/profile/257529"
"Jeremy Scheer","Cleeman Realty Group","","","","","Florida","Owner/Developer","https://www.icsc.com/member/profile/677204"
"Jennifer Scher","SSG Commercial","","","","","Florida","Owner/Developer","https://www.icsc.com/member/profile/712736"
"David Scher","SSG Commercial","","","","","Florida","Owner/Developer","https://www.icsc.com/member/profile/120423"
"Barry Scherr","Sundar Corporation","","","","","Florida","Owner/Developer","https://www.icsc.com/member/profile/140376"
"Michael Schinella","United Properties","","","","","Florida","Owner/Developer","https://www.icsc.com/member/profile/603005"
"Max Schwartz","Cascade Landings","","","","","Florida","Owner/Developer","https://www.icsc.com/member/profile/836553"
"Bryan Sechrist","MHM Development","","","","","Florida","Owner/Developer","https://www.icsc.com/member/profile/758041"
"Sam Seelenfreund","Cleeman Realty Group","","","","","Florida","Owner/Developer","https://www.icsc.com/member/profile/754841"
"Carlos Segrera","IMC Equity Group","","","","","Florida","Owner/Developer","https://www.icsc.com/member/profile/604184"
"Mandy Seuss","NRH Homes","","","","","Florida","Owner/Developer","https://www.icsc.com/member/profile/851595"
"Tarak Shah","Shah Investments","","","","","Florida","Owner/Developer","https://www.icsc.com/member/profile/858172"
"Yariv Shaked","Shaked Acquisitions","","","","","Florida","Owner/Developer","https://www.icsc.com/member/profile/778516"
"Sagi Shaked","Shaked Acquisitions","","","","","Florida","Owner/Developer","https://www.icsc.com/member/profile/778515"
"Rod Sheldon","Predesco Property Investments LLC","","","","","Florida","Owner/Developer","https://www.icsc.com/member/profile/526755"
"Jesse Shemesh","Point Acquisitions LLC","","","","","Florida","Owner/Developer","https://www.icsc.com/member/profile/770850"
"Scott Sheridan","Wiregrass Ranch, Inc.","","","","","Florida","Owner/Developer","https://www.icsc.com/member/profile/338006"
"Scott Sherman","Torose Equities","","","","","Florida","Owner/Developer","https://www.icsc.com/member/profile/500506"
"Ashleigh Shim","Petra","","","","","Florida","Owner/Developer","https://www.icsc.com/member/profile/860308"
"Nicole Shiman","EDENS","","","","","Florida","Owner/Developer","https://www.icsc.com/member/profile/658954"
"Marta Shin","Sentinel Fund I, LLC","","","","","Florida","Owner/Developer","https://www.icsc.com/member/profile/787386"
"Tae Shin","Sentinel Fund I, LLC","","","","","Florida","Owner/Developer","https://www.icsc.com/member/profile/787353"
"Brad Shirley","Jomar Development and Construction, Inc","","","","","Florida","Owner/Developer","https://www.icsc.com/member/profile/858776"
"Jody Shirley","Jomar Development and Construction, Inc","","","","","Florida","Owner/Developer","https://www.icsc.com/member/profile/858774"
"Ben Shmul","Insite Development Group","","","","","Florida","Owner/Developer","https://www.icsc.com/member/profile/831937"
"Drew Shofner","BluRock Commercial Real Estate, LLC","","","","","Florida","Owner/Developer","https://www.icsc.com/member/profile/836346"
"sara shulman","Cleeman Realty Group","","","","","Florida","Owner/Developer","https://www.icsc.com/member/profile/802969"
"Daniel Siegel","Westgate Resort, Ltd.","","","","","Florida","Owner/Developer","https://www.icsc.com/member/profile/860111"
"David Siegel","Westgate Resort, Ltd.","","","","","Florida","Owner/Developer","https://www.icsc.com/member/profile/860106"
"Oliver Silver","Aetna Realty","","","","","Florida","Owner/Developer","https://www.icsc.com/member/profile/812938"
"Frank Silverman","Vision Development and Management","","","","","Florida","Owner/Developer","https://www.icsc.com/member/profile/824129"
"Frank Silverman","Vision Development and Management","","","","","Florida","Owner/Developer","https://www.icsc.com/member/profile/655339"
"Natasha Simas","Sentinel Fund I, LLC","","","","","Florida","Owner/Developer","https://www.icsc.com/member/profile/817677"
"Ezra Sitt","Blake Road Realty","","","","","Florida","Owner/Developer","https://www.icsc.com/member/profile/745785"
"Jesse Sklaroff","Regency Centers","","","","","Florida","Owner/Developer","https://www.icsc.com/member/profile/805007"
"Jonathan Slomianski","Galium Capital","","","","","Florida","Owner/Developer","https://www.icsc.com/member/profile/792686"
"Benjamin Small","ESJ Capital Partners","","","","","Florida","Owner/Developer","https://www.icsc.com/member/profile/836789"
"Bryon Smith","Westgate Resort, Ltd.","","","","","Florida","Owner/Developer","https://www.icsc.com/member/profile/860105"
"Debbie Smith","Kitson & Partners","","","","","Florida","Owner/Developer","https://www.icsc.com/member/profile/857369"
"Aaron Smith","PPF Real Estate","","","","","Florida","Owner/Developer","https://www.icsc.com/member/profile/850785"
"Jennifer Smithers","East Coast Acquisitions","","","","","Florida","Owner/Developer","https://www.icsc.com/member/profile/859066"
"John Snook CCIM","Regional Development Group, Inc","","","","","Florida","Owner/Developer","https://www.icsc.com/member/profile/849676"
"Daniel Snyder","Snyder Holding Company LLC","","","","","Florida","Owner/Developer","https://www.icsc.com/member/profile/849095"
"B.P. Sodhi","Eagles Florida Commercial Properties LLC","","","","","Florida","Owner/Developer","https://www.icsc.com/member/profile/601455"
"Matt Sonntag","Rialto Holdings, LLC","","","","","Florida","Owner/Developer","https://www.icsc.com/member/profile/383657"
"Justin Sosa","Wagner Property Group","","","","","Florida","Owner/Developer","https://www.icsc.com/member/profile/860167"
"Richie Speno","PREFERRED Realty & Development","","","","","Florida","Owner/Developer","https://www.icsc.com/member/profile/812461"
"Tom Speno","PREFERRED Realty & Development","","","","","Florida","Owner/Developer","https://www.icsc.com/member/profile/716012"
"Toby Spill","GPK Real Estate Investment & Development","","","","","Florida","Owner/Developer","https://www.icsc.com/member/profile/826184"
"Anne Stephens","Regency Centers","","","","","Florida","Owner/Developer","https://www.icsc.com/member/profile/783173"
"Mia Stierheim","Deploy Development Group LLC","","","","","Florida","Owner/Developer","https://www.icsc.com/member/profile/237907"
"Allen Stiles","GPS Development","","","","","Florida","Owner/Developer","https://www.icsc.com/member/profile/856178"
"Caitlin Stone","Regency Centers","","","","","Florida","Owner/Developer","https://www.icsc.com/member/profile/802695"
"Luke Strickland","Tidewater Development Group","","","","","Florida","Owner/Developer","https://www.icsc.com/member/profile/835173"
"Michael Strongin","4 River Capital LLC","","","","","Florida","Owner/Developer","https://www.icsc.com/member/profile/867695"
"Doug Sullinger","Vendita AI","","","","","Florida","Owner/Developer","https://www.icsc.com/member/profile/807389"
"glenn sullivan","Kitson & Partners","","","","","Florida","Owner/Developer","https://www.icsc.com/member/profile/857382"
"James Swan","Swan Real Estate","","","","","Florida","Owner/Developer","https://www.icsc.com/member/profile/810928"
"Turner Swann","Inlet Property Company","","","","","Florida","Owner/Developer","https://www.icsc.com/member/profile/860389"
"Tye Swenson","Fortify Development","","","","","Florida","Owner/Developer","https://www.icsc.com/member/profile/617885"
"Josh Taube","Strategic Property Partners","","","","","Florida","Owner/Developer","https://www.icsc.com/member/profile/832177"
"Chuck Taylor, CLS, CRX, CSM","Second Horizon Capital","","","","","Florida","Owner/Developer","https://www.icsc.com/member/profile/91906"
"Tad Templeton","CORTA","","","","","Florida","Owner/Developer","https://www.icsc.com/member/profile/778534"
"Jonathan Tenenbaum","Sayet","","","","","Florida","Owner/Developer","https://www.icsc.com/member/profile/816321"
"Daron Tersakyan","Investments Limited","","","","","Florida","Owner/Developer","https://www.icsc.com/member/profile/370532"
"Angela Tharpe","The Collier Companies","","","","","Florida","Owner/Developer","https://www.icsc.com/member/profile/734186"
"Lewis Thompson","Deziel Company","","","","","Florida","Owner/Developer","https://www.icsc.com/member/profile/857633"
"Ashley Thornburg","Lionheart Capital","","","","","Florida","Owner/Developer","https://www.icsc.com/member/profile/445908"
"Pablo Tondreau","Grupo Puerto LLC","","","","","Florida","Owner/Developer","https://www.icsc.com/member/profile/832948"
"Shana Torre","Kitson & Partners","","","","","Florida","Owner/Developer","https://www.icsc.com/member/profile/864235"
"Lawson Trantina","The St. Joe Company","","","","","Florida","Owner/Developer","https://www.icsc.com/member/profile/851844"
"Tony Trieu","Trieu Development Group","","","","","Florida","Owner/Developer","https://www.icsc.com/member/profile/522081"
"Robert Truett","TRG","","","","","Florida","Owner/Developer","https://www.icsc.com/member/profile/778349"
"Burton Tuttle","Alliant Partners","","","","","Florida","Owner/Developer","https://www.icsc.com/member/profile/603419"
"Sebastian Valenzuela","Avenida Realty","","","","","Florida","Owner/Developer","https://www.icsc.com/member/profile/649639"
"Paul Varano","Lifetime Property","","","","","Florida","Owner/Developer","https://www.icsc.com/member/profile/859443"
"Camilo Varela","Second Horizon Capital","","","","","Florida","Owner/Developer","https://www.icsc.com/member/profile/778500"
"Angel Velazquez","Strategic Property Partners","","","","","Florida","Owner/Developer","https://www.icsc.com/member/profile/807437"
"Matthew Vickery, CRRP","Vickery Corporate Services","","","","","Florida","Owner/Developer","https://www.icsc.com/member/profile/404302"
"Renee Wager","Regency Centers","","","","","Florida","Owner/Developer","https://www.icsc.com/member/profile/288006"
"Marilyn Waldrop","Sentinel Fund I, LLC","","","","","Florida","Owner/Developer","https://www.icsc.com/member/profile/847437"
"Connor Walsh","Southeastern Retail Development, LLC","","","","","Florida","Owner/Developer","https://www.icsc.com/member/profile/863180"
"Patrick Walsh","Amprop Ventures","","","","","Florida","Owner/Developer","https://www.icsc.com/member/profile/860263"
"Collin Walsh","Amprop Ventures","","","","","Florida","Owner/Developer","https://www.icsc.com/member/profile/855053"
"Mitch Walters","Regency Centers","","","","","Florida","Owner/Developer","https://www.icsc.com/member/profile/804708"
"Craig Wasserman","GPK holdings Company","","","","","Florida","Owner/Developer","https://www.icsc.com/member/profile/668976"
"Rebecca Waters CCIM, CLS, CSM","The St. Joe Company","","","","","Florida","Owner/Developer","https://www.icsc.com/member/profile/133771"
"Tiffany Wein","NAI Hallmark","","","","","Florida","Owner/Developer","https://www.icsc.com/member/profile/858118"
"Jon Weinstein","Second Horizon Capital","","","","","Florida","Owner/Developer","https://www.icsc.com/member/profile/808563"
"Rafael Weiss","JW Advance","","","","","Florida","Owner/Developer","https://www.icsc.com/member/profile/753568"
"Jack Weisser","Lindell Investments","","","","","Florida","Owner/Developer","https://www.icsc.com/member/profile/835356"
"Alexander Welch","Forge Capital Partners","","","","","Florida","Owner/Developer","https://www.icsc.com/member/profile/675545"
"Bernard Werner","Metropica Development LLC","","","","","Florida","Owner/Developer","https://www.icsc.com/member/profile/843130"
"Earl Wesson","Deploy Development Group LLC","","","","","Florida","Owner/Developer","https://www.icsc.com/member/profile/117850"
"James White","White Development Company","","","","","Florida","Owner/Developer","https://www.icsc.com/member/profile/126146"
"Christopher Wild","East Coast Acquisitions","","","","","Florida","Owner/Developer","https://www.icsc.com/member/profile/728898"
"Gradon Willard","BluRock Commercial Real Estate, LLC","","","","","Florida","Owner/Developer","https://www.icsc.com/member/profile/666341"
"Gregory Williams","Cardinal Point Management","","","","","Florida","Owner/Developer","https://www.icsc.com/member/profile/837007"
"Sharon Williams","Exchange Place Inc.","","","","","Florida","Owner/Developer","https://www.icsc.com/member/profile/812946"
"Chad Williams","Flagship Companies Group","","","","","Florida","Owner/Developer","https://www.icsc.com/member/profile/623775"
"Grant Wood","Stingray Asset Management","","","","","Florida","Owner/Developer","https://www.icsc.com/member/profile/716375"
"Rod Woodfaulk","Hilltop Commercial ~ Florida","","","","","Florida","Owner/Developer","https://www.icsc.com/member/profile/801036"
"David Workman","Loci Capital Group","","","","","Florida","Owner/Developer","https://www.icsc.com/member/profile/860526"
"Charlene Worrell","SunCoast Retail Developers","","","","","Florida","Owner/Developer","https://www.icsc.com/member/profile/682068"
"Kristina Wyllie","Saglo Companies","","","","","Florida","Owner/Developer","https://www.icsc.com/member/profile/568165"
"Shay Yakobovich","Luxe holdings group","","","","","Florida","Owner/Developer","https://www.icsc.com/member/profile/732851"
"Logan Yates","The St. Joe Company","","","","","Florida","Owner/Developer","https://www.icsc.com/member/profile/851795"
"Yanina Yefimova","Metro Commercial Real Estate Inc.","","","","","Florida","Owner/Developer","https://www.icsc.com/member/profile/620938"
"William Yeomans Jr","The Augusterra Group, LLC","","","","","Florida","Owner/Developer","https://www.icsc.com/member/profile/353968"
"Courtenay Yergens","Diversified Companies","","","","","Florida","Owner/Developer","https://www.icsc.com/member/profile/775468"
"Achikam Yogev","Flamboyanes","","","","","Florida","Owner/Developer","https://www.icsc.com/member/profile/270313"
"Alex Zapata","Barclay Group","","","","","Florida","Owner/Developer","https://www.icsc.com/member/profile/836217"
"Sen Zhang","GPK holdings Company","","","","","Florida","Owner/Developer","https://www.icsc.com/member/profile/668966"
"Jeffrey Zito","Wahoo Land","","","","","Florida","Owner/Developer","https://www.icsc.com/member/profile/857316"
"ryan zuckerman","The Zuckerman Group","","","","","Florida","Owner/Developer","https://www.icsc.com/member/profile/787894"
"Natalie Abt","EDENS","","","","","Georgia","Owner/Developer","https://www.icsc.com/member/profile/583380"
"Jim Ackerman","Fuqua Development","","","","","Georgia","Owner/Developer","https://www.icsc.com/member/profile/169369"
"Rhodes Adair","Regency Centers","","","","","Georgia","Owner/Developer","https://www.icsc.com/member/profile/794783"
"Vandana Aggarwal","Aggarwal Real Estate","","","","","Georgia","Owner/Developer","https://www.icsc.com/member/profile/435235"
"Josh Ahlzadeh","Delza Properties","","","","","Georgia","Owner/Developer","https://www.icsc.com/member/profile/736931"
"Michael Allison","LBX Investments LLC","","","","","Georgia","Owner/Developer","https://www.icsc.com/member/profile/562307"
"Michael Alterman","Alterman Commercial Real Estate","","","","","Georgia","Owner/Developer","https://www.icsc.com/member/profile/314720"
"Herbert Ames","EDENS","","","","","Georgia","Owner/Developer","https://www.icsc.com/member/profile/314332"
"Geoff Anderson","Taz Anderson Companies","","","","","Georgia","Owner/Developer","https://www.icsc.com/member/profile/785323"
"Sam Banjee","Banjee Enterprises,LLC","","","","","Georgia","Owner/Developer","https://www.icsc.com/member/profile/506063"
"william banks","Bridger Properties","","","","","Georgia","Owner/Developer","https://www.icsc.com/member/profile/787917"
"Reid Barker","Barker Corp.","","","","","Georgia","Owner/Developer","https://www.icsc.com/member/profile/780484"
"David Barrett","BA BARRETT CONSTRUCTION","","","","","Georgia","Owner/Developer","https://www.icsc.com/member/profile/637016"
"Elesha Bateman","South Coast Commercial","","","","","Georgia","Owner/Developer","https://www.icsc.com/member/profile/581758"
"Sarabeth Bauer","Branch Properties, LLC","","","","","Georgia","Owner/Developer","https://www.icsc.com/member/profile/768446"
"Karlo Bazdan","Pursuit Development","","","","","Georgia","Owner/Developer","https://www.icsc.com/member/profile/775353"
"Brian Bennett","JBS Capital Investments, LLC","","","","","Georgia","Owner/Developer","https://www.icsc.com/member/profile/584577"
"Claire Bernard","Jamestown, LP","","","","","Georgia","Owner/Developer","https://www.icsc.com/member/profile/782108"
"Preston Blair","Alterman Commercial Real Estate","","","","","Georgia","Owner/Developer","https://www.icsc.com/member/profile/783177"
"Todd Blair","Blair Capital, LLC","","","","","Georgia","Owner/Developer","https://www.icsc.com/member/profile/593123"
"Matthew Blass","Dimension Development Partners","","","","","Georgia","Owner/Developer","https://www.icsc.com/member/profile/864493"
"David Blass","Dimension Development Partners","","","","","Georgia","Owner/Developer","https://www.icsc.com/member/profile/101147"
"Susan Bloodworth","AREY GROUP","","","","","Georgia","Owner/Developer","https://www.icsc.com/member/profile/792412"
"John Bowen","31 North Capital Partners","","","","","Georgia","Owner/Developer","https://www.icsc.com/member/profile/849410"
"Stuart Brackenridge","First National Realty Partners","","","","","Georgia","Owner/Developer","https://www.icsc.com/member/profile/314340"
"Terry Brown","Asana Partners","","","","","Georgia","Owner/Developer","https://www.icsc.com/member/profile/218859"
"Nathalie Burke","Branch Properties, LLC","","","","","Georgia","Owner/Developer","https://www.icsc.com/member/profile/829796"
"Richard Carpenter","Glenridge Development, LLC","","","","","Georgia","Owner/Developer","https://www.icsc.com/member/profile/838639"
"Jeff Carter","Landmark Properties, Inc.","","","","","Georgia","Owner/Developer","https://www.icsc.com/member/profile/671385"
"Lataraini Carter Busch, CRRP","Perform Properties","","","","","Georgia","Owner/Developer","https://www.icsc.com/member/profile/716342"
"James Case","ForrPlaces Development","","","","","Georgia","Owner/Developer","https://www.icsc.com/member/profile/841050"
"Brian Clark","Excaliber Development LLC","","","","","Georgia","Owner/Developer","https://www.icsc.com/member/profile/684242"
"Cyrus Commissariat","Hammerford Development Co.","","","","","Georgia","Owner/Developer","https://www.icsc.com/member/profile/575271"
"Evan Conder","Venture South Investments, LLC","","","","","Georgia","Owner/Developer","https://www.icsc.com/member/profile/783260"
"J.R. Connolly II","Connolly Realty Services Inc.","","","","","Georgia","Owner/Developer","https://www.icsc.com/member/profile/90741"
"Heather Correa","Fuqua Development","","","","","Georgia","Owner/Developer","https://www.icsc.com/member/profile/138158"
"Lance Davenport","Davenport Worldwide Development","","","","","Georgia","Owner/Developer","https://www.icsc.com/member/profile/796490"
"Keith Davidson","EDENS","","","","","Georgia","Owner/Developer","https://www.icsc.com/member/profile/144691"
"Buckley Davis","Pursuit Development","","","","","Georgia","Owner/Developer","https://www.icsc.com/member/profile/792139"
"Brent Davis","The Davis Group","","","","","Georgia","Owner/Developer","https://www.icsc.com/member/profile/675950"
"Michael Davis","D&G Development Group","","","","","Georgia","Owner/Developer","https://www.icsc.com/member/profile/645074"
"Rhett DeBuys","Fuqua Development","","","","","Georgia","Owner/Developer","https://www.icsc.com/member/profile/752301"
"Yash Desai","Stature Investments","","","","","Georgia","Owner/Developer","https://www.icsc.com/member/profile/840002"
"Brian Donley","LBX Investments LLC","","","","","Georgia","Owner/Developer","https://www.icsc.com/member/profile/341154"
"Greg Eason","Jamestown, LP","","","","","Georgia","Owner/Developer","https://www.icsc.com/member/profile/815422"
"Jason Emrani","First National Realty Partners","","","","","Georgia","Owner/Developer","https://www.icsc.com/member/profile/796966"
"Ali Eshai","Cencor International Group","","","","","Georgia","Owner/Developer","https://www.icsc.com/member/profile/856399"
"Usman Eshai","Cencor International Group","","","","","Georgia","Owner/Developer","https://www.icsc.com/member/profile/856397"
"Kyle Evans","South Coast Commercial","","","","","Georgia","Owner/Developer","https://www.icsc.com/member/profile/826189"
"Adam Faust","GCT Real Estate Corporation","","","","","Georgia","Owner/Developer","https://www.icsc.com/member/profile/830549"
"Jack Featherston III","Real Zeal Property Group","","","","","Georgia","Owner/Developer","https://www.icsc.com/member/profile/618273"
"Kevin Frazier","Axiom Real Estate Solutions","","","","","Georgia","Owner/Developer","https://www.icsc.com/member/profile/783833"
"Lee Freeman","Watkins Real Estate Group","","","","","Georgia","Owner/Developer","https://www.icsc.com/member/profile/110875"
"Anders Fry","Portman Holdings LLC","","","","","Georgia","Owner/Developer","https://www.icsc.com/member/profile/772457"
"Jeffrey Fuqua","Fuqua Development","","","","","Georgia","Owner/Developer","https://www.icsc.com/member/profile/99937"
"USMAN GANDHI","HIRAM PROPERTIES INC","","","","","Georgia","Owner/Developer","https://www.icsc.com/member/profile/627580"
"Shields Goodman","O'Leary Partners, Inc.","","","","","Georgia","Owner/Developer","https://www.icsc.com/member/profile/846460"
"Ankit Govan","Dream Capital","","","","","Georgia","Owner/Developer","https://www.icsc.com/member/profile/854147"
"Mike Greene","Portman Holdings LLC","","","","","Georgia","Owner/Developer","https://www.icsc.com/member/profile/866979"
"Matthew Grose","SJC Ventures","","","","","Georgia","Owner/Developer","https://www.icsc.com/member/profile/794095"
"Tripp H'Doubler","WDG Real Estate Partners","","","","","Georgia","Owner/Developer","https://www.icsc.com/member/profile/722866"
"Ryan Halberg","EDENS","","","","","Georgia","Owner/Developer","https://www.icsc.com/member/profile/329023"
"Alex Halpern","PeachState Partners","","","","","Georgia","Owner/Developer","https://www.icsc.com/member/profile/841234"
"Colin Hampton","Big V Property Group","","","","","Georgia","Owner/Developer","https://www.icsc.com/member/profile/793351"
"Brett Horowitz","Branch Properties, LLC","","","","","Georgia","Owner/Developer","https://www.icsc.com/member/profile/519396"
"Brian Hosch","Vision Development & Construction Services, LLC","","","","","Georgia","Owner/Developer","https://www.icsc.com/member/profile/772891"
"Gautam Huded","GGP","","","","","Georgia","Owner/Developer","https://www.icsc.com/member/profile/797001"
"Daniel Hunt","D&G Development Group","","","","","Georgia","Owner/Developer","https://www.icsc.com/member/profile/803259"
"Samuel Ivey CCIM","GHI Ventures, LLC","","","","","Georgia","Owner/Developer","https://www.icsc.com/member/profile/587433"
"Tiffany Jackson","D&G Development Group","","","","","Georgia","Owner/Developer","https://www.icsc.com/member/profile/800380"
"Brian Jenabzadeh","Gwinnett Walk, LLC","","","","","Georgia","Owner/Developer","https://www.icsc.com/member/profile/816991"
"Dave Jewell","MJ Griffin LLC","","","","","Georgia","Owner/Developer","https://www.icsc.com/member/profile/688560"
"Reginald Johnson","RROW Group, LLC","","","","","Georgia","Owner/Developer","https://www.icsc.com/member/profile/854132"
"Gabe Jonas","Stein Investment Group","","","","","Georgia","Owner/Developer","https://www.icsc.com/member/profile/355073"
"Tom Jones","Jones O'Gary Development","","","","","Georgia","Owner/Developer","https://www.icsc.com/member/profile/817900"
"Sarah Jordan","Perform Properties","","","","","Georgia","Owner/Developer","https://www.icsc.com/member/profile/608408"
"Mark Kaplan","Dimension Development Partners","","","","","Georgia","Owner/Developer","https://www.icsc.com/member/profile/583384"
"Benjamin Karlin","Otter Creek Holdings","","","","","Georgia","Owner/Developer","https://www.icsc.com/member/profile/858677"
"Noah Kimsey","Pursuit Development","","","","","Georgia","Owner/Developer","https://www.icsc.com/member/profile/810323"
"Lily King","EDENS","","","","","Georgia","Owner/Developer","https://www.icsc.com/member/profile/790957"
"Douglas Kinsey","Leisure Management International, LLC","","","","","Georgia","Owner/Developer","https://www.icsc.com/member/profile/725047"
"Harris Kirson","Branch Properties, LLC","","","","","Georgia","Owner/Developer","https://www.icsc.com/member/profile/843432"
"Cassie Kobus","SJC Ventures","","","","","Georgia","Owner/Developer","https://www.icsc.com/member/profile/853437"
"Andre Koleszar","Regency Centers","","","","","Georgia","Owner/Developer","https://www.icsc.com/member/profile/276363"
"Robert Krumholz","Branch Properties, LLC","","","","","Georgia","Owner/Developer","https://www.icsc.com/member/profile/588418"
"Brandon Kublanow","Track West Partners","","","","","Georgia","Owner/Developer","https://www.icsc.com/member/profile/783457"
"Moshin Lalani","Lalani Terra Holding","","","","","Georgia","Owner/Developer","https://www.icsc.com/member/profile/864818"
"Shaneel Lalani","Lalani Ventures","","","","","Georgia","Owner/Developer","https://www.icsc.com/member/profile/856066"
"Richard Langhorne","Venture South Investments, LLC","","","","","Georgia","Owner/Developer","https://www.icsc.com/member/profile/783262"
"Jennifer Ledbetter","Fuqua Development","","","","","Georgia","Owner/Developer","https://www.icsc.com/member/profile/413523"
"Richard Lee","Branch Properties, LLC","","","","","Georgia","Owner/Developer","https://www.icsc.com/member/profile/90660"
"Alec Lesley","Southeastern Retail Development, LLC","","","","","Georgia","Owner/Developer","https://www.icsc.com/member/profile/543431"
"James Levy","Watkins Real Estate Group","","","","","Georgia","Owner/Developer","https://www.icsc.com/member/profile/137595"
"Wesley Lewis, CRRP, CRX","Wesley Lewis Sole Proprietor","","","","","Georgia","Owner/Developer","https://www.icsc.com/member/profile/240887"
"Scott Lindstrom","Lindstrom & Company","","","","","Georgia","Owner/Developer","https://www.icsc.com/member/profile/771529"
"Sean MacLaurin","SJC Ventures","","","","","Georgia","Owner/Developer","https://www.icsc.com/member/profile/400572"
"Marlon Marchena","Stature Investments","","","","","Georgia","Owner/Developer","https://www.icsc.com/member/profile/840166"
"Andrea Marks, CSM","Regency Centers","","","","","Georgia","Owner/Developer","https://www.icsc.com/member/profile/478561"
"Paul Maxwell","SJC Ventures","","","","","Georgia","Owner/Developer","https://www.icsc.com/member/profile/209188"
"Amy McConnell","Fuqua Development","","","","","Georgia","Owner/Developer","https://www.icsc.com/member/profile/125973"
"Daniel Merrill","Southeast Capital Partners","","","","","Georgia","Owner/Developer","https://www.icsc.com/member/profile/848791"
"Leslie Mintz","Regency Centers","","","","","Georgia","Owner/Developer","https://www.icsc.com/member/profile/225826"
"Charles Mixon","Flournoy & Calhoun Realtors","","","","","Georgia","Owner/Developer","https://www.icsc.com/member/profile/676907"
"Derick Moore","RROW Group, LLC","","","","","Georgia","Owner/Developer","https://www.icsc.com/member/profile/854128"
"Jessica Moore","SJC Ventures","","","","","Georgia","Owner/Developer","https://www.icsc.com/member/profile/848721"
"John Morgan Jr","South Coast Commercial","","","","","Georgia","Owner/Developer","https://www.icsc.com/member/profile/583178"
"Cheri Morris","Morris and Fellows, Inc.","","","","","Georgia","Owner/Developer","https://www.icsc.com/member/profile/94014"
"Tyler Morris","Willow Capital Partners","","","","","Georgia","Owner/Developer","https://www.icsc.com/member/profile/609717"
"Matthew Morton","Alterman Commercial Real Estate","","","","","Georgia","Owner/Developer","https://www.icsc.com/member/profile/783371"
"Areti Moustakis","EDENS","","","","","Georgia","Owner/Developer","https://www.icsc.com/member/profile/661164"
"David Mulkey","Polias","","","","","Georgia","Owner/Developer","https://www.icsc.com/member/profile/796297"
"Katherine Nagel","Nagel and company realtors","","","","","Georgia","Owner/Developer","https://www.icsc.com/member/profile/816899"
"Emily Narchus","Perform Properties","","","","","Georgia","Owner/Developer","https://www.icsc.com/member/profile/840274"
"Andrew Nesbitt","First National Realty Partners","","","","","Georgia","Owner/Developer","https://www.icsc.com/member/profile/781457"
"Kevin O'Leary","O'Leary Partners, Inc.","","","","","Georgia","Owner/Developer","https://www.icsc.com/member/profile/608307"
"Courtney O'Leary Adams","O'Leary Partners, Inc.","","","","","Georgia","Owner/Developer","https://www.icsc.com/member/profile/669035"
"Alex Orkin","Orkin & Associates","","","","","Georgia","Owner/Developer","https://www.icsc.com/member/profile/862920"
"Johnathan Ortner","Jamestown, LP","","","","","Georgia","Owner/Developer","https://www.icsc.com/member/profile/764951"
"Amit Parkash","Parkash realty holdings, llc","","","","","Georgia","Owner/Developer","https://www.icsc.com/member/profile/794624"
"Saurin (Sam) Patel","I Loft Development","","","","","Georgia","Owner/Developer","https://www.icsc.com/member/profile/833905"
"Philippe Pellerin","Pellerin Real Estate, LLC","","","","","Georgia","Owner/Developer","https://www.icsc.com/member/profile/340573"
"Lee Perlis","Perlis Realty and Investments","","","","","Georgia","Owner/Developer","https://www.icsc.com/member/profile/632625"
"Jake Pitman","Town at Trilith","","","","","Georgia","Owner/Developer","https://www.icsc.com/member/profile/851640"
"Andrea Plotkin","JP Properties, Inc.","","","","","Georgia","Owner/Developer","https://www.icsc.com/member/profile/98793"
"Michael Poppe","Real Zeal Property Group","","","","","Georgia","Owner/Developer","https://www.icsc.com/member/profile/623614"
"Michael Puline, CLS","Perform Properties","","","","","Georgia","Owner/Developer","https://www.icsc.com/member/profile/245123"
"Reza Rabiee","LBX Investments LLC","","","","","Georgia","Owner/Developer","https://www.icsc.com/member/profile/810385"
"MARK RENIER","Trinity Property Development, LLC","","","","","Georgia","Owner/Developer","https://www.icsc.com/member/profile/841246"
"Ryan Roberts","Crawford Square Real Estate Advisors","","","","","Georgia","Owner/Developer","https://www.icsc.com/member/profile/849805"
"Matthew Robinson","SJC Ventures","","","","","Georgia","Owner/Developer","https://www.icsc.com/member/profile/778398"
"David Rogers","Trident Real Estate Development","","","","","Georgia","Owner/Developer","https://www.icsc.com/member/profile/486995"
"Thomas Sanders Jr","South Coast Commercial","","","","","Georgia","Owner/Developer","https://www.icsc.com/member/profile/635708"
"Julie Sasser","Cideco Development Company Inc","","","","","Georgia","Owner/Developer","https://www.icsc.com/member/profile/608965"
"Michael Searles","Landspan","","","","","Georgia","Owner/Developer","https://www.icsc.com/member/profile/855453"
"Jesse Shannon","Branch Properties, LLC","","","","","Georgia","Owner/Developer","https://www.icsc.com/member/profile/270051"
"william sigg","Grahl Construction","","","","","Georgia","Owner/Developer","https://www.icsc.com/member/profile/850994"
"Anel Sinanagic","WDG Real Estate Partners","","","","","Georgia","Owner/Developer","https://www.icsc.com/member/profile/860022"
"Nate Smith","Regency Centers","","","","","Georgia","Owner/Developer","https://www.icsc.com/member/profile/776831"
"Isaac Springfield","Springfield Capital Ventures","","","","","Georgia","Owner/Developer","https://www.icsc.com/member/profile/757006"
"Steven St. Paul","Crim and Associates","","","","","Georgia","Owner/Developer","https://www.icsc.com/member/profile/196359"
"Tom Statham","Statham Realty Advisors, Inc.","","","","","Georgia","Owner/Developer","https://www.icsc.com/member/profile/813321"
"Giles Stevens","S.DEV Commercial LLC","","","","","Georgia","Owner/Developer","https://www.icsc.com/member/profile/412912"
"Kevin Sullivan","Alpine South Properties","","","","","Georgia","Owner/Developer","https://www.icsc.com/member/profile/625507"
"Robbie Swan","Watkins Real Estate Group","","","","","Georgia","Owner/Developer","https://www.icsc.com/member/profile/608424"
"Conor Sweeney","FrostPoint Capital","","","","","Georgia","Owner/Developer","https://www.icsc.com/member/profile/835927"
"David Tajfel","Nelkin Real Estate","","","","","Georgia","Owner/Developer","https://www.icsc.com/member/profile/864857"
"Adnan Vadria","ARC Properties","","","","","Georgia","Owner/Developer","https://www.icsc.com/member/profile/841154"
"Harvey Wadsworth","Portman Residential, LLC","","","","","Georgia","Owner/Developer","https://www.icsc.com/member/profile/509101"
"John Walden","Flournoy & Calhoun Realtors","","","","","Georgia","Owner/Developer","https://www.icsc.com/member/profile/840667"
"Scott Werbel","The Ardent Companies, LLC","","","","","Georgia","Owner/Developer","https://www.icsc.com/member/profile/514399"
"van westmoreland","Westmoreland Company","","","","","Georgia","Owner/Developer","https://www.icsc.com/member/profile/840854"
"Catie Whorton","Perform Properties","","","","","Georgia","Owner/Developer","https://www.icsc.com/member/profile/480258"
"Chris Wightman","Flournoy & Calhoun Realtors","","","","","Georgia","Owner/Developer","https://www.icsc.com/member/profile/321551"
"Richard Wiles","Branch Properties, LLC","","","","","Georgia","Owner/Developer","https://www.icsc.com/member/profile/621505"
"Rachel Williams","Tanger","","","","","Georgia","Owner/Developer","https://www.icsc.com/member/profile/857623"
"Matt Wilson","WDG Real Estate Partners","","","","","Georgia","Owner/Developer","https://www.icsc.com/member/profile/625492"
"Michael Wood, CDP","Argonne Capital Group","","","","","Georgia","Owner/Developer","https://www.icsc.com/member/profile/191959"
"Brett Yenser","RocaPoint Partners","","","","","Georgia","Owner/Developer","https://www.icsc.com/member/profile/750519"
"Andrew Ziffer","Greenleaf NNN Holdings, LLC","","","","","Georgia","Owner/Developer","https://www.icsc.com/member/profile/737534"
"Mason Zimmerman","Western & Atlantic Development LLC","","","","","Georgia","Owner/Developer","https://www.icsc.com/member/profile/304793"
"Barak Zukerman","Cideco Development Company Inc","","","","","Georgia","Owner/Developer","https://www.icsc.com/member/profile/512793"
"Jordan Brant, CLS","Alexander & Baldwin","","","","","Hawaii","Owner/Developer","https://www.icsc.com/member/profile/376409"
"Ed Bushor","WTL DEVELOPMENT","","","","","Hawaii","Owner/Developer","https://www.icsc.com/member/profile/833386"
"Stacie Chiba-Miguel, CMD","Alexander & Baldwin","","","","","Hawaii","Owner/Developer","https://www.icsc.com/member/profile/558846"
"Tran Chinery","Alexander & Baldwin","","","","","Hawaii","Owner/Developer","https://www.icsc.com/member/profile/671351"
"Clayton Chun","Alexander & Baldwin","","","","","Hawaii","Owner/Developer","https://www.icsc.com/member/profile/807104"
"Chloe Contreras","GGP","","","","","Hawaii","Owner/Developer","https://www.icsc.com/member/profile/857200"
"Justin Francisco","Castle & Cooke Hawaii","","","","","Hawaii","Owner/Developer","https://www.icsc.com/member/profile/848773"
"Joey Furlett JD","Cedar Innovations, Inc.","","","","","Hawaii","Owner/Developer","https://www.icsc.com/member/profile/781131"
"Claire Goldberg","Alexander & Baldwin","","","","","Hawaii","Owner/Developer","https://www.icsc.com/member/profile/747347"
"Kimberly Hayes","Alexander & Baldwin","","","","","Hawaii","Owner/Developer","https://www.icsc.com/member/profile/857444"
"James Jasper II","James Jasper Enterprises, ltd","","","","","Hawaii","Owner/Developer","https://www.icsc.com/member/profile/807388"
"Garret Matsunami","Castle & Cooke Hawaii","","","","","Hawaii","Owner/Developer","https://www.icsc.com/member/profile/809234"
"Scott Morita","Alexander & Baldwin","","","","","Hawaii","Owner/Developer","https://www.icsc.com/member/profile/737965"
"Lance Parker","Alexander & Baldwin","","","","","Hawaii","Owner/Developer","https://www.icsc.com/member/profile/310585"
"Brad Santiago CCIM","Alexander & Baldwin","","","","","Hawaii","Owner/Developer","https://www.icsc.com/member/profile/307459"
"Aja Shimamura","Alexander & Baldwin","","","","","Hawaii","Owner/Developer","https://www.icsc.com/member/profile/679503"
"Jason Souki","Alexander & Baldwin","","","","","Hawaii","Owner/Developer","https://www.icsc.com/member/profile/525544"
"TRAVIS BARNEY","Alturas Capital Partners","","","","","Idaho","Owner/Developer","https://www.icsc.com/member/profile/710687"
"Nancy Dreyer","CHM Development LLC","","","","","Idaho","Owner/Developer","https://www.icsc.com/member/profile/857957"
"Myles Friel","Jackson Square Investment Management","","","","","Idaho","Owner/Developer","https://www.icsc.com/member/profile/122021"
"Brian Herbert","Tree Haven Development Company, LLC","","","","","Idaho","Owner/Developer","https://www.icsc.com/member/profile/455214"
"Camille Lothrop","Rocky Mountain Companies","","","","","Idaho","Owner/Developer","https://www.icsc.com/member/profile/807772"
"Travis Stroud","Northwest Devlopment Companies, LLC","","","","","Idaho","Owner/Developer","https://www.icsc.com/member/profile/646313"
"Diego Tejeda","ExchangeRight Real Estate","","","","","Idaho","Owner/Developer","https://www.icsc.com/member/profile/839754"
"DOUGLAS WARD","Integra CRE","","","","","Idaho","Owner/Developer","https://www.icsc.com/member/profile/831635"
"Ben Zamzow CCIM, CLS","Rocky Mountain Companies","","","","","Idaho","Owner/Developer","https://www.icsc.com/member/profile/373338"
"Michael Alessio","Alessio Companies","","","","","Illinois","Owner/Developer","https://www.icsc.com/member/profile/860646"
"Isabella Alessio","Alessio Companies","","","","","Illinois","Owner/Developer","https://www.icsc.com/member/profile/860643"
"Nickas Antoniou","Regency Centers","","","","","Illinois","Owner/Developer","https://www.icsc.com/member/profile/686320"
"Aimee Babcock","Perform Properties","","","","","Illinois","Owner/Developer","https://www.icsc.com/member/profile/735349"
"John Barr","Barr Real Estate Inc.","","","","","Illinois","Owner/Developer","https://www.icsc.com/member/profile/622832"
"Aaron Bartels","Trinitas Ventures","","","","","Illinois","Owner/Developer","https://www.icsc.com/member/profile/317253"
"Matt Baumann","Crosstown Real Estate Advisors, LLC","","","","","Illinois","Owner/Developer","https://www.icsc.com/member/profile/582882"
"Andrew Bedford","Swanson Development Group, LLC","","","","","Illinois","Owner/Developer","https://www.icsc.com/member/profile/743742"
"Brian Bell","Harbor Bay Ventures","","","","","Illinois","Owner/Developer","https://www.icsc.com/member/profile/855997"
"Adam Bell","Core Acquisitions, LLC","","","","","Illinois","Owner/Developer","https://www.icsc.com/member/profile/747375"
"Cheryl Berg, CDP, CRRP","Perform Properties","","","","","Illinois","Owner/Developer","https://www.icsc.com/member/profile/228087"
"Meir Bernath","Rising Development Group Corp.","","","","","Illinois","Owner/Developer","https://www.icsc.com/member/profile/796376"
"Mike Blank","GGP","","","","","Illinois","Owner/Developer","https://www.icsc.com/member/profile/857604"
"Eric Bonham","Bonham Development and Construction, LLC","","","","","Illinois","Owner/Developer","https://www.icsc.com/member/profile/854249"
"Peter Borzak","Pine Tree","","","","","Illinois","Owner/Developer","https://www.icsc.com/member/profile/151316"
"Conor Bossy","Pine Tree","","","","","Illinois","Owner/Developer","https://www.icsc.com/member/profile/504171"
"Brandon Boyster","Pine Tree","","","","","Illinois","Owner/Developer","https://www.icsc.com/member/profile/869737"
"Dan Breslin","Diamond Equity Investments","","","","","Illinois","Owner/Developer","https://www.icsc.com/member/profile/804299"
"Anthony Bruno","Development Services Corporation","","","","","Illinois","Owner/Developer","https://www.icsc.com/member/profile/618747"
"Ian Burns","Torburn Partners","","","","","Illinois","Owner/Developer","https://www.icsc.com/member/profile/848872"
"Paul Busching","BASK Development, Inc.","","","","","Illinois","Owner/Developer","https://www.icsc.com/member/profile/857407"
"Brian Contney","GGP","","","","","Illinois","Owner/Developer","https://www.icsc.com/member/profile/858126"
"Rocco Cosentino","GGP","","","","","Illinois","Owner/Developer","https://www.icsc.com/member/profile/857601"
"Mark Cosenza","Inland Real Estate Group of Companies, Inc., The","","","","","Illinois","Owner/Developer","https://www.icsc.com/member/profile/343999"
"Craig Culbert","Shore Capital Partners","","","","","Illinois","Owner/Developer","https://www.icsc.com/member/profile/848857"
"Sean Daly","American Realty Advisors, Inc.","","","","","Illinois","Owner/Developer","https://www.icsc.com/member/profile/312982"
"Joe DiCosola","Park Development","","","","","Illinois","Owner/Developer","https://www.icsc.com/member/profile/734839"
"Will Duryea","Duryea Group, Inc.","","","","","Illinois","Owner/Developer","https://www.icsc.com/member/profile/758635"
"Peter Eisenberg, CLS, CRX","Iron Ridge Partners LLC","","","","","Illinois","Owner/Developer","https://www.icsc.com/member/profile/204899"
"Alex Eppel","GGP","","","","","Illinois","Owner/Developer","https://www.icsc.com/member/profile/857606"
"Adam Firsel","Core Acquisitions, LLC","","","","","Illinois","Owner/Developer","https://www.icsc.com/member/profile/637741"
"T. Ryan Fitzgerald","Shorewood Development Group","","","","","Illinois","Owner/Developer","https://www.icsc.com/member/profile/380908"
"Adrienne Fors","Perform Properties","","","","","Illinois","Owner/Developer","https://www.icsc.com/member/profile/344036"
"Michael Fox","RP Fox and Associates","","","","","Illinois","Owner/Developer","https://www.icsc.com/member/profile/838185"
"Christyn Freemon","Fawohodie Foundation","","","","","Illinois","Owner/Developer","https://www.icsc.com/member/profile/847907"
"Patrick Fuller","Pine Tree","","","","","Illinois","Owner/Developer","https://www.icsc.com/member/profile/785716"
"Kyle Garner","E & S Development, LLC","","","","","Illinois","Owner/Developer","https://www.icsc.com/member/profile/846371"
"Paula Gazarkiewicz","Unibail-Rodamco-Westfield","","","","","Illinois","Owner/Developer","https://www.icsc.com/member/profile/853316"
"Gu Gong","Bixby Bridge Capital, LLC","","","","","Illinois","Owner/Developer","https://www.icsc.com/member/profile/797344"
"ROBERT GOULD MRICS","IM Property Investments LLC","","","","","Illinois","Owner/Developer","https://www.icsc.com/member/profile/572969"
"Steve Greenberg","Red Sky Capital, LLC","","","","","Illinois","Owner/Developer","https://www.icsc.com/member/profile/807092"
"Graham Grochocinski","Pine Tree","","","","","Illinois","Owner/Developer","https://www.icsc.com/member/profile/591469"
"Timothy Grogan","Heartland Real Estate Partners, LLC","","","","","Illinois","Owner/Developer","https://www.icsc.com/member/profile/640072"
"Andrew Guth","Starwood Capital Group","","","","","Illinois","Owner/Developer","https://www.icsc.com/member/profile/803296"
"Levi Hacker","GGP","","","","","Illinois","Owner/Developer","https://www.icsc.com/member/profile/817514"
"Tim Hayden","Hayden Real Estate, Inc.","","","","","Illinois","Owner/Developer","https://www.icsc.com/member/profile/681770"
"Michael Hazinski","First National Realty Partners","","","","","Illinois","Owner/Developer","https://www.icsc.com/member/profile/797720"
"Matt Hendy","Fort Union","","","","","Illinois","Owner/Developer","https://www.icsc.com/member/profile/767255"
"Peter Herrman","GGP","","","","","Illinois","Owner/Developer","https://www.icsc.com/member/profile/832430"
"Faith Hershey","Regency Centers","","","","","Illinois","Owner/Developer","https://www.icsc.com/member/profile/656894"
"Tony Hilger","Tanger","","","","","Illinois","Owner/Developer","https://www.icsc.com/member/profile/840704"
"Tyler Holland","East Lake Management & Development Corp.","","","","","Illinois","Owner/Developer","https://www.icsc.com/member/profile/834534"
"Bob Horne","Torburn Partners","","","","","Illinois","Owner/Developer","https://www.icsc.com/member/profile/156549"
"Chris Horney","Murphy Real Estate Services","","","","","Illinois","Owner/Developer","https://www.icsc.com/member/profile/788610"
"Rob Horton","Red Cedar Partners","","","","","Illinois","Owner/Developer","https://www.icsc.com/member/profile/627695"
"Greg Huette","GGP","","","","","Illinois","Owner/Developer","https://www.icsc.com/member/profile/857605"
"Melanie Jefferies","Milhouse","","","","","Illinois","Owner/Developer","https://www.icsc.com/member/profile/718184"
"Bradley Joseph","Core Acquisitions, LLC","","","","","Illinois","Owner/Developer","https://www.icsc.com/member/profile/433891"
"David Joseph II","Premier Retail Advisors","","","","","Illinois","Owner/Developer","https://www.icsc.com/member/profile/135975"
"Sean King","Inland Real Estate Group of Companies, Inc., The","","","","","Illinois","Owner/Developer","https://www.icsc.com/member/profile/634153"
"Ryan Knutson","Core Acquisitions, LLC","","","","","Illinois","Owner/Developer","https://www.icsc.com/member/profile/786833"
"Nicholas Koglin","Regency Centers","","","","","Illinois","Owner/Developer","https://www.icsc.com/member/profile/555650"
"aristotle kornaros","Olive Properties,LLC","","","","","Illinois","Owner/Developer","https://www.icsc.com/member/profile/848322"
"Kenna Kowalski","Inland Real Estate Group of Companies, Inc., The","","","","","Illinois","Owner/Developer","https://www.icsc.com/member/profile/736036"
"Jeremy Krotz","GGP","","","","","Illinois","Owner/Developer","https://www.icsc.com/member/profile/558664"
"Anthony Lamonia","UIRC, Inc.","","","","","Illinois","Owner/Developer","https://www.icsc.com/member/profile/789189"
"Alex Lampert","Stablewood Properties","","","","","Illinois","Owner/Developer","https://www.icsc.com/member/profile/868313"
"Erica Lauer","GGP","","","","","Illinois","Owner/Developer","https://www.icsc.com/member/profile/859198"
"George Liakopoulos","Diamond Properties","","","","","Illinois","Owner/Developer","https://www.icsc.com/member/profile/789477"
"John Lim","CREG","","","","","Illinois","Owner/Developer","https://www.icsc.com/member/profile/842430"
"Jonathan Lim","Tanger","","","","","Illinois","Owner/Developer","https://www.icsc.com/member/profile/840728"
"John Lizzo","Starwood Capital Group","","","","","Illinois","Owner/Developer","https://www.icsc.com/member/profile/802928"
"Jose Lopez Jr, CRRP","Regency Centers","","","","","Illinois","Owner/Developer","https://www.icsc.com/member/profile/243138"
"Matt Lougee","Pine Tree","","","","","Illinois","Owner/Developer","https://www.icsc.com/member/profile/778636"
"Tony Lucero Sr.","Perform Properties","","","","","Illinois","Owner/Developer","https://www.icsc.com/member/profile/768894"
"Valerie Luporini","Inland Real Estate Group of Companies, Inc., The","","","","","Illinois","Owner/Developer","https://www.icsc.com/member/profile/363190"
"Steve Malley","Shore Capital Partners","","","","","Illinois","Owner/Developer","https://www.icsc.com/member/profile/844388"
"Zalatoris Mark","The Inland Real Estate Group","","","","","Illinois","Owner/Developer","https://www.icsc.com/member/profile/824902"
"Daniel Marotta","L2B","","","","","Illinois","Owner/Developer","https://www.icsc.com/member/profile/337036"
"Peter Mavrogenes","Mavco Real Estate Development LLC","","","","","Illinois","Owner/Developer","https://www.icsc.com/member/profile/856133"
"George Mavrogenes","Mavco Real Estate Development LLC","","","","","Illinois","Owner/Developer","https://www.icsc.com/member/profile/851199"
"John May","Prodigy Real Estate Group Inc.","","","","","Illinois","Owner/Developer","https://www.icsc.com/member/profile/247986"
"Zeb McLaurin","McLaurin Development Partners","","","","","Illinois","Owner/Developer","https://www.icsc.com/member/profile/209868"
"Charles McReaken","TSM Ventures, Inc","","","","","Illinois","Owner/Developer","https://www.icsc.com/member/profile/621802"
"Vick Mehta CCIM","Indvestia Capital","","","","","Illinois","Owner/Developer","https://www.icsc.com/member/profile/670606"
"Dan Meisinger","Shodeen Group, LLC","","","","","Illinois","Owner/Developer","https://www.icsc.com/member/profile/401957"
"Ramis Memishi","Five Kings Companies, LLC","","","","","Illinois","Owner/Developer","https://www.icsc.com/member/profile/832263"
"Sadim Memishi","Five Kings Companies, LLC","","","","","Illinois","Owner/Developer","https://www.icsc.com/member/profile/823806"
"John Murphy","Murphy Real Estate Services","","","","","Illinois","Owner/Developer","https://www.icsc.com/member/profile/822270"
"Scott Musser","Geneva Pacific","","","","","Illinois","Owner/Developer","https://www.icsc.com/member/profile/843294"
"Judy Ni","Windfall Group","","","","","Illinois","Owner/Developer","https://www.icsc.com/member/profile/828907"
"Michael Nortman","XR Advisors, Inc","","","","","Illinois","Owner/Developer","https://www.icsc.com/member/profile/854534"
"Pawel Nowak","Nowak Capital","","","","","Illinois","Owner/Developer","https://www.icsc.com/member/profile/832814"
"Dean Oelze","S.I. Strategy","","","","","Illinois","Owner/Developer","https://www.icsc.com/member/profile/623650"
"Satesha Patel","AApex Enterprises","","","","","Illinois","Owner/Developer","https://www.icsc.com/member/profile/854477"
"David Plake CPM","Garrison Group Inc.","","","","","Illinois","Owner/Developer","https://www.icsc.com/member/profile/656217"
"Kristopher Plencner","Royce Realty & Management","","","","","Illinois","Owner/Developer","https://www.icsc.com/member/profile/600344"
"Ameen Poonja","Taj Capital LLC","","","","","Illinois","Owner/Developer","https://www.icsc.com/member/profile/783210"
"Kristin Powers","GGP","","","","","Illinois","Owner/Developer","https://www.icsc.com/member/profile/858663"
"Andrew Psenka","Wingspan Development Group","","","","","Illinois","Owner/Developer","https://www.icsc.com/member/profile/828246"
"DAN RAMEY","centralia home  center","","","","","Illinois","Owner/Developer","https://www.icsc.com/member/profile/820909"
"Caitlin Rink","Pine Tree","","","","","Illinois","Owner/Developer","https://www.icsc.com/member/profile/595097"
"Luis Robles","Robles Realty Company","","","","","Illinois","Owner/Developer","https://www.icsc.com/member/profile/856934"
"John Rogers","Portfolio Properties","","","","","Illinois","Owner/Developer","https://www.icsc.com/member/profile/300495"
"Aaron Roth","Shorewood Development Group","","","","","Illinois","Owner/Developer","https://www.icsc.com/member/profile/492021"
"Colin Rowe","Shorewood Development Group","","","","","Illinois","Owner/Developer","https://www.icsc.com/member/profile/829124"
"Bella Sanders","Perform Properties","","","","","Illinois","Owner/Developer","https://www.icsc.com/member/profile/801869"
"Tracy Schwab","Schwab Advisory Services","","","","","Illinois","Owner/Developer","https://www.icsc.com/member/profile/407584"
"David Schwalb","Schwalb Realty Group, Inc.","","","","","Illinois","Owner/Developer","https://www.icsc.com/member/profile/347771"
"William Shiner","Shiner Group","","","","","Illinois","Owner/Developer","https://www.icsc.com/member/profile/97291"
"Samuel Shiner","Shiner Group","","","","","Illinois","Owner/Developer","https://www.icsc.com/member/profile/746767"
"Michael Slusky","Pine Tree","","","","","Illinois","Owner/Developer","https://www.icsc.com/member/profile/153758"
"Todd Smith CPM","Todd P. Smith Commercial R.E.","","","","","Illinois","Owner/Developer","https://www.icsc.com/member/profile/115029"
"Kyra Spotte-Smith","LaSalle Investment Management","","","","","Illinois","Owner/Developer","https://www.icsc.com/member/profile/805023"
"Margaret Stehno","Marc Realty","","","","","Illinois","Owner/Developer","https://www.icsc.com/member/profile/868772"
"Stella Stehno","Marc Realty","","","","","Illinois","Owner/Developer","https://www.icsc.com/member/profile/855906"
"Margaret Stehno","Marc Realty","","","","","Illinois","Owner/Developer","https://www.icsc.com/member/profile/768234"
"Donald Stewart","Inland Real Estate Group of Companies, Inc., The","","","","","Illinois","Owner/Developer","https://www.icsc.com/member/profile/246171"
"Steven Swanson II","Swanson Development Group, LLC","","","","","Illinois","Owner/Developer","https://www.icsc.com/member/profile/376389"
"Matteo Troka","Fort Union","","","","","Illinois","Owner/Developer","https://www.icsc.com/member/profile/846008"
"Thomas Underhill","Perform Properties","","","","","Illinois","Owner/Developer","https://www.icsc.com/member/profile/599671"
"Sheila Urban","LG Group","","","","","Illinois","Owner/Developer","https://www.icsc.com/member/profile/836277"
"Greg Van Landingham","Paragon Real Estate","","","","","Illinois","Owner/Developer","https://www.icsc.com/member/profile/480466"
"Randall Veselik","Sanchez Group","","","","","Illinois","Owner/Developer","https://www.icsc.com/member/profile/838356"
"Ashley Viscardi","GGP","","","","","Illinois","Owner/Developer","https://www.icsc.com/member/profile/760163"
"Julie Waldschmidt","Wald/Land Corporation","","","","","Illinois","Owner/Developer","https://www.icsc.com/member/profile/838034"
"Jon Weglarz","Weglarz Company","","","","","Illinois","Owner/Developer","https://www.icsc.com/member/profile/336956"
"Candice Wells","Marc Realty","","","","","Illinois","Owner/Developer","https://www.icsc.com/member/profile/768164"
"Sid Wiener","SKW Capital Management","","","","","Illinois","Owner/Developer","https://www.icsc.com/member/profile/344446"
"Thomas Williams","Xceed Commercial Real Estate","","","","","Illinois","Owner/Developer","https://www.icsc.com/member/profile/484233"
"Nathan Wonsch","Shiner Group","","","","","Illinois","Owner/Developer","https://www.icsc.com/member/profile/859643"
"Nicholas Yassan","Rany Management, LLC","","","","","Illinois","Owner/Developer","https://www.icsc.com/member/profile/622844"
"Aaron Young","309 Homes LLC","","","","","Illinois","Owner/Developer","https://www.icsc.com/member/profile/809151"
"Mark Zalatoris","Inland Real Estate Group of Companies, Inc., The","","","","","Illinois","Owner/Developer","https://www.icsc.com/member/profile/869500"
"Daniel Zatloukal","Inland Real Estate Group of Companies, Inc., The","","","","","Illinois","Owner/Developer","https://www.icsc.com/member/profile/568951"
"Mark Becher","Trinitas Ventures","","","","","Indiana","Owner/Developer","https://www.icsc.com/member/profile/581479"
"Michael Bivens","Pedcor Companies","","","","","Indiana","Owner/Developer","https://www.icsc.com/member/profile/408312"
"Ryan Cronk","Flaherty & Collins Properties","","","","","Indiana","Owner/Developer","https://www.icsc.com/member/profile/868476"
"Cory Detamore","M-Details","","","","","Indiana","Owner/Developer","https://www.icsc.com/member/profile/806094"
"Greg Engstrom","Great Development LLC","","","","","Indiana","Owner/Developer","https://www.icsc.com/member/profile/848951"
"Stanton Evans","RSE Realty, Inc.","","","","","Indiana","Owner/Developer","https://www.icsc.com/member/profile/130620"
"Rachel Fried","McCrea Property Group","","","","","Indiana","Owner/Developer","https://www.icsc.com/member/profile/824518"
"Jason Fried","McCrea Property Group","","","","","Indiana","Owner/Developer","https://www.icsc.com/member/profile/710104"
"Keith Fried","McCrea Property Group","","","","","Indiana","Owner/Developer","https://www.icsc.com/member/profile/148753"
"Delaney Gusdorff","KennMar","","","","","Indiana","Owner/Developer","https://www.icsc.com/member/profile/831466"
"Andrew Gutwein","AG Commercial Real Estate, LLC","","","","","Indiana","Owner/Developer","https://www.icsc.com/member/profile/413026"
"Spencer Hamilton","SHB Companies","","","","","Indiana","Owner/Developer","https://www.icsc.com/member/profile/849583"
"Jeremy Hamilton","SHB Companies","","","","","Indiana","Owner/Developer","https://www.icsc.com/member/profile/626982"
"Lisa Held","McCrea Property Group","","","","","Indiana","Owner/Developer","https://www.icsc.com/member/profile/666634"
"Cooper Laikin","BrightPoint Development & BrightPoint Real Estate","","","","","Indiana","Owner/Developer","https://www.icsc.com/member/profile/869556"
"Jack Lieser","1st Metropolitan Builders Inc.","","","","","Indiana","Owner/Developer","https://www.icsc.com/member/profile/826837"
"Debbie Lotton","Lotton Development","","","","","Indiana","Owner/Developer","https://www.icsc.com/member/profile/847938"
"John Lotton","Lotton Development","","","","","Indiana","Owner/Developer","https://www.icsc.com/member/profile/847937"
"Stephen Lowry","Kasota Solutions Inc","","","","","Indiana","Owner/Developer","https://www.icsc.com/member/profile/781198"
"Josh Martin","BrightPoint Development & BrightPoint Real Estate","","","","","Indiana","Owner/Developer","https://www.icsc.com/member/profile/869531"
"Travis May","William Tres","","","","","Indiana","Owner/Developer","https://www.icsc.com/member/profile/821228"
"Sam Pittman","Pittman Partners","","","","","Indiana","Owner/Developer","https://www.icsc.com/member/profile/821424"
"Gino Pizzi","KennMar","","","","","Indiana","Owner/Developer","https://www.icsc.com/member/profile/585167"
"Jesse Pohlman","William Tres","","","","","Indiana","Owner/Developer","https://www.icsc.com/member/profile/816766"
"Steve Polizzi","Polizzi and Associates","","","","","Indiana","Owner/Developer","https://www.icsc.com/member/profile/808971"
"Milton Reed","Industrial Development Advantage, LLC","","","","","Indiana","Owner/Developer","https://www.icsc.com/member/profile/826806"
"Robbie Waggoner","BW Development / BW Construction","","","","","Indiana","Owner/Developer","https://www.icsc.com/member/profile/835837"
"Jim Benda","Lost Island Real Estate","","","","","Iowa","Owner/Developer","https://www.icsc.com/member/profile/309270"
"Carter Collis","Midwest Equity Investors, LLC","","","","","Iowa","Owner/Developer","https://www.icsc.com/member/profile/830691"
"Tiffany Earl Esq","Midwest Equity Investors, LLC","","","","","Iowa","Owner/Developer","https://www.icsc.com/member/profile/565375"
"Janna Flynn","Rueter Properties","","","","","Iowa","Owner/Developer","https://www.icsc.com/member/profile/869703"
"Steve Geifman","Geifman/ First Equity","","","","","Iowa","Owner/Developer","https://www.icsc.com/member/profile/804108"
"Jeff Hassman","Reel Deal Holdings","","","","","Iowa","Owner/Developer","https://www.icsc.com/member/profile/850337"
"Heath Henderson","Midwest Equity Investors, LLC","","","","","Iowa","Owner/Developer","https://www.icsc.com/member/profile/830690"
"Travis Mansfield","Native Real Estate","","","","","Iowa","Owner/Developer","https://www.icsc.com/member/profile/843165"
"Ryan Nagrocki","Midwest Realty Group, Inc.","","","","","Iowa","Owner/Developer","https://www.icsc.com/member/profile/830148"
"Todd Nelson","Frew Development Group, LLC","","","","","Iowa","Owner/Developer","https://www.icsc.com/member/profile/569326"
"Amanda Rauen","Rauen Capital","","","","","Iowa","Owner/Developer","https://www.icsc.com/member/profile/860737"
"Tom Rauen","Rauen Capital","","","","","Iowa","Owner/Developer","https://www.icsc.com/member/profile/810104"
"Todd Rueter","Rueter Properties","","","","","Iowa","Owner/Developer","https://www.icsc.com/member/profile/869526"
"Paige Rueter Benlaala","Rueter Properties","","","","","Iowa","Owner/Developer","https://www.icsc.com/member/profile/866490"
"Jamie Smith","Patterns Inc","","","","","Iowa","Owner/Developer","https://www.icsc.com/member/profile/855233"
"Bradly Stokesbary","ATI Group","","","","","Iowa","Owner/Developer","https://www.icsc.com/member/profile/756143"
"Samuel Susanin","ExchangeRight Real Estate","","","","","Iowa","Owner/Developer","https://www.icsc.com/member/profile/823689"
"Justin Washburn","Caliber Realty LLC","","","","","Iowa","Owner/Developer","https://www.icsc.com/member/profile/776233"
"Phil Williams","Midwest Equity Investors, LLC","","","","","Iowa","Owner/Developer","https://www.icsc.com/member/profile/577670"
"Tracy Chelepis","Chelepis & Associates","","","","","Kansas","Owner/Developer","https://www.icsc.com/member/profile/808537"
"JD Christie","Drake Development, LLC","","","","","Kansas","Owner/Developer","https://www.icsc.com/member/profile/476376"
"David Christie","Christie Development Associates,LLC","","","","","Kansas","Owner/Developer","https://www.icsc.com/member/profile/158879"
"Lee Cole","Co-Co Properties LLC","","","","","Kansas","Owner/Developer","https://www.icsc.com/member/profile/297293"
"John Desco, CLS, CRRP, CRX, CSM","Price Brothers","","","","","Kansas","Owner/Developer","https://www.icsc.com/member/profile/118051"
"Donna DiPeso","Price Brothers","","","","","Kansas","Owner/Developer","https://www.icsc.com/member/profile/140111"
"Darrin Dodge","Brownstone 3 Development LLC","","","","","Kansas","Owner/Developer","https://www.icsc.com/member/profile/807967"
"Eric Domino","Burcham Development","","","","","Kansas","Owner/Developer","https://www.icsc.com/member/profile/848007"
"Kimberly Fowles","Slawson Companies, Inc.","","","","","Kansas","Owner/Developer","https://www.icsc.com/member/profile/597982"
"Stefan Froelich","Plaza Street Partners","","","","","Kansas","Owner/Developer","https://www.icsc.com/member/profile/823892"
"Garrett Fugate","Christie Development Associates,LLC","","","","","Kansas","Owner/Developer","https://www.icsc.com/member/profile/784417"
"Tim Garvey","Garvey Ventures, LLC","","","","","Kansas","Owner/Developer","https://www.icsc.com/member/profile/674090"
"Matt Gibbs","ReCor Properties","","","","","Kansas","Owner/Developer","https://www.icsc.com/member/profile/314622"
"Chris Happ","Plaza Street Partners","","","","","Kansas","Owner/Developer","https://www.icsc.com/member/profile/708620"
"Brandon Haverty","ReCor Properties","","","","","Kansas","Owner/Developer","https://www.icsc.com/member/profile/305639"
"Scott Lipovac","SCORE Development","","","","","Kansas","Owner/Developer","https://www.icsc.com/member/profile/621424"
"Jeff Lowrance","Lange Real Estate","","","","","Kansas","Owner/Developer","https://www.icsc.com/member/profile/827409"
"Adam Lyngar","Cadence Commercial Real Estate","","","","","Kansas","Owner/Developer","https://www.icsc.com/member/profile/639476"
"J. Douglas Malone","ICT Capital LLC","","","","","Kansas","Owner/Developer","https://www.icsc.com/member/profile/96027"
"Michael Malone","ICT Capital LLC","","","","","Kansas","Owner/Developer","https://www.icsc.com/member/profile/541394"
"Brandon Mason","Slawson Companies, Inc.","","","","","Kansas","Owner/Developer","https://www.icsc.com/member/profile/820504"
"Logan Matzke","Slawson Companies, Inc.","","","","","Kansas","Owner/Developer","https://www.icsc.com/member/profile/835764"
"Max Mickey","Drake Development, LLC","","","","","Kansas","Owner/Developer","https://www.icsc.com/member/profile/771032"
"Ian Mussman","Drake Development, LLC","","","","","Kansas","Owner/Developer","https://www.icsc.com/member/profile/663089"
"richard napper","Homefield KC","","","","","Kansas","Owner/Developer","https://www.icsc.com/member/profile/831866"
"Rick Oddo","Oddo Development Company, Inc","","","","","Kansas","Owner/Developer","https://www.icsc.com/member/profile/782085"
"Brett Parise","Christie Development Associates,LLC","","","","","Kansas","Owner/Developer","https://www.icsc.com/member/profile/853770"
"Matthew Pennington","Drake Development, LLC","","","","","Kansas","Owner/Developer","https://www.icsc.com/member/profile/384517"
"Travis Schram","GRATA Development","","","","","Kansas","Owner/Developer","https://www.icsc.com/member/profile/849807"
"Brian Truskett","ModuAll, LLC","","","","","Kansas","Owner/Developer","https://www.icsc.com/member/profile/843038"
"Matt Turner","Plaza Street Partners","","","","","Kansas","Owner/Developer","https://www.icsc.com/member/profile/649228"
"Jody Allen","J Allen Builders","","","","","Kentucky","Owner/Developer","https://www.icsc.com/member/profile/869401"
"Claude Bentley","Silver Creek","","","","","Kentucky","Owner/Developer","https://www.icsc.com/member/profile/814567"
"Lawrence Bisig","Hogan Real Estate","","","","","Kentucky","Owner/Developer","https://www.icsc.com/member/profile/802490"
"Kate Brandy","Brandicorp LLC","","","","","Kentucky","Owner/Developer","https://www.icsc.com/member/profile/828174"
"Brad Breeland","Breeland Development","","","","","Kentucky","Owner/Developer","https://www.icsc.com/member/profile/831280"
"Annashea Carlisle","Corporex","","","","","Kentucky","Owner/Developer","https://www.icsc.com/member/profile/864783"
"Kendall Cogan","Vantage Development","","","","","Kentucky","Owner/Developer","https://www.icsc.com/member/profile/814822"
"Jim Conklin","Hogan Real Estate","","","","","Kentucky","Owner/Developer","https://www.icsc.com/member/profile/241366"
"Charlie Dahlem CCIM","Dahlem Realty Company","","","","","Kentucky","Owner/Developer","https://www.icsc.com/member/profile/126150"
"Jim Dahlem CCIM","Dahlem Realty Company","","","","","Kentucky","Owner/Developer","https://www.icsc.com/member/profile/118725"
"Patrick Davis","3-D Development LLC","","","","","Kentucky","Owner/Developer","https://www.icsc.com/member/profile/831293"
"Michael Doyel","Rafferty Development LLC","","","","","Kentucky","Owner/Developer","https://www.icsc.com/member/profile/869855"
"Wes Elmore","Dahlem Realty Company","","","","","Kentucky","Owner/Developer","https://www.icsc.com/member/profile/632514"
"Lee Greer","Greer Companies","","","","","Kentucky","Owner/Developer","https://www.icsc.com/member/profile/304943"
"Bert Hehman","Corporex","","","","","Kentucky","Owner/Developer","https://www.icsc.com/member/profile/401264"
"Gordon Hoagland","Greer Companies","","","","","Kentucky","Owner/Developer","https://www.icsc.com/member/profile/642826"
"Molly Hoffman","Corporex","","","","","Kentucky","Owner/Developer","https://www.icsc.com/member/profile/784936"
"Scott Jacobs","Wescott Development, LLC.","","","","","Kentucky","Owner/Developer","https://www.icsc.com/member/profile/856558"
"Hunter Jacobs","Hogan Real Estate","","","","","Kentucky","Owner/Developer","https://www.icsc.com/member/profile/448658"
"Heather Johnson","Rafferty Development, LLC","","","","","Kentucky","Owner/Developer","https://www.icsc.com/member/profile/869646"
"Caitlyn Johnson","Rafferty Development LLC","","","","","Kentucky","Owner/Developer","https://www.icsc.com/member/profile/869135"
"Wes Johnson","Wescott Development, LLC.","","","","","Kentucky","Owner/Developer","https://www.icsc.com/member/profile/856565"
"Brenda Legg","May Commercial Group","","","","","Kentucky","Owner/Developer","https://www.icsc.com/member/profile/128758"
"Mike Leonard","Hogan Real Estate","","","","","Kentucky","Owner/Developer","https://www.icsc.com/member/profile/141176"
"C.J. May","May Commercial Group","","","","","Kentucky","Owner/Developer","https://www.icsc.com/member/profile/97336"
"Ashley McCarty","Hogan Real Estate","","","","","Kentucky","Owner/Developer","https://www.icsc.com/member/profile/757862"
"Todd McIntosh","Guggenheim Retail Real Estate Partners","","","","","Kentucky","Owner/Developer","https://www.icsc.com/member/profile/851513"
"Scott Mitchell","Hamburg Place","","","","","Kentucky","Owner/Developer","https://www.icsc.com/member/profile/152808"
"Josh Niederhelman","Covcor","","","","","Kentucky","Owner/Developer","https://www.icsc.com/member/profile/802411"
"Justin Phelps","Hogan Real Estate","","","","","Kentucky","Owner/Developer","https://www.icsc.com/member/profile/300949"
"curt rafferty","Rafferty Development, LLC","","","","","Kentucky","Owner/Developer","https://www.icsc.com/member/profile/869644"
"William Rouse","The Rouse Companies","","","","","Kentucky","Owner/Developer","https://www.icsc.com/member/profile/787881"
"Ashwani Sarvaria","SAV INVESTMENTS","","","","","Kentucky","Owner/Developer","https://www.icsc.com/member/profile/655108"
"Valerie Besthoff","PMG Leasing","","","","","Louisiana","Owner/Developer","https://www.icsc.com/member/profile/92627"
"Beau Bryant","KPG Realty","","","","","Louisiana","Owner/Developer","https://www.icsc.com/member/profile/807572"
"Deane Bryson","Bearing Point Properties","","","","","Louisiana","Owner/Developer","https://www.icsc.com/member/profile/816834"
"Daniel Claitor","Plucky, LLC","","","","","Louisiana","Owner/Developer","https://www.icsc.com/member/profile/798423"
"Salvadore Crifasi","Capstone Investment Partners","","","","","Louisiana","Owner/Developer","https://www.icsc.com/member/profile/675863"
"Ashton Dorsey","Dorsey Development Companies, L.L.C.","","","","","Louisiana","Owner/Developer","https://www.icsc.com/member/profile/789774"
"Caffrey Favrot","Dorsey Development Companies, L.L.C.","","","","","Louisiana","Owner/Developer","https://www.icsc.com/member/profile/246097"
"Ben Fulwyler","Fulwyler Asset Management, LLC","","","","","Louisiana","Owner/Developer","https://www.icsc.com/member/profile/791332"
"Brian Gibbs","Sarpy Development, LLC","","","","","Louisiana","Owner/Developer","https://www.icsc.com/member/profile/492907"
"Dustin James","Keller williams Parishwide partners","","","","","Louisiana","Owner/Developer","https://www.icsc.com/member/profile/833292"
"Gordon Kolb Jr","G.H.K. Developments, Inc.","","","","","Louisiana","Owner/Developer","https://www.icsc.com/member/profile/275047"
"Jacob McCain","JRE Capital","","","","","Louisiana","Owner/Developer","https://www.icsc.com/member/profile/798288"
"Kevin Nguyen","Nguyen America","","","","","Louisiana","Owner/Developer","https://www.icsc.com/member/profile/849790"
"Kenny Nguyen","Nguyen America","","","","","Louisiana","Owner/Developer","https://www.icsc.com/member/profile/849789"
"Charles Reeves","J. Reeves Development, LLC","","","","","Louisiana","Owner/Developer","https://www.icsc.com/member/profile/849001"
"Jacob Reeves","J. Reeves Development, LLC","","","","","Louisiana","Owner/Developer","https://www.icsc.com/member/profile/848997"
"Chris Sarpy","Sarpy Development, LLC","","","","","Louisiana","Owner/Developer","https://www.icsc.com/member/profile/388951"
"Jeff St. Romain","Greystone  Development Group, LLC","","","","","Louisiana","Owner/Developer","https://www.icsc.com/member/profile/299358"
"Keigan Stacho","Southeastern Retail Development, LLC","","","","","Louisiana","Owner/Developer","https://www.icsc.com/member/profile/787512"
"Jason Steiner","PMG Leasing","","","","","Louisiana","Owner/Developer","https://www.icsc.com/member/profile/750042"
"Randall Williams","inVision Strategic","","","","","Louisiana","Owner/Developer","https://www.icsc.com/member/profile/750598"
"Greg Wolfe","Dorsey Development Companies, L.L.C.","","","","","Louisiana","Owner/Developer","https://www.icsc.com/member/profile/786878"
"Dan Bacon","M&R Holdings","","","","","Maine","Owner/Developer","https://www.icsc.com/member/profile/819980"
"Jonathan Bedard","Coastal LLC","","","","","Maine","Owner/Developer","https://www.icsc.com/member/profile/855936"
"Dave Dickey","M&R Holdings","","","","","Maine","Owner/Developer","https://www.icsc.com/member/profile/830499"
"Thomas Ellis","Ellis Commercial Developers","","","","","Maine","Owner/Developer","https://www.icsc.com/member/profile/335131"
"Jake Michaud","M&R Holdings","","","","","Maine","Owner/Developer","https://www.icsc.com/member/profile/830497"
"Richard Abruscato","Federal Realty","","","","","Maryland","Owner/Developer","https://www.icsc.com/member/profile/131828"
"Jonathan Attman","ATTMAN HOLDINGS, LLC","","","","","Maryland","Owner/Developer","https://www.icsc.com/member/profile/626699"
"Stuart Biel","Federal Realty","","","","","Maryland","Owner/Developer","https://www.icsc.com/member/profile/344438"
"Lance Billingsley II","Federal Realty","","","","","Maryland","Owner/Developer","https://www.icsc.com/member/profile/122259"
"Olivia Blazek","Urban Scene Holdings LLC","","","","","Maryland","Owner/Developer","https://www.icsc.com/member/profile/833805"
"Florin Breeden","The Peterson Companies","","","","","Maryland","Owner/Developer","https://www.icsc.com/member/profile/867140"
"Steven Breeden","Security Development","","","","","Maryland","Owner/Developer","https://www.icsc.com/member/profile/516708"
"Hunty Brown","Federal Realty","","","","","Maryland","Owner/Developer","https://www.icsc.com/member/profile/698298"
"Joseph Brown","Hyatt Commercial","","","","","Maryland","Owner/Developer","https://www.icsc.com/member/profile/241779"
"Joe Byrnes","Federal Realty","","","","","Maryland","Owner/Developer","https://www.icsc.com/member/profile/202390"
"Brandon Cannon","Revo Development, LLC","","","","","Maryland","Owner/Developer","https://www.icsc.com/member/profile/782186"
"Barry Carty","Federal Realty","","","","","Maryland","Owner/Developer","https://www.icsc.com/member/profile/178973"
"Richard Cataffa","Federal Realty","","","","","Maryland","Owner/Developer","https://www.icsc.com/member/profile/618308"
"Deborah Colson","Federal Realty","","","","","Maryland","Owner/Developer","https://www.icsc.com/member/profile/173228"
"Toni Comer","Federal Realty","","","","","Maryland","Owner/Developer","https://www.icsc.com/member/profile/860199"
"Jonathan Constable","Seawall","","","","","Maryland","Owner/Developer","https://www.icsc.com/member/profile/862344"
"Jennifer Davidson","Federal Realty","","","","","Maryland","Owner/Developer","https://www.icsc.com/member/profile/193298"
"Krista Di Iaconi","Regency Centers","","","","","Maryland","Owner/Developer","https://www.icsc.com/member/profile/196565"
"Brian Diamond","Axios Real Estate Group LLC","","","","","Maryland","Owner/Developer","https://www.icsc.com/member/profile/791994"
"Patrick Dillon","Federal Realty","","","","","Maryland","Owner/Developer","https://www.icsc.com/member/profile/93487"
"Brian Fitzpatrick","Tide Realty Capital","","","","","Maryland","Owner/Developer","https://www.icsc.com/member/profile/801819"
"John Fitzpatrick PE","Regency Centers","","","","","Maryland","Owner/Developer","https://www.icsc.com/member/profile/447020"
"Tim Garber, CSM, SLD","Federal Realty","","","","","Maryland","Owner/Developer","https://www.icsc.com/member/profile/499812"
"David Goodwin","The Reliable Group","","","","","Maryland","Owner/Developer","https://www.icsc.com/member/profile/813834"
"Bryce Gothier","J.C. BAR","","","","","Maryland","Owner/Developer","https://www.icsc.com/member/profile/869695"
"Tiffany Greenidge","Regency Centers","","","","","Maryland","Owner/Developer","https://www.icsc.com/member/profile/852392"
"Dan Guglielmone","Federal Realty","","","","","Maryland","Owner/Developer","https://www.icsc.com/member/profile/352348"
"Ahmad Hajj","Broadwater Capital","","","","","Maryland","Owner/Developer","https://www.icsc.com/member/profile/783455"
"Robert Hobson","Hobson Enterprises, LLC","","","","","Maryland","Owner/Developer","https://www.icsc.com/member/profile/793772"
"Kevin Hollins","Canal Realty","","","","","Maryland","Owner/Developer","https://www.icsc.com/member/profile/780470"
"Matt Hopkins","Aimco","","","","","Maryland","Owner/Developer","https://www.icsc.com/member/profile/665615"
"Alan Hyatt","Hyatt Commercial","","","","","Maryland","Owner/Developer","https://www.icsc.com/member/profile/200732"
"Mordy Itzkowitz","The Rocky Companies","","","","","Maryland","Owner/Developer","https://www.icsc.com/member/profile/795883"
"Casey Jones","The Howard Hughes Corporation","","","","","Maryland","Owner/Developer","https://www.icsc.com/member/profile/814613"
"Andrew Kabat","Regency Centers","","","","","Maryland","Owner/Developer","https://www.icsc.com/member/profile/297547"
"John Kauffman","Hyatt Commercial","","","","","Maryland","Owner/Developer","https://www.icsc.com/member/profile/864213"
"Leanna Kramer","Kramer Enterprises","","","","","Maryland","Owner/Developer","https://www.icsc.com/member/profile/533034"
"Altaf Hussain Lakhani","Amafhh Holdings LLC","","","","","Maryland","Owner/Developer","https://www.icsc.com/member/profile/699860"
"Douglas Legum","Douglas Legum Development","","","","","Maryland","Owner/Developer","https://www.icsc.com/member/profile/709040"
"Daniel Legum","Douglas Legum Development","","","","","Maryland","Owner/Developer","https://www.icsc.com/member/profile/709038"
"Jonathan Lerner","Lerner Corporation","","","","","Maryland","Owner/Developer","https://www.icsc.com/member/profile/710182"
"Aaron Loeb","Tide Realty Capital","","","","","Maryland","Owner/Developer","https://www.icsc.com/member/profile/559649"
"James Matan","Matan Companies","","","","","Maryland","Owner/Developer","https://www.icsc.com/member/profile/730574"
"Emily McLachlan","Federal Realty","","","","","Maryland","Owner/Developer","https://www.icsc.com/member/profile/715819"
"Peter Melmed","Mill Creek Residential","","","","","Maryland","Owner/Developer","https://www.icsc.com/member/profile/586582"
"Collin Mercier","Hyatt Commercial","","","","","Maryland","Owner/Developer","https://www.icsc.com/member/profile/836729"
"Samantha Merrell","Federal Realty","","","","","Maryland","Owner/Developer","https://www.icsc.com/member/profile/573600"
"Matthew Moore","Federal Realty","","","","","Maryland","Owner/Developer","https://www.icsc.com/member/profile/818487"
"Justin Mullen","Hyatt Commercial","","","","","Maryland","Owner/Developer","https://www.icsc.com/member/profile/693159"
"Dru Patel","Suhani Investments","","","","","Maryland","Owner/Developer","https://www.icsc.com/member/profile/799588"
"Brenda Pomar","Federal Realty","","","","","Maryland","Owner/Developer","https://www.icsc.com/member/profile/699918"
"Drew Robertson","Synergy Investment Fund","","","","","Maryland","Owner/Developer","https://www.icsc.com/member/profile/805070"
"Joshua Rosemore","ARLS Properties LLC","","","","","Maryland","Owner/Developer","https://www.icsc.com/member/profile/806810"
"Justin Rosemore","ARLS Properties LLC","","","","","Maryland","Owner/Developer","https://www.icsc.com/member/profile/739873"
"Alan Roth","Regency Centers","","","","","Maryland","Owner/Developer","https://www.icsc.com/member/profile/187997"
"Amos Rowland","Rowland Development","","","","","Maryland","Owner/Developer","https://www.icsc.com/member/profile/789165"
"Samantha Rubenstein","Warespace","","","","","Maryland","Owner/Developer","https://www.icsc.com/member/profile/790058"
"Lisa Ruddy","Federal Realty","","","","","Maryland","Owner/Developer","https://www.icsc.com/member/profile/625699"
"Robyn Sarrat","Federal Realty","","","","","Maryland","Owner/Developer","https://www.icsc.com/member/profile/367163"
"Jill Sawyer","Federal Realty","","","","","Maryland","Owner/Developer","https://www.icsc.com/member/profile/852952"
"Yanky Schorr","Tide Realty Capital","","","","","Maryland","Owner/Developer","https://www.icsc.com/member/profile/802616"
"Dorsey Schulz","The Reliable Group","","","","","Maryland","Owner/Developer","https://www.icsc.com/member/profile/852053"
"Wendy Seher","Federal Realty","","","","","Maryland","Owner/Developer","https://www.icsc.com/member/profile/104390"
"Sassan Shaool","Washco Companies","","","","","Maryland","Owner/Developer","https://www.icsc.com/member/profile/575570"
"George Shenas","Hyatt Commercial","","","","","Maryland","Owner/Developer","https://www.icsc.com/member/profile/801169"
"John Sindler","Hyatt Commercial","","","","","Maryland","Owner/Developer","https://www.icsc.com/member/profile/276470"
"Sharif Small","S.J.S. PROPERTIES LLC","","","","","Maryland","Owner/Developer","https://www.icsc.com/member/profile/799455"
"Al Smith","J.C. BAR","","","","","Maryland","Owner/Developer","https://www.icsc.com/member/profile/869697"
"Kristi Smith","The Howard Hughes Corporation","","","","","Maryland","Owner/Developer","https://www.icsc.com/member/profile/855468"
"Austin Smith","Woodmont Properties II, LLC","","","","","Maryland","Owner/Developer","https://www.icsc.com/member/profile/760873"
"Sam Stiebel","Regency Centers","","","","","Maryland","Owner/Developer","https://www.icsc.com/member/profile/349682"
"Emalia Tamanikwa","EDENS","","","","","Maryland","Owner/Developer","https://www.icsc.com/member/profile/706538"
"Dane Tekin","Unibail-Rodamco-Westfield","","","","","Maryland","Owner/Developer","https://www.icsc.com/member/profile/634868"
"Vincenzo Tomarchio","Tomarchio Enterprises, LLC","","","","","Maryland","Owner/Developer","https://www.icsc.com/member/profile/814807"
"Fredric Tomarchio","Tomarchio Enterprises, LLC","","","","","Maryland","Owner/Developer","https://www.icsc.com/member/profile/303745"
"John Tschiderer","Federal Realty","","","","","Maryland","Owner/Developer","https://www.icsc.com/member/profile/157925"
"Rebecca Walker","Federal Realty","","","","","Maryland","Owner/Developer","https://www.icsc.com/member/profile/788901"
"William Winterburn","Lerner Corporation","","","","","Maryland","Owner/Developer","https://www.icsc.com/member/profile/113606"
"Donald Wood","Federal Realty","","","","","Maryland","Owner/Developer","https://www.icsc.com/member/profile/213043"
"Jason Yanushonis","Regency Centers","","","","","Maryland","Owner/Developer","https://www.icsc.com/member/profile/415325"
"Gary Baker","Tree Line Ventures LLC","","","","","Massachusetts","Owner/Developer","https://www.icsc.com/member/profile/804131"
"Rick Barnes","CIC Realty","","","","","Massachusetts","Owner/Developer","https://www.icsc.com/member/profile/506434"
"Peter Belsito","Strategic Retail Advisors","","","","","Massachusetts","Owner/Developer","https://www.icsc.com/member/profile/139256"
"Christian Brannelly","Chestnut Realty Management, LLC","","","","","Massachusetts","Owner/Developer","https://www.icsc.com/member/profile/831485"
"Sean Clarke","ARC, Inc.","","","","","Massachusetts","Owner/Developer","https://www.icsc.com/member/profile/790882"
"Chace Coleman","Federal Realty","","","","","Massachusetts","Owner/Developer","https://www.icsc.com/member/profile/651872"
"Kenneth Darling","EDENS","","","","","Massachusetts","Owner/Developer","https://www.icsc.com/member/profile/843855"
"Peter Davos","West Brighton Acquisitions","","","","","Massachusetts","Owner/Developer","https://www.icsc.com/member/profile/802243"
"Lesley Dokos","EDENS","","","","","Massachusetts","Owner/Developer","https://www.icsc.com/member/profile/428968"
"Chris Donato","Longpoint Realty Partners","","","","","Massachusetts","Owner/Developer","https://www.icsc.com/member/profile/822513"
"William Dragon","Central Plaza Realty LLC","","","","","Massachusetts","Owner/Developer","https://www.icsc.com/member/profile/617419"
"James Dragon","Central Plaza Realty LLC","","","","","Massachusetts","Owner/Developer","https://www.icsc.com/member/profile/519348"
"Matthew Freihofner","Net Lease Capital","","","","","Massachusetts","Owner/Developer","https://www.icsc.com/member/profile/841973"
"Elizabeth Furnelli","EDENS","","","","","Massachusetts","Owner/Developer","https://www.icsc.com/member/profile/202988"
"Robert Gibson","Coolidge Street Real Estate Partners","","","","","Massachusetts","Owner/Developer","https://www.icsc.com/member/profile/868495"
"Lisa Haley","Federal Realty","","","","","Massachusetts","Owner/Developer","https://www.icsc.com/member/profile/600909"
"Michael Hare","ARC, Inc.","","","","","Massachusetts","Owner/Developer","https://www.icsc.com/member/profile/833773"
"Michael Harris","Chestnut Hill Realty","","","","","Massachusetts","Owner/Developer","https://www.icsc.com/member/profile/859012"
"Aaron Hinchliffe","Onyx Partners Ltd","","","","","Massachusetts","Owner/Developer","https://www.icsc.com/member/profile/789843"
"Lauren Holden","AEW Capital Management L.P.","","","","","Massachusetts","Owner/Developer","https://www.icsc.com/member/profile/295279"
"Brian Kaplan","Onyx Partners Ltd","","","","","Massachusetts","Owner/Developer","https://www.icsc.com/member/profile/653158"
"Sean Kavanagh","Panther Development","","","","","Massachusetts","Owner/Developer","https://www.icsc.com/member/profile/781128"
"Michael Kelleher","Federal Realty","","","","","Massachusetts","Owner/Developer","https://www.icsc.com/member/profile/108751"
"Brian Kelly","Eastern Real Estate LLC","","","","","Massachusetts","Owner/Developer","https://www.icsc.com/member/profile/111080"
"Andy Kraus","Equity Venture Partners","","","","","Massachusetts","Owner/Developer","https://www.icsc.com/member/profile/746425"
"Jessica Krauss","ARC, Inc.","","","","","Massachusetts","Owner/Developer","https://www.icsc.com/member/profile/833780"
"Carson Land","Transom Real Estate","","","","","Massachusetts","Owner/Developer","https://www.icsc.com/member/profile/826566"
"Zach Lehan","Sam Park & Company","","","","","Massachusetts","Owner/Developer","https://www.icsc.com/member/profile/803951"
"Seth Malamut","STAG Industrial, Inc.","","","","","Massachusetts","Owner/Developer","https://www.icsc.com/member/profile/735183"
"Taha Mandarwala","Brookwood Financial Partners","","","","","Massachusetts","Owner/Developer","https://www.icsc.com/member/profile/812183"
"George McLaughlin","McLaughlin Properties, INC.","","","","","Massachusetts","Owner/Developer","https://www.icsc.com/member/profile/867502"
"Brian McLaughlin","D'Angelo Inc.","","","","","Massachusetts","Owner/Developer","https://www.icsc.com/member/profile/856977"
"Keith McLaughlin","D'Angelo Inc.","","","","","Massachusetts","Owner/Developer","https://www.icsc.com/member/profile/372730"
"Stephen McLaughlin","D'Angelo Inc.","","","","","Massachusetts","Owner/Developer","https://www.icsc.com/member/profile/121715"
"Anton Melchionda","Onyx Partners Ltd","","","","","Massachusetts","Owner/Developer","https://www.icsc.com/member/profile/790133"
"Anne Meyer","EDENS","","","","","Massachusetts","Owner/Developer","https://www.icsc.com/member/profile/93830"
"Joe Michilin","Galaxy Development, LLC","","","","","Massachusetts","Owner/Developer","https://www.icsc.com/member/profile/866511"
"Eamon Moran","ARC, Inc.","","","","","Massachusetts","Owner/Developer","https://www.icsc.com/member/profile/622252"
"Christopher Nash","Falmouth Ventures, LLC.","","","","","Massachusetts","Owner/Developer","https://www.icsc.com/member/profile/602426"
"Jack O'Brien","Galaxy Development, LLC","","","","","Massachusetts","Owner/Developer","https://www.icsc.com/member/profile/866482"
"Michael O'Brien","Galaxy Development, LLC","","","","","Massachusetts","Owner/Developer","https://www.icsc.com/member/profile/174905"
"Rachel Ottley","The HYM Investment Group, LLC","","","","","Massachusetts","Owner/Developer","https://www.icsc.com/member/profile/802464"
"Nikki Palmaccio","Bierbrier Development, Inc.","","","","","Massachusetts","Owner/Developer","https://www.icsc.com/member/profile/791646"
"Reid Parker","Longpoint Realty Partners","","","","","Massachusetts","Owner/Developer","https://www.icsc.com/member/profile/647340"
"Giorgio Petruzziello","Supreme Companies","","","","","Massachusetts","Owner/Developer","https://www.icsc.com/member/profile/730192"
"Stephen Pleines","Eastern Land Company","","","","","Massachusetts","Owner/Developer","https://www.icsc.com/member/profile/595385"
"Laura Polin","Federal Realty","","","","","Massachusetts","Owner/Developer","https://www.icsc.com/member/profile/378310"
"Thania Potosme","Brookwood Financial Partners","","","","","Massachusetts","Owner/Developer","https://www.icsc.com/member/profile/812577"
"Jeffrey Pransky, CSM","EDENS","","","","","Massachusetts","Owner/Developer","https://www.icsc.com/member/profile/109282"
"Robert Provost","Longpoint Realty Partners","","","","","Massachusetts","Owner/Developer","https://www.icsc.com/member/profile/659029"
"David Pyne","Lobisser Companies","","","","","Massachusetts","Owner/Developer","https://www.icsc.com/member/profile/858689"
"Rick Rostoff","Spectra Realty Advisors","","","","","Massachusetts","Owner/Developer","https://www.icsc.com/member/profile/791399"
"Liz Ryan","Federal Realty","","","","","Massachusetts","Owner/Developer","https://www.icsc.com/member/profile/342234"
"Michael Scanio","Equity Venture Partners","","","","","Massachusetts","Owner/Developer","https://www.icsc.com/member/profile/746421"
"Carlee Schettino","Galaxy Development, LLC","","","","","Massachusetts","Owner/Developer","https://www.icsc.com/member/profile/866478"
"Eric Siegel","Ocean Castle Investment Real Estate","","","","","Massachusetts","Owner/Developer","https://www.icsc.com/member/profile/715676"
"Alan Simmons","STAG Industrial, Inc.","","","","","Massachusetts","Owner/Developer","https://www.icsc.com/member/profile/735185"
"CJ Soderlund","Brookwood Financial Partners","","","","","Massachusetts","Owner/Developer","https://www.icsc.com/member/profile/826096"
"Joseph Tagliente","Tage Capital Partners","","","","","Massachusetts","Owner/Developer","https://www.icsc.com/member/profile/804887"
"Amy Tetreault","Gazit Horizons, Inc.","","","","","Massachusetts","Owner/Developer","https://www.icsc.com/member/profile/382355"
"Louis Tobia","NEC Realty","","","","","Massachusetts","Owner/Developer","https://www.icsc.com/member/profile/811390"
"John Tsiros","Vanguard Solar Origination LLC","","","","","Massachusetts","Owner/Developer","https://www.icsc.com/member/profile/853507"
"ken Vincunas","Development Associates","","","","","Massachusetts","Owner/Developer","https://www.icsc.com/member/profile/842221"
"Ramez Abdulnour","Laramie International LLC","","","","","Michigan","Owner/Developer","https://www.icsc.com/member/profile/730617"
"Derek Adolf","Soave Enterprises L.L.C.","","","","","Michigan","Owner/Developer","https://www.icsc.com/member/profile/861208"
"khalid Ahmed","Suaza LLC","","","","","Michigan","Owner/Developer","https://www.icsc.com/member/profile/805807"
"Ammar Alkhafaji","W Investors Group","","","","","Michigan","Owner/Developer","https://www.icsc.com/member/profile/809681"
"Dante Bacall","Bacall Companies,LLC","","","","","Michigan","Owner/Developer","https://www.icsc.com/member/profile/789481"
"Dorayd Bacall","Bacall Companies,LLC","","","","","Michigan","Owner/Developer","https://www.icsc.com/member/profile/335827"
"Terry Benton","Strathmore Real Estate Group","","","","","Michigan","Owner/Developer","https://www.icsc.com/member/profile/250915"
"Kelli Burley","Bedrock Detroit","","","","","Michigan","Owner/Developer","https://www.icsc.com/member/profile/709557"
"Chloe Burton","Bedrock Detroit","","","","","Michigan","Owner/Developer","https://www.icsc.com/member/profile/741957"
"William Casey","Pinnacle Realty Services","","","","","Michigan","Owner/Developer","https://www.icsc.com/member/profile/344565"
"Tanner Catt","Catt Development","","","","","Michigan","Owner/Developer","https://www.icsc.com/member/profile/746918"
"Ethan Charon","PlazaCorp Realty Advisors, Inc.","","","","","Michigan","Owner/Developer","https://www.icsc.com/member/profile/852637"
"Catherine Clark","Bedrock Detroit","","","","","Michigan","Owner/Developer","https://www.icsc.com/member/profile/193534"
"Michael Colman","One Family Property","","","","","Michigan","Owner/Developer","https://www.icsc.com/member/profile/806349"
"Ryan Coopersmith","Seligman & Associates","","","","","Michigan","Owner/Developer","https://www.icsc.com/member/profile/851541"
"Robert Cordaro","Cordaro Properties LLC","","","","","Michigan","Owner/Developer","https://www.icsc.com/member/profile/810350"
"Jason M. Curis","JMC Management LLC","","","","","Michigan","Owner/Developer","https://www.icsc.com/member/profile/445518"
"Robert Denha","Akkadian Development","","","","","Michigan","Owner/Developer","https://www.icsc.com/member/profile/788396"
"Chase Duffey","Bedrock Detroit","","","","","Michigan","Owner/Developer","https://www.icsc.com/member/profile/611220"
"Matt Eyde","Eyde Development","","","","","Michigan","Owner/Developer","https://www.icsc.com/member/profile/588430"
"Nathaniel Eyde","Eyde Development","","","","","Michigan","Owner/Developer","https://www.icsc.com/member/profile/395494"
"Jason Fisher","One Family Property","","","","","Michigan","Owner/Developer","https://www.icsc.com/member/profile/586273"
"Kenneth Galazin","West Branch Development Properties, L.L.C.","","","","","Michigan","Owner/Developer","https://www.icsc.com/member/profile/476858"
"Chad Gans","Boji Group","","","","","Michigan","Owner/Developer","https://www.icsc.com/member/profile/865135"
"Rick Gates","Gates Prime Commercial Group","","","","","Michigan","Owner/Developer","https://www.icsc.com/member/profile/360308"
"Barbarose Guastello","Center Management Services, Inc.","","","","","Michigan","Owner/Developer","https://www.icsc.com/member/profile/805362"
"James Hagans","Mastiff Equity Partners LLC","","","","","Michigan","Owner/Developer","https://www.icsc.com/member/profile/840682"
"John Hindo","Boji Group","","","","","Michigan","Owner/Developer","https://www.icsc.com/member/profile/788342"
"Naumann Idrees","Bedrock Detroit","","","","","Michigan","Owner/Developer","https://www.icsc.com/member/profile/177352"
"Jordan Jerore","Boji Group","","","","","Michigan","Owner/Developer","https://www.icsc.com/member/profile/578723"
"Nawaf Kalasho","Kalasho Company LLC","","","","","Michigan","Owner/Developer","https://www.icsc.com/member/profile/779298"
"Marvin Karana","KN Property Holdings","","","","","Michigan","Owner/Developer","https://www.icsc.com/member/profile/815949"
"Michael Khalil","CSC Capital Group LLC","","","","","Michigan","Owner/Developer","https://www.icsc.com/member/profile/804011"
"John Kolarevic","ECEK LLC","","","","","Michigan","Owner/Developer","https://www.icsc.com/member/profile/749848"
"Michael Kolarevic","ECEK LLC","","","","","Michigan","Owner/Developer","https://www.icsc.com/member/profile/658711"
"Tzvi Koslowe","SK Investments Group","","","","","Michigan","Owner/Developer","https://www.icsc.com/member/profile/832946"
"Carlo Koza","AZOK Group","","","","","Michigan","Owner/Developer","https://www.icsc.com/member/profile/856585"
"Kenny Koza","AZOK Group","","","","","Michigan","Owner/Developer","https://www.icsc.com/member/profile/833566"
"Rob Krochmal","The Surnow Company","","","","","Michigan","Owner/Developer","https://www.icsc.com/member/profile/321092"
"Clint Mansour","Mansour Companies","","","","","Michigan","Owner/Developer","https://www.icsc.com/member/profile/629198"
"Andrew Margulies","Margulies Investment Company","","","","","Michigan","Owner/Developer","https://www.icsc.com/member/profile/866797"
"Jeffrey Margulies","Margulies Investment Company","","","","","Michigan","Owner/Developer","https://www.icsc.com/member/profile/847427"
"Darren Naimi","KN Property Holdings","","","","","Michigan","Owner/Developer","https://www.icsc.com/member/profile/815948"
"Tanner Nicholson","PlazaCorp Realty Advisors, Inc.","","","","","Michigan","Owner/Developer","https://www.icsc.com/member/profile/852635"
"Antoinette Nicita","Urban Edge Properties","","","","","Michigan","Owner/Developer","https://www.icsc.com/member/profile/852118"
"Kip Northrup","PBD Development LLC","","","","","Michigan","Owner/Developer","https://www.icsc.com/member/profile/853292"
"Conor O'Leary","Blue Peninsula","","","","","Michigan","Owner/Developer","https://www.icsc.com/member/profile/800275"
"Patrick O'Leary","Blue Peninsula","","","","","Michigan","Owner/Developer","https://www.icsc.com/member/profile/593624"
"Jerry Pattah","Pattah Development Co.","","","","","Michigan","Owner/Developer","https://www.icsc.com/member/profile/758737"
"CLARK PATTAH","Pattah Development Co.","","","","","Michigan","Owner/Developer","https://www.icsc.com/member/profile/646334"
"Vincent Pipia","Alrig USA","","","","","Michigan","Owner/Developer","https://www.icsc.com/member/profile/699890"
"DonAe Poe","Bedrock Detroit","","","","","Michigan","Owner/Developer","https://www.icsc.com/member/profile/725972"
"Christina Rice","JMC Management LLC","","","","","Michigan","Owner/Developer","https://www.icsc.com/member/profile/707336"
"Mark Rosen","MDI Real Estate Services","","","","","Michigan","Owner/Developer","https://www.icsc.com/member/profile/129470"
"Connor Sampson","Treystar","","","","","Michigan","Owner/Developer","https://www.icsc.com/member/profile/791414"
"John Secco","Allegra Development","","","","","Michigan","Owner/Developer","https://www.icsc.com/member/profile/376047"
"Scott Seligman","Seligman & Associates","","","","","Michigan","Owner/Developer","https://www.icsc.com/member/profile/267390"
"Ryan Shina","Breakpoint Investments","","","","","Michigan","Owner/Developer","https://www.icsc.com/member/profile/718711"
"Jennifer Skiba","Bedrock Detroit","","","","","Michigan","Owner/Developer","https://www.icsc.com/member/profile/363358"
"Oz Stackpole","Bedrock Detroit","","","","","Michigan","Owner/Developer","https://www.icsc.com/member/profile/771358"
"Brian Stadler","Wolgast Corporation","","","","","Michigan","Owner/Developer","https://www.icsc.com/member/profile/772880"
"Ryan Sytsma","Pinnacle Realty Services","","","","","Michigan","Owner/Developer","https://www.icsc.com/member/profile/553554"
"Carly Vaught","Alrig USA","","","","","Michigan","Owner/Developer","https://www.icsc.com/member/profile/849504"
"Murray Wikol","ProVisions, LLC","","","","","Michigan","Owner/Developer","https://www.icsc.com/member/profile/317337"
"David Williams","Corner Property Management, LLC","","","","","Michigan","Owner/Developer","https://www.icsc.com/member/profile/807834"
"Kenny Zaitouna","General Wholesale, Inc.","","","","","Michigan","Owner/Developer","https://www.icsc.com/member/profile/809165"
"Zach Alms","507 Investment Group, LLC","","","","","Minnesota","Owner/Developer","https://www.icsc.com/member/profile/797348"
"Nate Carty","507 Investment Group, LLC","","","","","Minnesota","Owner/Developer","https://www.icsc.com/member/profile/848847"
"Andy Cmiel","GHS Development","","","","","Minnesota","Owner/Developer","https://www.icsc.com/member/profile/854852"
"Dixon Diebold","ReUrban Real Estate","","","","","Minnesota","Owner/Developer","https://www.icsc.com/member/profile/862006"
"Stephen Dombrovski, CMD, CRX, CSM","Dombrovski Properties","","","","","Minnesota","Owner/Developer","https://www.icsc.com/member/profile/93221"
"Andrew Freeman","KO Storage","","","","","Minnesota","Owner/Developer","https://www.icsc.com/member/profile/855466"
"Nick Gervais","GHS Development","","","","","Minnesota","Owner/Developer","https://www.icsc.com/member/profile/828670"
"Emily Griebel","CBC Fisher Group","","","","","Minnesota","Owner/Developer","https://www.icsc.com/member/profile/851279"
"Anissa Keyes","ProVisions, LLC","","","","","Minnesota","Owner/Developer","https://www.icsc.com/member/profile/797022"
"Timothy Kleiman","Miner's Inc.","","","","","Minnesota","Owner/Developer","https://www.icsc.com/member/profile/643987"
"Tom Lund","Lund Partners","","","","","Minnesota","Owner/Developer","https://www.icsc.com/member/profile/856295"
"Michael Lund","All Day Retail","","","","","Minnesota","Owner/Developer","https://www.icsc.com/member/profile/474029"
"Rafik Moore","Brait Capital LLC","","","","","Minnesota","Owner/Developer","https://www.icsc.com/member/profile/594238"
"Peter Remes","First & First, LLC","","","","","Minnesota","Owner/Developer","https://www.icsc.com/member/profile/809320"
"Dan Terwilliger","All Day Retail","","","","","Minnesota","Owner/Developer","https://www.icsc.com/member/profile/756807"
"Ali Bhatti","Encore Development","","","","","Mississippi","Owner/Developer","https://www.icsc.com/member/profile/797025"
"Adam Brister","Culbertson Contractors","","","","","Mississippi","Owner/Developer","https://www.icsc.com/member/profile/775127"
"Jay Culbertson","Culbertson Contractors","","","","","Mississippi","Owner/Developer","https://www.icsc.com/member/profile/775121"
"Jeffrey George","RM Development Group","","","","","Mississippi","Owner/Developer","https://www.icsc.com/member/profile/728672"
"Robbie Griffin","Dennis Pierce, Inc.","","","","","Mississippi","Owner/Developer","https://www.icsc.com/member/profile/794848"
"Michael Harshbarger","Harshbarger Developments","","","","","Mississippi","Owner/Developer","https://www.icsc.com/member/profile/861219"
"Michelle Kelly","K & K Development, LLC","","","","","Mississippi","Owner/Developer","https://www.icsc.com/member/profile/868925"
"Andy Kelly","K & K Development, LLC","","","","","Mississippi","Owner/Developer","https://www.icsc.com/member/profile/868912"
"Janet Kelly","K & K Development, LLC","","","","","Mississippi","Owner/Developer","https://www.icsc.com/member/profile/864765"
"John Landry","X3 Tango, LLC","","","","","Mississippi","Owner/Developer","https://www.icsc.com/member/profile/809450"
"Reed Lepard","B & A Properties of Carthage, LLC","","","","","Mississippi","Owner/Developer","https://www.icsc.com/member/profile/796181"
"Alex Rozier","RM Development Group","","","","","Mississippi","Owner/Developer","https://www.icsc.com/member/profile/851914"
"Michael Rozier","RM Development Group","","","","","Mississippi","Owner/Developer","https://www.icsc.com/member/profile/640979"
"Mike Rozier","RM Development Group","","","","","Mississippi","Owner/Developer","https://www.icsc.com/member/profile/389139"
"Erin Smith","Executive Companies, Inc.","","","","","Mississippi","Owner/Developer","https://www.icsc.com/member/profile/610181"
"Corey Smith","Executive Companies, Inc.","","","","","Mississippi","Owner/Developer","https://www.icsc.com/member/profile/510947"
"Jake Anthon","MRP Capital Group","","","","","Missouri","Owner/Developer","https://www.icsc.com/member/profile/803181"
"AJ Anthon","MRP Capital Group","","","","","Missouri","Owner/Developer","https://www.icsc.com/member/profile/778663"
"Eric Baker","Baker Development LLC","","","","","Missouri","Owner/Developer","https://www.icsc.com/member/profile/849749"
"Kimberly Bartalos, CLS","Block Real Estate Services, LLC","","","","","Missouri","Owner/Developer","https://www.icsc.com/member/profile/275342"
"Mike Belew","USFP, LLC","","","","","Missouri","Owner/Developer","https://www.icsc.com/member/profile/790543"
"Brent Beumer","D3 Commercial Realty Group","","","","","Missouri","Owner/Developer","https://www.icsc.com/member/profile/440867"
"Drew Bextermueller","D3 Commercial Realty Group","","","","","Missouri","Owner/Developer","https://www.icsc.com/member/profile/385185"
"Michael Bohannon","Cotton Ridge Development Co LLC","","","","","Missouri","Owner/Developer","https://www.icsc.com/member/profile/666779"
"Steven Carrico, CLS","LDC Properties","","","","","Missouri","Owner/Developer","https://www.icsc.com/member/profile/646811"
"Maxine Clark","Delmar DivINE","","","","","Missouri","Owner/Developer","https://www.icsc.com/member/profile/175981"
"Tony Gagliano II","CORE Real Estate Group, LLC","","","","","Missouri","Owner/Developer","https://www.icsc.com/member/profile/348049"
"Josh Goodwin","Deconstruction Development Partners","","","","","Missouri","Owner/Developer","https://www.icsc.com/member/profile/832288"
"Gary Grewe","G.J. Grewe, Inc.","","","","","Missouri","Owner/Developer","https://www.icsc.com/member/profile/98137"
"Christine Grewe","G.J. Grewe, Inc.","","","","","Missouri","Owner/Developer","https://www.icsc.com/member/profile/164065"
"Michael Grewe PhD","G.J. Grewe, Inc.","","","","","Missouri","Owner/Developer","https://www.icsc.com/member/profile/126167"
"Robert Hagen","Hagen Properties","","","","","Missouri","Owner/Developer","https://www.icsc.com/member/profile/239060"
"Austin Hannah","MRP Capital Group","","","","","Missouri","Owner/Developer","https://www.icsc.com/member/profile/796256"
"Adam Hartig","Clay Adams","","","","","Missouri","Owner/Developer","https://www.icsc.com/member/profile/450318"
"David Havens","Jared Commercial","","","","","Missouri","Owner/Developer","https://www.icsc.com/member/profile/637612"
"Adrienne Henry","Drury Southwest, Inc.","","","","","Missouri","Owner/Developer","https://www.icsc.com/member/profile/693153"
"Madison Jones","New + Found","","","","","Missouri","Owner/Developer","https://www.icsc.com/member/profile/855697"
"Ed Jones","Deconstruction Development Partners","","","","","Missouri","Owner/Developer","https://www.icsc.com/member/profile/803396"
"Tim Kaufmann","AKG Development","","","","","Missouri","Owner/Developer","https://www.icsc.com/member/profile/658771"
"Drew Kifer","Pinecone Holdings LLC","","","","","Missouri","Owner/Developer","https://www.icsc.com/member/profile/710281"
"Jay Lindner, CLS, CRRP","Lindner Properties","","","","","Missouri","Owner/Developer","https://www.icsc.com/member/profile/240929"
"Theodore Martin","Green Street Real Estate Ventures","","","","","Missouri","Owner/Developer","https://www.icsc.com/member/profile/792735"
"Shannon McMurdo","Woodstone Properties, LLC","","","","","Missouri","Owner/Developer","https://www.icsc.com/member/profile/778728"
"Aaron Mesmer","Block Real Estate Services, LLC","","","","","Missouri","Owner/Developer","https://www.icsc.com/member/profile/669494"
"Jonathan Miller","EquipmentShare.com, Inc.","","","","","Missouri","Owner/Developer","https://www.icsc.com/member/profile/776365"
"Gary Mitchell","Arrowhead Development Group, LLC","","","","","Missouri","Owner/Developer","https://www.icsc.com/member/profile/857741"
"Anthony Novelly","MRP Capital Group","","","","","Missouri","Owner/Developer","https://www.icsc.com/member/profile/778665"
"Jonathan Odle","Sentry Capital LLC","","","","","Missouri","Owner/Developer","https://www.icsc.com/member/profile/566876"
"Alex Oliver","Oliver Properties","","","","","Missouri","Owner/Developer","https://www.icsc.com/member/profile/807232"
"Michael Pike","KPAC Properties","","","","","Missouri","Owner/Developer","https://www.icsc.com/member/profile/616709"
"Michael Prehm","Drury Hotels Company","","","","","Missouri","Owner/Developer","https://www.icsc.com/member/profile/672279"
"Sam Rhodes","The Rhodes Group","","","","","Missouri","Owner/Developer","https://www.icsc.com/member/profile/837201"
"Scott Rhodes","The Rhodes Group","","","","","Missouri","Owner/Developer","https://www.icsc.com/member/profile/829839"
"Will Smith","New + Found","","","","","Missouri","Owner/Developer","https://www.icsc.com/member/profile/767613"
"Joseph Walters","Mutual Development Company, LLC","","","","","Missouri","Owner/Developer","https://www.icsc.com/member/profile/216224"
"Thomas Weiler","Savoy Properties","","","","","Missouri","Owner/Developer","https://www.icsc.com/member/profile/787231"
"Mary Wolff","Wolff Properties","","","","","Missouri","Owner/Developer","https://www.icsc.com/member/profile/852049"
"Jonathan Wolff","Wolff Properties","","","","","Missouri","Owner/Developer","https://www.icsc.com/member/profile/816939"
"Bryan Beauchamp","Beauchamp Development Group","","","","","Montana","Owner/Developer","https://www.icsc.com/member/profile/856330"
"David Carlsen","Talcott Properties LLC","","","","","Montana","Owner/Developer","https://www.icsc.com/member/profile/700343"
"Stan Converse III","CedarHouse Partners","","","","","Montana","Owner/Developer","https://www.icsc.com/member/profile/738626"
"Sebastien Guilhemotonia","Beauchamp Development Group","","","","","Montana","Owner/Developer","https://www.icsc.com/member/profile/851604"
"Travis Steindorf","Hutton Ranch Plaza","","","","","Montana","Owner/Developer","https://www.icsc.com/member/profile/849494"
"Kevin Andersen","JEO Investments, Inc.","","","","","Nebraska","Owner/Developer","https://www.icsc.com/member/profile/847965"
"Ashley Anesin","ACCESS Commercial LLC","","","","","Nebraska","Owner/Developer","https://www.icsc.com/member/profile/869522"
"Justin Costello","ACCESS Commercial LLC","","","","","Nebraska","Owner/Developer","https://www.icsc.com/member/profile/799069"
"Daniel Dickinson","Landmark Real Estate Services, LLC","","","","","Nebraska","Owner/Developer","https://www.icsc.com/member/profile/512956"
"Emily Faltys","ACCESS Commercial LLC","","","","","Nebraska","Owner/Developer","https://www.icsc.com/member/profile/847908"
"Kirk Hanson Jr","ACCESS Commercial LLC","","","","","Nebraska","Owner/Developer","https://www.icsc.com/member/profile/328931"
"Steven Johnson JD","Twin Creek LP","","","","","Nebraska","Owner/Developer","https://www.icsc.com/member/profile/562373"
"Andrew Lerner","The Lerner Company","","","","","Nebraska","Owner/Developer","https://www.icsc.com/member/profile/806671"
"Michael Moylan","Shamrock Development","","","","","Nebraska","Owner/Developer","https://www.icsc.com/member/profile/157024"
"Amber Olson","ACCESS Commercial LLC","","","","","Nebraska","Owner/Developer","https://www.icsc.com/member/profile/423319"
"Nick Otis","The Otis Company","","","","","Nebraska","Owner/Developer","https://www.icsc.com/member/profile/785920"
"James Otis","The Otis Company","","","","","Nebraska","Owner/Developer","https://www.icsc.com/member/profile/218420"
"Rocky Pryor","ACCESS Commercial LLC","","","","","Nebraska","Owner/Developer","https://www.icsc.com/member/profile/725239"
"Terry Root","Greenstreet Real Estate Partners","","","","","Nebraska","Owner/Developer","https://www.icsc.com/member/profile/784446"
"Becca Stigge","Fiddle Leaf Development","","","","","Nebraska","Owner/Developer","https://www.icsc.com/member/profile/850615"
"Matt Ziegler","ACCESS Commercial LLC","","","","","Nebraska","Owner/Developer","https://www.icsc.com/member/profile/825216"
"Agus Alamsjah","Local Asset Management","","","","","Nevada","Owner/Developer","https://www.icsc.com/member/profile/386783"
"Mike Ambrose","XYZ Rent","","","","","Nevada","Owner/Developer","https://www.icsc.com/member/profile/869118"
"Benny Assulin","Synergy Group","","","","","Nevada","Owner/Developer","https://www.icsc.com/member/profile/852382"
"Joe Bonifatto","BP Holdings, Inc","","","","","Nevada","Owner/Developer","https://www.icsc.com/member/profile/828440"
"Sheena Chopra","Rhino Investments Group","","","","","Nevada","Owner/Developer","https://www.icsc.com/member/profile/856607"
"Dennis Cisterna","Sentinel Net Lease","","","","","Nevada","Owner/Developer","https://www.icsc.com/member/profile/765140"
"Blaise D'Sylva","The Howard Hughes Corporation","","","","","Nevada","Owner/Developer","https://www.icsc.com/member/profile/856633"
"Jessica DeMarino","First National Realty Partners","","","","","Nevada","Owner/Developer","https://www.icsc.com/member/profile/781927"
"Van Der Megerdichian","ARMENCO CAPITAL LLC","","","","","Nevada","Owner/Developer","https://www.icsc.com/member/profile/808998"
"Yaniv Efraim","Synergy Group US","","","","","Nevada","Owner/Developer","https://www.icsc.com/member/profile/852372"
"Hank Gordon","Laurich Properties, Inc.","","","","","Nevada","Owner/Developer","https://www.icsc.com/member/profile/94658"
"Myles Grossman","Fisher brothers","","","","","Nevada","Owner/Developer","https://www.icsc.com/member/profile/833190"
"Kipp Gstettenbauer","Mountain Pacific Dev Co","","","","","Nevada","Owner/Developer","https://www.icsc.com/member/profile/301959"
"Chad Hastings","The Howard Hughes Corporation","","","","","Nevada","Owner/Developer","https://www.icsc.com/member/profile/528235"
"Tina Hightower","Deconstruction Development Partners","","","","","Nevada","Owner/Developer","https://www.icsc.com/member/profile/832287"
"Terry Jimmerson","Wasteless Solutions LLC","","","","","Nevada","Owner/Developer","https://www.icsc.com/member/profile/855917"
"Joseph Kennedy","J.A. Kennedy Real Estate Company","","","","","Nevada","Owner/Developer","https://www.icsc.com/member/profile/314456"
"Frank Kozlowski","Koz Real Estate","","","","","Nevada","Owner/Developer","https://www.icsc.com/member/profile/359629"
"Mark Levy","Glen Una Management","","","","","Nevada","Owner/Developer","https://www.icsc.com/member/profile/790033"
"Michael McMahon","Crystal View Capital","","","","","Nevada","Owner/Developer","https://www.icsc.com/member/profile/861991"
"Alinda Miller","Rhino Investments Group","","","","","Nevada","Owner/Developer","https://www.icsc.com/member/profile/854411"
"NICHOLAS MOORE","MFR Properties/ Floyds Construction","","","","","Nevada","Owner/Developer","https://www.icsc.com/member/profile/808932"
"George Mulopulos","Proactive Properties","","","","","Nevada","Owner/Developer","https://www.icsc.com/member/profile/784846"
"John Murillo","Great American Capital","","","","","Nevada","Owner/Developer","https://www.icsc.com/member/profile/368777"
"Ciara Nackino","The Howard Hughes Corporation","","","","","Nevada","Owner/Developer","https://www.icsc.com/member/profile/767006"
"Matthew Nelson CCIM, CLS","J.A. Kennedy Real Estate Company","","","","","Nevada","Owner/Developer","https://www.icsc.com/member/profile/391408"
"Patrick Olson","Freehouse Capital Partners","","","","","Nevada","Owner/Developer","https://www.icsc.com/member/profile/842412"
"Kyle Pullen","The Howard Hughes Corporation","","","","","Nevada","Owner/Developer","https://www.icsc.com/member/profile/807855"
"Devon Sansone","Sansone Investments","","","","","Nevada","Owner/Developer","https://www.icsc.com/member/profile/787976"
"Wendy Sparks","Fritz Duda Company","","","","","Nevada","Owner/Developer","https://www.icsc.com/member/profile/758020"
"Jonathon Wall","Rhino Investments Group","","","","","Nevada","Owner/Developer","https://www.icsc.com/member/profile/796416"
"Rebecca Wall","Rhino Investments Group","","","","","Nevada","Owner/Developer","https://www.icsc.com/member/profile/772056"
"Steven Walton","The Cherng Family Trust","","","","","Nevada","Owner/Developer","https://www.icsc.com/member/profile/832648"
"Stan Wasserkrug","InterCapital Development","","","","","Nevada","Owner/Developer","https://www.icsc.com/member/profile/99852"
"Mark Wendel","REDEV Real Estate Development Consultants","","","","","Nevada","Owner/Developer","https://www.icsc.com/member/profile/515735"
"Ashley Yonamine","Blue Sapphire Corp","","","","","Nevada","Owner/Developer","https://www.icsc.com/member/profile/835531"
"Pat Crawley","Net Lease Capital","","","","","New Hampshire","Owner/Developer","https://www.icsc.com/member/profile/640308"
"William Flynn","Net Lease Capital","","","","","New Hampshire","Owner/Developer","https://www.icsc.com/member/profile/390502"
"Neha Garg","Garg Group of Companies","","","","","New Hampshire","Owner/Developer","https://www.icsc.com/member/profile/742555"
"Wayne Lucier","US Gas LLC","","","","","New Hampshire","Owner/Developer","https://www.icsc.com/member/profile/630530"
"Michael Mailhot","Seacoast RV Resort","","","","","New Hampshire","Owner/Developer","https://www.icsc.com/member/profile/812819"
"Tom Monahan","Monahan Companies","","","","","New Hampshire","Owner/Developer","https://www.icsc.com/member/profile/757716"
"Robert Parsons","Parsons Ventures","","","","","New Hampshire","Owner/Developer","https://www.icsc.com/member/profile/342761"
"Forrest Pike","Net Lease Capital","","","","","New Hampshire","Owner/Developer","https://www.icsc.com/member/profile/728856"
"David Rauseo","Interchange Development LLC","","","","","New Hampshire","Owner/Developer","https://www.icsc.com/member/profile/811229"
"Kim Rogers","G L Rogers and Company, Inc.","","","","","New Hampshire","Owner/Developer","https://www.icsc.com/member/profile/778228"
"Lucas Sexton","Brookwood Financial Partners","","","","","New Hampshire","Owner/Developer","https://www.icsc.com/member/profile/854317"
"Andy Weathers","Net Lease Capital","","","","","New Hampshire","Owner/Developer","https://www.icsc.com/member/profile/853288"
"Eli Ajias","EA Royal Management","","","","","New Jersey","Owner/Developer","https://www.icsc.com/member/profile/855803"
"Elliot Alboucai","Paramount Realty Services, Inc","","","","","New Jersey","Owner/Developer","https://www.icsc.com/member/profile/747669"
"Ned Allen","Wychwood Development","","","","","New Jersey","Owner/Developer","https://www.icsc.com/member/profile/803599"
"Tyler Arsenault","Retail Sites LLC","","","","","New Jersey","Owner/Developer","https://www.icsc.com/member/profile/641290"
"Venumadhav Avula","Shenandoah Development Group LLC","","","","","New Jersey","Owner/Developer","https://www.icsc.com/member/profile/846029"
"VJ Aynilian","Heidenberg Properties","","","","","New Jersey","Owner/Developer","https://www.icsc.com/member/profile/768028"
"Eileen Bagnall","Urban Edge Properties","","","","","New Jersey","Owner/Developer","https://www.icsc.com/member/profile/610054"
"Neil Bane","Bane Realty Capital","","","","","New Jersey","Owner/Developer","https://www.icsc.com/member/profile/652678"
"Gregg Bazzani","JDA Group","","","","","New Jersey","Owner/Developer","https://www.icsc.com/member/profile/799424"
"Nachum Bergman","Riverside Properties","","","","","New Jersey","Owner/Developer","https://www.icsc.com/member/profile/845379"
"Jacob Betesh","Premier Centers","","","","","New Jersey","Owner/Developer","https://www.icsc.com/member/profile/866113"
"Joe Betesh","Premier Centers","","","","","New Jersey","Owner/Developer","https://www.icsc.com/member/profile/823816"
"Josh Birns","Urban Edge Properties","","","","","New Jersey","Owner/Developer","https://www.icsc.com/member/profile/522923"
"Cory Boss","Lamar Companies","","","","","New Jersey","Owner/Developer","https://www.icsc.com/member/profile/144343"
"Brett Brophy","Tanger","","","","","New Jersey","Owner/Developer","https://www.icsc.com/member/profile/868908"
"Felix Bruselovsky","New Horizon Properties","","","","","New Jersey","Owner/Developer","https://www.icsc.com/member/profile/691014"
"Haig Buchakjian","Harken Company","","","","","New Jersey","Owner/Developer","https://www.icsc.com/member/profile/343251"
"Mark Calabro","Weichert Development Company","","","","","New Jersey","Owner/Developer","https://www.icsc.com/member/profile/838078"
"Olivia Canestrari","First National Realty Partners","","","","","New Jersey","Owner/Developer","https://www.icsc.com/member/profile/861779"
"Vincent Casiero","Diamond Communications","","","","","New Jersey","Owner/Developer","https://www.icsc.com/member/profile/864273"
"Michael Cebula","Kaplan Companies","","","","","New Jersey","Owner/Developer","https://www.icsc.com/member/profile/759341"
"John Chan","Path Equities","","","","","New Jersey","Owner/Developer","https://www.icsc.com/member/profile/863945"
"Zeke Chernoff","Lamar Companies","","","","","New Jersey","Owner/Developer","https://www.icsc.com/member/profile/851244"
"Michael Choi","MS Equities","","","","","New Jersey","Owner/Developer","https://www.icsc.com/member/profile/594698"
"James Chung","Turbo Holdings Inc","","","","","New Jersey","Owner/Developer","https://www.icsc.com/member/profile/857676"
"David Cohen","Everview Capital Partners (HK) Limited","","","","","New Jersey","Owner/Developer","https://www.icsc.com/member/profile/865704"
"Eugene Diaz","Prism Capital Partners, LLC","","","","","New Jersey","Owner/Developer","https://www.icsc.com/member/profile/692668"
"Adam Dickert","Progress Realty Partners","","","","","New Jersey","Owner/Developer","https://www.icsc.com/member/profile/752118"
"John Dionis","The Connell Company","","","","","New Jersey","Owner/Developer","https://www.icsc.com/member/profile/802707"
"Anthony Doren","Doren Development LLC","","","","","New Jersey","Owner/Developer","https://www.icsc.com/member/profile/818961"
"Richard P. Doren III","Doren Development LLC","","","","","New Jersey","Owner/Developer","https://www.icsc.com/member/profile/818591"
"Richard Doren","Doren Development LLC","","","","","New Jersey","Owner/Developer","https://www.icsc.com/member/profile/799547"
"Sean Earlen","Providence Land Strategies, LLC","","","","","New Jersey","Owner/Developer","https://www.icsc.com/member/profile/842277"
"Raymond Eshaghoff","BSG Management Company","","","","","New Jersey","Owner/Developer","https://www.icsc.com/member/profile/435302"
"Linda Fahmie","ROI Renovations & Development","","","","","New Jersey","Owner/Developer","https://www.icsc.com/member/profile/228143"
"Frank Farinella Jr","Lamar Companies","","","","","New Jersey","Owner/Developer","https://www.icsc.com/member/profile/779966"
"Evin Feliciano","FEM Real Estate","","","","","New Jersey","Owner/Developer","https://www.icsc.com/member/profile/807777"
"Cary Feliciano","FEM Real Estate","","","","","New Jersey","Owner/Developer","https://www.icsc.com/member/profile/789717"
"Frank Forte","Lucern Capital Partners","","","","","New Jersey","Owner/Developer","https://www.icsc.com/member/profile/869389"
"Jason Fox, CLS","Paramount Realty Services, Inc","","","","","New Jersey","Owner/Developer","https://www.icsc.com/member/profile/491857"
"Lisa Frantz","Mega Development LLC","","","","","New Jersey","Owner/Developer","https://www.icsc.com/member/profile/604314"
"John Frisina","Lamar Companies","","","","","New Jersey","Owner/Developer","https://www.icsc.com/member/profile/829316"
"Sarah Garber-Dingle","First National Realty Partners","","","","","New Jersey","Owner/Developer","https://www.icsc.com/member/profile/791366"
"Ravi Gill","Petro Realty LLC","","","","","New Jersey","Owner/Developer","https://www.icsc.com/member/profile/799507"
"Michael Hanson","CPI Funds","","","","","New Jersey","Owner/Developer","https://www.icsc.com/member/profile/788792"
"Kyle Hayes","Lamar Companies","","","","","New Jersey","Owner/Developer","https://www.icsc.com/member/profile/657408"
"Cali Heffernan","Urban Edge Properties","","","","","New Jersey","Owner/Developer","https://www.icsc.com/member/profile/869082"
"Robert Heidenberg","Heidenberg Properties","","","","","New Jersey","Owner/Developer","https://www.icsc.com/member/profile/101957"
"Grace Henderson","Urban Edge Properties","","","","","New Jersey","Owner/Developer","https://www.icsc.com/member/profile/864424"
"Robert Hill","Retail Sites LLC","","","","","New Jersey","Owner/Developer","https://www.icsc.com/member/profile/403543"
"Gary Hofing","The Eagle Group, Inc.","","","","","New Jersey","Owner/Developer","https://www.icsc.com/member/profile/173621"
"Faria Ibrahim CCIM","Diamond Inner Circle Investments","","","","","New Jersey","Owner/Developer","https://www.icsc.com/member/profile/645167"
"Marc Impagliazzo","Paramount Realty Services, Inc","","","","","New Jersey","Owner/Developer","https://www.icsc.com/member/profile/798805"
"Robert Indig","DeVimy Equities","","","","","New Jersey","Owner/Developer","https://www.icsc.com/member/profile/587260"
"Tobin Joseph","First National Realty Partners","","","","","New Jersey","Owner/Developer","https://www.icsc.com/member/profile/864858"
"Jonathan Kamenetsky","Element Real Estate Development","","","","","New Jersey","Owner/Developer","https://www.icsc.com/member/profile/855524"
"Mordi Kameo","Tri State Commercial Realty Inc.","","","","","New Jersey","Owner/Developer","https://www.icsc.com/member/profile/850818"
"Jeff Kellams","First National Realty Partners","","","","","New Jersey","Owner/Developer","https://www.icsc.com/member/profile/861777"
"Eric Kelly","Paramount Realty Services, Inc","","","","","New Jersey","Owner/Developer","https://www.icsc.com/member/profile/746586"
"Amanda Kocheran","Paramount Realty Services, Inc","","","","","New Jersey","Owner/Developer","https://www.icsc.com/member/profile/865912"
"Morgan Konstantinidis","Retail Sites LLC","","","","","New Jersey","Owner/Developer","https://www.icsc.com/member/profile/411256"
"Jordan Korris","Paramount Realty Services, Inc","","","","","New Jersey","Owner/Developer","https://www.icsc.com/member/profile/307070"
"Regina Krause","Urban Edge Properties","","","","","New Jersey","Owner/Developer","https://www.icsc.com/member/profile/757598"
"Mike Lakhiani","LASA Realty, LLC","","","","","New Jersey","Owner/Developer","https://www.icsc.com/member/profile/785242"
"Jason Lazar","Heidenberg Properties","","","","","New Jersey","Owner/Developer","https://www.icsc.com/member/profile/535812"
"Lenny Lazzarino","Edison Properties, LLC","","","","","New Jersey","Owner/Developer","https://www.icsc.com/member/profile/586300"
"Marc Lenner","Lester M. Entin Associates","","","","","New Jersey","Owner/Developer","https://www.icsc.com/member/profile/162576"
"Brittany Leventoff","Progress Realty Partners","","","","","New Jersey","Owner/Developer","https://www.icsc.com/member/profile/799690"
"Morris Levy","Regis Assets LLC","","","","","New Jersey","Owner/Developer","https://www.icsc.com/member/profile/854488"
"David Li","Leo Capital Management","","","","","New Jersey","Owner/Developer","https://www.icsc.com/member/profile/808829"
"Gary Li","Leo Capital Management","","","","","New Jersey","Owner/Developer","https://www.icsc.com/member/profile/796746"
"Jordan Liebowitz","COREMARK Group, LLC","","","","","New Jersey","Owner/Developer","https://www.icsc.com/member/profile/495249"
"Laurence Liebowitz","COREMARK Group, LLC","","","","","New Jersey","Owner/Developer","https://www.icsc.com/member/profile/495245"
"Christopher Lombardi Esq","Lombardi Residential","","","","","New Jersey","Owner/Developer","https://www.icsc.com/member/profile/817025"
"Matt Mandelbaum","Mandelbaum & Mandelbaum","","","","","New Jersey","Owner/Developer","https://www.icsc.com/member/profile/868033"
"Thomas Manners","Progress Realty Partners","","","","","New Jersey","Owner/Developer","https://www.icsc.com/member/profile/864577"
"Thomas Manzo","THE MANZO ORGANIZATION","","","","","New Jersey","Owner/Developer","https://www.icsc.com/member/profile/820107"
"Frank Maresca","Lamar Companies","","","","","New Jersey","Owner/Developer","https://www.icsc.com/member/profile/622654"
"Anthony Marin","MIG Real Estate","","","","","New Jersey","Owner/Developer","https://www.icsc.com/member/profile/843834"
"RJ Maroon","Wanaque Associates","","","","","New Jersey","Owner/Developer","https://www.icsc.com/member/profile/862314"
"Raymond Maroon","RJ Maroon Realty","","","","","New Jersey","Owner/Developer","https://www.icsc.com/member/profile/818183"
"Raymond Maroon Jr","RJ Maroon Realty","","","","","New Jersey","Owner/Developer","https://www.icsc.com/member/profile/818180"
"Vijay Marupaka","GREENPOWER SHOPPING, LLC","","","","","New Jersey","Owner/Developer","https://www.icsc.com/member/profile/726479"
"Pablo Medeiros","Heidenberg Properties","","","","","New Jersey","Owner/Developer","https://www.icsc.com/member/profile/586296"
"Jeff Mendelson","New Horizon Properties","","","","","New Jersey","Owner/Developer","https://www.icsc.com/member/profile/661614"
"Hal Messer","CPI Funds","","","","","New Jersey","Owner/Developer","https://www.icsc.com/member/profile/788791"
"Bassam Mhich","Urban Edge Properties","","","","","New Jersey","Owner/Developer","https://www.icsc.com/member/profile/341743"
"Joey Mizrahi","Paramount Realty Services, Inc","","","","","New Jersey","Owner/Developer","https://www.icsc.com/member/profile/637639"
"Eric Mund","Mega Development LLC","","","","","New Jersey","Owner/Developer","https://www.icsc.com/member/profile/795718"
"Jay Murnick","Murnick Real Estate Services","","","","","New Jersey","Owner/Developer","https://www.icsc.com/member/profile/842658"
"Brad Nathanson","Paramount Realty Services, Inc","","","","","New Jersey","Owner/Developer","https://www.icsc.com/member/profile/288935"
"Bane Neil","Bane Realty Capital","","","","","New Jersey","Owner/Developer","https://www.icsc.com/member/profile/746942"
"Heather Ohlberg","Urban Edge Properties","","","","","New Jersey","Owner/Developer","https://www.icsc.com/member/profile/852023"
"Alexander Opper","Brentwood Realty","","","","","New Jersey","Owner/Developer","https://www.icsc.com/member/profile/455280"
"Manhar Patel","GREENPOWER SHOPPING, LLC","","","","","New Jersey","Owner/Developer","https://www.icsc.com/member/profile/336671"
"Mendy Pollack","Ironwood Realty Capital","","","","","New Jersey","Owner/Developer","https://www.icsc.com/member/profile/752845"
"Philip Proetto","Aspen Real Estate Advisors","","","","","New Jersey","Owner/Developer","https://www.icsc.com/member/profile/725475"
"Victoria M Pugliano","Lamar Companies","","","","","New Jersey","Owner/Developer","https://www.icsc.com/member/profile/812151"
"HIREN RAMANI","Ramani Group","","","","","New Jersey","Owner/Developer","https://www.icsc.com/member/profile/685969"
"Alex Reizner","Aspen Real Estate Advisors","","","","","New Jersey","Owner/Developer","https://www.icsc.com/member/profile/724237"
"Neal Richards","Realnj Services","","","","","New Jersey","Owner/Developer","https://www.icsc.com/member/profile/123234"
"Nicholas Rome","Pinnacle Commercial Development Inc","","","","","New Jersey","Owner/Developer","https://www.icsc.com/member/profile/834792"
"Dylan Rotchford","Retail Sites LLC","","","","","New Jersey","Owner/Developer","https://www.icsc.com/member/profile/789992"
"Charles Saka","Paramount Realty Services, Inc","","","","","New Jersey","Owner/Developer","https://www.icsc.com/member/profile/611408"
"Anthony Salgado","Urban Edge Properties","","","","","New Jersey","Owner/Developer","https://www.icsc.com/member/profile/730370"
"Daniel Salonis","Progress Realty Partners","","","","","New Jersey","Owner/Developer","https://www.icsc.com/member/profile/726000"
"Stephen Salvigsen","Sage Square Capital LLC","","","","","New Jersey","Owner/Developer","https://www.icsc.com/member/profile/650725"
"Elliot Sasson","East Coast Acquisitions","","","","","New Jersey","Owner/Developer","https://www.icsc.com/member/profile/593244"
"Adam Schlussel","Key Properties LLC","","","","","New Jersey","Owner/Developer","https://www.icsc.com/member/profile/761327"
"Jonathan Schlussel","Key Properties LLC","","","","","New Jersey","Owner/Developer","https://www.icsc.com/member/profile/685074"
"David Schlussel","Key Properties LLC","","","","","New Jersey","Owner/Developer","https://www.icsc.com/member/profile/116114"
"Abe Setton","Superdome Sports Management","","","","","New Jersey","Owner/Developer","https://www.icsc.com/member/profile/808861"
"David Setton","Superdome Sports","","","","","New Jersey","Owner/Developer","https://www.icsc.com/member/profile/806831"
"Jay Several","Several Properties Group","","","","","New Jersey","Owner/Developer","https://www.icsc.com/member/profile/597076"
"Dan Shields","Ascend Property Group","","","","","New Jersey","Owner/Developer","https://www.icsc.com/member/profile/823863"
"Martin Solodky","Lamar Companies","","","","","New Jersey","Owner/Developer","https://www.icsc.com/member/profile/867204"
"Eliot Spitzer","Newburgh Mall","","","","","New Jersey","Owner/Developer","https://www.icsc.com/member/profile/818193"
"Kyle Star","COREMARK Group, LLC","","","","","New Jersey","Owner/Developer","https://www.icsc.com/member/profile/656490"
"Henry Szwed","Mall Development Company, Inc","","","","","New Jersey","Owner/Developer","https://www.icsc.com/member/profile/798808"
"Robert Tarantino","Diamond Inner Circle Investments","","","","","New Jersey","Owner/Developer","https://www.icsc.com/member/profile/789404"
"Tom Tourso","COREMARK Group, LLC","","","","","New Jersey","Owner/Developer","https://www.icsc.com/member/profile/495247"
"Eran Veig","Vigroup Development Company","","","","","New Jersey","Owner/Developer","https://www.icsc.com/member/profile/859226"
"Brian Wasilenko","COREMARK Group, LLC","","","","","New Jersey","Owner/Developer","https://www.icsc.com/member/profile/456410"
"James Weichert, Jr.","Weichert Development Company","","","","","New Jersey","Owner/Developer","https://www.icsc.com/member/profile/810657"
"Mae Yuen-Chan","Urban Edge Properties","","","","","New Jersey","Owner/Developer","https://www.icsc.com/member/profile/610053"
"Maurice Zekaria","Paramount Realty Services, Inc","","","","","New Jersey","Owner/Developer","https://www.icsc.com/member/profile/96248"
"Joseph Zekaria","Paramount Realty Services, Inc","","","","","New Jersey","Owner/Developer","https://www.icsc.com/member/profile/797700"
"David Zolotorofe Esq","COREMARK Group, LLC","","","","","New Jersey","Owner/Developer","https://www.icsc.com/member/profile/148046"
"Michael Bunt","Par Three Properties, LLC","","","","","New Mexico","Owner/Developer","https://www.icsc.com/member/profile/808007"
"David Chavez","Base 5 Retail Partners","","","","","New Mexico","Owner/Developer","https://www.icsc.com/member/profile/365256"
"Randy Gonzales","Sanchez and Sanchez Real Estate Services","","","","","New Mexico","Owner/Developer","https://www.icsc.com/member/profile/740809"
"James Hamilton","DXD Capital","","","","","New Mexico","Owner/Developer","https://www.icsc.com/member/profile/809185"
"Scooter Haynes CCIM","SCM Partners, LLC","","","","","New Mexico","Owner/Developer","https://www.icsc.com/member/profile/556329"
"Kino James","Base 5 Retail Partners","","","","","New Mexico","Owner/Developer","https://www.icsc.com/member/profile/142572"
"Mako Kellman CCIM","Anvil Real Estate and Development LLC","","","","","New Mexico","Owner/Developer","https://www.icsc.com/member/profile/135537"
"Trisha Kvern","Retail Southwest","","","","","New Mexico","Owner/Developer","https://www.icsc.com/member/profile/825733"
"Catherine Mockler","Pajarito Capital","","","","","New Mexico","Owner/Developer","https://www.icsc.com/member/profile/803112"
"Patrick Mockler-Wood","Pajarito Capital","","","","","New Mexico","Owner/Developer","https://www.icsc.com/member/profile/803111"
"Brian Nenninger","Orion West, LLC","","","","","New Mexico","Owner/Developer","https://www.icsc.com/member/profile/412793"
"Robert Rydeski","Wait…What? Holding Company","","","","","New Mexico","Owner/Developer","https://www.icsc.com/member/profile/778510"
"Michael Shyne","Westsource Corp, LLC.","","","","","New Mexico","Owner/Developer","https://www.icsc.com/member/profile/727637"
"Joshua Skarsgard","Retail Southwest","","","","","New Mexico","Owner/Developer","https://www.icsc.com/member/profile/518188"
"Andrew Ackerman","RXR Realty","","","","","New York","Owner/Developer","https://www.icsc.com/member/profile/823636"
"Morris Ades","Larchwood Capital","","","","","New York","Owner/Developer","https://www.icsc.com/member/profile/843949"
"Geoffrey Adler","Northpath Investments","","","","","New York","Owner/Developer","https://www.icsc.com/member/profile/734872"
"Paul Adler Esq","Rand Commercial","","","","","New York","Owner/Developer","https://www.icsc.com/member/profile/374684"
"Avi Akibeh","Tri State Commercial Realty Inc.","","","","","New York","Owner/Developer","https://www.icsc.com/member/profile/612366"
"Gershon Alexander","Northpath Investments","","","","","New York","Owner/Developer","https://www.icsc.com/member/profile/329687"
"michael ambrosino","Ambrosino Consultant Corp","","","","","New York","Owner/Developer","https://www.icsc.com/member/profile/850704"
"Dr. Dorcey Applyrs","Khan Construction & Development LLC","","","","","New York","Owner/Developer","https://www.icsc.com/member/profile/868262"
"Scott Auster","Urban Edge Properties","","","","","New York","Owner/Developer","https://www.icsc.com/member/profile/227264"
"Allon Avgi","AVGI","","","","","New York","Owner/Developer","https://www.icsc.com/member/profile/843060"
"Shlomi Bagdadi","Tri State Commercial Realty Inc.","","","","","New York","Owner/Developer","https://www.icsc.com/member/profile/599560"
"Robert Bakhchi","Great Neck Center, LLC","","","","","New York","Owner/Developer","https://www.icsc.com/member/profile/746157"
"Andre Banilevi","Mason Asset Management, Inc.","","","","","New York","Owner/Developer","https://www.icsc.com/member/profile/804072"
"Jake Bank","Aurora Capital Associates","","","","","New York","Owner/Developer","https://www.icsc.com/member/profile/856494"
"Lewis Barbanel","Black Diamond Commercial Realty","","","","","New York","Owner/Developer","https://www.icsc.com/member/profile/844432"
"Zoe Barry","Urban Edge Properties","","","","","New York","Owner/Developer","https://www.icsc.com/member/profile/851157"
"Soly Bawabeh","Bawabeh Brothers LLC","","","","","New York","Owner/Developer","https://www.icsc.com/member/profile/661253"
"Soly Bawabeh","Bawabeh Holdings","","","","","New York","Owner/Developer","https://www.icsc.com/member/profile/516934"
"Leo Beda","Tri State Commercial Realty Inc.","","","","","New York","Owner/Developer","https://www.icsc.com/member/profile/833012"
"Michael Berfield","Bridges Development Corporation","","","","","New York","Owner/Developer","https://www.icsc.com/member/profile/487874"
"JARED BERNSTEIN","G4 Development Group, LLC","","","","","New York","Owner/Developer","https://www.icsc.com/member/profile/841051"
"Ronnie Bertrand","Urban Edge Properties","","","","","New York","Owner/Developer","https://www.icsc.com/member/profile/829682"
"Joseph Betesh","Abeco","","","","","New York","Owner/Developer","https://www.icsc.com/member/profile/753082"
"Daniel Birney","RXR Realty","","","","","New York","Owner/Developer","https://www.icsc.com/member/profile/822413"
"Jennifer Bitterman","Andover Properties","","","","","New York","Owner/Developer","https://www.icsc.com/member/profile/577920"
"Etan Bluman","Urban Edge Properties","","","","","New York","Owner/Developer","https://www.icsc.com/member/profile/813463"
"Evan Blumenthal","Dorchester Development LLC","","","","","New York","Owner/Developer","https://www.icsc.com/member/profile/858675"
"Daniel Bodner","Alvarez & Marsal Property Solutions","","","","","New York","Owner/Developer","https://www.icsc.com/member/profile/799434"
"Larry Botel","JOSS Realty Partners","","","","","New York","Owner/Developer","https://www.icsc.com/member/profile/457358"
"Nick Boyle","Toms Capital LLC","","","","","New York","Owner/Developer","https://www.icsc.com/member/profile/670853"
"David Braka","Aetna Realty","","","","","New York","Owner/Developer","https://www.icsc.com/member/profile/185039"
"Ben Braunstein","Realty Resource Capital Corp.","","","","","New York","Owner/Developer","https://www.icsc.com/member/profile/587042"
"Rachel Butiu","Mason Asset Management, Inc.","","","","","New York","Owner/Developer","https://www.icsc.com/member/profile/764340"
"Kevin Byrd","Metropolitan Realty Associates LLC","","","","","New York","Owner/Developer","https://www.icsc.com/member/profile/868503"
"Bryan Calkin","Summit Properties USA","","","","","New York","Owner/Developer","https://www.icsc.com/member/profile/350466"
"Jon Callegari","Steerpoint Capital","","","","","New York","Owner/Developer","https://www.icsc.com/member/profile/784034"
"Timothy Campbell","JVP Management","","","","","New York","Owner/Developer","https://www.icsc.com/member/profile/856609"
"THOMAS CAMPBELL","THOROBIRD COMPANIES LLC","","","","","New York","Owner/Developer","https://www.icsc.com/member/profile/779711"
"Noble Carpenter","Wafra, Inc.","","","","","New York","Owner/Developer","https://www.icsc.com/member/profile/853077"
"Sam Catton","Cohen Commerical Properties","","","","","New York","Owner/Developer","https://www.icsc.com/member/profile/506538"
"Stanley Cayre","Aurora Capital Associates","","","","","New York","Owner/Developer","https://www.icsc.com/member/profile/335932"
"Robert Cayre","Aurora Capital Associates","","","","","New York","Owner/Developer","https://www.icsc.com/member/profile/269385"
"Scott Chosed","TerraBloom LLC","","","","","New York","Owner/Developer","https://www.icsc.com/member/profile/820119"
"Joel Ciment","GCRE Advisors, LLC","","","","","New York","Owner/Developer","https://www.icsc.com/member/profile/787814"
"Michael Coene","Mireco Holdings, LLC","","","","","New York","Owner/Developer","https://www.icsc.com/member/profile/227789"
"Andrew Cohen","Cohen Commerical Properties","","","","","New York","Owner/Developer","https://www.icsc.com/member/profile/124941"
"Antony Contomichalos","MacArthur Capital Group","","","","","New York","Owner/Developer","https://www.icsc.com/member/profile/317414"
"Brett Cooper","Cosmo Real Estate Partners","","","","","New York","Owner/Developer","https://www.icsc.com/member/profile/358682"
"Peter Cosentino","Cosentino Development","","","","","New York","Owner/Developer","https://www.icsc.com/member/profile/853474"
"James Costello","Brookfield Asset Management","","","","","New York","Owner/Developer","https://www.icsc.com/member/profile/622269"
"Jennifer Crane","Unibail-Rodamco-Westfield","","","","","New York","Owner/Developer","https://www.icsc.com/member/profile/478969"
"Josh Cromer","Rialto Holdings, LLC","","","","","New York","Owner/Developer","https://www.icsc.com/member/profile/598420"
"Jaya Daniel","Urban Edge Properties","","","","","New York","Owner/Developer","https://www.icsc.com/member/profile/540287"
"Edouard De Bernis","Warberg Partners","","","","","New York","Owner/Developer","https://www.icsc.com/member/profile/709766"
"Dennis DeBenedetto","Time Equities, Inc.","","","","","New York","Owner/Developer","https://www.icsc.com/member/profile/545162"
"Joseph DeMatteo","JDM CAPITAL CORP.","","","","","New York","Owner/Developer","https://www.icsc.com/member/profile/868254"
"Jamie DeRevere","JOSS Realty Partners","","","","","New York","Owner/Developer","https://www.icsc.com/member/profile/799201"
"Arash Dilmanian","Silverpeak Real Estate Partners","","","","","New York","Owner/Developer","https://www.icsc.com/member/profile/359967"
"Dave Dimmick","Spark JC","","","","","New York","Owner/Developer","https://www.icsc.com/member/profile/817599"
"Jordan Domroe","Great Neck Center, LLC","","","","","New York","Owner/Developer","https://www.icsc.com/member/profile/561644"
"Jamey Dufner","Summit Properties USA","","","","","New York","Owner/Developer","https://www.icsc.com/member/profile/773020"
"Kevin Dwyer","Dwyer Agency","","","","","New York","Owner/Developer","https://www.icsc.com/member/profile/145100"
"William Elder","RXR Realty","","","","","New York","Owner/Developer","https://www.icsc.com/member/profile/823635"
"Eli Elefant","PBC USA Investments","","","","","New York","Owner/Developer","https://www.icsc.com/member/profile/648784"
"Ilan Elishayev","SYU PROPERTIES","","","","","New York","Owner/Developer","https://www.icsc.com/member/profile/649825"
"Jared Epstein","Aurora Capital Associates","","","","","New York","Owner/Developer","https://www.icsc.com/member/profile/327512"
"David Escava","Helm Equities","","","","","New York","Owner/Developer","https://www.icsc.com/member/profile/440202"
"Sarah Fabian","Friedland Properties","","","","","New York","Owner/Developer","https://www.icsc.com/member/profile/390104"
"Joseph Farkas","Metropolitan Realty Associates LLC","","","","","New York","Owner/Developer","https://www.icsc.com/member/profile/856465"
"Joseph Farkas","Metropolitan Realty Associates LLC","","","","","New York","Owner/Developer","https://www.icsc.com/member/profile/638178"
"Brian Feldman","Aurora Capital Associates","","","","","New York","Owner/Developer","https://www.icsc.com/member/profile/853756"
"Myles Fennon","The Trump Organization","","","","","New York","Owner/Developer","https://www.icsc.com/member/profile/855680"
"Robert Fischman","COYLE PROPERTIES","","","","","New York","Owner/Developer","https://www.icsc.com/member/profile/582409"
"Rebecca Fitts","Alvarez & Marsal Property Solutions","","","","","New York","Owner/Developer","https://www.icsc.com/member/profile/845338"
"Aaron Fleishaker","Mattone Investors, LLC","","","","","New York","Owner/Developer","https://www.icsc.com/member/profile/128606"
"Ryan Fridolfs","PrimeSpace Capital","","","","","New York","Owner/Developer","https://www.icsc.com/member/profile/805179"
"Elizabeth Friedland Meyer","Friedland Properties","","","","","New York","Owner/Developer","https://www.icsc.com/member/profile/269968"
"Israel Friedman","PrimeSpace Capital","","","","","New York","Owner/Developer","https://www.icsc.com/member/profile/785380"
"Ayal Frist","Vada Properties, LLC","","","","","New York","Owner/Developer","https://www.icsc.com/member/profile/856578"
"Michael Fruchtman","Arc Real Estate Group","","","","","New York","Owner/Developer","https://www.icsc.com/member/profile/842784"
"Andrew Galvin","Gardens Capital Advisors","","","","","New York","Owner/Developer","https://www.icsc.com/member/profile/513925"
"Cindy Gecaj","Alvarez & Marsal Property Solutions","","","","","New York","Owner/Developer","https://www.icsc.com/member/profile/832872"
"Tiffany Gherlone","Perform Properties","","","","","New York","Owner/Developer","https://www.icsc.com/member/profile/861241"
"Corey Gluckstal","Peconic Equities","","","","","New York","Owner/Developer","https://www.icsc.com/member/profile/552549"
"Benjamin Goldberg","LBX Investments LLC","","","","","New York","Owner/Developer","https://www.icsc.com/member/profile/865890"
"Adam Greenbaum","AGW Partners","","","","","New York","Owner/Developer","https://www.icsc.com/member/profile/832451"
"Thomas GREENWOOD","Greenwood Realtors, Inc.","","","","","New York","Owner/Developer","https://www.icsc.com/member/profile/794259"
"Brian Grobman","Dan's Supreme","","","","","New York","Owner/Developer","https://www.icsc.com/member/profile/638674"
"Richard Grobman","Dan's Supreme","","","","","New York","Owner/Developer","https://www.icsc.com/member/profile/116103"
"Joel Gruber","Rand Commercial","","","","","New York","Owner/Developer","https://www.icsc.com/member/profile/845094"
"Byron Hakimi Esq","Hakimi Capital Group LLC","","","","","New York","Owner/Developer","https://www.icsc.com/member/profile/651100"
"Manuel Hakimian","Hakimi Capital Group LLC","","","","","New York","Owner/Developer","https://www.icsc.com/member/profile/865874"
"Aaron Hakimian","Baaco Properties","","","","","New York","Owner/Developer","https://www.icsc.com/member/profile/805169"
"Jared Hakimian","Hakimi Capital Group LLC","","","","","New York","Owner/Developer","https://www.icsc.com/member/profile/751785"
"Fredy Halabi","Tri State Commercial Realty Inc.","","","","","New York","Owner/Developer","https://www.icsc.com/member/profile/750881"
"Marc Halle","AFRE CAPITAL","","","","","New York","Owner/Developer","https://www.icsc.com/member/profile/830077"
"Aron Herczl","Q Realty & Development Group Corp","","","","","New York","Owner/Developer","https://www.icsc.com/member/profile/650958"
"Alex Hirsch","Milbrook Properties Ltd","","","","","New York","Owner/Developer","https://www.icsc.com/member/profile/797530"
"Charles Hirsch","Milbrook Properties Ltd","","","","","New York","Owner/Developer","https://www.icsc.com/member/profile/261085"
"William Hopkins","Brookfield Asset Management","","","","","New York","Owner/Developer","https://www.icsc.com/member/profile/856021"
"Brett Hopkins","LaSalle Investment Management","","","","","New York","Owner/Developer","https://www.icsc.com/member/profile/786784"
"Jonny Isbitt","Jamestown, LP","","","","","New York","Owner/Developer","https://www.icsc.com/member/profile/846592"
"David Jacobi","Premier Equities Management LLC","","","","","New York","Owner/Developer","https://www.icsc.com/member/profile/691783"
"Yaron Jacobi","Premier Equities Management LLC","","","","","New York","Owner/Developer","https://www.icsc.com/member/profile/598581"
"J. Joseph Jacobson","Madison Capital","","","","","New York","Owner/Developer","https://www.icsc.com/member/profile/507085"
"Howard Jaffe","Mirjaf, Inc.","","","","","New York","Owner/Developer","https://www.icsc.com/member/profile/619102"
"John Joseph","Southern Realty & Development LLC","","","","","New York","Owner/Developer","https://www.icsc.com/member/profile/100293"
"Matt Juster","Juster Properties","","","","","New York","Owner/Developer","https://www.icsc.com/member/profile/763113"
"Steven Kachanian","Klosed Properties","","","","","New York","Owner/Developer","https://www.icsc.com/member/profile/507467"
"Benedetto Kahlun","JGK Real Estate Holdings","","","","","New York","Owner/Developer","https://www.icsc.com/member/profile/868136"
"Paul Kanavos","Flag Luxury/The Torino Companies","","","","","New York","Owner/Developer","https://www.icsc.com/member/profile/735698"
"Steven Kaplan","Kaplan Properties","","","","","New York","Owner/Developer","https://www.icsc.com/member/profile/862569"
"Nitin Karnani","Alpine Real Estate Partners","","","","","New York","Owner/Developer","https://www.icsc.com/member/profile/296823"
"Elie Kashi","Kashi Capital Partners","","","","","New York","Owner/Developer","https://www.icsc.com/member/profile/861433"
"Sam Kashi","Kashi Capital Partners","","","","","New York","Owner/Developer","https://www.icsc.com/member/profile/861431"
"Sama Kassem","Urban Edge Properties","","","","","New York","Owner/Developer","https://www.icsc.com/member/profile/834980"
"Jeff Katz","Milbrook Properties Ltd","","","","","New York","Owner/Developer","https://www.icsc.com/member/profile/452779"
"Ashley Kern","Mason Asset Management, Inc.","","","","","New York","Owner/Developer","https://www.icsc.com/member/profile/798720"
"Seth Kestenbaum","Altitude Realty Group","","","","","New York","Owner/Developer","https://www.icsc.com/member/profile/317683"
"Faraz Khan","Khan Construction & Development LLC","","","","","New York","Owner/Developer","https://www.icsc.com/member/profile/787329"
"Jonathan Kim","Time Equities, Inc.","","","","","New York","Owner/Developer","https://www.icsc.com/member/profile/513914"
"David Klein","Element Real Estate Development","","","","","New York","Owner/Developer","https://www.icsc.com/member/profile/855527"
"Michael Klein","M Rubin & co","","","","","New York","Owner/Developer","https://www.icsc.com/member/profile/809504"
"Martin Koch","LBX Investments LLC","","","","","New York","Owner/Developer","https://www.icsc.com/member/profile/806595"
"Sachin Kohli","NSR Group, LLC","","","","","New York","Owner/Developer","https://www.icsc.com/member/profile/849550"
"Rahul Kohli","NSR Group, LLC","","","","","New York","Owner/Developer","https://www.icsc.com/member/profile/732262"
"Richard Kolsch","Cam Real Estate Associates Corp.","","","","","New York","Owner/Developer","https://www.icsc.com/member/profile/141692"
"Eli Kopciel","Extell Development","","","","","New York","Owner/Developer","https://www.icsc.com/member/profile/692682"
"Uri Koptiev","RK Capital","","","","","New York","Owner/Developer","https://www.icsc.com/member/profile/725099"
"Kostas Koutsothanasis","RockFarmer Properties","","","","","New York","Owner/Developer","https://www.icsc.com/member/profile/782908"
"Isabel Krajovan","Alvarez & Marsal Property Solutions","","","","","New York","Owner/Developer","https://www.icsc.com/member/profile/868633"
"robert kraus","Opulens Development LLC","","","","","New York","Owner/Developer","https://www.icsc.com/member/profile/814806"
"Reggie Kronstadt","Krown Point Capital LLC","","","","","New York","Owner/Developer","https://www.icsc.com/member/profile/841216"
"Andre Kullock de Oliveira","GGP","","","","","New York","Owner/Developer","https://www.icsc.com/member/profile/858450"
"Evan Kupferberg","Time Equities, Inc.","","","","","New York","Owner/Developer","https://www.icsc.com/member/profile/645984"
"Eddie Laboz","United American Land Co.","","","","","New York","Owner/Developer","https://www.icsc.com/member/profile/820316"
"Jack Laboz","United American Land Co.","","","","","New York","Owner/Developer","https://www.icsc.com/member/profile/534932"
"Patrick Lang","Wash Ventures","","","","","New York","Owner/Developer","https://www.icsc.com/member/profile/809531"
"Mark Langer","Urban Edge Properties","","","","","New York","Owner/Developer","https://www.icsc.com/member/profile/420030"
"Jonathan LaSala","IronHorn Enterprises","","","","","New York","Owner/Developer","https://www.icsc.com/member/profile/870664"
"Michael Leifer","Runyon Group","","","","","New York","Owner/Developer","https://www.icsc.com/member/profile/599509"
"Chris Lento","Urban Edge Properties","","","","","New York","Owner/Developer","https://www.icsc.com/member/profile/783592"
"Joshua Leventhal","LCN Capital Partners, L.P.","","","","","New York","Owner/Developer","https://www.icsc.com/member/profile/612295"
"David Levinson","L&L Holding Company, LLC","","","","","New York","Owner/Developer","https://www.icsc.com/member/profile/867660"
"Ori Levy","Summit Properties USA","","","","","New York","Owner/Developer","https://www.icsc.com/member/profile/819790"
"Marco Libani","Toms Capital LLC","","","","","New York","Owner/Developer","https://www.icsc.com/member/profile/849402"
"Justin Liniado","Mason Asset Management, Inc.","","","","","New York","Owner/Developer","https://www.icsc.com/member/profile/839179"
"Ben Lipscomb","Martin-Diamond Properties","","","","","New York","Owner/Developer","https://www.icsc.com/member/profile/788998"
"Thomas Lipuma","Milbrook Properties Ltd","","","","","New York","Owner/Developer","https://www.icsc.com/member/profile/294995"
"Mark Lucaj Esq","Mattone Investors, LLC","","","","","New York","Owner/Developer","https://www.icsc.com/member/profile/690277"
"Sandy Magon","Diamond Inner Circle Investments","","","","","New York","Owner/Developer","https://www.icsc.com/member/profile/647979"
"Mathew Maher","Related Companies","","","","","New York","Owner/Developer","https://www.icsc.com/member/profile/854227"
"Anil Mahesh","LCN Capital Partners, L.P.","","","","","New York","Owner/Developer","https://www.icsc.com/member/profile/806048"
"Jonathan Maimran","Raber Enterprises, LLC.","","","","","New York","Owner/Developer","https://www.icsc.com/member/profile/809059"
"Carolyn Malinsky","Curbcut Urban Partners","","","","","New York","Owner/Developer","https://www.icsc.com/member/profile/841869"
"Benjamin Malinsky","Curbcut Urban Partners","","","","","New York","Owner/Developer","https://www.icsc.com/member/profile/561535"
"Aaron Malinsky","Curbcut Urban Partners","","","","","New York","Owner/Developer","https://www.icsc.com/member/profile/561532"
"Ruslan Mamedov","Mamedoff Properties LLC","","","","","New York","Owner/Developer","https://www.icsc.com/member/profile/868701"
"Nicholas Marantidis","Hakimi Capital Group LLC","","","","","New York","Owner/Developer","https://www.icsc.com/member/profile/802713"
"Viena Margulies","MacArthur Capital Group","","","","","New York","Owner/Developer","https://www.icsc.com/member/profile/585570"
"Steve Mazzurco","The Crest Group LLC","","","","","New York","Owner/Developer","https://www.icsc.com/member/profile/866966"
"Charles McDonald","Urban Edge Properties","","","","","New York","Owner/Developer","https://www.icsc.com/member/profile/859206"
"Gordon McLaughlin","Element Eight Partners, LLC","","","","","New York","Owner/Developer","https://www.icsc.com/member/profile/821858"
"DJ Meagher","Woodbranch Investments","","","","","New York","Owner/Developer","https://www.icsc.com/member/profile/846045"
"Tracy Mehlman","Sirius LLC","","","","","New York","Owner/Developer","https://www.icsc.com/member/profile/817819"
"Timothy Meleca","Streamline Real Estate Partners LLC","","","","","New York","Owner/Developer","https://www.icsc.com/member/profile/785387"
"Daniel Mermel","Sivan Properties","","","","","New York","Owner/Developer","https://www.icsc.com/member/profile/818037"
"James Merrell","Seritage Growth Properties","","","","","New York","Owner/Developer","https://www.icsc.com/member/profile/783468"
"Kseniya Merritt","Union Investment Real Estate AG","","","","","New York","Owner/Developer","https://www.icsc.com/member/profile/324608"
"Maor Mizrachi","AVGI","","","","","New York","Owner/Developer","https://www.icsc.com/member/profile/869444"
"murray mizrachi","Bawabeh Brothers LLC","","","","","New York","Owner/Developer","https://www.icsc.com/member/profile/799498"
"Ezra Mizrachi","Bawabeh Brothers LLC","","","","","New York","Owner/Developer","https://www.icsc.com/member/profile/661248"
"Jeff Mooallem","Urban Edge Properties","","","","","New York","Owner/Developer","https://www.icsc.com/member/profile/333166"
"Kenneth Morrison","Lemor Development Group","","","","","New York","Owner/Developer","https://www.icsc.com/member/profile/640913"
"Meir Moster","Madison National Realty Corp","","","","","New York","Owner/Developer","https://www.icsc.com/member/profile/806467"
"Vito Musso","Musso Properties, LLC","","","","","New York","Owner/Developer","https://www.icsc.com/member/profile/866831"
"Joseph Musso","Musso Properties, LLC","","","","","New York","Owner/Developer","https://www.icsc.com/member/profile/866830"
"Adam Myers","North River Company LLC","","","","","New York","Owner/Developer","https://www.icsc.com/member/profile/708954"
"Edmond Nassim","Crescent Properties, Inc.","","","","","New York","Owner/Developer","https://www.icsc.com/member/profile/639218"
"Igal Nassim","Mason Asset Management, Inc.","","","","","New York","Owner/Developer","https://www.icsc.com/member/profile/489337"
"Sheila Naysan","Cogswell Realty","","","","","New York","Owner/Developer","https://www.icsc.com/member/profile/650927"
"Marc Newman","Spark JC","","","","","New York","Owner/Developer","https://www.icsc.com/member/profile/817784"
"Andrew Newman","Northpath Investments","","","","","New York","Owner/Developer","https://www.icsc.com/member/profile/809649"
"Denis Nezaj","Summit Properties USA","","","","","New York","Owner/Developer","https://www.icsc.com/member/profile/819762"
"Theresa Ng","Mason Asset Management, Inc.","","","","","New York","Owner/Developer","https://www.icsc.com/member/profile/838613"
"Nissim Nigri","ANN Usa investments","","","","","New York","Owner/Developer","https://www.icsc.com/member/profile/675986"
"Jordan Nissensohn","JN Development Group","","","","","New York","Owner/Developer","https://www.icsc.com/member/profile/842207"
"leon nitka","USA Property Group","","","","","New York","Owner/Developer","https://www.icsc.com/member/profile/808748"
"Luke John Nolan","Runyon Group","","","","","New York","Owner/Developer","https://www.icsc.com/member/profile/831561"
"William Noyes","RXR Realty","","","","","New York","Owner/Developer","https://www.icsc.com/member/profile/855434"
"Gavin O'Brien","Brookfield Asset Management","","","","","New York","Owner/Developer","https://www.icsc.com/member/profile/738378"
"Will Obeid","Arcade Capital LLC","","","","","New York","Owner/Developer","https://www.icsc.com/member/profile/844123"
"Jeffrey Olson","Urban Edge Properties","","","","","New York","Owner/Developer","https://www.icsc.com/member/profile/370347"
"Michael Panvini","A2 Development Group, LLC","","","","","New York","Owner/Developer","https://www.icsc.com/member/profile/843054"
"Sugeidy Paulino","SAADIA GROUP LLC","","","","","New York","Owner/Developer","https://www.icsc.com/member/profile/790150"
"Alexa Phillips","Delaware Phillips Holdings LLC","","","","","New York","Owner/Developer","https://www.icsc.com/member/profile/620966"
"Jeffrey Phillips","Delaware Phillips Holdings LLC","","","","","New York","Owner/Developer","https://www.icsc.com/member/profile/620965"
"Jerry Pi CCIM, CRX","Pi Capital Partners","","","","","New York","Owner/Developer","https://www.icsc.com/member/profile/497109"
"Emerson Pierce","Perform Properties","","","","","New York","Owner/Developer","https://www.icsc.com/member/profile/866827"
"Tomer Pomerantz","Summit Properties USA","","","","","New York","Owner/Developer","https://www.icsc.com/member/profile/819966"
"Evan Rafinia","Rafinia Property Group, LLC.","","","","","New York","Owner/Developer","https://www.icsc.com/member/profile/808939"
"Alexander Rahmani","Hakimi Capital Group LLC","","","","","New York","Owner/Developer","https://www.icsc.com/member/profile/861932"
"Frederick R. Rainaldi","Rainaldi Real Estate, Inc.","","","","","New York","Owner/Developer","https://www.icsc.com/member/profile/687459"
"Caroline Raphael","Urban Edge Properties","","","","","New York","Owner/Developer","https://www.icsc.com/member/profile/798789"
"James Rinzler","Dominion Management Co","","","","","New York","Owner/Developer","https://www.icsc.com/member/profile/722253"
"nelson rohrbach","Praeclara Corporation","","","","","New York","Owner/Developer","https://www.icsc.com/member/profile/856502"
"Francisco Rojas","Big V Property Group","","","","","New York","Owner/Developer","https://www.icsc.com/member/profile/180533"
"Daniel Rokeach","Madison National Realty Corp","","","","","New York","Owner/Developer","https://www.icsc.com/member/profile/725990"
"Jessica Rome","Brookfield Asset Management","","","","","New York","Owner/Developer","https://www.icsc.com/member/profile/831434"
"Frank Romeo","Romeo Land Development LLC","","","","","New York","Owner/Developer","https://www.icsc.com/member/profile/175805"
"Kyle Roosa","Roosa Corporation","","","","","New York","Owner/Developer","https://www.icsc.com/member/profile/509739"
"David Rosen","Rosen Associates Management Corp.","","","","","New York","Owner/Developer","https://www.icsc.com/member/profile/94843"
"Andrew Rosen","Related Companies","","","","","New York","Owner/Developer","https://www.icsc.com/member/profile/799118"
"Josh Rosenfield","Rothenberg- Rosenfield Inc.","","","","","New York","Owner/Developer","https://www.icsc.com/member/profile/500794"
"Daniel Rosenfield","Rothenberg- Rosenfield Inc.","","","","","New York","Owner/Developer","https://www.icsc.com/member/profile/146803"
"Lisa Rosenshein, CLS, CRX","Rosenshein Associates","","","","","New York","Owner/Developer","https://www.icsc.com/member/profile/104729"
"John Rossi","Perform Properties","","","","","New York","Owner/Developer","https://www.icsc.com/member/profile/867650"
"Joshua Roth","Manhattan Skyline Management Corp.","","","","","New York","Owner/Developer","https://www.icsc.com/member/profile/332396"
"Adam Rowles","GSI Development Corp.","","","","","New York","Owner/Developer","https://www.icsc.com/member/profile/817797"
"Mitchell Rutter","essex capital","","","","","New York","Owner/Developer","https://www.icsc.com/member/profile/824391"
"Jack Saadia","SAADIA GROUP LLC","","","","","New York","Owner/Developer","https://www.icsc.com/member/profile/788985"
"Sonny Safdeye","Green Rock Group","","","","","New York","Owner/Developer","https://www.icsc.com/member/profile/754024"
"Jeremy Sandel","4 River Capital LLC","","","","","New York","Owner/Developer","https://www.icsc.com/member/profile/867916"
"Daniel Scarda","The Crest Group LLC","","","","","New York","Owner/Developer","https://www.icsc.com/member/profile/599516"
"Paul Scavello","Scavello""s On The Island (Scavello Management)","","","","","New York","Owner/Developer","https://www.icsc.com/member/profile/743196"
"Paul Schiffer","Urban Edge Properties","","","","","New York","Owner/Developer","https://www.icsc.com/member/profile/104401"
"Jonathan Schmerin","The Georgetown Company","","","","","New York","Owner/Developer","https://www.icsc.com/member/profile/294358"
"Aaron Schwartz","Acadia Realty Trust","","","","","New York","Owner/Developer","https://www.icsc.com/member/profile/794757"
"Grant Scott","Time Equities, Inc.","","","","","New York","Owner/Developer","https://www.icsc.com/member/profile/744757"
"Benjamin Sedaghatzandi","Hakimi Capital Group LLC","","","","","New York","Owner/Developer","https://www.icsc.com/member/profile/820145"
"Jerry Seligsohn","DSel Properties LLC","","","","","New York","Owner/Developer","https://www.icsc.com/member/profile/563303"
"Daniel Seligsohn","DSel Properties LLC","","","","","New York","Owner/Developer","https://www.icsc.com/member/profile/557100"
"Abie Semah","Cityview Commercial","","","","","New York","Owner/Developer","https://www.icsc.com/member/profile/867840"
"Rich Sgroi","IronHorn Enterprises","","","","","New York","Owner/Developer","https://www.icsc.com/member/profile/870327"
"Sylvie Shames","Friedland Properties","","","","","New York","Owner/Developer","https://www.icsc.com/member/profile/575722"
"Karen Shelhorse","TRITEC Real Estate","","","","","New York","Owner/Developer","https://www.icsc.com/member/profile/804762"
"jasmine shi","FBL DEVELOPMENT LLC","","","","","New York","Owner/Developer","https://www.icsc.com/member/profile/825093"
"Kingston Shih","Madison Consulting","","","","","New York","Owner/Developer","https://www.icsc.com/member/profile/800487"
"Paul Shively","Big V Property Group","","","","","New York","Owner/Developer","https://www.icsc.com/member/profile/800938"
"Jeffrey Siegel","ML7","","","","","New York","Owner/Developer","https://www.icsc.com/member/profile/867006"
"Vivek Singhal","Singhal partners llc","","","","","New York","Owner/Developer","https://www.icsc.com/member/profile/683116"
"Sam Sitt","Blake Road Realty","","","","","New York","Owner/Developer","https://www.icsc.com/member/profile/724821"
"David Smetana","McCourt Partners","","","","","New York","Owner/Developer","https://www.icsc.com/member/profile/807695"
"Winston Smith","The Georgetown Company","","","","","New York","Owner/Developer","https://www.icsc.com/member/profile/789412"
"Jeff Smith","Signature Acquisitions","","","","","New York","Owner/Developer","https://www.icsc.com/member/profile/684491"
"Brian Snow","IATT Investments, Inc. / New Hartford Shopping Center","","","","","New York","Owner/Developer","https://www.icsc.com/member/profile/806492"
"Isabel Solmonson Cohen","Runyon Group","","","","","New York","Owner/Developer","https://www.icsc.com/member/profile/611877"
"Richard Solomon","Great Neck Center, LLC","","","","","New York","Owner/Developer","https://www.icsc.com/member/profile/609319"
"Alexander Solomon","Unibail-Rodamco-Westfield","","","","","New York","Owner/Developer","https://www.icsc.com/member/profile/605783"
"Michael Sommer","Kushner","","","","","New York","Owner/Developer","https://www.icsc.com/member/profile/782230"
"Gina Speno, CRX, CSM","Mason Asset Management, Inc.","","","","","New York","Owner/Developer","https://www.icsc.com/member/profile/214090"
"Alan Starkman","BLDG Management Co. Inc.","","","","","New York","Owner/Developer","https://www.icsc.com/member/profile/820149"
"Joshua Stein","Alpine Real Estate Partners","","","","","New York","Owner/Developer","https://www.icsc.com/member/profile/588077"
"Lance Steinberg","Raber Enterprises, LLC.","","","","","New York","Owner/Developer","https://www.icsc.com/member/profile/795791"
"Marc Steinberg","Mark Development, Inc.","","","","","New York","Owner/Developer","https://www.icsc.com/member/profile/190505"
"Joyce Storm","Storm Partners, LLC","","","","","New York","Owner/Developer","https://www.icsc.com/member/profile/112935"
"Erica Sutera","Heatherwood","","","","","New York","Owner/Developer","https://www.icsc.com/member/profile/867297"
"Miro Sutton","Montana Development Group LLC","","","","","New York","Owner/Developer","https://www.icsc.com/member/profile/773302"
"Cory Thompson","Urban Edge Properties","","","","","New York","Owner/Developer","https://www.icsc.com/member/profile/759582"
"Lawrence Tillack","Lawrence Homes Corp.","","","","","New York","Owner/Developer","https://www.icsc.com/member/profile/502890"
"George Tsapelas","Taconic Partners","","","","","New York","Owner/Developer","https://www.icsc.com/member/profile/867465"
"Taylor Uston","Milbrook Properties Ltd","","","","","New York","Owner/Developer","https://www.icsc.com/member/profile/797541"
"Michael Valentin","Summit Properties USA","","","","","New York","Owner/Developer","https://www.icsc.com/member/profile/789617"
"Garett Vassel","Optima Durant Group","","","","","New York","Owner/Developer","https://www.icsc.com/member/profile/853464"
"Alex Vouvalides","Perform Properties","","","","","New York","Owner/Developer","https://www.icsc.com/member/profile/840908"
"Thomas Wall","LCN Capital Partners, L.P.","","","","","New York","Owner/Developer","https://www.icsc.com/member/profile/612106"
"Alan Wang","Cayenne Holdings","","","","","New York","Owner/Developer","https://www.icsc.com/member/profile/867961"
"Jay Wegman","Wegman Companies, Inc.","","","","","New York","Owner/Developer","https://www.icsc.com/member/profile/818590"
"Jordan Weinberg","Weinberg Real Estate Affiliates","","","","","New York","Owner/Developer","https://www.icsc.com/member/profile/817658"
"Todd Wenzel","IronHorn Enterprises","","","","","New York","Owner/Developer","https://www.icsc.com/member/profile/870319"
"Paul Winkler","A2 Development Group, LLC","","","","","New York","Owner/Developer","https://www.icsc.com/member/profile/803195"
"Eddie Yadgarov","PYE Properties Inc","","","","","New York","Owner/Developer","https://www.icsc.com/member/profile/843286"
"Robert Yaffa","RDY Advisors, LLC","","","","","New York","Owner/Developer","https://www.icsc.com/member/profile/783603"
"alexander Yaraghi","Yaraghi Reality LLC","","","","","New York","Owner/Developer","https://www.icsc.com/member/profile/768055"
"Joseph Yushuvaeyv","Top Rock Holdings","","","","","New York","Owner/Developer","https://www.icsc.com/member/profile/799773"
"Patricia Zafferese, SLD","Urban Edge Properties","","","","","New York","Owner/Developer","https://www.icsc.com/member/profile/212191"
"Ruiwen Zhang","SJ international development","","","","","New York","Owner/Developer","https://www.icsc.com/member/profile/856875"
"Jason Autry","Prudent Growth Partners, LLC","","","","","North Carolina","Owner/Developer","https://www.icsc.com/member/profile/781658"
"Kayleigh Baker","Big V Property Group","","","","","North Carolina","Owner/Developer","https://www.icsc.com/member/profile/843336"
"Margaret Baughan","The Keith Corporation","","","","","North Carolina","Owner/Developer","https://www.icsc.com/member/profile/781358"
"Adam Bickley","Woodhaven Development Group","","","","","North Carolina","Owner/Developer","https://www.icsc.com/member/profile/707112"
"Karen Biddle","Asana Partners","","","","","North Carolina","Owner/Developer","https://www.icsc.com/member/profile/804540"
"Chester Bissell","Big V Property Group","","","","","North Carolina","Owner/Developer","https://www.icsc.com/member/profile/849808"
"Brad Bisser","Big V Property Group","","","","","North Carolina","Owner/Developer","https://www.icsc.com/member/profile/824294"
"Seth Black","Asana Partners","","","","","North Carolina","Owner/Developer","https://www.icsc.com/member/profile/672226"
"William Blount","GoodwinCo","","","","","North Carolina","Owner/Developer","https://www.icsc.com/member/profile/824628"
"Matthew Bourassa","Tanger","","","","","North Carolina","Owner/Developer","https://www.icsc.com/member/profile/838581"
"Jim Braithwaite","Allis Holdings LLC.","","","","","North Carolina","Owner/Developer","https://www.icsc.com/member/profile/796296"
"Michael Brame","Green Eyed Ventures, LLC","","","","","North Carolina","Owner/Developer","https://www.icsc.com/member/profile/307313"
"Brad Breitling","Tanger","","","","","North Carolina","Owner/Developer","https://www.icsc.com/member/profile/423864"
"John Brinzey","Diversified Investing Group","","","","","North Carolina","Owner/Developer","https://www.icsc.com/member/profile/853142"
"David Brody","Terroir / Brody Associates","","","","","North Carolina","Owner/Developer","https://www.icsc.com/member/profile/215384"
"Martha Brown","Prudent Growth Partners, LLC","","","","","North Carolina","Owner/Developer","https://www.icsc.com/member/profile/758839"
"Seamus Byrne","Big V Property Group","","","","","North Carolina","Owner/Developer","https://www.icsc.com/member/profile/727074"
"Lee Campbell","Tanger","","","","","North Carolina","Owner/Developer","https://www.icsc.com/member/profile/804618"
"Scott Carr","Sheriff Management, LLC","","","","","North Carolina","Owner/Developer","https://www.icsc.com/member/profile/579457"
"Michael Carter","Atapco Properties","","","","","North Carolina","Owner/Developer","https://www.icsc.com/member/profile/826013"
"Prateek Chandak","The Focus Properties, Inc.","","","","","North Carolina","Owner/Developer","https://www.icsc.com/member/profile/829227"
"Brad Combs","Combs Development Company","","","","","North Carolina","Owner/Developer","https://www.icsc.com/member/profile/812882"
"Diane Coulson, CLS, CSM","Tanger","","","","","North Carolina","Owner/Developer","https://www.icsc.com/member/profile/124300"
"Jonathan Cox","Coastal First Properties, LLC","","","","","North Carolina","Owner/Developer","https://www.icsc.com/member/profile/841840"
"K.C. Creasy","Asana Partners","","","","","North Carolina","Owner/Developer","https://www.icsc.com/member/profile/672225"
"Raquel Crespo","Regency Centers","","","","","North Carolina","Owner/Developer","https://www.icsc.com/member/profile/229092"
"Shawn Cummings","VennTerra Land Development","","","","","North Carolina","Owner/Developer","https://www.icsc.com/member/profile/851290"
"Tony D'Ambrosio","Big V Property Group","","","","","North Carolina","Owner/Developer","https://www.icsc.com/member/profile/202551"
"Jessica Dalton, CLS, CRX, SLD","Tanger","","","","","North Carolina","Owner/Developer","https://www.icsc.com/member/profile/196252"
"Thomas Davis","Tanger","","","","","North Carolina","Owner/Developer","https://www.icsc.com/member/profile/262972"
"Mallory DeLucas","Big V Property Group","","","","","North Carolina","Owner/Developer","https://www.icsc.com/member/profile/857342"
"Maren Donovan","Tanger","","","","","North Carolina","Owner/Developer","https://www.icsc.com/member/profile/177517"
"Kevin Dougherty","AdVenture Development, LLC","","","","","North Carolina","Owner/Developer","https://www.icsc.com/member/profile/338239"
"George Dunn","GEMCAP Development","","","","","North Carolina","Owner/Developer","https://www.icsc.com/member/profile/608658"
"David Edmonds","Southland Companies","","","","","North Carolina","Owner/Developer","https://www.icsc.com/member/profile/783280"
"Doug Ehmann","Jetton Village Partners","","","","","North Carolina","Owner/Developer","https://www.icsc.com/member/profile/596977"
"Brent Fabbri","Big V Property Group","","","","","North Carolina","Owner/Developer","https://www.icsc.com/member/profile/620893"
"Talia Fine","Tanger","","","","","North Carolina","Owner/Developer","https://www.icsc.com/member/profile/865748"
"Tom FitzGerald","Asana Partners","","","","","North Carolina","Owner/Developer","https://www.icsc.com/member/profile/813467"
"Evans Forlidas","Marion Properties of Charlotte","","","","","North Carolina","Owner/Developer","https://www.icsc.com/member/profile/851255"
"John French","Biltmore Property Group, LLC","","","","","North Carolina","Owner/Developer","https://www.icsc.com/member/profile/496462"
"Madelyn Furr","York Development Group","","","","","North Carolina","Owner/Developer","https://www.icsc.com/member/profile/782603"
"Hugo Gilbert","Tanger","","","","","North Carolina","Owner/Developer","https://www.icsc.com/member/profile/567961"
"Rick Gnann","Ram Realty Advisors","","","","","North Carolina","Owner/Developer","https://www.icsc.com/member/profile/803074"
"Abbitt Goodwin","GoodwinCo","","","","","North Carolina","Owner/Developer","https://www.icsc.com/member/profile/196107"
"Trent Gustafson CCIM","Gustafson Partners Commercial Real Estate","","","","","North Carolina","Owner/Developer","https://www.icsc.com/member/profile/266070"
"Jerry Hahn","Prudent Growth Partners, LLC","","","","","North Carolina","Owner/Developer","https://www.icsc.com/member/profile/758838"
"Tom Hahn","Prudent Growth Partners, LLC","","","","","North Carolina","Owner/Developer","https://www.icsc.com/member/profile/755100"
"Davis Hammond","Hill Partners, Inc.","","","","","North Carolina","Owner/Developer","https://www.icsc.com/member/profile/781917"
"Grey Hanna","6S Development","","","","","North Carolina","Owner/Developer","https://www.icsc.com/member/profile/731992"
"Todd Harrelson CCIM, CLS, CRX, CSM","Cross Commercial Real Estate Group","","","","","North Carolina","Owner/Developer","https://www.icsc.com/member/profile/311849"
"Brandon Hartsell","Big V Property Group","","","","","North Carolina","Owner/Developer","https://www.icsc.com/member/profile/867745"
"Javier Hinojo","All States Equity Group LLC","","","","","North Carolina","Owner/Developer","https://www.icsc.com/member/profile/829902"
"William Hodges","Piedmont Capital","","","","","North Carolina","Owner/Developer","https://www.icsc.com/member/profile/794660"
"Cordelia Hogan","Prudent Growth Partners, LLC","","","","","North Carolina","Owner/Developer","https://www.icsc.com/member/profile/782728"
"Sara Hogan","Hill Partners, Inc.","","","","","North Carolina","Owner/Developer","https://www.icsc.com/member/profile/298026"
"David Holden","Tanger","","","","","North Carolina","Owner/Developer","https://www.icsc.com/member/profile/852238"
"Samuel B. Holder","Solid Rock Ventures, LLC","","","","","North Carolina","Owner/Developer","https://www.icsc.com/member/profile/865146"
"Samuel Holder","Solid Rock Ventures, LLC","","","","","North Carolina","Owner/Developer","https://www.icsc.com/member/profile/851253"
"Sam Holder Jr","Solid Rock Ventures, LLC","","","","","North Carolina","Owner/Developer","https://www.icsc.com/member/profile/195421"
"Marcia Homer","Tanger","","","","","North Carolina","Owner/Developer","https://www.icsc.com/member/profile/831384"
"Chip Howes","Wake Capital Property Management Group","","","","","North Carolina","Owner/Developer","https://www.icsc.com/member/profile/802830"
"Jason Hull","Aventon Companies","","","","","North Carolina","Owner/Developer","https://www.icsc.com/member/profile/841370"
"Maurice Hull","MarketPlace Management, Inc.","","","","","North Carolina","Owner/Developer","https://www.icsc.com/member/profile/139823"
"Gregory Ix","Big V Property Group","","","","","North Carolina","Owner/Developer","https://www.icsc.com/member/profile/120651"
"Joe Jackson","Metrolina Capital Partners","","","","","North Carolina","Owner/Developer","https://www.icsc.com/member/profile/619481"
"Adnan Jazairi","Sam's Holdings LLC.","","","","","North Carolina","Owner/Developer","https://www.icsc.com/member/profile/778494"
"Courtney Johnson","Big V Property Group","","","","","North Carolina","Owner/Developer","https://www.icsc.com/member/profile/789616"
"Paul Jonnet","Big V Property Group","","","","","North Carolina","Owner/Developer","https://www.icsc.com/member/profile/862025"
"Sam Judd","Asana Partners","","","","","North Carolina","Owner/Developer","https://www.icsc.com/member/profile/338844"
"Tommy Kahn","Tanger","","","","","North Carolina","Owner/Developer","https://www.icsc.com/member/profile/778358"
"Bryan Kallenberg","Big V Property Group","","","","","North Carolina","Owner/Developer","https://www.icsc.com/member/profile/633185"
"Brad Kantrowitz","Asana Partners","","","","","North Carolina","Owner/Developer","https://www.icsc.com/member/profile/733281"
"Harrison Kazlauskas","Big V Property Group","","","","","North Carolina","Owner/Developer","https://www.icsc.com/member/profile/849809"
"Kristine Kelly","Tanger","","","","","North Carolina","Owner/Developer","https://www.icsc.com/member/profile/413634"
"Sam Khatib","Olive Tree Development","","","","","North Carolina","Owner/Developer","https://www.icsc.com/member/profile/851266"
"JoLyn Khoury","Big V Property Group","","","","","North Carolina","Owner/Developer","https://www.icsc.com/member/profile/780394"
"Nolan Kirkman","VennTerra Land Development","","","","","North Carolina","Owner/Developer","https://www.icsc.com/member/profile/851214"
"Valli Kodali","KAAVU Partners","","","","","North Carolina","Owner/Developer","https://www.icsc.com/member/profile/391979"
"Juliana Kohler","Kick Ass Concepts","","","","","North Carolina","Owner/Developer","https://www.icsc.com/member/profile/697863"
"Zack Kosofsky","Woodhaven Development Group","","","","","North Carolina","Owner/Developer","https://www.icsc.com/member/profile/457210"
"William Kotis III, CLS, CMD, CRX, CSM","Kick Ass Concepts","","","","","North Carolina","Owner/Developer","https://www.icsc.com/member/profile/141685"
"Reed Kracke","Asana Partners","","","","","North Carolina","Owner/Developer","https://www.icsc.com/member/profile/571795"
"Todd Lambert","VennTerra Land Development","","","","","North Carolina","Owner/Developer","https://www.icsc.com/member/profile/851291"
"Lynda Lange","The Magnolia Companies","","","","","North Carolina","Owner/Developer","https://www.icsc.com/member/profile/159469"
"Stephanie Lanier","Golden Ventures","","","","","North Carolina","Owner/Developer","https://www.icsc.com/member/profile/850778"
"Daniel Levine","Levine Properties","","","","","North Carolina","Owner/Developer","https://www.icsc.com/member/profile/854840"
"Wendell Long","Diversified Investing Group","","","","","North Carolina","Owner/Developer","https://www.icsc.com/member/profile/853141"
"Dean Lumish","Big V Property Group","","","","","North Carolina","Owner/Developer","https://www.icsc.com/member/profile/824293"
"Thomas Lynde","Woodhaven Development Group","","","","","North Carolina","Owner/Developer","https://www.icsc.com/member/profile/815320"
"Daniel Malino","Levine Properties","","","","","North Carolina","Owner/Developer","https://www.icsc.com/member/profile/853716"
"Bibbit Mason","Tanger","","","","","North Carolina","Owner/Developer","https://www.icsc.com/member/profile/438720"
"Matt McCoy","Madison Commercial, LLC","","","","","North Carolina","Owner/Developer","https://www.icsc.com/member/profile/865462"
"Cassie McCrain","Barings","","","","","North Carolina","Owner/Developer","https://www.icsc.com/member/profile/751883"
"Frank McDonald","Big V Property Group","","","","","North Carolina","Owner/Developer","https://www.icsc.com/member/profile/845673"
"Doug McDonald","Tanger","","","","","North Carolina","Owner/Developer","https://www.icsc.com/member/profile/804721"
"Mark McDonnell","AdVenture Development, LLC","","","","","North Carolina","Owner/Developer","https://www.icsc.com/member/profile/642097"
"Franklin McGowan","Prudent Growth Partners, LLC","","","","","North Carolina","Owner/Developer","https://www.icsc.com/member/profile/816530"
"Kenton McKeehan","Big V Property Group","","","","","North Carolina","Owner/Developer","https://www.icsc.com/member/profile/111388"
"Emanuel Mendoza","Big V Property Group","","","","","North Carolina","Owner/Developer","https://www.icsc.com/member/profile/830323"
"Casey Miller","Oriel Properties and Investments, Inc.","","","","","North Carolina","Owner/Developer","https://www.icsc.com/member/profile/775373"
"Trey Morgan","The Morgan Companies","","","","","North Carolina","Owner/Developer","https://www.icsc.com/member/profile/264440"
"Rose Muasau","Tanger","","","","","North Carolina","Owner/Developer","https://www.icsc.com/member/profile/859494"
"Jim Murray","VennTerra Land Development","","","","","North Carolina","Owner/Developer","https://www.icsc.com/member/profile/851292"
"Matt Muse","Asana Partners","","","","","North Carolina","Owner/Developer","https://www.icsc.com/member/profile/662871"
"Wendy Nabors","Grubb Ventures","","","","","North Carolina","Owner/Developer","https://www.icsc.com/member/profile/377052"
"Joe O'Brien","Zapolski Real Estate, LLC","","","","","North Carolina","Owner/Developer","https://www.icsc.com/member/profile/853502"
"Julie O'Donnell","Big V Property Group","","","","","North Carolina","Owner/Developer","https://www.icsc.com/member/profile/144160"
"James O'Malley","O'Malley Development, LLC","","","","","North Carolina","Owner/Developer","https://www.icsc.com/member/profile/554983"
"Parker Owen","Prudent Growth Partners, LLC","","","","","North Carolina","Owner/Developer","https://www.icsc.com/member/profile/850721"
"Akshar Patel","AP Holdings Group","","","","","North Carolina","Owner/Developer","https://www.icsc.com/member/profile/854066"
"Dhruvin Patel","RH developments of SC LLC","","","","","North Carolina","Owner/Developer","https://www.icsc.com/member/profile/784126"
"Alexis Pattison","Prudent Growth Partners, LLC","","","","","North Carolina","Owner/Developer","https://www.icsc.com/member/profile/848291"
"Dreyson Phillips","Great Meadows, LLC","","","","","North Carolina","Owner/Developer","https://www.icsc.com/member/profile/804235"
"David Pierce","Prudent Growth Partners, LLC","","","","","North Carolina","Owner/Developer","https://www.icsc.com/member/profile/822340"
"David Pierce","Prudent Growth Partners, LLC","","","","","North Carolina","Owner/Developer","https://www.icsc.com/member/profile/782726"
"Tom Polczynski","Tanger","","","","","North Carolina","Owner/Developer","https://www.icsc.com/member/profile/178261"
"Will Ponder","Asana Partners","","","","","North Carolina","Owner/Developer","https://www.icsc.com/member/profile/610707"
"Gordon Poulsen","Forsyth Investments Company, LLC","","","","","North Carolina","Owner/Developer","https://www.icsc.com/member/profile/568696"
"Melissa Prosky","Tanger","","","","","North Carolina","Owner/Developer","https://www.icsc.com/member/profile/495394"
"Trent Ragland","Atlas Stark Holdings, LLC","","","","","North Carolina","Owner/Developer","https://www.icsc.com/member/profile/850846"
"Jason Richardson","Colson Park Capital","","","","","North Carolina","Owner/Developer","https://www.icsc.com/member/profile/804358"
"Gary Rogers","D.H. Griffin Construction","","","","","North Carolina","Owner/Developer","https://www.icsc.com/member/profile/567599"
"Jennifer Rondholz","Tanger","","","","","North Carolina","Owner/Developer","https://www.icsc.com/member/profile/481069"
"Bill Rooney","Hill Partners, Inc.","","","","","North Carolina","Owner/Developer","https://www.icsc.com/member/profile/173676"
"Mike Rosenberg","Big V Property Group","","","","","North Carolina","Owner/Developer","https://www.icsc.com/member/profile/641940"
"Jeffrey Rosenberg","Big V Property Group","","","","","North Carolina","Owner/Developer","https://www.icsc.com/member/profile/176308"
"Matt Sabroff","Tanger","","","","","North Carolina","Owner/Developer","https://www.icsc.com/member/profile/843433"
"Robert Settle CCIM","Commercial Carolina","","","","","North Carolina","Owner/Developer","https://www.icsc.com/member/profile/727272"
"jonathan shanks","Helping Hand Investment Group LLC","","","","","North Carolina","Owner/Developer","https://www.icsc.com/member/profile/833492"
"John Shell Jr","The Centurion Companies","","","","","North Carolina","Owner/Developer","https://www.icsc.com/member/profile/314279"
"Laura Simmons","Tanger","","","","","North Carolina","Owner/Developer","https://www.icsc.com/member/profile/499468"
"Bryant Siragusa","Tanger","","","","","North Carolina","Owner/Developer","https://www.icsc.com/member/profile/180148"
"Ryan Smalley","Big V Property Group","","","","","North Carolina","Owner/Developer","https://www.icsc.com/member/profile/321970"
"Chris Sneeden","Longleaf Development, LLC","","","","","North Carolina","Owner/Developer","https://www.icsc.com/member/profile/587088"
"Jack Somers","Winning Link Property Resources, Inc","","","","","North Carolina","Owner/Developer","https://www.icsc.com/member/profile/546142"
"Robert Spratt Jr, CLS, CRX","Hill Partners, Inc.","","","","","North Carolina","Owner/Developer","https://www.icsc.com/member/profile/131158"
"Skylar Staib","Big V Property Group","","","","","North Carolina","Owner/Developer","https://www.icsc.com/member/profile/838657"
"Taryn Stetson","The Keith Corporation","","","","","North Carolina","Owner/Developer","https://www.icsc.com/member/profile/847734"
"Jonathan Stewart Jr","The Morgan Companies","","","","","North Carolina","Owner/Developer","https://www.icsc.com/member/profile/792763"
"Olivia Summerford","Asana Partners","","","","","North Carolina","Owner/Developer","https://www.icsc.com/member/profile/779007"
"Jeff Surrency","The Morgan Companies","","","","","North Carolina","Owner/Developer","https://www.icsc.com/member/profile/154218"
"Ron Sutphin Jr","BayFront Development LLC","","","","","North Carolina","Owner/Developer","https://www.icsc.com/member/profile/532444"
"David Swift","Kotis Properties  Inc.","","","","","North Carolina","Owner/Developer","https://www.icsc.com/member/profile/782962"
"Leah Sykes","Prudent Growth Partners, LLC","","","","","North Carolina","Owner/Developer","https://www.icsc.com/member/profile/870725"
"Hilda Tajalli","Tanger","","","","","North Carolina","Owner/Developer","https://www.icsc.com/member/profile/736971"
"Derrick Taub","Metro Pinnacle","","","","","North Carolina","Owner/Developer","https://www.icsc.com/member/profile/604451"
"Kurt Taylor","Golden Ventures","","","","","North Carolina","Owner/Developer","https://www.icsc.com/member/profile/850845"
"Chris Vasbinder","New South Properties of the Carolinas, LLC","","","","","North Carolina","Owner/Developer","https://www.icsc.com/member/profile/257738"
"Steve Vinson","The Magnolia Companies","","","","","North Carolina","Owner/Developer","https://www.icsc.com/member/profile/264601"
"Ashley Ward","Tanger","","","","","North Carolina","Owner/Developer","https://www.icsc.com/member/profile/796150"
"Michaela Ward","Big V Property Group","","","","","North Carolina","Owner/Developer","https://www.icsc.com/member/profile/782934"
"Josh Watkins","Hill Partners, Inc.","","","","","North Carolina","Owner/Developer","https://www.icsc.com/member/profile/803464"
"Frank Weaver","Weaver Commercial Properties","","","","","North Carolina","Owner/Developer","https://www.icsc.com/member/profile/379244"
"Tom Webb","Fairmont Associates, LLC","","","","","North Carolina","Owner/Developer","https://www.icsc.com/member/profile/869366"
"Alex Weik","Harris Development Partners","","","","","North Carolina","Owner/Developer","https://www.icsc.com/member/profile/813822"
"Chris Widmayer","Regency Centers","","","","","North Carolina","Owner/Developer","https://www.icsc.com/member/profile/271760"
"Paul Williams","GEMCAP Development","","","","","North Carolina","Owner/Developer","https://www.icsc.com/member/profile/849963"
"Curtis Williams","Pulliam Properties, Inc.","","","","","North Carolina","Owner/Developer","https://www.icsc.com/member/profile/756934"
"James Wilson Jr","Pulliam Properties, Inc.","","","","","North Carolina","Owner/Developer","https://www.icsc.com/member/profile/756933"
"Shari Wolk","Big V Property Group","","","","","North Carolina","Owner/Developer","https://www.icsc.com/member/profile/789690"
"Lance Wood","Kick Ass Concepts","","","","","North Carolina","Owner/Developer","https://www.icsc.com/member/profile/739533"
"Jonathon Wylie","The Morgan Companies","","","","","North Carolina","Owner/Developer","https://www.icsc.com/member/profile/781116"
"Stephen Yalof","Tanger","","","","","North Carolina","Owner/Developer","https://www.icsc.com/member/profile/148379"
"Eric Zimmermann","Big V Property Group","","","","","North Carolina","Owner/Developer","https://www.icsc.com/member/profile/121193"
"Tom Christianson","Christianson Companies","","","","","North Dakota","Owner/Developer","https://www.icsc.com/member/profile/820661"
"Gabriela Barbosa","JPMorgan Chase Bank","","","","","Ohio","Owner/Developer","https://www.icsc.com/member/profile/868288"
"Ted Barr","Woodside Health","","","","","Ohio","Owner/Developer","https://www.icsc.com/member/profile/836089"
"Jeffrey Baumgarth","The Myers Y. Cooper Company","","","","","Ohio","Owner/Developer","https://www.icsc.com/member/profile/133717"
"Jonathan Bedway","Bedway Development Corp","","","","","Ohio","Owner/Developer","https://www.icsc.com/member/profile/572282"
"Ron Beitzel","Four Seasons Land Company","","","","","Ohio","Owner/Developer","https://www.icsc.com/member/profile/853281"
"Matt Boarts","The Cafaro Company","","","","","Ohio","Owner/Developer","https://www.icsc.com/member/profile/754900"
"Albert Bogna Jr","Carnegie Management and Development Corp.","","","","","Ohio","Owner/Developer","https://www.icsc.com/member/profile/129430"
"Keith Brandt","ICP","","","","","Ohio","Owner/Developer","https://www.icsc.com/member/profile/159261"
"Chris Breda","The Myers Y. Cooper Company","","","","","Ohio","Owner/Developer","https://www.icsc.com/member/profile/795819"
"Esther Buschau","The Cafaro Company","","","","","Ohio","Owner/Developer","https://www.icsc.com/member/profile/226220"
"James Cafaro","The Cafaro Company","","","","","Ohio","Owner/Developer","https://www.icsc.com/member/profile/734108"
"Anthony Cafaro Jr","The Cafaro Company","","","","","Ohio","Owner/Developer","https://www.icsc.com/member/profile/178780"
"William Cafaro","The Cafaro Company","","","","","Ohio","Owner/Developer","https://www.icsc.com/member/profile/146921"
"Ashley Camlin","Rini Realty Company","","","","","Ohio","Owner/Developer","https://www.icsc.com/member/profile/866573"
"Melanie Cann","The Cafaro Company","","","","","Ohio","Owner/Developer","https://www.icsc.com/member/profile/637836"
"Scott Chase","The Gilbert Group, Inc. Real Estate","","","","","Ohio","Owner/Developer","https://www.icsc.com/member/profile/849118"
"Kelly Cocca","Cocca Development, Ltd","","","","","Ohio","Owner/Developer","https://www.icsc.com/member/profile/568991"
"Anthony Cocca Jr","Cocca Development, Ltd","","","","","Ohio","Owner/Developer","https://www.icsc.com/member/profile/564303"
"Anthony Cocca","Cocca Development, Ltd","","","","","Ohio","Owner/Developer","https://www.icsc.com/member/profile/265584"
"Ronald Coffman","Centerstone Development LLC","","","","","Ohio","Owner/Developer","https://www.icsc.com/member/profile/783184"
"Anthony Colucci","The Cafaro Company","","","","","Ohio","Owner/Developer","https://www.icsc.com/member/profile/755076"
"James Condon","JPMorgan Chase Bank","","","","","Ohio","Owner/Developer","https://www.icsc.com/member/profile/782136"
"Faith Constance","JPMorgan Chase Bank","","","","","Ohio","Owner/Developer","https://www.icsc.com/member/profile/802500"
"Sam Cooper","The Myers Y. Cooper Company","","","","","Ohio","Owner/Developer","https://www.icsc.com/member/profile/466193"
"Raymond Cooper II","The Myers Y. Cooper Company","","","","","Ohio","Owner/Developer","https://www.icsc.com/member/profile/104833"
"Kyle Craven","Craven","","","","","Ohio","Owner/Developer","https://www.icsc.com/member/profile/833786"
"Max Davis","Clous Road Partners","","","","","Ohio","Owner/Developer","https://www.icsc.com/member/profile/806538"
"Michael Denman","River Rock Property Group, LLC","","","","","Ohio","Owner/Developer","https://www.icsc.com/member/profile/182586"
"Matt DeWood","REdevelopers Ltd.","","","","","Ohio","Owner/Developer","https://www.icsc.com/member/profile/425249"
"Dylan Dinardo","Carnegie Companies, Inc.","","","","","Ohio","Owner/Developer","https://www.icsc.com/member/profile/751600"
"Todd Duplain","Woodard Development","","","","","Ohio","Owner/Developer","https://www.icsc.com/member/profile/804942"
"Jessi Fausett","Fairmount Properties","","","","","Ohio","Owner/Developer","https://www.icsc.com/member/profile/618526"
"Rex Fisher","Cocca Development, Ltd","","","","","Ohio","Owner/Developer","https://www.icsc.com/member/profile/783363"
"Noah Fox","Passov Group","","","","","Ohio","Owner/Developer","https://www.icsc.com/member/profile/807658"
"Marie Fox","Clous Road Partners","","","","","Ohio","Owner/Developer","https://www.icsc.com/member/profile/806298"
"Jason Gibson","Anchor Associates","","","","","Ohio","Owner/Developer","https://www.icsc.com/member/profile/315136"
"Aaron Gilbert","The Gilbert Group, Inc. Real Estate","","","","","Ohio","Owner/Developer","https://www.icsc.com/member/profile/289132"
"ANDREW GOCHENOUR","GxP Collective","","","","","Ohio","Owner/Developer","https://www.icsc.com/member/profile/796913"
"Alyssa Goist","The Cafaro Company","","","","","Ohio","Owner/Developer","https://www.icsc.com/member/profile/843774"
"Evan Gregory","Clous Road Partners","","","","","Ohio","Owner/Developer","https://www.icsc.com/member/profile/740745"
"Max Gross","OLIO Development Group","","","","","Ohio","Owner/Developer","https://www.icsc.com/member/profile/785673"
"Brian Gunnoe","OLIO Development Group","","","","","Ohio","Owner/Developer","https://www.icsc.com/member/profile/681688"
"George Hadler","Hadler Realty Co.","","","","","Ohio","Owner/Developer","https://www.icsc.com/member/profile/92042"
"William Hadler CCIM CPM","Hadler Realty Co.","","","","","Ohio","Owner/Developer","https://www.icsc.com/member/profile/414189"
"Chris Harper","Diamond Inner Circle Investments","","","","","Ohio","Owner/Developer","https://www.icsc.com/member/profile/804529"
"Blake Hasselbeck","Anchor Associates","","","","","Ohio","Owner/Developer","https://www.icsc.com/member/profile/786007"
"Daniel Herman, CDP, CRX","DMHI, LLC","","","","","Ohio","Owner/Developer","https://www.icsc.com/member/profile/104161"
"John Herrmann","The Myers Y. Cooper Company","","","","","Ohio","Owner/Developer","https://www.icsc.com/member/profile/812809"
"Thomas Howard","Anchor Associates","","","","","Ohio","Owner/Developer","https://www.icsc.com/member/profile/570397"
"Sam Hubbard","Four Corners Commercial","","","","","Ohio","Owner/Developer","https://www.icsc.com/member/profile/869568"
"Micah Kamrass","Four Corners Commercial","","","","","Ohio","Owner/Developer","https://www.icsc.com/member/profile/869569"
"Elias Kassouf","ErieView Tower LLC","","","","","Ohio","Owner/Developer","https://www.icsc.com/member/profile/717969"
"Craig Kohring","Tanger","","","","","Ohio","Owner/Developer","https://www.icsc.com/member/profile/840706"
"Andrew Kopper","The Cafaro Company","","","","","Ohio","Owner/Developer","https://www.icsc.com/member/profile/690091"
"Samuel Kragalott","The Cafaro Company","","","","","Ohio","Owner/Developer","https://www.icsc.com/member/profile/467986"
"Nicolas Langford","City of Delaware, Ohio","","","","","Ohio","Owner/Developer","https://www.icsc.com/member/profile/856909"
"Victoria Lappin","Rini Realty Company","","","","","Ohio","Owner/Developer","https://www.icsc.com/member/profile/866569"
"Jerry Lee","JVL Retail Properties, LLC","","","","","Ohio","Owner/Developer","https://www.icsc.com/member/profile/518940"
"Brett Leslie","Paradigm Development Group","","","","","Ohio","Owner/Developer","https://www.icsc.com/member/profile/800131"
"Stacie Longenette, CLS","Hadler Realty Co.","","","","","Ohio","Owner/Developer","https://www.icsc.com/member/profile/372104"
"Lindsey Madgar","The Cafaro Company","","","","","Ohio","Owner/Developer","https://www.icsc.com/member/profile/753960"
"Daniel Mancuso","The Cafaro Company","","","","","Ohio","Owner/Developer","https://www.icsc.com/member/profile/122319"
"Brian Mcgahagan","The Cafaro Company","","","","","Ohio","Owner/Developer","https://www.icsc.com/member/profile/555108"
"John McNally","Anchor Associates","","","","","Ohio","Owner/Developer","https://www.icsc.com/member/profile/852249"
"Josh Meisel","Carnegie Companies, Inc.","","","","","Ohio","Owner/Developer","https://www.icsc.com/member/profile/845616"
"Peter Meisel","Carnegie Companies, Inc.","","","","","Ohio","Owner/Developer","https://www.icsc.com/member/profile/277632"
"David Meranus","PREP Property Group","","","","","Ohio","Owner/Developer","https://www.icsc.com/member/profile/795868"
"Greg Meyer","Anchor Associates","","","","","Ohio","Owner/Developer","https://www.icsc.com/member/profile/345859"
"William Miklandric Jr","The Cafaro Company","","","","","Ohio","Owner/Developer","https://www.icsc.com/member/profile/347297"
"Jacob Miller","A Altman Company","","","","","Ohio","Owner/Developer","https://www.icsc.com/member/profile/636842"
"Scott Mirtes","Mirtes, LTD","","","","","Ohio","Owner/Developer","https://www.icsc.com/member/profile/607274"
"Nicholas Morgione Sr","The Cafaro Company","","","","","Ohio","Owner/Developer","https://www.icsc.com/member/profile/111593"
"Joseph Mulligan","The Cafaro Company","","","","","Ohio","Owner/Developer","https://www.icsc.com/member/profile/153723"
"Rick Munger","WestheimerRE","","","","","Ohio","Owner/Developer","https://www.icsc.com/member/profile/820605"
"Giuseppi Musumeci","The Cafaro Company","","","","","Ohio","Owner/Developer","https://www.icsc.com/member/profile/861452"
"Rita Nelson, CMD, CRX, CSM","Hill Partners, Inc.","","","","","Ohio","Owner/Developer","https://www.icsc.com/member/profile/109436"
"Michael Nolan","The Gilbert Group, Inc. Real Estate","","","","","Ohio","Owner/Developer","https://www.icsc.com/member/profile/341151"
"ERIC ONGARO","OLIO Development Group","","","","","Ohio","Owner/Developer","https://www.icsc.com/member/profile/807351"
"Lance Osborne","Osborne Capital Group","","","","","Ohio","Owner/Developer","https://www.icsc.com/member/profile/295686"
"Ryan Pavlov","The Pavlov Group LLC","","","","","Ohio","Owner/Developer","https://www.icsc.com/member/profile/742743"
"Cole Pesses","Carnegie Companies, Inc.","","","","","Ohio","Owner/Developer","https://www.icsc.com/member/profile/612854"
"Daniel Rini","Rini Realty Company","","","","","Ohio","Owner/Developer","https://www.icsc.com/member/profile/866570"
"Richard Rosenfeld","TJR Development","","","","","Ohio","Owner/Developer","https://www.icsc.com/member/profile/866508"
"Randy Ruttenberg","Fairmount Properties","","","","","Ohio","Owner/Developer","https://www.icsc.com/member/profile/211461"
"Chris Salata","Industrial Commercial Properties","","","","","Ohio","Owner/Developer","https://www.icsc.com/member/profile/732792"
"Michael Sarris","The Cafaro Company","","","","","Ohio","Owner/Developer","https://www.icsc.com/member/profile/487750"
"Fred Scalese","Carnegie Companies, Inc.","","","","","Ohio","Owner/Developer","https://www.icsc.com/member/profile/277631"
"Zachary Scheetz","The Cafaro Company","","","","","Ohio","Owner/Developer","https://www.icsc.com/member/profile/843778"
"Jared Schiff","The Schiff Real Estate Company","","","","","Ohio","Owner/Developer","https://www.icsc.com/member/profile/645437"
"Michael Schorsten","Cocca Development, Ltd","","","","","Ohio","Owner/Developer","https://www.icsc.com/member/profile/783359"
"Bill Sheely","The Cafaro Company","","","","","Ohio","Owner/Developer","https://www.icsc.com/member/profile/810185"
"Aubrey Siefert","The Cafaro Company","","","","","Ohio","Owner/Developer","https://www.icsc.com/member/profile/733897"
"Steven Speranza","Woodard Development","","","","","Ohio","Owner/Developer","https://www.icsc.com/member/profile/117308"
"Nadia Swaney","The Gilbert Group, Inc. Real Estate","","","","","Ohio","Owner/Developer","https://www.icsc.com/member/profile/777045"
"Eliza Topolosky","JPMorgan Chase Bank","","","","","Ohio","Owner/Developer","https://www.icsc.com/member/profile/801885"
"Chris Via","Clous Road Partners","","","","","Ohio","Owner/Developer","https://www.icsc.com/member/profile/526123"
"Jake Warm","Four Corners Commercial","","","","","Ohio","Owner/Developer","https://www.icsc.com/member/profile/869566"
"Michael Wright","The Cafaro Company","","","","","Ohio","Owner/Developer","https://www.icsc.com/member/profile/755075"
"Ronald Yourstowsky","The Cafaro Company","","","","","Ohio","Owner/Developer","https://www.icsc.com/member/profile/755077"
"Harrison Zoldan","A Altman Company","","","","","Ohio","Owner/Developer","https://www.icsc.com/member/profile/772087"
"Jenna Adkins","Ashton Gray","","","","","Oklahoma","Owner/Developer","https://www.icsc.com/member/profile/807977"
"David Armstrong","Geddes-Armstrong Construction","","","","","Oklahoma","Owner/Developer","https://www.icsc.com/member/profile/787469"
"Blaine Armstrong","Geddes-Armstrong Construction","","","","","Oklahoma","Owner/Developer","https://www.icsc.com/member/profile/698163"
"Josh Atkinson","J&T Holdings, LLC","","","","","Oklahoma","Owner/Developer","https://www.icsc.com/member/profile/782129"
"Marcus Bivines","BG Infinity Capital, LLC","","","","","Oklahoma","Owner/Developer","https://www.icsc.com/member/profile/849528"
"Bruce Bolzle","KMO Development Group, Inc.","","","","","Oklahoma","Owner/Developer","https://www.icsc.com/member/profile/152289"
"JIm Brackett","Showcase Properties, Inc","","","","","Oklahoma","Owner/Developer","https://www.icsc.com/member/profile/809300"
"Justin Dill","D.D.D.D. Corp","","","","","Oklahoma","Owner/Developer","https://www.icsc.com/member/profile/538570"
"Blake Fabian","Zerby Interests","","","","","Oklahoma","Owner/Developer","https://www.icsc.com/member/profile/727033"
"Jack Geurkink","Ashton Gray","","","","","Oklahoma","Owner/Developer","https://www.icsc.com/member/profile/852403"
"Mason Ghaniabadi","Spark Properties Group","","","","","Oklahoma","Owner/Developer","https://www.icsc.com/member/profile/718537"
"Robert Hefner","The Hefner Family Office","","","","","Oklahoma","Owner/Developer","https://www.icsc.com/member/profile/832514"
"Grayson Hume","Spark Properties Group","","","","","Oklahoma","Owner/Developer","https://www.icsc.com/member/profile/868131"
"Brian Hunt","Cherokee Nation Businesses","","","","","Oklahoma","Owner/Developer","https://www.icsc.com/member/profile/841020"
"Brian Hunt CCIM","Cherokee Nation Businesses","","","","","Oklahoma","Owner/Developer","https://www.icsc.com/member/profile/609342"
"Kendall Jones","Ashton Gray","","","","","Oklahoma","Owner/Developer","https://www.icsc.com/member/profile/859040"
"Nick Lewis","Zerby Interests","","","","","Oklahoma","Owner/Developer","https://www.icsc.com/member/profile/822476"
"Garrett Mahaney","Paine & Associates","","","","","Oklahoma","Owner/Developer","https://www.icsc.com/member/profile/571614"
"Matt Mardis","Paine & Associates","","","","","Oklahoma","Owner/Developer","https://www.icsc.com/member/profile/355485"
"Lawrence Mason","Peoria Tribe of Indians of Oklhaoma","","","","","Oklahoma","Owner/Developer","https://www.icsc.com/member/profile/862195"
"Phillip Mazaheri","Mazaheri Properties","","","","","Oklahoma","Owner/Developer","https://www.icsc.com/member/profile/870580"
"Ryan McNeill","Veritas Development","","","","","Oklahoma","Owner/Developer","https://www.icsc.com/member/profile/727858"
"Anthony MIRZAIE","WestPoint Group","","","","","Oklahoma","Owner/Developer","https://www.icsc.com/member/profile/823561"
"Mark B. Perkins","Perkins Development Corporation","","","","","Oklahoma","Owner/Developer","https://www.icsc.com/member/profile/847357"
"Chivanon Piyaphitakskul","Roberts Properties, LLC","","","","","Oklahoma","Owner/Developer","https://www.icsc.com/member/profile/866117"
"Whitney Rainbolt","Medallion Management","","","","","Oklahoma","Owner/Developer","https://www.icsc.com/member/profile/499644"
"Michael Rapella","Newmark","","","","","Oklahoma","Owner/Developer","https://www.icsc.com/member/profile/561669"
"Jeffrey Roberts CCIM","Roberts Properties, LLC","","","","","Oklahoma","Owner/Developer","https://www.icsc.com/member/profile/620082"
"Adam Russell","34th Street Partners","","","","","Oklahoma","Owner/Developer","https://www.icsc.com/member/profile/855874"
"Brad Shipp","Ashton Gray","","","","","Oklahoma","Owner/Developer","https://www.icsc.com/member/profile/835457"
"Tanner Sparks","Medallion Management","","","","","Oklahoma","Owner/Developer","https://www.icsc.com/member/profile/847213"
"Brad Waken CCIM, CLS, CRRP, CRX, CSM","Waken and Company","","","","","Oklahoma","Owner/Developer","https://www.icsc.com/member/profile/488379"
"Jamie Williams","Peoria Tribe of Indians of Oklhaoma","","","","","Oklahoma","Owner/Developer","https://www.icsc.com/member/profile/862197"
"Dale Williams","INTERVEST MANAGEMENT","","","","","Oklahoma","Owner/Developer","https://www.icsc.com/member/profile/860184"
"Terryl Zerby","Zerby Interests","","","","","Oklahoma","Owner/Developer","https://www.icsc.com/member/profile/98184"
"Leo Adewusi","Cole Valley Partners","","","","","Oregon","Owner/Developer","https://www.icsc.com/member/profile/857403"
"Tom Becker","Becker Properties","","","","","Oregon","Owner/Developer","https://www.icsc.com/member/profile/806784"
"Braden Bernards","Cole Valley Partners","","","","","Oregon","Owner/Developer","https://www.icsc.com/member/profile/730172"
"Zach Bonsall","Cole Valley Partners","","","","","Oregon","Owner/Developer","https://www.icsc.com/member/profile/624551"
"Rutuja Dhuru","Cole Valley Partners","","","","","Oregon","Owner/Developer","https://www.icsc.com/member/profile/800239"
"Brooke Dunahugh","Cole Valley Partners","","","","","Oregon","Owner/Developer","https://www.icsc.com/member/profile/797783"
"Rachel Fajardo","Regency Centers","","","","","Oregon","Owner/Developer","https://www.icsc.com/member/profile/841087"
"Matteo Gallo","Cole Valley Partners","","","","","Oregon","Owner/Developer","https://www.icsc.com/member/profile/785392"
"Thomas Kilbane","Urban Renaissance Group","","","","","Oregon","Owner/Developer","https://www.icsc.com/member/profile/787698"
"Peter McCaffrey","The Old Mill District","","","","","Oregon","Owner/Developer","https://www.icsc.com/member/profile/710619"
"Shahram Moussavi","Steerpoint Capital","","","","","Oregon","Owner/Developer","https://www.icsc.com/member/profile/236328"
"Ryan Ramey","Cole Valley Partners","","","","","Oregon","Owner/Developer","https://www.icsc.com/member/profile/655346"
"Craig Ramey","HCR Development, LLC","","","","","Oregon","Owner/Developer","https://www.icsc.com/member/profile/141396"
"John Reinholt","Retail Capital Partners, LLC","","","","","Oregon","Owner/Developer","https://www.icsc.com/member/profile/104806"
"Mitchell Reynolds","Cole Valley Partners","","","","","Oregon","Owner/Developer","https://www.icsc.com/member/profile/778646"
"Daniel Silvey","The Silvey Company","","","","","Oregon","Owner/Developer","https://www.icsc.com/member/profile/803397"
"Jack Steinhauer","LRG Investors","","","","","Oregon","Owner/Developer","https://www.icsc.com/member/profile/368430"
"Brooke Subert","Subert Commercial Real Estate","","","","","Oregon","Owner/Developer","https://www.icsc.com/member/profile/672865"
"Liz Bapasola","Champion Investment Properties LLC","","","","","Pennsylvania","Owner/Developer","https://www.icsc.com/member/profile/829590"
"Sam Bapasola","Champion Investment Properties LLC","","","","","Pennsylvania","Owner/Developer","https://www.icsc.com/member/profile/754259"
"Dennis Bower","Perform Properties","","","","","Pennsylvania","Owner/Developer","https://www.icsc.com/member/profile/722796"
"Charles Bragitikos","Vibrant Development Group LLC","","","","","Pennsylvania","Owner/Developer","https://www.icsc.com/member/profile/154144"
"Liza Bresson","Franklin Penn Real Estate (FPRE)","","","","","Pennsylvania","Owner/Developer","https://www.icsc.com/member/profile/834540"
"Ryan Byler, CRRP","Perform Properties","","","","","Pennsylvania","Owner/Developer","https://www.icsc.com/member/profile/487961"
"James Byszewski","Fifth Street Properties","","","","","Pennsylvania","Owner/Developer","https://www.icsc.com/member/profile/848955"
"Neil Cain","Federal Realty","","","","","Pennsylvania","Owner/Developer","https://www.icsc.com/member/profile/783800"
"Scott Carver CPA","Tanger","","","","","Pennsylvania","Owner/Developer","https://www.icsc.com/member/profile/665369"
"John Cogan","Summit Realty Advisors","","","","","Pennsylvania","Owner/Developer","https://www.icsc.com/member/profile/708230"
"Bryan Cole","Motus Development","","","","","Pennsylvania","Owner/Developer","https://www.icsc.com/member/profile/743970"
"Michael Connor","Hanna CRE","","","","","Pennsylvania","Owner/Developer","https://www.icsc.com/member/profile/845810"
"Joseph DePascale","Summerwood Corporation","","","","","Pennsylvania","Owner/Developer","https://www.icsc.com/member/profile/683344"
"Chris DiSanto","J.C. BAR","","","","","Pennsylvania","Owner/Developer","https://www.icsc.com/member/profile/639379"
"Nicolas DiSanto","J.C. BAR","","","","","Pennsylvania","Owner/Developer","https://www.icsc.com/member/profile/626658"
"Mark DiSanto","J.C. BAR","","","","","Pennsylvania","Owner/Developer","https://www.icsc.com/member/profile/385538"
"James Dotson, CLS","Federal Realty","","","","","Pennsylvania","Owner/Developer","https://www.icsc.com/member/profile/605867"
"Richard Dreher","The Dreher Group","","","","","Pennsylvania","Owner/Developer","https://www.icsc.com/member/profile/105147"
"Chris Egan","Hightop Real Estate and Development","","","","","Pennsylvania","Owner/Developer","https://www.icsc.com/member/profile/692203"
"Daniel Feinberg","Terravet Real Estate","","","","","Pennsylvania","Owner/Developer","https://www.icsc.com/member/profile/830880"
"Tawny Finch","Federal Realty","","","","","Pennsylvania","Owner/Developer","https://www.icsc.com/member/profile/443231"
"Jeffrey Fischer","Federal Realty","","","","","Pennsylvania","Owner/Developer","https://www.icsc.com/member/profile/153866"
"Chris Fleming","Federal Realty","","","","","Pennsylvania","Owner/Developer","https://www.icsc.com/member/profile/571309"
"Gary Friedland","Perform Properties","","","","","Pennsylvania","Owner/Developer","https://www.icsc.com/member/profile/380434"
"Christopher Gilchrist","Crown Real Estate Holdings LLC","","","","","Pennsylvania","Owner/Developer","https://www.icsc.com/member/profile/724834"
"Angela Gillot","Piatt Companies","","","","","Pennsylvania","Owner/Developer","https://www.icsc.com/member/profile/865920"
"Brock Glimcher","Glimcher Group","","","","","Pennsylvania","Owner/Developer","https://www.icsc.com/member/profile/301584"
"Robert Gothier Jr","J.C. BAR","","","","","Pennsylvania","Owner/Developer","https://www.icsc.com/member/profile/139494"
"Robert Gothier III","J.C. BAR","","","","","Pennsylvania","Owner/Developer","https://www.icsc.com/member/profile/780525"
"Jonathan Gottlieb","Summit Realty Advisors","","","","","Pennsylvania","Owner/Developer","https://www.icsc.com/member/profile/788609"
"Dan Gring","Motus Development","","","","","Pennsylvania","Owner/Developer","https://www.icsc.com/member/profile/811103"
"Brian Halligan","MEH Investments","","","","","Pennsylvania","Owner/Developer","https://www.icsc.com/member/profile/684247"
"Taylor Hardy","Hardy World LLC","","","","","Pennsylvania","Owner/Developer","https://www.icsc.com/member/profile/759730"
"Kevin Healey","Goldfine & Company","","","","","Pennsylvania","Owner/Developer","https://www.icsc.com/member/profile/533603"
"Colin Hodgson","J.C. BAR","","","","","Pennsylvania","Owner/Developer","https://www.icsc.com/member/profile/834581"
"Jeffrey Hoffman CCIM, CLS, CRRP, CRX","JPH Realty Advisors","","","","","Pennsylvania","Owner/Developer","https://www.icsc.com/member/profile/524227"
"Marcella Hudson","Perform Properties","","","","","Pennsylvania","Owner/Developer","https://www.icsc.com/member/profile/412892"
"Louis Intile","Fifth Street Properties","","","","","Pennsylvania","Owner/Developer","https://www.icsc.com/member/profile/848973"
"Jon Mehrdad Jahanshahi","PrimeCore Properties LLC","","","","","Pennsylvania","Owner/Developer","https://www.icsc.com/member/profile/830865"
"Jon Jahanshahi","HFL Corporation","","","","","Pennsylvania","Owner/Developer","https://www.icsc.com/member/profile/778732"
"Holly Jaroslaw","Perform Properties","","","","","Pennsylvania","Owner/Developer","https://www.icsc.com/member/profile/707985"
"Gregory Jones","J.C. BAR","","","","","Pennsylvania","Owner/Developer","https://www.icsc.com/member/profile/780218"
"Adam Joyce","Hanna CRE","","","","","Pennsylvania","Owner/Developer","https://www.icsc.com/member/profile/784724"
"Brian Kerr","Hanna CRE","","","","","Pennsylvania","Owner/Developer","https://www.icsc.com/member/profile/91325"
"Ara Kervandjian","PrimeCore Properties LLC","","","","","Pennsylvania","Owner/Developer","https://www.icsc.com/member/profile/830867"
"Eric Lamm","Hanna CRE","","","","","Pennsylvania","Owner/Developer","https://www.icsc.com/member/profile/767948"
"David Landskroner","Hightop Real Estate and Development","","","","","Pennsylvania","Owner/Developer","https://www.icsc.com/member/profile/843803"
"Helen Latchford","J.C. BAR","","","","","Pennsylvania","Owner/Developer","https://www.icsc.com/member/profile/791919"
"Melissa Lippe","J.C. BAR","","","","","Pennsylvania","Owner/Developer","https://www.icsc.com/member/profile/782746"
"Peter Maggio","Perform Properties","","","","","Pennsylvania","Owner/Developer","https://www.icsc.com/member/profile/272646"
"Robyn Marano","Regency Centers","","","","","Pennsylvania","Owner/Developer","https://www.icsc.com/member/profile/367077"
"Daniel Marrazzo","Laundry Properties LLC","","","","","Pennsylvania","Owner/Developer","https://www.icsc.com/member/profile/805816"
"Brian McAluney","Perform Properties","","","","","Pennsylvania","Owner/Developer","https://www.icsc.com/member/profile/367508"
"Brett Michaels","J.C. BAR","","","","","Pennsylvania","Owner/Developer","https://www.icsc.com/member/profile/757786"
"Brian Miller","First Link, LLC","","","","","Pennsylvania","Owner/Developer","https://www.icsc.com/member/profile/807979"
"Michael Moidel","Glimcher Group","","","","","Pennsylvania","Owner/Developer","https://www.icsc.com/member/profile/733440"
"Nathan Muchnick","Muchnick Properties, LLC","","","","","Pennsylvania","Owner/Developer","https://www.icsc.com/member/profile/803107"
"Lincoln Muchnick","Muchnick Properties, LLC","","","","","Pennsylvania","Owner/Developer","https://www.icsc.com/member/profile/803106"
"Cathy Painter","J.C. BAR","","","","","Pennsylvania","Owner/Developer","https://www.icsc.com/member/profile/619703"
"Louis Pappan","First Link, LLC","","","","","Pennsylvania","Owner/Developer","https://www.icsc.com/member/profile/383745"
"Krishnakant Patel","K and J Real Estate,LLC","","","","","Pennsylvania","Owner/Developer","https://www.icsc.com/member/profile/860723"
"Pinank Patel","Sigma Hospitality Group","","","","","Pennsylvania","Owner/Developer","https://www.icsc.com/member/profile/812790"
"Jay Patel","K and J Real Estate,LLC","","","","","Pennsylvania","Owner/Developer","https://www.icsc.com/member/profile/787585"
"Krishnakant Patel","K and J Real Estate,LLC","","","","","Pennsylvania","Owner/Developer","https://www.icsc.com/member/profile/718730"
"Jeffrey Paul","Paul Property Management","","","","","Pennsylvania","Owner/Developer","https://www.icsc.com/member/profile/797950"
"Lucas Piatt","Piatt Companies","","","","","Pennsylvania","Owner/Developer","https://www.icsc.com/member/profile/316881"
"Richard Poillon","Willow Valley Associates, Inc.","","","","","Pennsylvania","Owner/Developer","https://www.icsc.com/member/profile/374013"
"Craig Polard","Hanna CRE","","","","","Pennsylvania","Owner/Developer","https://www.icsc.com/member/profile/315222"
"LaVonne Poteet","Sunstone, Inc.","","","","","Pennsylvania","Owner/Developer","https://www.icsc.com/member/profile/200188"
"Chip Pressman","C.S.P. Realty Corp.","","","","","Pennsylvania","Owner/Developer","https://www.icsc.com/member/profile/147070"
"Tom Rectenwald","Rectenwald Development, LLC.","","","","","Pennsylvania","Owner/Developer","https://www.icsc.com/member/profile/617218"
"Erika Reed","The Dreher Group","","","","","Pennsylvania","Owner/Developer","https://www.icsc.com/member/profile/716905"
"Kevin J Riley","Totum Realty Advisors","","","","","Pennsylvania","Owner/Developer","https://www.icsc.com/member/profile/856092"
"John Rodgers","K and J Real Estate,LLC","","","","","Pennsylvania","Owner/Developer","https://www.icsc.com/member/profile/524840"
"Angad Sandhoo","Sandhoo's Inc","","","","","Pennsylvania","Owner/Developer","https://www.icsc.com/member/profile/820216"
"Howard Savage","B & M Commercial Leasing","","","","","Pennsylvania","Owner/Developer","https://www.icsc.com/member/profile/147037"
"Alex Sayed","NEPA Ventures LLC","","","","","Pennsylvania","Owner/Developer","https://www.icsc.com/member/profile/812868"
"David Sherin, CLS","Regency Centers","","","","","Pennsylvania","Owner/Developer","https://www.icsc.com/member/profile/321715"
"Yoav Shiffman","JPH Realty Advisors","","","","","Pennsylvania","Owner/Developer","https://www.icsc.com/member/profile/866860"
"Tilak Singh","LOTUS GROWTH PROPERTIES LLC","","","","","Pennsylvania","Owner/Developer","https://www.icsc.com/member/profile/758668"
"Kevin Snelbaker","Kinsley Properties","","","","","Pennsylvania","Owner/Developer","https://www.icsc.com/member/profile/843909"
"Barry Snyder","BLS Management LLC","","","","","Pennsylvania","Owner/Developer","https://www.icsc.com/member/profile/810246"
"Joseph Stanley","First Hartford Realty Corporation","","","","","Pennsylvania","Owner/Developer","https://www.icsc.com/member/profile/381809"
"Manny Steiner","Ingka Centres Services AB","","","","","Pennsylvania","Owner/Developer","https://www.icsc.com/member/profile/339388"
"John Stokes","Glimcher Group","","","","","Pennsylvania","Owner/Developer","https://www.icsc.com/member/profile/356347"
"Steve Tornetta","LFT Realty Group, Inc.","","","","","Pennsylvania","Owner/Developer","https://www.icsc.com/member/profile/869101"
"Matthew Vender","Perform Properties","","","","","Pennsylvania","Owner/Developer","https://www.icsc.com/member/profile/789039"
"Philip Voutsakis","Winig Properties","","","","","Pennsylvania","Owner/Developer","https://www.icsc.com/member/profile/641265"
"Darwin Walker","Darwin Walker Properties, LLC","","","","","Pennsylvania","Owner/Developer","https://www.icsc.com/member/profile/788015"
"Greg Werstil","The Werstil Companies","","","","","Pennsylvania","Owner/Developer","https://www.icsc.com/member/profile/831385"
"Greg Werstil","The Werstil Companies","","","","","Pennsylvania","Owner/Developer","https://www.icsc.com/member/profile/723547"
"James Wilding Jr","JABE Companies LLC","","","","","Pennsylvania","Owner/Developer","https://www.icsc.com/member/profile/217271"
"Daniel Willner","Willner Properties","","","","","Pennsylvania","Owner/Developer","https://www.icsc.com/member/profile/742875"
"Jason Winig","Winig Properties","","","","","Pennsylvania","Owner/Developer","https://www.icsc.com/member/profile/192920"
"Carl Wright PE","Wright Partners","","","","","Pennsylvania","Owner/Developer","https://www.icsc.com/member/profile/374914"
"Peter Zaharchuk","Summit Realty Advisors","","","","","Pennsylvania","Owner/Developer","https://www.icsc.com/member/profile/812770"
"Antonio Cassisi","The Greystone Group","","","","","Rhode Island","Owner/Developer","https://www.icsc.com/member/profile/638359"
"Steven Cohen","Franklin Development Funds","","","","","Rhode Island","Owner/Developer","https://www.icsc.com/member/profile/265378"
"Mark Friedman, CRRP","Fitzwilliam Companies","","","","","Rhode Island","Owner/Developer","https://www.icsc.com/member/profile/721303"
"Michael Friedman","Fitzwilliam Companies","","","","","Rhode Island","Owner/Developer","https://www.icsc.com/member/profile/719294"
"Ross Garabedian","Bliss Properties","","","","","Rhode Island","Owner/Developer","https://www.icsc.com/member/profile/827969"
"Richard Gersten","Gersten Commercial Real Estate LLC","","","","","Rhode Island","Owner/Developer","https://www.icsc.com/member/profile/835360"
"Larry Goldstein","Goldstein Associates, LLC","","","","","Rhode Island","Owner/Developer","https://www.icsc.com/member/profile/148108"
"Michael Grilo","Picerne Real Estate Group","","","","","Rhode Island","Owner/Developer","https://www.icsc.com/member/profile/226247"
"Douglas Nani","Alwoodley Realty, LLC","","","","","Rhode Island","Owner/Developer","https://www.icsc.com/member/profile/810694"
"Steven Anastasion","Baker Commercial Properties, LLC","","","","","South Carolina","Owner/Developer","https://www.icsc.com/member/profile/132895"
"Eric Aubry","Twin Rivers Capital, LLC","","","","","South Carolina","Owner/Developer","https://www.icsc.com/member/profile/834421"
"bryan baker","Baker Commercial Properties, LLC","","","","","South Carolina","Owner/Developer","https://www.icsc.com/member/profile/862925"
"Ned Barnes","Crosland Barnes Group","","","","","South Carolina","Owner/Developer","https://www.icsc.com/member/profile/105437"
"Jose Batres-Gonzalez","Insignis Partners","","","","","South Carolina","Owner/Developer","https://www.icsc.com/member/profile/850069"
"Duffy Beal","OnPoint Development","","","","","South Carolina","Owner/Developer","https://www.icsc.com/member/profile/844348"
"Scott Benedict","Falcon Real Estate","","","","","South Carolina","Owner/Developer","https://www.icsc.com/member/profile/723876"
"David Betts","Willow Capital Partners","","","","","South Carolina","Owner/Developer","https://www.icsc.com/member/profile/778408"
"Tripp Bradley","Cason Development Group","","","","","South Carolina","Owner/Developer","https://www.icsc.com/member/profile/827091"
"James Brock CCIM","Twin Rivers Capital, LLC","","","","","South Carolina","Owner/Developer","https://www.icsc.com/member/profile/662162"
"David Brown","Millrace Development, LLC","","","","","South Carolina","Owner/Developer","https://www.icsc.com/member/profile/838442"
"David Buist","VPG","","","","","South Carolina","Owner/Developer","https://www.icsc.com/member/profile/851261"
"Holly Buxton","Cason Development Group","","","","","South Carolina","Owner/Developer","https://www.icsc.com/member/profile/838548"
"Daniel Bybee","Smallwood Property Group","","","","","South Carolina","Owner/Developer","https://www.icsc.com/member/profile/832342"
"Frank Cason","Cason Development Group","","","","","South Carolina","Owner/Developer","https://www.icsc.com/member/profile/636698"
"Cathy Cauthen","EDENS","","","","","South Carolina","Owner/Developer","https://www.icsc.com/member/profile/324628"
"Wallace Cheves","Insignis Partners","","","","","South Carolina","Owner/Developer","https://www.icsc.com/member/profile/850068"
"Marshall Clarke","Warren Norman Company","","","","","South Carolina","Owner/Developer","https://www.icsc.com/member/profile/729990"
"Stuart Coleman","Highland Resources, LLC","","","","","South Carolina","Owner/Developer","https://www.icsc.com/member/profile/866926"
"James Coley","South Coast Commercial","","","","","South Carolina","Owner/Developer","https://www.icsc.com/member/profile/609389"
"Lauren Collins CCIM","Twin Rivers Capital, LLC","","","","","South Carolina","Owner/Developer","https://www.icsc.com/member/profile/477762"
"Jack Coupland","Adams Property Group, LLC","","","","","South Carolina","Owner/Developer","https://www.icsc.com/member/profile/619092"
"Matt Crosland","EDENS","","","","","South Carolina","Owner/Developer","https://www.icsc.com/member/profile/312671"
"Lyle Darnall","EDENS","","","","","South Carolina","Owner/Developer","https://www.icsc.com/member/profile/119155"
"Frank Dougherty","Cason Development Group","","","","","South Carolina","Owner/Developer","https://www.icsc.com/member/profile/671379"
"John Faris","NTT Capital LLC","","","","","South Carolina","Owner/Developer","https://www.icsc.com/member/profile/854905"
"Adam Ferrara","VPG","","","","","South Carolina","Owner/Developer","https://www.icsc.com/member/profile/851263"
"Matt Flewelling","ProperXit Investments","","","","","South Carolina","Owner/Developer","https://www.icsc.com/member/profile/852692"
"Luke Fox","Bond Street REIT","","","","","South Carolina","Owner/Developer","https://www.icsc.com/member/profile/857911"
"Mark Garside","EDENS","","","","","South Carolina","Owner/Developer","https://www.icsc.com/member/profile/371837"
"Andrea Gervacio","Tanger","","","","","South Carolina","Owner/Developer","https://www.icsc.com/member/profile/850591"
"JP Gillmeister","VPG","","","","","South Carolina","Owner/Developer","https://www.icsc.com/member/profile/850077"
"Bubby Graham","Mount Oak Capital","","","","","South Carolina","Owner/Developer","https://www.icsc.com/member/profile/867816"
"Taylor Hall","Mountain Bridge Investments","","","","","South Carolina","Owner/Developer","https://www.icsc.com/member/profile/841379"
"Brantley Hanna","Nebari River Development","","","","","South Carolina","Owner/Developer","https://www.icsc.com/member/profile/870193"
"D Frank Haygood","Franklin Ventures","","","","","South Carolina","Owner/Developer","https://www.icsc.com/member/profile/821762"
"James Hill","Warren Norman Company","","","","","South Carolina","Owner/Developer","https://www.icsc.com/member/profile/793672"
"Douglas Horack","Twin Rivers Capital, LLC","","","","","South Carolina","Owner/Developer","https://www.icsc.com/member/profile/366737"
"Brooks Host","Host Property Group","","","","","South Carolina","Owner/Developer","https://www.icsc.com/member/profile/826883"
"Scottie Hughes","Crosland Barnes Group","","","","","South Carolina","Owner/Developer","https://www.icsc.com/member/profile/563338"
"Copeland Kapp","EDENS","","","","","South Carolina","Owner/Developer","https://www.icsc.com/member/profile/338864"
"Jim Kilburn","Twin Rivers Capital, LLC","","","","","South Carolina","Owner/Developer","https://www.icsc.com/member/profile/278000"
"Ashley Kitchen","The Foxfield Company","","","","","South Carolina","Owner/Developer","https://www.icsc.com/member/profile/769092"
"Harry Kitchen","The Foxfield Company","","","","","South Carolina","Owner/Developer","https://www.icsc.com/member/profile/101787"
"Lindsey Klein","Twin Rivers Capital, LLC","","","","","South Carolina","Owner/Developer","https://www.icsc.com/member/profile/846483"
"Jeffrey Lamberson, CDP, CRX","Twin Rivers Capital, LLC","","","","","South Carolina","Owner/Developer","https://www.icsc.com/member/profile/226562"
"John Langford","Johnson Development Associates, Inc.","","","","","South Carolina","Owner/Developer","https://www.icsc.com/member/profile/805894"
"Kiki Logel","Twin Rivers Capital, LLC","","","","","South Carolina","Owner/Developer","https://www.icsc.com/member/profile/871222"
"Nathan Long","Point Place Holdings","","","","","South Carolina","Owner/Developer","https://www.icsc.com/member/profile/730127"
"Casey Lowery","Adams Property Group, LLC","","","","","South Carolina","Owner/Developer","https://www.icsc.com/member/profile/584053"
"Tyler Lusk","South Coast Commercial","","","","","South Carolina","Owner/Developer","https://www.icsc.com/member/profile/481759"
"Gregory Marcus","Manhattan South Investments","","","","","South Carolina","Owner/Developer","https://www.icsc.com/member/profile/846177"
"Rob McAlister, Jr.","Millrace Development, LLC","","","","","South Carolina","Owner/Developer","https://www.icsc.com/member/profile/678821"
"Parks McLeod","Central Realty Holdings","","","","","South Carolina","Owner/Developer","https://www.icsc.com/member/profile/804163"
"Warren Norman","Warren Norman Company","","","","","South Carolina","Owner/Developer","https://www.icsc.com/member/profile/258709"
"Henry Olano","Crosland Barnes Group","","","","","South Carolina","Owner/Developer","https://www.icsc.com/member/profile/851203"
"Josh Owens","Ziff Properties Inc.","","","","","South Carolina","Owner/Developer","https://www.icsc.com/member/profile/577643"
"Alex Parker","EDENS","","","","","South Carolina","Owner/Developer","https://www.icsc.com/member/profile/618772"
"Morgan Parker","EDENS","","","","","South Carolina","Owner/Developer","https://www.icsc.com/member/profile/583629"
"Krut Patel","The Divine Group","","","","","South Carolina","Owner/Developer","https://www.icsc.com/member/profile/796463"
"Tyler Patterson","South Coast Commercial","","","","","South Carolina","Owner/Developer","https://www.icsc.com/member/profile/801883"
"Mary Katherine Phillips","EDENS","","","","","South Carolina","Owner/Developer","https://www.icsc.com/member/profile/759565"
"John Plank Jr","The Divine Group","","","","","South Carolina","Owner/Developer","https://www.icsc.com/member/profile/796465"
"James Price","GAC MANANGEMENT LLC","","","","","South Carolina","Owner/Developer","https://www.icsc.com/member/profile/816836"
"Ernest Ravenel","ECDC Realty LLC","","","","","South Carolina","Owner/Developer","https://www.icsc.com/member/profile/808850"
"Jake Reed","Reed Commercial Ventures","","","","","South Carolina","Owner/Developer","https://www.icsc.com/member/profile/771642"
"JR Richardson","The Richardson Group","","","","","South Carolina","Owner/Developer","https://www.icsc.com/member/profile/827446"
"Collins Richardson","The Richardson Group","","","","","South Carolina","Owner/Developer","https://www.icsc.com/member/profile/826796"
"Cyndi Rovinsky, CLS, CRRP, CSM","South Coast Commercial","","","","","South Carolina","Owner/Developer","https://www.icsc.com/member/profile/182090"
"Torrey Rush","Osmium Development Group","","","","","South Carolina","Owner/Developer","https://www.icsc.com/member/profile/496328"
"Steve Sceranka","Falcon Real Estate","","","","","South Carolina","Owner/Developer","https://www.icsc.com/member/profile/771949"
"Jeffrey Schreider","The Marketplace Concept","","","","","South Carolina","Owner/Developer","https://www.icsc.com/member/profile/139434"
"J.P. Scurry","Crosland Barnes Group","","","","","South Carolina","Owner/Developer","https://www.icsc.com/member/profile/299465"
"Brett Skinner","Encore Real Estate Development","","","","","South Carolina","Owner/Developer","https://www.icsc.com/member/profile/826182"
"Rhett Spencer CCIM","PLC Commercial Real Estate LLC","","","","","South Carolina","Owner/Developer","https://www.icsc.com/member/profile/557144"
"Jason Stern","Stern Group","","","","","South Carolina","Owner/Developer","https://www.icsc.com/member/profile/532061"
"Brian Stern","Stern Group","","","","","South Carolina","Owner/Developer","https://www.icsc.com/member/profile/532060"
"Bill Stern","Stern Group","","","","","South Carolina","Owner/Developer","https://www.icsc.com/member/profile/123633"
"Brad Stutts","Cason Development Group","","","","","South Carolina","Owner/Developer","https://www.icsc.com/member/profile/848789"
"Robert Temple","Baker Commercial Properties, LLC","","","","","South Carolina","Owner/Developer","https://www.icsc.com/member/profile/584777"
"Noah Waldera","Waldera Real Estate Partners","","","","","South Carolina","Owner/Developer","https://www.icsc.com/member/profile/473360"
"Andrew Walker","Twin Rivers Capital, LLC","","","","","South Carolina","Owner/Developer","https://www.icsc.com/member/profile/846495"
"Andrea Walters","Warren Norman Company","","","","","South Carolina","Owner/Developer","https://www.icsc.com/member/profile/512401"
"Scott Watson","VPG","","","","","South Carolina","Owner/Developer","https://www.icsc.com/member/profile/851260"
"Andrea White","First National Realty Partners","","","","","South Carolina","Owner/Developer","https://www.icsc.com/member/profile/839169"
"Doug Wilkes","Southern Visions Realty","","","","","South Carolina","Owner/Developer","https://www.icsc.com/member/profile/860936"
"Gregory Wilkins","Southern Visions Realty","","","","","South Carolina","Owner/Developer","https://www.icsc.com/member/profile/592263"
"Jaime Wilson","Tanger","","","","","South Carolina","Owner/Developer","https://www.icsc.com/member/profile/850499"
"Dotan Zuckerman","Portman Holdings LLC","","","","","South Carolina","Owner/Developer","https://www.icsc.com/member/profile/525467"
"Autumn Kaufhold","Van Buskirk Companies","","","","","South Dakota","Owner/Developer","https://www.icsc.com/member/profile/782364"
"CJ Adams","V3 Realty","","","","","Tennessee","Owner/Developer","https://www.icsc.com/member/profile/834113"
"Tony Alfano","SMJ Enterprise, LLC","","","","","Tennessee","Owner/Developer","https://www.icsc.com/member/profile/817742"
"Felice Arredondo","The Parkes Companies, Inc.","","","","","Tennessee","Owner/Developer","https://www.icsc.com/member/profile/850600"
"Mark Banks","Retail Partners Development, LLC","","","","","Tennessee","Owner/Developer","https://www.icsc.com/member/profile/182158"
"Glen Bascom","Bascom Realty","","","","","Tennessee","Owner/Developer","https://www.icsc.com/member/profile/848888"
"Ben Bonner","Magnolia Investment Partners","","","","","Tennessee","Owner/Developer","https://www.icsc.com/member/profile/646949"
"John Boots","Expedition Group","","","","","Tennessee","Owner/Developer","https://www.icsc.com/member/profile/853411"
"Katherine Breland","Oldacre McDonald, LLC","","","","","Tennessee","Owner/Developer","https://www.icsc.com/member/profile/645744"
"Jason Brown","Schaad Brown Real Estate","","","","","Tennessee","Owner/Developer","https://www.icsc.com/member/profile/571743"
"Brandon Buchanan","Buchanan Realty Group","","","","","Tennessee","Owner/Developer","https://www.icsc.com/member/profile/577546"
"Samuel Buchholz","Capstone Real Estate Group, Inc.","","","","","Tennessee","Owner/Developer","https://www.icsc.com/member/profile/597178"
"Taylor Camp","Carmichael Capital","","","","","Tennessee","Owner/Developer","https://www.icsc.com/member/profile/870324"
"Stan Clampitt","Buchanan Realty Group","","","","","Tennessee","Owner/Developer","https://www.icsc.com/member/profile/788636"
"John Cofer","All Points Development","","","","","Tennessee","Owner/Developer","https://www.icsc.com/member/profile/742826"
"Tom Cofer","All Points Development","","","","","Tennessee","Owner/Developer","https://www.icsc.com/member/profile/505936"
"Patrick Crouse","The Mainland Companies, LLC","","","","","Tennessee","Owner/Developer","https://www.icsc.com/member/profile/804021"
"Luke Curfman","CMK Properties, LLC","","","","","Tennessee","Owner/Developer","https://www.icsc.com/member/profile/846900"
"Tim Dearman","Oldacre McDonald, LLC","","","","","Tennessee","Owner/Developer","https://www.icsc.com/member/profile/132054"
"Lisa Deaton","Palm Development Partners","","","","","Tennessee","Owner/Developer","https://www.icsc.com/member/profile/868741"
"Land Deleot","Equitable Property Company, LLC","","","","","Tennessee","Owner/Developer","https://www.icsc.com/member/profile/805936"
"Philip Dorris","G.S. Moore + Son","","","","","Tennessee","Owner/Developer","https://www.icsc.com/member/profile/672082"
"Frank Durst IV","3D Development","","","","","Tennessee","Owner/Developer","https://www.icsc.com/member/profile/338003"
"Josh Ezell","SMJ Enterprise, LLC","","","","","Tennessee","Owner/Developer","https://www.icsc.com/member/profile/833498"
"Mary Ezell","SMJ Enterprise, LLC","","","","","Tennessee","Owner/Developer","https://www.icsc.com/member/profile/817727"
"Nick Galbreath","Lubono Capital","","","","","Tennessee","Owner/Developer","https://www.icsc.com/member/profile/810535"
"Scott Gill","SMJ Enterprise, LLC","","","","","Tennessee","Owner/Developer","https://www.icsc.com/member/profile/817427"
"Evan Gower","The Parkes Companies, Inc.","","","","","Tennessee","Owner/Developer","https://www.icsc.com/member/profile/847319"
"David Grabiner","Lubono Capital","","","","","Tennessee","Owner/Developer","https://www.icsc.com/member/profile/785198"
"Tim Graham","Graham Corporation","","","","","Tennessee","Owner/Developer","https://www.icsc.com/member/profile/101419"
"Michael Hamlin","Interstate Commercial Real Estate Services","","","","","Tennessee","Owner/Developer","https://www.icsc.com/member/profile/411225"
"Trey Hart","The Mainland Companies, LLC","","","","","Tennessee","Owner/Developer","https://www.icsc.com/member/profile/864877"
"Marshall Hart","The Mainland Companies, LLC","","","","","Tennessee","Owner/Developer","https://www.icsc.com/member/profile/734859"
"John Healy","Wolftever Development","","","","","Tennessee","Owner/Developer","https://www.icsc.com/member/profile/376369"
"Audrey Hooper","Urban Story Ventures","","","","","Tennessee","Owner/Developer","https://www.icsc.com/member/profile/730575"
"John Hopfensperger","CMK Properties, LLC","","","","","Tennessee","Owner/Developer","https://www.icsc.com/member/profile/805811"
"Tommy Hopkins","Franklin Development Partners","","","","","Tennessee","Owner/Developer","https://www.icsc.com/member/profile/816472"
"Spencer Hunt","CMK Properties, LLC","","","","","Tennessee","Owner/Developer","https://www.icsc.com/member/profile/629722"
"Bassam Issa","ANT Group LLC","","","","","Tennessee","Owner/Developer","https://www.icsc.com/member/profile/315259"
"Omar Jubran CCIM","Strategic Acquisitions Group, LLC","","","","","Tennessee","Owner/Developer","https://www.icsc.com/member/profile/663927"
"Colton Jumper","SouthStar, LLC","","","","","Tennessee","Owner/Developer","https://www.icsc.com/member/profile/855711"
"Jeremy Just","Blacktide Development, LLC","","","","","Tennessee","Owner/Developer","https://www.icsc.com/member/profile/606451"
"Eric Kaehr","Warhorse Venture Partners","","","","","Tennessee","Owner/Developer","https://www.icsc.com/member/profile/775739"
"Miranda Kelley","KTM Properties","","","","","Tennessee","Owner/Developer","https://www.icsc.com/member/profile/654651"
"Evan Landrum","Oxbow Development","","","","","Tennessee","Owner/Developer","https://www.icsc.com/member/profile/557665"
"David Lee","Capstone Real Estate Group, Inc.","","","","","Tennessee","Owner/Developer","https://www.icsc.com/member/profile/596302"
"Robert Martin","The Parkes Companies, Inc.","","","","","Tennessee","Owner/Developer","https://www.icsc.com/member/profile/140339"
"Jake McDonald","Oldacre McDonald, LLC","","","","","Tennessee","Owner/Developer","https://www.icsc.com/member/profile/789916"
"Steele McDonald","Oldacre McDonald, LLC","","","","","Tennessee","Owner/Developer","https://www.icsc.com/member/profile/732232"
"Mark McDonald","Oldacre McDonald, LLC","","","","","Tennessee","Owner/Developer","https://www.icsc.com/member/profile/167692"
"Glenn McGehee","SouthStar, LLC","","","","","Tennessee","Owner/Developer","https://www.icsc.com/member/profile/264167"
"Jonathan McNabb","V3 Realty","","","","","Tennessee","Owner/Developer","https://www.icsc.com/member/profile/750408"
"Jay Mikolinski","D&M Land Development LLC.","","","","","Tennessee","Owner/Developer","https://www.icsc.com/member/profile/736289"
"Todd Miller","TM3 Properties","","","","","Tennessee","Owner/Developer","https://www.icsc.com/member/profile/483894"
"Aubrey Moore","G.S. Moore + Son","","","","","Tennessee","Owner/Developer","https://www.icsc.com/member/profile/831759"
"James Moore","G.S. Moore + Son","","","","","Tennessee","Owner/Developer","https://www.icsc.com/member/profile/645115"
"K.D. Moore","KBM Commercial Properties LLC","","","","","Tennessee","Owner/Developer","https://www.icsc.com/member/profile/278822"
"Rick Morrow","KTM Properties","","","","","Tennessee","Owner/Developer","https://www.icsc.com/member/profile/654648"
"Marcus Nidiffer","Interstate Commercial Real Estate Services","","","","","Tennessee","Owner/Developer","https://www.icsc.com/member/profile/610528"
"J. Michael Nidiffer","Interstate Commercial Real Estate Services","","","","","Tennessee","Owner/Developer","https://www.icsc.com/member/profile/124211"
"Taylor Ogle","Five Oaks Development Group, LP","","","","","Tennessee","Owner/Developer","https://www.icsc.com/member/profile/631744"
"Jake Ogle","Five Oaks Development Group, LP","","","","","Tennessee","Owner/Developer","https://www.icsc.com/member/profile/377864"
"Oliver Oldacre","Oldacre McDonald, LLC","","","","","Tennessee","Owner/Developer","https://www.icsc.com/member/profile/658633"
"Hunter Oldacre","Oldacre McDonald, LLC","","","","","Tennessee","Owner/Developer","https://www.icsc.com/member/profile/376325"
"Bill Oldacre","Oldacre McDonald, LLC","","","","","Tennessee","Owner/Developer","https://www.icsc.com/member/profile/129275"
"Gary Parkes","The Parkes Companies, Inc.","","","","","Tennessee","Owner/Developer","https://www.icsc.com/member/profile/102617"
"Joe Parkes Jr","The Parkes Companies, Inc.","","","","","Tennessee","Owner/Developer","https://www.icsc.com/member/profile/102615"
"Hiren Patel","HP Realty Partners","","","","","Tennessee","Owner/Developer","https://www.icsc.com/member/profile/681480"
"Bekah Peggar","Agilitas Property Development","","","","","Tennessee","Owner/Developer","https://www.icsc.com/member/profile/869105"
"Thomas Perrigan","Interstate Commercial Real Estate Services","","","","","Tennessee","Owner/Developer","https://www.icsc.com/member/profile/632804"
"Will Polisky","CMK Properties, LLC","","","","","Tennessee","Owner/Developer","https://www.icsc.com/member/profile/823881"
"Jessica Roberts","Tanger","","","","","Tennessee","Owner/Developer","https://www.icsc.com/member/profile/666499"
"King Rogers","Cideco Development Company Inc","","","","","Tennessee","Owner/Developer","https://www.icsc.com/member/profile/447581"
"Brent Roswall","Interstate Commercial Real Estate Services","","","","","Tennessee","Owner/Developer","https://www.icsc.com/member/profile/210711"
"Tucker Schaerer","BTS Commercial Real Estate","","","","","Tennessee","Owner/Developer","https://www.icsc.com/member/profile/648279"
"Burt Schaerer","BTS Commercial Real Estate","","","","","Tennessee","Owner/Developer","https://www.icsc.com/member/profile/509252"
"Christopher Senkovich","Capital Automotive Real Estate Services","","","","","Tennessee","Owner/Developer","https://www.icsc.com/member/profile/855142"
"Trip Spear","Belz Realty","","","","","Tennessee","Owner/Developer","https://www.icsc.com/member/profile/819842"
"Jon Stallings","Stallings Development","","","","","Tennessee","Owner/Developer","https://www.icsc.com/member/profile/781094"
"Danielle Staton","G.S. Moore + Son","","","","","Tennessee","Owner/Developer","https://www.icsc.com/member/profile/855973"
"Jessica Stepp","Tanger","","","","","Tennessee","Owner/Developer","https://www.icsc.com/member/profile/852237"
"Clarke Taylor","Taylor Properties","","","","","Tennessee","Owner/Developer","https://www.icsc.com/member/profile/786698"
"Clay Taylor","The Mainland Companies, LLC","","","","","Tennessee","Owner/Developer","https://www.icsc.com/member/profile/537389"
"Rhonda Thomas CPM, CLS, CRRP, CSM","The Parkes Companies, Inc.","","","","","Tennessee","Owner/Developer","https://www.icsc.com/member/profile/136050"
"Stephen Walker","Walker Family Limited Partnership","","","","","Tennessee","Owner/Developer","https://www.icsc.com/member/profile/799956"
"Dorothy Wall","DMW Capital","","","","","Tennessee","Owner/Developer","https://www.icsc.com/member/profile/854140"
"Daniel Wall","DMW Capital","","","","","Tennessee","Owner/Developer","https://www.icsc.com/member/profile/778509"
"Charles Warner","Magnolia Investment Partners","","","","","Tennessee","Owner/Developer","https://www.icsc.com/member/profile/279046"
"John Wells","Continental Development Corporation (Tennesee)","","","","","Tennessee","Owner/Developer","https://www.icsc.com/member/profile/832512"
"Jimmy White","Urban Story Ventures","","","","","Tennessee","Owner/Developer","https://www.icsc.com/member/profile/732763"
"Robert White IV","KBM Commercial Properties LLC","","","","","Tennessee","Owner/Developer","https://www.icsc.com/member/profile/786834"
"Heather Witherspoon","Buchanan Realty Group","","","","","Tennessee","Owner/Developer","https://www.icsc.com/member/profile/791876"
"Mary Katherine Wormsley","Hatcher Hill","","","","","Tennessee","Owner/Developer","https://www.icsc.com/member/profile/579616"
"Nadeem Abassi","Aria Developers LLC","","","","","Texas","Owner/Developer","https://www.icsc.com/member/profile/598410"
"Michael Ablon","Pegasus Ablon Properties","","","","","Texas","Owner/Developer","https://www.icsc.com/member/profile/304913"
"Mark Adame","2AVH Calallen, LLC","","","","","Texas","Owner/Developer","https://www.icsc.com/member/profile/847256"
"Sergio Adame CCIM","API Real Estate","","","","","Texas","Owner/Developer","https://www.icsc.com/member/profile/437882"
"Jarrett Adame","First Hartford Realty Corporation","","","","","Texas","Owner/Developer","https://www.icsc.com/member/profile/274540"
"Amos Adams","Sad Monkey Development","","","","","Texas","Owner/Developer","https://www.icsc.com/member/profile/852798"
"Trini Ainsworth","Big V Property Group","","","","","Texas","Owner/Developer","https://www.icsc.com/member/profile/645450"
"Jacquelyn Albert","Albert Enterprises","","","","","Texas","Owner/Developer","https://www.icsc.com/member/profile/870716"
"Cary Albert","Albert Enterprises","","","","","Texas","Owner/Developer","https://www.icsc.com/member/profile/610175"
"Brian Alley","Rose City Partners, LLC","","","","","Texas","Owner/Developer","https://www.icsc.com/member/profile/782413"
"Tyler Alley","Rose City Partners, LLC","","","","","Texas","Owner/Developer","https://www.icsc.com/member/profile/671371"
"Ron Allon","Allon Investments","","","","","Texas","Owner/Developer","https://www.icsc.com/member/profile/869611"
"Michelle Alonso","Endeavor Real Estate Group","","","","","Texas","Owner/Developer","https://www.icsc.com/member/profile/619366"
"Akbar Alviri","Sudamahu Group Corp.","","","","","Texas","Owner/Developer","https://www.icsc.com/member/profile/401518"
"Jack Anderson","The Genecov Group","","","","","Texas","Owner/Developer","https://www.icsc.com/member/profile/840964"
"Carl Anderson","Larkspur Capital LP","","","","","Texas","Owner/Developer","https://www.icsc.com/member/profile/821677"
"Leyton Andres","Nack Development","","","","","Texas","Owner/Developer","https://www.icsc.com/member/profile/849047"
"Kyle Anz","HGA Holdings, LLC","","","","","Texas","Owner/Developer","https://www.icsc.com/member/profile/116801"
"Jesus Araiza","Armada Capital Partners","","","","","Texas","Owner/Developer","https://www.icsc.com/member/profile/823002"
"Zach Armstrong","ZKKZ Partners Ltd.","","","","","Texas","Owner/Developer","https://www.icsc.com/member/profile/846182"
"Justin Au","Majestic Developers","","","","","Texas","Owner/Developer","https://www.icsc.com/member/profile/865285"
"Emily Ayers","JAE Law Group, PLLC","","","","","Texas","Owner/Developer","https://www.icsc.com/member/profile/645183"
"Edward Badouh III","Gentilly LLC","","","","","Texas","Owner/Developer","https://www.icsc.com/member/profile/381061"
"Melanie Bagley","Pinnacle Development","","","","","Texas","Owner/Developer","https://www.icsc.com/member/profile/803646"
"Andrew Bagnall","Abiso Real Estate","","","","","Texas","Owner/Developer","https://www.icsc.com/member/profile/609939"
"Zeev Bar Yadin","CBG ROULER","","","","","Texas","Owner/Developer","https://www.icsc.com/member/profile/867975"
"Adam Barker","GR8 Partners LLC","","","","","Texas","Owner/Developer","https://www.icsc.com/member/profile/648539"
"Bob Barnes","Vision Asset Mgmt Ltd","","","","","Texas","Owner/Developer","https://www.icsc.com/member/profile/803118"
"Andrew Barnes","DBA Commercial Real Estate","","","","","Texas","Owner/Developer","https://www.icsc.com/member/profile/654474"
"Amy Barnett","ThisRealty","","","","","Texas","Owner/Developer","https://www.icsc.com/member/profile/782744"
"Royce Barrington II","N3 Real Estate","","","","","Texas","Owner/Developer","https://www.icsc.com/member/profile/727409"
"Owen Bartlett","6S Development LLC","","","","","Texas","Owner/Developer","https://www.icsc.com/member/profile/861943"
"Kenny Bathija","Satya, Inc","","","","","Texas","Owner/Developer","https://www.icsc.com/member/profile/733561"
"Sunny Bathija","Satya, Inc","","","","","Texas","Owner/Developer","https://www.icsc.com/member/profile/295653"
"Troy Bathman","St. Ives Inc.","","","","","Texas","Owner/Developer","https://www.icsc.com/member/profile/103936"
"Troy Bayham","Kagan Realty Investors","","","","","Texas","Owner/Developer","https://www.icsc.com/member/profile/657673"
"Robert Beach","Pinnacle Oversight LLC","","","","","Texas","Owner/Developer","https://www.icsc.com/member/profile/867992"
"Logan Beall","Beall Investments","","","","","Texas","Owner/Developer","https://www.icsc.com/member/profile/832454"
"Robert Beall","Beall Investments","","","","","Texas","Owner/Developer","https://www.icsc.com/member/profile/727236"
"Michael Beevers","Sensato Development","","","","","Texas","Owner/Developer","https://www.icsc.com/member/profile/689245"
"Brian Bell","MQ Development Companies","","","","","Texas","Owner/Developer","https://www.icsc.com/member/profile/294608"
"Terrin Bertholf","B&H Companies","","","","","Texas","Owner/Developer","https://www.icsc.com/member/profile/733026"
"Imran Bhaidani","Esteem AI Ventures","","","","","Texas","Owner/Developer","https://www.icsc.com/member/profile/802454"
"Reasat Bhuiyan","Stablewood Properties","","","","","Texas","Owner/Developer","https://www.icsc.com/member/profile/854696"
"Thomas Bius","Caliber Investment Corporation","","","","","Texas","Owner/Developer","https://www.icsc.com/member/profile/792318"
"Ben Bius","Caliber Investment Corporation","","","","","Texas","Owner/Developer","https://www.icsc.com/member/profile/504811"
"Wade Blackburn","Expansion Building Solutions, LLC","","","","","Texas","Owner/Developer","https://www.icsc.com/member/profile/805896"
"Jason Blackman","Steiner + Associates, Inc.","","","","","Texas","Owner/Developer","https://www.icsc.com/member/profile/782094"
"Mike Bloomfield","JF HOLDINGS","","","","","Texas","Owner/Developer","https://www.icsc.com/member/profile/755090"
"Jason Bolling","Guggenheim Retail Real Estate Partners","","","","","Texas","Owner/Developer","https://www.icsc.com/member/profile/817772"
"Alfredo Bonilla Carmona","GABO TX DEVELOPMENT LLC","","","","","Texas","Owner/Developer","https://www.icsc.com/member/profile/821264"
"David Boone","Virgata Property Company","","","","","Texas","Owner/Developer","https://www.icsc.com/member/profile/657854"
"Matthew Booth","Booth Capital Partners","","","","","Texas","Owner/Developer","https://www.icsc.com/member/profile/341808"
"Ashlyn Booth, CMD","MetroNational","","","","","Texas","Owner/Developer","https://www.icsc.com/member/profile/217370"
"Lauren Bottonari","Regency Centers","","","","","Texas","Owner/Developer","https://www.icsc.com/member/profile/405300"
"Charlie Boyd","DuWest Realty","","","","","Texas","Owner/Developer","https://www.icsc.com/member/profile/784491"
"Cherylyn Boyd","Stonewater Properties","","","","","Texas","Owner/Developer","https://www.icsc.com/member/profile/755089"
"Mira Boyda","Pohl Jensen","","","","","Texas","Owner/Developer","https://www.icsc.com/member/profile/729309"
"Jennie Braasch","Pohl Jensen","","","","","Texas","Owner/Developer","https://www.icsc.com/member/profile/295005"
"Chris Braham","Catalyst Commercial","","","","","Texas","Owner/Developer","https://www.icsc.com/member/profile/823700"
"Jeff Brand","Brand Partners","","","","","Texas","Owner/Developer","https://www.icsc.com/member/profile/123958"
"Catherine Brennan","Crow Holdings Capital","","","","","Texas","Owner/Developer","https://www.icsc.com/member/profile/773275"
"Trey Brewer","The Genecov Group","","","","","Texas","Owner/Developer","https://www.icsc.com/member/profile/688210"
"Robert Britt","Dumont Properties","","","","","Texas","Owner/Developer","https://www.icsc.com/member/profile/832944"
"Connor Brotherton","Landmark Industries, LLC","","","","","Texas","Owner/Developer","https://www.icsc.com/member/profile/868817"
"Kyle Brown","Buttry & Brown Development","","","","","Texas","Owner/Developer","https://www.icsc.com/member/profile/843153"
"Stephen Brown","Buttry & Brown Development","","","","","Texas","Owner/Developer","https://www.icsc.com/member/profile/642697"
"John Brownlee","Brownlee Waggoner Holdings, LLC","","","","","Texas","Owner/Developer","https://www.icsc.com/member/profile/858195"
"Bo Brownlee","Brownlee Waggoner Holdings, LLC","","","","","Texas","Owner/Developer","https://www.icsc.com/member/profile/300481"
"Alex Bryant","Street Realty","","","","","Texas","Owner/Developer","https://www.icsc.com/member/profile/560147"
"Ryan Burgess","PMB Capital Investments","","","","","Texas","Owner/Developer","https://www.icsc.com/member/profile/784327"
"Jim Burke","Burke Properties, Ltd.","","","","","Texas","Owner/Developer","https://www.icsc.com/member/profile/405420"
"Spencer Burton","Stablewood Properties","","","","","Texas","Owner/Developer","https://www.icsc.com/member/profile/812552"
"Reegan Busby","Pacific Elm Properties","","","","","Texas","Owner/Developer","https://www.icsc.com/member/profile/869257"
"Regina Campbell","Tanger","","","","","Texas","Owner/Developer","https://www.icsc.com/member/profile/827459"
"Tim Campbell","JVP Management","","","","","Texas","Owner/Developer","https://www.icsc.com/member/profile/809120"
"Jorge Canavati","ATX Capital","","","","","Texas","Owner/Developer","https://www.icsc.com/member/profile/855964"
"Phillip Carameros","Gordon Partners","","","","","Texas","Owner/Developer","https://www.icsc.com/member/profile/687502"
"Brent Card","GC Legacy Capital","","","","","Texas","Owner/Developer","https://www.icsc.com/member/profile/820503"
"John Carl III","The Rainier Companies","","","","","Texas","Owner/Developer","https://www.icsc.com/member/profile/404023"
"Robert Carranco","Laredo Lomas Properties, LTD","","","","","Texas","Owner/Developer","https://www.icsc.com/member/profile/784928"
"Andrew Carranco","Laredo Lomas Properties, LTD","","","","","Texas","Owner/Developer","https://www.icsc.com/member/profile/784927"
"Greg Cervenka","FMOC LTD","","","","","Texas","Owner/Developer","https://www.icsc.com/member/profile/317504"
"Phillip Chadis","Six Pines Realty, LLC","","","","","Texas","Owner/Developer","https://www.icsc.com/member/profile/791381"
"Nash Chasi","SMC Development LLC","","","","","Texas","Owner/Developer","https://www.icsc.com/member/profile/823488"
"Shahbaz Chaudhary","Baaz Retail Investments LLC","","","","","Texas","Owner/Developer","https://www.icsc.com/member/profile/836765"
"Ramsey Chehayeb","CHC Investments LLC","","","","","Texas","Owner/Developer","https://www.icsc.com/member/profile/784372"
"Arvind Reddy Cheruku","Janapriya US Properties Inc","","","","","Texas","Owner/Developer","https://www.icsc.com/member/profile/711600"
"Christine Chhay","Tannos Development Group, LLC","","","","","Texas","Owner/Developer","https://www.icsc.com/member/profile/832617"
"Md Tauhid Choudhury","Aspen Square Homes","","","","","Texas","Owner/Developer","https://www.icsc.com/member/profile/798945"
"Donny Churchman","Nack Development","","","","","Texas","Owner/Developer","https://www.icsc.com/member/profile/708160"
"Santosh Cividi","Majestic Developers","","","","","Texas","Owner/Developer","https://www.icsc.com/member/profile/858140"
"Jacob Clark","Long View Equity","","","","","Texas","Owner/Developer","https://www.icsc.com/member/profile/846588"
"Houston Clark","HBC Interests","","","","","Texas","Owner/Developer","https://www.icsc.com/member/profile/493538"
"Glenn Clements","Morris Strategic Investments, LLC","","","","","Texas","Owner/Developer","https://www.icsc.com/member/profile/862840"
"Austin Clinkscales","Ladera Properties","","","","","Texas","Owner/Developer","https://www.icsc.com/member/profile/595638"
"Buck Cody","Endeavor Real Estate Group","","","","","Texas","Owner/Developer","https://www.icsc.com/member/profile/395070"
"Jonathan Coe","Mount Oak Capital","","","","","Texas","Owner/Developer","https://www.icsc.com/member/profile/755909"
"Mike Collins","Bloomfield Homes, Inc.","","","","","Texas","Owner/Developer","https://www.icsc.com/member/profile/772186"
"Jack Colwell","DB9 Capital","","","","","Texas","Owner/Developer","https://www.icsc.com/member/profile/851924"
"Weston Conder","The Conder Company","","","","","Texas","Owner/Developer","https://www.icsc.com/member/profile/821336"
"Tony Conder","The Conder Company","","","","","Texas","Owner/Developer","https://www.icsc.com/member/profile/821335"
"Robert Confer","N3 Real Estate","","","","","Texas","Owner/Developer","https://www.icsc.com/member/profile/655915"
"Stephen Cooper","Benkooper Management, LLC","","","","","Texas","Owner/Developer","https://www.icsc.com/member/profile/833748"
"Trey Cooper","Bexar Capital, LLC.","","","","","Texas","Owner/Developer","https://www.icsc.com/member/profile/732917"
"Jack Corrigan","Stablewood Properties","","","","","Texas","Owner/Developer","https://www.icsc.com/member/profile/842273"
"Jerry Crenshaw","Rochester Group","","","","","Texas","Owner/Developer","https://www.icsc.com/member/profile/404189"
"Brad Cruickshank","CBD Realty Partners","","","","","Texas","Owner/Developer","https://www.icsc.com/member/profile/315943"
"John Culpepper","Culpepper Realty Company","","","","","Texas","Owner/Developer","https://www.icsc.com/member/profile/717573"
"Jack Culpepper","Culpepper Realty Company","","","","","Texas","Owner/Developer","https://www.icsc.com/member/profile/121222"
"Luke Cummings","The Genecov Group","","","","","Texas","Owner/Developer","https://www.icsc.com/member/profile/815602"
"Kirk Cypel JD","CBG ROULER","","","","","Texas","Owner/Developer","https://www.icsc.com/member/profile/255359"
"sameer dalal","River Central Development","","","","","Texas","Owner/Developer","https://www.icsc.com/member/profile/833025"
"Greyson Daniels","ESW Land Development","","","","","Texas","Owner/Developer","https://www.icsc.com/member/profile/854671"
"Ahsan Daredia","SLX Capital","","","","","Texas","Owner/Developer","https://www.icsc.com/member/profile/846948"
"Creager Davis","The Genecov Group","","","","","Texas","Owner/Developer","https://www.icsc.com/member/profile/840968"
"Alexandra Davis","Davis Bros.","","","","","Texas","Owner/Developer","https://www.icsc.com/member/profile/800670"
"Katherine Davis","Davis Bros.","","","","","Texas","Owner/Developer","https://www.icsc.com/member/profile/689633"
"Dale Davis","Davis Equity Realty","","","","","Texas","Owner/Developer","https://www.icsc.com/member/profile/111545"
"Sajjid Dawood","DML Capital","","","","","Texas","Owner/Developer","https://www.icsc.com/member/profile/591744"
"Artemio De La Vega","De La Vega Capital","","","","","Texas","Owner/Developer","https://www.icsc.com/member/profile/142347"
"Arnaud de Limelette","EYF STNL","","","","","Texas","Owner/Developer","https://www.icsc.com/member/profile/853597"
"Evan Deitch","Endeavor Real Estate Group","","","","","Texas","Owner/Developer","https://www.icsc.com/member/profile/644577"
"Mounang Desai","Malabar Hill Capital","","","","","Texas","Owner/Developer","https://www.icsc.com/member/profile/784244"
"Bruce Dewberry","ODDDado Group LLC","","","","","Texas","Owner/Developer","https://www.icsc.com/member/profile/851414"
"Danna Diamond","MetroNational","","","","","Texas","Owner/Developer","https://www.icsc.com/member/profile/97434"
"Ryan DiGiovanni","The DiGiovanni Group","","","","","Texas","Owner/Developer","https://www.icsc.com/member/profile/801242"
"Christopher Donohoe","Donohoe Investment Group","","","","","Texas","Owner/Developer","https://www.icsc.com/member/profile/694239"
"Desmond Donohoe","Donohoe Investment Group","","","","","Texas","Owner/Developer","https://www.icsc.com/member/profile/479819"
"Salim Dossani","SDC Capital","","","","","Texas","Owner/Developer","https://www.icsc.com/member/profile/824782"
"Andria Dotson","Dotson Ranch LLC","","","","","Texas","Owner/Developer","https://www.icsc.com/member/profile/801549"
"Joe Doye","Westin Company","","","","","Texas","Owner/Developer","https://www.icsc.com/member/profile/238640"
"Blaine Dozier","Ramrock Real Estate LLC","","","","","Texas","Owner/Developer","https://www.icsc.com/member/profile/631795"
"Robert Dozier","Ramrock Real Estate LLC","","","","","Texas","Owner/Developer","https://www.icsc.com/member/profile/107533"
"Natalia Duay","Ember Real Estate Investment & Development","","","","","Texas","Owner/Developer","https://www.icsc.com/member/profile/869875"
"Abigail Duncan","Travis Star Corp.","","","","","Texas","Owner/Developer","https://www.icsc.com/member/profile/848869"
"Patrick Dunn","The Dunn Development Co., Inc.","","","","","Texas","Owner/Developer","https://www.icsc.com/member/profile/868951"
"Scott Dunn","The Dunn Development Co., Inc.","","","","","Texas","Owner/Developer","https://www.icsc.com/member/profile/868950"
"Mason DuPerier Jr","Vista Property Company","","","","","Texas","Owner/Developer","https://www.icsc.com/member/profile/518163"
"Luke Durst","Sad Monkey Development","","","","","Texas","Owner/Developer","https://www.icsc.com/member/profile/852797"
"Brandon Eads","Fifth Corner","","","","","Texas","Owner/Developer","https://www.icsc.com/member/profile/821887"
"GONZALO ECHEVERRIA","McCord Development, Inc.","","","","","Texas","Owner/Developer","https://www.icsc.com/member/profile/758920"
"Tim Edwards","T&K Edwards LTD","","","","","Texas","Owner/Developer","https://www.icsc.com/member/profile/810806"
"Web Elliott","StreetLevel Investments","","","","","Texas","Owner/Developer","https://www.icsc.com/member/profile/782432"
"Nicole Ellis","Wilks Development","","","","","Texas","Owner/Developer","https://www.icsc.com/member/profile/868918"
"Nicole Ellis","Wilks Development","","","","","Texas","Owner/Developer","https://www.icsc.com/member/profile/821038"
"Nick Emms","ASA Properties","","","","","Texas","Owner/Developer","https://www.icsc.com/member/profile/784218"
"Lindsay Erickson","Waterman Steele Real Estate Advisors","","","","","Texas","Owner/Developer","https://www.icsc.com/member/profile/611141"
"Manuel Escamilla","MRMD Development Co, LLC","","","","","Texas","Owner/Developer","https://www.icsc.com/member/profile/776624"
"Ramiro Esparza III","Mimco","","","","","Texas","Owner/Developer","https://www.icsc.com/member/profile/845665"
"Ken Espensen","Espensen Commercial Realty, Inc.","","","","","Texas","Owner/Developer","https://www.icsc.com/member/profile/94829"
"Peyman Etebari","Safe Capital Investments,LLC","","","","","Texas","Owner/Developer","https://www.icsc.com/member/profile/780540"
"Weston Eubanks","CamWesT Companies","","","","","Texas","Owner/Developer","https://www.icsc.com/member/profile/869782"
"Brody Farris","Paradigm Commercial Real Estate","","","","","Texas","Owner/Developer","https://www.icsc.com/member/profile/327158"
"John Felitto","Main Street Commercial Partners","","","","","Texas","Owner/Developer","https://www.icsc.com/member/profile/854124"
"Derek Ferem","Ferem Property Company","","","","","Texas","Owner/Developer","https://www.icsc.com/member/profile/538641"
"Mimi Fisher","Headwater","","","","","Texas","Owner/Developer","https://www.icsc.com/member/profile/859352"
"John Flippo","Flippo & Co.","","","","","Texas","Owner/Developer","https://www.icsc.com/member/profile/868445"
"Sandra Flores","The DiGiovanni Group","","","","","Texas","Owner/Developer","https://www.icsc.com/member/profile/832850"
"Dick Ford","Dick Ford Company","","","","","Texas","Owner/Developer","https://www.icsc.com/member/profile/822944"
"Jason Ford","Tenon Property Company","","","","","Texas","Owner/Developer","https://www.icsc.com/member/profile/783773"
"Michael Formanek, CRRP","L&B Realty Advisors, LLP","","","","","Texas","Owner/Developer","https://www.icsc.com/member/profile/468407"
"John Foster","HH Developments LC","","","","","Texas","Owner/Developer","https://www.icsc.com/member/profile/669613"
"Wayo Foster","Metex Development","","","","","Texas","Owner/Developer","https://www.icsc.com/member/profile/653066"
"Kylie Fox","Armada Capital Partners","","","","","Texas","Owner/Developer","https://www.icsc.com/member/profile/848899"
"Marc Franklin","Rockrose Development","","","","","Texas","Owner/Developer","https://www.icsc.com/member/profile/837220"
"Cameron Free","Wulfe and Co.","","","","","Texas","Owner/Developer","https://www.icsc.com/member/profile/798873"
"Megan Frey","Endeavor Real Estate Group","","","","","Texas","Owner/Developer","https://www.icsc.com/member/profile/849151"
"Dan Frey","Endeavor Real Estate Group","","","","","Texas","Owner/Developer","https://www.icsc.com/member/profile/584839"
"Will Frierson","JF HOLDINGS","","","","","Texas","Owner/Developer","https://www.icsc.com/member/profile/574082"
"Lane Gaddy","Stonelane Property","","","","","Texas","Owner/Developer","https://www.icsc.com/member/profile/802669"
"Josh Gardner","First Hartford Realty Corporation","","","","","Texas","Owner/Developer","https://www.icsc.com/member/profile/283710"
"Andrew Garrett","Hi View Real Estate","","","","","Texas","Owner/Developer","https://www.icsc.com/member/profile/800715"
"Perren Gasc","DBA Commercial Real Estate","","","","","Texas","Owner/Developer","https://www.icsc.com/member/profile/365182"
"Jeff Gatlin","Gemco Property","","","","","Texas","Owner/Developer","https://www.icsc.com/member/profile/801100"
"Emma Gegen","The Howard Hughes Corporation","","","","","Texas","Owner/Developer","https://www.icsc.com/member/profile/806070"
"Kyle Gill","Libertas Real Estate Group","","","","","Texas","Owner/Developer","https://www.icsc.com/member/profile/339799"
"Jim Gissler","St. Ives Inc.","","","","","Texas","Owner/Developer","https://www.icsc.com/member/profile/97594"
"Bryce Gissler","St. Ives Inc.","","","","","Texas","Owner/Developer","https://www.icsc.com/member/profile/847544"
"Brent Glover","Libertas Real Estate Group","","","","","Texas","Owner/Developer","https://www.icsc.com/member/profile/636632"
"Michael Godfrey","Stablewood Properties","","","","","Texas","Owner/Developer","https://www.icsc.com/member/profile/778292"
"Jeff Goldberg","Gold Key Partners","","","","","Texas","Owner/Developer","https://www.icsc.com/member/profile/712709"
"Patrick Gordon","Vista Star, Inc.","","","","","Texas","Owner/Developer","https://www.icsc.com/member/profile/585030"
"Scott Gordon","Gordon Partners","","","","","Texas","Owner/Developer","https://www.icsc.com/member/profile/225721"
"Joe Grabinski","Ember Real Estate Investment & Development","","","","","Texas","Owner/Developer","https://www.icsc.com/member/profile/870924"
"Jeffrey Graves","JPG Commercial Real Estate, LLC","","","","","Texas","Owner/Developer","https://www.icsc.com/member/profile/89921"
"Charles Graves","CG Hanson, Inc.","","","","","Texas","Owner/Developer","https://www.icsc.com/member/profile/854032"
"Matt Griffith","Rockrose Development","","","","","Texas","Owner/Developer","https://www.icsc.com/member/profile/329372"
"Satya Guduru","Janapriya US Properties Inc","","","","","Texas","Owner/Developer","https://www.icsc.com/member/profile/711597"
"Chad Hagle","Aventine Devco. (A Tricor Company)","","","","","Texas","Owner/Developer","https://www.icsc.com/member/profile/260109"
"Mark Hajdu","Triumph Commercial","","","","","Texas","Owner/Developer","https://www.icsc.com/member/profile/110684"
"Michael Hale","EDENS","","","","","Texas","Owner/Developer","https://www.icsc.com/member/profile/295004"
"Jeremy Hall","Rockrose Development","","","","","Texas","Owner/Developer","https://www.icsc.com/member/profile/837223"
"Russell Handy","Wolfgramm Capital","","","","","Texas","Owner/Developer","https://www.icsc.com/member/profile/822573"
"Hamza Haneef","HMH Group Inc.","","","","","Texas","Owner/Developer","https://www.icsc.com/member/profile/388058"
"Khizar Hanif","Blackhawk Real Estate Partners","","","","","Texas","Owner/Developer","https://www.icsc.com/member/profile/800259"
"Jeff Harkinson","Harkinson Investment Corporation","","","","","Texas","Owner/Developer","https://www.icsc.com/member/profile/727076"
"Steve Harriman","Harriman Partners","","","","","Texas","Owner/Developer","https://www.icsc.com/member/profile/868944"
"Mick Hawton","Headwater","","","","","Texas","Owner/Developer","https://www.icsc.com/member/profile/830441"
"Jake Heffelfinger","ATX Capital","","","","","Texas","Owner/Developer","https://www.icsc.com/member/profile/855966"
"Mac Helms","NewQuest Crosswell","","","","","Texas","Owner/Developer","https://www.icsc.com/member/profile/789311"
"Murad HEMANI","Sarofia Holdings inc","","","","","Texas","Owner/Developer","https://www.icsc.com/member/profile/776693"
"Scott Henry CCIM","BH Properties, LLC","","","","","Texas","Owner/Developer","https://www.icsc.com/member/profile/700461"
"Michael Herrera","Cohesive Development LLC","","","","","Texas","Owner/Developer","https://www.icsc.com/member/profile/425687"
"Clint Herrington LEED AP","Max Alley Real Estate Services, LLC","","","","","Texas","Owner/Developer","https://www.icsc.com/member/profile/619328"
"David Hicks","DAVID HICKS COMPANY","","","","","Texas","Owner/Developer","https://www.icsc.com/member/profile/784836"
"David Hightower","Midway","","","","","Texas","Owner/Developer","https://www.icsc.com/member/profile/800398"
"Sterling Hillman","Crow Holdings Capital","","","","","Texas","Owner/Developer","https://www.icsc.com/member/profile/428305"
"Doanh Hoang","CFY Group Inc.","","","","","Texas","Owner/Developer","https://www.icsc.com/member/profile/847601"
"Paula Hohl","Wulfe and Co.","","","","","Texas","Owner/Developer","https://www.icsc.com/member/profile/126234"
"David Holeman","Whitestone REIT","","","","","Texas","Owner/Developer","https://www.icsc.com/member/profile/583104"
"Justin Holliday","NAR Ventures, LLC","","","","","Texas","Owner/Developer","https://www.icsc.com/member/profile/869694"
"Maggie Hood","Crow Holdings Capital","","","","","Texas","Owner/Developer","https://www.icsc.com/member/profile/817493"
"Frederick Hopkins","Legacy Alliance","","","","","Texas","Owner/Developer","https://www.icsc.com/member/profile/526669"
"Roy Horlock","Pohl Jensen","","","","","Texas","Owner/Developer","https://www.icsc.com/member/profile/849489"
"Natalie Horlock","Pohl Jensen","","","","","Texas","Owner/Developer","https://www.icsc.com/member/profile/786508"
"Mark Horn","Rohan Capital","","","","","Texas","Owner/Developer","https://www.icsc.com/member/profile/835393"
"Jeff Horton","NewQuest","","","","","Texas","Owner/Developer","https://www.icsc.com/member/profile/842960"
"Gretchen Howell","Southstar Communities","","","","","Texas","Owner/Developer","https://www.icsc.com/member/profile/867468"
"Drew Hubbard","Pinnacle Oversight LLC","","","","","Texas","Owner/Developer","https://www.icsc.com/member/profile/867853"
"Jamie Hudson","Lamar Companies","","","","","Texas","Owner/Developer","https://www.icsc.com/member/profile/865992"
"Taylor Hurd","Brand Partners","","","","","Texas","Owner/Developer","https://www.icsc.com/member/profile/845078"
"Syd Hurley","Vista Property Company","","","","","Texas","Owner/Developer","https://www.icsc.com/member/profile/103002"
"Hannah Huynh","Madison Partners, LLC","","","","","Texas","Owner/Developer","https://www.icsc.com/member/profile/829958"
"Hitesh Israni","Israni Holdings LLC","","","","","Texas","Owner/Developer","https://www.icsc.com/member/profile/868181"
"Sanjeev Jain","Aspen Square Homes","","","","","Texas","Owner/Developer","https://www.icsc.com/member/profile/798943"
"PJ Jamea","Oxberry Group","","","","","Texas","Owner/Developer","https://www.icsc.com/member/profile/733160"
"Ian James","Lone Star North America Acquisitions, L.P.","","","","","Texas","Owner/Developer","https://www.icsc.com/member/profile/790257"
"Jennifer Jensen","Pohl Jensen","","","","","Texas","Owner/Developer","https://www.icsc.com/member/profile/572630"
"Phil Jeong","Mimco","","","","","Texas","Owner/Developer","https://www.icsc.com/member/profile/847434"
"Nicholas Jersin","EDENS","","","","","Texas","Owner/Developer","https://www.icsc.com/member/profile/800838"
"Terrance Jobe","Alluvium Development Inc.","","","","","Texas","Owner/Developer","https://www.icsc.com/member/profile/661610"
"Terence Johnson","Ashlar Development","","","","","Texas","Owner/Developer","https://www.icsc.com/member/profile/846837"
"Garrett Johnson","Finch Owens Development","","","","","Texas","Owner/Developer","https://www.icsc.com/member/profile/643345"
"Clark Johnson","JF HOLDINGS","","","","","Texas","Owner/Developer","https://www.icsc.com/member/profile/624849"
"Bradford Johnson","Pillarstone Capital REIT","","","","","Texas","Owner/Developer","https://www.icsc.com/member/profile/567661"
"Jeffrey Johnson","MetroNational","","","","","Texas","Owner/Developer","https://www.icsc.com/member/profile/549722"
"Robby Johnson","Rob Johnson Interests","","","","","Texas","Owner/Developer","https://www.icsc.com/member/profile/450116"
"Rob Johnson","Rob Johnson Interests","","","","","Texas","Owner/Developer","https://www.icsc.com/member/profile/279995"
"Ray Johnston","No Bad Days LLC","","","","","Texas","Owner/Developer","https://www.icsc.com/member/profile/869506"
"Jake Jopling","L&B Realty Advisors, LLP","","","","","Texas","Owner/Developer","https://www.icsc.com/member/profile/806124"
"Jacob Jordan","RoseRock","","","","","Texas","Owner/Developer","https://www.icsc.com/member/profile/850676"
"John Joubert","i3 Interests","","","","","Texas","Owner/Developer","https://www.icsc.com/member/profile/717672"
"Rene Joubert","i3 Interests","","","","","Texas","Owner/Developer","https://www.icsc.com/member/profile/182664"
"Hannah Jurgensmeyer","Crow Holdings Capital","","","","","Texas","Owner/Developer","https://www.icsc.com/member/profile/846136"
"Kevin Kadlecek","GSD Development Services, LLC","","","","","Texas","Owner/Developer","https://www.icsc.com/member/profile/846506"
"Hannah Kang","Presidium","","","","","Texas","Owner/Developer","https://www.icsc.com/member/profile/830664"
"Anil Kanji","Kanji Capital Investment","","","","","Texas","Owner/Developer","https://www.icsc.com/member/profile/805968"
"David Kanne","LV Collective","","","","","Texas","Owner/Developer","https://www.icsc.com/member/profile/853397"
"Jon Kantalis","Rob Johnson Interests","","","","","Texas","Owner/Developer","https://www.icsc.com/member/profile/334909"
"Andrew Kaplan","Kaplan Properties","","","","","Texas","Owner/Developer","https://www.icsc.com/member/profile/862573"
"RIchard Karle","Quick N Clean","","","","","Texas","Owner/Developer","https://www.icsc.com/member/profile/784716"
"Richard Karle","Quick N Clean","","","","","Texas","Owner/Developer","https://www.icsc.com/member/profile/304614"
"Abe Karmel","Four Points Property Management","","","","","Texas","Owner/Developer","https://www.icsc.com/member/profile/867795"
"John Kaschak","American Ventures","","","","","Texas","Owner/Developer","https://www.icsc.com/member/profile/753886"
"Key Kasravi","Hammerford Development Co.","","","","","Texas","Owner/Developer","https://www.icsc.com/member/profile/296379"
"Jason Keeton","Landfinity Development Group","","","","","Texas","Owner/Developer","https://www.icsc.com/member/profile/727193"
"Carley Keiser","Nack Development","","","","","Texas","Owner/Developer","https://www.icsc.com/member/profile/828510"
"Myles Kelley","Realty Ventures","","","","","Texas","Owner/Developer","https://www.icsc.com/member/profile/101383"
"Sean Kern","The Genecov Group","","","","","Texas","Owner/Developer","https://www.icsc.com/member/profile/869755"
"Najia Khawja","Breaktime","","","","","Texas","Owner/Developer","https://www.icsc.com/member/profile/869884"
"wasim khawja","Breaktime","","","","","Texas","Owner/Developer","https://www.icsc.com/member/profile/869743"
"Scott Kiella","Kiella Real Estate Group","","","","","Texas","Owner/Developer","https://www.icsc.com/member/profile/806711"
"Jeff Kilber","Kilber Development, LLC","","","","","Texas","Owner/Developer","https://www.icsc.com/member/profile/829550"
"ODES KIM","IP INVESTMENTS LTD","","","","","Texas","Owner/Developer","https://www.icsc.com/member/profile/851405"
"Asher Kimmelman","Brand Partners","","","","","Texas","Owner/Developer","https://www.icsc.com/member/profile/781966"
"Nancy Kinstler","Endeavor Real Estate Group","","","","","Texas","Owner/Developer","https://www.icsc.com/member/profile/862313"
"Tyler Kleinert","Hunt Realty Inc.","","","","","Texas","Owner/Developer","https://www.icsc.com/member/profile/776337"
"Bryce Krafft","LGE Design Build","","","","","Texas","Owner/Developer","https://www.icsc.com/member/profile/830335"
"Patrick Krejs","Regency Centers","","","","","Texas","Owner/Developer","https://www.icsc.com/member/profile/143007"
"Danny Kuperman","American Realty Group","","","","","Texas","Owner/Developer","https://www.icsc.com/member/profile/330159"
"Saleem Lakhani","DML Capital","","","","","Texas","Owner/Developer","https://www.icsc.com/member/profile/643787"
"Alishan Lalani","Prime Capital Inc","","","","","Texas","Owner/Developer","https://www.icsc.com/member/profile/844338"
"Connor Lammert","Endeavor Real Estate Group","","","","","Texas","Owner/Developer","https://www.icsc.com/member/profile/749858"
"Chris Landers","Steeplechase Ventures, LLC","","","","","Texas","Owner/Developer","https://www.icsc.com/member/profile/561088"
"Caleb Landes","The Landes Group","","","","","Texas","Owner/Developer","https://www.icsc.com/member/profile/658287"
"Drew Landis","LGE Design Build","","","","","Texas","Owner/Developer","https://www.icsc.com/member/profile/840851"
"Josh Langham","Llano Real Estate Group","","","","","Texas","Owner/Developer","https://www.icsc.com/member/profile/686809"
"Kelsey Lanier","Graff Interests, LLC","","","","","Texas","Owner/Developer","https://www.icsc.com/member/profile/854043"
"Andres Lankenau","Impulso Capital","","","","","Texas","Owner/Developer","https://www.icsc.com/member/profile/830243"
"Chris LaRocco","Harkinson Investment Corporation","","","","","Texas","Owner/Developer","https://www.icsc.com/member/profile/799553"
"Halle Lauterbach","Mimco","","","","","Texas","Owner/Developer","https://www.icsc.com/member/profile/820709"
"Diana Le","Cedar Creek Urban Development Inc","","","","","Texas","Owner/Developer","https://www.icsc.com/member/profile/853653"
"Brian Lent","Highline Real Estate Group","","","","","Texas","Owner/Developer","https://www.icsc.com/member/profile/268860"
"Brett Levinson","Main Street Commercial Partners","","","","","Texas","Owner/Developer","https://www.icsc.com/member/profile/655050"
"Adam Lewis","Danly Properties","","","","","Texas","Owner/Developer","https://www.icsc.com/member/profile/800468"
"Curtis Little","Mount Oak Capital","","","","","Texas","Owner/Developer","https://www.icsc.com/member/profile/755912"
"Jocelyne Loera","J. Loera Development","","","","","Texas","Owner/Developer","https://www.icsc.com/member/profile/802509"
"Elyse Lombardi","FourT Realty","","","","","Texas","Owner/Developer","https://www.icsc.com/member/profile/798888"
"Waylon Longino","Noble RE","","","","","Texas","Owner/Developer","https://www.icsc.com/member/profile/242723"
"Jackson Longley","The Criterion Fund","","","","","Texas","Owner/Developer","https://www.icsc.com/member/profile/829320"
"Matthew Lopez","Origo Works","","","","","Texas","Owner/Developer","https://www.icsc.com/member/profile/845542"
"Carlos Antonio Lopez Hernandez","GABO TX DEVELOPMENT LLC","","","","","Texas","Owner/Developer","https://www.icsc.com/member/profile/821285"
"Donnie Lord","Aspen Community Development, LLC","","","","","Texas","Owner/Developer","https://www.icsc.com/member/profile/822072"
"Trevor Lovelady","Abiso Real Estate","","","","","Texas","Owner/Developer","https://www.icsc.com/member/profile/747313"
"Danny Lovell","The Rainier Companies","","","","","Texas","Owner/Developer","https://www.icsc.com/member/profile/690553"
"Coby Lowenstein","Stablewood Properties","","","","","Texas","Owner/Developer","https://www.icsc.com/member/profile/868230"
"Andrew Lubetkin","Oshman Interests","","","","","Texas","Owner/Developer","https://www.icsc.com/member/profile/648613"
"Michael Luciano","Firestone Management","","","","","Texas","Owner/Developer","https://www.icsc.com/member/profile/832780"
"Ngoc Luong","Huynh Capital Management LLC","","","","","Texas","Owner/Developer","https://www.icsc.com/member/profile/849055"
"Connor Lynch","Main Street Commercial Partners","","","","","Texas","Owner/Developer","https://www.icsc.com/member/profile/584594"
"Kelly Lyons","Nack Development","","","","","Texas","Owner/Developer","https://www.icsc.com/member/profile/830299"
"Matt Macleod","Castle Development Group Inc","","","","","Texas","Owner/Developer","https://www.icsc.com/member/profile/800791"
"Terrence Maiden","Russell Glen Company","","","","","Texas","Owner/Developer","https://www.icsc.com/member/profile/259550"
"Frank Malik","NWPgroup","","","","","Texas","Owner/Developer","https://www.icsc.com/member/profile/344988"
"Lance Malmgren","4MCO Properties","","","","","Texas","Owner/Developer","https://www.icsc.com/member/profile/657760"
"Taylor Mann","Vista Equities Group","","","","","Texas","Owner/Developer","https://www.icsc.com/member/profile/621855"
"Greg Mann","Mann Venture Partners","","","","","Texas","Owner/Developer","https://www.icsc.com/member/profile/130727"
"Marcelo Marcos Rodriguez","Impulso Capital","","","","","Texas","Owner/Developer","https://www.icsc.com/member/profile/822510"
"Benjamin Marcus","Mimco","","","","","Texas","Owner/Developer","https://www.icsc.com/member/profile/512748"
"Jennifer Martel","Pohl Jensen","","","","","Texas","Owner/Developer","https://www.icsc.com/member/profile/861811"
"Jud Martin","Hammerford Development Co.","","","","","Texas","Owner/Developer","https://www.icsc.com/member/profile/353093"
"Mario Martinez","The Genecov Group","","","","","Texas","Owner/Developer","https://www.icsc.com/member/profile/841009"
"Craig Masteller","Guggenheim Retail Real Estate Partners","","","","","Texas","Owner/Developer","https://www.icsc.com/member/profile/856996"
"Christian McAnalley","HBC Interests","","","","","Texas","Owner/Developer","https://www.icsc.com/member/profile/846132"
"Hayden McCarty","Long View Equity","","","","","Texas","Owner/Developer","https://www.icsc.com/member/profile/864494"
"John McClure CCIM","McClure Partners","","","","","Texas","Owner/Developer","https://www.icsc.com/member/profile/316730"
"Jake McCoy","Waypoint Real Estate Development and Advisors","","","","","Texas","Owner/Developer","https://www.icsc.com/member/profile/833162"
"Jim McGinnis","FrontView REIT","","","","","Texas","Owner/Developer","https://www.icsc.com/member/profile/843223"
"Wade McGinnis, CLS","Barshop & Oles Company","","","","","Texas","Owner/Developer","https://www.icsc.com/member/profile/157260"
"Tim McNutt","DBA Commercial Real Estate","","","","","Texas","Owner/Developer","https://www.icsc.com/member/profile/521686"
"Robert Meara","The Meara Company","","","","","Texas","Owner/Developer","https://www.icsc.com/member/profile/800233"
"Jim Meara","The Meara Company","","","","","Texas","Owner/Developer","https://www.icsc.com/member/profile/104132"
"Ben Medetsky","Sky Capital Group","","","","","Texas","Owner/Developer","https://www.icsc.com/member/profile/831991"
"Scott Megahan","Wulfe and Co.","","","","","Texas","Owner/Developer","https://www.icsc.com/member/profile/113910"
"Aliakbar Meghani","Meghani Capital, LLC","","","","","Texas","Owner/Developer","https://www.icsc.com/member/profile/800264"
"Bill Mehrens","Sclay Management Inc.","","","","","Texas","Owner/Developer","https://www.icsc.com/member/profile/95166"
"Chris Merchant","Malabar Hill Capital","","","","","Texas","Owner/Developer","https://www.icsc.com/member/profile/666076"
"Joe Merritt","Merritt Capital Partners","","","","","Texas","Owner/Developer","https://www.icsc.com/member/profile/315832"
"Marshall Merritt","Merritt Capital Partners","","","","","Texas","Owner/Developer","https://www.icsc.com/member/profile/315831"
"Avi Metchik","Four Points Property Management","","","","","Texas","Owner/Developer","https://www.icsc.com/member/profile/832158"
"Nader Mezher","M1 RE","","","","","Texas","Owner/Developer","https://www.icsc.com/member/profile/827319"
"AnnaLisa Miller","Rio Tierra, LLC","","","","","Texas","Owner/Developer","https://www.icsc.com/member/profile/858158"
"Andrew Miller","Castle Development Group Inc","","","","","Texas","Owner/Developer","https://www.icsc.com/member/profile/412433"
"Taylor Mitcham","Creation RE","","","","","Texas","Owner/Developer","https://www.icsc.com/member/profile/846925"
"Terry Mitchell","MG Realty Investments LLC","","","","","Texas","Owner/Developer","https://www.icsc.com/member/profile/785455"
"Cross Moceri","Presidium","","","","","Texas","Owner/Developer","https://www.icsc.com/member/profile/830176"
"SHEHERYAAR MOHAMMAD","Level Capital","","","","","Texas","Owner/Developer","https://www.icsc.com/member/profile/822930"
"Anil Mohammad","DML Capital","","","","","Texas","Owner/Developer","https://www.icsc.com/member/profile/591747"
"Daniel Moon","Sam Moon Group","","","","","Texas","Owner/Developer","https://www.icsc.com/member/profile/308103"
"Kyle Moore","Bexar Capital, LLC.","","","","","Texas","Owner/Developer","https://www.icsc.com/member/profile/733345"
"Johnny Moore","JEMCO Holdings Inc.","","","","","Texas","Owner/Developer","https://www.icsc.com/member/profile/710611"
"Marissa Moreau","The Howard Hughes Corporation","","","","","Texas","Owner/Developer","https://www.icsc.com/member/profile/825998"
"Bobak Mostaghasi","VMB Equity Properties","","","","","Texas","Owner/Developer","https://www.icsc.com/member/profile/754757"
"Ramarao Mullapudi","Sunnyside Enterprises LLC","","","","","Texas","Owner/Developer","https://www.icsc.com/member/profile/808006"
"Luke Mullen","Brand Partners","","","","","Texas","Owner/Developer","https://www.icsc.com/member/profile/631214"
"Christine Mullis","L&B Realty Advisors, LLP","","","","","Texas","Owner/Developer","https://www.icsc.com/member/profile/502220"
"TALYI MUNOZ","GM EXPORTS","","","","","Texas","Owner/Developer","https://www.icsc.com/member/profile/790219"
"Pat Murphy","San Isidro Management","","","","","Texas","Owner/Developer","https://www.icsc.com/member/profile/870229"
"Bernadette Mussell","L&B Realty Advisors, LLP","","","","","Texas","Owner/Developer","https://www.icsc.com/member/profile/216334"
"Jordan Myller","BH Properties, LLC","","","","","Texas","Owner/Developer","https://www.icsc.com/member/profile/723292"
"Michael Nader","Ashland Company","","","","","Texas","Owner/Developer","https://www.icsc.com/member/profile/851840"
"Viran Nana","Q Companies","","","","","Texas","Owner/Developer","https://www.icsc.com/member/profile/803528"
"Nathan Nash","Steeplechase Ventures, LLC","","","","","Texas","Owner/Developer","https://www.icsc.com/member/profile/603999"
"Aaslam Nazarali","Aria Developers LLC","","","","","Texas","Owner/Developer","https://www.icsc.com/member/profile/823030"
"Brad Neff","Wytex BTS","","","","","Texas","Owner/Developer","https://www.icsc.com/member/profile/624343"
"Jake Neill","Long View Equity","","","","","Texas","Owner/Developer","https://www.icsc.com/member/profile/855210"
"Michael Nelson","Encore Commercial","","","","","Texas","Owner/Developer","https://www.icsc.com/member/profile/487613"
"Garrett Nerren","Steeplechase Ventures, LLC","","","","","Texas","Owner/Developer","https://www.icsc.com/member/profile/808067"
"Nhu Nguyen","Wulfe and Co.","","","","","Texas","Owner/Developer","https://www.icsc.com/member/profile/846635"
"Gary Nichols","G&G Real Properties","","","","","Texas","Owner/Developer","https://www.icsc.com/member/profile/809646"
"Maverick Noack","The Howard Hughes Corporation","","","","","Texas","Owner/Developer","https://www.icsc.com/member/profile/825999"
"Charles Northington","Endeavor Real Estate Group","","","","","Texas","Owner/Developer","https://www.icsc.com/member/profile/114025"
"Pat Oles","Barshop & Oles Company","","","","","Texas","Owner/Developer","https://www.icsc.com/member/profile/103156"
"Alexa OMary","Endeavor Real Estate Group","","","","","Texas","Owner/Developer","https://www.icsc.com/member/profile/800237"
"Matthew Omundson","Columnar","","","","","Texas","Owner/Developer","https://www.icsc.com/member/profile/848880"
"Cesar Ornelas","CO3 Investments","","","","","Texas","Owner/Developer","https://www.icsc.com/member/profile/870754"
"David Orr","Rockspring Capital","","","","","Texas","Owner/Developer","https://www.icsc.com/member/profile/746113"
"Nikki Orsak","Wulfe and Co.","","","","","Texas","Owner/Developer","https://www.icsc.com/member/profile/784975"
"Diana Ortega","GABO TX DEVELOPMENT LLC","","","","","Texas","Owner/Developer","https://www.icsc.com/member/profile/821345"
"Billy Osherow","Endeavor Real Estate Group","","","","","Texas","Owner/Developer","https://www.icsc.com/member/profile/102203"
"Gray Osment","Catalyst Commercial","","","","","Texas","Owner/Developer","https://www.icsc.com/member/profile/841126"
"John Ostrander","Bexar Capital, LLC.","","","","","Texas","Owner/Developer","https://www.icsc.com/member/profile/484909"
"Abe Pacetti","Regency Centers","","","","","Texas","Owner/Developer","https://www.icsc.com/member/profile/212495"
"Aamir Panjwani","Panjwani Energy, LLC","","","","","Texas","Owner/Developer","https://www.icsc.com/member/profile/821979"
"Shahzeb Panjwani","Panjwani Energy, LLC","","","","","Texas","Owner/Developer","https://www.icsc.com/member/profile/784360"
"Shahrukh Panjwani","Panjwani Energy, LLC","","","","","Texas","Owner/Developer","https://www.icsc.com/member/profile/784358"
"Feroz Panjwani","Panjwani Energy, LLC","","","","","Texas","Owner/Developer","https://www.icsc.com/member/profile/783582"
"Farhan Panjwani","Panjwani Energy, LLC","","","","","Texas","Owner/Developer","https://www.icsc.com/member/profile/783488"
"SCOTT PARK","IP INVESTMENTS LTD","","","","","Texas","Owner/Developer","https://www.icsc.com/member/profile/851400"
"Bryan Parker","Crow Holdings Capital","","","","","Texas","Owner/Developer","https://www.icsc.com/member/profile/803908"
"Shane Partridge","Certus Development Group","","","","","Texas","Owner/Developer","https://www.icsc.com/member/profile/620741"
"Joe Pastora","Stockdale Investment Group LLC","","","","","Texas","Owner/Developer","https://www.icsc.com/member/profile/526677"
"Tejas Patel","Level Capital","","","","","Texas","Owner/Developer","https://www.icsc.com/member/profile/851567"
"Jags Patel","Q Companies","","","","","Texas","Owner/Developer","https://www.icsc.com/member/profile/785612"
"Keni Patel","Point Acquisitions LLC","","","","","Texas","Owner/Developer","https://www.icsc.com/member/profile/775162"
"Mitesh Patel","Level Capital","","","","","Texas","Owner/Developer","https://www.icsc.com/member/profile/735717"
"Anna Pavlovich","Inland Real Estate Group of Companies, Inc., The","","","","","Texas","Owner/Developer","https://www.icsc.com/member/profile/587216"
"Glenn Pellas","Tannos Development Group, LLC","","","","","Texas","Owner/Developer","https://www.icsc.com/member/profile/855091"
"Scott Pendery","Aspen Community Development, LLC","","","","","Texas","Owner/Developer","https://www.icsc.com/member/profile/628409"
"Hannah Permen","Regency Centers","","","","","Texas","Owner/Developer","https://www.icsc.com/member/profile/842270"
"Kevin Perry","KP3 Investments LLC","","","","","Texas","Owner/Developer","https://www.icsc.com/member/profile/847395"
"Kristina Perry","ASA Properties","","","","","Texas","Owner/Developer","https://www.icsc.com/member/profile/818400"
"Jim Peterson","Virgata Property Company","","","","","Texas","Owner/Developer","https://www.icsc.com/member/profile/689514"
"Jake Petras","E&A Real Estate, LLC","","","","","Texas","Owner/Developer","https://www.icsc.com/member/profile/782437"
"Nicholas Petroff","Petroff Realty & Investments","","","","","Texas","Owner/Developer","https://www.icsc.com/member/profile/801192"
"Todd Petty","Greenway Investment Company","","","","","Texas","Owner/Developer","https://www.icsc.com/member/profile/846554"
"Ryan Petty","Greenway Investment Company","","","","","Texas","Owner/Developer","https://www.icsc.com/member/profile/311808"
"Christina Phan","Tannos Development Group, LLC","","","","","Texas","Owner/Developer","https://www.icsc.com/member/profile/855098"
"Chris Pitts","Main Street Commercial Partners","","","","","Texas","Owner/Developer","https://www.icsc.com/member/profile/296482"
"Joy Plantowsky","Kagan Realty Investors","","","","","Texas","Owner/Developer","https://www.icsc.com/member/profile/657677"
"Melissa Podlasek","The Howard Hughes Corporation","","","","","Texas","Owner/Developer","https://www.icsc.com/member/profile/593419"
"Zach Potts","Chanan Corporation","","","","","Texas","Owner/Developer","https://www.icsc.com/member/profile/867275"
"Randall Potts","Harvest Real Estate","","","","","Texas","Owner/Developer","https://www.icsc.com/member/profile/822563"
"Christopher Powell","Pipeline Realty","","","","","Texas","Owner/Developer","https://www.icsc.com/member/profile/689915"
"DAVID PROBERT","PC CAD","","","","","Texas","Owner/Developer","https://www.icsc.com/member/profile/822158"
"Marty Rader","Dfw Realty Partners Llc","","","","","Texas","Owner/Developer","https://www.icsc.com/member/profile/803013"
"Richard Rainer","Excel Commercial Real Estate, LLC","","","","","Texas","Owner/Developer","https://www.icsc.com/member/profile/847122"
"Jorge Ramirez","De La Vega Capital","","","","","Texas","Owner/Developer","https://www.icsc.com/member/profile/801096"
"Tony Ramji","Victory Real Estate Group","","","","","Texas","Owner/Developer","https://www.icsc.com/member/profile/570370"
"Jeff Ray","RGV Management","","","","","Texas","Owner/Developer","https://www.icsc.com/member/profile/830705"
"Blake Reed","Timmerman Capital","","","","","Texas","Owner/Developer","https://www.icsc.com/member/profile/865750"
"Kenley Reed","Presidium","","","","","Texas","Owner/Developer","https://www.icsc.com/member/profile/846095"
"Jeffrey Reed","Regency Centers","","","","","Texas","Owner/Developer","https://www.icsc.com/member/profile/811565"
"Amy Reid","Pohl Jensen","","","","","Texas","Owner/Developer","https://www.icsc.com/member/profile/776220"
"Chelsea Reiter","Mimco","","","","","Texas","Owner/Developer","https://www.icsc.com/member/profile/819867"
"Scott Remphrey","The Brytar Company","","","","","Texas","Owner/Developer","https://www.icsc.com/member/profile/332650"
"Elizabeth Ricarte, CMD","MetroNational","","","","","Texas","Owner/Developer","https://www.icsc.com/member/profile/100145"
"Reid Richardson","Ashton Gray","","","","","Texas","Owner/Developer","https://www.icsc.com/member/profile/858572"
"Todd Richert","Southstar Communities","","","","","Texas","Owner/Developer","https://www.icsc.com/member/profile/869844"
"Mitchell Rigamonti","Serac Capital Partners","","","","","Texas","Owner/Developer","https://www.icsc.com/member/profile/822489"
"Taylor Roberts","Pinnacle Development","","","","","Texas","Owner/Developer","https://www.icsc.com/member/profile/398980"
"Bobby Dan Roberts","Pinnacle Development","","","","","Texas","Owner/Developer","https://www.icsc.com/member/profile/270834"
"Jared Robertson","Texas Four Bar R Investments, LLC","","","","","Texas","Owner/Developer","https://www.icsc.com/member/profile/806506"
"Eduardo Robinson","Drury Southwest, Inc.","","","","","Texas","Owner/Developer","https://www.icsc.com/member/profile/723965"
"Gabe Rodarte","Vertical Equity","","","","","Texas","Owner/Developer","https://www.icsc.com/member/profile/831114"
"Landon Rodie","JF HOLDINGS","","","","","Texas","Owner/Developer","https://www.icsc.com/member/profile/841389"
"Herman Rodriguez","Majestic Developers","","","","","Texas","Owner/Developer","https://www.icsc.com/member/profile/868050"
"Sohail Roopani","Edloe Realty","","","","","Texas","Owner/Developer","https://www.icsc.com/member/profile/848768"
"Anil Roopani","Edloe Realty","","","","","Texas","Owner/Developer","https://www.icsc.com/member/profile/848767"
"Shehzad Roopani","Edloe Realty","","","","","Texas","Owner/Developer","https://www.icsc.com/member/profile/848763"
"Eric Roseman","Metropolis","","","","","Texas","Owner/Developer","https://www.icsc.com/member/profile/852613"
"Tim Rossi","Guggenheim Retail Real Estate Partners","","","","","Texas","Owner/Developer","https://www.icsc.com/member/profile/635443"
"Ryan Rubenkoenig","Red Tail Acquisitions","","","","","Texas","Owner/Developer","https://www.icsc.com/member/profile/369624"
"Thad Rutherford","Southstar Communities","","","","","Texas","Owner/Developer","https://www.icsc.com/member/profile/869853"
"Jonathan Saad","Danly Properties","","","","","Texas","Owner/Developer","https://www.icsc.com/member/profile/821695"
"George Sakakeeny","AdVenture Development, LLC","","","","","Texas","Owner/Developer","https://www.icsc.com/member/profile/137697"
"Sabrina Sanders","Endeavor Real Estate Group","","","","","Texas","Owner/Developer","https://www.icsc.com/member/profile/832781"
"Patrick Sauer","Mutual Development Company, LLC","","","","","Texas","Owner/Developer","https://www.icsc.com/member/profile/200331"
"McGee Sauls","Mimco","","","","","Texas","Owner/Developer","https://www.icsc.com/member/profile/573710"
"Brian Saxenian","Saxenian Assets","","","","","Texas","Owner/Developer","https://www.icsc.com/member/profile/610554"
"Charles Schaefer","Gentilly LLC","","","","","Texas","Owner/Developer","https://www.icsc.com/member/profile/782966"
"Brandon Schawe CCIM","EDENS","","","","","Texas","Owner/Developer","https://www.icsc.com/member/profile/567695"
"Miles Schiller","Arc Capital Partners","","","","","Texas","Owner/Developer","https://www.icsc.com/member/profile/870672"
"Geoffrey Schnipper","Glen Una Management","","","","","Texas","Owner/Developer","https://www.icsc.com/member/profile/845448"
"Bob Sellingsloh","Wulfe and Co.","","","","","Texas","Owner/Developer","https://www.icsc.com/member/profile/96314"
"Mili Shah","TENANT MANAGERS","","","","","Texas","Owner/Developer","https://www.icsc.com/member/profile/809160"
"NIRAV SHAH","TENANT MANAGERS","","","","","Texas","Owner/Developer","https://www.icsc.com/member/profile/809159"
"Stuart Shapiro","Narrow Bridge Properties","","","","","Texas","Owner/Developer","https://www.icsc.com/member/profile/690316"
"Mohamed Sharaf","Victron Energy","","","","","Texas","Owner/Developer","https://www.icsc.com/member/profile/706917"
"Neel Shetti","Russell Glen Company","","","","","Texas","Owner/Developer","https://www.icsc.com/member/profile/837103"
"Jeffrey Shidler","Campbell Road Partners LLC","","","","","Texas","Owner/Developer","https://www.icsc.com/member/profile/727816"
"Tamara Shubert","Tannos Development Group, LLC","","","","","Texas","Owner/Developer","https://www.icsc.com/member/profile/855094"
"Khalid Siddiqui","Property Exchange Development","","","","","Texas","Owner/Developer","https://www.icsc.com/member/profile/651486"
"Daniel Signorelli","The Signorelli Company","","","","","Texas","Owner/Developer","https://www.icsc.com/member/profile/333040"
"Donald Silverman","MQ Development Companies","","","","","Texas","Owner/Developer","https://www.icsc.com/member/profile/354253"
"Taryn Sims, CRX, CSM","Wulfe and Co.","","","","","Texas","Owner/Developer","https://www.icsc.com/member/profile/196917"
"Cameron (Guy) Slimp","Sensato Development","","","","","Texas","Owner/Developer","https://www.icsc.com/member/profile/845428"
"Schafer Smartt","Larkspur Capital LP","","","","","Texas","Owner/Developer","https://www.icsc.com/member/profile/821679"
"Gage Smith","JF HOLDINGS","","","","","Texas","Owner/Developer","https://www.icsc.com/member/profile/841391"
"Blake Smith","Standridge Companies","","","","","Texas","Owner/Developer","https://www.icsc.com/member/profile/800299"
"Anderson Smith","Main Street Commerical Partners","","","","","Texas","Owner/Developer","https://www.icsc.com/member/profile/367094"
"Jane Snoddy Smith","JAE Law Group, PLLC","","","","","Texas","Owner/Developer","https://www.icsc.com/member/profile/494366"
"John Sobenes","The Rainier Companies","","","","","Texas","Owner/Developer","https://www.icsc.com/member/profile/777963"
"Ali Sohani","2020 Harwin 59 Shopping Centers, LTD.","","","","","Texas","Owner/Developer","https://www.icsc.com/member/profile/847519"
"Barkat Somani","Interflow VC","","","","","Texas","Owner/Developer","https://www.icsc.com/member/profile/832205"
"Stacy Standridge","Standridge Companies","","","","","Texas","Owner/Developer","https://www.icsc.com/member/profile/803015"
"Staton Standridge","Standridge Companies","","","","","Texas","Owner/Developer","https://www.icsc.com/member/profile/781238"
"Riley Standridge","Standridge Companies","","","","","Texas","Owner/Developer","https://www.icsc.com/member/profile/738446"
"Taylor Steed","FourT Realty","","","","","Texas","Owner/Developer","https://www.icsc.com/member/profile/516658"
"Randall Stepp","Ramrock Real Estate LLC","","","","","Texas","Owner/Developer","https://www.icsc.com/member/profile/93945"
"Connor Stewart","TSM Ventures, Inc","","","","","Texas","Owner/Developer","https://www.icsc.com/member/profile/846477"
"Parker Stewart","TSM Ventures, Inc","","","","","Texas","Owner/Developer","https://www.icsc.com/member/profile/642593"
"Jon Stewart","TSM Ventures, Inc","","","","","Texas","Owner/Developer","https://www.icsc.com/member/profile/635823"
"Patrick Stites","The Signorelli Company","","","","","Texas","Owner/Developer","https://www.icsc.com/member/profile/842215"
"Aaron Stoll","Polished Dimes Real Estate, LLC","","","","","Texas","Owner/Developer","https://www.icsc.com/member/profile/312471"
"Luke Stone","Barshop & Oles Company","","","","","Texas","Owner/Developer","https://www.icsc.com/member/profile/727304"
"Audrey Sullivan","JAE Law Group, PLLC","","","","","Texas","Owner/Developer","https://www.icsc.com/member/profile/760801"
"Randy Summers CCIM","Davis Equity Realty","","","","","Texas","Owner/Developer","https://www.icsc.com/member/profile/260366"
"Robert Sussman","Ancorian","","","","","Texas","Owner/Developer","https://www.icsc.com/member/profile/690151"
"Ginny Tannos","Tannos Development Group, LLC","","","","","Texas","Owner/Developer","https://www.icsc.com/member/profile/782242"
"Louis Tannos","Tannos Development Group, LLC","","","","","Texas","Owner/Developer","https://www.icsc.com/member/profile/782241"
"Jonah Tannos","Tannos Development Group, LLC","","","","","Texas","Owner/Developer","https://www.icsc.com/member/profile/739928"
"Tenel Tayar","Fifth Corner","","","","","Texas","Owner/Developer","https://www.icsc.com/member/profile/279478"
"Scott Taylor","The Rainier Companies","","","","","Texas","Owner/Developer","https://www.icsc.com/member/profile/689010"
"Sara Terry","Pacific Elm Properties","","","","","Texas","Owner/Developer","https://www.icsc.com/member/profile/868757"
"Andy Thelen","The Criterion Fund","","","","","Texas","Owner/Developer","https://www.icsc.com/member/profile/699924"
"John Thomas","Marquette Realty,LLC","","","","","Texas","Owner/Developer","https://www.icsc.com/member/profile/453655"
"Rick Thomason","Llano Real Estate Group","","","","","Texas","Owner/Developer","https://www.icsc.com/member/profile/843859"
"Alex Thompson","Encore Commercial","","","","","Texas","Owner/Developer","https://www.icsc.com/member/profile/589008"
"Bonnie Threadgill","EDENS","","","","","Texas","Owner/Developer","https://www.icsc.com/member/profile/295288"
"Matthew Tice","Inland Real Estate Group of Companies, Inc., The","","","","","Texas","Owner/Developer","https://www.icsc.com/member/profile/297774"
"Mark Toon","Puma Development","","","","","Texas","Owner/Developer","https://www.icsc.com/member/profile/801540"
"Joseph Tran","Fifth Corner","","","","","Texas","Owner/Developer","https://www.icsc.com/member/profile/845874"
"Michael Trenary","Standridge Companies","","","","","Texas","Owner/Developer","https://www.icsc.com/member/profile/311495"
"Lequa Tuy","Cedar Creek Urban Development Inc","","","","","Texas","Owner/Developer","https://www.icsc.com/member/profile/853848"
"Trevor Tyson","Haydn Cutler Company","","","","","Texas","Owner/Developer","https://www.icsc.com/member/profile/709539"
"Tracy Underwood","Billingsley Company","","","","","Texas","Owner/Developer","https://www.icsc.com/member/profile/869663"
"Jeremy Utash","J3 Developments LLC","","","","","Texas","Owner/Developer","https://www.icsc.com/member/profile/861408"
"Carolina Vargas","GABO TX DEVELOPMENT LLC","","","","","Texas","Owner/Developer","https://www.icsc.com/member/profile/869219"
"shashi vaswani","ARMS LLC","","","","","Texas","Owner/Developer","https://www.icsc.com/member/profile/778748"
"Amy Vatzlavick","Pohl Jensen","","","","","Texas","Owner/Developer","https://www.icsc.com/member/profile/302157"
"Grisham Vaught","COLONY RIDGE","","","","","Texas","Owner/Developer","https://www.icsc.com/member/profile/822832"
"Paul Vazaldua","Vazaldua and Associates","","","","","Texas","Owner/Developer","https://www.icsc.com/member/profile/800012"
"Sallie Vega","Boot Lake Ranch Property Owner, LLC","","","","","Texas","Owner/Developer","https://www.icsc.com/member/profile/815935"
"Vernon VELDEKENS","Marcel Group","","","","","Texas","Owner/Developer","https://www.icsc.com/member/profile/870598"
"Faisal Vellani","Xceed Capital Group","","","","","Texas","Owner/Developer","https://www.icsc.com/member/profile/847331"
"Alberto Villarreal","Origo Works","","","","","Texas","Owner/Developer","https://www.icsc.com/member/profile/845546"
"Jamail Virani","Level Capital","","","","","Texas","Owner/Developer","https://www.icsc.com/member/profile/807914"
"Jimmy Wachaa","HAZA Group","","","","","Texas","Owner/Developer","https://www.icsc.com/member/profile/675051"
"Neal Wade","Main Street Commercial Partners","","","","","Texas","Owner/Developer","https://www.icsc.com/member/profile/367369"
"Brenna Wadleigh, CRRP","N3 Real Estate","","","","","Texas","Owner/Developer","https://www.icsc.com/member/profile/416642"
"Easley Waggoner Jr","Brownlee Waggoner Holdings, LLC","","","","","Texas","Owner/Developer","https://www.icsc.com/member/profile/139851"
"Scott Walker","Mimco","","","","","Texas","Owner/Developer","https://www.icsc.com/member/profile/352585"
"John Wall Jr","1912 Ventures","","","","","Texas","Owner/Developer","https://www.icsc.com/member/profile/561825"
"William Watson","Direct Partners","","","","","Texas","Owner/Developer","https://www.icsc.com/member/profile/801143"
"Elise Weatherall","Wulfe and Co.","","","","","Texas","Owner/Developer","https://www.icsc.com/member/profile/98792"
"Harrison Weaver","L&B Realty Advisors, LLP","","","","","Texas","Owner/Developer","https://www.icsc.com/member/profile/829285"
"Scott Weaver","Rubicon Realty Group","","","","","Texas","Owner/Developer","https://www.icsc.com/member/profile/130578"
"Hannah Webb","N3 Real Estate","","","","","Texas","Owner/Developer","https://www.icsc.com/member/profile/744201"
"Cody Weiss","LV Collective","","","","","Texas","Owner/Developer","https://www.icsc.com/member/profile/854221"
"Ryleigh Werner","ESW Land Development","","","","","Texas","Owner/Developer","https://www.icsc.com/member/profile/854672"
"Kelly West","JF HOLDINGS","","","","","Texas","Owner/Developer","https://www.icsc.com/member/profile/780250"
"Christopher Westphal","Samara Real Property","","","","","Texas","Owner/Developer","https://www.icsc.com/member/profile/784515"
"Pat Wheat V","Barshop & Oles Company","","","","","Texas","Owner/Developer","https://www.icsc.com/member/profile/619402"
"Livy White","ExchangeRight Real Estate","","","","","Texas","Owner/Developer","https://www.icsc.com/member/profile/869259"
"Chris Whitworth","Cordova Real Estate Ventures","","","","","Texas","Owner/Developer","https://www.icsc.com/member/profile/300817"
"Katherine Wildman","Wulfe and Co.","","","","","Texas","Owner/Developer","https://www.icsc.com/member/profile/96053"
"Adam Williams","Denali Properties","","","","","Texas","Owner/Developer","https://www.icsc.com/member/profile/712816"
"Noah Williams","W Real Estate Management","","","","","Texas","Owner/Developer","https://www.icsc.com/member/profile/533705"
"Will Wilson","Corsair Property Company","","","","","Texas","Owner/Developer","https://www.icsc.com/member/profile/710161"
"Patrick Windley","Las Aquilas","","","","","Texas","Owner/Developer","https://www.icsc.com/member/profile/792976"
"justyn winner","Salient Property Holdings","","","","","Texas","Owner/Developer","https://www.icsc.com/member/profile/852962"
"Grace Withers","MetroNational","","","","","Texas","Owner/Developer","https://www.icsc.com/member/profile/780335"
"Paul Witt","River Central Development","","","","","Texas","Owner/Developer","https://www.icsc.com/member/profile/847353"
"John Womack","Mil Encinos Development, Ltd.","","","","","Texas","Owner/Developer","https://www.icsc.com/member/profile/426433"
"Lee Wong","GCP","","","","","Texas","Owner/Developer","https://www.icsc.com/member/profile/779434"
"Colton Wright","Vista Property Company","","","","","Texas","Owner/Developer","https://www.icsc.com/member/profile/376187"
"Phillip Wrobel LEED AP","Hunt Companies - Hunt Communities","","","","","Texas","Owner/Developer","https://www.icsc.com/member/profile/846833"
"Brandon Yuan","Sinotex Properties","","","","","Texas","Owner/Developer","https://www.icsc.com/member/profile/803243"
"Ethan Zenzen","Majestic Developers","","","","","Texas","Owner/Developer","https://www.icsc.com/member/profile/857960"
"Adam Zimel","Endeavor Real Estate Group","","","","","Texas","Owner/Developer","https://www.icsc.com/member/profile/351578"
"Arthur Zuniga","Fasken Ltd.","","","","","Texas","Owner/Developer","https://www.icsc.com/member/profile/821407"
"Crew Ainge","Utah City","","","","","Utah","Owner/Developer","https://www.icsc.com/member/profile/790337"
"Omar Boudiaf","Boulder Ventures Development","","","","","Utah","Owner/Developer","https://www.icsc.com/member/profile/856046"
"Ryan Bull","Land Reserve","","","","","Utah","Owner/Developer","https://www.icsc.com/member/profile/804332"
"David Cannon","Larry H. Miller Real Estate","","","","","Utah","Owner/Developer","https://www.icsc.com/member/profile/855855"
"Howard Cooke","Gardner Group","","","","","Utah","Owner/Developer","https://www.icsc.com/member/profile/806065"
"Carl Duke","Larry H. Miller Real Estate","","","","","Utah","Owner/Developer","https://www.icsc.com/member/profile/830285"
"Devon Fleetwood","S-DevCorp Inc.","","","","","Utah","Owner/Developer","https://www.icsc.com/member/profile/852670"
"Trevor Gasser","TGI CORP.","","","","","Utah","Owner/Developer","https://www.icsc.com/member/profile/522857"
"John Gust","Arbor Commercial","","","","","Utah","Owner/Developer","https://www.icsc.com/member/profile/221586"
"Dee Hansen","The DRH Company","","","","","Utah","Owner/Developer","https://www.icsc.com/member/profile/336232"
"Jay Hardy","Colmena Group","","","","","Utah","Owner/Developer","https://www.icsc.com/member/profile/853306"
"KEN HOLMAN","Overland Group Inc.","","","","","Utah","Owner/Developer","https://www.icsc.com/member/profile/803990"
"Nate Hutchinson","Utah City","","","","","Utah","Owner/Developer","https://www.icsc.com/member/profile/739522"
"Jonathan Kath","GGP","","","","","Utah","Owner/Developer","https://www.icsc.com/member/profile/858130"
"Rhyand Lund","Red Root LLC","","","","","Utah","Owner/Developer","https://www.icsc.com/member/profile/788659"
"Brent Malili","Forza Development","","","","","Utah","Owner/Developer","https://www.icsc.com/member/profile/803598"
"Craig Martin","Wasatch Commercial Developers","","","","","Utah","Owner/Developer","https://www.icsc.com/member/profile/807755"
"Mark Murdock","Gardner Group","","","","","Utah","Owner/Developer","https://www.icsc.com/member/profile/850863"
"David Murdock","Northpoint Construction and Development LLC","","","","","Utah","Owner/Developer","https://www.icsc.com/member/profile/675939"
"Dell Nichols","DNCRE Development LLC","","","","","Utah","Owner/Developer","https://www.icsc.com/member/profile/808788"
"Russ Orsi","Forza Development","","","","","Utah","Owner/Developer","https://www.icsc.com/member/profile/855764"
"BRAD PETERSEN","Net Lease Capital","","","","","Utah","Owner/Developer","https://www.icsc.com/member/profile/853331"
"Jerry Price","Wasatch Commercial Developers","","","","","Utah","Owner/Developer","https://www.icsc.com/member/profile/833217"
"Race Raddon","Raddon Development","","","","","Utah","Owner/Developer","https://www.icsc.com/member/profile/833033"
"David Rose","Regal Commercial Properties","","","","","Utah","Owner/Developer","https://www.icsc.com/member/profile/808650"
"Leif Smith","Wasatch Commercial Developers","","","","","Utah","Owner/Developer","https://www.icsc.com/member/profile/855686"
"Jason Smith","TerraForm Companies LLC","","","","","Utah","Owner/Developer","https://www.icsc.com/member/profile/493700"
"Nicole Stangl","S-DevCorp Inc.","","","","","Utah","Owner/Developer","https://www.icsc.com/member/profile/852591"
"Matthew Stapley","Land Reserve","","","","","Utah","Owner/Developer","https://www.icsc.com/member/profile/788903"
"Tyler Strong","USFP, LLC","","","","","Utah","Owner/Developer","https://www.icsc.com/member/profile/803336"
"Giano Titolo","Boulder Ventures Development","","","","","Utah","Owner/Developer","https://www.icsc.com/member/profile/856112"
"Matt Wilcox","Wasatch Commercial Developers","","","","","Utah","Owner/Developer","https://www.icsc.com/member/profile/809244"
"Carl Wood","NNN Retail Development","","","","","Utah","Owner/Developer","https://www.icsc.com/member/profile/684781"
"Spencer Wright","Wright Development Group","","","","","Utah","Owner/Developer","https://www.icsc.com/member/profile/832084"
"Jon Yalof","Tanger","","","","","Utah","Owner/Developer","https://www.icsc.com/member/profile/853083"
"Josh Zieglowsky","Diamond Inner Circle Investments","","","","","Utah","Owner/Developer","https://www.icsc.com/member/profile/733938"
"Ben Baci","GrangeStone Development LLC","","","","","Virginia","Owner/Developer","https://www.icsc.com/member/profile/842241"
"Nancy Bhasin","The Peterson Companies","","","","","Virginia","Owner/Developer","https://www.icsc.com/member/profile/847193"
"Rita Bragg","Capital Automotive Real Estate Services","","","","","Virginia","Owner/Developer","https://www.icsc.com/member/profile/870215"
"Todd Buchanan","Interstate Commercial Real Estate Services","","","","","Virginia","Owner/Developer","https://www.icsc.com/member/profile/854201"
"Michael Cherner","Cherner Development Group","","","","","Virginia","Owner/Developer","https://www.icsc.com/member/profile/855078"
"Kimli Cross","The Peterson Companies","","","","","Virginia","Owner/Developer","https://www.icsc.com/member/profile/98990"
"Deirdre Delaporte","Sterling Organization","","","","","Virginia","Owner/Developer","https://www.icsc.com/member/profile/364845"
"Allison Dunleavy","Sifen Inc","","","","","Virginia","Owner/Developer","https://www.icsc.com/member/profile/855054"
"Daniel Figueroa","The Peterson Companies","","","","","Virginia","Owner/Developer","https://www.icsc.com/member/profile/321343"
"Marshall French","Sauer Properties, Inc.","","","","","Virginia","Owner/Developer","https://www.icsc.com/member/profile/846523"
"Liz French","The Peterson Companies","","","","","Virginia","Owner/Developer","https://www.icsc.com/member/profile/741962"
"Daniel Garces","Capital Automotive Real Estate Services","","","","","Virginia","Owner/Developer","https://www.icsc.com/member/profile/870224"
"Vince Gelonese","Macerich","","","","","Virginia","Owner/Developer","https://www.icsc.com/member/profile/797631"
"Roby Hackney","Hackney Real Estate","","","","","Virginia","Owner/Developer","https://www.icsc.com/member/profile/675195"
"Richard Hart","Chain Bridge Capital LLC","","","","","Virginia","Owner/Developer","https://www.icsc.com/member/profile/849509"
"John Hauserman","Riverstone Properties","","","","","Virginia","Owner/Developer","https://www.icsc.com/member/profile/329382"
"Kurt Ivey","Macerich","","","","","Virginia","Owner/Developer","https://www.icsc.com/member/profile/789429"
"Erin Jarquin","The Peterson Companies","","","","","Virginia","Owner/Developer","https://www.icsc.com/member/profile/376568"
"Deirdre Johnson, CRX, CSM","Federal Realty","","","","","Virginia","Owner/Developer","https://www.icsc.com/member/profile/149910"
"PK Kamath","Brownstone Asset Management LLC","","","","","Virginia","Owner/Developer","https://www.icsc.com/member/profile/811152"
"Chadwick King","King Commercial Properties","","","","","Virginia","Owner/Developer","https://www.icsc.com/member/profile/617126"
"April Laney","Regency Centers","","","","","Virginia","Owner/Developer","https://www.icsc.com/member/profile/446099"
"Michael Leon","The Peterson Companies","","","","","Virginia","Owner/Developer","https://www.icsc.com/member/profile/509351"
"Bryan Lytton","The Peterson Companies","","","","","Virginia","Owner/Developer","https://www.icsc.com/member/profile/850853"
"Chelsea Marchant","First National Realty Partners","","","","","Virginia","Owner/Developer","https://www.icsc.com/member/profile/862686"
"Patrick McCormick","Mill Creek Residential","","","","","Virginia","Owner/Developer","https://www.icsc.com/member/profile/750724"
"Kim McEvers","Langley Park Plaza Inc","","","","","Virginia","Owner/Developer","https://www.icsc.com/member/profile/772671"
"reid mene","The Peterson Companies","","","","","Virginia","Owner/Developer","https://www.icsc.com/member/profile/816336"
"John Minich","Elm Street Development, Inc.","","","","","Virginia","Owner/Developer","https://www.icsc.com/member/profile/792502"
"Sarah North","Federal Realty","","","","","Virginia","Owner/Developer","https://www.icsc.com/member/profile/346577"
"Carl Olzawski","Chain Bridge Capital LLC","","","","","Virginia","Owner/Developer","https://www.icsc.com/member/profile/790394"
"Jeff Parana","Potomac Development Group","","","","","Virginia","Owner/Developer","https://www.icsc.com/member/profile/186380"
"Michael Perine","MJP Properties, LLC","","","","","Virginia","Owner/Developer","https://www.icsc.com/member/profile/655215"
"Kelly Price, CSM","The Peterson Companies","","","","","Virginia","Owner/Developer","https://www.icsc.com/member/profile/135252"
"Bronson Reed","Pinnacle Development","","","","","Virginia","Owner/Developer","https://www.icsc.com/member/profile/827999"
"Madison Roach","The Peterson Companies","","","","","Virginia","Owner/Developer","https://www.icsc.com/member/profile/804740"
"Joanna Rothermel, CMD","The Peterson Companies","","","","","Virginia","Owner/Developer","https://www.icsc.com/member/profile/381564"
"Adam Sledd","Sledd Properties","","","","","Virginia","Owner/Developer","https://www.icsc.com/member/profile/334142"
"Melanie Stehmer-Townsend LEED AP","Capital Automotive Real Estate Services","","","","","Virginia","Owner/Developer","https://www.icsc.com/member/profile/797899"
"Juanita Stewart","The Peterson Companies","","","","","Virginia","Owner/Developer","https://www.icsc.com/member/profile/610131"
"Alan Taylor","Riverbend Development","","","","","Virginia","Owner/Developer","https://www.icsc.com/member/profile/691016"
"Season Taylor Esq","The Peterson Companies","","","","","Virginia","Owner/Developer","https://www.icsc.com/member/profile/412612"
"Malay Thakkar","Pushar Group","","","","","Virginia","Owner/Developer","https://www.icsc.com/member/profile/830020"
"Paul Weinschenk, CRRP, CRX","The Peterson Companies","","","","","Virginia","Owner/Developer","https://www.icsc.com/member/profile/192145"
"Mike Ziegler Jr","Eagle Development Group","","","","","Virginia","Owner/Developer","https://www.icsc.com/member/profile/797149"
"Michael Ziegler Sr","Eagle Development Group","","","","","Virginia","Owner/Developer","https://www.icsc.com/member/profile/238597"
"Carsten Belanich","Business Property Development LLC","","","","","Washington","Owner/Developer","https://www.icsc.com/member/profile/812387"
"Marianne Bornhoft","Bornhoft Commercial","","","","","Washington","Owner/Developer","https://www.icsc.com/member/profile/790233"
"Rick Cadwell","The Cadwell Group","","","","","Washington","Owner/Developer","https://www.icsc.com/member/profile/621487"
"Haley Calisher","Hurley Development","","","","","Washington","Owner/Developer","https://www.icsc.com/member/profile/789059"
"Tiana Cooper","Business Property Development LLC","","","","","Washington","Owner/Developer","https://www.icsc.com/member/profile/860779"
"David Copenhaver, CDP","Cascadia Development Partners","","","","","Washington","Owner/Developer","https://www.icsc.com/member/profile/130543"
"Joseph Corsell","The Cafaro Company","","","","","Washington","Owner/Developer","https://www.icsc.com/member/profile/217741"
"Robert Edwin Davis","Three Rivers Development Group LLC","","","","","Washington","Owner/Developer","https://www.icsc.com/member/profile/854028"
"Jamie Fisher","Cascadia Development Partners","","","","","Washington","Owner/Developer","https://www.icsc.com/member/profile/830124"
"Brian Franklin","PMF Capital Management LLC","","","","","Washington","Owner/Developer","https://www.icsc.com/member/profile/541619"
"Karisa Freeman","Powell Development Company","","","","","Washington","Owner/Developer","https://www.icsc.com/member/profile/782853"
"John Frew","Frew Development Group, LLC","","","","","Washington","Owner/Developer","https://www.icsc.com/member/profile/567199"
"J. Trinidad Garibay","Elite Construction & Development, LLC","","","","","Washington","Owner/Developer","https://www.icsc.com/member/profile/851485"
"Ashley Garron, CRRP","Regency Centers","","","","","Washington","Owner/Developer","https://www.icsc.com/member/profile/654491"
"Brandon Haugen","Kalispel Development","","","","","Washington","Owner/Developer","https://www.icsc.com/member/profile/789890"
"Robert Hemmen","Chehalis Tribal Enterprises","","","","","Washington","Owner/Developer","https://www.icsc.com/member/profile/851834"
"Michael Hickey","Business Property Development LLC","","","","","Washington","Owner/Developer","https://www.icsc.com/member/profile/806441"
"Larry Ingraham CCIM","Emerald Properties Brokerage & Development, LLC","","","","","Washington","Owner/Developer","https://www.icsc.com/member/profile/555241"
"James Ivers","Pinnacle of Parnassus Holdings, LLC","","","","","Washington","Owner/Developer","https://www.icsc.com/member/profile/830605"
"Timothy Jackson","PMF Capital Management LLC","","","","","Washington","Owner/Developer","https://www.icsc.com/member/profile/439579"
"Sang Ji","Sang Ji","","","","","Washington","Owner/Developer","https://www.icsc.com/member/profile/806816"
"Austin Johnson","AMJ Development","","","","","Washington","Owner/Developer","https://www.icsc.com/member/profile/738775"
"Gabriel Kamkoff","Lummi Comercail Company","","","","","Washington","Owner/Developer","https://www.icsc.com/member/profile/839351"
"Kristi Keene, CMD","Merlone Geier Management Inc.","","","","","Washington","Owner/Developer","https://www.icsc.com/member/profile/134372"
"Nate Klein","Zaxium","","","","","Washington","Owner/Developer","https://www.icsc.com/member/profile/799978"
"Joseph Lacko","JL Management","","","","","Washington","Owner/Developer","https://www.icsc.com/member/profile/849713"
"Shannon Lambert","PartnershipNW","","","","","Washington","Owner/Developer","https://www.icsc.com/member/profile/854016"
"Joe Lane","The Lane Company, LLC","","","","","Washington","Owner/Developer","https://www.icsc.com/member/profile/803184"
"Corie Leep-Wymer","Business Property Development LLC","","","","","Washington","Owner/Developer","https://www.icsc.com/member/profile/821216"
"Scott Lindgren","Cascadia Development Partners","","","","","Washington","Owner/Developer","https://www.icsc.com/member/profile/162192"
"Douglas Lo","Zolo, LLC","","","","","Washington","Owner/Developer","https://www.icsc.com/member/profile/789624"
"Jordan Matson","Khazad-dum","","","","","Washington","Owner/Developer","https://www.icsc.com/member/profile/787432"
"Mark McDonald","NWCC","","","","","Washington","Owner/Developer","https://www.icsc.com/member/profile/854449"
"Elizabeth McGree","JEM Development Real Estate, Inc.","","","","","Washington","Owner/Developer","https://www.icsc.com/member/profile/769718"
"joseph minder","Creative Commercial Investments , LLC","","","","","Washington","Owner/Developer","https://www.icsc.com/member/profile/770097"
"David Montevideo","The Cafaro Company","","","","","Washington","Owner/Developer","https://www.icsc.com/member/profile/117477"
"AJ Ochoa","Green Pointe Properties, LLC","","","","","Washington","Owner/Developer","https://www.icsc.com/member/profile/802212"
"Jodi Ochoa","Green Pointe Properties, LLC","","","","","Washington","Owner/Developer","https://www.icsc.com/member/profile/802211"
"Callie Ochoa","Green Pointe Properties, LLC","","","","","Washington","Owner/Developer","https://www.icsc.com/member/profile/800980"
"Tim Panos","Panos Properties LLC","","","","","Washington","Owner/Developer","https://www.icsc.com/member/profile/832852"
"heather pereira","Falcon Commercial Assets LLC","","","","","Washington","Owner/Developer","https://www.icsc.com/member/profile/804606"
"Lauren Powell","Powell Development Company","","","","","Washington","Owner/Developer","https://www.icsc.com/member/profile/480906"
"Adam Pushkas","Cascadia Development Partners","","","","","Washington","Owner/Developer","https://www.icsc.com/member/profile/830687"
"Rion Ramirez","Port Madison Enterprises","","","","","Washington","Owner/Developer","https://www.icsc.com/member/profile/809556"
"Sandra Smith","R.K. Getty / Centralia  Outlets LLC.","","","","","Washington","Owner/Developer","https://www.icsc.com/member/profile/96122"
"Joseph Stipic","Chehalis Tribal Enterprises","","","","","Washington","Owner/Developer","https://www.icsc.com/member/profile/852858"
"Charles Sullivan","Merlone Geier Management Inc.","","","","","Washington","Owner/Developer","https://www.icsc.com/member/profile/97171"
"Brynn Estelle Telkamp","Be RETAIL","","","","","Washington","Owner/Developer","https://www.icsc.com/member/profile/239168"
"Julie Tennyson, CMD","Merlone Geier Management Inc.","","","","","Washington","Owner/Developer","https://www.icsc.com/member/profile/256806"
"Maggie Underwood","Hurley Development","","","","","Washington","Owner/Developer","https://www.icsc.com/member/profile/787020"
"Kurt Utterback","Regency Centers","","","","","Washington","Owner/Developer","https://www.icsc.com/member/profile/263403"
"Gary Watters","South Monroe LLC","","","","","Washington","Owner/Developer","https://www.icsc.com/member/profile/782815"
"Leshya Wig","Wig Properties LLC","","","","","Washington","Owner/Developer","https://www.icsc.com/member/profile/245931"
"Manmohan Wig PhD","Wig Properties LLC","","","","","Washington","Owner/Developer","https://www.icsc.com/member/profile/131599"
"Roger Wilson","Wilson Real Estate","","","","","Washington","Owner/Developer","https://www.icsc.com/member/profile/718523"
"Wei Zhang","Winson Investment LLC","","","","","Washington","Owner/Developer","https://www.icsc.com/member/profile/855414"
"Chris Payne","MIRC Development, LLC","","","","","West Virginia","Owner/Developer","https://www.icsc.com/member/profile/855546"
"Garritt Bader","GB Real Estate Investments, LLC","","","","","Wisconsin","Owner/Developer","https://www.icsc.com/member/profile/341484"
"John Bergh","White Box Commercial Property Group","","","","","Wisconsin","Owner/Developer","https://www.icsc.com/member/profile/92539"
"Jamani Bergh","White Box Commercial Property Group","","","","","Wisconsin","Owner/Developer","https://www.icsc.com/member/profile/813139"
"jeno cataldo","JC Capital Corp","","","","","Wisconsin","Owner/Developer","https://www.icsc.com/member/profile/808944"
"Kevin Chumlea","Continental Properties Co., Inc.","","","","","Wisconsin","Owner/Developer","https://www.icsc.com/member/profile/243548"
"John Coons","Diamond Inner Circle Investments","","","","","Wisconsin","Owner/Developer","https://www.icsc.com/member/profile/621265"
"Steve Doran","Galway Companies, Inc.","","","","","Wisconsin","Owner/Developer","https://www.icsc.com/member/profile/301852"
"Charles Gabaldon","Gabaldon Properties","","","","","Wisconsin","Owner/Developer","https://www.icsc.com/member/profile/112049"
"Konner Kearney","Forward Development Group, LLC","","","","","Wisconsin","Owner/Developer","https://www.icsc.com/member/profile/648379"
"Jeff Kraemer","Kraemer Development","","","","","Wisconsin","Owner/Developer","https://www.icsc.com/member/profile/711017"
"Richard Lynn","Lynn Holdings, LLC","","","","","Wisconsin","Owner/Developer","https://www.icsc.com/member/profile/675263"
"Josh Pelletter","Sherman Plaza","","","","","Wisconsin","Owner/Developer","https://www.icsc.com/member/profile/827252"
"Matt Rehbein","Faith Technologies Incorporated","","","","","Wisconsin","Owner/Developer","https://www.icsc.com/member/profile/842018"
"Mike Ring","Park Towne Development","","","","","Wisconsin","Owner/Developer","https://www.icsc.com/member/profile/784498"
"Jimmy Rosen","Somerstone, LLC","","","","","Wisconsin","Owner/Developer","https://www.icsc.com/member/profile/331003"
"Jeffrey Ruidl","Hammes Partners","","","","","Wisconsin","Owner/Developer","https://www.icsc.com/member/profile/787689"
"Peter Siepe","Galway Companies, Inc.","","","","","Wisconsin","Owner/Developer","https://www.icsc.com/member/profile/860735"
"Terrence Wall","T. Wall Enterprises Mgt, LLC","","","","","Wisconsin","Owner/Developer","https://www.icsc.com/member/profile/864672"
"Jeremie Dufault","JWY Investments, LLC","","","","","Wyoming","Owner/Developer","https://www.icsc.com/member/profile/786902"
"Chris Agorsor","Agorsor Equity","","","","","District of Columbia","Owner/Developer","https://www.icsc.com/member/profile/827847"
"Jonathan Blank","EDENS","","","","","District of Columbia","Owner/Developer","https://www.icsc.com/member/profile/420713"
"Gregory Carbone","EDENS","","","","","District of Columbia","Owner/Developer","https://www.icsc.com/member/profile/384514"
"Gregory Carney","CrossCore Investment Group","","","","","District of Columbia","Owner/Developer","https://www.icsc.com/member/profile/763220"
"Joseph Fix","Carderock","","","","","District of Columbia","Owner/Developer","https://www.icsc.com/member/profile/817848"
"Richard Lake","Roadside Development, LLC","","","","","District of Columbia","Owner/Developer","https://www.icsc.com/member/profile/97974"
"Steven Padgett","Gelman Management Company","","","","","District of Columbia","Owner/Developer","https://www.icsc.com/member/profile/398040"
"David Retland","Marshall Heights Community Development Organization, Inc.","","","","","District of Columbia","Owner/Developer","https://www.icsc.com/member/profile/821263"
"Oussama Souadi","Gragg Cardona Souadi","","","","","District of Columbia","Owner/Developer","https://www.icsc.com/member/profile/789573"
"Valerie Zumot","Blake Real Estate, Inc","","","","","District of Columbia","Owner/Developer","https://www.icsc.com/member/profile/653724"
"Luis Carreras","Doramar Plaza","","","","","Puerto Rico","Owner/Developer","https://www.icsc.com/member/profile/420112"
"Adrian Collazo PE","Plaza Juana Diaz, LLC","","","","","Puerto Rico","Owner/Developer","https://www.icsc.com/member/profile/133372"
"Edwin Loubriel-Luna Esq","Fontaineblue Plaza Development Corporation","","","","","Puerto Rico","Owner/Developer","https://www.icsc.com/member/profile/619837"
"Juan Mercado","Rovisan Realty Corporation","","","","","Puerto Rico","Owner/Developer","https://www.icsc.com/member/profile/713903"