Name,Company,Title,Phone,Email,Location,State,Business Type,Profile URL
"John Abernathy","Blackwater Real Estate, LLC","","","","","Alabama","Owner/Developer","https://www.icsc.com/member/profile/262976"
"Matt Adams","Building & Earth Sciences, Inc.","","","","","Alabama","Owner/Developer","https://www.icsc.com/member/profile/338635"
"Mark Allen","IPCA","","","","","Alabama","Owner/Developer","https://www.icsc.com/member/profile/267123"
"Owen Aronov","Aronov Realty Management, Inc.","","","","","Alabama","Owner/Developer","https://www.icsc.com/member/profile/89773"
"Jake Aronov","Aronov Realty Management, Inc.","","","","","Alabama","Owner/Developer","https://www.icsc.com/member/profile/89771"
"Jeff Barnes CCIM","Stirling","","","","","Alabama","Owner/Developer","https://www.icsc.com/member/profile/558922"
"Steve Barone","Aronov Realty Management, Inc.","","","","","Alabama","Owner/Developer","https://www.icsc.com/member/profile/789094"
"George Barran","Gateway Commercial Brokerage","","","","","Alabama","Owner/Developer","https://www.icsc.com/member/profile/316021"
"Emmette Barran CCIM","Gateway Commercial Brokerage","","","","","Alabama","Owner/Developer","https://www.icsc.com/member/profile/179014"
"William Barrois","Stirling","","","","","Alabama","Owner/Developer","https://www.icsc.com/member/profile/295665"
"John Benner","Genrev Properties","","","","","Alabama","Owner/Developer","https://www.icsc.com/member/profile/856743"
"Steadman Bethea","Stirling","","","","","Alabama","Owner/Developer","https://www.icsc.com/member/profile/748531"
"Carver Boynton-Pearson, CSM","Centennial Real Estate","","","","","Alabama","Owner/Developer","https://www.icsc.com/member/profile/284613"
"Bob Broadway","The Broadway Group","","","","","Alabama","Owner/Developer","https://www.icsc.com/member/profile/334768"
"Stuart Brock","RealtyLink","","","","","Alabama","Owner/Developer","https://www.icsc.com/member/profile/596404"
"Alton Brown III CCIM, CDP, CLS, CRX, CSM","The Pelican Group, Inc.","","","","","Alabama","Owner/Developer","https://www.icsc.com/member/profile/97286"
"Robert Buchalter","Capital Growth Buchalter, Inc","","","","","Alabama","Owner/Developer","https://www.icsc.com/member/profile/222910"
"Philip Burton","Burton Property Group","","","","","Alabama","Owner/Developer","https://www.icsc.com/member/profile/825502"
"Joe Burton Jr","Burton Property Group","","","","","Alabama","Owner/Developer","https://www.icsc.com/member/profile/631596"
"Chuck Callans","The Barber Companies, Inc.","","","","","Alabama","Owner/Developer","https://www.icsc.com/member/profile/96243"
"Jeff Carrico","White-Spunner Construction Corp.","","","","","Alabama","Owner/Developer","https://www.icsc.com/member/profile/276398"
"Alicia Cole","The Broadway Group","","","","","Alabama","Owner/Developer","https://www.icsc.com/member/profile/414393"
"Miller Cooper","Richmond Properties, Inc.","","","","","Alabama","Owner/Developer","https://www.icsc.com/member/profile/797016"
"Carter Cooper","Richmond Properties, Inc.","","","","","Alabama","Owner/Developer","https://www.icsc.com/member/profile/230683"
"Marl Cummings IV","Cummings & Associates, Inc.","","","","","Alabama","Owner/Developer","https://www.icsc.com/member/profile/349822"
"Matt Cummings","Cummings & Associates, Inc.","","","","","Alabama","Owner/Developer","https://www.icsc.com/member/profile/212190"
"Jake Datnoff","Centennial Real Estate","","","","","Alabama","Owner/Developer","https://www.icsc.com/member/profile/417363"
"Ladd Davis","Hix Snedeker Companies","","","","","Alabama","Owner/Developer","https://www.icsc.com/member/profile/592572"
"Michael DeJohn Jr","Capital Growth Buchalter, Inc","","","","","Alabama","Owner/Developer","https://www.icsc.com/member/profile/572439"
"Michael Delaney","Delaney Property Group","","","","","Alabama","Owner/Developer","https://www.icsc.com/member/profile/582914"
"Scott Delaney","Delaney Property Group","","","","","Alabama","Owner/Developer","https://www.icsc.com/member/profile/456907"
"Jeremy Dickinson","Halstead, LLC.","","","","","Alabama","Owner/Developer","https://www.icsc.com/member/profile/371763"
"Andrew Dickman","Stirling","","","","","Alabama","Owner/Developer","https://www.icsc.com/member/profile/619913"
"Daniel Elcan","Elcan and Associates","","","","","Alabama","Owner/Developer","https://www.icsc.com/member/profile/140672"
"Raymond Faircloth","Belterrra Partners","","","","","Alabama","Owner/Developer","https://www.icsc.com/member/profile/722419"
"Reid Fawcett CCIM","Elcan and Associates","","","","","Alabama","Owner/Developer","https://www.icsc.com/member/profile/638778"
"Ken Fioretti","Hix Snedeker Companies","","","","","Alabama","Owner/Developer","https://www.icsc.com/member/profile/855540"
"Kyle Flint","Yates Development, LLC","","","","","Alabama","Owner/Developer","https://www.icsc.com/member/profile/785187"
"Chrissy Freeman","The Broadway Group","","","","","Alabama","Owner/Developer","https://www.icsc.com/member/profile/803075"
"David Fuhrman RPA","College City Realty","","","","","Alabama","Owner/Developer","https://www.icsc.com/member/profile/684420"
"Lindsay Gadd","Hix Snedeker Companies","","","","","Alabama","Owner/Developer","https://www.icsc.com/member/profile/625181"
"David Hagood","Aronov Realty Management, Inc.","","","","","Alabama","Owner/Developer","https://www.icsc.com/member/profile/657969"
"Alyssa Hailey","The Broadway Group","","","","","Alabama","Owner/Developer","https://www.icsc.com/member/profile/867443"
"Elizabeth Hampton","Ming Commercial Real Estate Group","","","","","Alabama","Owner/Developer","https://www.icsc.com/member/profile/787107"
"William Helms","Helms Roark, LLC","","","","","Alabama","Owner/Developer","https://www.icsc.com/member/profile/92199"
"Garrett Hicks","Capital Growth Buchalter, Inc","","","","","Alabama","Owner/Developer","https://www.icsc.com/member/profile/781979"
"H. Ray Hix Jr","Hix Snedeker Companies","","","","","Alabama","Owner/Developer","https://www.icsc.com/member/profile/326789"
"Kristopher Holden","Crawford Square Real Estate Advisors","","","","","Alabama","Owner/Developer","https://www.icsc.com/member/profile/311626"
"Heather Hutto","Aronov Realty Management, Inc.","","","","","Alabama","Owner/Developer","https://www.icsc.com/member/profile/245520"
"Carter Irmscher","Streamline Development Partners, LLC","","","","","Alabama","Owner/Developer","https://www.icsc.com/member/profile/836098"
"Susanna Jackson","Pate Holdings","","","","","Alabama","Owner/Developer","https://www.icsc.com/member/profile/864900"
"John Jackson","Delaney Property Group","","","","","Alabama","Owner/Developer","https://www.icsc.com/member/profile/682134"
"Jerry Jarrett","Victory Real Estate Investments","","","","","Alabama","Owner/Developer","https://www.icsc.com/member/profile/103058"
"Caroline Jenkins McMeans","Centennial Real Estate","","","","","Alabama","Owner/Developer","https://www.icsc.com/member/profile/783356"
"Marie Johnson","IPCA","","","","","Alabama","Owner/Developer","https://www.icsc.com/member/profile/498589"
"Gary Jones, CLS","Aronov Realty Management, Inc.","","","","","Alabama","Owner/Developer","https://www.icsc.com/member/profile/173077"
"Audrey Kim","Hix Snedeker Companies","","","","","Alabama","Owner/Developer","https://www.icsc.com/member/profile/864075"
"Alex Kimbrell","Location Partners, LLC","","","","","Alabama","Owner/Developer","https://www.icsc.com/member/profile/807499"
"Andrew McDonald","Cummings & Associates, Inc.","","","","","Alabama","Owner/Developer","https://www.icsc.com/member/profile/751653"
"D. Scott McLain CCIM","Coldwell Banker Commercial Affiliates, Inc","","","","","Alabama","Owner/Developer","https://www.icsc.com/member/profile/98046"
"Yolanda McLain","Coldwell Banker Commercial Affiliates, Inc","","","","","Alabama","Owner/Developer","https://www.icsc.com/member/profile/488931"
"Kevin McLaughlin, CDP, CRX","Aronov Realty Management, Inc.","","","","","Alabama","Owner/Developer","https://www.icsc.com/member/profile/145736"
"Amy McMullen","Blackwater Real Estate, LLC","","","","","Alabama","Owner/Developer","https://www.icsc.com/member/profile/275143"
"William Ming Jr","Ming Commercial Real Estate Group","","","","","Alabama","Owner/Developer","https://www.icsc.com/member/profile/635796"
"Paul Neuroth","Centennial Real Estate","","","","","Alabama","Owner/Developer","https://www.icsc.com/member/profile/133234"
"Stan Pate IV","Pate Holdings","","","","","Alabama","Owner/Developer","https://www.icsc.com/member/profile/518620"
"Chad Post","Capital Growth Buchalter, Inc","","","","","Alabama","Owner/Developer","https://www.icsc.com/member/profile/362852"
"Gregg Pounders CCIM","Pounders & Associates, Inc.","","","","","Alabama","Owner/Developer","https://www.icsc.com/member/profile/107593"
"Scott Rheams","Hix Snedeker Companies","","","","","Alabama","Owner/Developer","https://www.icsc.com/member/profile/589069"
"Mindy Rohr","Centennial Real Estate","","","","","Alabama","Owner/Developer","https://www.icsc.com/member/profile/821210"
"Zack Rolen","Aronov Realty Management, Inc.","","","","","Alabama","Owner/Developer","https://www.icsc.com/member/profile/101827"
"Jonathan Rudolph","Rudolph Development Group, Inc.","","","","","Alabama","Owner/Developer","https://www.icsc.com/member/profile/212814"
"Woody Rush","Jim Wilson and Associates, LLC.","","","","","Alabama","Owner/Developer","https://www.icsc.com/member/profile/96224"
"Alex Samples","Samples Commercial Real Estate, LLC dba Samples Properties Inc.","","","","","Alabama","Owner/Developer","https://www.icsc.com/member/profile/822781"
"Joseph Schneider","Streamline Development Partners, LLC","","","","","Alabama","Owner/Developer","https://www.icsc.com/member/profile/344182"
"Haymes Snedeker","Hix Snedeker Companies","","","","","Alabama","Owner/Developer","https://www.icsc.com/member/profile/497718"
"Christine Strange","Leeds Retail Center, LLC","","","","","Alabama","Owner/Developer","https://www.icsc.com/member/profile/719503"
"Priscilla Sullivan","Emerald Management Enterprises","","","","","Alabama","Owner/Developer","https://www.icsc.com/member/profile/805167"
"Patrick Sullivan Jr","Crawford Square Real Estate Advisors","","","","","Alabama","Owner/Developer","https://www.icsc.com/member/profile/777737"
"Lynda Terreson","Stirling","","","","","Alabama","Owner/Developer","https://www.icsc.com/member/profile/841116"
"Miller Terry","The Barber Companies, Inc.","","","","","Alabama","Owner/Developer","https://www.icsc.com/member/profile/414029"
"Elizabeth Thomas, CMD","Centennial Real Estate","","","","","Alabama","Owner/Developer","https://www.icsc.com/member/profile/647932"
"Justin Toomey","SVN | Toomey Property Advisors","","","","","Alabama","Owner/Developer","https://www.icsc.com/member/profile/609304"
"Charles Trotman","The Trotman Company, Incorporated","","","","","Alabama","Owner/Developer","https://www.icsc.com/member/profile/96229"
"Charles H. Trotman","The Trotman Company, Incorporated","","","","","Alabama","Owner/Developer","https://www.icsc.com/member/profile/792590"
"Jami Wadkins","Centennial Real Estate","","","","","Alabama","Owner/Developer","https://www.icsc.com/member/profile/620580"
"Steve Wallace, CLS, CRX","Aronov Realty Management, Inc.","","","","","Alabama","Owner/Developer","https://www.icsc.com/member/profile/106961"
"John Whitson","RealtyLink","","","","","Alabama","Owner/Developer","https://www.icsc.com/member/profile/187682"
"Jacob Williamson","Crawford Square Real Estate Advisors","","","","","Alabama","Owner/Developer","https://www.icsc.com/member/profile/771314"
"Brian Wilson","Jim Wilson and Associates, LLC.","","","","","Alabama","Owner/Developer","https://www.icsc.com/member/profile/861877"
"William Wilson, II","Jim Wilson and Associates, LLC.","","","","","Alabama","Owner/Developer","https://www.icsc.com/member/profile/861876"
"Luke Wingo","Blackwater Real Estate, LLC","","","","","Alabama","Owner/Developer","https://www.icsc.com/member/profile/744744"
"Danielle Yance","Capital Growth Buchalter, Inc","","","","","Alabama","Owner/Developer","https://www.icsc.com/member/profile/719470"
"Chris Yates","Yates Development, LLC","","","","","Alabama","Owner/Developer","https://www.icsc.com/member/profile/217432"
"Cycelia Gumennik","Denali Commercial Management","","","","","Alaska","Owner/Developer","https://www.icsc.com/member/profile/315743"
"Rafat Abdeljaber","Diversified Partners","","","","","Arizona","Owner/Developer","https://www.icsc.com/member/profile/783698"
"LeAnn Altenhofen","Western Colloid Roofing Systems","","","","","Arizona","Owner/Developer","https://www.icsc.com/member/profile/622606"
"Taylor Alvey, CLS","Vestar","","","","","Arizona","Owner/Developer","https://www.icsc.com/member/profile/307964"
"Scott Angell","STORE Capital","","","","","Arizona","Owner/Developer","https://www.icsc.com/member/profile/771023"
"Matthew Archer","Barclay Group","","","","","Arizona","Owner/Developer","https://www.icsc.com/member/profile/794860"
"Scott Archer","Barclay Group","","","","","Arizona","Owner/Developer","https://www.icsc.com/member/profile/130665"
"Rose Arck","The Pederson Group, Inc","","","","","Arizona","Owner/Developer","https://www.icsc.com/member/profile/181487"
"Ryan Ash","Vestar","","","","","Arizona","Owner/Developer","https://www.icsc.com/member/profile/724655"
"Paul Asher","Vestar","","","","","Arizona","Owner/Developer","https://www.icsc.com/member/profile/287723"
"Mara Atwell","Broadstone Net Lease, Inc.","","","","","Arizona","Owner/Developer","https://www.icsc.com/member/profile/789346"
"Nick Ault","Edge Realty Partners","","","","","Arizona","Owner/Developer","https://www.icsc.com/member/profile/532062"
"Jeffrey Axtell","Vestar","","","","","Arizona","Owner/Developer","https://www.icsc.com/member/profile/119194"
"Roy Bade","Caliber Companies","","","","","Arizona","Owner/Developer","https://www.icsc.com/member/profile/775149"
"John Badura","Noblewest Real Estate, LLC","","","","","Arizona","Owner/Developer","https://www.icsc.com/member/profile/288960"
"Michael Bar","Big Shopping Centers USA","","","","","Arizona","Owner/Developer","https://www.icsc.com/member/profile/528874"
"Frank Barber","Bourn Companies, LLC","","","","","Arizona","Owner/Developer","https://www.icsc.com/member/profile/812184"
"Franklin Barber","N & M Brokerage Services","","","","","Arizona","Owner/Developer","https://www.icsc.com/member/profile/170900"
"Dennis Barr","Barclay Group","","","","","Arizona","Owner/Developer","https://www.icsc.com/member/profile/177995"
"Emma Barreca","Diversified Partners","","","","","Arizona","Owner/Developer","https://www.icsc.com/member/profile/772820"
"Tom Birdsall","Macerich","","","","","Arizona","Owner/Developer","https://www.icsc.com/member/profile/867256"
"Rodney Boden","ViaWestGroup","","","","","Arizona","Owner/Developer","https://www.icsc.com/member/profile/688513"
"DuWaine Boone","Navajo Nation Shopping Centers","","","","","Arizona","Owner/Developer","https://www.icsc.com/member/profile/841117"
"Don Bourn","Bourn Companies, LLC","","","","","Arizona","Owner/Developer","https://www.icsc.com/member/profile/104760"
"Matthew Braccia","U-Haul International, Inc.","","","","","Arizona","Owner/Developer","https://www.icsc.com/member/profile/104769"
"Patrick Brady","Vestar","","","","","Arizona","Owner/Developer","https://www.icsc.com/member/profile/271257"
"Jennifer Brigham","Macerich","","","","","Arizona","Owner/Developer","https://www.icsc.com/member/profile/339569"
"Norman Brody","Brody Associates, Inc.","","","","","Arizona","Owner/Developer","https://www.icsc.com/member/profile/97517"
"Walter Brown Jr","Diversified Partners","","","","","Arizona","Owner/Developer","https://www.icsc.com/member/profile/95449"
"Amber Brown","Navajo Nation Shopping Centers","","","","","Arizona","Owner/Developer","https://www.icsc.com/member/profile/849657"
"Allen Brown","Kensington Vanguard","","","","","Arizona","Owner/Developer","https://www.icsc.com/member/profile/353377"
"David Bruner","DMB  Inc.","","","","","Arizona","Owner/Developer","https://www.icsc.com/member/profile/95850"
"Parker Burns","Arizona Partners","","","","","Arizona","Owner/Developer","https://www.icsc.com/member/profile/623767"
"Christopher Byrd","Kimco Realty Corporation","","","","","Arizona","Owner/Developer","https://www.icsc.com/member/profile/276991"
"Jeffrey Carpenter","SimonCRE","","","","","Arizona","Owner/Developer","https://www.icsc.com/member/profile/524439"
"Eric Carstensen","CIM Group, Inc.","","","","","Arizona","Owner/Developer","https://www.icsc.com/member/profile/622133"
"Joseph Cattaneo","A & C Properties Inc.","","","","","Arizona","Owner/Developer","https://www.icsc.com/member/profile/89605"
"Kim Choukalas","Macerich","","","","","Arizona","Owner/Developer","https://www.icsc.com/member/profile/179315"
"Michael Clark","Edge Realty Partners","","","","","Arizona","Owner/Developer","https://www.icsc.com/member/profile/278380"
"Cal Coatney","Vestar","","","","","Arizona","Owner/Developer","https://www.icsc.com/member/profile/866883"
"Harrison Cole","Vestar","","","","","Arizona","Owner/Developer","https://www.icsc.com/member/profile/779961"
"John Corritore","The Corritore Company","","","","","Arizona","Owner/Developer","https://www.icsc.com/member/profile/98574"
"Andy Crimmins","VanTrust","","","","","Arizona","Owner/Developer","https://www.icsc.com/member/profile/180955"
"Cindy Czech","Pacific Retail Capital Partners","","","","","Arizona","Owner/Developer","https://www.icsc.com/member/profile/594601"
"Daniel Dahl","YAM Management, LLC","","","","","Arizona","Owner/Developer","https://www.icsc.com/member/profile/496246"
"Terry Dahlstrom","Volk Company","","","","","Arizona","Owner/Developer","https://www.icsc.com/member/profile/121213"
"Katie Dalton","U-Haul International, Inc.","","","","","Arizona","Owner/Developer","https://www.icsc.com/member/profile/817048"
"Amy Dattilo","Diversified Partners","","","","","Arizona","Owner/Developer","https://www.icsc.com/member/profile/818360"
"David Dawson","Sunbelt Investment Holdings Inc","","","","","Arizona","Owner/Developer","https://www.icsc.com/member/profile/784776"
"Michael De Nitto","Oak Cap Ventures LLC","","","","","Arizona","Owner/Developer","https://www.icsc.com/member/profile/724731"
"Martin De Rito","De Rito Partners Development","","","","","Arizona","Owner/Developer","https://www.icsc.com/member/profile/99349"
"Sherry DeCovich","Macerich","","","","","Arizona","Owner/Developer","https://www.icsc.com/member/profile/135408"
"Sofia Demski","Edge Realty Partners","","","","","Arizona","Owner/Developer","https://www.icsc.com/member/profile/815226"
"Todd Dewell","RED Development","","","","","Arizona","Owner/Developer","https://www.icsc.com/member/profile/862892"
"Jarrett Dillon","Sandor Development Company","","","","","Arizona","Owner/Developer","https://www.icsc.com/member/profile/815610"
"Vic Dodier","Dodier & Company, Inc.","","","","","Arizona","Owner/Developer","https://www.icsc.com/member/profile/97584"
"Cameron Done","Macerich","","","","","Arizona","Owner/Developer","https://www.icsc.com/member/profile/517410"
"Trey Eakin","Accelerated Development Services","","","","","Arizona","Owner/Developer","https://www.icsc.com/member/profile/139098"
"Rachel Eckblad","Kimco Realty Corporation","","","","","Arizona","Owner/Developer","https://www.icsc.com/member/profile/770706"
"Justin Eller","Sandor Development Company","","","","","Arizona","Owner/Developer","https://www.icsc.com/member/profile/623915"
"Isaac Figueroa CCIM","Larsen Baker LLC","","","","","Arizona","Owner/Developer","https://www.icsc.com/member/profile/774053"
"Colby Fincham","Barclay Group","","","","","Arizona","Owner/Developer","https://www.icsc.com/member/profile/275326"
"Jacob Flick","STORE Capital","","","","","Arizona","Owner/Developer","https://www.icsc.com/member/profile/852261"
"Rachel Forman","Vestar","","","","","Arizona","Owner/Developer","https://www.icsc.com/member/profile/342176"
"Patrick Gaffney","Realty Income Corporation","","","","","Arizona","Owner/Developer","https://www.icsc.com/member/profile/691427"
"Ingrid Gallardo","Diversified Partners","","","","","Arizona","Owner/Developer","https://www.icsc.com/member/profile/853360"
"Ariel Garcia","Americal Management Company, Inc.","","","","","Arizona","Owner/Developer","https://www.icsc.com/member/profile/353356"
"James Gardner","Barclay Group","","","","","Arizona","Owner/Developer","https://www.icsc.com/member/profile/208333"
"Ken Gatt","The Pederson Group, Inc","","","","","Arizona","Owner/Developer","https://www.icsc.com/member/profile/669508"
"Chelsey Ginder","Crow Holdings","","","","","Arizona","Owner/Developer","https://www.icsc.com/member/profile/469270"
"Howard Grace","W.M. Grace Companies","","","","","Arizona","Owner/Developer","https://www.icsc.com/member/profile/91895"
"Thomas Grace","W.M. Grace Companies","","","","","Arizona","Owner/Developer","https://www.icsc.com/member/profile/482344"
"Andy Greenwood","Macerich","","","","","Arizona","Owner/Developer","https://www.icsc.com/member/profile/528632"
"John Haarala","Macerich","","","","","Arizona","Owner/Developer","https://www.icsc.com/member/profile/631146"
"Lyena Hale","STORE Capital","","","","","Arizona","Owner/Developer","https://www.icsc.com/member/profile/706435"
"Elaine HANSEN","Macerich","","","","","Arizona","Owner/Developer","https://www.icsc.com/member/profile/842920"
"Liesa Harrison","Larry H. Miller Real Estate","","","","","Arizona","Owner/Developer","https://www.icsc.com/member/profile/642412"
"Daniel Haug","Realty Income Corporation","","","","","Arizona","Owner/Developer","https://www.icsc.com/member/profile/343420"
"Rick Hearn","Vestar","","","","","Arizona","Owner/Developer","https://www.icsc.com/member/profile/128346"
"Jake Heims","Thompson Thrift Development Inc.","","","","","Arizona","Owner/Developer","https://www.icsc.com/member/profile/694220"
"Brett Heron","RED Development","","","","","Arizona","Owner/Developer","https://www.icsc.com/member/profile/169645"
"John Herrero","STORE Capital","","","","","Arizona","Owner/Developer","https://www.icsc.com/member/profile/859134"
"Mark Holinger","Frontera Development, LLC","","","","","Arizona","Owner/Developer","https://www.icsc.com/member/profile/201715"
"Dean Ingram","Diversified Partners","","","","","Arizona","Owner/Developer","https://www.icsc.com/member/profile/501471"
"John Jackson","Diversified Partners","","","","","Arizona","Owner/Developer","https://www.icsc.com/member/profile/425982"
"Hunter Jaggard","STORE Capital","","","","","Arizona","Owner/Developer","https://www.icsc.com/member/profile/850507"
"Jaret James","STORE Capital","","","","","Arizona","Owner/Developer","https://www.icsc.com/member/profile/806889"
"Clint Jameson, CDP","CenterPointe CRE","","","","","Arizona","Owner/Developer","https://www.icsc.com/member/profile/277722"
"Melvilena John","Navajo Nation Shopping Centers","","","","","Arizona","Owner/Developer","https://www.icsc.com/member/profile/685514"
"Cathy Johnson","De Rito Partners Development","","","","","Arizona","Owner/Developer","https://www.icsc.com/member/profile/832902"
"Brendan Jost","STORE Capital","","","","","Arizona","Owner/Developer","https://www.icsc.com/member/profile/838625"
"Michael Kallner","RED Development","","","","","Arizona","Owner/Developer","https://www.icsc.com/member/profile/372600"
"Ted Kaminski","Macerich","","","","","Arizona","Owner/Developer","https://www.icsc.com/member/profile/148174"
"Sean Katona","Simplified Properties","","","","","Arizona","Owner/Developer","https://www.icsc.com/member/profile/628458"
"William Kelley","Diamond Ventures, Inc","","","","","Arizona","Owner/Developer","https://www.icsc.com/member/profile/331193"
"Marta Kenny","YAM Management, LLC","","","","","Arizona","Owner/Developer","https://www.icsc.com/member/profile/595874"
"Chong Kestner","Macerich","","","","","Arizona","Owner/Developer","https://www.icsc.com/member/profile/493152"
"Lexi Khoudary","Edge Realty Partners","","","","","Arizona","Owner/Developer","https://www.icsc.com/member/profile/800798"
"Jessica Knab","De Rito Partners Development","","","","","Arizona","Owner/Developer","https://www.icsc.com/member/profile/825028"
"Michael Kobylinski","Macerich","","","","","Arizona","Owner/Developer","https://www.icsc.com/member/profile/853367"
"Melinda Korth","Colliers","","","","","Arizona","Owner/Developer","https://www.icsc.com/member/profile/143407"
"Angie Kory","Vestar","","","","","Arizona","Owner/Developer","https://www.icsc.com/member/profile/441034"
"Paul Kruse","Macerich","","","","","Arizona","Owner/Developer","https://www.icsc.com/member/profile/810322"
"Jessica Kubicki","YAM Management, LLC","","","","","Arizona","Owner/Developer","https://www.icsc.com/member/profile/766924"
"Rick Kuhle","Vestar","","","","","Arizona","Owner/Developer","https://www.icsc.com/member/profile/91394"
"Oneel Kuryakoos","Macerich","","","","","Arizona","Owner/Developer","https://www.icsc.com/member/profile/859017"
"Matthew Ladendorf","CenterPointe Development Group","","","","","Arizona","Owner/Developer","https://www.icsc.com/member/profile/158589"
"Melissa Lal","Larsen Baker LLC","","","","","Arizona","Owner/Developer","https://www.icsc.com/member/profile/400098"
"Collin Landis","Edge Realty Partners","","","","","Arizona","Owner/Developer","https://www.icsc.com/member/profile/849112"
"David Larcher","Vestar","","","","","Arizona","Owner/Developer","https://www.icsc.com/member/profile/91396"
"George Larsen","Larsen Baker LLC","","","","","Arizona","Owner/Developer","https://www.icsc.com/member/profile/139961"
"Andrew Lau","Sandor Development Company","","","","","Arizona","Owner/Developer","https://www.icsc.com/member/profile/524437"
"Mara Leahy, CRRP","RED Development","","","","","Arizona","Owner/Developer","https://www.icsc.com/member/profile/751983"
"Steve Lenz","Frontera Development, LLC","","","","","Arizona","Owner/Developer","https://www.icsc.com/member/profile/266457"
"Mike Leonard","Catalyst Commercial Group","","","","","Arizona","Owner/Developer","https://www.icsc.com/member/profile/267053"
"David Leyvas","Diversified Realty Services","","","","","Arizona","Owner/Developer","https://www.icsc.com/member/profile/184745"
"Daniel Loonam","STORE Capital","","","","","Arizona","Owner/Developer","https://www.icsc.com/member/profile/778482"
"Chris Love","Edge Realty Partners","","","","","Arizona","Owner/Developer","https://www.icsc.com/member/profile/794809"
"Allie Lucyk","Vestar","","","","","Arizona","Owner/Developer","https://www.icsc.com/member/profile/788031"
"Tucker Mackenzie","Hawkins Companies","","","","","Arizona","Owner/Developer","https://www.icsc.com/member/profile/632159"
"David Madrid","Macerich","","","","","Arizona","Owner/Developer","https://www.icsc.com/member/profile/868083"
"David Malin","Scottsdale Development Partners","","","","","Arizona","Owner/Developer","https://www.icsc.com/member/profile/126901"
"Jeff Manelis","The Pederson Group, Inc","","","","","Arizona","Owner/Developer","https://www.icsc.com/member/profile/127930"
"Ryan Manteuffel","Hawkins Companies","","","","","Arizona","Owner/Developer","https://www.icsc.com/member/profile/320205"
"Clint Marchuk","Vestar","","","","","Arizona","Owner/Developer","https://www.icsc.com/member/profile/412427"
"Christine Martin","RED Development","","","","","Arizona","Owner/Developer","https://www.icsc.com/member/profile/568925"
"Robert Mayhew","Diversified Partners","","","","","Arizona","Owner/Developer","https://www.icsc.com/member/profile/112701"
"Jacob McCormick","Paynter Realty & Investments, Inc.","","","","","Arizona","Owner/Developer","https://www.icsc.com/member/profile/849520"
"Patrick McGinley","Vestar","","","","","Arizona","Owner/Developer","https://www.icsc.com/member/profile/120807"
"Sean McMahon, CLS, CRX","Pacific Retail Capital Partners","","","","","Arizona","Owner/Developer","https://www.icsc.com/member/profile/206019"
"Cole Miller","STORE Capital","","","","","Arizona","Owner/Developer","https://www.icsc.com/member/profile/780460"
"Alec Miller","SimonCRE","","","","","Arizona","Owner/Developer","https://www.icsc.com/member/profile/700040"
"Doug Miller","Macerich","","","","","Arizona","Owner/Developer","https://www.icsc.com/member/profile/692392"
"Mark Mitchell","Hawkins Companies","","","","","Arizona","Owner/Developer","https://www.icsc.com/member/profile/854122"
"Martin Mlachak","CIM Group, Inc.","","","","","Arizona","Owner/Developer","https://www.icsc.com/member/profile/784891"
"Matt Morrell","De Rito Partners Development","","","","","Arizona","Owner/Developer","https://www.icsc.com/member/profile/848471"
"Julianna Morton","RED Development","","","","","Arizona","Owner/Developer","https://www.icsc.com/member/profile/788402"
"Lec Mroczek","Artis REIT","","","","","Arizona","Owner/Developer","https://www.icsc.com/member/profile/453472"
"Dax Murray","CIM Group, Inc.","","","","","Arizona","Owner/Developer","https://www.icsc.com/member/profile/789702"
"Garrett Newland","Macerich","","","","","Arizona","Owner/Developer","https://www.icsc.com/member/profile/171569"
"Tim O'Sullivan","Vestar","","","","","Arizona","Owner/Developer","https://www.icsc.com/member/profile/788537"
"Nick Orozco","Sandor Development Company","","","","","Arizona","Owner/Developer","https://www.icsc.com/member/profile/790908"
"Daniel Ortega","Edge Realty Partners","","","","","Arizona","Owner/Developer","https://www.icsc.com/member/profile/283883"
"John Otell","Macerich","","","","","Arizona","Owner/Developer","https://www.icsc.com/member/profile/733399"
"Chase Pancrazi","A.T. Pancrazi Real Estate Services, Inc.","","","","","Arizona","Owner/Developer","https://www.icsc.com/member/profile/830105"
"Thomas Pancrazi","A.T. Pancrazi Real Estate Services, Inc.","","","","","Arizona","Owner/Developer","https://www.icsc.com/member/profile/112517"
"Raveer Pandya","STORE Capital","","","","","Arizona","Owner/Developer","https://www.icsc.com/member/profile/804676"
"Jordan Pardo","Sandor Development Company","","","","","Arizona","Owner/Developer","https://www.icsc.com/member/profile/793535"
"Mike Pearlstein","W.M. Grace Companies","","","","","Arizona","Owner/Developer","https://www.icsc.com/member/profile/160206"
"James Pederson","The Pederson Group, Inc","","","","","Arizona","Owner/Developer","https://www.icsc.com/member/profile/94361"
"James Pederson","The Pederson Group, Inc","","","","","Arizona","Owner/Developer","https://www.icsc.com/member/profile/375711"
"Garrett Pedicini","Avalon Development","","","","","Arizona","Owner/Developer","https://www.icsc.com/member/profile/731095"
"Mechelle Peters","Macerich","","","","","Arizona","Owner/Developer","https://www.icsc.com/member/profile/205289"
"Robert Pollack","Michael A. Pollack Real Estate Investments","","","","","Arizona","Owner/Developer","https://www.icsc.com/member/profile/203473"
"Michael Pollack","Michael A. Pollack Real Estate Investments","","","","","Arizona","Owner/Developer","https://www.icsc.com/member/profile/108161"
"Gabrielle Psioda","Diversified Partners","","","","","Arizona","Owner/Developer","https://www.icsc.com/member/profile/842528"
"Ryan Rahaeuser","Broadstone Net Lease, Inc.","","","","","Arizona","Owner/Developer","https://www.icsc.com/member/profile/469269"
"Scott Rehorn","RED Development","","","","","Arizona","Owner/Developer","https://www.icsc.com/member/profile/115137"
"Jaclyn Reid","Vestar","","","","","Arizona","Owner/Developer","https://www.icsc.com/member/profile/859632"
"Kristina Remon","Diversified Partners","","","","","Arizona","Owner/Developer","https://www.icsc.com/member/profile/669820"
"Carli Richards","Vestar","","","","","Arizona","Owner/Developer","https://www.icsc.com/member/profile/813651"
"Jack Rodrigues","Diversified Partners","","","","","Arizona","Owner/Developer","https://www.icsc.com/member/profile/855584"
"April Ronchetti Little","Realty Income Corporation","","","","","Arizona","Owner/Developer","https://www.icsc.com/member/profile/387694"
"Daniel Rosenberg","STORE Capital","","","","","Arizona","Owner/Developer","https://www.icsc.com/member/profile/817723"
"Eric Salcido","ASI Real Estate Investments LLC","","","","","Arizona","Owner/Developer","https://www.icsc.com/member/profile/809417"
"Stan Sanchez","Diversified Partners","","","","","Arizona","Owner/Developer","https://www.icsc.com/member/profile/860929"
"Miles Sanchez","Vestar","","","","","Arizona","Owner/Developer","https://www.icsc.com/member/profile/153444"
"Jay Schneider","Frontera Development, LLC","","","","","Arizona","Owner/Developer","https://www.icsc.com/member/profile/120205"
"Jeff Schonberger","De Rito Partners Development","","","","","Arizona","Owner/Developer","https://www.icsc.com/member/profile/626524"
"Alexandra Schuchter","Vestar","","","","","Arizona","Owner/Developer","https://www.icsc.com/member/profile/867408"
"Maddie Schwanz","STORE Capital","","","","","Arizona","Owner/Developer","https://www.icsc.com/member/profile/785823"
"Brett Sheets, CLS, CRRP, CRX","Barclay Group","","","","","Arizona","Owner/Developer","https://www.icsc.com/member/profile/226479"
"Joshua Simon","SimonCRE","","","","","Arizona","Owner/Developer","https://www.icsc.com/member/profile/315803"
"Timothy Sloat, CDP","Lowney Architecture","","","","","Arizona","Owner/Developer","https://www.icsc.com/member/profile/560292"
"Parker Slusky","Brody Associates, Inc.","","","","","Arizona","Owner/Developer","https://www.icsc.com/member/profile/858020"
"Sam Smillie","U-Haul International, Inc.","","","","","Arizona","Owner/Developer","https://www.icsc.com/member/profile/815882"
"LeDonna Spongberg","Edge Realty Partners","","","","","Arizona","Owner/Developer","https://www.icsc.com/member/profile/243835"
"Jay Stein","Sandor Development Company","","","","","Arizona","Owner/Developer","https://www.icsc.com/member/profile/108464"
"Shane Stephens, CLS","RED Development","","","","","Arizona","Owner/Developer","https://www.icsc.com/member/profile/393019"
"McKay Stevens","Bourn Companies, LLC","","","","","Arizona","Owner/Developer","https://www.icsc.com/member/profile/776712"
"Jerry Strauss","W.M. Grace Companies","","","","","Arizona","Owner/Developer","https://www.icsc.com/member/profile/90341"
"Matthew Sturcken","Sandor Development Company","","","","","Arizona","Owner/Developer","https://www.icsc.com/member/profile/699865"
"Jason Stych","A & C Ventures","","","","","Arizona","Owner/Developer","https://www.icsc.com/member/profile/513550"
"Alexis Suarez","ASI Real Estate Investments LLC","","","","","Arizona","Owner/Developer","https://www.icsc.com/member/profile/473385"
"Amar Subramanian","Macerich","","","","","Arizona","Owner/Developer","https://www.icsc.com/member/profile/864175"
"Alan Tanner","Bourn Companies, LLC","","","","","Arizona","Owner/Developer","https://www.icsc.com/member/profile/107929"
"Nicholas Taylor","Navajo Nation Shopping Centers","","","","","Arizona","Owner/Developer","https://www.icsc.com/member/profile/730595"
"Lynn Taylor","Whirlygig Properties, LLC","","","","","Arizona","Owner/Developer","https://www.icsc.com/member/profile/391683"
"Kean Thomas","Vestar","","","","","Arizona","Owner/Developer","https://www.icsc.com/member/profile/782527"
"Carson Thrift","Thompson Thrift Development Inc.","","","","","Arizona","Owner/Developer","https://www.icsc.com/member/profile/869447"
"Catherine Tiffany","Realty Income Corporation","","","","","Arizona","Owner/Developer","https://www.icsc.com/member/profile/783640"
"Casey Treadwell","Lyfe Companies, LLC","","","","","Arizona","Owner/Developer","https://www.icsc.com/member/profile/345880"
"Elizabeth Tso","Navajo Nation Shopping Centers","","","","","Arizona","Owner/Developer","https://www.icsc.com/member/profile/321642"
"Pedro Velasco","Rockefeller Group","","","","","Arizona","Owner/Developer","https://www.icsc.com/member/profile/785761"
"Gisselle Villalobos","Macerich","","","","","Arizona","Owner/Developer","https://www.icsc.com/member/profile/842781"
"Michael Volk","STORE Capital","","","","","Arizona","Owner/Developer","https://www.icsc.com/member/profile/831788"
"Colleen Wall","Edge Realty Partners","","","","","Arizona","Owner/Developer","https://www.icsc.com/member/profile/799950"
"Joshua Walls","Accelerated Development Services","","","","","Arizona","Owner/Developer","https://www.icsc.com/member/profile/821225"
"Kristin Walrod","Barclay Group","","","","","Arizona","Owner/Developer","https://www.icsc.com/member/profile/571898"
"Alexcis Ward","Kimco Realty Corporation","","","","","Arizona","Owner/Developer","https://www.icsc.com/member/profile/858566"
"Russell Webb","STORE Capital","","","","","Arizona","Owner/Developer","https://www.icsc.com/member/profile/837978"
"William Whittington","Avalon Development","","","","","Arizona","Owner/Developer","https://www.icsc.com/member/profile/714645"
"Scott Whittington","Avalon Development","","","","","Arizona","Owner/Developer","https://www.icsc.com/member/profile/438028"
"Matthew Williams","Vestar","","","","","Arizona","Owner/Developer","https://www.icsc.com/member/profile/869881"
"Bre Williams","Macerich","","","","","Arizona","Owner/Developer","https://www.icsc.com/member/profile/699917"
"Zuleika Zaragoza","ASI Real Estate Investments LLC","","","","","Arizona","Owner/Developer","https://www.icsc.com/member/profile/863078"
"Mollie Zemer Moroney","Barclay Group","","","","","Arizona","Owner/Developer","https://www.icsc.com/member/profile/639432"
"Brian Ziff","Sandor Development Company","","","","","Arizona","Owner/Developer","https://www.icsc.com/member/profile/555536"
"Matthew Allen","Cushman & Wakefield |Sage Partners","","","","","Arkansas","Owner/Developer","https://www.icsc.com/member/profile/838617"
"Tom Allen","Cushman & Wakefield |Sage Partners","","","","","Arkansas","Owner/Developer","https://www.icsc.com/member/profile/672444"
"Skyler Barnes","Mathias Properties","","","","","Arkansas","Owner/Developer","https://www.icsc.com/member/profile/841874"
"Alex Bennett","Cushman & Wakefield |Sage Partners","","","","","Arkansas","Owner/Developer","https://www.icsc.com/member/profile/793030"
"Alex Blass SIOR CCIM","Cushman & Wakefield |Sage Partners","","","","","Arkansas","Owner/Developer","https://www.icsc.com/member/profile/535242"
"Eric Boen","Commercial Realty, LLC","","","","","Arkansas","Owner/Developer","https://www.icsc.com/member/profile/424441"
"Leonard Boen","Commercial Realty, LLC","","","","","Arkansas","Owner/Developer","https://www.icsc.com/member/profile/184991"
"Jacqueline Boyette","Commercial Realty, LLC","","","","","Arkansas","Owner/Developer","https://www.icsc.com/member/profile/727718"
"Jake Butler","Corolla Capital","","","","","Arkansas","Owner/Developer","https://www.icsc.com/member/profile/785027"
"Grayson Chilton","Ashley Company","","","","","Arkansas","Owner/Developer","https://www.icsc.com/member/profile/696141"
"Stuart Dalrymple","Dalrymple Commercial","","","","","Arkansas","Owner/Developer","https://www.icsc.com/member/profile/383903"
"Natalie Donham","Commercial Realty, LLC","","","","","Arkansas","Owner/Developer","https://www.icsc.com/member/profile/796841"
"Lee DuChanois","Mathias Properties","","","","","Arkansas","Owner/Developer","https://www.icsc.com/member/profile/848935"
"Steve Edwards","GES Inc.","","","","","Arkansas","Owner/Developer","https://www.icsc.com/member/profile/340521"
"David Elrod","Retail Brokers Network","","","","","Arkansas","Owner/Developer","https://www.icsc.com/member/profile/183442"
"Paul Esterer","Moses Tucker Partners","","","","","Arkansas","Owner/Developer","https://www.icsc.com/member/profile/480769"
"Jordan Jeter CCIM","Kelley Commercial Partners","","","","","Arkansas","Owner/Developer","https://www.icsc.com/member/profile/695933"
"Nicholas Kelley Esq","Kelley Commercial Partners","","","","","Arkansas","Owner/Developer","https://www.icsc.com/member/profile/684281"
"Henry Kelley CPM","Kelley Commercial Partners","","","","","Arkansas","Owner/Developer","https://www.icsc.com/member/profile/104113"
"Jeff Kemp","Commercial Realty, LLC","","","","","Arkansas","Owner/Developer","https://www.icsc.com/member/profile/449657"
"Rose Kline","Cushman & Wakefield |Sage Partners","","","","","Arkansas","Owner/Developer","https://www.icsc.com/member/profile/793733"
"Jordan Ligon","Commercial Realty Development Services","","","","","Arkansas","Owner/Developer","https://www.icsc.com/member/profile/567167"
"Gina Maddox","Mathias Properties","","","","","Arkansas","Owner/Developer","https://www.icsc.com/member/profile/734512"
"Sam Mathias","Mathias Properties","","","","","Arkansas","Owner/Developer","https://www.icsc.com/member/profile/168416"
"Jeffrey Maxwell","Whisinvest Realty LLC","","","","","Arkansas","Owner/Developer","https://www.icsc.com/member/profile/140809"
"Chris Monroe","Moses Tucker Partners","","","","","Arkansas","Owner/Developer","https://www.icsc.com/member/profile/671789"
"Jackson Moore","Kelley Commercial Partners","","","","","Arkansas","Owner/Developer","https://www.icsc.com/member/profile/849553"
"Eric Nelson","Moses Tucker Partners","","","","","Arkansas","Owner/Developer","https://www.icsc.com/member/profile/599920"
"Jason Parker","Cushman & Wakefield |Sage Partners","","","","","Arkansas","Owner/Developer","https://www.icsc.com/member/profile/695698"
"Payne Phillips CCIM","Moses Tucker Partners","","","","","Arkansas","Owner/Developer","https://www.icsc.com/member/profile/779062"
"Susan Schickel","Pleasant Ridge Development Company/Schickel Development","","","","","Arkansas","Owner/Developer","https://www.icsc.com/member/profile/722744"
"Diane Scott","Mathias Properties","","","","","Arkansas","Owner/Developer","https://www.icsc.com/member/profile/439308"
"Paxton Singleton","Commercial Realty, LLC","","","","","Arkansas","Owner/Developer","https://www.icsc.com/member/profile/847566"
"Nan Stacy","JAA LLC","","","","","Arkansas","Owner/Developer","https://www.icsc.com/member/profile/809035"
"Matt Strom","Kelley Commercial Partners","","","","","Arkansas","Owner/Developer","https://www.icsc.com/member/profile/669052"
"Eric Varner","Kelley Commercial Partners","","","","","Arkansas","Owner/Developer","https://www.icsc.com/member/profile/785607"
"Kindley Wasson","Kelley Commercial Partners","","","","","Arkansas","Owner/Developer","https://www.icsc.com/member/profile/779088"
"Craig Wilson","Pleasant Ridge Development Company/Schickel Development","","","","","Arkansas","Owner/Developer","https://www.icsc.com/member/profile/787238"
"Joshua Wisdom","Mathias Properties","","","","","Arkansas","Owner/Developer","https://www.icsc.com/member/profile/663618"
"Bradley Aaronson","CIM Group, Inc.","","","","","California","Owner/Developer","https://www.icsc.com/member/profile/806206"
"Derek Abbott","Tejon Ranch Company","","","","","California","Owner/Developer","https://www.icsc.com/member/profile/807894"
"Casey Abe","Rich Development Company","","","","","California","Owner/Developer","https://www.icsc.com/member/profile/518499"
"Anthony Acosta","Duhs Commercial","","","","","California","Owner/Developer","https://www.icsc.com/member/profile/716776"
"Rose Acosta Yonai","Tierra West Advisors, Inc.","","","","","California","Owner/Developer","https://www.icsc.com/member/profile/788412"
"Ivan Aguilera","Sterling Organization","","","","","California","Owner/Developer","https://www.icsc.com/member/profile/565764"
"Varun Akula","CenterCal Properties, LLC","","","","","California","Owner/Developer","https://www.icsc.com/member/profile/854949"
"Gregory Alekian","Komar Investments LLC","","","","","California","Owner/Developer","https://www.icsc.com/member/profile/288088"
"Graham Allchorn","Red Mountain Retail Group, Inc.","","","","","California","Owner/Developer","https://www.icsc.com/member/profile/101184"
"Kelly Allred","A & C Ventures","","","","","California","Owner/Developer","https://www.icsc.com/member/profile/713228"
"Daniel Altman","Weiss Properties Inc.","","","","","California","Owner/Developer","https://www.icsc.com/member/profile/793168"
"Elizabeth Altman","Weiss Properties Inc.","","","","","California","Owner/Developer","https://www.icsc.com/member/profile/118174"
"Kristin Ambrose","Red Mountain Retail Group, Inc.","","","","","California","Owner/Developer","https://www.icsc.com/member/profile/195273"
"George Anagnostopoulos","JH Real Estate Partners","","","","","California","Owner/Developer","https://www.icsc.com/member/profile/784510"
"Ranfie Ancelovici","Kimco Realty Corporation","","","","","California","Owner/Developer","https://www.icsc.com/member/profile/380670"
"Sigurd Anderson, CLS, CRX","City Center Realty Partners, LLC","","","","","California","Owner/Developer","https://www.icsc.com/member/profile/114075"
"Jerry Anderson, CLS","Macerich","","","","","California","Owner/Developer","https://www.icsc.com/member/profile/111379"
"Sam Andes","Irvine Company","","","","","California","Owner/Developer","https://www.icsc.com/member/profile/782505"
"Phil Andrews","Meridian Pacific Ltd.","","","","","California","Owner/Developer","https://www.icsc.com/member/profile/782258"
"Bill Andrews, CSM","Inter-Cal Real Estate Corp.","","","","","California","Owner/Developer","https://www.icsc.com/member/profile/133776"
"Patricia Apel","DJM Capital","","","","","California","Owner/Developer","https://www.icsc.com/member/profile/211130"
"Nader Arjmand","RA Centers","","","","","California","Owner/Developer","https://www.icsc.com/member/profile/500754"
"Raymond Arjmand","RA Centers","","","","","California","Owner/Developer","https://www.icsc.com/member/profile/281303"
"Christian Arrieta","Federal Realty","","","","","California","Owner/Developer","https://www.icsc.com/member/profile/770556"
"Sohail Askarian","CCA Acquisition Company, LLC","","","","","California","Owner/Developer","https://www.icsc.com/member/profile/817824"
"Rod Astarabadi","Pacific Castle Management, Inc","","","","","California","Owner/Developer","https://www.icsc.com/member/profile/273006"
"David Attar","CIM Group, Inc.","","","","","California","Owner/Developer","https://www.icsc.com/member/profile/298659"
"Lorna Auerbach CPM","Auerbach Commercial Realty Corp.","","","","","California","Owner/Developer","https://www.icsc.com/member/profile/644846"
"Henry Avila, CSM","First Washington Realty","","","","","California","Owner/Developer","https://www.icsc.com/member/profile/137144"
"Hugo Aviles","JH Real Estate Partners","","","","","California","Owner/Developer","https://www.icsc.com/member/profile/382228"
"Gregory Azar","Realty Income Corporation","","","","","California","Owner/Developer","https://www.icsc.com/member/profile/830917"
"Tony Baek","TRC","","","","","California","Owner/Developer","https://www.icsc.com/member/profile/788530"
"Brandon Bailey","The Carrington Company","","","","","California","Owner/Developer","https://www.icsc.com/member/profile/299965"
"Brian Baker","Brixmor Property Group","","","","","California","Owner/Developer","https://www.icsc.com/member/profile/367901"
"Danny Bakewell Jr","The Bakewell Company","","","","","California","Owner/Developer","https://www.icsc.com/member/profile/183090"
"Matt Bakke","United Growth","","","","","California","Owner/Developer","https://www.icsc.com/member/profile/277725"
"Tom Baldacci","Argonaut Investments LLC","","","","","California","Owner/Developer","https://www.icsc.com/member/profile/849482"
"Daniel Bani-Esraili","Fine Realty Inc","","","","","California","Owner/Developer","https://www.icsc.com/member/profile/221701"
"Erik Barbic","SBA Commercial","","","","","California","Owner/Developer","https://www.icsc.com/member/profile/363329"
"Christian Barraza","TRC Retail","","","","","California","Owner/Developer","https://www.icsc.com/member/profile/162874"
"John Barry","Realty Income Corporation","","","","","California","Owner/Developer","https://www.icsc.com/member/profile/746506"
"Tyler Barry","Brixmor Property Group","","","","","California","Owner/Developer","https://www.icsc.com/member/profile/500649"
"Nicholas Bartholomew","Centennial Real Estate","","","","","California","Owner/Developer","https://www.icsc.com/member/profile/851775"
"Travis Batts","Pappas Investments","","","","","California","Owner/Developer","https://www.icsc.com/member/profile/779941"
"Heather Beal","Merlone Geier Management Inc.","","","","","California","Owner/Developer","https://www.icsc.com/member/profile/104699"
"Dorian Beaney, CRRP","Irvine Company","","","","","California","Owner/Developer","https://www.icsc.com/member/profile/477920"
"Bobby Beers","AEW Capital Management L.P.","","","","","California","Owner/Developer","https://www.icsc.com/member/profile/746589"
"John Bejjani","Irvine Company","","","","","California","Owner/Developer","https://www.icsc.com/member/profile/827547"
"Dwight Belden","Citivest, Inc.","","","","","California","Owner/Developer","https://www.icsc.com/member/profile/199492"
"Josh Beneda","Lewis Retail Centers","","","","","California","Owner/Developer","https://www.icsc.com/member/profile/772312"
"Randy Bennett","Bennett Construction Services Inc.","","","","","California","Owner/Developer","https://www.icsc.com/member/profile/360987"
"Phil Bensinger","Capital Income Properties","","","","","California","Owner/Developer","https://www.icsc.com/member/profile/393535"
"Brenda Benter, CLS, CRX","Red Mountain Retail Group, Inc.","","","","","California","Owner/Developer","https://www.icsc.com/member/profile/121811"
"Luc Bequette","ACRE Investment Company, LLC","","","","","California","Owner/Developer","https://www.icsc.com/member/profile/832848"
"Austin Berger","Capstone Advisors","","","","","California","Owner/Developer","https://www.icsc.com/member/profile/834745"
"Matthew Berger","Sunbelt Investment Holdings Inc","","","","","California","Owner/Developer","https://www.icsc.com/member/profile/371378"
"Chris Bergmann","Milan Capital Management","","","","","California","Owner/Developer","https://www.icsc.com/member/profile/831432"
"Jeffrey Berkes","Paragon Commercial Group","","","","","California","Owner/Developer","https://www.icsc.com/member/profile/184334"
"Ceasar Bernales","Primestor Development","","","","","California","Owner/Developer","https://www.icsc.com/member/profile/418039"
"Jim Berookhim","Oxford Investment Group, LLC","","","","","California","Owner/Developer","https://www.icsc.com/member/profile/641010"
"Nathan Berti","The Carrington Company","","","","","California","Owner/Developer","https://www.icsc.com/member/profile/736679"
"Michael Berube, CLS, CRX","Berube Company","","","","","California","Owner/Developer","https://www.icsc.com/member/profile/100914"
"Robert Best","Westar Associates","","","","","California","Owner/Developer","https://www.icsc.com/member/profile/96086"
"Christel Best","DealPoint Merrill, LLC","","","","","California","Owner/Developer","https://www.icsc.com/member/profile/775777"
"Scott Best","Best Development Group","","","","","California","Owner/Developer","https://www.icsc.com/member/profile/272953"
"William Bettencourt","Browman Development Company, Inc.","","","","","California","Owner/Developer","https://www.icsc.com/member/profile/575266"
"Rupesh Bhakta","Prism Places","","","","","California","Owner/Developer","https://www.icsc.com/member/profile/790093"
"David Bider","Cypress Investments","","","","","California","Owner/Developer","https://www.icsc.com/member/profile/125163"
"Michael Bilak","Bilak Investments","","","","","California","Owner/Developer","https://www.icsc.com/member/profile/600091"
"Dorian Bilak, CRX, CSM","Bilak Investments","","","","","California","Owner/Developer","https://www.icsc.com/member/profile/154145"
"K.C. Bills","Westwood Financial","","","","","California","Owner/Developer","https://www.icsc.com/member/profile/685364"
"Joshua Bittick","Milan Capital Management","","","","","California","Owner/Developer","https://www.icsc.com/member/profile/760791"
"Jill Black","Black Equities, LLC","","","","","California","Owner/Developer","https://www.icsc.com/member/profile/279954"
"Jack Black","Black Equities, LLC","","","","","California","Owner/Developer","https://www.icsc.com/member/profile/204209"
"Kelly Blanchard","Sims-Grupe Management Corporation, Inc.","","","","","California","Owner/Developer","https://www.icsc.com/member/profile/738245"
"Anthony Blanchard","SyWest Development","","","","","California","Owner/Developer","https://www.icsc.com/member/profile/387587"
"Zachary Blatteis","Kimco Realty Corporation","","","","","California","Owner/Developer","https://www.icsc.com/member/profile/508223"
"Robert Bloom","Duhs Commercial","","","","","California","Owner/Developer","https://www.icsc.com/member/profile/283506"
"David Bohannon II","Bohannon Development Co.","","","","","California","Owner/Developer","https://www.icsc.com/member/profile/90028"
"Scott Bohrer","CenterCal Properties, LLC","","","","","California","Owner/Developer","https://www.icsc.com/member/profile/566751"
"Grant Bollinger","Inter-Cal Real Estate Corp.","","","","","California","Owner/Developer","https://www.icsc.com/member/profile/857415"
"Jason Bollinger","Inter-Cal Real Estate Corp.","","","","","California","Owner/Developer","https://www.icsc.com/member/profile/274211"
"Paul Bollinger","Inter-Cal Real Estate Corp.","","","","","California","Owner/Developer","https://www.icsc.com/member/profile/105593"
"Michel Bolour","Apollo Asset Management, Inc.","","","","","California","Owner/Developer","https://www.icsc.com/member/profile/839978"
"Michael Bolour","Apollo Asset Management, Inc.","","","","","California","Owner/Developer","https://www.icsc.com/member/profile/839348"
"Alan Bornstein","UTW Capital, LLC","","","","","California","Owner/Developer","https://www.icsc.com/member/profile/213395"
"John Bosman","Midtown National Group","","","","","California","Owner/Developer","https://www.icsc.com/member/profile/446943"
"Darren Bovard","NewMark Merrill Companies","","","","","California","Owner/Developer","https://www.icsc.com/member/profile/268779"
"Matthew Boyd","Macerich","","","","","California","Owner/Developer","https://www.icsc.com/member/profile/865762"
"Michael Bracken","Development Management Group, Inc.","","","","","California","Owner/Developer","https://www.icsc.com/member/profile/216779"
"Greg Bradbury","Haagen Company LLC","","","","","California","Owner/Developer","https://www.icsc.com/member/profile/313265"
"Barret Bradley","NewMark Merrill Companies","","","","","California","Owner/Developer","https://www.icsc.com/member/profile/603357"
"Brittney Brailsford","CenterCal Properties, LLC","","","","","California","Owner/Developer","https://www.icsc.com/member/profile/854955"
"Derek Bramwell","Midtown National Group","","","","","California","Owner/Developer","https://www.icsc.com/member/profile/578651"
"Matt Brant","Macerich","","","","","California","Owner/Developer","https://www.icsc.com/member/profile/240289"
"James Brat","Four Corners Property Trust","","","","","California","Owner/Developer","https://www.icsc.com/member/profile/649314"
"Michael Braun","Grit Development","","","","","California","Owner/Developer","https://www.icsc.com/member/profile/288987"
"Melissa Breeden","Realty Income Corporation","","","","","California","Owner/Developer","https://www.icsc.com/member/profile/243549"
"Kimberly Brewer","Unibail-Rodamco-Westfield","","","","","California","Owner/Developer","https://www.icsc.com/member/profile/210146"
"Dawn Bricker","Town Center Management Group, Inc.","","","","","California","Owner/Developer","https://www.icsc.com/member/profile/619241"
"CJ Brill","Transwestern","","","","","California","Owner/Developer","https://www.icsc.com/member/profile/717550"
"Tyler Brockmeier","First Washington Realty","","","","","California","Owner/Developer","https://www.icsc.com/member/profile/812361"
"Courtney Brodie","United Income Properties Inc.","","","","","California","Owner/Developer","https://www.icsc.com/member/profile/506241"
"Darryl Browman","Browman Development Company, Inc.","","","","","California","Owner/Developer","https://www.icsc.com/member/profile/102140"
"Brett Brown","Tejon Ranch Company","","","","","California","Owner/Developer","https://www.icsc.com/member/profile/331936"
"Robert Brown","A & C Ventures","","","","","California","Owner/Developer","https://www.icsc.com/member/profile/265709"
"Phillip Brown, CLS, CRX","Majestic Realty Co.","","","","","California","Owner/Developer","https://www.icsc.com/member/profile/101671"
"Aric Browne","Ethan Christopher, LLC","","","","","California","Owner/Developer","https://www.icsc.com/member/profile/126610"
"Landon Browning","Shea Properties","","","","","California","Owner/Developer","https://www.icsc.com/member/profile/608153"
"Nicholas Bruno PE","Valley Development Company, LLC","","","","","California","Owner/Developer","https://www.icsc.com/member/profile/612466"
"Todd Buckstein, CLS","Kimco Realty Corporation","","","","","California","Owner/Developer","https://www.icsc.com/member/profile/125788"
"Erwin Bucy","Paragon Commercial Group","","","","","California","Owner/Developer","https://www.icsc.com/member/profile/231003"
"Manny Bukiet","Westland Real Estate Group","","","","","California","Owner/Developer","https://www.icsc.com/member/profile/423609"
"Kate Burchfield","Gerrity Group, LLC","","","","","California","Owner/Developer","https://www.icsc.com/member/profile/472708"
"Robert Burgess","California Commercial Properties","","","","","California","Owner/Developer","https://www.icsc.com/member/profile/91987"
"Tyler Burkhart","Pacific Retail Capital Partners","","","","","California","Owner/Developer","https://www.icsc.com/member/profile/630997"
"Nikolas Burmeister","Oak Cap Ventures LLC","","","","","California","Owner/Developer","https://www.icsc.com/member/profile/788180"
"Phil Burnett","California Gold Development","","","","","California","Owner/Developer","https://www.icsc.com/member/profile/870778"
"Scott Burnham","Burnham USA Equities","","","","","California","Owner/Developer","https://www.icsc.com/member/profile/102098"
"Matthew Burns","Kimco Realty Corporation","","","","","California","Owner/Developer","https://www.icsc.com/member/profile/802844"
"Blaine Bush","Strategic Retail Advisors","","","","","California","Owner/Developer","https://www.icsc.com/member/profile/117773"
"Erin Byrne, CLS, CRX","Macerich","","","","","California","Owner/Developer","https://www.icsc.com/member/profile/212121"
"Jerome Caldwell","Macerich","","","","","California","Owner/Developer","https://www.icsc.com/member/profile/611489"
"Colleen Callahan","Realty Income Corporation","","","","","California","Owner/Developer","https://www.icsc.com/member/profile/737775"
"Fabiana Campbell","Realty Income Corporation","","","","","California","Owner/Developer","https://www.icsc.com/member/profile/870724"
"Carole Caplan","GGP","","","","","California","Owner/Developer","https://www.icsc.com/member/profile/277424"
"Chris Carley","Capstone Advisors","","","","","California","Owner/Developer","https://www.icsc.com/member/profile/280382"
"Kerra Carlson","C.J. Segerstrom & Sons","","","","","California","Owner/Developer","https://www.icsc.com/member/profile/812362"
"Kenneth Caron","Lewis Retail Centers","","","","","California","Owner/Developer","https://www.icsc.com/member/profile/197529"
"Michelle Carrillo","Inter-Cal Real Estate Corp.","","","","","California","Owner/Developer","https://www.icsc.com/member/profile/768401"
"Kenny Carswell","Security National Properties","","","","","California","Owner/Developer","https://www.icsc.com/member/profile/700453"
"Kyle Cashen","Realty Income Corporation","","","","","California","Owner/Developer","https://www.icsc.com/member/profile/798419"
"Stephen Cassella","Pacific Retail Capital Partners","","","","","California","Owner/Developer","https://www.icsc.com/member/profile/496482"
"Molly Castles","Boston Properties","","","","","California","Owner/Developer","https://www.icsc.com/member/profile/853709"
"Martin Caverly","Lowe","","","","","California","Owner/Developer","https://www.icsc.com/member/profile/540290"
"Kimberly Cervantes","Red Mountain Retail Group, Inc.","","","","","California","Owner/Developer","https://www.icsc.com/member/profile/805505"
"George Chami Jr","Investment Concepts, Inc.","","","","","California","Owner/Developer","https://www.icsc.com/member/profile/106702"
"Alan Chamorro","Lowe","","","","","California","Owner/Developer","https://www.icsc.com/member/profile/280789"
"Suhail Chandy","Realty Income Corporation","","","","","California","Owner/Developer","https://www.icsc.com/member/profile/824079"
"Michael Chaney","Cypress Developments, LLC","","","","","California","Owner/Developer","https://www.icsc.com/member/profile/801222"
"Jonathan Chang","Pacific Castle Management, Inc","","","","","California","Owner/Developer","https://www.icsc.com/member/profile/586257"
"Mike Charron","Macerich","","","","","California","Owner/Developer","https://www.icsc.com/member/profile/866431"
"Rodney Chase","Chase Centers","","","","","California","Owner/Developer","https://www.icsc.com/member/profile/89670"
"Charlotte Chase","Chase Centers","","","","","California","Owner/Developer","https://www.icsc.com/member/profile/855775"
"Scott Chase","Chase Centers","","","","","California","Owner/Developer","https://www.icsc.com/member/profile/284595"
"Mark Chase","Chase Centers","","","","","California","Owner/Developer","https://www.icsc.com/member/profile/138304"
"Michael Chase","Chase Centers","","","","","California","Owner/Developer","https://www.icsc.com/member/profile/130211"
"Johnathan Chavez","Kahl Investments, Inc","","","","","California","Owner/Developer","https://www.icsc.com/member/profile/720605"
"David Chen","The Kelsey","","","","","California","Owner/Developer","https://www.icsc.com/member/profile/820827"
"Jonson Chen","NewQuest","","","","","California","Owner/Developer","https://www.icsc.com/member/profile/779458"
"Rachel Cheng","Regency Centers","","","","","California","Owner/Developer","https://www.icsc.com/member/profile/846068"
"Justin Cheng","Pacific Castle Management, Inc","","","","","California","Owner/Developer","https://www.icsc.com/member/profile/813375"
"Jason Chiang","Tierra West Advisors, Inc.","","","","","California","Owner/Developer","https://www.icsc.com/member/profile/778777"
"Willis Chin","Shea Properties","","","","","California","Owner/Developer","https://www.icsc.com/member/profile/666267"
"Pat Chism","Reeve-Knight Construction, Inc.","","","","","California","Owner/Developer","https://www.icsc.com/member/profile/844075"
"Erik Chrestensen","Chrestensen Design","","","","","California","Owner/Developer","https://www.icsc.com/member/profile/687049"
"Bonnie Chui","B.C. Realty","","","","","California","Owner/Developer","https://www.icsc.com/member/profile/788855"
"Jae Chung","NewMark Merrill Companies","","","","","California","Owner/Developer","https://www.icsc.com/member/profile/228215"
"Alma Cibrian","Battalion Real Estate","","","","","California","Owner/Developer","https://www.icsc.com/member/profile/833133"
"Alan Clark","Brixmor Property Group","","","","","California","Owner/Developer","https://www.icsc.com/member/profile/816763"
"Bill Cluverius","CenterCal Properties, LLC","","","","","California","Owner/Developer","https://www.icsc.com/member/profile/838145"
"Taylor Cohan","SBA Commercial","","","","","California","Owner/Developer","https://www.icsc.com/member/profile/779137"
"Holly Conger","Valcenters, LLC","","","","","California","Owner/Developer","https://www.icsc.com/member/profile/349385"
"Matthew Connolly","Strong & Hayden","","","","","California","Owner/Developer","https://www.icsc.com/member/profile/170237"
"Rob Conroy","CIM Group, Inc.","","","","","California","Owner/Developer","https://www.icsc.com/member/profile/787195"
"Robby Contreras","Brookhurst Shopping Center","","","","","California","Owner/Developer","https://www.icsc.com/member/profile/807887"
"Beth Copes","Red Mountain Retail Group, Inc.","","","","","California","Owner/Developer","https://www.icsc.com/member/profile/829654"
"Tony Coppolino","Komar Investments LLC","","","","","California","Owner/Developer","https://www.icsc.com/member/profile/851130"
"James Cordano","James J. Cordano Co.","","","","","California","Owner/Developer","https://www.icsc.com/member/profile/104377"
"Steve Corea","JH Real Estate Partners","","","","","California","Owner/Developer","https://www.icsc.com/member/profile/632308"
"Brian Cornelius","RDA, LLC","","","","","California","Owner/Developer","https://www.icsc.com/member/profile/230833"
"Adam Corral","Greens Development","","","","","California","Owner/Developer","https://www.icsc.com/member/profile/779679"
"Albert Corti, CLS, CRX","Corti Retail Strategies, Inc.","","","","","California","Owner/Developer","https://www.icsc.com/member/profile/97150"
"John Couvillion","Realty Income Corporation","","","","","California","Owner/Developer","https://www.icsc.com/member/profile/751991"
"Thomas Cozzolino","Majestic Realty Co.","","","","","California","Owner/Developer","https://www.icsc.com/member/profile/99028"
"Jed Craig","SyWest Development","","","","","California","Owner/Developer","https://www.icsc.com/member/profile/270412"
"Steven Craig","Craig Realty Group","","","","","California","Owner/Developer","https://www.icsc.com/member/profile/134282"
"Chad Cress","DJM Capital","","","","","California","Owner/Developer","https://www.icsc.com/member/profile/700762"
"Carter Crouch","Dynamic Real Estate Partners, LLC","","","","","California","Owner/Developer","https://www.icsc.com/member/profile/389149"
"Gregory Cuda, CLS","Prism Places","","","","","California","Owner/Developer","https://www.icsc.com/member/profile/332034"
"Matt Cuneo","United Growth","","","","","California","Owner/Developer","https://www.icsc.com/member/profile/803511"
"Mark Curran","Centennial Real Estate","","","","","California","Owner/Developer","https://www.icsc.com/member/profile/212967"
"Trevor Currie","Pacifica Companies","","","","","California","Owner/Developer","https://www.icsc.com/member/profile/855970"
"Dillon Curtis","Macerich","","","","","California","Owner/Developer","https://www.icsc.com/member/profile/853192"
"Morgan Curtis","Westar Associates","","","","","California","Owner/Developer","https://www.icsc.com/member/profile/803088"
"Greg Cutler","The Carrington Company","","","","","California","Owner/Developer","https://www.icsc.com/member/profile/559554"
"Jerry Cyncynatus Esq","Irvine Company","","","","","California","Owner/Developer","https://www.icsc.com/member/profile/105343"
"Lemore Czeisler","Pacific Retail Capital Partners","","","","","California","Owner/Developer","https://www.icsc.com/member/profile/791286"
"Ashley Da Costa","First Washington Realty","","","","","California","Owner/Developer","https://www.icsc.com/member/profile/628718"
"Rosanna Dalat","Arnel Commercial Properties","","","","","California","Owner/Developer","https://www.icsc.com/member/profile/164814"
"Rob Dascoli","Pacific Retail Capital Partners","","","","","California","Owner/Developer","https://www.icsc.com/member/profile/772080"
"Darlene David","Macerich","","","","","California","Owner/Developer","https://www.icsc.com/member/profile/379564"
"Alberta Davidson","Davidson+Powers, LLC","","","","","California","Owner/Developer","https://www.icsc.com/member/profile/92069"
"Barry Davis","F&F Capital Group","","","","","California","Owner/Developer","https://www.icsc.com/member/profile/805315"
"Hobie Day","Sims-Grupe Management Corporation, Inc.","","","","","California","Owner/Developer","https://www.icsc.com/member/profile/788790"
"Victor De Melo","Browman Development Company, Inc.","","","","","California","Owner/Developer","https://www.icsc.com/member/profile/156898"
"TONY DEHBOZORGI","CDM Inc.","","","","","California","Owner/Developer","https://www.icsc.com/member/profile/855899"
"Darlah Delgado","Shea Properties","","","","","California","Owner/Developer","https://www.icsc.com/member/profile/93418"
"Vanessa Delgado","Primestor Development","","","","","California","Owner/Developer","https://www.icsc.com/member/profile/303909"
"Gina DellaVecchia","Irvine Company","","","","","California","Owner/Developer","https://www.icsc.com/member/profile/835593"
"Sean Demmon","Realty Income Corporation","","","","","California","Owner/Developer","https://www.icsc.com/member/profile/797500"
"Mark Denholm","ProEquity Asset Management","","","","","California","Owner/Developer","https://www.icsc.com/member/profile/347831"
"Santino Derose","Maven Commercial, Inc.","","","","","California","Owner/Developer","https://www.icsc.com/member/profile/429926"
"George Derrington","Red Mountain Retail Group, Inc.","","","","","California","Owner/Developer","https://www.icsc.com/member/profile/782367"
"Dayna Desmond","Argonaut Investments LLC","","","","","California","Owner/Developer","https://www.icsc.com/member/profile/692045"
"Amanda DeVries","Pacific Retail Capital Partners","","","","","California","Owner/Developer","https://www.icsc.com/member/profile/787501"
"Austin Dias","Duhs Commercial","","","","","California","Owner/Developer","https://www.icsc.com/member/profile/566136"
"Dulce Diaz","Dekra-Lite","","","","","California","Owner/Developer","https://www.icsc.com/member/profile/733763"
"Christian Diaz","Agora Realty & Management","","","","","California","Owner/Developer","https://www.icsc.com/member/profile/733413"
"Matthew Diaz","Centennial","","","","","California","Owner/Developer","https://www.icsc.com/member/profile/522405"
"Rodney Diehl","Boston Properties","","","","","California","Owner/Developer","https://www.icsc.com/member/profile/157212"
"Linda DiLembo","CenterCal Properties, LLC","","","","","California","Owner/Developer","https://www.icsc.com/member/profile/772359"
"David DiNitto","Pacific Retail Capital Partners","","","","","California","Owner/Developer","https://www.icsc.com/member/profile/787778"
"Katie Dixon","Irvine Company","","","","","California","Owner/Developer","https://www.icsc.com/member/profile/821293"
"Peter Doerken","DPI Retail","","","","","California","Owner/Developer","https://www.icsc.com/member/profile/102962"
"Colleen Dolan-Clune","Investcal Realty Corporation","","","","","California","Owner/Developer","https://www.icsc.com/member/profile/152447"
"Tim Dollander","Red Mountain Retail Group, Inc.","","","","","California","Owner/Developer","https://www.icsc.com/member/profile/136478"
"Danielle Dollinger","Dollinger Properties","","","","","California","Owner/Developer","https://www.icsc.com/member/profile/827441"
"David Dollinger","Dollinger Properties","","","","","California","Owner/Developer","https://www.icsc.com/member/profile/144827"
"Andy Domenigoni","Domenigoni Barton Properties","","","","","California","Owner/Developer","https://www.icsc.com/member/profile/392530"
"Shari Dorenkamp","DK Commercial Property Group","","","","","California","Owner/Developer","https://www.icsc.com/member/profile/110433"
"Kelly Dossa","Reynolds & Brown","","","","","California","Owner/Developer","https://www.icsc.com/member/profile/327265"
"Scott Douglas","West Coast Capital","","","","","California","Owner/Developer","https://www.icsc.com/member/profile/202014"
"Janeen Drakulich","Realty Income Corporation","","","","","California","Owner/Developer","https://www.icsc.com/member/profile/372731"
"Katie Drebert","Sims-Grupe Management Corporation, Inc.","","","","","California","Owner/Developer","https://www.icsc.com/member/profile/663440"
"Juan Duenas","AEW Capital Management L.P.","","","","","California","Owner/Developer","https://www.icsc.com/member/profile/332568"
"Jordan DuFault","Shea Properties","","","","","California","Owner/Developer","https://www.icsc.com/member/profile/623231"
"Scott Duhs","Duhs Commercial","","","","","California","Owner/Developer","https://www.icsc.com/member/profile/153976"
"Craig Duhs","Duhs Commercial","","","","","California","Owner/Developer","https://www.icsc.com/member/profile/133576"
"Cozette Dunlap, CSM","D. D. Dunlap Companies, Inc","","","","","California","Owner/Developer","https://www.icsc.com/member/profile/101903"
"Drew Dunzweiler","Pacific Retail Capital Partners","","","","","California","Owner/Developer","https://www.icsc.com/member/profile/770930"
"Jud Dutrisac","Westar Associates","","","","","California","Owner/Developer","https://www.icsc.com/member/profile/123584"
"Jon Dwyer","US Property Trust","","","","","California","Owner/Developer","https://www.icsc.com/member/profile/781894"
"Chris Edgar","Greenberg Gibbons Commercial","","","","","California","Owner/Developer","https://www.icsc.com/member/profile/866904"
"Ryan Edwards","Seagrove LA, LLC","","","","","California","Owner/Developer","https://www.icsc.com/member/profile/604673"
"Ross Edwards","Realty Income Corporation","","","","","California","Owner/Developer","https://www.icsc.com/member/profile/471455"
"Casey Ehrlich","Fred Leeds Properties","","","","","California","Owner/Developer","https://www.icsc.com/member/profile/831483"
"Chad Eisenbud","United Growth","","","","","California","Owner/Developer","https://www.icsc.com/member/profile/353703"
"Sarah Ellis","First Washington Realty","","","","","California","Owner/Developer","https://www.icsc.com/member/profile/556739"
"Ally Ellison, CMD, CRRP","Westar Associates","","","","","California","Owner/Developer","https://www.icsc.com/member/profile/574498"
"SG Ellison","A & C Ventures","","","","","California","Owner/Developer","https://www.icsc.com/member/profile/276518"
"Christopher Emerson","Emerson Properties, Inc.","","","","","California","Owner/Developer","https://www.icsc.com/member/profile/470735"
"Shireen Enayati","CenterCal Properties, LLC","","","","","California","Owner/Developer","https://www.icsc.com/member/profile/434973"
"Gail Enderwood","The Festival Companies","","","","","California","Owner/Developer","https://www.icsc.com/member/profile/783937"
"Thomas Engberg","Loja Group LLC","","","","","California","Owner/Developer","https://www.icsc.com/member/profile/93716"
"Tanner Engelage","Lucescu Realty","","","","","California","Owner/Developer","https://www.icsc.com/member/profile/784772"
"Mark Engstrom","Engstrom Properties Inc.","","","","","California","Owner/Developer","https://www.icsc.com/member/profile/99276"
"Heather Epstein","Irvine Company","","","","","California","Owner/Developer","https://www.icsc.com/member/profile/588798"
"Kenya Erving","CenterCal Properties, LLC","","","","","California","Owner/Developer","https://www.icsc.com/member/profile/612465"
"Christopher Esparza","Robhana Group","","","","","California","Owner/Developer","https://www.icsc.com/member/profile/574022"
"Frederick Evans Jr","Evans Consulting","","","","","California","Owner/Developer","https://www.icsc.com/member/profile/105248"
"Joseph Fahey","Balboa Retail Partners","","","","","California","Owner/Developer","https://www.icsc.com/member/profile/340399"
"Todd Falduti, CRRP","GGP","","","","","California","Owner/Developer","https://www.icsc.com/member/profile/338146"
"Michael Fallas","Retail Ventures 1","","","","","California","Owner/Developer","https://www.icsc.com/member/profile/221804"
"Peter Farag","Red Mountain Retail Group, Inc.","","","","","California","Owner/Developer","https://www.icsc.com/member/profile/812247"
"Motti Farag","Strategic Retail Advisors","","","","","California","Owner/Developer","https://www.icsc.com/member/profile/643924"
"Shimon Farber","CCA Acquisition Company, LLC","","","","","California","Owner/Developer","https://www.icsc.com/member/profile/752983"
"Katalina Farinha","JH Real Estate Partners","","","","","California","Owner/Developer","https://www.icsc.com/member/profile/848463"
"Nikki Faris","KJF Partners, Inc.","","","","","California","Owner/Developer","https://www.icsc.com/member/profile/779290"
"Brandon Farrell","Hall Equities Group","","","","","California","Owner/Developer","https://www.icsc.com/member/profile/144851"
"Michael Fassler","Syufy Enterprises","","","","","California","Owner/Developer","https://www.icsc.com/member/profile/653209"
"Kyle Faulkner","Prism Places","","","","","California","Owner/Developer","https://www.icsc.com/member/profile/832221"
"Richard Feder","GGP","","","","","California","Owner/Developer","https://www.icsc.com/member/profile/196195"
"Marc Feigen","Koss Real Estate Investments","","","","","California","Owner/Developer","https://www.icsc.com/member/profile/708481"
"Erica Feiner","TRC","","","","","California","Owner/Developer","https://www.icsc.com/member/profile/805192"
"Steven Felderman","Regency Centers","","","","","California","Owner/Developer","https://www.icsc.com/member/profile/157022"
"Mark Fergus MRICS","CREDE","","","","","California","Owner/Developer","https://www.icsc.com/member/profile/642508"
"Elliot Feuerstein","Brookhurst Shopping Center","","","","","California","Owner/Developer","https://www.icsc.com/member/profile/90133"
"Brett Feuerstein","Brookhurst Shopping Center","","","","","California","Owner/Developer","https://www.icsc.com/member/profile/296896"
"Nick Fifield","Panorama Development, LLC","","","","","California","Owner/Developer","https://www.icsc.com/member/profile/779158"
"Wes Fifield","Panorama Development, LLC","","","","","California","Owner/Developer","https://www.icsc.com/member/profile/715213"
"Demetri Filios","Manteca Development Group, LLC","","","","","California","Owner/Developer","https://www.icsc.com/member/profile/588146"
"Ryan Fingleton","Realty Income Corporation","","","","","California","Owner/Developer","https://www.icsc.com/member/profile/787504"
"Greg Finley","Brixmor Property Group","","","","","California","Owner/Developer","https://www.icsc.com/member/profile/635735"
"Michael Fletcher","Arcadia Management Services Co","","","","","California","Owner/Developer","https://www.icsc.com/member/profile/468107"
"Michael Florin","Brixmor Property Group","","","","","California","Owner/Developer","https://www.icsc.com/member/profile/635826"
"Stephen Fluhr","Unibail-Rodamco-Westfield","","","","","California","Owner/Developer","https://www.icsc.com/member/profile/246247"
"Jack Fogarty","Realty Income Corporation","","","","","California","Owner/Developer","https://www.icsc.com/member/profile/824361"
"Kelly Fogel","Westwood Financial","","","","","California","Owner/Developer","https://www.icsc.com/member/profile/673691"
"Michael Fogelman","The Pratt Company","","","","","California","Owner/Developer","https://www.icsc.com/member/profile/184150"
"Phil Fontes","ASU Associates","","","","","California","Owner/Developer","https://www.icsc.com/member/profile/131582"
"Kathleen Fox-Limburg","Strategic Retail Advisors","","","","","California","Owner/Developer","https://www.icsc.com/member/profile/146174"
"Brett Foy","Zelman Development Company","","","","","California","Owner/Developer","https://www.icsc.com/member/profile/122998"
"David Frank","DealPoint Merrill, LLC","","","","","California","Owner/Developer","https://www.icsc.com/member/profile/97901"
"Flavia Frattali","Lundin Development Co.","","","","","California","Owner/Developer","https://www.icsc.com/member/profile/132910"
"Melissa Freas","Macerich","","","","","California","Owner/Developer","https://www.icsc.com/member/profile/315622"
"Ryan Friedman","F&F Capital Group","","","","","California","Owner/Developer","https://www.icsc.com/member/profile/788685"
"Dan Frysh","Koss Real Estate Investments","","","","","California","Owner/Developer","https://www.icsc.com/member/profile/861152"
"Julio Fuentes","Kosmont Companies","","","","","California","Owner/Developer","https://www.icsc.com/member/profile/721425"
"Bill Gage","D. D. Dunlap Companies, Inc","","","","","California","Owner/Developer","https://www.icsc.com/member/profile/179139"
"Anand Gala","Gala Corporation","","","","","California","Owner/Developer","https://www.icsc.com/member/profile/200550"
"David Galetto, CRRP","Milan Capital Management","","","","","California","Owner/Developer","https://www.icsc.com/member/profile/784440"
"Daryn Gallaway","Related Companies","","","","","California","Owner/Developer","https://www.icsc.com/member/profile/586593"
"Andrew Gannon","Four Corners Property Trust","","","","","California","Owner/Developer","https://www.icsc.com/member/profile/798836"
"Nic Garcia","Milan Capital Management","","","","","California","Owner/Developer","https://www.icsc.com/member/profile/864038"
"Denise Garcia","Clarion Partners","","","","","California","Owner/Developer","https://www.icsc.com/member/profile/162799"
"Brian Garmo","GC Properties","","","","","California","Owner/Developer","https://www.icsc.com/member/profile/779809"
"Samantha Garnett","Brixmor Property Group","","","","","California","Owner/Developer","https://www.icsc.com/member/profile/869008"
"R. Garrison","Garrison Pacific Properties","","","","","California","Owner/Developer","https://www.icsc.com/member/profile/91742"
"Robert Garrison","Sierra Pacific Properties, Inc.","","","","","California","Owner/Developer","https://www.icsc.com/member/profile/156085"
"Patricia Garza","Auerbach Commercial Realty Corp.","","","","","California","Owner/Developer","https://www.icsc.com/member/profile/809478"
"Zechariah Gaskell","Macerich","","","","","California","Owner/Developer","https://www.icsc.com/member/profile/456384"
"Lori Gast, CLS","Red Mountain Retail Group, Inc.","","","","","California","Owner/Developer","https://www.icsc.com/member/profile/101241"
"Greg Geertsen, CSM","Geertsen Consulting","","","","","California","Owner/Developer","https://www.icsc.com/member/profile/93198"
"Deborah George","Deborah George Development","","","","","California","Owner/Developer","https://www.icsc.com/member/profile/497319"
"Christopher Georges","Harvey Capital Corp.","","","","","California","Owner/Developer","https://www.icsc.com/member/profile/287283"
"Kevin Gerrity","Gerrity Group, LLC","","","","","California","Owner/Developer","https://www.icsc.com/member/profile/306548"
"Scott Gerrity, CRRP, CSM","ACP Management","","","","","California","Owner/Developer","https://www.icsc.com/member/profile/265978"
"Jonathan Gesuale","Red Mountain Retail Group, Inc.","","","","","California","Owner/Developer","https://www.icsc.com/member/profile/226257"
"Greg Giacopuzzi","NewMark Merrill Companies","","","","","California","Owner/Developer","https://www.icsc.com/member/profile/521567"
"Jay Gilberg","Koss Real Estate Investments","","","","","California","Owner/Developer","https://www.icsc.com/member/profile/353484"
"Ty Gilhuly","Primestor Development","","","","","California","Owner/Developer","https://www.icsc.com/member/profile/834102"
"Kenneth Gillett, CSM","Irvine Company","","","","","California","Owner/Developer","https://www.icsc.com/member/profile/112210"
"Chase Gilmore","Irvine Company","","","","","California","Owner/Developer","https://www.icsc.com/member/profile/647211"
"Andrew Giorgianni","McNellis Partners","","","","","California","Owner/Developer","https://www.icsc.com/member/profile/534049"
"Luca Giovanardi","NewMark Merrill Companies","","","","","California","Owner/Developer","https://www.icsc.com/member/profile/288066"
"Benjamin Glabman","ACP Management","","","","","California","Owner/Developer","https://www.icsc.com/member/profile/804429"
"Allan Glenn","Parallel Capital Partners, Inc.","","","","","California","Owner/Developer","https://www.icsc.com/member/profile/806365"
"Alex Glick","Guardian Commercial Real Estate, L.P","","","","","California","Owner/Developer","https://www.icsc.com/member/profile/632167"
"John Glikbarg","Village Properties","","","","","California","Owner/Developer","https://www.icsc.com/member/profile/130982"
"David Gliklich","Farallon Capital","","","","","California","Owner/Developer","https://www.icsc.com/member/profile/757951"
"Nikki Glover","Pacific Retail Capital Partners","","","","","California","Owner/Developer","https://www.icsc.com/member/profile/799126"
"Kyle Godat","Brixton Capital, LLC","","","","","California","Owner/Developer","https://www.icsc.com/member/profile/783028"
"Gail Goldstein","The Shops at Santa Anita","","","","","California","Owner/Developer","https://www.icsc.com/member/profile/799989"
"Cliff Goldstein","GPI Companies","","","","","California","Owner/Developer","https://www.icsc.com/member/profile/142298"
"Trish Gonsalves","Gerrity Group, LLC","","","","","California","Owner/Developer","https://www.icsc.com/member/profile/417338"
"Salvador Gonzales","Lance-Kashian & Company","","","","","California","Owner/Developer","https://www.icsc.com/member/profile/507724"
"Alex Gonzalez","Macerich","","","","","California","Owner/Developer","https://www.icsc.com/member/profile/836251"
"Alicia Gonzalez","Dekra-Lite","","","","","California","Owner/Developer","https://www.icsc.com/member/profile/806628"
"Shelby Gonzalez, SLD","GGP","","","","","California","Owner/Developer","https://www.icsc.com/member/profile/605579"
"Bryan Goodman","Lewis Retail Centers","","","","","California","Owner/Developer","https://www.icsc.com/member/profile/779394"
"John Goodman","Lewis Retail Centers","","","","","California","Owner/Developer","https://www.icsc.com/member/profile/118373"
"Robert Goodwin","Martell Investments, LLC","","","","","California","Owner/Developer","https://www.icsc.com/member/profile/498097"
"Miles Gordon","Lowe","","","","","California","Owner/Developer","https://www.icsc.com/member/profile/529965"
"Kevin Gordon","Gordon Commercial Real Estate","","","","","California","Owner/Developer","https://www.icsc.com/member/profile/508281"
"Lisa Gordon","GGP","","","","","California","Owner/Developer","https://www.icsc.com/member/profile/125000"
"David Gottlieb","Sigo Partners, LLC","","","","","California","Owner/Developer","https://www.icsc.com/member/profile/257539"
"Ethan Grabel","Ethan Christopher, LLC","","","","","California","Owner/Developer","https://www.icsc.com/member/profile/740733"
"Seth Grabel","Ethan Christopher, LLC","","","","","California","Owner/Developer","https://www.icsc.com/member/profile/336179"
"Gary Grabel","Ethan Christopher, LLC","","","","","California","Owner/Developer","https://www.icsc.com/member/profile/103182"
"Thomas Graham, CRRP","Irvine Company","","","","","California","Owner/Developer","https://www.icsc.com/member/profile/581639"
"Lisa M. Gray","Red Mountain Retail Group, Inc.","","","","","California","Owner/Developer","https://www.icsc.com/member/profile/676164"
"Gavin Gray","Brixmor Property Group","","","","","California","Owner/Developer","https://www.icsc.com/member/profile/408056"
"Samantha Greening","Macerich","","","","","California","Owner/Developer","https://www.icsc.com/member/profile/765698"
"David Grieve","A & C Ventures","","","","","California","Owner/Developer","https://www.icsc.com/member/profile/103620"
"Matthew Grinsfelder","Westwood Financial","","","","","California","Owner/Developer","https://www.icsc.com/member/profile/797556"
"Nicole Grossman","ValueRock Realty Partners","","","","","California","Owner/Developer","https://www.icsc.com/member/profile/599198"
"Emily Grube","Pacific Retail Capital Partners","","","","","California","Owner/Developer","https://www.icsc.com/member/profile/851690"
"Michael Guerin, CLS, CRX, CSM","Macerich","","","","","California","Owner/Developer","https://www.icsc.com/member/profile/260211"
"Michelle Gutierrez","Pacific Retail Capital Partners","","","","","California","Owner/Developer","https://www.icsc.com/member/profile/830532"
"Josha Gutkin","Bilak Investments","","","","","California","Owner/Developer","https://www.icsc.com/member/profile/858953"
"Evan Hacker","Macerich","","","","","California","Owner/Developer","https://www.icsc.com/member/profile/859162"
"Jack Hadjinian","Spectrum Properties, Inc.","","","","","California","Owner/Developer","https://www.icsc.com/member/profile/355139"
"Gabe Hagemann","The Carrington Company","","","","","California","Owner/Developer","https://www.icsc.com/member/profile/262367"
"George Hajjar","Realty Income Corporation","","","","","California","Owner/Developer","https://www.icsc.com/member/profile/664542"
"Mark Halbach","Red Mountain Retail Group, Inc.","","","","","California","Owner/Developer","https://www.icsc.com/member/profile/815285"
"Andy Haley","Red Mountain Retail Group, Inc.","","","","","California","Owner/Developer","https://www.icsc.com/member/profile/833402"
"Jennifer Hall","Realty Income Corporation","","","","","California","Owner/Developer","https://www.icsc.com/member/profile/619345"
"Mark Hamermesh","Ethan Christopher, LLC","","","","","California","Owner/Developer","https://www.icsc.com/member/profile/255624"
"Chris Han","The Orden Company, LLC","","","","","California","Owner/Developer","https://www.icsc.com/member/profile/817222"
"David Hanasab","Jenson Capital","","","","","California","Owner/Developer","https://www.icsc.com/member/profile/650902"
"Robert Hanasab","Robhana Group","","","","","California","Owner/Developer","https://www.icsc.com/member/profile/596365"
"Robin Hanasab","Robhana Group","","","","","California","Owner/Developer","https://www.icsc.com/member/profile/567894"
"Krista Hanessian","Komar Investments LLC","","","","","California","Owner/Developer","https://www.icsc.com/member/profile/851129"
"Vache Hanessian","Komar Investments LLC","","","","","California","Owner/Developer","https://www.icsc.com/member/profile/233092"
"Alec Hankins","Realty Income Corporation","","","","","California","Owner/Developer","https://www.icsc.com/member/profile/742693"
"Nick Hanley","Four Corners Property Trust","","","","","California","Owner/Developer","https://www.icsc.com/member/profile/773774"
"Martin Hannigan","GME Development","","","","","California","Owner/Developer","https://www.icsc.com/member/profile/107901"
"Hans Hansson","TCN Worldwide","","","","","California","Owner/Developer","https://www.icsc.com/member/profile/214940"
"Vaughn Hapeman","Marinita Development Co.","","","","","California","Owner/Developer","https://www.icsc.com/member/profile/478492"
"Carol Harder","Red Mountain Retail Group, Inc.","","","","","California","Owner/Developer","https://www.icsc.com/member/profile/163541"
"Brent Hargest","LaSalle Investment Management","","","","","California","Owner/Developer","https://www.icsc.com/member/profile/397742"
"Jessica Harosh","Lehrco Corporation","","","","","California","Owner/Developer","https://www.icsc.com/member/profile/856309"
"Mark Harrigian","Paragon Commercial Group","","","","","California","Owner/Developer","https://www.icsc.com/member/profile/132870"
"Johanna Harris","Pacific Castle Management, Inc","","","","","California","Owner/Developer","https://www.icsc.com/member/profile/480599"
"Michael Hart","Macerich","","","","","California","Owner/Developer","https://www.icsc.com/member/profile/862309"
"Andrew Hartman","City Ventures","","","","","California","Owner/Developer","https://www.icsc.com/member/profile/853541"
"Barclay Harty","Strategic Retail Advisors","","","","","California","Owner/Developer","https://www.icsc.com/member/profile/258189"
"Eliot Hayes","Hughes Investments","","","","","California","Owner/Developer","https://www.icsc.com/member/profile/691347"
"Alicia Hayes","Gerrity Group, LLC","","","","","California","Owner/Developer","https://www.icsc.com/member/profile/296094"
"Dana Haynes","Citivest, Inc.","","","","","California","Owner/Developer","https://www.icsc.com/member/profile/371213"
"Jeffrey Helm","Helm Properties","","","","","California","Owner/Developer","https://www.icsc.com/member/profile/663900"
"Erik Henriksen","Pacifica Companies","","","","","California","Owner/Developer","https://www.icsc.com/member/profile/855971"
"William Henry","Riley Properties","","","","","California","Owner/Developer","https://www.icsc.com/member/profile/95885"
"Terri Henry","Gerrity Group, LLC","","","","","California","Owner/Developer","https://www.icsc.com/member/profile/247015"
"Jessica Herrera","Mycotoo","","","","","California","Owner/Developer","https://www.icsc.com/member/profile/784230"
"Gar Herring, CDP, CRX","The Herring Group","","","","","California","Owner/Developer","https://www.icsc.com/member/profile/128056"
"Aaron Herzberg","Puzzle Group","","","","","California","Owner/Developer","https://www.icsc.com/member/profile/846247"
"Matthew Heslin","Heslin Holdings, Inc.","","","","","California","Owner/Developer","https://www.icsc.com/member/profile/124650"
"Colleen Heydon","Centennial Real Estate","","","","","California","Owner/Developer","https://www.icsc.com/member/profile/658305"
"John Hickman","NewMark Merrill Companies","","","","","California","Owner/Developer","https://www.icsc.com/member/profile/104808"
"Marguerite Hill","Majestic Realty Co.","","","","","California","Owner/Developer","https://www.icsc.com/member/profile/280012"
"Ken Hira","Kosmont Companies","","","","","California","Owner/Developer","https://www.icsc.com/member/profile/204730"
"Samantha Hobert","Heslin Holdings, Inc.","","","","","California","Owner/Developer","https://www.icsc.com/member/profile/772258"
"Robert Hoffman","Tierra West Advisors, Inc.","","","","","California","Owner/Developer","https://www.icsc.com/member/profile/832670"
"Bart Hollander","Rich Development Company","","","","","California","Owner/Developer","https://www.icsc.com/member/profile/126561"
"Ronald Holley","R.H. Properties, LLC","","","","","California","Owner/Developer","https://www.icsc.com/member/profile/138505"
"Julie Holmes","Shea Properties","","","","","California","Owner/Developer","https://www.icsc.com/member/profile/810270"
"Sade Holz","Centennial Real Estate","","","","","California","Owner/Developer","https://www.icsc.com/member/profile/628721"
"Izamar Hook","CIM Group, Inc.","","","","","California","Owner/Developer","https://www.icsc.com/member/profile/854277"
"Shajira Hope","Primestor Development","","","","","California","Owner/Developer","https://www.icsc.com/member/profile/696749"
"John Hopkins","Bristol Development Partners","","","","","California","Owner/Developer","https://www.icsc.com/member/profile/92355"
"Rick Hopper, CLS","WS Development","","","","","California","Owner/Developer","https://www.icsc.com/member/profile/120563"
"Baruch Horowitz","Pacific Property Development","","","","","California","Owner/Developer","https://www.icsc.com/member/profile/843446"
"Peter Houck","Shapell Properties, Inc.","","","","","California","Owner/Developer","https://www.icsc.com/member/profile/278692"
"Nicholas Howell","CIM Group, Inc.","","","","","California","Owner/Developer","https://www.icsc.com/member/profile/778670"
"Nick Hsieh","Brixton Capital, LLC","","","","","California","Owner/Developer","https://www.icsc.com/member/profile/814533"
"Shan Hua","Bohannon Development Co.","","","","","California","Owner/Developer","https://www.icsc.com/member/profile/856525"
"Damon Hubbart","ACRE Investment Company, LLC","","","","","California","Owner/Developer","https://www.icsc.com/member/profile/643564"
"Todd Huber","Paragon Commercial Group","","","","","California","Owner/Developer","https://www.icsc.com/member/profile/720606"
"Callie Huff","Engstrom Properties Inc.","","","","","California","Owner/Developer","https://www.icsc.com/member/profile/782431"
"James Hultquist","Macerich","","","","","California","Owner/Developer","https://www.icsc.com/member/profile/810467"
"Derek Hunter","Hunter Properties, Inc.","","","","","California","Owner/Developer","https://www.icsc.com/member/profile/783240"
"Brandice Hunter","Macerich","","","","","California","Owner/Developer","https://www.icsc.com/member/profile/716901"
"Deke Hunter Jr","Hunter Properties, Inc.","","","","","California","Owner/Developer","https://www.icsc.com/member/profile/112987"
"Youssef Ibrahim","Premier Commercial Brokerage","","","","","California","Owner/Developer","https://www.icsc.com/member/profile/101359"
"Sarah Ifrah","Auerbach Commercial Realty Corp.","","","","","California","Owner/Developer","https://www.icsc.com/member/profile/696527"
"Adam Indihar","Pacific Commercial Investments, Inc.","","","","","California","Owner/Developer","https://www.icsc.com/member/profile/448961"
"Akhil Israni","Pacifica Companies","","","","","California","Owner/Developer","https://www.icsc.com/member/profile/655189"
"Katy Jackson","Pacific Properties","","","","","California","Owner/Developer","https://www.icsc.com/member/profile/828066"
"Erin Jackson","Mann Property Co., Inc.","","","","","California","Owner/Developer","https://www.icsc.com/member/profile/674281"
"Stephen Jackson","Western Colloid Roofing Systems","","","","","California","Owner/Developer","https://www.icsc.com/member/profile/565348"
"Steven Jacobs","F&F Capital Group","","","","","California","Owner/Developer","https://www.icsc.com/member/profile/852136"
"Garret Jacobs","The Carrington Company","","","","","California","Owner/Developer","https://www.icsc.com/member/profile/736758"
"Stephen Jaeger","Argonaut Investments LLC","","","","","California","Owner/Developer","https://www.icsc.com/member/profile/229011"
"Jessica Janes","Macerich","","","","","California","Owner/Developer","https://www.icsc.com/member/profile/605441"
"Jason Jaques","Engstrom Properties Inc.","","","","","California","Owner/Developer","https://www.icsc.com/member/profile/372749"
"Sean Jasperson CCIM","TRC","","","","","California","Owner/Developer","https://www.icsc.com/member/profile/788531"
"Mario Jauregui","ACP Management","","","","","California","Owner/Developer","https://www.icsc.com/member/profile/847923"
"James Jessen","Irvine Company","","","","","California","Owner/Developer","https://www.icsc.com/member/profile/529441"
"Troy Jiang","MCB Real Estate, LLC","","","","","California","Owner/Developer","https://www.icsc.com/member/profile/826555"
"Krista Jiannacopoulos","CCA Acquisition Company, LLC","","","","","California","Owner/Developer","https://www.icsc.com/member/profile/568852"
"Thomas Jirovsky","Kosmont Companies","","","","","California","Owner/Developer","https://www.icsc.com/member/profile/161490"
"Barry Johnson","DealPoint Merrill, LLC","","","","","California","Owner/Developer","https://www.icsc.com/member/profile/802629"
"Thad Johnson","Pappas Investments","","","","","California","Owner/Developer","https://www.icsc.com/member/profile/789062"
"Sydney Johnson","Brixmor Property Group","","","","","California","Owner/Developer","https://www.icsc.com/member/profile/734912"
"Inger Johnson","Regency Centers","","","","","California","Owner/Developer","https://www.icsc.com/member/profile/500725"
"Tab Johnson","Rich Development Company","","","","","California","Owner/Developer","https://www.icsc.com/member/profile/102359"
"Brett Johnston","Westwood Financial","","","","","California","Owner/Developer","https://www.icsc.com/member/profile/514400"
"Craig Jones","Jones Development Group","","","","","California","Owner/Developer","https://www.icsc.com/member/profile/97939"
"Ryan Jones","Red Mountain Retail Group, Inc.","","","","","California","Owner/Developer","https://www.icsc.com/member/profile/837994"
"Skylar Jones","Kimco Realty Corporation","","","","","California","Owner/Developer","https://www.icsc.com/member/profile/770705"
"Timothy Jones","Valley Development Company, LLC","","","","","California","Owner/Developer","https://www.icsc.com/member/profile/406673"
"Lori Jones","The Festival Companies","","","","","California","Owner/Developer","https://www.icsc.com/member/profile/111843"
"Alyssa Joyce","Irvine Company","","","","","California","Owner/Developer","https://www.icsc.com/member/profile/648826"
"Andrew Kadolph","Unibail-Rodamco-Westfield","","","","","California","Owner/Developer","https://www.icsc.com/member/profile/330217"
"Titus Kahl","Kahl Investments, Inc","","","","","California","Owner/Developer","https://www.icsc.com/member/profile/828088"
"Anfisa Kahl","Kahl Investments, Inc","","","","","California","Owner/Developer","https://www.icsc.com/member/profile/823471"
"Bruce Kahl","Kahl Investments, Inc","","","","","California","Owner/Developer","https://www.icsc.com/member/profile/141911"
"Nick Kallins","ACP Management","","","","","California","Owner/Developer","https://www.icsc.com/member/profile/856041"
"Bettina Kallins","ACP Management","","","","","California","Owner/Developer","https://www.icsc.com/member/profile/238244"
"Kyle Kallman","Win Properties, Inc.","","","","","California","Owner/Developer","https://www.icsc.com/member/profile/818035"
"Arsh Kalthia","C.W. Clark, Inc.","","","","","California","Owner/Developer","https://www.icsc.com/member/profile/856135"
"Ryan Kanick","Realty Income Corporation","","","","","California","Owner/Developer","https://www.icsc.com/member/profile/806644"
"Joshua Kaplan","Western Avenue Capital, LLC","","","","","California","Owner/Developer","https://www.icsc.com/member/profile/549455"
"Mark Kaplan","Rossmore Properties, Inc.","","","","","California","Owner/Developer","https://www.icsc.com/member/profile/104189"
"Gary Karl","Pacific Retail Capital Partners","","","","","California","Owner/Developer","https://www.icsc.com/member/profile/102719"
"Ebrahim Kashefi","HR Property Group","","","","","California","Owner/Developer","https://www.icsc.com/member/profile/711797"
"Jordan Kashfian","Vulcan Equities","","","","","California","Owner/Developer","https://www.icsc.com/member/profile/650443"
"Edward Kashian","Lance-Kashian & Company","","","","","California","Owner/Developer","https://www.icsc.com/member/profile/249383"
"John Kashian","Lance-Kashian & Company","","","","","California","Owner/Developer","https://www.icsc.com/member/profile/124527"
"Adam Katz","Katz Kirkpatrick Properties","","","","","California","Owner/Developer","https://www.icsc.com/member/profile/823522"
"Fred Katz","Katz Kirkpatrick Properties","","","","","California","Owner/Developer","https://www.icsc.com/member/profile/347268"
"Kurt Kaufman","BLUE SKY BASIN REALTY PARTNERS","","","","","California","Owner/Developer","https://www.icsc.com/member/profile/724349"
"Kevin Kawashita","United Growth","","","","","California","Owner/Developer","https://www.icsc.com/member/profile/751111"
"James Keefe","AvalonBay Communities, Inc.","","","","","California","Owner/Developer","https://www.icsc.com/member/profile/666717"
"Michelle Keldorf","The Olson Company","","","","","California","Owner/Developer","https://www.icsc.com/member/profile/856936"
"Donald Kelley Jr","Haagen Company LLC","","","","","California","Owner/Developer","https://www.icsc.com/member/profile/231747"
"Cormac Kenan","Brixmor Property Group","","","","","California","Owner/Developer","https://www.icsc.com/member/profile/860103"
"Karen Kennedy, CRX, CSM","National Asset Services Inc","","","","","California","Owner/Developer","https://www.icsc.com/member/profile/125364"
"William Kenney Jr, CLS","The Kenney Company","","","","","California","Owner/Developer","https://www.icsc.com/member/profile/91102"
"John Kent, CRX, CSM","Pacific Oak Properties, Inc.","","","","","California","Owner/Developer","https://www.icsc.com/member/profile/94304"
"Laura Kerl","Boston Properties","","","","","California","Owner/Developer","https://www.icsc.com/member/profile/853703"
"Panos Keshishian","Blue Dot Management, Inc","","","","","California","Owner/Developer","https://www.icsc.com/member/profile/133743"
"Aaron Keswick, CLS","Macerich","","","","","California","Owner/Developer","https://www.icsc.com/member/profile/471442"
"Kristen Kettering","Irvine Company","","","","","California","Owner/Developer","https://www.icsc.com/member/profile/665020"
"Jessica Khajerian","Onni Group of Companies","","","","","California","Owner/Developer","https://www.icsc.com/member/profile/824677"
"Jonathan Khoury","DPI Retail","","","","","California","Owner/Developer","https://www.icsc.com/member/profile/784547"
"Doug Kiel","California Gold Development","","","","","California","Owner/Developer","https://www.icsc.com/member/profile/865745"
"Toni Killeen, CRRP, CRX, CSM","The Festival Companies","","","","","California","Owner/Developer","https://www.icsc.com/member/profile/112953"
"Yong Chul Kim","Pacific Castle Management, Inc","","","","","California","Owner/Developer","https://www.icsc.com/member/profile/851652"
"sangyoon Kim","Pacific Retail Capital Partners","","","","","California","Owner/Developer","https://www.icsc.com/member/profile/842598"
"Krista Kim","Valence LLP","","","","","California","Owner/Developer","https://www.icsc.com/member/profile/765987"
"Andrew Kim","TRC","","","","","California","Owner/Developer","https://www.icsc.com/member/profile/606192"
"John Kim","CenterCal Properties, LLC","","","","","California","Owner/Developer","https://www.icsc.com/member/profile/560141"
"Lance Klug","Reeve-Knight Construction, Inc.","","","","","California","Owner/Developer","https://www.icsc.com/member/profile/210614"
"Jeffrey Koerperick","Realty Income Corporation","","","","","California","Owner/Developer","https://www.icsc.com/member/profile/787606"
"Jonathan Kohn","Levy Affiliated Holdings, LLC","","","","","California","Owner/Developer","https://www.icsc.com/member/profile/435742"
"Scott Kohnen","Realty Income Corporation","","","","","California","Owner/Developer","https://www.icsc.com/member/profile/649136"
"Nick Kolbe","Capstone Advisors","","","","","California","Owner/Developer","https://www.icsc.com/member/profile/786531"
"Vonronica Kolidakis","Realty Income Corporation","","","","","California","Owner/Developer","https://www.icsc.com/member/profile/870721"
"Jordan Koontz","Citivest, Inc.","","","","","California","Owner/Developer","https://www.icsc.com/member/profile/833064"
"Matt Kopsky","Realty Income Corporation","","","","","California","Owner/Developer","https://www.icsc.com/member/profile/787614"
"Larry Kosmont CRE","Kosmont Companies","","","","","California","Owner/Developer","https://www.icsc.com/member/profile/90577"
"Jessica Kraus","Onni Group of Companies","","","","","California","Owner/Developer","https://www.icsc.com/member/profile/830211"
"F Ron Krausz","The Krausz Companies LLC","","","","","California","Owner/Developer","https://www.icsc.com/member/profile/92781"
"Taylor Kuchman","NewMark Merrill Companies","","","","","California","Owner/Developer","https://www.icsc.com/member/profile/835690"
"Thomas Kuehl","TRC","","","","","California","Owner/Developer","https://www.icsc.com/member/profile/318804"
"Lillian Kuo","Shea Properties","","","","","California","Owner/Developer","https://www.icsc.com/member/profile/540060"
"Mika Kurmanaliyeva","TRC","","","","","California","Owner/Developer","https://www.icsc.com/member/profile/777118"
"Timothy Kushner","NetCo Investments, Inc.","","","","","California","Owner/Developer","https://www.icsc.com/member/profile/194770"
"Scott Kyman","Loja Group LLC","","","","","California","Owner/Developer","https://www.icsc.com/member/profile/379139"
"Gregg Lacagnina","Irvine Company","","","","","California","Owner/Developer","https://www.icsc.com/member/profile/255069"
"Michael Lagazo","Alpha Real Estate","","","","","California","Owner/Developer","https://www.icsc.com/member/profile/330699"
"Doreen Lahav","Prism Places","","","","","California","Owner/Developer","https://www.icsc.com/member/profile/788128"
"Anson Lam","Macerich","","","","","California","Owner/Developer","https://www.icsc.com/member/profile/856816"
"James Lam","The Shops at Santa Anita","","","","","California","Owner/Developer","https://www.icsc.com/member/profile/797971"
"David Lam","Duckett-Wilson Development Co.","","","","","California","Owner/Developer","https://www.icsc.com/member/profile/327415"
"Tamara Lam-Plattes","Four Corners Property Trust","","","","","California","Owner/Developer","https://www.icsc.com/member/profile/796362"
"Jeff Landis","Lewis Retail Centers","","","","","California","Owner/Developer","https://www.icsc.com/member/profile/787137"
"David Lang","Brixton Capital, LLC","","","","","California","Owner/Developer","https://www.icsc.com/member/profile/785903"
"William Lang","Commerce Realty","","","","","California","Owner/Developer","https://www.icsc.com/member/profile/342007"
"Jonathan Langford","Brookhurst Shopping Center","","","","","California","Owner/Developer","https://www.icsc.com/member/profile/513046"
"Gabrielle Lardiere","Vestar","","","","","California","Owner/Developer","https://www.icsc.com/member/profile/772085"
"Brad LaRue","United Growth","","","","","California","Owner/Developer","https://www.icsc.com/member/profile/360424"
"Joe Laughlin","Argonaut Investments LLC","","","","","California","Owner/Developer","https://www.icsc.com/member/profile/598433"
"Anne Law, CMD","Sudberry Properties, Inc.","","","","","California","Owner/Developer","https://www.icsc.com/member/profile/521893"
"Bob Layne","Red Mountain Retail Group, Inc.","","","","","California","Owner/Developer","https://www.icsc.com/member/profile/783809"
"Austin Leary","Westwood Financial","","","","","California","Owner/Developer","https://www.icsc.com/member/profile/824318"
"Mike Lee","Kosmont Companies","","","","","California","Owner/Developer","https://www.icsc.com/member/profile/849995"
"Frank Lee","Realty Income Corporation","","","","","California","Owner/Developer","https://www.icsc.com/member/profile/849526"
"Jong Ho Steven Lee","Pacific Castle Management, Inc","","","","","California","Owner/Developer","https://www.icsc.com/member/profile/828421"
"KJ Lee","Pacific Castle Management, Inc","","","","","California","Owner/Developer","https://www.icsc.com/member/profile/823834"
"Daniel Lee","Paragon Commercial Group","","","","","California","Owner/Developer","https://www.icsc.com/member/profile/767008"
"Jimmy Lee","Irvine Company","","","","","California","Owner/Developer","https://www.icsc.com/member/profile/728292"
"Robert Leeds","Fred Leeds Properties","","","","","California","Owner/Developer","https://www.icsc.com/member/profile/848384"
"Dina Leeds","Fred Leeds Properties","","","","","California","Owner/Developer","https://www.icsc.com/member/profile/779761"
"Frederick Leeds","Fred Leeds Properties","","","","","California","Owner/Developer","https://www.icsc.com/member/profile/252669"
"Jonathan Lefferts","Argonaut Investments LLC","","","","","California","Owner/Developer","https://www.icsc.com/member/profile/512123"
"Aaron Lefton","Agora Realty & Management","","","","","California","Owner/Developer","https://www.icsc.com/member/profile/506333"
"Ryan Lefton JD","Agora Realty & Management","","","","","California","Owner/Developer","https://www.icsc.com/member/profile/506332"
"Cary Lefton","Agora Realty & Management","","","","","California","Owner/Developer","https://www.icsc.com/member/profile/167627"
"Todd Leger","Commerce Realty","","","","","California","Owner/Developer","https://www.icsc.com/member/profile/182908"
"Judy Lehnhoff","Cagney Enterprises, LLC","","","","","California","Owner/Developer","https://www.icsc.com/member/profile/281370"
"Max Lehrman","Lehrco Corporation","","","","","California","Owner/Developer","https://www.icsc.com/member/profile/645628"
"Kimberly Lehtman","CenterCal Properties, LLC","","","","","California","Owner/Developer","https://www.icsc.com/member/profile/813229"
"Olivia Leigh","Macerich","","","","","California","Owner/Developer","https://www.icsc.com/member/profile/408847"
"Curtis Leigh","Hunter Properties, Inc.","","","","","California","Owner/Developer","https://www.icsc.com/member/profile/381189"
"Brandton Leitze","Rich Development Company","","","","","California","Owner/Developer","https://www.icsc.com/member/profile/377230"
"Rob LeMoine","The Festival Companies","","","","","California","Owner/Developer","https://www.icsc.com/member/profile/201772"
"William Lenehan","Four Corners Property Trust","","","","","California","Owner/Developer","https://www.icsc.com/member/profile/357744"
"Thomas Lenny","Bristol Development Partners","","","","","California","Owner/Developer","https://www.icsc.com/member/profile/92356"
"Ally Lent","The Kroenke Group","","","","","California","Owner/Developer","https://www.icsc.com/member/profile/851245"
"Allyson Lent","The Kroenke Group","","","","","California","Owner/Developer","https://www.icsc.com/member/profile/710493"
"Shaoul Levy","Levy Affiliated Holdings, LLC","","","","","California","Owner/Developer","https://www.icsc.com/member/profile/201087"
"Brian Lewis","Kilroy Realty Corporation","","","","","California","Owner/Developer","https://www.icsc.com/member/profile/686434"
"Randall Lewis","Lewis Retail Centers","","","","","California","Owner/Developer","https://www.icsc.com/member/profile/265168"
"Richard Lewis","Lewis Retail Centers","","","","","California","Owner/Developer","https://www.icsc.com/member/profile/265167"
"Stephen Lewis","Gerrity Group, LLC","","","","","California","Owner/Developer","https://www.icsc.com/member/profile/102023"
"Robert Lewis","Pacific Development Group","","","","","California","Owner/Developer","https://www.icsc.com/member/profile/101904"
"Eric Li, CLS","Brixton Capital, LLC","","","","","California","Owner/Developer","https://www.icsc.com/member/profile/206085"
"Marshall Lichterman","Malinc Development","","","","","California","Owner/Developer","https://www.icsc.com/member/profile/420110"
"Jason Limbert","DealPoint Merrill, LLC","","","","","California","Owner/Developer","https://www.icsc.com/member/profile/566990"
"Wally Limburg","Strategic Retail Advisors","","","","","California","Owner/Developer","https://www.icsc.com/member/profile/99178"
"Spencer Lin","Pacific Castle Management, Inc","","","","","California","Owner/Developer","https://www.icsc.com/member/profile/619310"
"Rhiana Lindsey","Primestor Development","","","","","California","Owner/Developer","https://www.icsc.com/member/profile/591876"
"Kenny Liu, CRRP","Realest Group","","","","","California","Owner/Developer","https://www.icsc.com/member/profile/579716"
"Samantha Lopez","CenterCal Properties, LLC","","","","","California","Owner/Developer","https://www.icsc.com/member/profile/579358"
"Matthew Loving","Westwood Financial","","","","","California","Owner/Developer","https://www.icsc.com/member/profile/806677"
"Daniel Lovitz","Realty Income Corporation","","","","","California","Owner/Developer","https://www.icsc.com/member/profile/353147"
"Rod Lucio","Holladay Properties","","","","","California","Owner/Developer","https://www.icsc.com/member/profile/335150"
"Israel Luna","Realty Income Corporation","","","","","California","Owner/Developer","https://www.icsc.com/member/profile/859161"
"Andrew Lundahl","CenterSquare Investment Management","","","","","California","Owner/Developer","https://www.icsc.com/member/profile/644650"
"Leonard Lundin","Lundin Development Co.","","","","","California","Owner/Developer","https://www.icsc.com/member/profile/93174"
"Jason Lurie","Majestic Realty Co.","","","","","California","Owner/Developer","https://www.icsc.com/member/profile/769484"
"Eli Lux","Pacific Retail Capital Partners","","","","","California","Owner/Developer","https://www.icsc.com/member/profile/771154"
"Jared Lux","Carmel Partners","","","","","California","Owner/Developer","https://www.icsc.com/member/profile/708879"
"Allison Lynch, CRX, CSM","Primestor Development","","","","","California","Owner/Developer","https://www.icsc.com/member/profile/118798"
"David Lyon","Western Colloid Roofing Systems","","","","","California","Owner/Developer","https://www.icsc.com/member/profile/829190"
"Matthew MacDonald","Realty Income Corporation","","","","","California","Owner/Developer","https://www.icsc.com/member/profile/783343"
"Colm Macken","Shea Properties","","","","","California","Owner/Developer","https://www.icsc.com/member/profile/135060"
"Megan Mackey","Gerrity Group, LLC","","","","","California","Owner/Developer","https://www.icsc.com/member/profile/654154"
"Liz Maclin","NewMark Merrill Companies","","","","","California","Owner/Developer","https://www.icsc.com/member/profile/791394"
"Joe Madden","Sudberry Properties, Inc.","","","","","California","Owner/Developer","https://www.icsc.com/member/profile/207246"
"Donna Maeda","Americal Management Company, Inc.","","","","","California","Owner/Developer","https://www.icsc.com/member/profile/802706"
"Matthew Magnaghi","Kimco Realty Corporation","","","","","California","Owner/Developer","https://www.icsc.com/member/profile/744047"
"Jonathan Maher, CRRP, CSM","Centennial Real Estate","","","","","California","Owner/Developer","https://www.icsc.com/member/profile/566461"
"Eli Mahl","The Festival Companies","","","","","California","Owner/Developer","https://www.icsc.com/member/profile/430463"
"Cassie Malayil","Macerich","","","","","California","Owner/Developer","https://www.icsc.com/member/profile/504466"
"Michael Mallard","Boos Development Group Inc.","","","","","California","Owner/Developer","https://www.icsc.com/member/profile/632201"
"Robert Manarino","Manarino Realty","","","","","California","Owner/Developer","https://www.icsc.com/member/profile/89816"
"Manuel Mancha","Tierra West Advisors, Inc.","","","","","California","Owner/Developer","https://www.icsc.com/member/profile/849637"
"Jacob Mangalindan","Shea Properties","","","","","California","Owner/Developer","https://www.icsc.com/member/profile/858155"
"Luis Ferdinand Mann","Sunbelt Investment Holdings Inc","","","","","California","Owner/Developer","https://www.icsc.com/member/profile/821778"
"Carla Manto","Realty Income Corporation","","","","","California","Owner/Developer","https://www.icsc.com/member/profile/858813"
"Jaimie Marchand","KWP Real Estate","","","","","California","Owner/Developer","https://www.icsc.com/member/profile/524740"
"Richard Margolis","Columbus Pacific Properties","","","","","California","Owner/Developer","https://www.icsc.com/member/profile/119721"
"Gray Martin","Realty Income Corporation","","","","","California","Owner/Developer","https://www.icsc.com/member/profile/866839"
"Bob Martin","Lewis Retail Centers","","","","","California","Owner/Developer","https://www.icsc.com/member/profile/471300"
"Omar Martinez","Lewis Retail Centers","","","","","California","Owner/Developer","https://www.icsc.com/member/profile/509971"
"Brian Martini, CDP, CRRP, CRX, CSM","DMP Properties","","","","","California","Owner/Developer","https://www.icsc.com/member/profile/511299"
"Kimberly Masayko","Brixton Capital, LLC","","","","","California","Owner/Developer","https://www.icsc.com/member/profile/301033"
"Eli Mashiach","HR Property Group","","","","","California","Owner/Developer","https://www.icsc.com/member/profile/557221"
"Jay Matthes","Capstone Advisors","","","","","California","Owner/Developer","https://www.icsc.com/member/profile/618355"
"Jenelle Mattingly Kearns","Pacific Retail Capital Partners","","","","","California","Owner/Developer","https://www.icsc.com/member/profile/815750"
"Beau May","Shapell Properties, Inc.","","","","","California","Owner/Developer","https://www.icsc.com/member/profile/441357"
"Tim May","MAY Centers","","","","","California","Owner/Developer","https://www.icsc.com/member/profile/360705"
"Joel Mayer","Lowe","","","","","California","Owner/Developer","https://www.icsc.com/member/profile/129413"
"Ryan McAndrew","Irvine Company","","","","","California","Owner/Developer","https://www.icsc.com/member/profile/769174"
"Ben McCarthy","Westar Associates","","","","","California","Owner/Developer","https://www.icsc.com/member/profile/850048"
"Heath McCue, CMD","CIM Group, Inc.","","","","","California","Owner/Developer","https://www.icsc.com/member/profile/339216"
"Daniel McElaney","Realty Income Corporation","","","","","California","Owner/Developer","https://www.icsc.com/member/profile/786520"
"Ali McEvoy","Maven Commercial, Inc.","","","","","California","Owner/Developer","https://www.icsc.com/member/profile/827025"
"Mike McFadden","Brixton Capital, LLC","","","","","California","Owner/Developer","https://www.icsc.com/member/profile/839076"
"Maureen McFarlane","Gerrity Group, LLC","","","","","California","Owner/Developer","https://www.icsc.com/member/profile/687937"
"Patrick McGaughey","Paragon Commercial Group","","","","","California","Owner/Developer","https://www.icsc.com/member/profile/144863"
"Sterling Mcgregor","DealPoint Merrill, LLC","","","","","California","Owner/Developer","https://www.icsc.com/member/profile/564544"
"Kiril McKee","Shea Properties","","","","","California","Owner/Developer","https://www.icsc.com/member/profile/104661"
"Elizabeth McKenna","Irvine Company","","","","","California","Owner/Developer","https://www.icsc.com/member/profile/865480"
"Tim McKeon","Heslin Holdings, Inc.","","","","","California","Owner/Developer","https://www.icsc.com/member/profile/686720"
"Casey McKeon","Heslin Holdings, Inc.","","","","","California","Owner/Developer","https://www.icsc.com/member/profile/318579"
"Gene McKnight","Village Properties","","","","","California","Owner/Developer","https://www.icsc.com/member/profile/624936"
"Jermaine McMihelk","NewMark Merrill Hadler Community Partners","","","","","California","Owner/Developer","https://www.icsc.com/member/profile/619598"
"Rocky McMurtray","Pacific Retail Capital Partners","","","","","California","Owner/Developer","https://www.icsc.com/member/profile/260567"
"Brendan McNamara","Argonaut Investments LLC","","","","","California","Owner/Developer","https://www.icsc.com/member/profile/803982"
"John McNellis","McNellis Partners","","","","","California","Owner/Developer","https://www.icsc.com/member/profile/92864"
"Michael McNerney","Lowe","","","","","California","Owner/Developer","https://www.icsc.com/member/profile/338204"
"Jennifer Meade, CLS, CRRP, CRX","CIM Group, Inc.","","","","","California","Owner/Developer","https://www.icsc.com/member/profile/226684"
"Elliot Megdal","Elliot Megdal and Associates","","","","","California","Owner/Developer","https://www.icsc.com/member/profile/91652"
"Bryce Meier","Brixton Capital, LLC","","","","","California","Owner/Developer","https://www.icsc.com/member/profile/775486"
"Carter Meiselman","Eastern Federal Corporation","","","","","California","Owner/Developer","https://www.icsc.com/member/profile/248037"
"Robert Melamed","Affiliated Asset Funds, LLC","","","","","California","Owner/Developer","https://www.icsc.com/member/profile/856316"
"Michael Mendez","NewMark Merrill Companies","","","","","California","Owner/Developer","https://www.icsc.com/member/profile/407547"
"Robert Mendoza","NewMark Merrill Companies","","","","","California","Owner/Developer","https://www.icsc.com/member/profile/787021"
"Steve Mensinger","Mesa Management","","","","","California","Owner/Developer","https://www.icsc.com/member/profile/733502"
"Ralph Mersho","Mershops Properties","","","","","California","Owner/Developer","https://www.icsc.com/member/profile/788727"
"Tony Mersho","Mershops Properties","","","","","California","Owner/Developer","https://www.icsc.com/member/profile/788724"
"Michael Messinger","Meacham-Oppenheimer, Inc.","","","","","California","Owner/Developer","https://www.icsc.com/member/profile/104784"
"Douglas Messner","Sierra Pacific Properties, Inc.","","","","","California","Owner/Developer","https://www.icsc.com/member/profile/125564"
"Joe Meyer","Pacific Retail Partners","","","","","California","Owner/Developer","https://www.icsc.com/member/profile/97942"
"Joel Meyer","PGIM Real Estate","","","","","California","Owner/Developer","https://www.icsc.com/member/profile/763566"
"Jack Meyer","Pacific Retail Partners","","","","","California","Owner/Developer","https://www.icsc.com/member/profile/672229"
"Joseph Michael","Michael Development Corp.","","","","","California","Owner/Developer","https://www.icsc.com/member/profile/132943"
"Drew Mickel","Reynolds & Brown","","","","","California","Owner/Developer","https://www.icsc.com/member/profile/339086"
"Terry Migliaccio","GGP","","","","","California","Owner/Developer","https://www.icsc.com/member/profile/106869"
"Zach Mikelson","TRC","","","","","California","Owner/Developer","https://www.icsc.com/member/profile/623229"
"Truman Miller","Four Corners Property Trust","","","","","California","Owner/Developer","https://www.icsc.com/member/profile/773773"
"Robert Miller","DJM Capital","","","","","California","Owner/Developer","https://www.icsc.com/member/profile/758467"
"Adam Miller","Balboa Retail Partners","","","","","California","Owner/Developer","https://www.icsc.com/member/profile/270006"
"Ryan Min","Pacific Retail Capital Partners","","","","","California","Owner/Developer","https://www.icsc.com/member/profile/739988"
"Mike Minna","Lewis Retail Centers","","","","","California","Owner/Developer","https://www.icsc.com/member/profile/296564"
"Ben Minton","Kimco Realty Corporation","","","","","California","Owner/Developer","https://www.icsc.com/member/profile/782482"
"David Mitroff","Westwood Financial","","","","","California","Owner/Developer","https://www.icsc.com/member/profile/605049"
"Reza Moalej","Moalej Company","","","","","California","Owner/Developer","https://www.icsc.com/member/profile/573650"
"Saeed Moaven","Bilak Investments","","","","","California","Owner/Developer","https://www.icsc.com/member/profile/474391"
"Mitchell Monge","The Carrington Company","","","","","California","Owner/Developer","https://www.icsc.com/member/profile/869107"
"John Monley","Engstrom Properties Inc.","","","","","California","Owner/Developer","https://www.icsc.com/member/profile/776393"
"Linda Montana","Linda Marie Mickel Trust","","","","","California","Owner/Developer","https://www.icsc.com/member/profile/392877"
"Collin Montgomery","Panorama Development, LLC","","","","","California","Owner/Developer","https://www.icsc.com/member/profile/747085"
"Tim Moody, CSM","Meridian Pacific Ltd.","","","","","California","Owner/Developer","https://www.icsc.com/member/profile/102074"
"Heather Moon","CIM Group, Inc.","","","","","California","Owner/Developer","https://www.icsc.com/member/profile/368426"
"Robin Mora","Realty Income Corporation","","","","","California","Owner/Developer","https://www.icsc.com/member/profile/622465"
"Victor Morales","Stock Five Development","","","","","California","Owner/Developer","https://www.icsc.com/member/profile/782871"
"Louis Morales","Tierra West Advisors, Inc.","","","","","California","Owner/Developer","https://www.icsc.com/member/profile/778779"
"Frank Moreno","Dekra-Lite","","","","","California","Owner/Developer","https://www.icsc.com/member/profile/852808"
"Peter Morgan","24 Hour Fitness","","","","","California","Owner/Developer","https://www.icsc.com/member/profile/831636"
"Ryan Morita","Oak Cap Ventures LLC","","","","","California","Owner/Developer","https://www.icsc.com/member/profile/565362"
"Michael Morlan","Macerich","","","","","California","Owner/Developer","https://www.icsc.com/member/profile/295756"
"Theresa Morrison","Cagney Enterprises, LLC","","","","","California","Owner/Developer","https://www.icsc.com/member/profile/90271"
"Dylan Morrone","F&F Capital Group","","","","","California","Owner/Developer","https://www.icsc.com/member/profile/864440"
"Ron Mourey","Gerrity Group, LLC","","","","","California","Owner/Developer","https://www.icsc.com/member/profile/174347"
"Brandon Mucha","Irvine Company","","","","","California","Owner/Developer","https://www.icsc.com/member/profile/864846"
"Michael Mugel","Red Mountain Retail Group, Inc.","","","","","California","Owner/Developer","https://www.icsc.com/member/profile/167721"
"Hans Mumper","Robertson Properties Group","","","","","California","Owner/Developer","https://www.icsc.com/member/profile/404477"
"Landon Munson","CenterCal Properties, LLC","","","","","California","Owner/Developer","https://www.icsc.com/member/profile/837368"
"Kelly Murphy","Dekra-Lite","","","","","California","Owner/Developer","https://www.icsc.com/member/profile/787657"
"Timothy Murphy, CMD","NewMark Merrill Companies","","","","","California","Owner/Developer","https://www.icsc.com/member/profile/599809"
"Patrick Murphy","Allstate Properties, Inc.","","","","","California","Owner/Developer","https://www.icsc.com/member/profile/165045"
"Dave Murray","Phillips Edison & Company","","","","","California","Owner/Developer","https://www.icsc.com/member/profile/860795"
"Craig Mwashita","Blue Stone Management","","","","","California","Owner/Developer","https://www.icsc.com/member/profile/808914"
"Jenifer Natto","Tejon Ranch Company","","","","","California","Owner/Developer","https://www.icsc.com/member/profile/175886"
"Jack Navarra","United Growth","","","","","California","Owner/Developer","https://www.icsc.com/member/profile/554926"
"Christine Nelson","Irvine Company","","","","","California","Owner/Developer","https://www.icsc.com/member/profile/626312"
"Yehuda Netanel","Gilad Development, Inc.","","","","","California","Owner/Developer","https://www.icsc.com/member/profile/168527"
"Julie Neward","Sunbelt Investment Holdings Inc","","","","","California","Owner/Developer","https://www.icsc.com/member/profile/594801"
"Arthur Nguyen","The Orden Company, LLC","","","","","California","Owner/Developer","https://www.icsc.com/member/profile/313960"
"Christopher Nichelson","Milan Capital Management","","","","","California","Owner/Developer","https://www.icsc.com/member/profile/283240"
"Peter Nicholas","Duckett-Wilson Development Co.","","","","","California","Owner/Developer","https://www.icsc.com/member/profile/104005"
"Ryan Nickelson","McNellis Partners","","","","","California","Owner/Developer","https://www.icsc.com/member/profile/264635"
"Tanya Nielsen","Columbus Pacific Properties","","","","","California","Owner/Developer","https://www.icsc.com/member/profile/420146"
"Peter Nixon","Newcastle Properties Group","","","","","California","Owner/Developer","https://www.icsc.com/member/profile/186554"
"Katy Noel","Balboa Retail Partners","","","","","California","Owner/Developer","https://www.icsc.com/member/profile/834402"
"Daniel Nourafshan","Reliable Properties","","","","","California","Owner/Developer","https://www.icsc.com/member/profile/779894"
"Sam Nourafshan","Reliable Properties","","","","","California","Owner/Developer","https://www.icsc.com/member/profile/730904"
"George Balafas","Kentro Group","","","","","Colorado","Owner/Developer","https://www.icsc.com/member/profile/543651"
"Dusty Batsell","Baceline Group","","","","","Colorado","Owner/Developer","https://www.icsc.com/member/profile/359672"
"Donna Blair","Pacific Retail Capital Partners","","","","","Colorado","Owner/Developer","https://www.icsc.com/member/profile/593664"
"Maxwell Bradley","Baceline Group","","","","","Colorado","Owner/Developer","https://www.icsc.com/member/profile/636315"
"Max Bragdon","The Zall Company","","","","","Colorado","Owner/Developer","https://www.icsc.com/member/profile/772865"
"Samuel Brown","Brown & Associates","","","","","Colorado","Owner/Developer","https://www.icsc.com/member/profile/169284"
"Ann Budrow","Baceline Group","","","","","Colorado","Owner/Developer","https://www.icsc.com/member/profile/635430"
"Brian Buell","Gart Properties","","","","","Colorado","Owner/Developer","https://www.icsc.com/member/profile/828653"
"Jonathan Bui","Baceline Group","","","","","Colorado","Owner/Developer","https://www.icsc.com/member/profile/852277"
"Christopher Burton","Legend Partners, LLP","","","","","Colorado","Owner/Developer","https://www.icsc.com/member/profile/104598"
"Ross Carpenter","NewMark Merrill Companies","","","","","Colorado","Owner/Developer","https://www.icsc.com/member/profile/527833"
"Brent Chod","Baceline Group","","","","","Colorado","Owner/Developer","https://www.icsc.com/member/profile/732052"
"Colin Clancy","Broad Street Realty","","","","","Colorado","Owner/Developer","https://www.icsc.com/member/profile/697732"
"Dan Cohen","D4Urban","","","","","Colorado","Owner/Developer","https://www.icsc.com/member/profile/779990"
"Lev Cohen","Weststar Commercial","","","","","Colorado","Owner/Developer","https://www.icsc.com/member/profile/509984"
"Ryan Connolly","Prism Places","","","","","Colorado","Owner/Developer","https://www.icsc.com/member/profile/851542"
"Shell Cook","Jordon Perlmutter & Co.","","","","","Colorado","Owner/Developer","https://www.icsc.com/member/profile/105333"
"Kevin Coppola","AmCap Incorporated","","","","","Colorado","Owner/Developer","https://www.icsc.com/member/profile/826905"
"Christina Cordova","Robert Taylor Collective LLC","","","","","Colorado","Owner/Developer","https://www.icsc.com/member/profile/806462"
"Austin Costley","Baceline Group","","","","","Colorado","Owner/Developer","https://www.icsc.com/member/profile/858487"
"Corey Cross","Baceline Group","","","","","Colorado","Owner/Developer","https://www.icsc.com/member/profile/706509"
"Rene Daniels, CDP, CLS, CMD, CRX, CSM","Gerrity Group, LLC","","","","","Colorado","Owner/Developer","https://www.icsc.com/member/profile/194572"
"Randy Danielson","The Opus Group","","","","","Colorado","Owner/Developer","https://www.icsc.com/member/profile/288094"
"Kevin Deighan","Timberline Commercial Real Estate","","","","","Colorado","Owner/Developer","https://www.icsc.com/member/profile/119702"
"Chloe Dikeou","Dikeou Realty","","","","","Colorado","Owner/Developer","https://www.icsc.com/member/profile/809482"
"Mona Douillard","United Properties","","","","","Colorado","Owner/Developer","https://www.icsc.com/member/profile/694527"
"Sophie Eck","Kensington Development Partners","","","","","Colorado","Owner/Developer","https://www.icsc.com/member/profile/810288"
"Jared Eck","Kensington Development Partners","","","","","Colorado","Owner/Developer","https://www.icsc.com/member/profile/695102"
"Peter Fair","Continuum Partners, LLC","","","","","Colorado","Owner/Developer","https://www.icsc.com/member/profile/298213"
"Joe Ferrari","Bridge33 Capital","","","","","Colorado","Owner/Developer","https://www.icsc.com/member/profile/849846"
"Jeff Finkelstein","O'Fallon Plaza","","","","","Colorado","Owner/Developer","https://www.icsc.com/member/profile/775864"
"Cameron Flint","Legend Partners, LLP","","","","","Colorado","Owner/Developer","https://www.icsc.com/member/profile/636868"
"Daniel Foster","Jordon Perlmutter & Co.","","","","","Colorado","Owner/Developer","https://www.icsc.com/member/profile/686909"
"Nicholas Freddo","Kimco Realty Corporation","","","","","Colorado","Owner/Developer","https://www.icsc.com/member/profile/602503"
"Maxwell Gansline","The Staenberg Group","","","","","Colorado","Owner/Developer","https://www.icsc.com/member/profile/533916"
"Brittany Garnick","Kimco Realty Corporation","","","","","Colorado","Owner/Developer","https://www.icsc.com/member/profile/630776"
"Evan Gart","Gart Properties","","","","","Colorado","Owner/Developer","https://www.icsc.com/member/profile/666238"
"Brandon Gayeski","CenterPointe CRE","","","","","Colorado","Owner/Developer","https://www.icsc.com/member/profile/738565"
"Milton Geist","Geist Entities","","","","","Colorado","Owner/Developer","https://www.icsc.com/member/profile/669595"
"David Geist","Geist Entities","","","","","Colorado","Owner/Developer","https://www.icsc.com/member/profile/273295"
"Avery Gibson","AEW Capital Management L.P.","","","","","Colorado","Owner/Developer","https://www.icsc.com/member/profile/782581"
"Stacey Glenn","The Zall Company","","","","","Colorado","Owner/Developer","https://www.icsc.com/member/profile/563299"
"Kelly Greene","Legend Partners, LLP","","","","","Colorado","Owner/Developer","https://www.icsc.com/member/profile/130426"
"David Gruenefeldt","CenterCal Properties, LLC","","","","","Colorado","Owner/Developer","https://www.icsc.com/member/profile/867199"
"Timothy Hakes","Weststar Commercial","","","","","Colorado","Owner/Developer","https://www.icsc.com/member/profile/163958"
"Merrit Hall","AEW Capital Management L.P.","","","","","Colorado","Owner/Developer","https://www.icsc.com/member/profile/791429"
"Scott Hall","Alberta Development Partners","","","","","Colorado","Owner/Developer","https://www.icsc.com/member/profile/203962"
"James Harris","Western Centers","","","","","Colorado","Owner/Developer","https://www.icsc.com/member/profile/855739"
"Brett Haskins","Legend Partners, LLP","","","","","Colorado","Owner/Developer","https://www.icsc.com/member/profile/775713"
"Jon Hauser","Drake Real Estate Services Inc","","","","","Colorado","Owner/Developer","https://www.icsc.com/member/profile/139581"
"Kevin Hawkins","Hawkins Development, LLC","","","","","Colorado","Owner/Developer","https://www.icsc.com/member/profile/101123"
"Michael Hayutin","Weststar Commercial","","","","","Colorado","Owner/Developer","https://www.icsc.com/member/profile/345218"
"Kevin Hayutin","Weststar Commercial","","","","","Colorado","Owner/Developer","https://www.icsc.com/member/profile/130519"
"Colin Henehan","Baceline Group","","","","","Colorado","Owner/Developer","https://www.icsc.com/member/profile/803507"
"Derek Henry","Gart Properties","","","","","Colorado","Owner/Developer","https://www.icsc.com/member/profile/212221"
"Meghan Kaltenstein","Macerich","","","","","Colorado","Owner/Developer","https://www.icsc.com/member/profile/319098"
"Michael Kendall","Legend Partners, LLP","","","","","Colorado","Owner/Developer","https://www.icsc.com/member/profile/340369"
"Bradley Kornfeld Esq","Kornfeld Real Estate LLC","","","","","Colorado","Owner/Developer","https://www.icsc.com/member/profile/146193"
"Aaron Koury","Shea Properties","","","","","Colorado","Owner/Developer","https://www.icsc.com/member/profile/754164"
"Michael Kranzdorf","Amterre Property Group LLC","","","","","Colorado","Owner/Developer","https://www.icsc.com/member/profile/113808"
"Carly Krowl","AmCap Incorporated","","","","","Colorado","Owner/Developer","https://www.icsc.com/member/profile/647661"
"Jack Krowl","AmCap Incorporated","","","","","Colorado","Owner/Developer","https://www.icsc.com/member/profile/603732"
"David Larson","Legend Partners, LLP","","","","","Colorado","Owner/Developer","https://www.icsc.com/member/profile/97981"
"Michael Blake Larson","Legend Partners, LLP","","","","","Colorado","Owner/Developer","https://www.icsc.com/member/profile/474008"
"Martin Liles","M & J Wilkow, Ltd.","","","","","Colorado","Owner/Developer","https://www.icsc.com/member/profile/162272"
"Remi Locke","Legend Partners, LLP","","","","","Colorado","Owner/Developer","https://www.icsc.com/member/profile/859969"
"Melissa Machell","Continuum Partners, LLC","","","","","Colorado","Owner/Developer","https://www.icsc.com/member/profile/99451"
"Carolyn Maher","Baceline Group","","","","","Colorado","Owner/Developer","https://www.icsc.com/member/profile/851424"
"Katie Mahoney","AmCap Incorporated","","","","","Colorado","Owner/Developer","https://www.icsc.com/member/profile/787159"
"Heather Martin","Bridge33 Capital","","","","","Colorado","Owner/Developer","https://www.icsc.com/member/profile/850977"
"Danaria McCoy, CMD, CRRP, CRX, CSM","NewMark Merrill Companies","","","","","Colorado","Owner/Developer","https://www.icsc.com/member/profile/362304"
"Kyle McInnis","ServiceStar Capital Management LLC","","","","","Colorado","Owner/Developer","https://www.icsc.com/member/profile/734368"
"Ran Meng","Phillips Edison & Company","","","","","Colorado","Owner/Developer","https://www.icsc.com/member/profile/620036"
"Arnold Meranski","Western Centers","","","","","Colorado","Owner/Developer","https://www.icsc.com/member/profile/121144"
"Ari Michaeli","Baceline Group","","","","","Colorado","Owner/Developer","https://www.icsc.com/member/profile/594091"
"Rick Miller","Magna Development Co","","","","","Colorado","Owner/Developer","https://www.icsc.com/member/profile/90777"
"John Mullins","John M Mullins & Associates, Inc.","","","","","Colorado","Owner/Developer","https://www.icsc.com/member/profile/616844"
"Jeffrey Nemec, CSM","Northwood Retail LLC","","","","","Colorado","Owner/Developer","https://www.icsc.com/member/profile/362468"
"Ian Newland","Macerich","","","","","Colorado","Owner/Developer","https://www.icsc.com/member/profile/626691"
"Kenneth Osterlund","Norwood Limited, Inc.","","","","","Colorado","Owner/Developer","https://www.icsc.com/member/profile/119662"
"Todd Parker","McWhinney Real Estate Services, Inc.","","","","","Colorado","Owner/Developer","https://www.icsc.com/member/profile/856695"
"Michael Pavlakis","Legend Partners, LLP","","","","","Colorado","Owner/Developer","https://www.icsc.com/member/profile/806388"
"Peter Pavlakis","Legend Partners, LLP","","","","","Colorado","Owner/Developer","https://www.icsc.com/member/profile/121169"
"Jonathan Perlmutter","Jordon Perlmutter & Co.","","","","","Colorado","Owner/Developer","https://www.icsc.com/member/profile/137504"
"Dana Peterson","Macerich","","","","","Colorado","Owner/Developer","https://www.icsc.com/member/profile/733400"
"Lindsey Reevie","Baceline Group","","","","","Colorado","Owner/Developer","https://www.icsc.com/member/profile/756670"
"Nancy Rendos","Macerich","","","","","Colorado","Owner/Developer","https://www.icsc.com/member/profile/129168"
"Thomas Reznik","NAI Affinity","","","","","Colorado","Owner/Developer","https://www.icsc.com/member/profile/429461"
"Jeff Samuelson","Realty One Group Premier","","","","","Colorado","Owner/Developer","https://www.icsc.com/member/profile/435968"
"Alyssa Scalisi","Baceline Group","","","","","Colorado","Owner/Developer","https://www.icsc.com/member/profile/693790"
"Logan Schenk","The Zall Company","","","","","Colorado","Owner/Developer","https://www.icsc.com/member/profile/642980"
"Jake Schisel","Equity Ventures Commercial Development","","","","","Colorado","Owner/Developer","https://www.icsc.com/member/profile/784264"
"Katie Schlickman","Baceline Group","","","","","Colorado","Owner/Developer","https://www.icsc.com/member/profile/849763"
"Sasha Shepard, CSM","SITE Centers Corp.","","","","","Colorado","Owner/Developer","https://www.icsc.com/member/profile/262214"
"Paul Sheppard","NewMark Merrill Companies","","","","","Colorado","Owner/Developer","https://www.icsc.com/member/profile/345975"
"Virgil Shouse III","Excell Fund Brokerage and Development, LLC","","","","","Colorado","Owner/Developer","https://www.icsc.com/member/profile/206876"
"Ira Shwartz","AmCap Incorporated","","","","","Colorado","Owner/Developer","https://www.icsc.com/member/profile/93149"
"Mark Sidell","Gart Properties","","","","","Colorado","Owner/Developer","https://www.icsc.com/member/profile/100156"
"Gregory Sims, CSM","GGP","","","","","Colorado","Owner/Developer","https://www.icsc.com/member/profile/123059"
"Blake Skinner","Legend Partners, LLP","","","","","Colorado","Owner/Developer","https://www.icsc.com/member/profile/266364"
"Sid Squirrell","Bray & Company Commercial","","","","","Colorado","Owner/Developer","https://www.icsc.com/member/profile/136351"
"Rick Stucy, CDP","The Stucy Company","","","","","Colorado","Owner/Developer","https://www.icsc.com/member/profile/103904"
"Michael Tamblyn","The Kroenke Group","","","","","Colorado","Owner/Developer","https://www.icsc.com/member/profile/321790"
"Kimberly Tatsch","Tatsch Development Services LLC","","","","","Colorado","Owner/Developer","https://www.icsc.com/member/profile/650938"
"Lance Taylor","NewMark Merrill Companies","","","","","Colorado","Owner/Developer","https://www.icsc.com/member/profile/162856"
"Austin Tillack","Bridge33 Capital","","","","","Colorado","Owner/Developer","https://www.icsc.com/member/profile/443229"
"Kyle Underwood","Legend Partners, LLP","","","","","Colorado","Owner/Developer","https://www.icsc.com/member/profile/282686"
"Ryan Vickers","Baceline Group","","","","","Colorado","Owner/Developer","https://www.icsc.com/member/profile/634347"
"Marissa Visconsi","Phillips Edison & Company","","","","","Colorado","Owner/Developer","https://www.icsc.com/member/profile/388903"
"Corey Wagner","Western Centers","","","","","Colorado","Owner/Developer","https://www.icsc.com/member/profile/624743"
"Ashley Weiler","Baceline Group","","","","","Colorado","Owner/Developer","https://www.icsc.com/member/profile/850866"
"Charley White","Baceline Group","","","","","Colorado","Owner/Developer","https://www.icsc.com/member/profile/756136"
"Stuart Zall","The Zall Company","","","","","Colorado","Owner/Developer","https://www.icsc.com/member/profile/118631"
"Courtney Ziminski","Baceline Group","","","","","Colorado","Owner/Developer","https://www.icsc.com/member/profile/805842"
"Matthew Allen","AmCap Incorporated","","","","","Connecticut","Owner/Developer","https://www.icsc.com/member/profile/525260"
"Jake Bisenius","AmCap Incorporated","","","","","Connecticut","Owner/Developer","https://www.icsc.com/member/profile/332223"
"Newt Brainard","The Simon Konover Company","","","","","Connecticut","Owner/Developer","https://www.icsc.com/member/profile/527225"
"Jordan Brandes","Brand Street Properties","","","","","Connecticut","Owner/Developer","https://www.icsc.com/member/profile/579254"
"Paul Brandes","Brand Street Properties","","","","","Connecticut","Owner/Developer","https://www.icsc.com/member/profile/116071"
"Stephanie Caruso","CONSTRUX CO. LLC","","","","","Connecticut","Owner/Developer","https://www.icsc.com/member/profile/866010"
"Alice Catalano","AmCap Incorporated","","","","","Connecticut","Owner/Developer","https://www.icsc.com/member/profile/770594"
"Mario Christian","AmCap Incorporated","","","","","Connecticut","Owner/Developer","https://www.icsc.com/member/profile/868507"
"Peter Christian","The HB Nitkin Group","","","","","Connecticut","Owner/Developer","https://www.icsc.com/member/profile/342596"
"Brian Clement","LBX Investments LLC","","","","","Connecticut","Owner/Developer","https://www.icsc.com/member/profile/845295"
"Hannah Cope","AmCap Incorporated","","","","","Connecticut","Owner/Developer","https://www.icsc.com/member/profile/838544"
"Jonathan DeAngelo","Hutensky Capital Partners","","","","","Connecticut","Owner/Developer","https://www.icsc.com/member/profile/818389"
"Jarett Dery","Macerich","","","","","Connecticut","Owner/Developer","https://www.icsc.com/member/profile/719274"
"Mario DiLoreto","Silver Lane Realty Advisors","","","","","Connecticut","Owner/Developer","https://www.icsc.com/member/profile/185742"
"Leonard DiNardo","Peter DiNardo Enterprises","","","","","Connecticut","Owner/Developer","https://www.icsc.com/member/profile/457367"
"Peter DiNardo","Peter DiNardo Enterprises","","","","","Connecticut","Owner/Developer","https://www.icsc.com/member/profile/457343"
"Nina Dolishny Regan, CRRP","Phillips Edison & Company","","","","","Connecticut","Owner/Developer","https://www.icsc.com/member/profile/559633"
"Steven Dudziec, CLS","Regency Centers","","","","","Connecticut","Owner/Developer","https://www.icsc.com/member/profile/281799"
"Kathryn Ekstrom","Haynes Development","","","","","Connecticut","Owner/Developer","https://www.icsc.com/member/profile/340128"
"Peter Elliott","Chase Enterprises","","","","","Connecticut","Owner/Developer","https://www.icsc.com/member/profile/114821"
"Mathew Field","The Field Group","","","","","Connecticut","Owner/Developer","https://www.icsc.com/member/profile/418201"
"Christopher Gatto","Gatto Development Corp.","","","","","Connecticut","Owner/Developer","https://www.icsc.com/member/profile/678089"
"R. Michael Goman, CLS, CRX, CSM","Goman+York, LLC","","","","","Connecticut","Owner/Developer","https://www.icsc.com/member/profile/90087"
"Jonathan Greenfield","AmCap Incorporated","","","","","Connecticut","Owner/Developer","https://www.icsc.com/member/profile/443108"
"Kelly Hapken","Centennial Real Estate","","","","","Connecticut","Owner/Developer","https://www.icsc.com/member/profile/760243"
"Richard Hayes Jr","Basser Kaufman, Inc","","","","","Connecticut","Owner/Developer","https://www.icsc.com/member/profile/122980"
"Patrick Haynes","Haynes Development","","","","","Connecticut","Owner/Developer","https://www.icsc.com/member/profile/799234"
"Thomas Haynes","Haynes Development","","","","","Connecticut","Owner/Developer","https://www.icsc.com/member/profile/344903"
"David Henry, CRX","Peaceable Street Capital","","","","","Connecticut","Owner/Developer","https://www.icsc.com/member/profile/252356"
"Maura Horan","HHH Properties Corp.","","","","","Connecticut","Owner/Developer","https://www.icsc.com/member/profile/317915"
"Brad Hutensky","Hutensky Capital Partners","","","","","Connecticut","Owner/Developer","https://www.icsc.com/member/profile/107951"
"Steven Inglese SIOR","New Haven Group, Inc.","","","","","Connecticut","Owner/Developer","https://www.icsc.com/member/profile/589246"
"Karen Johnson","Brand Street Properties","","","","","Connecticut","Owner/Developer","https://www.icsc.com/member/profile/227560"
"Elizabeth Judd RPA","The Simon Konover Company","","","","","Connecticut","Owner/Developer","https://www.icsc.com/member/profile/509702"
"Lisa King","Brand Street Properties","","","","","Connecticut","Owner/Developer","https://www.icsc.com/member/profile/795008"
"Patrick Kinsella, CRRP, CSM","Kimco Realty Corporation","","","","","Connecticut","Owner/Developer","https://www.icsc.com/member/profile/658049"
"Kelsey Kirk","Clarion Partners","","","","","Connecticut","Owner/Developer","https://www.icsc.com/member/profile/769723"
"Gregory Konover","The Simon Konover Company","","","","","Connecticut","Owner/Developer","https://www.icsc.com/member/profile/417049"
"Alessandra Laureda","Guggenheim Retail Real Estate Partners, Inc.","","","","","Connecticut","Owner/Developer","https://www.icsc.com/member/profile/349195"
"George Lee","Northeast Retail Leasing & Mgmt Co. LLC","","","","","Connecticut","Owner/Developer","https://www.icsc.com/member/profile/90130"
"Samuel Lyman","LYMAN Real Estate","","","","","Connecticut","Owner/Developer","https://www.icsc.com/member/profile/784152"
"Sean Marcus","Albert J. Salame and Affiliated Companies","","","","","Connecticut","Owner/Developer","https://www.icsc.com/member/profile/689650"
"Laurence Mason III","CONSTRUX CO. LLC","","","","","Connecticut","Owner/Developer","https://www.icsc.com/member/profile/815994"
"Bradford Miller","Hutensky Capital Partners","","","","","Connecticut","Owner/Developer","https://www.icsc.com/member/profile/378584"
"Devin I. Murphy","Phillips Edison & Company","","","","","Connecticut","Owner/Developer","https://www.icsc.com/member/profile/142400"
"Gregg Nanni","Prospect Enterprises","","","","","Connecticut","Owner/Developer","https://www.icsc.com/member/profile/287480"
"Steven Neiditz","M.J. Neiditz & Company Inc.","","","","","Connecticut","Owner/Developer","https://www.icsc.com/member/profile/125664"
"Adam Nelson","Paragon Realty Group LLC","","","","","Connecticut","Owner/Developer","https://www.icsc.com/member/profile/753036"
"John Nelson","Paragon Realty Group LLC","","","","","Connecticut","Owner/Developer","https://www.icsc.com/member/profile/218546"
"Andrew Nitkin","The HB Nitkin Group","","","","","Connecticut","Owner/Developer","https://www.icsc.com/member/profile/653645"
"Connor Nolan","Brand Street Properties","","","","","Connecticut","Owner/Developer","https://www.icsc.com/member/profile/642081"
"robert paprin","Yale Realty Services Corp.","","","","","Connecticut","Owner/Developer","https://www.icsc.com/member/profile/764938"
"Laurie Partyka","HHH Properties Corp.","","","","","Connecticut","Owner/Developer","https://www.icsc.com/member/profile/671018"
"Virginia Pepe","Hutensky Capital Partners","","","","","Connecticut","Owner/Developer","https://www.icsc.com/member/profile/851769"
"Veronique Peres","Hutensky Capital Partners","","","","","Connecticut","Owner/Developer","https://www.icsc.com/member/profile/110238"
"Lee Pollock","The Pollock Company","","","","","Connecticut","Owner/Developer","https://www.icsc.com/member/profile/126636"
"Henry Resnikoff","RFP Inc./ Green Light Retail","","","","","Connecticut","Owner/Developer","https://www.icsc.com/member/profile/90513"
"Denise Robidoux","Goman+York, LLC","","","","","Connecticut","Owner/Developer","https://www.icsc.com/member/profile/121500"
"Diane Rojas Muller","Chase Enterprises","","","","","Connecticut","Owner/Developer","https://www.icsc.com/member/profile/695796"
"denise roshco","Brand Street Properties","","","","","Connecticut","Owner/Developer","https://www.icsc.com/member/profile/865788"
"Marshall Ruben","HHH Properties Corp.","","","","","Connecticut","Owner/Developer","https://www.icsc.com/member/profile/316904"
"Albert Salame","Albert J. Salame and Affiliated Companies","","","","","Connecticut","Owner/Developer","https://www.icsc.com/member/profile/178195"
"Erica Stella CCIM","Hutensky Capital Partners","","","","","Connecticut","Owner/Developer","https://www.icsc.com/member/profile/234913"
"Ken Sterba, CRRP","Centennial Real Estate","","","","","Connecticut","Owner/Developer","https://www.icsc.com/member/profile/697577"
"Joseph Sullo","Staypoint","","","","","Connecticut","Owner/Developer","https://www.icsc.com/member/profile/780530"
"Joe Sullo II","Staypoint","","","","","Connecticut","Owner/Developer","https://www.icsc.com/member/profile/768413"
"Grant Taylor","AmCap Incorporated","","","","","Connecticut","Owner/Developer","https://www.icsc.com/member/profile/686573"
"Derk Taylor","AmCap Incorporated","","","","","Connecticut","Owner/Developer","https://www.icsc.com/member/profile/203173"
"Jaap Tonckens","Value Retail PLC","","","","","Connecticut","Owner/Developer","https://www.icsc.com/member/profile/648259"
"Ty Underwood","AmCap Incorporated","","","","","Connecticut","Owner/Developer","https://www.icsc.com/member/profile/850217"
"Kelly Voss","Developers Realty","","","","","Connecticut","Owner/Developer","https://www.icsc.com/member/profile/250142"
"David Waldman","David Adam Realty, Inc.","","","","","Connecticut","Owner/Developer","https://www.icsc.com/member/profile/133878"
"Craig Way","The HB Nitkin Group","","","","","Connecticut","Owner/Developer","https://www.icsc.com/member/profile/164808"
"Daniel Weinreb","Paragon Realty Group LLC","","","","","Connecticut","Owner/Developer","https://www.icsc.com/member/profile/100567"
"Glenn Wilson","AmCap Incorporated","","","","","Connecticut","Owner/Developer","https://www.icsc.com/member/profile/208900"
"Rebecca Wing","Regency Centers","","","","","Connecticut","Owner/Developer","https://www.icsc.com/member/profile/724153"
"David Wright","Paragon Realty Group LLC","","","","","Connecticut","Owner/Developer","https://www.icsc.com/member/profile/257165"
"Peter Yeskey","Connecticut Valley Development, LLC","","","","","Connecticut","Owner/Developer","https://www.icsc.com/member/profile/449853"
"James Zilora","UBS Realty Investors LLC","","","","","Connecticut","Owner/Developer","https://www.icsc.com/member/profile/442605"
"Sylvia Aerenson","Rojan, Inc.","","","","","Delaware","Owner/Developer","https://www.icsc.com/member/profile/852662"
"Andrew Aerenson","Rojan, Inc.","","","","","Delaware","Owner/Developer","https://www.icsc.com/member/profile/194926"
"Norman Aerenson","Rojan, Inc.","","","","","Delaware","Owner/Developer","https://www.icsc.com/member/profile/165380"
"Robert Andreano","Stat Organization","","","","","Delaware","Owner/Developer","https://www.icsc.com/member/profile/813026"
"Cynthia Bates","R & R Commercial Realty, Inc.","","","","","Delaware","Owner/Developer","https://www.icsc.com/member/profile/510308"
"Robert Erenson","Rojan, Inc.","","","","","Delaware","Owner/Developer","https://www.icsc.com/member/profile/117573"
"Matthew Gehrke","Bellevue Realty Co.","","","","","Delaware","Owner/Developer","https://www.icsc.com/member/profile/467724"
"Craig Gorris, CRX, CSM","GGP","","","","","Delaware","Owner/Developer","https://www.icsc.com/member/profile/219896"
"Bill King, CRRP","GGP","","","","","Delaware","Owner/Developer","https://www.icsc.com/member/profile/156177"
"Whitney Pembroke","Rojan, Inc.","","","","","Delaware","Owner/Developer","https://www.icsc.com/member/profile/810015"
"Charles Rodriguez","R & R Commercial Realty, Inc.","","","","","Delaware","Owner/Developer","https://www.icsc.com/member/profile/179396"
"Timothy Spencer CCIM","Pettinaro Management, LLC","","","","","Delaware","Owner/Developer","https://www.icsc.com/member/profile/642009"
"Richard Stat","Stat Organization","","","","","Delaware","Owner/Developer","https://www.icsc.com/member/profile/106684"
"Pat Vagonis","Sandmar Properties LLC","","","","","Delaware","Owner/Developer","https://www.icsc.com/member/profile/510491"
"Michael Willey","Silicato Development","","","","","Delaware","Owner/Developer","https://www.icsc.com/member/profile/667229"
"Robert Wittig","Diamond State Management","","","","","Delaware","Owner/Developer","https://www.icsc.com/member/profile/258266"
"Mauricio Abela","Woolbright Development","","","","","Florida","Owner/Developer","https://www.icsc.com/member/profile/631855"
"Jared Aberman","Sterling Organization","","","","","Florida","Owner/Developer","https://www.icsc.com/member/profile/744943"
"Brian Adair","Charles Wayne Properties, Inc.","","","","","Florida","Owner/Developer","https://www.icsc.com/member/profile/407210"
"Jon Adamo","NNN REIT, Inc.","","","","","Florida","Owner/Developer","https://www.icsc.com/member/profile/310819"
"Tracy Ahearn","Murphy Land and Retail Services Inc.","","","","","Florida","Owner/Developer","https://www.icsc.com/member/profile/213590"
"Christie Alexander","CrossMarc Services, LLC","","","","","Florida","Owner/Developer","https://www.icsc.com/member/profile/227255"
"Carlos Alfonso","Alliant Partners","","","","","Florida","Owner/Developer","https://www.icsc.com/member/profile/776941"
"Emran Ally","Third Place Capital","","","","","Florida","Owner/Developer","https://www.icsc.com/member/profile/283290"
"Griffin Alstott","Hybridge CRE","","","","","Florida","Owner/Developer","https://www.icsc.com/member/profile/792627"
"Traci Ambrosino","Noble Properties","","","","","Florida","Owner/Developer","https://www.icsc.com/member/profile/836570"
"Eric AmRhein","Pursuit Development","","","","","Florida","Owner/Developer","https://www.icsc.com/member/profile/814864"
"Will Anderson","CASTO","","","","","Florida","Owner/Developer","https://www.icsc.com/member/profile/755802"
"Kevin Anderson","Sleiman Enterprises","","","","","Florida","Owner/Developer","https://www.icsc.com/member/profile/728319"
"Vicki Anthony, CLS, CRRP, CRX","Kimco Realty Corporation","","","","","Florida","Owner/Developer","https://www.icsc.com/member/profile/144018"
"Jelena Apt","Turnberry","","","","","Florida","Owner/Developer","https://www.icsc.com/member/profile/723859"
"Derek Arden","Boos Development Group Inc.","","","","","Florida","Owner/Developer","https://www.icsc.com/member/profile/554820"
"Howard Arnberg","Coastal Equities","","","","","Florida","Owner/Developer","https://www.icsc.com/member/profile/255358"
"Aladin Asker","Manara Investments","","","","","Florida","Owner/Developer","https://www.icsc.com/member/profile/837076"
"Sean Attaway  Molloy","Attaway Investments & Development","","","","","Florida","Owner/Developer","https://www.icsc.com/member/profile/428286"
"JP Bacariza","Ryan Companies US, Inc.","","","","","Florida","Owner/Developer","https://www.icsc.com/member/profile/859525"
"Syrus Bakkar","Bakkar Group","","","","","Florida","Owner/Developer","https://www.icsc.com/member/profile/860128"
"Ramzy Bakkar","Bakkar Group","","","","","Florida","Owner/Developer","https://www.icsc.com/member/profile/288560"
"Michael Balan","Largo Capital","","","","","Florida","Owner/Developer","https://www.icsc.com/member/profile/366735"
"Sarah Baldwin","Sleiman Enterprises","","","","","Florida","Owner/Developer","https://www.icsc.com/member/profile/486314"
"Monique Bardino","Lincoln Property Company","","","","","Florida","Owner/Developer","https://www.icsc.com/member/profile/828513"
"Pablo Barreiro","FORTEC","","","","","Florida","Owner/Developer","https://www.icsc.com/member/profile/823427"
"Christopher Barry","NNN REIT, Inc.","","","","","Florida","Owner/Developer","https://www.icsc.com/member/profile/174998"
"Dina Bartoletta","Gator Investments","","","","","Florida","Owner/Developer","https://www.icsc.com/member/profile/180734"
"Mike Bass","Kitson & Partners","","","","","Florida","Owner/Developer","https://www.icsc.com/member/profile/781204"
"Donald Bateh","Sleiman Enterprises","","","","","Florida","Owner/Developer","https://www.icsc.com/member/profile/619379"
"Jaime Baum","Benderson Development Company, LLC","","","","","Florida","Owner/Developer","https://www.icsc.com/member/profile/716738"
"Josh Baumgard","Investment Management Assoc.","","","","","Florida","Owner/Developer","https://www.icsc.com/member/profile/699669"
"Kaleigh Baumlin","The Ferber Company, Inc.","","","","","Florida","Owner/Developer","https://www.icsc.com/member/profile/728838"
"Craig Bazarsky","Samuel's Realty Co., Inc.","","","","","Florida","Owner/Developer","https://www.icsc.com/member/profile/514195"
"Justin Beck","Stirling","","","","","Florida","Owner/Developer","https://www.icsc.com/member/profile/447961"
"Monica Bedford","The Sembler Company","","","","","Florida","Owner/Developer","https://www.icsc.com/member/profile/377714"
"Ryan Beerbower","Monarch Industrial, LLC","","","","","Florida","Owner/Developer","https://www.icsc.com/member/profile/632283"
"Tyler Bell","Blackfin Partners","","","","","Florida","Owner/Developer","https://www.icsc.com/member/profile/791655"
"John Bell","Transwestern","","","","","Florida","Owner/Developer","https://www.icsc.com/member/profile/382365"
"Evan Benderson","Benderson Development Company, LLC","","","","","Florida","Owner/Developer","https://www.icsc.com/member/profile/478173"
"Shaun Benderson","Benderson Development Company, LLC","","","","","Florida","Owner/Developer","https://www.icsc.com/member/profile/239657"
"Tony Benge Jr","Benge Development Corporation","","","","","Florida","Owner/Developer","https://www.icsc.com/member/profile/501015"
"Scott Benjamin","Walt Disney Parks & Resorts","","","","","Florida","Owner/Developer","https://www.icsc.com/member/profile/183772"
"Ted Benning","The Bishop Company, LLC","","","","","Florida","Owner/Developer","https://www.icsc.com/member/profile/830997"
"Douglas Bercu","Timber Development Corp","","","","","Florida","Owner/Developer","https://www.icsc.com/member/profile/97123"
"Peter Bergner","O'Connor Capital Partners","","","","","Florida","Owner/Developer","https://www.icsc.com/member/profile/90108"
"Michael Berkowitz","Berkowitz Development Group, Inc.","","","","","Florida","Owner/Developer","https://www.icsc.com/member/profile/276458"
"Paul Bernstein","Kin Properties","","","","","Florida","Owner/Developer","https://www.icsc.com/member/profile/317099"
"Andres Betancourt","Borluv","","","","","Florida","Owner/Developer","https://www.icsc.com/member/profile/858709"
"Joshua Beyer PE","The Sembler Company","","","","","Florida","Owner/Developer","https://www.icsc.com/member/profile/365693"
"Megan Binder","Regency Centers","","","","","Florida","Owner/Developer","https://www.icsc.com/member/profile/620405"
"Stephen Bishop","HB Capital Group","","","","","Florida","Owner/Developer","https://www.icsc.com/member/profile/859121"
"Stephen Bittel","Terranova Corporation","","","","","Florida","Owner/Developer","https://www.icsc.com/member/profile/104234"
"Rick Bittner","FrontView REIT","","","","","Florida","Owner/Developer","https://www.icsc.com/member/profile/383639"
"Trish Blasi, CRX, CSM","Borghese Investments","","","","","Florida","Owner/Developer","https://www.icsc.com/member/profile/124755"
"Joseph Blazejack","Orion Real Estate Group","","","","","Florida","Owner/Developer","https://www.icsc.com/member/profile/743530"
"Matt Bloomfield","Core Sound Development","","","","","Florida","Owner/Developer","https://www.icsc.com/member/profile/384239"
"Nick Boehme","Michael Collard Properties","","","","","Florida","Owner/Developer","https://www.icsc.com/member/profile/835836"
"Darryl Bonner, CLS, CRX, CSM","Stirling","","","","","Florida","Owner/Developer","https://www.icsc.com/member/profile/97725"
"Rob Boos","Boos Development Group Inc.","","","","","Florida","Owner/Developer","https://www.icsc.com/member/profile/167907"
"Alexander Boria","Borluv","","","","","Florida","Owner/Developer","https://www.icsc.com/member/profile/718529"
"Maria Gabriela Borja","FORTEC","","","","","Florida","Owner/Developer","https://www.icsc.com/member/profile/823428"
"Jose Borrego","TRG","","","","","Florida","Owner/Developer","https://www.icsc.com/member/profile/683009"
"Steven Borysewich CCIM","Orion Real Estate Group","","","","","Florida","Owner/Developer","https://www.icsc.com/member/profile/100334"
"Justin Boudreau","Hybridge CRE","","","","","Florida","Owner/Developer","https://www.icsc.com/member/profile/339296"
"Morgan Boylston","CASTO","","","","","Florida","Owner/Developer","https://www.icsc.com/member/profile/810415"
"Joe Brady III","LRG Investors","","","","","Florida","Owner/Developer","https://www.icsc.com/member/profile/162790"
"Laura Breitenfeldt","Lat Purser & Associates, Inc.","","","","","Florida","Owner/Developer","https://www.icsc.com/member/profile/857634"
"Kyle Brett","RKM Development Corp.","","","","","Florida","Owner/Developer","https://www.icsc.com/member/profile/791162"
"Bob Brett","RKM Development Corp.","","","","","Florida","Owner/Developer","https://www.icsc.com/member/profile/318539"
"James Bridges","JBCC Development","","","","","Florida","Owner/Developer","https://www.icsc.com/member/profile/515557"
"Cody Brightwell","Nye Commercial Advisors","","","","","Florida","Owner/Developer","https://www.icsc.com/member/profile/654243"
"Jarrett Brock","Brock Development","","","","","Florida","Owner/Developer","https://www.icsc.com/member/profile/478633"
"Benjamin Brody","Philips International","","","","","Florida","Owner/Developer","https://www.icsc.com/member/profile/175252"
"Suzel Broe","Orion Real Estate Group","","","","","Florida","Owner/Developer","https://www.icsc.com/member/profile/792397"
"Nicholas Brown","SOUTHERN MANAGEMENT & DEVELOPMENT, L.P.","","","","","Florida","Owner/Developer","https://www.icsc.com/member/profile/532704"
"Davey Brown","WMG Development, LLC","","","","","Florida","Owner/Developer","https://www.icsc.com/member/profile/500872"
"Seth Browning","RKM Development Corp.","","","","","Florida","Owner/Developer","https://www.icsc.com/member/profile/608234"
"Gailmarie Brumbaugh","Saglo Companies","","","","","Florida","Owner/Developer","https://www.icsc.com/member/profile/775350"
"James Bry","Sunbeam Development","","","","","Florida","Owner/Developer","https://www.icsc.com/member/profile/296259"
"Norman Buhrmaster","Orion Real Estate Group","","","","","Florida","Owner/Developer","https://www.icsc.com/member/profile/142294"
"Rex Burgher","Benderson Development Company, LLC","","","","","Florida","Owner/Developer","https://www.icsc.com/member/profile/99860"
"Brett Burgher","Benderson Development Company, LLC","","","","","Florida","Owner/Developer","https://www.icsc.com/member/profile/478985"
"Kristin Bursa","Woolbright Development","","","","","Florida","Owner/Developer","https://www.icsc.com/member/profile/792232"
"Brian Bussey","FORTEC","","","","","Florida","Owner/Developer","https://www.icsc.com/member/profile/823429"
"Kevin Buth","Global Fund Investments, Inc.","","","","","Florida","Owner/Developer","https://www.icsc.com/member/profile/128398"
"Patrick Byrne II","Valparaiso Realty Co.","","","","","Florida","Owner/Developer","https://www.icsc.com/member/profile/95895"
"Dan Byrnes","Tavistock Development Company, LLC","","","","","Florida","Owner/Developer","https://www.icsc.com/member/profile/328209"
"David Byrnes Jr","NNN REIT, Inc.","","","","","Florida","Owner/Developer","https://www.icsc.com/member/profile/288351"
"Beth Calay","Kin Properties","","","","","Florida","Owner/Developer","https://www.icsc.com/member/profile/493195"
"Zachary Calinoff","Rialto Capital Management","","","","","Florida","Owner/Developer","https://www.icsc.com/member/profile/338645"
"Preston Calvert","Redstone Investments","","","","","Florida","Owner/Developer","https://www.icsc.com/member/profile/794926"
"Helen Camp","The Sembler Company","","","","","Florida","Owner/Developer","https://www.icsc.com/member/profile/270586"
"Luli Cannon","RMC Property Group","","","","","Florida","Owner/Developer","https://www.icsc.com/member/profile/189896"
"Lex Capitano","Alliant Partners","","","","","Florida","Owner/Developer","https://www.icsc.com/member/profile/836073"
"Alex Caputo","Sterling Organization","","","","","Florida","Owner/Developer","https://www.icsc.com/member/profile/756224"
"Joe Carosella","Retail Property Group, Inc.","","","","","Florida","Owner/Developer","https://www.icsc.com/member/profile/106647"
"Jennifer Castellanos","Isram Realty Group","","","","","Florida","Owner/Developer","https://www.icsc.com/member/profile/790953"
"Dora Cawood","Ruckel Properties, Inc.","","","","","Florida","Owner/Developer","https://www.icsc.com/member/profile/338398"
"Michael Chadwick","CASTO","","","","","Florida","Owner/Developer","https://www.icsc.com/member/profile/194625"
"Mark Chait","Benderson Development Company, LLC","","","","","Florida","Owner/Developer","https://www.icsc.com/member/profile/339606"
"Jaime Chamberlin","SLC Commercial","","","","","Florida","Owner/Developer","https://www.icsc.com/member/profile/716003"
"Jeffrey Chamberlin","SLC Commercial","","","","","Florida","Owner/Developer","https://www.icsc.com/member/profile/164858"
"Marlon Champion","The Ferber Company, Inc.","","","","","Florida","Owner/Developer","https://www.icsc.com/member/profile/243634"
"Vincent Chao","NNN REIT, Inc.","","","","","Florida","Owner/Developer","https://www.icsc.com/member/profile/851328"
"Iryna Chapelska","NewQuest","","","","","Florida","Owner/Developer","https://www.icsc.com/member/profile/851293"
"Alan Charron","Real Property Specialists, Inc.","","","","","Florida","Owner/Developer","https://www.icsc.com/member/profile/128399"
"Yailen Chenlo","Woolbright Development","","","","","Florida","Owner/Developer","https://www.icsc.com/member/profile/560613"
"Lee Cherney","Kin Properties","","","","","Florida","Owner/Developer","https://www.icsc.com/member/profile/117806"
"Roberto Chiantera","Orion Real Estate Group","","","","","Florida","Owner/Developer","https://www.icsc.com/member/profile/388946"
"Stefan Chodkowski","Kin Properties","","","","","Florida","Owner/Developer","https://www.icsc.com/member/profile/666648"
"Nicole Christodoulou","Commodore Realty, Inc.","","","","","Florida","Owner/Developer","https://www.icsc.com/member/profile/365540"
"Tommy Ciserano","MMI Development","","","","","Florida","Owner/Developer","https://www.icsc.com/member/profile/581082"
"Ted Clark","Orion Real Estate Group","","","","","Florida","Owner/Developer","https://www.icsc.com/member/profile/836218"
"Victoria Clark-Grassano","Commodore Realty, Inc.","","","","","Florida","Owner/Developer","https://www.icsc.com/member/profile/851540"
"Tarah Clarke","Walt Disney Parks & Resorts","","","","","Florida","Owner/Developer","https://www.icsc.com/member/profile/246483"
"Beth Cohan","Noble Properties","","","","","Florida","Owner/Developer","https://www.icsc.com/member/profile/578621"
"Baruch Cohen","Isram Realty Group","","","","","Florida","Owner/Developer","https://www.icsc.com/member/profile/555092"
"Hal Cohen","Ross Realty Investments, Inc.","","","","","Florida","Owner/Developer","https://www.icsc.com/member/profile/222490"
"Dani Cohn","Kimco Realty Corporation","","","","","Florida","Owner/Developer","https://www.icsc.com/member/profile/716199"
"Ian Coia","Barclay Group","","","","","Florida","Owner/Developer","https://www.icsc.com/member/profile/643430"
"David Coia","Barclay Group","","","","","Florida","Owner/Developer","https://www.icsc.com/member/profile/104115"
"Michael Collard","Michael Collard Properties","","","","","Florida","Owner/Developer","https://www.icsc.com/member/profile/189942"
"Thomas Craig Collin","Tavistock Development Company, LLC","","","","","Florida","Owner/Developer","https://www.icsc.com/member/profile/804898"
"Frazer Collins","Rudnick Development Inc.","","","","","Florida","Owner/Developer","https://www.icsc.com/member/profile/718305"
"Duane Comprosky","Orion Real Estate Group","","","","","Florida","Owner/Developer","https://www.icsc.com/member/profile/387701"
"John Conroy","South Real Estate Group","","","","","Florida","Owner/Developer","https://www.icsc.com/member/profile/620666"
"Clint Conway","JBCC Development","","","","","Florida","Owner/Developer","https://www.icsc.com/member/profile/515662"
"Lance Cooper","JBS Capital Investments, LLC","","","","","Florida","Owner/Developer","https://www.icsc.com/member/profile/632538"
"Brian Cooper","NNN REIT, Inc.","","","","","Florida","Owner/Developer","https://www.icsc.com/member/profile/354296"
"Paul Cooper","Murphy Land and Retail Services Inc.","","","","","Florida","Owner/Developer","https://www.icsc.com/member/profile/304309"
"Valerie Cope","North American Properties, Inc.","","","","","Florida","Owner/Developer","https://www.icsc.com/member/profile/509666"
"Scott Copeland","The Morgan Companies","","","","","Florida","Owner/Developer","https://www.icsc.com/member/profile/123117"
"Alex Cornfeld","The Cornfeld Group","","","","","Florida","Owner/Developer","https://www.icsc.com/member/profile/793162"
"Jeffrey Cornfeld","The Cornfeld Group","","","","","Florida","Owner/Developer","https://www.icsc.com/member/profile/339887"
"Carina Corry","JBCC Development","","","","","Florida","Owner/Developer","https://www.icsc.com/member/profile/853088"
"Daniel Corwin","Kin Properties","","","","","Florida","Owner/Developer","https://www.icsc.com/member/profile/355963"
"Tori Cotleur","Koz Real Estate","","","","","Florida","Owner/Developer","https://www.icsc.com/member/profile/812185"
"Brad Covert","Walt Disney Parks & Resorts","","","","","Florida","Owner/Developer","https://www.icsc.com/member/profile/347579"
"Daniel Coyle","Stiles","","","","","Florida","Owner/Developer","https://www.icsc.com/member/profile/401308"
"Amber Crawford","Concept Development","","","","","Florida","Owner/Developer","https://www.icsc.com/member/profile/860603"
"Amber Crawford","Swift Creek Commercial","","","","","Florida","Owner/Developer","https://www.icsc.com/member/profile/498361"
"Brian Crawford","Concept Development","","","","","Florida","Owner/Developer","https://www.icsc.com/member/profile/477537"
"Jude Crayton","Coastal Equities","","","","","Florida","Owner/Developer","https://www.icsc.com/member/profile/228040"
"Iliana Crespo","Philips International","","","","","Florida","Owner/Developer","https://www.icsc.com/member/profile/680081"
"Michael Crosby","FrontView REIT","","","","","Florida","Owner/Developer","https://www.icsc.com/member/profile/446328"
"John Crossman CCIM, CRX","CrossMarc Services, LLC","","","","","Florida","Owner/Developer","https://www.icsc.com/member/profile/136597"
"David Crystal","Blackfin Partners","","","","","Florida","Owner/Developer","https://www.icsc.com/member/profile/859137"
"Stephanie D'Amico","CrossMarc Services, LLC","","","","","Florida","Owner/Developer","https://www.icsc.com/member/profile/616672"
"Shelbi D'Avignon","Boos Development Group Inc.","","","","","Florida","Owner/Developer","https://www.icsc.com/member/profile/810032"
"Robert Dake, CLS","Sterling Organization","","","","","Florida","Owner/Developer","https://www.icsc.com/member/profile/451416"
"Alan Daoud","Causeway Holdings","","","","","Florida","Owner/Developer","https://www.icsc.com/member/profile/633402"
"Jaxon Darden","Wyld Oaks","","","","","Florida","Owner/Developer","https://www.icsc.com/member/profile/860629"
"Tim Darnell","RBI Development LLC","","","","","Florida","Owner/Developer","https://www.icsc.com/member/profile/332779"
"Andrew Davies","Pavilion Development Company","","","","","Florida","Owner/Developer","https://www.icsc.com/member/profile/339240"
"James Davis IV","Optimus Development Co.","","","","","Florida","Owner/Developer","https://www.icsc.com/member/profile/779839"
"Sean Davis","The Sembler Company","","","","","Florida","Owner/Developer","https://www.icsc.com/member/profile/380264"
"Ramon Day","Sleiman Enterprises","","","","","Florida","Owner/Developer","https://www.icsc.com/member/profile/842479"
"Deborah De Luca","Kin Properties","","","","","Florida","Owner/Developer","https://www.icsc.com/member/profile/262969"
"Wanda DeBoer","RPM Realty Management, LLC","","","","","Florida","Owner/Developer","https://www.icsc.com/member/profile/349106"
"Eric Deckinger","Collarmele Partners","","","","","Florida","Owner/Developer","https://www.icsc.com/member/profile/91446"
"Yannis Delaruelle","Coastal Equities","","","","","Florida","Owner/Developer","https://www.icsc.com/member/profile/716547"
"Gregg DeSantis","Silver Companies","","","","","Florida","Owner/Developer","https://www.icsc.com/member/profile/546843"
"Ben DeStefano","NNN REIT, Inc.","","","","","Florida","Owner/Developer","https://www.icsc.com/member/profile/861644"
"Steven Deutsch","Frank, Weinberg & Black P.A.","","","","","Florida","Owner/Developer","https://www.icsc.com/member/profile/207015"
"John DeWolfe","Sterling Organization","","","","","Florida","Owner/Developer","https://www.icsc.com/member/profile/224146"
"Ameer Diab","SunDev Properties","","","","","Florida","Owner/Developer","https://www.icsc.com/member/profile/745427"
"M. Diab","SunDev Properties","","","","","Florida","Owner/Developer","https://www.icsc.com/member/profile/195168"
"Richard DiChiara Jr","Woolbright Development","","","","","Florida","Owner/Developer","https://www.icsc.com/member/profile/260482"
"Andrew Dieringer","SOUTHERN MANAGEMENT & DEVELOPMENT, L.P.","","","","","Florida","Owner/Developer","https://www.icsc.com/member/profile/133694"
"Scott Dobbins","Hybridge CRE","","","","","Florida","Owner/Developer","https://www.icsc.com/member/profile/308122"
"Hal Dodt","Renaissance Realty Associates","","","","","Florida","Owner/Developer","https://www.icsc.com/member/profile/207444"
"Chase Doganiero","Boos Development Group Inc.","","","","","Florida","Owner/Developer","https://www.icsc.com/member/profile/775513"
"Patrick Dolezal","Norfolk Acquisitions, LLC.","","","","","Florida","Owner/Developer","https://www.icsc.com/member/profile/361004"
"Kathryn Doolittle","Orion Real Estate Group","","","","","Florida","Owner/Developer","https://www.icsc.com/member/profile/811785"
"Milton Dotterweich","Walt Disney Parks & Resorts","","","","","Florida","Owner/Developer","https://www.icsc.com/member/profile/728536"
"Richard Drennan","SOUTHERN MANAGEMENT & DEVELOPMENT, L.P.","","","","","Florida","Owner/Developer","https://www.icsc.com/member/profile/146242"
"Max Drewett","WMG Development, LLC","","","","","Florida","Owner/Developer","https://www.icsc.com/member/profile/775176"
"Matt Drews","CASTO","","","","","Florida","Owner/Developer","https://www.icsc.com/member/profile/634228"
"Jim Dunphy CCIM","Dunphy Properties LLC","","","","","Florida","Owner/Developer","https://www.icsc.com/member/profile/99959"
"James Dunphy III","Dunphy Properties LLC","","","","","Florida","Owner/Developer","https://www.icsc.com/member/profile/643286"
"Matt Durney","Durney Properties, Inc","","","","","Florida","Owner/Developer","https://www.icsc.com/member/profile/104584"
"Neil Efron CCIM, CRX, CSM","Noble Properties","","","","","Florida","Owner/Developer","https://www.icsc.com/member/profile/136477"
"Brandon Eggleston","RMC Property Group","","","","","Florida","Owner/Developer","https://www.icsc.com/member/profile/578070"
"Bobby Eggleston","RMC Property Group","","","","","Florida","Owner/Developer","https://www.icsc.com/member/profile/327027"
"Sean Elias","Elias Real Estate Group, Inc. / Elias Properties","","","","","Florida","Owner/Developer","https://www.icsc.com/member/profile/753532"
"Brett Elias","Elias Real Estate Group, Inc. / Elias Properties","","","","","Florida","Owner/Developer","https://www.icsc.com/member/profile/472754"
"Nathan Elkayam","Infinite Equity Capital","","","","","Florida","Owner/Developer","https://www.icsc.com/member/profile/854755"
"Danielle Ellis","WMG Development, LLC","","","","","Florida","Owner/Developer","https://www.icsc.com/member/profile/771001"
"Aldo Enderica","HB Capital Group","","","","","Florida","Owner/Developer","https://www.icsc.com/member/profile/690813"
"Chuck Ernst","Paradise Ventures, Inc.","","","","","Florida","Owner/Developer","https://www.icsc.com/member/profile/237990"
"Jonathan Escarza","Frontier Development LLC","","","","","Florida","Owner/Developer","https://www.icsc.com/member/profile/784243"
"Alexander Espinola","Investment Management Assoc.","","","","","Florida","Owner/Developer","https://www.icsc.com/member/profile/404336"
"Karen Esposito","The Viera Company","","","","","Florida","Owner/Developer","https://www.icsc.com/member/profile/758845"
"Sonya Etessam","Gumberg Asset Management Corp.","","","","","Florida","Owner/Developer","https://www.icsc.com/member/profile/791694"
"Ernie Euler","Matthew Development","","","","","Florida","Owner/Developer","https://www.icsc.com/member/profile/207584"
"Lance Fair","Estein & Associates USA, Ltd","","","","","Florida","Owner/Developer","https://www.icsc.com/member/profile/787083"
"Cristina Falla","Inmobiliaria El Rodeo","","","","","Florida","Owner/Developer","https://www.icsc.com/member/profile/710173"
"Bonnie Farmer","Saglo Companies","","","","","Florida","Owner/Developer","https://www.icsc.com/member/profile/744631"
"Heather Fava","Benderson Development Company, LLC","","","","","Florida","Owner/Developer","https://www.icsc.com/member/profile/285447"
"Mitchell Feldman","The Feldman Companies LLC","","","","","Florida","Owner/Developer","https://www.icsc.com/member/profile/287952"
"Shields Ferber Jr","The Ferber Company, Inc.","","","","","Florida","Owner/Developer","https://www.icsc.com/member/profile/206578"
"Gloria Fernandez","HB Capital Group","","","","","Florida","Owner/Developer","https://www.icsc.com/member/profile/695592"
"Alfred Ferris, CLS","Forbes Company","","","","","Florida","Owner/Developer","https://www.icsc.com/member/profile/103798"
"Ross Feurring","Banyan Development","","","","","Florida","Owner/Developer","https://www.icsc.com/member/profile/469253"
"Kim Fiedler","Benderson Development Company, LLC","","","","","Florida","Owner/Developer","https://www.icsc.com/member/profile/239658"
"Eric Fink","KPR Centers","","","","","Florida","Owner/Developer","https://www.icsc.com/member/profile/638701"
"Bret Fischer","PEBB Enterprises","","","","","Florida","Owner/Developer","https://www.icsc.com/member/profile/811978"
"Benjamin Fischmann","Crystal Lagoons US Corp","","","","","Florida","Owner/Developer","https://www.icsc.com/member/profile/720501"
"Oscar Fister","Nob Hill Pavilion Inc.","","","","","Florida","Owner/Developer","https://www.icsc.com/member/profile/818942"
"Kim Fitzgerald","Kitson & Partners","","","","","Florida","Owner/Developer","https://www.icsc.com/member/profile/240639"
"Leah Fitzpatrick","WMG Development, LLC","","","","","Florida","Owner/Developer","https://www.icsc.com/member/profile/712298"
"Kelly Flanders","Woolbright Development","","","","","Florida","Owner/Developer","https://www.icsc.com/member/profile/801495"
"Dylan Fonseca","Centro Realty","","","","","Florida","Owner/Developer","https://www.icsc.com/member/profile/565736"
"Paul Forberger, CRX, CSM","FrostPoint Capital","","","","","Florida","Owner/Developer","https://www.icsc.com/member/profile/167041"
"Albert Carlos Fraga","Fraga Properties","","","","","Florida","Owner/Developer","https://www.icsc.com/member/profile/788767"
"Albert Fraga","Fraga Properties","","","","","Florida","Owner/Developer","https://www.icsc.com/member/profile/111995"
"Sylvia Franca","Orion Real Estate Group","","","","","Florida","Owner/Developer","https://www.icsc.com/member/profile/792391"
"Jacob Frazier","The Ferber Company, Inc.","","","","","Florida","Owner/Developer","https://www.icsc.com/member/profile/829982"
"Austin Freedman","Stiles","","","","","Florida","Owner/Developer","https://www.icsc.com/member/profile/725905"
"Jordan Fried","Sterling Organization","","","","","Florida","Owner/Developer","https://www.icsc.com/member/profile/603709"
"Mike Friedman","GL Commercial","","","","","Florida","Owner/Developer","https://www.icsc.com/member/profile/203843"
"Kristin Furniss","NNN REIT, Inc.","","","","","Florida","Owner/Developer","https://www.icsc.com/member/profile/285217"
"Ignacio Garcia","Fraga Properties","","","","","Florida","Owner/Developer","https://www.icsc.com/member/profile/92282"
"Peter Gardner","Longpoint Realty Partners","","","","","Florida","Owner/Developer","https://www.icsc.com/member/profile/684672"
"James Gendreau","Tailwinds Development, LLC","","","","","Florida","Owner/Developer","https://www.icsc.com/member/profile/199626"
"Moshe Genet","Isram Realty Group","","","","","Florida","Owner/Developer","https://www.icsc.com/member/profile/746397"
"Taylor Gerhardt","FrostPoint Capital","","","","","Florida","Owner/Developer","https://www.icsc.com/member/profile/667883"
"Mark Gianquitti","O'Connor Capital Partners","","","","","Florida","Owner/Developer","https://www.icsc.com/member/profile/856886"
"Mark Gianquitti","O'Connor Capital Partners","","","","","Florida","Owner/Developer","https://www.icsc.com/member/profile/154383"
"Jennifer Gierke","Retail Development Properties, LLC","","","","","Florida","Owner/Developer","https://www.icsc.com/member/profile/302477"
"Kate Gilbert","O'Connor Capital Partners","","","","","Florida","Owner/Developer","https://www.icsc.com/member/profile/91449"
"Pete Gill","NNN REIT, Inc.","","","","","Florida","Owner/Developer","https://www.icsc.com/member/profile/846425"
"Yehuda Ginsberg","Madison Commercial Real Estate Services","","","","","Florida","Owner/Developer","https://www.icsc.com/member/profile/862419"
"Debra Giovanis","Boos Development Group Inc.","","","","","Florida","Owner/Developer","https://www.icsc.com/member/profile/618950"
"Jason Glaser","TCII Capital Group LLC","","","","","Florida","Owner/Developer","https://www.icsc.com/member/profile/436758"
"Mitchell Goldenberg","The Glenville Group, Inc.","","","","","Florida","Owner/Developer","https://www.icsc.com/member/profile/124009"
"Spencer Goldsmith","Gator Investments","","","","","Florida","Owner/Developer","https://www.icsc.com/member/profile/681622"
"James Goldsmith","Gator Investments","","","","","Florida","Owner/Developer","https://www.icsc.com/member/profile/123121"
"Lauren Golem","Sterling Organization","","","","","Florida","Owner/Developer","https://www.icsc.com/member/profile/867130"
"Seve Gomez","STK Group","","","","","Florida","Owner/Developer","https://www.icsc.com/member/profile/810153"
"Kelly Gonzalez","Coastal Equities","","","","","Florida","Owner/Developer","https://www.icsc.com/member/profile/854836"
"Sean Gooden","Children of America","","","","","Florida","Owner/Developer","https://www.icsc.com/member/profile/776479"
"Kenneth Goodman","Interface Properties","","","","","Florida","Owner/Developer","https://www.icsc.com/member/profile/92684"
"Ryan Goodman","Barclay Group","","","","","Florida","Owner/Developer","https://www.icsc.com/member/profile/652840"
"Zac Goodman","Interface Properties","","","","","Florida","Owner/Developer","https://www.icsc.com/member/profile/575866"
"Sean Gorbell","Isram Realty Group","","","","","Florida","Owner/Developer","https://www.icsc.com/member/profile/259060"
"Eric Gordon","Frontier Development LLC","","","","","Florida","Owner/Developer","https://www.icsc.com/member/profile/176478"
"Jonathan Graber CCIM","The Sembler Company","","","","","Florida","Owner/Developer","https://www.icsc.com/member/profile/363776"
"Louie Granteed","Tobin Real Estate","","","","","Florida","Owner/Developer","https://www.icsc.com/member/profile/584748"
"Teresa Grashof","The Ferber Company, Inc.","","","","","Florida","Owner/Developer","https://www.icsc.com/member/profile/144457"
"Charles Greene","Meryman Environmental, Inc.","","","","","Florida","Owner/Developer","https://www.icsc.com/member/profile/517133"
"Rachel Gregorie","Regency Centers","","","","","Florida","Owner/Developer","https://www.icsc.com/member/profile/805893"
"Camille Gulisano-Pelàez CCIM","Summit Realty","","","","","Florida","Owner/Developer","https://www.icsc.com/member/profile/152806"
"Ben Gust","PEBB Enterprises","","","","","Florida","Owner/Developer","https://www.icsc.com/member/profile/835230"
"Kelley Gutierrez, CSM","The Sembler Company","","","","","Florida","Owner/Developer","https://www.icsc.com/member/profile/465992"
"Howard Gutman","Lutgert Companies/Premier Commercial","","","","","Florida","Owner/Developer","https://www.icsc.com/member/profile/126285"
"Carlos Guzman","Metro Commercial Real Estate Inc.","","","","","Florida","Owner/Developer","https://www.icsc.com/member/profile/223174"
"J.P. Guzzardo","Solid Rock Property Group","","","","","Florida","Owner/Developer","https://www.icsc.com/member/profile/377983"
"Myrna Haft","HHH Properties Corp.","","","","","Florida","Owner/Developer","https://www.icsc.com/member/profile/316912"
"Matthew Hagan","InvenTrust Properties Corp.","","","","","Florida","Owner/Developer","https://www.icsc.com/member/profile/302279"
"Matthew Hagen","Howard Group","","","","","Florida","Owner/Developer","https://www.icsc.com/member/profile/256071"
"Dana Hahn","Howard Group","","","","","Florida","Owner/Developer","https://www.icsc.com/member/profile/361088"
"Blake Hakimian","Hakimian Holdings, Inc.","","","","","Florida","Owner/Developer","https://www.icsc.com/member/profile/741797"
"Benjamin Hakimian","Hakimian Holdings, Inc.","","","","","Florida","Owner/Developer","https://www.icsc.com/member/profile/235694"
"Genny Hall","JETT Retail Development","","","","","Florida","Owner/Developer","https://www.icsc.com/member/profile/294794"
"Michael Halloun","Turnberry","","","","","Florida","Owner/Developer","https://www.icsc.com/member/profile/849715"
"Zachary Hammer","Sutton Properties, Inc.","","","","","Florida","Owner/Developer","https://www.icsc.com/member/profile/617124"
"Tom Harb","Phoenicia Development, LLC","","","","","Florida","Owner/Developer","https://www.icsc.com/member/profile/359206"
"James Hardacre","LNR Partners LLC","","","","","Florida","Owner/Developer","https://www.icsc.com/member/profile/175587"
"Tom Hareas","The Sembler Company","","","","","Florida","Owner/Developer","https://www.icsc.com/member/profile/153055"
"Sue Harker","The Sembler Company","","","","","Florida","Owner/Developer","https://www.icsc.com/member/profile/155126"
"Hailey Hart","Noble Properties","","","","","Florida","Owner/Developer","https://www.icsc.com/member/profile/839328"
"Jerry Hart","Barclay Group","","","","","Florida","Owner/Developer","https://www.icsc.com/member/profile/338647"
"James Hartman","GenMark Property Group, LLC","","","","","Florida","Owner/Developer","https://www.icsc.com/member/profile/621008"
"Matt Hausman","RMC Property Group","","","","","Florida","Owner/Developer","https://www.icsc.com/member/profile/775115"
"Ryan Hayoun","Isram Realty Group","","","","","Florida","Owner/Developer","https://www.icsc.com/member/profile/399040"
"Scott Hayward, CDP, CRX","Kin Properties","","","","","Florida","Owner/Developer","https://www.icsc.com/member/profile/209856"
"Austin Heath","WMG Development, LLC","","","","","Florida","Owner/Developer","https://www.icsc.com/member/profile/827479"
"Brian Hector","Kite Realty Group","","","","","Florida","Owner/Developer","https://www.icsc.com/member/profile/335488"
"Ben Heekin","Bakkar Group","","","","","Florida","Owner/Developer","https://www.icsc.com/member/profile/860533"
"Ebony Heins","Benderson Development Company, LLC","","","","","Florida","Owner/Developer","https://www.icsc.com/member/profile/801893"
"Jonathan Heldenbrand","Proper CRE","","","","","Florida","Owner/Developer","https://www.icsc.com/member/profile/466054"
"Andrew Hellinger","Urban X Group","","","","","Florida","Owner/Developer","https://www.icsc.com/member/profile/569271"
"Janet Henderson","Walt Disney Parks & Resorts","","","","","Florida","Owner/Developer","https://www.icsc.com/member/profile/114505"
"Susana Hernandez-Hazzi","Kimco Realty Corporation","","","","","Florida","Owner/Developer","https://www.icsc.com/member/profile/127644"
"Mike Herzberg","Sleiman Enterprises","","","","","Florida","Owner/Developer","https://www.icsc.com/member/profile/363979"
"Curtis Hicks","JBCC Development","","","","","Florida","Owner/Developer","https://www.icsc.com/member/profile/778082"
"Logan Hixson","WMG Development, LLC","","","","","Florida","Owner/Developer","https://www.icsc.com/member/profile/632777"
"Eric Hochman","PEBB Enterprises","","","","","Florida","Owner/Developer","https://www.icsc.com/member/profile/555346"
"Ted Hockenberry","Children of America","","","","","Florida","Owner/Developer","https://www.icsc.com/member/profile/776246"
"John Hoecker CCIM, CSM","Jupiter Realty Company","","","","","Florida","Owner/Developer","https://www.icsc.com/member/profile/321607"
"Robert Hoffman","Global Fund Investments, Inc.","","","","","Florida","Owner/Developer","https://www.icsc.com/member/profile/750760"
"Dexter Hoffman","Hoffman Ventures, Inc.","","","","","Florida","Owner/Developer","https://www.icsc.com/member/profile/277356"
"Kimberly Hoglund, CSM","Noble Properties","","","","","Florida","Owner/Developer","https://www.icsc.com/member/profile/592190"
"Fred Hohnadel","Redstone Investments","","","","","Florida","Owner/Developer","https://www.icsc.com/member/profile/90723"
"Ryan Holihan","RH Development Group, LLC","","","","","Florida","Owner/Developer","https://www.icsc.com/member/profile/775589"
"Chuck Holliday","Jamison Commercial Partners","","","","","Florida","Owner/Developer","https://www.icsc.com/member/profile/653801"
"Jonathan Holubik","Alliant Partners","","","","","Florida","Owner/Developer","https://www.icsc.com/member/profile/728300"
"Stephen Horn","NNN REIT, Inc.","","","","","Florida","Owner/Developer","https://www.icsc.com/member/profile/287798"
"Michael Hotte","Echion USA Inc","","","","","Florida","Owner/Developer","https://www.icsc.com/member/profile/498970"
"Keith Howard","Howard Group","","","","","Florida","Owner/Developer","https://www.icsc.com/member/profile/98450"
"Liz Hoyer","Woolbright Development","","","","","Florida","Owner/Developer","https://www.icsc.com/member/profile/271486"
"Mark Hudgins","Matthew Development","","","","","Florida","Owner/Developer","https://www.icsc.com/member/profile/619274"
"R. Hudson","Related Companies","","","","","Florida","Owner/Developer","https://www.icsc.com/member/profile/103082"
"Connie Hull","Fraga Properties","","","","","Florida","Owner/Developer","https://www.icsc.com/member/profile/188518"
"Joey Hungerford","Saunders Real Estate","","","","","Florida","Owner/Developer","https://www.icsc.com/member/profile/857746"
"David Hungerford CCIM","Saunders Real Estate","","","","","Florida","Owner/Developer","https://www.icsc.com/member/profile/664770"
"Ted Hunt","Hunt Retail Properties, Inc.","","","","","Florida","Owner/Developer","https://www.icsc.com/member/profile/160330"
"Edward Hurowitz","HB Capital Group","","","","","Florida","Owner/Developer","https://www.icsc.com/member/profile/788506"
"Steven Hurowitz","HB Capital Group","","","","","Florida","Owner/Developer","https://www.icsc.com/member/profile/339886"
"Brett Hutchens","CASTO","","","","","Florida","Owner/Developer","https://www.icsc.com/member/profile/163335"
"Emily Ibarra","Swire Properties","","","","","Florida","Owner/Developer","https://www.icsc.com/member/profile/848469"
"Stephen Infantino","Tailwinds Development, LLC","","","","","Florida","Owner/Developer","https://www.icsc.com/member/profile/479808"
"Zach Ingram","Real Property Specialists, Inc.","","","","","Florida","Owner/Developer","https://www.icsc.com/member/profile/857815"
"R. Scott Ireland","Ireland Companies","","","","","Florida","Owner/Developer","https://www.icsc.com/member/profile/98160"
"Tatum Ireland","Ireland Companies","","","","","Florida","Owner/Developer","https://www.icsc.com/member/profile/865656"
"Thomas Ireland Sr, CSM","Ireland Companies","","","","","Florida","Owner/Developer","https://www.icsc.com/member/profile/228779"
"M. Scott Ireland","Ireland Companies","","","","","Florida","Owner/Developer","https://www.icsc.com/member/profile/135955"
"TJ Ireland","Ireland Companies","","","","","Florida","Owner/Developer","https://www.icsc.com/member/profile/106539"
"Steliyan Ivanov","OM Ventures","","","","","Florida","Owner/Developer","https://www.icsc.com/member/profile/654214"
"Marshall Ives","Long Pond Development, LLC","","","","","Florida","Owner/Developer","https://www.icsc.com/member/profile/669351"
"Nailah Jackson","Jamison Commercial Partners","","","","","Florida","Owner/Developer","https://www.icsc.com/member/profile/859490"
"Susan Jackson","Saglo Companies","","","","","Florida","Owner/Developer","https://www.icsc.com/member/profile/785697"
"Jared Jackson","Stirling","","","","","Florida","Owner/Developer","https://www.icsc.com/member/profile/715907"
"Richard Jaffe","The Jaffe Corporation","","","","","Florida","Owner/Developer","https://www.icsc.com/member/profile/92585"
"Sam Jaffe","The Jaffe Corporation","","","","","Florida","Owner/Developer","https://www.icsc.com/member/profile/310846"
"Jennifer Jaikissoon","CITICORE DEVELOPMENT GROUP","","","","","Florida","Owner/Developer","https://www.icsc.com/member/profile/810412"
"Elliott Jamison","Jamison Commercial Partners","","","","","Florida","Owner/Developer","https://www.icsc.com/member/profile/335471"
"Michael Janoura","The Janoura Group","","","","","Florida","Owner/Developer","https://www.icsc.com/member/profile/182108"
"Genessy Jaramillo","CrossMarc Services, LLC","","","","","Florida","Owner/Developer","https://www.icsc.com/member/profile/808996"
"Steven Jarvis","FrontView REIT","","","","","Florida","Owner/Developer","https://www.icsc.com/member/profile/785482"
"Jason Jennings","Schmier Property Group","","","","","Florida","Owner/Developer","https://www.icsc.com/member/profile/519941"
"JJ Johnson","Michael Collard Properties","","","","","Florida","Owner/Developer","https://www.icsc.com/member/profile/835835"
"Lauren Johnson","RMC Property Group","","","","","Florida","Owner/Developer","https://www.icsc.com/member/profile/791120"
"Thomas Johnson","CASTO","","","","","Florida","Owner/Developer","https://www.icsc.com/member/profile/683487"
"Scott Johnson","Flagler Realty & Development, Inc.","","","","","Florida","Owner/Developer","https://www.icsc.com/member/profile/180283"
"Richard Johnson Jr","Flagler Realty & Development, Inc.","","","","","Florida","Owner/Developer","https://www.icsc.com/member/profile/123095"
"Darren Jones","Benderson Development Company, LLC","","","","","Florida","Owner/Developer","https://www.icsc.com/member/profile/630675"
"Ava Jowers","Kimco Realty Corporation","","","","","Florida","Owner/Developer","https://www.icsc.com/member/profile/817575"
"John Joyce, CSM","Joyce Development Group","","","","","Florida","Owner/Developer","https://www.icsc.com/member/profile/95745"
"Ryan Joyce","Kite Realty Group","","","","","Florida","Owner/Developer","https://www.icsc.com/member/profile/296151"
"Jeremy Juffe","Miromar Development Inc.","","","","","Florida","Owner/Developer","https://www.icsc.com/member/profile/618924"
"Evan Junot","Independence Commercial Real Estate","","","","","Florida","Owner/Developer","https://www.icsc.com/member/profile/787473"
"Flavia Kanyago","CrossMarc Services, LLC","","","","","Florida","Owner/Developer","https://www.icsc.com/member/profile/588792"
"Alex Karas","The Janoura Group","","","","","Florida","Owner/Developer","https://www.icsc.com/member/profile/186278"
"Ryan Karlin","Stiles","","","","","Florida","Owner/Developer","https://www.icsc.com/member/profile/295917"
"Brad Karns","Paradise Ventures, Inc.","","","","","Florida","Owner/Developer","https://www.icsc.com/member/profile/672904"
"Anthony Katchuk","Solid Rock Property Group","","","","","Florida","Owner/Developer","https://www.icsc.com/member/profile/611022"
"Robert Kato","Parallax Holdings, LLC","","","","","Florida","Owner/Developer","https://www.icsc.com/member/profile/714214"
"Jaron Katz","RK Centers","","","","","Florida","Owner/Developer","https://www.icsc.com/member/profile/798481"
"Jacob Katz","RK Centers","","","","","Florida","Owner/Developer","https://www.icsc.com/member/profile/755885"
"Jonathan Katz","Colliers","","","","","Florida","Owner/Developer","https://www.icsc.com/member/profile/617174"
"Daniel Katz","RK Centers","","","","","Florida","Owner/Developer","https://www.icsc.com/member/profile/131810"
"Brendan Keating","Stiles","","","","","Florida","Owner/Developer","https://www.icsc.com/member/profile/792277"
"Meredith Keeler","Kimco Realty Corporation","","","","","Florida","Owner/Developer","https://www.icsc.com/member/profile/767036"
"Eric Kelley","Florida Equities","","","","","Florida","Owner/Developer","https://www.icsc.com/member/profile/810785"
"Conor Kelley","Ram Realty Services","","","","","Florida","Owner/Developer","https://www.icsc.com/member/profile/583990"
"Randy Kelley","Core Sound Development","","","","","Florida","Owner/Developer","https://www.icsc.com/member/profile/314416"
"Aidan Kelso","Regency Centers","","","","","Florida","Owner/Developer","https://www.icsc.com/member/profile/707421"
"Heidi Kempf","Centennial","","","","","Florida","Owner/Developer","https://www.icsc.com/member/profile/853826"
"Heidi Kempf","Centennial Real Estate","","","","","Florida","Owner/Developer","https://www.icsc.com/member/profile/772114"
"Amanda Kennedy-Sita","Woolbright Development","","","","","Florida","Owner/Developer","https://www.icsc.com/member/profile/637432"
"Alexander Khoyi","Realty One Group Advantage","","","","","Florida","Owner/Developer","https://www.icsc.com/member/profile/556943"
"Ryan Kingry","Jamison Commercial Partners","","","","","Florida","Owner/Developer","https://www.icsc.com/member/profile/603583"
"Michael Klinger","Saber Real Estate Advisors, LLC","","","","","Florida","Owner/Developer","https://www.icsc.com/member/profile/446790"
"Kyle Knight","Stirling","","","","","Florida","Owner/Developer","https://www.icsc.com/member/profile/734734"
"Edward Kobel","DeBartolo Development","","","","","Florida","Owner/Developer","https://www.icsc.com/member/profile/98325"
"Bradley Koenig","Flagler Realty & Development, Inc.","","","","","Florida","Owner/Developer","https://www.icsc.com/member/profile/524083"
"Patrick Koenig","Flagler Realty & Development, Inc.","","","","","Florida","Owner/Developer","https://www.icsc.com/member/profile/123096"
"Mary Kolesar","Redstone Investments","","","","","Florida","Owner/Developer","https://www.icsc.com/member/profile/391247"
"Craig Kopko, CLS","WMG Development, LLC","","","","","Florida","Owner/Developer","https://www.icsc.com/member/profile/742525"
"Wendy Krepak","Woolbright Development","","","","","Florida","Owner/Developer","https://www.icsc.com/member/profile/654629"
"Carmine Lacognata","Paradise Ventures, Inc.","","","","","Florida","Owner/Developer","https://www.icsc.com/member/profile/680611"
"Dawn Ladd","The Sembler Company","","","","","Florida","Owner/Developer","https://www.icsc.com/member/profile/178309"
"Christina Ladd-Camacho","Gator Investments","","","","","Florida","Owner/Developer","https://www.icsc.com/member/profile/315414"
"Joshua Ladle","Global Fund Investments","","","","","Florida","Owner/Developer","https://www.icsc.com/member/profile/500597"
"Benjamin LaFreniere","Quest Company","","","","","Florida","Owner/Developer","https://www.icsc.com/member/profile/446747"
"Adam Landa","Gator Investments","","","","","Florida","Owner/Developer","https://www.icsc.com/member/profile/624727"
"Nathan Landers","Blackfin Partners","","","","","Florida","Owner/Developer","https://www.icsc.com/member/profile/316724"
"Steven Landsman","Steven Landsman","","","","","Florida","Owner/Developer","https://www.icsc.com/member/profile/92870"
"Seth Lane","Regency Centers","","","","","Florida","Owner/Developer","https://www.icsc.com/member/profile/432007"
"Jason Lang","The Ferber Company, Inc.","","","","","Florida","Owner/Developer","https://www.icsc.com/member/profile/797049"
"Rachel Lanham","Tailwinds Development, LLC","","","","","Florida","Owner/Developer","https://www.icsc.com/member/profile/791371"
"Peter LaPointe","Grass River","","","","","Florida","Owner/Developer","https://www.icsc.com/member/profile/604424"
"Andrei Larion","Sterling Organization","","","","","Florida","Owner/Developer","https://www.icsc.com/member/profile/824117"
"Kristian Lastre","The Cornerstone Group","","","","","Florida","Owner/Developer","https://www.icsc.com/member/profile/860669"
"James Leach","Frontier Development LLC","","","","","Florida","Owner/Developer","https://www.icsc.com/member/profile/164867"
"Joseph LeBas Jr","Concorde Group Holdings, LLC","","","","","Florida","Owner/Developer","https://www.icsc.com/member/profile/621250"
"Roger LeBlanc","Retail Realty Associates","","","","","Florida","Owner/Developer","https://www.icsc.com/member/profile/103120"
"Tai Lee","CrossMarc Services, LLC","","","","","Florida","Owner/Developer","https://www.icsc.com/member/profile/860632"
"Ryan Lee","Hybridge CRE","","","","","Florida","Owner/Developer","https://www.icsc.com/member/profile/793352"
"Kenia Lee","Tobin Real Estate","","","","","Florida","Owner/Developer","https://www.icsc.com/member/profile/778550"
"Justin Leith","NNN REIT, Inc.","","","","","Florida","Owner/Developer","https://www.icsc.com/member/profile/729295"
"Joseph Lelonek","Atlantic Land Companies","","","","","Florida","Owner/Developer","https://www.icsc.com/member/profile/238085"
"Gunner Leslie","Jamison Commercial Partners","","","","","Florida","Owner/Developer","https://www.icsc.com/member/profile/835902"
"Joe Letzelter","Children of America","","","","","Florida","Owner/Developer","https://www.icsc.com/member/profile/786919"
"Russell Levene","Investment Management Assoc.","","","","","Florida","Owner/Developer","https://www.icsc.com/member/profile/653372"
"Madison Levin","SOUTHERN MANAGEMENT & DEVELOPMENT, L.P.","","","","","Florida","Owner/Developer","https://www.icsc.com/member/profile/800828"
"Steven Levin","SOUTHERN MANAGEMENT & DEVELOPMENT, L.P.","","","","","Florida","Owner/Developer","https://www.icsc.com/member/profile/116122"
"Jonathan Levy","Redstone Investments","","","","","Florida","Owner/Developer","https://www.icsc.com/member/profile/182430"
"Marc Lewin","TCII Capital Group LLC","","","","","Florida","Owner/Developer","https://www.icsc.com/member/profile/679010"
"Josh Lewis","NNN REIT, Inc.","","","","","Florida","Owner/Developer","https://www.icsc.com/member/profile/306822"
"Charles Lichtigman","Charles Wayne Properties, Inc.","","","","","Florida","Owner/Developer","https://www.icsc.com/member/profile/94750"
"Mike Liggins","ComTerra Development","","","","","Florida","Owner/Developer","https://www.icsc.com/member/profile/629283"
"Ted Lightman","Charles Wayne Properties, Inc.","","","","","Florida","Owner/Developer","https://www.icsc.com/member/profile/298230"
"Allie Lindblade","Stiles","","","","","Florida","Owner/Developer","https://www.icsc.com/member/profile/681651"
"Joanne Ling","Tavistock Development Company, LLC","","","","","Florida","Owner/Developer","https://www.icsc.com/member/profile/445806"
"Jorge Linkewer","Halberstein Investments Ltd.","","","","","Florida","Owner/Developer","https://www.icsc.com/member/profile/254920"
"Steve Lipofsky","Blackfin Partners","","","","","Florida","Owner/Developer","https://www.icsc.com/member/profile/830574"
"William Lloyd","RKM Development Corp.","","","","","Florida","Owner/Developer","https://www.icsc.com/member/profile/104520"
"Chris Logan PE","Solid Rock Property Group","","","","","Florida","Owner/Developer","https://www.icsc.com/member/profile/384278"
"Derek Logue","Sleiman Enterprises","","","","","Florida","Owner/Developer","https://www.icsc.com/member/profile/763902"
"Kim Lohry","Saunders Real Estate","","","","","Florida","Owner/Developer","https://www.icsc.com/member/profile/667398"
"Alex Lopez","Jamestown, LP","","","","","Florida","Owner/Developer","https://www.icsc.com/member/profile/187320"
"Sharon Lowen","Tabani Group, Inc.","","","","","Florida","Owner/Developer","https://www.icsc.com/member/profile/814569"
"Alex Lucas","Boos Development Group Inc.","","","","","Florida","Owner/Developer","https://www.icsc.com/member/profile/477718"
"Matthew Lunney","TCII Capital Group LLC","","","","","Florida","Owner/Developer","https://www.icsc.com/member/profile/785928"
"Gregg Lurie","Creative Realty Group","","","","","Florida","Owner/Developer","https://www.icsc.com/member/profile/123400"
"Anthony Lyons","AMJ Group, Inc.","","","","","Florida","Owner/Developer","https://www.icsc.com/member/profile/832403"
"Nestor Machado Sr","Cawy Real Estate","","","","","Florida","Owner/Developer","https://www.icsc.com/member/profile/404424"
"Nestor Machado","Cawy Real Estate","","","","","Florida","Owner/Developer","https://www.icsc.com/member/profile/110183"
"Alex Main","Sleiman Enterprises","","","","","Florida","Owner/Developer","https://www.icsc.com/member/profile/521482"
"Dharma Malempati","OM Ventures","","","","","Florida","Owner/Developer","https://www.icsc.com/member/profile/239066"
"Avi Malka","Infinite Equity Capital","","","","","Florida","Owner/Developer","https://www.icsc.com/member/profile/854757"
"Eric Mallory","Eureka Ventures","","","","","Florida","Owner/Developer","https://www.icsc.com/member/profile/344675"
"Will Malone","Sleiman Enterprises","","","","","Florida","Owner/Developer","https://www.icsc.com/member/profile/776198"
"Gregory Maloney, CRX, CSM","Centennial Real Estate","","","","","Florida","Owner/Developer","https://www.icsc.com/member/profile/92333"
"Brian Maloney","Ram Realty Advisors","","","","","Florida","Owner/Developer","https://www.icsc.com/member/profile/809806"
"Richard Maloof","RKM Development Corp.","","","","","Florida","Owner/Developer","https://www.icsc.com/member/profile/112797"
"Cynthia Manchesi","Winthrop Town Builders, LLC","","","","","Florida","Owner/Developer","https://www.icsc.com/member/profile/497890"
"Brett Marcus","PEBB Enterprises","","","","","Florida","Owner/Developer","https://www.icsc.com/member/profile/837105"
"Kim Mareira","PEBB Enterprises","","","","","Florida","Owner/Developer","https://www.icsc.com/member/profile/857792"
"David Marks","Marketplace Advisors, Inc.","","","","","Florida","Owner/Developer","https://www.icsc.com/member/profile/718165"
"David Martin","Paradise Ventures, Inc.","","","","","Florida","Owner/Developer","https://www.icsc.com/member/profile/654224"
"Gary Martin","Site Selection Inc.","","","","","Florida","Owner/Developer","https://www.icsc.com/member/profile/152785"
"Susan Martinez","Brixmor Property Group","","","","","Florida","Owner/Developer","https://www.icsc.com/member/profile/767533"
"Darenda Marvin","WMG Development, LLC","","","","","Florida","Owner/Developer","https://www.icsc.com/member/profile/759236"
"Harvey Mattel","Nob Hill Pavilion Inc.","","","","","Florida","Owner/Developer","https://www.icsc.com/member/profile/143631"
"Shawn Maxey","Stirling","","","","","Florida","Owner/Developer","https://www.icsc.com/member/profile/659656"
"Michael McArdle","Southeast Commercial Development, Inc","","","","","Florida","Owner/Developer","https://www.icsc.com/member/profile/132505"
"George McBee","Dunphy Properties LLC","","","","","Florida","Owner/Developer","https://www.icsc.com/member/profile/186010"
"Amy McCook","JETT Retail Development","","","","","Florida","Owner/Developer","https://www.icsc.com/member/profile/511817"
"Michael McDermott","Sleiman Enterprises","","","","","Florida","Owner/Developer","https://www.icsc.com/member/profile/619017"
"Ryan McDonald","JBCC Development","","","","","Florida","Owner/Developer","https://www.icsc.com/member/profile/791948"
"Kris McDonald","Wagner Property Group","","","","","Florida","Owner/Developer","https://www.icsc.com/member/profile/241900"
"Robert McGuinness","Kite Realty Group","","","","","Florida","Owner/Developer","https://www.icsc.com/member/profile/353008"
"Mindy McIlroy","Terranova Corporation","","","","","Florida","Owner/Developer","https://www.icsc.com/member/profile/219258"
"John McKenna","Madison Development Group, Inc.","","","","","Florida","Owner/Developer","https://www.icsc.com/member/profile/129871"
"Reed McLane","GL Commercial","","","","","Florida","Owner/Developer","https://www.icsc.com/member/profile/321726"
"Michael McLean","North American Properties, Inc.","","","","","Florida","Owner/Developer","https://www.icsc.com/member/profile/759043"
"Aidan McNaughton","Regency Centers","","","","","Florida","Owner/Developer","https://www.icsc.com/member/profile/764012"
"Trey McPherson","R. D. Keene Trust","","","","","Florida","Owner/Developer","https://www.icsc.com/member/profile/479203"
"Suryansh Mehra","Boos Development Group Inc.","","","","","Florida","Owner/Developer","https://www.icsc.com/member/profile/800865"
"Aria Mehrabi","Pacific Star Capital","","","","","Florida","Owner/Developer","https://www.icsc.com/member/profile/279983"
"Dan Meisel","Brookfield Asset Management","","","","","Florida","Owner/Developer","https://www.icsc.com/member/profile/856662"
"Jordan Meissner","Commercial Centers Management","","","","","Florida","Owner/Developer","https://www.icsc.com/member/profile/581817"
"Jordyn Mellow","Kimco Realty Corporation","","","","","Florida","Owner/Developer","https://www.icsc.com/member/profile/802733"
"Annie Meltzer","WMG Development, LLC","","","","","Florida","Owner/Developer","https://www.icsc.com/member/profile/736500"
"Rafael Mendez, CCIM","Saunders Real Estate","","","","","Florida","Owner/Developer","https://www.icsc.com/member/profile/859996"
"W. Todd Menke","GenMark Property Group, LLC","","","","","Florida","Owner/Developer","https://www.icsc.com/member/profile/335580"
"Rob Mercer","PEBB Enterprises","","","","","Florida","Owner/Developer","https://www.icsc.com/member/profile/785683"
"Bryant Mercier","Pinnacle Realty Advisors, LLP","","","","","Florida","Owner/Developer","https://www.icsc.com/member/profile/775611"
"Paige Messer","Global Fund Investments, Inc.","","","","","Florida","Owner/Developer","https://www.icsc.com/member/profile/831279"
"Bertille Mezaguer","Saglo Companies","","","","","Florida","Owner/Developer","https://www.icsc.com/member/profile/769636"
"Frank Militello","The Sembler Company","","","","","Florida","Owner/Developer","https://www.icsc.com/member/profile/136628"
"Michelle Miller","NNN REIT, Inc.","","","","","Florida","Owner/Developer","https://www.icsc.com/member/profile/612479"
"Christopher Miller Jr","The Viera Company","","","","","Florida","Owner/Developer","https://www.icsc.com/member/profile/478483"
"Sejla Misic","CrossMarc Services, LLC","","","","","Florida","Owner/Developer","https://www.icsc.com/member/profile/834602"
"Mark Modarres","MMM investments LLC","","","","","Florida","Owner/Developer","https://www.icsc.com/member/profile/488410"
"Stacey Mooney","Edge Realty Partners","","","","","Florida","Owner/Developer","https://www.icsc.com/member/profile/255939"
"Jessica Moore","WMG Development, LLC","","","","","Florida","Owner/Developer","https://www.icsc.com/member/profile/782378"
"Kristen Moore, CMD","Brixmor Property Group","","","","","Florida","Owner/Developer","https://www.icsc.com/member/profile/134707"
"Kara Morabito","InvenTrust Properties Corp.","","","","","Florida","Owner/Developer","https://www.icsc.com/member/profile/683405"
"Jessica Moreno","The Sembler Company","","","","","Florida","Owner/Developer","https://www.icsc.com/member/profile/484913"
"David Moret","Highline Real Estate Capital","","","","","Florida","Owner/Developer","https://www.icsc.com/member/profile/169116"
"Edmee Morin","Sunbeam Development","","","","","Florida","Owner/Developer","https://www.icsc.com/member/profile/727113"
"Serina Morison","The Sembler Company","","","","","Florida","Owner/Developer","https://www.icsc.com/member/profile/491979"
"Greg Moross","PEBB Enterprises","","","","","Florida","Owner/Developer","https://www.icsc.com/member/profile/185207"
"Shai Moschowits","Centro Realty","","","","","Florida","Owner/Developer","https://www.icsc.com/member/profile/294861"
"Jon Mott","Paradise Ventures, Inc.","","","","","Florida","Owner/Developer","https://www.icsc.com/member/profile/140388"
"Daniel Moyer","CASTO","","","","","Florida","Owner/Developer","https://www.icsc.com/member/profile/792146"
"Tom Mundy","The Ferber Company, Inc.","","","","","Florida","Owner/Developer","https://www.icsc.com/member/profile/372466"
"Spencer Muratides","Alliant Partners","","","","","Florida","Owner/Developer","https://www.icsc.com/member/profile/572984"
"Clint Murphy","Murphy Land and Retail Services Inc.","","","","","Florida","Owner/Developer","https://www.icsc.com/member/profile/104359"
"Marissa Murray","RDI Properties, LLC","","","","","Florida","Owner/Developer","https://www.icsc.com/member/profile/807321"
"Thomas Murray","RDI Properties, LLC","","","","","Florida","Owner/Developer","https://www.icsc.com/member/profile/108133"
"Christian Nacorda","Unicorp National Developments, Inc.","","","","","Florida","Owner/Developer","https://www.icsc.com/member/profile/775489"
"Jenny Nadeau","WMG Development, LLC","","","","","Florida","Owner/Developer","https://www.icsc.com/member/profile/825138"
"Artem Nashman CCIM","ComTerra Development","","","","","Florida","Owner/Developer","https://www.icsc.com/member/profile/667925"
"Sandra Nasrallah","Charles Wayne Properties, Inc.","","","","","Florida","Owner/Developer","https://www.icsc.com/member/profile/790713"
"Sam Nasrallah","Charles Wayne Properties, Inc.","","","","","Florida","Owner/Developer","https://www.icsc.com/member/profile/156054"
"Frank Natanek","The Ferber Company, Inc.","","","","","Florida","Owner/Developer","https://www.icsc.com/member/profile/312439"
"Alex Navarro","MMG Equity Partners","","","","","Florida","Owner/Developer","https://www.icsc.com/member/profile/809090"
"Michael Navarro","MMG Equity Partners","","","","","Florida","Owner/Developer","https://www.icsc.com/member/profile/715431"
"Gabe Navarro","MMG Equity Partners","","","","","Florida","Owner/Developer","https://www.icsc.com/member/profile/430356"
"Alejandra Nazari","Sterling Organization","","","","","Florida","Owner/Developer","https://www.icsc.com/member/profile/786889"
"Beckett Neal","Neal Realty & Investments Inc.","","","","","Florida","Owner/Developer","https://www.icsc.com/member/profile/866004"
"Greyson Neal","Neal Realty & Investments Inc.","","","","","Florida","Owner/Developer","https://www.icsc.com/member/profile/824942"
"Timothy Neal","Neal Realty & Investments Inc.","","","","","Florida","Owner/Developer","https://www.icsc.com/member/profile/108961"
"Curt Neel","Boos Development Group Inc.","","","","","Florida","Owner/Developer","https://www.icsc.com/member/profile/616485"
"Alan Negrelli","Strategic Retail Advisors","","","","","Florida","Owner/Developer","https://www.icsc.com/member/profile/105905"
"Fabienne Nelson","The Cornfeld Group","","","","","Florida","Owner/Developer","https://www.icsc.com/member/profile/803408"
"Erik Nelson","NNN REIT, Inc.","","","","","Florida","Owner/Developer","https://www.icsc.com/member/profile/590689"
"Erica Nelson","RMC Property Group","","","","","Florida","Owner/Developer","https://www.icsc.com/member/profile/555146"
"Lynda Newman","Forbes Company","","","","","Florida","Owner/Developer","https://www.icsc.com/member/profile/173294"
"Katie Nguyen","CrossMarc Services, LLC","","","","","Florida","Owner/Developer","https://www.icsc.com/member/profile/810787"
"Whitney Nickle","Kin Properties","","","","","Florida","Owner/Developer","https://www.icsc.com/member/profile/802605"
"Kristen Nimnicht","Lat Purser & Associates, Inc.","","","","","Florida","Owner/Developer","https://www.icsc.com/member/profile/270643"
"Adrian Noboa","Woolbright Development","","","","","Florida","Owner/Developer","https://www.icsc.com/member/profile/835772"
"Jonas Nordal","JM Properties of South Florida, Inc.","","","","","Florida","Owner/Developer","https://www.icsc.com/member/profile/203544"
"Ian Notkin","Frontier Development LLC","","","","","Florida","Owner/Developer","https://www.icsc.com/member/profile/742563"
"Brent Nye","Nye Commercial Advisors","","","","","Florida","Owner/Developer","https://www.icsc.com/member/profile/631661"
"Martin O'Boyle","Commerce Group, Inc.","","","","","Florida","Owner/Developer","https://www.icsc.com/member/profile/98355"
"John O'Connor","O'Connor Development Corporation","","","","","Florida","Owner/Developer","https://www.icsc.com/member/profile/94222"
"Andrew O'Grady","Sterling Organization","","","","","Florida","Owner/Developer","https://www.icsc.com/member/profile/849158"
"Wayne Odesnik","The Cordish Companies","","","","","Florida","Owner/Developer","https://www.icsc.com/member/profile/854119"
"Christian Oldenburg","Ash Properties","","","","","Florida","Owner/Developer","https://www.icsc.com/member/profile/682882"
"Jonathan Oleinick","Woolbright Development","","","","","Florida","Owner/Developer","https://www.icsc.com/member/profile/316932"
"Arnaldo Oliveras, CLS","Commercial Centers Management","","","","","Florida","Owner/Developer","https://www.icsc.com/member/profile/472693"
"Sadek Omar","JBCC Development","","","","","Florida","Owner/Developer","https://www.icsc.com/member/profile/812399"
"Amanda Ortiz","JBCC Development","","","","","Florida","Owner/Developer","https://www.icsc.com/member/profile/758803"
"Eitan Ovadia","Kin Properties","","","","","Florida","Owner/Developer","https://www.icsc.com/member/profile/602831"
"Bill Pace","Woolbright Development","","","","","Florida","Owner/Developer","https://www.icsc.com/member/profile/848861"
"Jacqueline Pace","Charles Wayne Properties, Inc.","","","","","Florida","Owner/Developer","https://www.icsc.com/member/profile/189941"
"Ajay Patel","Nye Commercial Advisors","","","","","Florida","Owner/Developer","https://www.icsc.com/member/profile/834931"
"Trevor Paul","Xsite Real Estate, Inc.","","","","","Florida","Owner/Developer","https://www.icsc.com/member/profile/706402"
"Pam Pearce","Ram Realty Services","","","","","Florida","Owner/Developer","https://www.icsc.com/member/profile/273254"
"Andrew Pearl","Investment Management Assoc.","","","","","Florida","Owner/Developer","https://www.icsc.com/member/profile/220775"
"Andy Pearlman","Isram Realty Group","","","","","Florida","Owner/Developer","https://www.icsc.com/member/profile/372519"
"James Pearson","Phillips Edison & Company","","","","","Florida","Owner/Developer","https://www.icsc.com/member/profile/326628"
"Siobhan Pecora","Brixmor Property Group","","","","","Florida","Owner/Developer","https://www.icsc.com/member/profile/775576"
"James Peek","Tavistock Development Company, LLC","","","","","Florida","Owner/Developer","https://www.icsc.com/member/profile/791309"
"Skipper Peek","Tavistock Development Company, LLC","","","","","Florida","Owner/Developer","https://www.icsc.com/member/profile/481100"
"Justin Pelloni","Pelloni Development Corporation","","","","","Florida","Owner/Developer","https://www.icsc.com/member/profile/521395"
"Sebastian Pena","NNN REIT, Inc.","","","","","Florida","Owner/Developer","https://www.icsc.com/member/profile/847296"
"Leandro Pereira","Isram Realty Group","","","","","Florida","Owner/Developer","https://www.icsc.com/member/profile/738041"
"Rachel Perez","International Property Services Corp.","","","","","Florida","Owner/Developer","https://www.icsc.com/member/profile/792965"
"Spencer Perkins","Neal Realty & Investments Inc.","","","","","Florida","Owner/Developer","https://www.icsc.com/member/profile/866005"
"Aryel Perring","WMG Development, LLC","","","","","Florida","Owner/Developer","https://www.icsc.com/member/profile/720487"
"Spencer Phelps CCIM","Kimco Realty Corporation","","","","","Florida","Owner/Developer","https://www.icsc.com/member/profile/474478"
"MacKenzie Phillips","Kline & Associates","","","","","Florida","Owner/Developer","https://www.icsc.com/member/profile/860023"
"Jocelyn Pilkington","Benderson Development Company, LLC","","","","","Florida","Owner/Developer","https://www.icsc.com/member/profile/733849"
"Hans Pistor","Hanlex Group, LLC","","","","","Florida","Owner/Developer","https://www.icsc.com/member/profile/480700"
"Ryan Plate","The Ferber Company, Inc.","","","","","Florida","Owner/Developer","https://www.icsc.com/member/profile/537153"
"Grant Pohlmann","Pohlmann Holdings","","","","","Florida","Owner/Developer","https://www.icsc.com/member/profile/718245"
"Penny Polk","Howard Group","","","","","Florida","Owner/Developer","https://www.icsc.com/member/profile/643063"
"Jackie Pope","Watson Commercial Real Estate Inc.","","","","","Florida","Owner/Developer","https://www.icsc.com/member/profile/849740"
"Isabel Porro","Benderson Development Company, LLC","","","","","Florida","Owner/Developer","https://www.icsc.com/member/profile/859061"
"Mark Porter","Phillips Edison & Company","","","","","Florida","Owner/Developer","https://www.icsc.com/member/profile/500942"
"Elkharia Powell","Turnberry","","","","","Florida","Owner/Developer","https://www.icsc.com/member/profile/847004"
"Carly Powell","Saunders Real Estate","","","","","Florida","Owner/Developer","https://www.icsc.com/member/profile/835975"
"John Preston","FrontView REIT","","","","","Florida","Owner/Developer","https://www.icsc.com/member/profile/99000"
"Jeffrey Preston","FrontView REIT","","","","","Florida","Owner/Developer","https://www.icsc.com/member/profile/450591"
"Thad Pryor","Children of America","","","","","Florida","Owner/Developer","https://www.icsc.com/member/profile/129626"
"Marcos Puente","MMG Equity Partners","","","","","Florida","Owner/Developer","https://www.icsc.com/member/profile/642998"
"Matthew Puletz","NASCAR","","","","","Florida","Owner/Developer","https://www.icsc.com/member/profile/163544"
"Juan Pulido","CrossMarc Services, LLC","","","","","Florida","Owner/Developer","https://www.icsc.com/member/profile/858408"
"Marvin Puryear","Saunders Real Estate","","","","","Florida","Owner/Developer","https://www.icsc.com/member/profile/312185"
"David Puyanic","Commodore Realty, Inc.","","","","","Florida","Owner/Developer","https://www.icsc.com/member/profile/237557"
"George Radu","Turnberry","","","","","Florida","Owner/Developer","https://www.icsc.com/member/profile/232005"
"Christopher Ralph, CMD, CRX, CSM","Brixmor Property Group","","","","","Florida","Owner/Developer","https://www.icsc.com/member/profile/99694"
"Gary Ralston CRE, CDP, CLS, CRRP, CRX","Saunders Real Estate","","","","","Florida","Owner/Developer","https://www.icsc.com/member/profile/99040"
"Lauren Ralston Smith CCIM","Saunders Real Estate","","","","","Florida","Owner/Developer","https://www.icsc.com/member/profile/316697"
"Rumel Ramos","Orion Real Estate Group","","","","","Florida","Owner/Developer","https://www.icsc.com/member/profile/858520"
"Luis Ramos","Woolbright Development","","","","","Florida","Owner/Developer","https://www.icsc.com/member/profile/371917"
"Karen Raquet, CRX, CSM","Centennial","","","","","Florida","Owner/Developer","https://www.icsc.com/member/profile/132607"
"Zafir Rashid","Everest Place","","","","","Florida","Owner/Developer","https://www.icsc.com/member/profile/793616"
"Massimo Rastrelli","CASTO","","","","","Florida","Owner/Developer","https://www.icsc.com/member/profile/413240"
"Nicholas Recalt","Global Fund Investments, Inc.","","","","","Florida","Owner/Developer","https://www.icsc.com/member/profile/784041"
"Jesse Rego","Redstone Investments","","","","","Florida","Owner/Developer","https://www.icsc.com/member/profile/812423"
"Steve Rentz","GenMark Property Group, LLC","","","","","Florida","Owner/Developer","https://www.icsc.com/member/profile/620993"
"Juan Restrepo","JBL Asset Management","","","","","Florida","Owner/Developer","https://www.icsc.com/member/profile/598530"
"Matthew Rettner","Rettner Realty","","","","","Florida","Owner/Developer","https://www.icsc.com/member/profile/506741"
"Roxanne Ribakoff","Tanger","","","","","Florida","Owner/Developer","https://www.icsc.com/member/profile/744778"
"Mitchell Rice","RMC Property Group","","","","","Florida","Owner/Developer","https://www.icsc.com/member/profile/120321"
"Michael Rich","Centergys Development","","","","","Florida","Owner/Developer","https://www.icsc.com/member/profile/241467"
"Beverly Ricks, CLS, CRX, CSM","Retail Property Solutions, LLC","","","","","Florida","Owner/Developer","https://www.icsc.com/member/profile/100376"
"Paul Riemer","Riemer Insurance Group","","","","","Florida","Owner/Developer","https://www.icsc.com/member/profile/730386"
"Matthew Rikman","Isram Realty Group","","","","","Florida","Owner/Developer","https://www.icsc.com/member/profile/256756"
"Cory Ring","Schmier Property Group","","","","","Florida","Owner/Developer","https://www.icsc.com/member/profile/763684"
"Mitchell Rippe","Kite Realty Group","","","","","Florida","Owner/Developer","https://www.icsc.com/member/profile/105782"
"Lauren Robbins","Terranova Corporation","","","","","Florida","Owner/Developer","https://www.icsc.com/member/profile/818458"
"Sean J. Roberts","Walt Disney Parks & Resorts","","","","","Florida","Owner/Developer","https://www.icsc.com/member/profile/858758"
"Jessica Rodriguez","Kimco Realty Corporation","","","","","Florida","Owner/Developer","https://www.icsc.com/member/profile/819707"
"Alejandro Rodriguez","Centennial Real Estate","","","","","Florida","Owner/Developer","https://www.icsc.com/member/profile/780551"
"Sandi Rogacki","Woolbright Development","","","","","Florida","Owner/Developer","https://www.icsc.com/member/profile/556320"
"Tim Rogers","WMG Development, LLC","","","","","Florida","Owner/Developer","https://www.icsc.com/member/profile/776357"
"Jo-Anne Roggin","Woolbright Development","","","","","Florida","Owner/Developer","https://www.icsc.com/member/profile/221926"
"Ana Rojas","Turnberry","","","","","Florida","Owner/Developer","https://www.icsc.com/member/profile/621340"
"Robert Romagnoli","FrontView REIT","","","","","Florida","Owner/Developer","https://www.icsc.com/member/profile/717411"
"Kenneth Roosth, CRX, CSM","Noble Properties","","","","","Florida","Owner/Developer","https://www.icsc.com/member/profile/115306"
"Yitzy Rosenberg","Woolbright Development","","","","","Florida","Owner/Developer","https://www.icsc.com/member/profile/852914"
"Evan Rosenblatt","PEBB Enterprises","","","","","Florida","Owner/Developer","https://www.icsc.com/member/profile/559841"
"Donald Rosenthal","HHH Management Inc.","","","","","Florida","Owner/Developer","https://www.icsc.com/member/profile/143936"
"Justin Abernathy","Abernathy Development Company, LLC","","","","","Georgia","Owner/Developer","https://www.icsc.com/member/profile/430918"
"Tom Abernathy","Abernathy Development Company, LLC","","","","","Georgia","Owner/Developer","https://www.icsc.com/member/profile/132875"
"Connor Abruzzino","The Abruzzino Organization","","","","","Georgia","Owner/Developer","https://www.icsc.com/member/profile/752442"
"Jonathan Aceves","Meybohm Commercial Properties, LLC","","","","","Georgia","Owner/Developer","https://www.icsc.com/member/profile/688578"
"Caleb Adams","RealtyLink","","","","","Georgia","Owner/Developer","https://www.icsc.com/member/profile/772673"
"Chris Adams","O'Leary Partners, Inc.","","","","","Georgia","Owner/Developer","https://www.icsc.com/member/profile/725056"
"Nick Addison","Stafford Properties","","","","","Georgia","Owner/Developer","https://www.icsc.com/member/profile/504821"
"Melissa Ahrendt","Stafford Properties","","","","","Georgia","Owner/Developer","https://www.icsc.com/member/profile/308945"
"Michael Aide","Watkins Real Estate Group","","","","","Georgia","Owner/Developer","https://www.icsc.com/member/profile/334881"
"Jon Ainbinder","The Ainbinder Company","","","","","Georgia","Owner/Developer","https://www.icsc.com/member/profile/526473"
"Carly Alford Smith","GGP","","","","","Georgia","Owner/Developer","https://www.icsc.com/member/profile/604373"
"Katherine Allen","Westwood Financial","","","","","Georgia","Owner/Developer","https://www.icsc.com/member/profile/775002"
"Pete Anastasi","Brixmor Property Group","","","","","Georgia","Owner/Developer","https://www.icsc.com/member/profile/610781"
"Tyler Anderson","Big V Property Group","","","","","Georgia","Owner/Developer","https://www.icsc.com/member/profile/574944"
"Thornton Anderson","Sofran Partners","","","","","Georgia","Owner/Developer","https://www.icsc.com/member/profile/136071"
"Jack Arnold","Bridger Properties","","","","","Georgia","Owner/Developer","https://www.icsc.com/member/profile/413726"
"Kimberly Arturo-Boardman","Selig Enterprises, Inc.","","","","","Georgia","Owner/Developer","https://www.icsc.com/member/profile/718588"
"Steven Baile","Selig Enterprises, Inc.","","","","","Georgia","Owner/Developer","https://www.icsc.com/member/profile/346805"
"Darnall Bailey","WDG Real Estate Partners","","","","","Georgia","Owner/Developer","https://www.icsc.com/member/profile/636051"
"Jim Baker","The Chaseland Group","","","","","Georgia","Owner/Developer","https://www.icsc.com/member/profile/483957"
"Ryan Ball","Ackerman & Co.","","","","","Georgia","Owner/Developer","https://www.icsc.com/member/profile/796777"
"Lauren Ball","Westwood Financial","","","","","Georgia","Owner/Developer","https://www.icsc.com/member/profile/371474"
"Natalie Battisti","SJC Ventures","","","","","Georgia","Owner/Developer","https://www.icsc.com/member/profile/478248"
"Mike Bernholz","New Market Properties LLC","","","","","Georgia","Owner/Developer","https://www.icsc.com/member/profile/792854"
"Gretchen Binford","STNL Development, LLC","","","","","Georgia","Owner/Developer","https://www.icsc.com/member/profile/663441"
"Mike Birnbrey","Southbound Development Group, Inc.","","","","","Georgia","Owner/Developer","https://www.icsc.com/member/profile/508548"
"Kyle Bisciotti","BCI, LLC","","","","","Georgia","Owner/Developer","https://www.icsc.com/member/profile/636683"
"Patrick Bishop","The Bishop Company, LLC","","","","","Georgia","Owner/Developer","https://www.icsc.com/member/profile/730495"
"Frank Bishop","The Bishop Company, LLC","","","","","Georgia","Owner/Developer","https://www.icsc.com/member/profile/116849"
"Jennifer Blasco","Jamestown, LP","","","","","Georgia","Owner/Developer","https://www.icsc.com/member/profile/747684"
"Adam Blatt","Halpern Enterprises, Inc.","","","","","Georgia","Owner/Developer","https://www.icsc.com/member/profile/811471"
"James Bold","Phillips Edison and Company","","","","","Georgia","Owner/Developer","https://www.icsc.com/member/profile/162489"
"Matt Boone","ForCAST Real Estate Development","","","","","Georgia","Owner/Developer","https://www.icsc.com/member/profile/302579"
"Chuck Borysiak","SREG","","","","","Georgia","Owner/Developer","https://www.icsc.com/member/profile/684780"
"Tara Borysiak","Westwood Financial","","","","","Georgia","Owner/Developer","https://www.icsc.com/member/profile/178346"
"Hannah Bowen","Brixmor Property Group","","","","","Georgia","Owner/Developer","https://www.icsc.com/member/profile/859270"
"Frank Bradshaw","Bradco, Inc.","","","","","Georgia","Owner/Developer","https://www.icsc.com/member/profile/812731"
"Holton Brinson","Jordan Trotter Commercial Realty","","","","","Georgia","Owner/Developer","https://www.icsc.com/member/profile/635482"
"Matt Broderick","SREG","","","","","Georgia","Owner/Developer","https://www.icsc.com/member/profile/783242"
"Owen Brown","Retail Planning Corporation","","","","","Georgia","Owner/Developer","https://www.icsc.com/member/profile/99579"
"Bill Brown","RealtyLink","","","","","Georgia","Owner/Developer","https://www.icsc.com/member/profile/143446"
"John Brozovic","Halpern Enterprises, Inc.","","","","","Georgia","Owner/Developer","https://www.icsc.com/member/profile/137776"
"Eric Buchalter","Capital Growth Buchalter, Inc","","","","","Georgia","Owner/Developer","https://www.icsc.com/member/profile/659335"
"Ronald Buckley","Brixmor Property Group","","","","","Georgia","Owner/Developer","https://www.icsc.com/member/profile/169856"
"Wanda Burden","Retail Planning Corporation","","","","","Georgia","Owner/Developer","https://www.icsc.com/member/profile/312900"
"Charlie Burstiner","Sullivan Wickley","","","","","Georgia","Owner/Developer","https://www.icsc.com/member/profile/859652"
"Travis Butler","Butler Properties & Development","","","","","Georgia","Owner/Developer","https://www.icsc.com/member/profile/262455"
"Leslie Callahan CCIM III","First Colony Financial Group","","","","","Georgia","Owner/Developer","https://www.icsc.com/member/profile/100695"
"Andy Campbell","Columbia Properties Inc.","","","","","Georgia","Owner/Developer","https://www.icsc.com/member/profile/309534"
"Jay Carlington","Standard Life Investments","","","","","Georgia","Owner/Developer","https://www.icsc.com/member/profile/568973"
"James Carlson","Wilco Development","","","","","Georgia","Owner/Developer","https://www.icsc.com/member/profile/171155"
"Rick Carpenter","Glenridge Development,LLC","","","","","Georgia","Owner/Developer","https://www.icsc.com/member/profile/106632"
"Ashley Casey","Phillips Edison & Company","","","","","Georgia","Owner/Developer","https://www.icsc.com/member/profile/558829"
"Greg Catoe LEED AP","Selig Enterprises, Inc.","","","","","Georgia","Owner/Developer","https://www.icsc.com/member/profile/328301"
"Marla Chaliff","Dimension Development Partners","","","","","Georgia","Owner/Developer","https://www.icsc.com/member/profile/149246"
"Caroline Cheney","Retail Planning Corporation","","","","","Georgia","Owner/Developer","https://www.icsc.com/member/profile/821883"
"James Cheney","Harbour Real Estate Partners","","","","","Georgia","Owner/Developer","https://www.icsc.com/member/profile/172105"
"Ken Clayman","Selig Enterprises, Inc.","","","","","Georgia","Owner/Developer","https://www.icsc.com/member/profile/209066"
"Will Cobb","Wilco Development","","","","","Georgia","Owner/Developer","https://www.icsc.com/member/profile/307667"
"Luke Coffey","Southeastern","","","","","Georgia","Owner/Developer","https://www.icsc.com/member/profile/706261"
"Jordan Collier","Meybohm Commercial Properties, LLC","","","","","Georgia","Owner/Developer","https://www.icsc.com/member/profile/719894"
"Seleta Collins","Meybohm Commercial Properties, LLC","","","","","Georgia","Owner/Developer","https://www.icsc.com/member/profile/863036"
"Alex Conner","Crawford Square Real Estate Advisors","","","","","Georgia","Owner/Developer","https://www.icsc.com/member/profile/526495"
"David Cooper","Retail Planning Corporation","","","","","Georgia","Owner/Developer","https://www.icsc.com/member/profile/864486"
"Lindsey Cotton","Victory Real Estate Investments","","","","","Georgia","Owner/Developer","https://www.icsc.com/member/profile/430951"
"Greg Craft","Capital Growth Buchalter, Inc","","","","","Georgia","Owner/Developer","https://www.icsc.com/member/profile/206688"
"Jason Crawford","The Bishop Company, LLC","","","","","Georgia","Owner/Developer","https://www.icsc.com/member/profile/560595"
"Jonathan Crawford CCIM","Southeastern","","","","","Georgia","Owner/Developer","https://www.icsc.com/member/profile/674053"
"Tonya Creekmore","Brixmor Property Group","","","","","Georgia","Owner/Developer","https://www.icsc.com/member/profile/180181"
"Anna Crist","Bridger Properties","","","","","Georgia","Owner/Developer","https://www.icsc.com/member/profile/787598"
"Zachary Crumley","Teramore Development, LLC","","","","","Georgia","Owner/Developer","https://www.icsc.com/member/profile/714064"
"Ellie Cunningham","Selig Enterprises, Inc.","","","","","Georgia","Owner/Developer","https://www.icsc.com/member/profile/831182"
"Allen Curtis","Westbrook Real Estate, LLC","","","","","Georgia","Owner/Developer","https://www.icsc.com/member/profile/588273"
"Jimmy Cushman","Halpern Enterprises, Inc.","","","","","Georgia","Owner/Developer","https://www.icsc.com/member/profile/340540"
"Keith Daise, CSM","GGP","","","","","Georgia","Owner/Developer","https://www.icsc.com/member/profile/143530"
"Charles Darby","Victory Real Estate Investments","","","","","Georgia","Owner/Developer","https://www.icsc.com/member/profile/786977"
"Alton Darby","Victory Real Estate Investments","","","","","Georgia","Owner/Developer","https://www.icsc.com/member/profile/430125"
"Charles Davis","Jordan Trotter Commercial Realty","","","","","Georgia","Owner/Developer","https://www.icsc.com/member/profile/806579"
"Bryan Davis","Ackerman & Co.","","","","","Georgia","Owner/Developer","https://www.icsc.com/member/profile/696980"
"Jimmy Davis","Bridger Properties","","","","","Georgia","Owner/Developer","https://www.icsc.com/member/profile/346444"
"Carter Davis","Selig Enterprises, Inc.","","","","","Georgia","Owner/Developer","https://www.icsc.com/member/profile/312083"
"Richard Dawson Jr","Phillips Edison & Company","","","","","Georgia","Owner/Developer","https://www.icsc.com/member/profile/315143"
"Parke Day","ROMO-PADA Development, LLC","","","","","Georgia","Owner/Developer","https://www.icsc.com/member/profile/281977"
"Bonnie Dean","Selig Enterprises, Inc.","","","","","Georgia","Owner/Developer","https://www.icsc.com/member/profile/185486"
"Jeffrey DeHart","SJC Ventures","","","","","Georgia","Owner/Developer","https://www.icsc.com/member/profile/402578"
"Collin Denhard","Southbound Development Group, Inc.","","","","","Georgia","Owner/Developer","https://www.icsc.com/member/profile/722632"
"Benny Dockery","Glenridge Development,LLC","","","","","Georgia","Owner/Developer","https://www.icsc.com/member/profile/857648"
"Jay Douglas","The Ardent Companies, LLC","","","","","Georgia","Owner/Developer","https://www.icsc.com/member/profile/574626"
"Mark Doyle","Hull Property Group","","","","","Georgia","Owner/Developer","https://www.icsc.com/member/profile/596237"
"Robert Drake","Sullivan Wickley","","","","","Georgia","Owner/Developer","https://www.icsc.com/member/profile/594316"
"Chris Dundon","Retail Planning Corporation","","","","","Georgia","Owner/Developer","https://www.icsc.com/member/profile/749272"
"Jordan Dyche","Southeastern","","","","","Georgia","Owner/Developer","https://www.icsc.com/member/profile/801888"
"Andrew Edlin","Lansky Enterprises","","","","","Georgia","Owner/Developer","https://www.icsc.com/member/profile/385910"
"Wyatt England","Sullivan Wickley","","","","","Georgia","Owner/Developer","https://www.icsc.com/member/profile/833967"
"Simon Engler","M. & P. Shopping Centers, Inc.","","","","","Georgia","Owner/Developer","https://www.icsc.com/member/profile/287637"
"Will Euart","Stafford Properties","","","","","Georgia","Owner/Developer","https://www.icsc.com/member/profile/273205"
"Chuck Evans","The Trilogy Group, LLC","","","","","Georgia","Owner/Developer","https://www.icsc.com/member/profile/156782"
"Scott Farber","SREG","","","","","Georgia","Owner/Developer","https://www.icsc.com/member/profile/475437"
"Taylor Floyd","Hull Property Group","","","","","Georgia","Owner/Developer","https://www.icsc.com/member/profile/796486"
"Brian Fratesi","Fratesi Properties LLC","","","","","Georgia","Owner/Developer","https://www.icsc.com/member/profile/413157"
"Jason Fritz","Sullivan Wickley","","","","","Georgia","Owner/Developer","https://www.icsc.com/member/profile/486164"
"Shane Froman","Lincoln Property Company","","","","","Georgia","Owner/Developer","https://www.icsc.com/member/profile/633933"
"Evan Fuller","Jamestown, LP","","","","","Georgia","Owner/Developer","https://www.icsc.com/member/profile/756596"
"Daniel Gagne, CLS, CRX, CSM","Halpern Enterprises, Inc.","","","","","Georgia","Owner/Developer","https://www.icsc.com/member/profile/141705"
"Bryan Gardell","SITE Centers Corp.","","","","","Georgia","Owner/Developer","https://www.icsc.com/member/profile/733307"
"Benjamin Garfunkel","A J & C Garfunkel","","","","","Georgia","Owner/Developer","https://www.icsc.com/member/profile/785448"
"Charles Garfunkel","A J & C Garfunkel","","","","","Georgia","Owner/Developer","https://www.icsc.com/member/profile/126305"
"David Garfunkel","A J & C Garfunkel","","","","","Georgia","Owner/Developer","https://www.icsc.com/member/profile/111146"
"Jeff Garrison","SJC Ventures","","","","","Georgia","Owner/Developer","https://www.icsc.com/member/profile/330020"
"Steve Gaultney","Abernathy Development Company, LLC","","","","","Georgia","Owner/Developer","https://www.icsc.com/member/profile/238893"
"Jessica Gelling","Hendon Properties, LLC","","","","","Georgia","Owner/Developer","https://www.icsc.com/member/profile/449492"
"Brad Glenn","Southprop Inc.","","","","","Georgia","Owner/Developer","https://www.icsc.com/member/profile/289567"
"Kimberly Goetz","Toro Development Company, LLC","","","","","Georgia","Owner/Developer","https://www.icsc.com/member/profile/442812"
"Mark Gottlieb","MetroGroup Development","","","","","Georgia","Owner/Developer","https://www.icsc.com/member/profile/117455"
"Shirley Gouffon","Selig Enterprises, Inc.","","","","","Georgia","Owner/Developer","https://www.icsc.com/member/profile/98002"
"Tyler Grabau","Wilco Development","","","","","Georgia","Owner/Developer","https://www.icsc.com/member/profile/841308"
"Brannon Graybill","The Graybill Company","","","","","Georgia","Owner/Developer","https://www.icsc.com/member/profile/179601"
"Jonathan Green","Concord Wilshire","","","","","Georgia","Owner/Developer","https://www.icsc.com/member/profile/856580"
"Patrick Green","Ackerman & Co.","","","","","Georgia","Owner/Developer","https://www.icsc.com/member/profile/840199"
"Sarah Gretzmacher","Mimms Enterprises","","","","","Georgia","Owner/Developer","https://www.icsc.com/member/profile/582885"
"John Grozine","Coro Realty Advisors, LLC","","","","","Georgia","Owner/Developer","https://www.icsc.com/member/profile/694936"
"Boyd Guy","Warren Commercial Real Estate, Inc","","","","","Georgia","Owner/Developer","https://www.icsc.com/member/profile/229710"
"Lance Hagaman","Hendon Properties, LLC","","","","","Georgia","Owner/Developer","https://www.icsc.com/member/profile/337455"
"Elizabeth Hagin","Selig Enterprises, Inc.","","","","","Georgia","Owner/Developer","https://www.icsc.com/member/profile/604874"
"Jack Halpern","Halpern Enterprises, Inc.","","","","","Georgia","Owner/Developer","https://www.icsc.com/member/profile/92105"
"Benjamin Halpern","Halpern Enterprises, Inc.","","","","","Georgia","Owner/Developer","https://www.icsc.com/member/profile/371436"
"Jeremy Hammerton","Batson Cook Development Co.","","","","","Georgia","Owner/Developer","https://www.icsc.com/member/profile/275996"
"Kit Hampel","Sullivan Wickley","","","","","Georgia","Owner/Developer","https://www.icsc.com/member/profile/639374"
"Dykes Harbin","Southeastern","","","","","Georgia","Owner/Developer","https://www.icsc.com/member/profile/806254"
"Will Harper","New Urban Development Corp, LLC","","","","","Georgia","Owner/Developer","https://www.icsc.com/member/profile/807278"
"Scott Harrington","Cypress Equities","","","","","Georgia","Owner/Developer","https://www.icsc.com/member/profile/100070"
"Billy Harvin","Cideco Development Company Inc","","","","","Georgia","Owner/Developer","https://www.icsc.com/member/profile/254121"
"Caroline Hatcher","Hull Property Group","","","","","Georgia","Owner/Developer","https://www.icsc.com/member/profile/557249"
"Charles Heard, Jr.","Retail Planning Corporation","","","","","Georgia","Owner/Developer","https://www.icsc.com/member/profile/742121"
"Luke Henderson","Meybohm Commercial Properties, LLC","","","","","Georgia","Owner/Developer","https://www.icsc.com/member/profile/863035"
"Tanner Hendon","Hendon Properties, LLC","","","","","Georgia","Owner/Developer","https://www.icsc.com/member/profile/785986"
"Houston Hendon","Hendon Properties, LLC","","","","","Georgia","Owner/Developer","https://www.icsc.com/member/profile/647628"
"Charlie Hendon Jr","Hendon Properties, LLC","","","","","Georgia","Owner/Developer","https://www.icsc.com/member/profile/111899"
"Fain Hicks IV","SJC Ventures","","","","","Georgia","Owner/Developer","https://www.icsc.com/member/profile/331288"
"Penn Hodge","Penn Hodge Properties","","","","","Georgia","Owner/Developer","https://www.icsc.com/member/profile/423919"
"Christopher Hoffmeister","Halpern Enterprises, Inc.","","","","","Georgia","Owner/Developer","https://www.icsc.com/member/profile/692908"
"Daniel Holloway","Southeastern","","","","","Georgia","Owner/Developer","https://www.icsc.com/member/profile/839906"
"Joe Holmes","R.H. Ledbetter Properties, LLC.","","","","","Georgia","Owner/Developer","https://www.icsc.com/member/profile/449226"
"Cornell Holmes, CSM","Centennial Real Estate","","","","","Georgia","Owner/Developer","https://www.icsc.com/member/profile/261489"
"Carson Hoover","Capital Growth Buchalter, Inc","","","","","Georgia","Owner/Developer","https://www.icsc.com/member/profile/864892"
"Caroline Horne","Big V Property Group","","","","","Georgia","Owner/Developer","https://www.icsc.com/member/profile/657741"
"Nicole Horne","InvenTrust Properties Corp.","","","","","Georgia","Owner/Developer","https://www.icsc.com/member/profile/452758"
"John Hudson","Hull Property Group","","","","","Georgia","Owner/Developer","https://www.icsc.com/member/profile/513305"
"Josh Hufstetler","Teramore Development, LLC","","","","","Georgia","Owner/Developer","https://www.icsc.com/member/profile/500531"
"John Huger","WDG Real Estate Partners","","","","","Georgia","Owner/Developer","https://www.icsc.com/member/profile/849417"
"Jim Hull Jr","Hull Property Group","","","","","Georgia","Owner/Developer","https://www.icsc.com/member/profile/623842"
"Scott Jackson","Halpern Enterprises, Inc.","","","","","Georgia","Owner/Developer","https://www.icsc.com/member/profile/795275"
"Cori Jackson","Phillips Edison & Co","","","","","Georgia","Owner/Developer","https://www.icsc.com/member/profile/588118"
"Irving Jacobson","The Shumacher Group, Inc.","","","","","Georgia","Owner/Developer","https://www.icsc.com/member/profile/98765"
"Jon Janssen","Matthew Development","","","","","Georgia","Owner/Developer","https://www.icsc.com/member/profile/835979"
"Monica Johnson","Continental Realty Corporation","","","","","Georgia","Owner/Developer","https://www.icsc.com/member/profile/631852"
"Frank Jones Jr","Stafford Properties","","","","","Georgia","Owner/Developer","https://www.icsc.com/member/profile/584836"
"Troy Jordan","Jordan Trotter Commercial Realty","","","","","Georgia","Owner/Developer","https://www.icsc.com/member/profile/230969"
"Trina Joseph","Coro Realty Advisors, LLC","","","","","Georgia","Owner/Developer","https://www.icsc.com/member/profile/750378"
"Adam Katz","Mimms Enterprises","","","","","Georgia","Owner/Developer","https://www.icsc.com/member/profile/361876"
"Marty Kennedy","KENNEDY Property Group, LLC","","","","","Georgia","Owner/Developer","https://www.icsc.com/member/profile/802623"
"Andrea Kenney, CLS, CRX","Coro Realty Advisors, LLC","","","","","Georgia","Owner/Developer","https://www.icsc.com/member/profile/150814"
"Jackie Kidd","The Shumacher Group, Inc.","","","","","Georgia","Owner/Developer","https://www.icsc.com/member/profile/119799"
"Yolanda King, CRRP, CRX, CSM","Selig Enterprises, Inc.","","","","","Georgia","Owner/Developer","https://www.icsc.com/member/profile/315119"
"Mariah Stone Klein","Brixmor Property Group","","","","","Georgia","Owner/Developer","https://www.icsc.com/member/profile/191034"
"Boris Kopelev","Victory Real Estate Investments","","","","","Georgia","Owner/Developer","https://www.icsc.com/member/profile/801383"
"Taana Kow - Mayes","Selig Enterprises, Inc.","","","","","Georgia","Owner/Developer","https://www.icsc.com/member/profile/602881"
"Kyle Kritz CCIM","Columbia Properties Inc.","","","","","Georgia","Owner/Developer","https://www.icsc.com/member/profile/297608"
"Peter Kruskamp","The Shumacher Group, Inc.","","","","","Georgia","Owner/Developer","https://www.icsc.com/member/profile/554408"
"Michael Kuniansky","Venture South Investments, LLC","","","","","Georgia","Owner/Developer","https://www.icsc.com/member/profile/482948"
"Hunter Lainhart","Selig Enterprises, Inc.","","","","","Georgia","Owner/Developer","https://www.icsc.com/member/profile/759315"
"Saj Lakhany","Axis Real Estate Partners","","","","","Georgia","Owner/Developer","https://www.icsc.com/member/profile/609527"
"Stephen Lapierre","Ackerman & Co.","","","","","Georgia","Owner/Developer","https://www.icsc.com/member/profile/532798"
"Kaitlyn Lauk","SJC Ventures","","","","","Georgia","Owner/Developer","https://www.icsc.com/member/profile/844043"
"Grant Laveson","Abernathy Development Company, LLC","","","","","Georgia","Owner/Developer","https://www.icsc.com/member/profile/790386"
"Chaz Y. Lazarian Esq","Insignia,LLC","","","","","Georgia","Owner/Developer","https://www.icsc.com/member/profile/649631"
"Robert Ledbetter III","R.H. Ledbetter Properties, LLC.","","","","","Georgia","Owner/Developer","https://www.icsc.com/member/profile/735052"
"Robert Ledbetter Jr","R.H. Ledbetter Properties, LLC.","","","","","Georgia","Owner/Developer","https://www.icsc.com/member/profile/123402"
"Brian Lefkoff","Ackerman & Co.","","","","","Georgia","Owner/Developer","https://www.icsc.com/member/profile/301785"
"Greg Lewis","Selig Enterprises, Inc.","","","","","Georgia","Owner/Developer","https://www.icsc.com/member/profile/504924"
"Les Lewis","Trident Real Estate Development","","","","","Georgia","Owner/Developer","https://www.icsc.com/member/profile/188156"
"Morgan Liesenfelt","Jamestown, LP","","","","","Georgia","Owner/Developer","https://www.icsc.com/member/profile/634159"
"Grace Lindstrom Merck","Lindstrom & Company","","","","","Georgia","Owner/Developer","https://www.icsc.com/member/profile/783852"
"Katie Littlejohn","Kimco Realty Corporation","","","","","Georgia","Owner/Developer","https://www.icsc.com/member/profile/497009"
"Mason Logue","Watkins Real Estate Group","","","","","Georgia","Owner/Developer","https://www.icsc.com/member/profile/738951"
"Belinda Lombardo","Hendon Properties, LLC","","","","","Georgia","Owner/Developer","https://www.icsc.com/member/profile/393730"
"Stephen Long","Meybohm Commercial Properties, LLC","","","","","Georgia","Owner/Developer","https://www.icsc.com/member/profile/860116"
"Skylar Long","JBS Capital Investments, LLC","","","","","Georgia","Owner/Developer","https://www.icsc.com/member/profile/670062"
"Jason Long","Southeastern","","","","","Georgia","Owner/Developer","https://www.icsc.com/member/profile/300684"
"John Lundeen III","Coro Realty Advisors, LLC","","","","","Georgia","Owner/Developer","https://www.icsc.com/member/profile/107288"
"Russell Malayery CCIM","Capital Growth Buchalter, Inc","","","","","Georgia","Owner/Developer","https://www.icsc.com/member/profile/308894"
"Tyler Martin","Southeastern","","","","","Georgia","Owner/Developer","https://www.icsc.com/member/profile/700522"
"Roy Martin IV, CLS, CRX","Sofran Partners","","","","","Georgia","Owner/Developer","https://www.icsc.com/member/profile/212387"
"Reid Mason","Sullivan Wickley","","","","","Georgia","Owner/Developer","https://www.icsc.com/member/profile/449883"
"Brooke Massey","Jamestown, LP","","","","","Georgia","Owner/Developer","https://www.icsc.com/member/profile/683375"
"Kyle Maxwell","WDG Real Estate Partners","","","","","Georgia","Owner/Developer","https://www.icsc.com/member/profile/831005"
"Rebecca Maynard","Rivercrest Realty Investors","","","","","Georgia","Owner/Developer","https://www.icsc.com/member/profile/678848"
"Mac McCall","Eden Rock Real Estate Partners","","","","","Georgia","Owner/Developer","https://www.icsc.com/member/profile/831038"
"Jake Mccleskey","New Urban Development Corp, LLC","","","","","Georgia","Owner/Developer","https://www.icsc.com/member/profile/782349"
"John McCleskey III","New Urban Development Corp, LLC","","","","","Georgia","Owner/Developer","https://www.icsc.com/member/profile/726236"
"John McCleskey Jr","New Urban Development Corp, LLC","","","","","Georgia","Owner/Developer","https://www.icsc.com/member/profile/191945"
"Robert McCrary","Jordan Trotter Commercial Realty","","","","","Georgia","Owner/Developer","https://www.icsc.com/member/profile/820764"
"Mark McDermott, CSM","Halpern Enterprises, Inc.","","","","","Georgia","Owner/Developer","https://www.icsc.com/member/profile/196145"
"Adam McDowell","Selig Enterprises, Inc.","","","","","Georgia","Owner/Developer","https://www.icsc.com/member/profile/688158"
"Jack McGowan","Sullivan Wickley","","","","","Georgia","Owner/Developer","https://www.icsc.com/member/profile/840088"
"Brian McGowan","CIM Group, Inc.","","","","","Georgia","Owner/Developer","https://www.icsc.com/member/profile/778828"
"Delilah McMahan","McMahan Group, LLC","","","","","Georgia","Owner/Developer","https://www.icsc.com/member/profile/864348"
"Sean McPherson","The Shumacher Group, Inc.","","","","","Georgia","Owner/Developer","https://www.icsc.com/member/profile/783297"
"Neil Meyers","Meyers Brothers Properties","","","","","Georgia","Owner/Developer","https://www.icsc.com/member/profile/110088"
"Max Middleton","Eden Rock Real Estate Partners","","","","","Georgia","Owner/Developer","https://www.icsc.com/member/profile/836510"
"Vincent Mihaliak IV","Westwood Financial","","","","","Georgia","Owner/Developer","https://www.icsc.com/member/profile/688895"
"Stuart Miller","Raley-Miller Properties, Inc.","","","","","Georgia","Owner/Developer","https://www.icsc.com/member/profile/408040"
"Caroline Mimms","Mimms Enterprises","","","","","Georgia","Owner/Developer","https://www.icsc.com/member/profile/796710"
"Robert Mimms","Mimms Enterprises","","","","","Georgia","Owner/Developer","https://www.icsc.com/member/profile/112922"
"David Miniutti","Brixmor Property Group","","","","","Georgia","Owner/Developer","https://www.icsc.com/member/profile/132742"
"Mario Mireles","Trademark Property Company","","","","","Georgia","Owner/Developer","https://www.icsc.com/member/profile/114683"
"Ryan Mitzel","Phillips Edison & Company","","","","","Georgia","Owner/Developer","https://www.icsc.com/member/profile/601245"
"John Moores","Jamestown, LP","","","","","Georgia","Owner/Developer","https://www.icsc.com/member/profile/682809"
"Alexa Moro","PGIM Real Estate","","","","","Georgia","Owner/Developer","https://www.icsc.com/member/profile/782972"
"Frank Mowitz","Southeastern","","","","","Georgia","Owner/Developer","https://www.icsc.com/member/profile/98769"
"Charlie Moye","Meybohm Commercial Properties, LLC","","","","","Georgia","Owner/Developer","https://www.icsc.com/member/profile/843400"
"Max Muenchen","Sullivan Wickley","","","","","Georgia","Owner/Developer","https://www.icsc.com/member/profile/812429"
"Patrick Mulherin","Hull Property Group","","","","","Georgia","Owner/Developer","https://www.icsc.com/member/profile/811081"
"Patrick Muller","Hull Property Group","","","","","Georgia","Owner/Developer","https://www.icsc.com/member/profile/636620"
"Shannon Mullinax","Highland Real Estate Investors","","","","","Georgia","Owner/Developer","https://www.icsc.com/member/profile/298722"
"John Murphy","Sullivan Wickley","","","","","Georgia","Owner/Developer","https://www.icsc.com/member/profile/634833"
"Max Murray","Selig Enterprises, Inc.","","","","","Georgia","Owner/Developer","https://www.icsc.com/member/profile/816743"
"Nicholas Mussatti","Victory Real Estate Investments","","","","","Georgia","Owner/Developer","https://www.icsc.com/member/profile/653694"
"Jarrett Nease","JBS Capital Investments, LLC","","","","","Georgia","Owner/Developer","https://www.icsc.com/member/profile/813108"
"Bret Nesbitt","Retail Planning Corporation","","","","","Georgia","Owner/Developer","https://www.icsc.com/member/profile/657670"
"Dana Newby","Coro Realty Advisors, LLC","","","","","Georgia","Owner/Developer","https://www.icsc.com/member/profile/413798"
"Ellie Newman","PGIM Real Estate","","","","","Georgia","Owner/Developer","https://www.icsc.com/member/profile/775490"
"Ansley Nixon","Coro Realty Advisors, LLC","","","","","Georgia","Owner/Developer","https://www.icsc.com/member/profile/695755"
"Leon Novak","The Trilogy Group, LLC","","","","","Georgia","Owner/Developer","https://www.icsc.com/member/profile/114612"
"Tracy O'Connor","Selig Enterprises, Inc.","","","","","Georgia","Owner/Developer","https://www.icsc.com/member/profile/244556"
"Brad Oppenheimer","Halpern Enterprises, Inc.","","","","","Georgia","Owner/Developer","https://www.icsc.com/member/profile/512430"
"Matthew Oppenheimer","Halpern Enterprises, Inc.","","","","","Georgia","Owner/Developer","https://www.icsc.com/member/profile/489302"
"Carolyn Oppenheimer","Halpern Enterprises, Inc.","","","","","Georgia","Owner/Developer","https://www.icsc.com/member/profile/100447"
"William Owen","Meybohm Commercial Properties, LLC","","","","","Georgia","Owner/Developer","https://www.icsc.com/member/profile/863985"
"Kurt Padavano","First National Realty Partners","","","","","Georgia","Owner/Developer","https://www.icsc.com/member/profile/791532"
"Dimitri Panagopoulos","Westbrook Real Estate, LLC","","","","","Georgia","Owner/Developer","https://www.icsc.com/member/profile/654722"
"Pam Parrish","Southeastern","","","","","Georgia","Owner/Developer","https://www.icsc.com/member/profile/225939"
"Jerry Pascual","Hendon Properties, LLC","","","","","Georgia","Owner/Developer","https://www.icsc.com/member/profile/541265"
"Steven Patrick","Blue Ridge Capital","","","","","Georgia","Owner/Developer","https://www.icsc.com/member/profile/95408"
"Sean Patrick CCIM","Ackerman & Co.","","","","","Georgia","Owner/Developer","https://www.icsc.com/member/profile/259633"
"Angie Penn","SJC Ventures","","","","","Georgia","Owner/Developer","https://www.icsc.com/member/profile/589834"
"Eric Penney","Broad Reach Retail Partners, LLC","","","","","Georgia","Owner/Developer","https://www.icsc.com/member/profile/272653"
"Sam Perlman","Adams & Co. Real Estate Inc.","","","","","Georgia","Owner/Developer","https://www.icsc.com/member/profile/526477"
"John Perlman","Adams & Co. Real Estate Inc.","","","","","Georgia","Owner/Developer","https://www.icsc.com/member/profile/100944"
"Brandy Perone","Brixmor Property Group","","","","","Georgia","Owner/Developer","https://www.icsc.com/member/profile/834533"
"Tim Perry","Jamestown, LP","","","","","Georgia","Owner/Developer","https://www.icsc.com/member/profile/232021"
"Malloy Peterson","Selig Enterprises, Inc.","","","","","Georgia","Owner/Developer","https://www.icsc.com/member/profile/340266"
"Henry Pittman","Halpern Enterprises, Inc.","","","","","Georgia","Owner/Developer","https://www.icsc.com/member/profile/633238"
"Kevin Polston, CLS, CRX","Jamestown, LP","","","","","Georgia","Owner/Developer","https://www.icsc.com/member/profile/126720"
"Ryan Preston","LBX Investments LLC","","","","","Georgia","Owner/Developer","https://www.icsc.com/member/profile/206299"
"Kevin Reavey","Brixmor Property Group","","","","","Georgia","Owner/Developer","https://www.icsc.com/member/profile/352984"
"Ben Reeves","CIM Group, Inc.","","","","","Georgia","Owner/Developer","https://www.icsc.com/member/profile/711724"
"Evan Reiss","Westwood Financial","","","","","Georgia","Owner/Developer","https://www.icsc.com/member/profile/852260"
"Matt Rendle","Selig Enterprises, Inc.","","","","","Georgia","Owner/Developer","https://www.icsc.com/member/profile/537010"
"Jonathan Rice","Ackerman & Co.","","","","","Georgia","Owner/Developer","https://www.icsc.com/member/profile/188038"
"Bene Richardson","Realty Income Corporation","","","","","Georgia","Owner/Developer","https://www.icsc.com/member/profile/805832"
"Jessica Ricks","Retail Property Solutions, LLC","","","","","Georgia","Owner/Developer","https://www.icsc.com/member/profile/778157"
"Vincent Riggio CCIM","Trinity Development Group Inc.","","","","","Georgia","Owner/Developer","https://www.icsc.com/member/profile/184242"
"Philip Rodbell","Selig Enterprises, Inc.","","","","","Georgia","Owner/Developer","https://www.icsc.com/member/profile/367754"
"Matthew Rogers","Meybohm Commercial Properties, LLC","","","","","Georgia","Owner/Developer","https://www.icsc.com/member/profile/688639"
"Jeremy Rosenthall","M. & P. Shopping Centers, Inc.","","","","","Georgia","Owner/Developer","https://www.icsc.com/member/profile/439164"
"Sheri Ross","Jamestown, LP","","","","","Georgia","Owner/Developer","https://www.icsc.com/member/profile/121088"
"Chris Routledge","Westbrook Real Estate, LLC","","","","","Georgia","Owner/Developer","https://www.icsc.com/member/profile/401314"
"Thomas Rowe","SJC Ventures","","","","","Georgia","Owner/Developer","https://www.icsc.com/member/profile/626111"
"Marisa Roy","Ackerman & Co.","","","","","Georgia","Owner/Developer","https://www.icsc.com/member/profile/310580"
"Eric Rubin","The Shumacher Group, Inc.","","","","","Georgia","Owner/Developer","https://www.icsc.com/member/profile/820152"
"Matthew Ryan, CLS","Brixmor Property Group","","","","","Georgia","Owner/Developer","https://www.icsc.com/member/profile/338622"
"Andy Salomon","SREG","","","","","Georgia","Owner/Developer","https://www.icsc.com/member/profile/132729"
"Jan Saperstein","Southeastern Asset Management Group Inc.","","","","","Georgia","Owner/Developer","https://www.icsc.com/member/profile/128823"
"Jarrett Sappington","PGIM Real Estate","","","","","Georgia","Owner/Developer","https://www.icsc.com/member/profile/744432"
"Matt Sasser","Meyers Brothers Properties","","","","","Georgia","Owner/Developer","https://www.icsc.com/member/profile/156547"
"Tommy Saul III","Southeastern","","","","","Georgia","Owner/Developer","https://www.icsc.com/member/profile/273899"
"Adam Schwegman","Jamestown, LP","","","","","Georgia","Owner/Developer","https://www.icsc.com/member/profile/331121"
"Curt Scott","Pursuit Development","","","","","Georgia","Owner/Developer","https://www.icsc.com/member/profile/412342"
"Rhodes Seeger","Southeastern","","","","","Georgia","Owner/Developer","https://www.icsc.com/member/profile/343376"
"Alexandra Selesnick","First National Realty Partners","","","","","Georgia","Owner/Developer","https://www.icsc.com/member/profile/771339"
"Steve Selig","Selig Enterprises, Inc.","","","","","Georgia","Owner/Developer","https://www.icsc.com/member/profile/95128"
"Mindy Selig","Selig Enterprises, Inc.","","","","","Georgia","Owner/Developer","https://www.icsc.com/member/profile/132740"
"Cathy Selig","Selig Enterprises, Inc.","","","","","Georgia","Owner/Developer","https://www.icsc.com/member/profile/102954"
"Chris Senn","Southeastern","","","","","Georgia","Owner/Developer","https://www.icsc.com/member/profile/350407"
"Mark Senn","Southeastern","","","","","Georgia","Owner/Developer","https://www.icsc.com/member/profile/112815"
"Shreen Shaikh","Safeway Group, Inc.","","","","","Georgia","Owner/Developer","https://www.icsc.com/member/profile/814666"
"Rafat Shaikh","Safeway Group, Inc.","","","","","Georgia","Owner/Developer","https://www.icsc.com/member/profile/203355"
"Suzanne Shank","Ackerman & Co.","","","","","Georgia","Owner/Developer","https://www.icsc.com/member/profile/187731"
"Milton Shlapak","Shlapak Development Company","","","","","Georgia","Owner/Developer","https://www.icsc.com/member/profile/108151"
"Steven Silverstein","Velmeir Companies","","","","","Georgia","Owner/Developer","https://www.icsc.com/member/profile/108284"
"Crawford Sites Jr","Fletcher Bright Co.","","","","","Georgia","Owner/Developer","https://www.icsc.com/member/profile/154077"
"Dianne Slotnick, CMD, CRX, CSM","MAA","","","","","Georgia","Owner/Developer","https://www.icsc.com/member/profile/177213"
"Michelle Smart","Centennial","","","","","Georgia","Owner/Developer","https://www.icsc.com/member/profile/839905"
"Spencer Smith","On Point Construction Inc","","","","","Georgia","Owner/Developer","https://www.icsc.com/member/profile/864688"
"Paul Smith","Polias","","","","","Georgia","Owner/Developer","https://www.icsc.com/member/profile/797267"
"James Smith","Halpern Enterprises, Inc.","","","","","Georgia","Owner/Developer","https://www.icsc.com/member/profile/796999"
"Brad Smith","Stern Group","","","","","Georgia","Owner/Developer","https://www.icsc.com/member/profile/501867"
"Martin Solomon","Affinius Capital","","","","","Georgia","Owner/Developer","https://www.icsc.com/member/profile/155062"
"Margaret Staats","Redd Realty Services","","","","","Georgia","Owner/Developer","https://www.icsc.com/member/profile/132627"
"Evan Staley","Hendon Properties, LLC","","","","","Georgia","Owner/Developer","https://www.icsc.com/member/profile/609332"
"Rick Steele","The Steele Group","","","","","Georgia","Owner/Developer","https://www.icsc.com/member/profile/193315"
"Thalonius Stone","Dunphy Properties LLC","","","","","Georgia","Owner/Developer","https://www.icsc.com/member/profile/560189"
"Terry Sullivan","The Trilogy Group, LLC","","","","","Georgia","Owner/Developer","https://www.icsc.com/member/profile/99944"
"Brian Sullivan","Sullivan Wickley","","","","","Georgia","Owner/Developer","https://www.icsc.com/member/profile/275968"
"Brian Sweeting","Meybohm Commercial Properties, LLC","","","","","Georgia","Owner/Developer","https://www.icsc.com/member/profile/787439"
"Bailey Talley","Victory Real Estate Investments","","","","","Georgia","Owner/Developer","https://www.icsc.com/member/profile/811667"
"Steve Tart, CRX, CSM","Genesis Real Estate Advisers, LLC","","","","","Georgia","Owner/Developer","https://www.icsc.com/member/profile/102641"
"Terry Taylor","Mirabeland Investments, Inc","","","","","Georgia","Owner/Developer","https://www.icsc.com/member/profile/483293"
"Kathy Thirolf","The Shumacher Group, Inc.","","","","","Georgia","Owner/Developer","https://www.icsc.com/member/profile/138631"
"Melissa Tijerina","The Shumacher Group, Inc.","","","","","Georgia","Owner/Developer","https://www.icsc.com/member/profile/862049"
"Mark Tiller Jr","Hendon Properties, LLC","","","","","Georgia","Owner/Developer","https://www.icsc.com/member/profile/106646"
"Jordan Titshaw","Phillips Edison & Company","","","","","Georgia","Owner/Developer","https://www.icsc.com/member/profile/716366"
"Mark Toro","Toro Development Company, LLC","","","","","Georgia","Owner/Developer","https://www.icsc.com/member/profile/122899"
"Dennis Trotter","Jordan Trotter Commercial Realty","","","","","Georgia","Owner/Developer","https://www.icsc.com/member/profile/279624"
"Kim Trotter","Retail Planning Corporation","","","","","Georgia","Owner/Developer","https://www.icsc.com/member/profile/239190"
"Chad Tullos","Stafford Properties","","","","","Georgia","Owner/Developer","https://www.icsc.com/member/profile/410086"
"Phong Vo","Victory Real Estate Investments","","","","","Georgia","Owner/Developer","https://www.icsc.com/member/profile/862406"
"Keith Walker","Victory Real Estate Investments","","","","","Georgia","Owner/Developer","https://www.icsc.com/member/profile/642242"
"Allan Waller","Metzler Real Estate","","","","","Georgia","Owner/Developer","https://www.icsc.com/member/profile/804175"
"Jeff Walton","Halpern Enterprises, Inc.","","","","","Georgia","Owner/Developer","https://www.icsc.com/member/profile/719096"
"Barbara Wasko","MAA","","","","","Georgia","Owner/Developer","https://www.icsc.com/member/profile/213552"
"Luke Waters","Sullivan Wickley","","","","","Georgia","Owner/Developer","https://www.icsc.com/member/profile/631766"
"Stephen Waynick","Victory Real Estate Investments","","","","","Georgia","Owner/Developer","https://www.icsc.com/member/profile/584075"
"Bill Weitzenkorn CCIM","Sullivan Wickley","","","","","Georgia","Owner/Developer","https://www.icsc.com/member/profile/363217"
"Steve West","Halpern Enterprises, Inc.","","","","","Georgia","Owner/Developer","https://www.icsc.com/member/profile/117362"
"Brad Westbrook CCIM","Westbrook Real Estate, LLC","","","","","Georgia","Owner/Developer","https://www.icsc.com/member/profile/268319"
"Wyatt Whitaker","Ackerman & Co.","","","","","Georgia","Owner/Developer","https://www.icsc.com/member/profile/728573"
"Lewis White","Hull Property Group","","","","","Georgia","Owner/Developer","https://www.icsc.com/member/profile/519182"
"Rob Whitmire","WDG Real Estate Partners","","","","","Georgia","Owner/Developer","https://www.icsc.com/member/profile/642677"
"Adam Wickley","Sullivan Wickley","","","","","Georgia","Owner/Developer","https://www.icsc.com/member/profile/332416"
"Leo Wiener","Ackerman & Co.","","","","","Georgia","Owner/Developer","https://www.icsc.com/member/profile/226427"
"John Wilcox","Alliance Realty Services","","","","","Georgia","Owner/Developer","https://www.icsc.com/member/profile/222914"
"Reagan Williams","Jamestown, LP","","","","","Georgia","Owner/Developer","https://www.icsc.com/member/profile/802922"
"Erick Wilson","Retail Planning Corporation","","","","","Georgia","Owner/Developer","https://www.icsc.com/member/profile/864498"
"Elizabeth Wilson","Hull Property Group","","","","","Georgia","Owner/Developer","https://www.icsc.com/member/profile/775705"
"Richard Wilson","Hendon Properties, LLC","","","","","Georgia","Owner/Developer","https://www.icsc.com/member/profile/579142"
"Vance Woodcox","Selig Enterprises, Inc.","","","","","Georgia","Owner/Developer","https://www.icsc.com/member/profile/631622"
"Joshua Wulz","Otter Creek Holdings","","","","","Georgia","Owner/Developer","https://www.icsc.com/member/profile/634637"
"Paul Xhajanka","Southeastern","","","","","Georgia","Owner/Developer","https://www.icsc.com/member/profile/151600"
"Daniel Yi","Ackerman & Co.","","","","","Georgia","Owner/Developer","https://www.icsc.com/member/profile/573184"
"Bennett Yort","Hull Property Group","","","","","Georgia","Owner/Developer","https://www.icsc.com/member/profile/783071"
"Robert Zeff","Insignia,LLC","","","","","Georgia","Owner/Developer","https://www.icsc.com/member/profile/649630"
"Cameron Zurbruegg","Hendon Properties, LLC","","","","","Georgia","Owner/Developer","https://www.icsc.com/member/profile/121262"
"Liliana Ballesteros","GGP","","","","","Hawaii","Owner/Developer","https://www.icsc.com/member/profile/727978"
"Lauren Bendiner","James Campbell Company LLC","","","","","Hawaii","Owner/Developer","https://www.icsc.com/member/profile/858475"
"Kauwela Bisquera","Pacific Retail Capital Partners","","","","","Hawaii","Owner/Developer","https://www.icsc.com/member/profile/723485"
"Georgianne Brown","Pacific Retail Capital Partners","","","","","Hawaii","Owner/Developer","https://www.icsc.com/member/profile/785858"
"Michael Cox","The Festival Companies","","","","","Hawaii","Owner/Developer","https://www.icsc.com/member/profile/651401"
"Timothy Fong","Market City Limited","","","","","Hawaii","Owner/Developer","https://www.icsc.com/member/profile/498977"
"Sandra Fong","Market City Limited","","","","","Hawaii","Owner/Developer","https://www.icsc.com/member/profile/105239"
"Francisco Gutierrez","Alexander & Baldwin","","","","","Hawaii","Owner/Developer","https://www.icsc.com/member/profile/507729"
"Nani Hanus","The Festival Companies","","","","","Hawaii","Owner/Developer","https://www.icsc.com/member/profile/331202"
"Marc Higuchi","ValueRock Realty Partners","","","","","Hawaii","Owner/Developer","https://www.icsc.com/member/profile/659668"
"Zoe Huang","The Festival Companies","","","","","Hawaii","Owner/Developer","https://www.icsc.com/member/profile/862960"
"Masato Itoh CCIM","GGP","","","","","Hawaii","Owner/Developer","https://www.icsc.com/member/profile/636311"
"Paul Kay","Hunt Companies","","","","","Hawaii","Owner/Developer","https://www.icsc.com/member/profile/469621"
"Michael Lam","Hunt Companies","","","","","Hawaii","Owner/Developer","https://www.icsc.com/member/profile/761465"
"Clifford Ogata","ValueRock Realty Partners","","","","","Hawaii","Owner/Developer","https://www.icsc.com/member/profile/326402"
"Nikki Senter","James Campbell Company LLC","","","","","Hawaii","Owner/Developer","https://www.icsc.com/member/profile/858422"
"Helene Shenkus","The Festival Companies","","","","","Hawaii","Owner/Developer","https://www.icsc.com/member/profile/104077"
"Elise Sherer","The Festival Companies","","","","","Hawaii","Owner/Developer","https://www.icsc.com/member/profile/850051"
"Roy Uyehara","Teruya Brothers Limited","","","","","Hawaii","Owner/Developer","https://www.icsc.com/member/profile/95634"
"Joy Veeraplin","The Festival Companies","","","","","Hawaii","Owner/Developer","https://www.icsc.com/member/profile/598832"
"Diana Whitt","The Festival Companies","","","","","Hawaii","Owner/Developer","https://www.icsc.com/member/profile/514411"
"Michael Belles","Crossroads North","","","","","Idaho","Owner/Developer","https://www.icsc.com/member/profile/856505"
"Wendy Crawford","Garrison Pacific Properties","","","","","Idaho","Owner/Developer","https://www.icsc.com/member/profile/134565"
"Hugh Crawford, CRX, CSM","CenterCal Properties, LLC","","","","","Idaho","Owner/Developer","https://www.icsc.com/member/profile/109049"
"Jeffrey De Voe","Hawkins Companies","","","","","Idaho","Owner/Developer","https://www.icsc.com/member/profile/259063"
"Ryan Gaston","Barclay Group","","","","","Idaho","Owner/Developer","https://www.icsc.com/member/profile/244631"
"Bronson Grange","Hawkins Companies","","","","","Idaho","Owner/Developer","https://www.icsc.com/member/profile/582210"
"Shaun Greear","Hawkins Companies","","","","","Idaho","Owner/Developer","https://www.icsc.com/member/profile/180431"
"Mindy Gronbeck CPM, CRX, CSM","Hawkins Companies","","","","","Idaho","Owner/Developer","https://www.icsc.com/member/profile/210296"
"Colby Halker","Hawkins Companies","","","","","Idaho","Owner/Developer","https://www.icsc.com/member/profile/182315"
"Steve Hall","Integra CRE","","","","","Idaho","Owner/Developer","https://www.icsc.com/member/profile/831684"
"Scott Harris","First Resort Inc.","","","","","Idaho","Owner/Developer","https://www.icsc.com/member/profile/109713"
"H. Larry Leasure","White-Leasure Development Company","","","","","Idaho","Owner/Developer","https://www.icsc.com/member/profile/96310"
"Brandon Lee","24 Hour Fitness","","","","","Idaho","Owner/Developer","https://www.icsc.com/member/profile/587169"
"Beau Manwaring","Hawkins Companies","","","","","Idaho","Owner/Developer","https://www.icsc.com/member/profile/537185"
"Morgan Randis","Barclay Group","","","","","Idaho","Owner/Developer","https://www.icsc.com/member/profile/575386"
"Daniel Sabala","Hawkins Companies","","","","","Idaho","Owner/Developer","https://www.icsc.com/member/profile/842077"
"Matt Schirmer","D. D. Dunlap Companies, Inc","","","","","Idaho","Owner/Developer","https://www.icsc.com/member/profile/592821"
"Paul Stephens","Hawkins Companies","","","","","Idaho","Owner/Developer","https://www.icsc.com/member/profile/257489"
"Christian Taylor","Ball Ventures, LLC","","","","","Idaho","Owner/Developer","https://www.icsc.com/member/profile/487076"
"Mike Thomas","White-Leasure Development Company","","","","","Idaho","Owner/Developer","https://www.icsc.com/member/profile/856539"
"Mitchell Trost","Ball Ventures, LLC","","","","","Idaho","Owner/Developer","https://www.icsc.com/member/profile/757639"
"Jim Valle","Parkwood Business Properties","","","","","Idaho","Owner/Developer","https://www.icsc.com/member/profile/479355"
"Jason White","White-Leasure Development Company","","","","","Idaho","Owner/Developer","https://www.icsc.com/member/profile/295969"
"Louay Aani","AGC development","","","","","Illinois","Owner/Developer","https://www.icsc.com/member/profile/854786"
"Ann Ackerman, CMD","Horizon Group Properties, Inc.","","","","","Illinois","Owner/Developer","https://www.icsc.com/member/profile/169642"
"Ali Alani","AGC development","","","","","Illinois","Owner/Developer","https://www.icsc.com/member/profile/854812"
"Shaunti Althoff","Matanky Realty Group","","","","","Illinois","Owner/Developer","https://www.icsc.com/member/profile/860054"
"Jeffrey Angres","Transformco Properties","","","","","Illinois","Owner/Developer","https://www.icsc.com/member/profile/811246"
"Samuel Ankin","Northpond Partners, LLC","","","","","Illinois","Owner/Developer","https://www.icsc.com/member/profile/312954"
"Bob Aranyi","De Novo Development","","","","","Illinois","Owner/Developer","https://www.icsc.com/member/profile/380945"
"Susan Arriaza","Miller Capital Advisory, Inc.","","","","","Illinois","Owner/Developer","https://www.icsc.com/member/profile/757323"
"Georgios Avramides","Kite Realty Group","","","","","Illinois","Owner/Developer","https://www.icsc.com/member/profile/865617"
"Logan Barnett","GMX Real Estate Group, LLC","","","","","Illinois","Owner/Developer","https://www.icsc.com/member/profile/854265"
"Troy Bates","Matanky Realty Group","","","","","Illinois","Owner/Developer","https://www.icsc.com/member/profile/797475"
"Connie Becker","BUCKSBAUM PROPERTIES","","","","","Illinois","Owner/Developer","https://www.icsc.com/member/profile/289241"
"Michael Ben-Isvy","GGP","","","","","Illinois","Owner/Developer","https://www.icsc.com/member/profile/683398"
"Jason Benline","WMG Development, LLC","","","","","Illinois","Owner/Developer","https://www.icsc.com/member/profile/605504"
"Todd Berlinghof","Hamilton Partners","","","","","Illinois","Owner/Developer","https://www.icsc.com/member/profile/110786"
"Alex Berman","Greenwood Global, Inc.","","","","","Illinois","Owner/Developer","https://www.icsc.com/member/profile/648865"
"Max Bernhardt","Hyperfuel","","","","","Illinois","Owner/Developer","https://www.icsc.com/member/profile/860914"
"Thomas Bernier","BUCKSBAUM PROPERTIES","","","","","Illinois","Owner/Developer","https://www.icsc.com/member/profile/175225"
"Matthew Beverly","Transformco Properties","","","","","Illinois","Owner/Developer","https://www.icsc.com/member/profile/592847"
"Sarah Bielski","InvenTrust Properties Corp.","","","","","Illinois","Owner/Developer","https://www.icsc.com/member/profile/632128"
"Gregory Blade","Matanky Realty Group","","","","","Illinois","Owner/Developer","https://www.icsc.com/member/profile/749001"
"Marc Blum","Next Realty, LLC","","","","","Illinois","Owner/Developer","https://www.icsc.com/member/profile/181796"
"Stan Bobowski Jr.","GMX Real Estate Group, LLC","","","","","Illinois","Owner/Developer","https://www.icsc.com/member/profile/826550"
"Joseph Bochenski","Location Finders International, Inc.","","","","","Illinois","Owner/Developer","https://www.icsc.com/member/profile/198488"
"Dawn Bogdanski","Pacific Retail Capital Partners","","","","","Illinois","Owner/Developer","https://www.icsc.com/member/profile/610785"
"Doruk Borekci","Borekci Real Estate","","","","","Illinois","Owner/Developer","https://www.icsc.com/member/profile/317931"
"Kathleen Brill","Cullinan Properties","","","","","Illinois","Owner/Developer","https://www.icsc.com/member/profile/363598"
"Taylor Brown","Northpond Partners, LLC","","","","","Illinois","Owner/Developer","https://www.icsc.com/member/profile/579270"
"Jay Brown","Jaylon, Inc.","","","","","Illinois","Owner/Developer","https://www.icsc.com/member/profile/102357"
"Corey Bruce","North American Real Estate","","","","","Illinois","Owner/Developer","https://www.icsc.com/member/profile/562401"
"John Bucksbaum, CRX, CSM","BUCKSBAUM PROPERTIES","","","","","Illinois","Owner/Developer","https://www.icsc.com/member/profile/97249"
"Max Bulbin","MSB Real Holdings LLC","","","","","Illinois","Owner/Developer","https://www.icsc.com/member/profile/518790"
"Robert Burk II","Urban Street Group","","","","","Illinois","Owner/Developer","https://www.icsc.com/member/profile/841164"
"Julia Burnham","Terraco, Inc.","","","","","Illinois","Owner/Developer","https://www.icsc.com/member/profile/436778"
"Michael Burns","Torburn Partners","","","","","Illinois","Owner/Developer","https://www.icsc.com/member/profile/789753"
"Daniel Busch","InvenTrust Properties Corp.","","","","","Illinois","Owner/Developer","https://www.icsc.com/member/profile/529889"
"Niall Byrne, CRX","Inland Real Estate Group of Companies, Inc., The","","","","","Illinois","Owner/Developer","https://www.icsc.com/member/profile/343619"
"Paul Cabral","Bridge33 Capital","","","","","Illinois","Owner/Developer","https://www.icsc.com/member/profile/727465"
"Patrick Cairns","Starwood Retail Partners","","","","","Illinois","Owner/Developer","https://www.icsc.com/member/profile/257203"
"Julie Cameron","M & J Wilkow, Ltd.","","","","","Illinois","Owner/Developer","https://www.icsc.com/member/profile/794837"
"John Carlson","LaSalle Investment Management","","","","","Illinois","Owner/Developer","https://www.icsc.com/member/profile/732406"
"Scott Carr, CLS, CRX, CSM","Transformco Properties","","","","","Illinois","Owner/Developer","https://www.icsc.com/member/profile/163214"
"Gina Caruso","The Lord Companies, L.L.C","","","","","Illinois","Owner/Developer","https://www.icsc.com/member/profile/155721"
"Anthony Casaccio","Inland Real Estate Group of Companies, Inc., The","","","","","Illinois","Owner/Developer","https://www.icsc.com/member/profile/314182"
"Anthony Chereso","Inland Real Estate Group of Companies, Inc., The","","","","","Illinois","Owner/Developer","https://www.icsc.com/member/profile/802646"
"Rick Claes","Bluestone Single Tenant Properties, LLC","","","","","Illinois","Owner/Developer","https://www.icsc.com/member/profile/205018"
"Thomas Cleary","GMX Real Estate Group, LLC","","","","","Illinois","Owner/Developer","https://www.icsc.com/member/profile/575895"
"Kevin Clifton","Torburn Partners","","","","","Illinois","Owner/Developer","https://www.icsc.com/member/profile/802637"
"Les Cohen","Cohen Development Company","","","","","Illinois","Owner/Developer","https://www.icsc.com/member/profile/98307"
"Thomas Connolly","Blackbird Real Estate","","","","","Illinois","Owner/Developer","https://www.icsc.com/member/profile/95976"
"David Cordova","Matanky Realty Group","","","","","Illinois","Owner/Developer","https://www.icsc.com/member/profile/792660"
"Christopher Covey","Peaceable Street Capital","","","","","Illinois","Owner/Developer","https://www.icsc.com/member/profile/230892"
"Terri Jo Cox","Matanky Realty Group","","","","","Illinois","Owner/Developer","https://www.icsc.com/member/profile/172425"
"Kenneth Crane","PLS Realty","","","","","Illinois","Owner/Developer","https://www.icsc.com/member/profile/282522"
"Adam Cristelli","PGIM Real Estate","","","","","Illinois","Owner/Developer","https://www.icsc.com/member/profile/429129"
"Brennen Croy","WMG Development, LLC","","","","","Illinois","Owner/Developer","https://www.icsc.com/member/profile/791457"
"Diane Cullinan Oberhelman","Cullinan Properties","","","","","Illinois","Owner/Developer","https://www.icsc.com/member/profile/246070"
"Christy David","InvenTrust Properties Corp.","","","","","Illinois","Owner/Developer","https://www.icsc.com/member/profile/700750"
"Joe David","Transformco Properties","","","","","Illinois","Owner/Developer","https://www.icsc.com/member/profile/611045"
"William Davis","Pine Tree","","","","","Illinois","Owner/Developer","https://www.icsc.com/member/profile/767437"
"Trent Deighan","GMX Real Estate Group, LLC","","","","","Illinois","Owner/Developer","https://www.icsc.com/member/profile/771491"
"Peter Dellaportas","First National Development, Ltd.","","","","","Illinois","Owner/Developer","https://www.icsc.com/member/profile/91525"
"Jack Dempsey","Location Finders International, Inc.","","","","","Illinois","Owner/Developer","https://www.icsc.com/member/profile/806923"
"Kenneth Diana Jr.","GK Development Inc.","","","","","Illinois","Owner/Developer","https://www.icsc.com/member/profile/747618"
"Haley Dickerson","Matanky Realty Group","","","","","Illinois","Owner/Developer","https://www.icsc.com/member/profile/822478"
"Richard Dippolito","Brixmor Property Group","","","","","Illinois","Owner/Developer","https://www.icsc.com/member/profile/144559"
"John Dolan","Dolan & Murphy Inc.","","","","","Illinois","Owner/Developer","https://www.icsc.com/member/profile/583062"
"Brian Dolan CCIM","Dolan & Murphy Inc.","","","","","Illinois","Owner/Developer","https://www.icsc.com/member/profile/225753"
"Richard Dube","Tri-Land Properties, Inc.","","","","","Illinois","Owner/Developer","https://www.icsc.com/member/profile/95751"
"Rob Duncan","CenterCore Properties, LLC","","","","","Illinois","Owner/Developer","https://www.icsc.com/member/profile/653185"
"Robert Duncan","CenterCore Properties, LLC","","","","","Illinois","Owner/Developer","https://www.icsc.com/member/profile/342272"
"Connie Dyer","M & J Wilkow, Ltd.","","","","","Illinois","Owner/Developer","https://www.icsc.com/member/profile/119689"
"James Eck","Kensington Development Partners","","","","","Illinois","Owner/Developer","https://www.icsc.com/member/profile/103213"
"Karen Elkin","Abbell Associates","","","","","Illinois","Owner/Developer","https://www.icsc.com/member/profile/156607"
"Chris Ellsworth","Pine Tree","","","","","Illinois","Owner/Developer","https://www.icsc.com/member/profile/772375"
"Dylan Er","North American Real Estate","","","","","Illinois","Owner/Developer","https://www.icsc.com/member/profile/797428"
"Savas Er","North American Real Estate","","","","","Illinois","Owner/Developer","https://www.icsc.com/member/profile/259566"
"Alan Erickson","Location Finders International, Inc.","","","","","Illinois","Owner/Developer","https://www.icsc.com/member/profile/370935"
"Hesham Ezeldin","GGP","","","","","Illinois","Owner/Developer","https://www.icsc.com/member/profile/756008"
"Jason Fedak","WMG Development, LLC","","","","","Illinois","Owner/Developer","https://www.icsc.com/member/profile/800213"
"Richard Filler","The Harlem Irving Companies, Inc.","","","","","Illinois","Owner/Developer","https://www.icsc.com/member/profile/119130"
"Scott Fitzgerald","Tri-Land Properties, Inc.","","","","","Illinois","Owner/Developer","https://www.icsc.com/member/profile/369329"
"Greg Fix","The Harlem Irving Companies, Inc.","","","","","Illinois","Owner/Developer","https://www.icsc.com/member/profile/313437"
"Vincent Forgione","The Harlem Irving Companies, Inc.","","","","","Illinois","Owner/Developer","https://www.icsc.com/member/profile/623205"
"Sam Frazen","The Lord Companies, L.L.C","","","","","Illinois","Owner/Developer","https://www.icsc.com/member/profile/855610"
"Tyler Frerichs","WMG Development, LLC","","","","","Illinois","Owner/Developer","https://www.icsc.com/member/profile/638224"
"Meagan Froehlich","InvenTrust Properties Corp.","","","","","Illinois","Owner/Developer","https://www.icsc.com/member/profile/515448"
"Curtis Frost","WMG Development, LLC","","","","","Illinois","Owner/Developer","https://www.icsc.com/member/profile/541614"
"Aaron Gadiel","Edwards Realty Co.","","","","","Illinois","Owner/Developer","https://www.icsc.com/member/profile/737735"
"Kevin Gallagher","L3 Capital LLC","","","","","Illinois","Owner/Developer","https://www.icsc.com/member/profile/520209"
"Kevin Gazley","Terraco, Inc.","","","","","Illinois","Owner/Developer","https://www.icsc.com/member/profile/156368"
"Ed Gebauer","InSite Real Estate, LLC","","","","","Illinois","Owner/Developer","https://www.icsc.com/member/profile/756800"
"Grant Geisler","Inland Real Estate Group of Companies, Inc., The","","","","","Illinois","Owner/Developer","https://www.icsc.com/member/profile/709394"
"Benjamin Gelb","Walton Street Capital, LLC","","","","","Illinois","Owner/Developer","https://www.icsc.com/member/profile/851590"
"Sam Gendell","Terraco, Inc.","","","","","Illinois","Owner/Developer","https://www.icsc.com/member/profile/778567"
"Colleen Gigot","The Harlem Irving Companies, Inc.","","","","","Illinois","Owner/Developer","https://www.icsc.com/member/profile/194275"
"Anthony Giuffre","Pine Tree","","","","","Illinois","Owner/Developer","https://www.icsc.com/member/profile/834028"
"Michael Golden","Vantage Airport Group","","","","","Illinois","Owner/Developer","https://www.icsc.com/member/profile/347547"
"Joe Goodman","Terraco, Inc.","","","","","Illinois","Owner/Developer","https://www.icsc.com/member/profile/200958"
"Andrew Goodman","GMX Real Estate Group, LLC","","","","","Illinois","Owner/Developer","https://www.icsc.com/member/profile/144435"
"Rimas Grabliauskas","Location Finders International, Inc.","","","","","Illinois","Owner/Developer","https://www.icsc.com/member/profile/784292"
"Garrett Greeby, CDP, CRX","The Greeby Companies, Inc.","","","","","Illinois","Owner/Developer","https://www.icsc.com/member/profile/307668"
"Rick Greenbury","Tabani Group, Inc.","","","","","Illinois","Owner/Developer","https://www.icsc.com/member/profile/831470"
"Chris Gunn","InSite Real Estate, LLC","","","","","Illinois","Owner/Developer","https://www.icsc.com/member/profile/726302"
"Christopher Hafner","Inland Real Estate Group of Companies, Inc., The","","","","","Illinois","Owner/Developer","https://www.icsc.com/member/profile/235038"
"Jonathan Hanus","National Shopping Plazas Inc.","","","","","Illinois","Owner/Developer","https://www.icsc.com/member/profile/281327"
"George Hanus","National Shopping Plazas Inc.","","","","","Illinois","Owner/Developer","https://www.icsc.com/member/profile/107849"
"Trevor Hardenbrook","InSite Real Estate, LLC","","","","","Illinois","Owner/Developer","https://www.icsc.com/member/profile/691429"
"John Harder","Acadia Realty Trust","","","","","Illinois","Owner/Developer","https://www.icsc.com/member/profile/835900"
"Derek Hassan","Edwards Realty Co.","","","","","Illinois","Owner/Developer","https://www.icsc.com/member/profile/641909"
"Ramzi Hassan","Edwards Realty Co.","","","","","Illinois","Owner/Developer","https://www.icsc.com/member/profile/314166"
"Linda Hattar","DL3 Realty, LP","","","","","Illinois","Owner/Developer","https://www.icsc.com/member/profile/828965"
"David Heimberger","InvenTrust Properties Corp.","","","","","Illinois","Owner/Developer","https://www.icsc.com/member/profile/567291"
"Jeanne Heller","The Feil Organization","","","","","Illinois","Owner/Developer","https://www.icsc.com/member/profile/609571"
"Sam Hergott","Newcastle Investors","","","","","Illinois","Owner/Developer","https://www.icsc.com/member/profile/315826"
"Todd Hiepler","Centennial Real Estate","","","","","Illinois","Owner/Developer","https://www.icsc.com/member/profile/280355"
"Brennan Hitpas","Newcastle Investors","","","","","Illinois","Owner/Developer","https://www.icsc.com/member/profile/369762"
"Andrew Hochberg","Next Realty, LLC","","","","","Illinois","Owner/Developer","https://www.icsc.com/member/profile/105828"
"Scott Hoene","WMG Development, LLC","","","","","Illinois","Owner/Developer","https://www.icsc.com/member/profile/717502"
"Chad Holland","CR Holland, LLC","","","","","Illinois","Owner/Developer","https://www.icsc.com/member/profile/389232"
"Liz Holland","Abbell Associates","","","","","Illinois","Owner/Developer","https://www.icsc.com/member/profile/196522"
"Thomas Hornacek","GGP","","","","","Illinois","Owner/Developer","https://www.icsc.com/member/profile/114949"
"Michael Horne","Newcastle Properties","","","","","Illinois","Owner/Developer","https://www.icsc.com/member/profile/105496"
"Alyssa Houska","Cullinan Properties","","","","","Illinois","Owner/Developer","https://www.icsc.com/member/profile/674566"
"Scott Inbinder","Bonnie Management Corporation","","","","","Illinois","Owner/Developer","https://www.icsc.com/member/profile/278899"
"Heather Jablonski","InvenTrust Properties Corp.","","","","","Illinois","Owner/Developer","https://www.icsc.com/member/profile/378129"
"Lisa Jackson","InSite Real Estate, LLC","","","","","Illinois","Owner/Developer","https://www.icsc.com/member/profile/794770"
"Amelia Jacoby","Baceline Group","","","","","Illinois","Owner/Developer","https://www.icsc.com/member/profile/850953"
"Kristy Johns","Cullinan Properties","","","","","Illinois","Owner/Developer","https://www.icsc.com/member/profile/846156"
"Heather Johnson","Tri-Land Properties, Inc.","","","","","Illinois","Owner/Developer","https://www.icsc.com/member/profile/853359"
"R.J. Johnson","Tri-Land Properties, Inc.","","","","","Illinois","Owner/Developer","https://www.icsc.com/member/profile/663552"
"Matt Johnson","Brixmor Property Group","","","","","Illinois","Owner/Developer","https://www.icsc.com/member/profile/344107"
"Dawn Jones","InSite Real Estate, LLC","","","","","Illinois","Owner/Developer","https://www.icsc.com/member/profile/746022"
"Brad Joseph","D. Joseph Sons & Assoc. Real Estate Co.","","","","","Illinois","Owner/Developer","https://www.icsc.com/member/profile/301232"
"David Joss","InvenTrust Properties Corp.","","","","","Illinois","Owner/Developer","https://www.icsc.com/member/profile/243409"
"Stephanie Karpinski","Inland Real Estate Group of Companies, Inc., The","","","","","Illinois","Owner/Developer","https://www.icsc.com/member/profile/415389"
"Brett Katz","Aries Real Estate, LLC","","","","","Illinois","Owner/Developer","https://www.icsc.com/member/profile/365718"
"Adam Keldermans","Torburn Partners","","","","","Illinois","Owner/Developer","https://www.icsc.com/member/profile/789773"
"Joshua Kellerman","Vornado Realty Trust","","","","","Illinois","Owner/Developer","https://www.icsc.com/member/profile/825005"
"Geoffrey Kerth","GPK Acquisitions LLC","","","","","Illinois","Owner/Developer","https://www.icsc.com/member/profile/117984"
"Sameer Khan","Core Acquisitions, LLC","","","","","Illinois","Owner/Developer","https://www.icsc.com/member/profile/796650"
"Garo Kholamian","GK Development Inc.","","","","","Illinois","Owner/Developer","https://www.icsc.com/member/profile/113404"
"Luke Kim, CLS","GGP","","","","","Illinois","Owner/Developer","https://www.icsc.com/member/profile/522332"
"Billy King","Location Finders International, Inc.","","","","","Illinois","Owner/Developer","https://www.icsc.com/member/profile/849935"
"Julia Klairmont","Imperial Realty Company","","","","","Illinois","Owner/Developer","https://www.icsc.com/member/profile/586551"
"Alfred Klairmont","Imperial Realty Company","","","","","Illinois","Owner/Developer","https://www.icsc.com/member/profile/267387"
"Michael Kolodny","Hallmark & Johnson Property Mgmt. Ltd.","","","","","Illinois","Owner/Developer","https://www.icsc.com/member/profile/100919"
"Nicholas Koshiw","LaSalle Investment Management","","","","","Illinois","Owner/Developer","https://www.icsc.com/member/profile/574397"
"Elizabeth Kostelny","InSite Real Estate, LLC","","","","","Illinois","Owner/Developer","https://www.icsc.com/member/profile/739807"
"Tom Kostelny","InSite Real Estate, LLC","","","","","Illinois","Owner/Developer","https://www.icsc.com/member/profile/556746"
"Gerald Kostelny","InSite Real Estate, LLC","","","","","Illinois","Owner/Developer","https://www.icsc.com/member/profile/154243"
"Carolyn Kostelny","InSite Real Estate, LLC","","","","","Illinois","Owner/Developer","https://www.icsc.com/member/profile/110303"
"Mark Kostic","GGP","","","","","Illinois","Owner/Developer","https://www.icsc.com/member/profile/564957"
"Steven Kramer","United Equities Corporation","","","","","Illinois","Owner/Developer","https://www.icsc.com/member/profile/546327"
"Jennifer Kroog Rosenberg","Perform Properties","","","","","Illinois","Owner/Developer","https://www.icsc.com/member/profile/854374"
"Erik Kunz","Location Finders International, Inc.","","","","","Illinois","Owner/Developer","https://www.icsc.com/member/profile/824062"
"JR Kyes","InSite Real Estate, LLC","","","","","Illinois","Owner/Developer","https://www.icsc.com/member/profile/416119"
"Domenic Lanni","L3 Capital LLC","","","","","Illinois","Owner/Developer","https://www.icsc.com/member/profile/488069"
"Jake Lasky","Bonnie Management Corporation","","","","","Illinois","Owner/Developer","https://www.icsc.com/member/profile/605453"
"Scottie Lee","WPG","","","","","Illinois","Owner/Developer","https://www.icsc.com/member/profile/390567"
"Alex Legreid","GGP","","","","","Illinois","Owner/Developer","https://www.icsc.com/member/profile/774051"
"Kirstey Lein","Northpond Partners, LLC","","","","","Illinois","Owner/Developer","https://www.icsc.com/member/profile/785847"
"Zachary Levi","Kite Realty Group","","","","","Illinois","Owner/Developer","https://www.icsc.com/member/profile/854845"
"Jesse Levine","Verde Communities LLC","","","","","Illinois","Owner/Developer","https://www.icsc.com/member/profile/839531"
"Dori Levy","Redstone Investments","","","","","Illinois","Owner/Developer","https://www.icsc.com/member/profile/810665"
"Glenn Lindholm","The Feil Organization","","","","","Illinois","Owner/Developer","https://www.icsc.com/member/profile/828588"
"Wojtek Lisiewicz","InSite Real Estate, LLC","","","","","Illinois","Owner/Developer","https://www.icsc.com/member/profile/757270"
"Thomas Lithgow","Inland Real Estate Group of Companies, Inc., The","","","","","Illinois","Owner/Developer","https://www.icsc.com/member/profile/301175"
"Matthew Loarie","Shorewood Development Group","","","","","Illinois","Owner/Developer","https://www.icsc.com/member/profile/803159"
"Nancy Lorenz","Brixmor Property Group","","","","","Illinois","Owner/Developer","https://www.icsc.com/member/profile/834317"
"Mike Lubinski","Inland Real Estate Group of Companies, Inc., The","","","","","Illinois","Owner/Developer","https://www.icsc.com/member/profile/635778"
"Thomas Lusk","Xsite Real Estate, Inc.","","","","","Illinois","Owner/Developer","https://www.icsc.com/member/profile/695004"
"Marco Macali","Northpond Partners, LLC","","","","","Illinois","Owner/Developer","https://www.icsc.com/member/profile/813455"
"Michael Mallon, CLS, CRX, CSM","Mallon and Associates, Inc.","","","","","Illinois","Owner/Developer","https://www.icsc.com/member/profile/91140"
"Michael Marchese","The Harlem Irving Companies, Inc.","","","","","Illinois","Owner/Developer","https://www.icsc.com/member/profile/92141"
"Giovanna Marchese","The Harlem Irving Companies, Inc.","","","","","Illinois","Owner/Developer","https://www.icsc.com/member/profile/812213"
"Charles Margosian III","Highland Management Associates, Inc.","","","","","Illinois","Owner/Developer","https://www.icsc.com/member/profile/181953"
"Charles Margosian","Highland Management Associates, Inc.","","","","","Illinois","Owner/Developer","https://www.icsc.com/member/profile/122770"
"Wayne Marks","The Harlem Irving Companies, Inc.","","","","","Illinois","Owner/Developer","https://www.icsc.com/member/profile/200016"
"Kristen Martin","Newcastle Investors","","","","","Illinois","Owner/Developer","https://www.icsc.com/member/profile/477633"
"Landis Mast","GK Development Inc.","","","","","Illinois","Owner/Developer","https://www.icsc.com/member/profile/776380"
"Sherry Mast","GK Development Inc.","","","","","Illinois","Owner/Developer","https://www.icsc.com/member/profile/196059"
"Yitzi Matanky","Matanky Realty Group","","","","","Illinois","Owner/Developer","https://www.icsc.com/member/profile/824743"
"James Matanky, CDP, CLS, CMD, CRRP, CRX, CSM","Matanky Realty Group","","","","","Illinois","Owner/Developer","https://www.icsc.com/member/profile/172424"
"Theron May","Imperial Realty Company","","","","","Illinois","Owner/Developer","https://www.icsc.com/member/profile/415469"
"Laura Maziejka","Acadia Realty Trust","","","","","Illinois","Owner/Developer","https://www.icsc.com/member/profile/795908"
"Mark McEwen","Macerich","","","","","Illinois","Owner/Developer","https://www.icsc.com/member/profile/410046"
"Toni McIntosh","Vornado Realty Trust","","","","","Illinois","Owner/Developer","https://www.icsc.com/member/profile/598991"
"Blake McKay","WMG Development, LLC","","","","","Illinois","Owner/Developer","https://www.icsc.com/member/profile/857826"
"Kyle McKechnie","AneVista Group","","","","","Illinois","Owner/Developer","https://www.icsc.com/member/profile/722432"
"Chris Mergenthaler","DarwinPW Realty","","","","","Illinois","Owner/Developer","https://www.icsc.com/member/profile/806583"
"Anne Militante","The Harlem Irving Companies, Inc.","","","","","Illinois","Owner/Developer","https://www.icsc.com/member/profile/546932"
"Christopher Milkie","GGP","","","","","Illinois","Owner/Developer","https://www.icsc.com/member/profile/494874"
"Jack Moeller","Northpond Partners, LLC","","","","","Illinois","Owner/Developer","https://www.icsc.com/member/profile/858751"
"Robert Moor","Moor + South","","","","","Illinois","Owner/Developer","https://www.icsc.com/member/profile/94000"
"Rose Morgan","L3 Capital LLC","","","","","Illinois","Owner/Developer","https://www.icsc.com/member/profile/728821"
"Tanner Morrison","Kite Realty Group","","","","","Illinois","Owner/Developer","https://www.icsc.com/member/profile/818444"
"James Murray","Murray Properties, Inc.","","","","","Illinois","Owner/Developer","https://www.icsc.com/member/profile/768870"
"Michael Nachtsheim","Northpond Partners, LLC","","","","","Illinois","Owner/Developer","https://www.icsc.com/member/profile/858741"
"Grant Nagle","GGP","","","","","Illinois","Owner/Developer","https://www.icsc.com/member/profile/844058"
"Navin Nagrani","CMG Companies","","","","","Illinois","Owner/Developer","https://www.icsc.com/member/profile/854297"
"Christopher Naveja","Kite Realty Group","","","","","Illinois","Owner/Developer","https://www.icsc.com/member/profile/832982"
"Scott Nicholson","InSite Real Estate, LLC","","","","","Illinois","Owner/Developer","https://www.icsc.com/member/profile/145310"
"Kevin Nieland","InSite Real Estate, LLC","","","","","Illinois","Owner/Developer","https://www.icsc.com/member/profile/792831"
"Garrett Niemerg","WMG Development, LLC","","","","","Illinois","Owner/Developer","https://www.icsc.com/member/profile/717162"
"Brandon Nieves","Matanky Realty Group","","","","","Illinois","Owner/Developer","https://www.icsc.com/member/profile/789691"
"Joe Nolan","InSite Real Estate, LLC","","","","","Illinois","Owner/Developer","https://www.icsc.com/member/profile/771490"
"George Novogroder","Novogroder Co., Inc.","","","","","Illinois","Owner/Developer","https://www.icsc.com/member/profile/221784"
"Marc Offit","Segovia Partners","","","","","Illinois","Owner/Developer","https://www.icsc.com/member/profile/192919"
"Eric Okleshen","Cullinan Properties","","","","","Illinois","Owner/Developer","https://www.icsc.com/member/profile/782503"
"Jason Olt","BUCKSBAUM PROPERTIES","","","","","Illinois","Owner/Developer","https://www.icsc.com/member/profile/537465"
"Gregory Orput","Orput Companies","","","","","Illinois","Owner/Developer","https://www.icsc.com/member/profile/376397"
"Erin Orr","InvenTrust Properties Corp.","","","","","Illinois","Owner/Developer","https://www.icsc.com/member/profile/593953"
"Michael Oswald","@properties","","","","","Illinois","Owner/Developer","https://www.icsc.com/member/profile/562946"
"Gary Pachucki","IBT Group LLC","","","","","Illinois","Owner/Developer","https://www.icsc.com/member/profile/128927"
"Nikkirae Padilla","GGP","","","","","Illinois","Owner/Developer","https://www.icsc.com/member/profile/825025"
"Caroline Pajaczek","The Harlem Irving Companies, Inc.","","","","","Illinois","Owner/Developer","https://www.icsc.com/member/profile/652998"
"Dean Papadakis","Kite Realty Group","","","","","Illinois","Owner/Developer","https://www.icsc.com/member/profile/832773"
"Joseph Pascolla","JTS Architects","","","","","Illinois","Owner/Developer","https://www.icsc.com/member/profile/699530"
"Kalpesh Patel","Terraco, Inc.","","","","","Illinois","Owner/Developer","https://www.icsc.com/member/profile/779203"
"William Paul","Xsite Real Estate, Inc.","","","","","Illinois","Owner/Developer","https://www.icsc.com/member/profile/99176"
"Thomas Paul","Xsite Real Estate, Inc.","","","","","Illinois","Owner/Developer","https://www.icsc.com/member/profile/765707"
"Brett Paul","Xsite Real Estate, Inc.","","","","","Illinois","Owner/Developer","https://www.icsc.com/member/profile/391073"
"William Pawlowski","Transformco Properties","","","","","Illinois","Owner/Developer","https://www.icsc.com/member/profile/860759"
"Markian Pawluk","InvenTrust Properties Corp.","","","","","Illinois","Owner/Developer","https://www.icsc.com/member/profile/728668"
"Allan Perales","Goldstreet Partners","","","","","Illinois","Owner/Developer","https://www.icsc.com/member/profile/703010"
"Luke Petherbridge","Link Logistics Real Estate","","","","","Illinois","Owner/Developer","https://www.icsc.com/member/profile/533516"
"Tim Phair","L3 Capital LLC","","","","","Illinois","Owner/Developer","https://www.icsc.com/member/profile/343449"
"Mike Phillips","InvenTrust Properties Corp.","","","","","Illinois","Owner/Developer","https://www.icsc.com/member/profile/662807"
"Ronald Pollastrini","Bonnie Management Corporation","","","","","Illinois","Owner/Developer","https://www.icsc.com/member/profile/346766"
"Will Pridmore","Kite Realty Group","","","","","Illinois","Owner/Developer","https://www.icsc.com/member/profile/632135"
"Bharat Puri","First Midwest Group","","","","","Illinois","Owner/Developer","https://www.icsc.com/member/profile/182878"
"Thomas Randall, CRRP, CRX, CSM","The Harlem Irving Companies, Inc.","","","","","Illinois","Owner/Developer","https://www.icsc.com/member/profile/253506"
"Kristina Raymond","InvenTrust Properties Corp.","","","","","Illinois","Owner/Developer","https://www.icsc.com/member/profile/857876"
"Lynae Reissenweber CPM, CRX, CSM","M & J Wilkow, Ltd.","","","","","Illinois","Owner/Developer","https://www.icsc.com/member/profile/241638"
"Art Rendak","Inland Real Estate Group of Companies, Inc., The","","","","","Illinois","Owner/Developer","https://www.icsc.com/member/profile/183788"
"Lyneir Richardson","Chicago TREND","","","","","Illinois","Owner/Developer","https://www.icsc.com/member/profile/300166"
"Laura Rizzo","InvenTrust Properties Corp.","","","","","Illinois","Owner/Developer","https://www.icsc.com/member/profile/766874"
"Whitney Robinette","L3 Capital LLC","","","","","Illinois","Owner/Developer","https://www.icsc.com/member/profile/644839"
"Brian Ross","Starwood Retail Partners","","","","","Illinois","Owner/Developer","https://www.icsc.com/member/profile/363068"
"Michael Rossi","Rossi Real Estate Corp","","","","","Illinois","Owner/Developer","https://www.icsc.com/member/profile/367270"
"Carlo Rossi Jr","Rossi Real Estate Corp","","","","","Illinois","Owner/Developer","https://www.icsc.com/member/profile/305557"
"Mara Russiaky, CRRP","The Harlem Irving Companies, Inc.","","","","","Illinois","Owner/Developer","https://www.icsc.com/member/profile/436361"
"Biff Ruttenberg, CLS, CRRP, CRX, CSM","Atlas Partners LLC","","","","","Illinois","Owner/Developer","https://www.icsc.com/member/profile/92841"
"Darcy Rutzen, CRRP","M & J Wilkow, Ltd.","","","","","Illinois","Owner/Developer","https://www.icsc.com/member/profile/629396"
"Amy Sabbadini","NewQuest","","","","","Illinois","Owner/Developer","https://www.icsc.com/member/profile/805972"
"Larry Sajdak","Inland Real Estate Group of Companies, Inc., The","","","","","Illinois","Owner/Developer","https://www.icsc.com/member/profile/505769"
"Nancy Sanchez","Cullinan Properties","","","","","Illinois","Owner/Developer","https://www.icsc.com/member/profile/602669"
"Steven Sanderman","MJS Development, LLC","","","","","Illinois","Owner/Developer","https://www.icsc.com/member/profile/637519"
"Anthony Santiago","InSite Real Estate, LLC","","","","","Illinois","Owner/Developer","https://www.icsc.com/member/profile/655328"
"Nick Santucci","Avalon Realty Associates, LLC","","","","","Illinois","Owner/Developer","https://www.icsc.com/member/profile/632364"
"Joseph Santucci","Avalon Realty Associates, LLC","","","","","Illinois","Owner/Developer","https://www.icsc.com/member/profile/476572"
"John Schoditsch","Kensington Development Partners","","","","","Illinois","Owner/Developer","https://www.icsc.com/member/profile/336780"
"Aaron Schoen","Starwood Capital Group","","","","","Illinois","Owner/Developer","https://www.icsc.com/member/profile/649612"
"David Schubert","Bridge33 Capital","","","","","Illinois","Owner/Developer","https://www.icsc.com/member/profile/601185"
"Hannah Scott","Brixmor Property Group","","","","","Illinois","Owner/Developer","https://www.icsc.com/member/profile/784227"
"Ryan Segal, CRRP, CSM","Acadia Realty Trust","","","","","Illinois","Owner/Developer","https://www.icsc.com/member/profile/522658"
"Luke Sementa","Sterling Organization","","","","","Illinois","Owner/Developer","https://www.icsc.com/member/profile/452872"
"Noah Shaffer","BUCKSBAUM PROPERTIES","","","","","Illinois","Owner/Developer","https://www.icsc.com/member/profile/844284"
"armina shakiba","IBT Group LLC","","","","","Illinois","Owner/Developer","https://www.icsc.com/member/profile/861907"
"Mark Shanahan","GGP","","","","","Illinois","Owner/Developer","https://www.icsc.com/member/profile/222272"
"Andrew Shedlin Esq, CLS, CRX, CSM","The Andrew Shedlin Companies, Inc.","","","","","Illinois","Owner/Developer","https://www.icsc.com/member/profile/91355"
"Paul Sheridan","Hamilton Partners","","","","","Illinois","Owner/Developer","https://www.icsc.com/member/profile/329340"
"Timothy Shields","M & J Wilkow, Ltd.","","","","","Illinois","Owner/Developer","https://www.icsc.com/member/profile/179563"
"Evan Shtulman","GK Development Inc.","","","","","Illinois","Owner/Developer","https://www.icsc.com/member/profile/483636"
"Scott Shust","JTS Architects","","","","","Illinois","Owner/Developer","https://www.icsc.com/member/profile/668222"
"Michael Simpson","Torburn Partners","","","","","Illinois","Owner/Developer","https://www.icsc.com/member/profile/789762"
"Bernard Siwik","Pine Tree","","","","","Illinois","Owner/Developer","https://www.icsc.com/member/profile/689219"
"Gary Skoien","Horizon Group Properties, Inc.","","","","","Illinois","Owner/Developer","https://www.icsc.com/member/profile/196125"
"Peter Skontos","M & J Wilkow, Ltd.","","","","","Illinois","Owner/Developer","https://www.icsc.com/member/profile/732771"
"Phil Smith","Hendricks Commercial Properties, LLC","","","","","Illinois","Owner/Developer","https://www.icsc.com/member/profile/849093"
"Stephen Snodgrass","NetCo Investments, Inc.","","","","","Illinois","Owner/Developer","https://www.icsc.com/member/profile/574545"
"Mitchell Spencer","Pacific Retail Capital Partners","","","","","Illinois","Owner/Developer","https://www.icsc.com/member/profile/729035"
"Richard Springer","InvenTrust Properties Corp.","","","","","Illinois","Owner/Developer","https://www.icsc.com/member/profile/749400"
"Joel Staffilino","Bridge33 Capital","","","","","Illinois","Owner/Developer","https://www.icsc.com/member/profile/400971"
"Zachary Stapleton","InSite Real Estate, LLC","","","","","Illinois","Owner/Developer","https://www.icsc.com/member/profile/771492"
"Andrew Stein, CLS, CRX","S/Point Ventures","","","","","Illinois","Owner/Developer","https://www.icsc.com/member/profile/242904"
"Lori Stein","M & J Wilkow, Ltd.","","","","","Illinois","Owner/Developer","https://www.icsc.com/member/profile/196142"
"Sean Steuart","Inland Real Estate Group of Companies, Inc., The","","","","","Illinois","Owner/Developer","https://www.icsc.com/member/profile/288910"
"Michael Stratis","Intrepid Real Estate","","","","","Illinois","Owner/Developer","https://www.icsc.com/member/profile/253709"
"David Strusiner","Craig/Steven Development Corp.","","","","","Illinois","Owner/Developer","https://www.icsc.com/member/profile/189746"
"Judy Sullivan","Kerry Development Co.","","","","","Illinois","Owner/Developer","https://www.icsc.com/member/profile/488020"
"Angela Surico","Inland Real Estate Group of Companies, Inc., The","","","","","Illinois","Owner/Developer","https://www.icsc.com/member/profile/638931"
"Jim Sutphen, CDP, CRRP, CSM","Abbell Associates","","","","","Illinois","Owner/Developer","https://www.icsc.com/member/profile/123735"
"Martin Sweeney","M & J Wilkow, Ltd.","","","","","Illinois","Owner/Developer","https://www.icsc.com/member/profile/147856"
"Brian Tader","GGP","","","","","Illinois","Owner/Developer","https://www.icsc.com/member/profile/583257"
"Paul Takacs","GMX Real Estate Group, LLC","","","","","Illinois","Owner/Developer","https://www.icsc.com/member/profile/344817"
"Mike Tchang","Cullinan Properties","","","","","Illinois","Owner/Developer","https://www.icsc.com/member/profile/457065"
"Jennifer Tessendorf","Centennial Real Estate","","","","","Illinois","Owner/Developer","https://www.icsc.com/member/profile/857681"
"David Tinkham","Horizon Group Properties, Inc.","","","","","Illinois","Owner/Developer","https://www.icsc.com/member/profile/367294"
"Maria Toliopoulos JD, CRX","Cullinan Properties","","","","","Illinois","Owner/Developer","https://www.icsc.com/member/profile/335290"
"David Tomlinson","Integris Ventures","","","","","Illinois","Owner/Developer","https://www.icsc.com/member/profile/656199"
"Peter Trahanas","Bridge33 Capital","","","","","Illinois","Owner/Developer","https://www.icsc.com/member/profile/864065"
"Trevor Troyner","Location Finders International, Inc.","","","","","Illinois","Owner/Developer","https://www.icsc.com/member/profile/848316"
"Matthew Trudeau","Miller Capital Advisory, Inc.","","","","","Illinois","Owner/Developer","https://www.icsc.com/member/profile/250844"
"Mike Tsakalakis","Newcastle Investors","","","","","Illinois","Owner/Developer","https://www.icsc.com/member/profile/619219"
"Richard Tucker","Tucker Development","","","","","Illinois","Owner/Developer","https://www.icsc.com/member/profile/95799"
"Aaron Tucker","Tucker Development","","","","","Illinois","Owner/Developer","https://www.icsc.com/member/profile/593774"
"Patrick Tupa","PWT Realty Services, Inc","","","","","Illinois","Owner/Developer","https://www.icsc.com/member/profile/95965"
"Stephanie Turrin","Centennial Real Estate","","","","","Illinois","Owner/Developer","https://www.icsc.com/member/profile/831261"
"Shweta Van Beveren","Transformco Properties","","","","","Illinois","Owner/Developer","https://www.icsc.com/member/profile/718032"
"Kevin Vernick","Vernick & Associates Ltd.","","","","","Illinois","Owner/Developer","https://www.icsc.com/member/profile/251048"
"Rocell Viniard","Perform Properties","","","","","Illinois","Owner/Developer","https://www.icsc.com/member/profile/139853"
"Bob Vonderhaar","InSite Real Estate, LLC","","","","","Illinois","Owner/Developer","https://www.icsc.com/member/profile/556748"
"Dan Wagner","Inland Real Estate Group of Companies, Inc., The","","","","","Illinois","Owner/Developer","https://www.icsc.com/member/profile/505011"
"Courtney Waldon","Segovia Partners","","","","","Illinois","Owner/Developer","https://www.icsc.com/member/profile/740209"
"Leon Walker Esq","DL3 Realty, LP","","","","","Illinois","Owner/Developer","https://www.icsc.com/member/profile/593935"
"Thomas Walsh, CLS, CRX","Abbell Associates","","","","","Illinois","Owner/Developer","https://www.icsc.com/member/profile/99998"
"Daniel Wander","Terraco, Inc.","","","","","Illinois","Owner/Developer","https://www.icsc.com/member/profile/225146"
"Matthew Wary","InSite Real Estate, LLC","","","","","Illinois","Owner/Developer","https://www.icsc.com/member/profile/794513"
"Phillip Waters","Horizon Group Properties, Inc.","","","","","Illinois","Owner/Developer","https://www.icsc.com/member/profile/195576"
"Andrew Watson","Transwestern","","","","","Illinois","Owner/Developer","https://www.icsc.com/member/profile/275099"
"Sam Whitebread","Centennial Real Estate","","","","","Illinois","Owner/Developer","https://www.icsc.com/member/profile/332110"
"Catie Whorton","Perform Properties","","","","","Illinois","Owner/Developer","https://www.icsc.com/member/profile/813282"
"John Wiechart","M & J Wilkow, Ltd.","","","","","Illinois","Owner/Developer","https://www.icsc.com/member/profile/179442"
"Gregg Wilkow","M & J Wilkow, Ltd.","","","","","Illinois","Owner/Developer","https://www.icsc.com/member/profile/278137"
"Kirk Williams","Transformco Properties","","","","","Illinois","Owner/Developer","https://www.icsc.com/member/profile/381379"
"Dan Willis","WMG Development, LLC","","","","","Illinois","Owner/Developer","https://www.icsc.com/member/profile/717161"
"Maggie Wilson","InSite Real Estate, LLC","","","","","Illinois","Owner/Developer","https://www.icsc.com/member/profile/543704"
"Andrew Wilson","Miller Capital Advisory, Inc.","","","","","Illinois","Owner/Developer","https://www.icsc.com/member/profile/303518"
"Connie Wing","Equity Residential","","","","","Illinois","Owner/Developer","https://www.icsc.com/member/profile/769135"
"Greg Winner","Hamilton Partners","","","","","Illinois","Owner/Developer","https://www.icsc.com/member/profile/342800"
"Leo Wiznitzer","The Lelyn Group Inc.","","","","","Illinois","Owner/Developer","https://www.icsc.com/member/profile/97872"
"Jason Wiznitzer","The Lelyn Group Inc.","","","","","Illinois","Owner/Developer","https://www.icsc.com/member/profile/521427"
"Amy Wojtun","Miller Capital Advisory, Inc.","","","","","Illinois","Owner/Developer","https://www.icsc.com/member/profile/319151"
"Brandon Wolf","WMG Development, LLC","","","","","Illinois","Owner/Developer","https://www.icsc.com/member/profile/520842"
"Josh Woznica","Pine Tree","","","","","Illinois","Owner/Developer","https://www.icsc.com/member/profile/683334"
"Amber Wright","Perform Properties","","","","","Illinois","Owner/Developer","https://www.icsc.com/member/profile/341101"
"Scott Wrzala","InSite Real Estate, LLC","","","","","Illinois","Owner/Developer","https://www.icsc.com/member/profile/870979"
"John Yanni Pappas","InSite Real Estate, LLC","","","","","Illinois","Owner/Developer","https://www.icsc.com/member/profile/784065"
"Chigozi Yejekwe, CRRP","Centennial","","","","","Illinois","Owner/Developer","https://www.icsc.com/member/profile/655868"
"Eteri Zaslavsky","Next Realty, LLC","","","","","Illinois","Owner/Developer","https://www.icsc.com/member/profile/360028"
"Paul Ajdaharian, CLS, CRX","Simon","","","","","Indiana","Owner/Developer","https://www.icsc.com/member/profile/136221"
"Deana Applegate","JOHN LOPP CRE LLC","","","","","Indiana","Owner/Developer","https://www.icsc.com/member/profile/782465"
"Ryan Backs","Pacific Retail Capital Partners","","","","","Indiana","Owner/Developer","https://www.icsc.com/member/profile/609838"
"Christopher Bailey","Thompson Thrift Development Inc.","","","","","Indiana","Owner/Developer","https://www.icsc.com/member/profile/243550"
"Jeff Barber","Kite Realty Group","","","","","Indiana","Owner/Developer","https://www.icsc.com/member/profile/748123"
"Katie Beason","Kite Realty Group","","","","","Indiana","Owner/Developer","https://www.icsc.com/member/profile/718568"
"Blake Beaver","Kite Realty Group","","","","","Indiana","Owner/Developer","https://www.icsc.com/member/profile/340848"
"Gene Beiermann","Kite Realty Group","","","","","Indiana","Owner/Developer","https://www.icsc.com/member/profile/792081"
"Will Berens","Midland Atlantic Properties","","","","","Indiana","Owner/Developer","https://www.icsc.com/member/profile/789536"
"John Beuoy","The Broadbent Company","","","","","Indiana","Owner/Developer","https://www.icsc.com/member/profile/107600"
"Chris Block","Paragon Realty, LLC","","","","","Indiana","Owner/Developer","https://www.icsc.com/member/profile/824192"
"Richard Block","Paragon Realty, LLC","","","","","Indiana","Owner/Developer","https://www.icsc.com/member/profile/127781"
"Neal Bowman","Sturges Development Group","","","","","Indiana","Owner/Developer","https://www.icsc.com/member/profile/496115"
"Ashlee Boyd","Thompson Thrift Development Inc.","","","","","Indiana","Owner/Developer","https://www.icsc.com/member/profile/175711"
"Sam Boyle","Midland Atlantic Properties","","","","","Indiana","Owner/Developer","https://www.icsc.com/member/profile/849797"
"Patrick Boyle","Midland Atlantic Properties","","","","","Indiana","Owner/Developer","https://www.icsc.com/member/profile/339693"
"Kelly Boyle","Midland Atlantic Properties","","","","","Indiana","Owner/Developer","https://www.icsc.com/member/profile/252475"
"Aaron Boyle","Midland Atlantic Properties","","","","","Indiana","Owner/Developer","https://www.icsc.com/member/profile/195133"
"George Broadbent","The Broadbent Company","","","","","Indiana","Owner/Developer","https://www.icsc.com/member/profile/95332"
"Brian Broadbent","The Broadbent Company","","","","","Indiana","Owner/Developer","https://www.icsc.com/member/profile/316661"
"Michael Brockman","Thompson Thrift Development Inc.","","","","","Indiana","Owner/Developer","https://www.icsc.com/member/profile/870218"
"David Buell","Kite Realty Group","","","","","Indiana","Owner/Developer","https://www.icsc.com/member/profile/808597"
"Randy Burke","Kite Realty Group","","","","","Indiana","Owner/Developer","https://www.icsc.com/member/profile/856928"
"Evan Butz","Niessink Commercial Real Estate","","","","","Indiana","Owner/Developer","https://www.icsc.com/member/profile/620434"
"Karen Byrge","Central Management Services, Inc.","","","","","Indiana","Owner/Developer","https://www.icsc.com/member/profile/427067"
"Mark Cahill, CDP","Simon","","","","","Indiana","Owner/Developer","https://www.icsc.com/member/profile/121896"
"David Cheslyn","The Broadbent Company","","","","","Indiana","Owner/Developer","https://www.icsc.com/member/profile/106907"
"Mishelle Conti","Regency Properties","","","","","Indiana","Owner/Developer","https://www.icsc.com/member/profile/567624"
"Meredith Contos-Brooks","Central Management Services, Inc.","","","","","Indiana","Owner/Developer","https://www.icsc.com/member/profile/744206"
"Amanda Cox","Kite Realty Group","","","","","Indiana","Owner/Developer","https://www.icsc.com/member/profile/787312"
"Chris Daumeyer","TM Crowley & Associates Inc","","","","","Indiana","Owner/Developer","https://www.icsc.com/member/profile/388895"
"Ben Deiser","WPG","","","","","Indiana","Owner/Developer","https://www.icsc.com/member/profile/375631"
"Jamie Edmonson","Regency Properties","","","","","Indiana","Owner/Developer","https://www.icsc.com/member/profile/287986"
"Melissa Elisha","ECHO Realty","","","","","Indiana","Owner/Developer","https://www.icsc.com/member/profile/716479"
"Thomas English","Thomas English Retail Real Estate, LLC","","","","","Indiana","Owner/Developer","https://www.icsc.com/member/profile/194747"
"David Eskenazi","Sandor Development Company","","","","","Indiana","Owner/Developer","https://www.icsc.com/member/profile/132480"
"Lawrence Evinger III","Hendricks Commercial Properties, LLC","","","","","Indiana","Owner/Developer","https://www.icsc.com/member/profile/568335"
"Elaine Farhood","Tharp Realty Group","","","","","Indiana","Owner/Developer","https://www.icsc.com/member/profile/699479"
"Marissa Farmer","Keystone Realty Group","","","","","Indiana","Owner/Developer","https://www.icsc.com/member/profile/806706"
"Heath Fear","Kite Realty Group","","","","","Indiana","Owner/Developer","https://www.icsc.com/member/profile/288709"
"Timothy Fears","Thompson Thrift Development Inc.","","","","","Indiana","Owner/Developer","https://www.icsc.com/member/profile/339993"
"Bridget Friedrich","Kite Realty Group","","","","","Indiana","Owner/Developer","https://www.icsc.com/member/profile/817837"
"Nancy Frigo","CBC Real Estate Group","","","","","Indiana","Owner/Developer","https://www.icsc.com/member/profile/738168"
"Kimberly Fuhrman","Kite Realty Group","","","","","Indiana","Owner/Developer","https://www.icsc.com/member/profile/324596"
"John Fulkerson","The Hamstra Group, Inc.","","","","","Indiana","Owner/Developer","https://www.icsc.com/member/profile/118199"
"Bradley Gershman","Gershman Partners Inc","","","","","Indiana","Owner/Developer","https://www.icsc.com/member/profile/130974"
"Grant Gold","ECHO Realty","","","","","Indiana","Owner/Developer","https://www.icsc.com/member/profile/820154"
"Paul Gold","ECHO Realty","","","","","Indiana","Owner/Developer","https://www.icsc.com/member/profile/157234"
"David Halle","WPG","","","","","Indiana","Owner/Developer","https://www.icsc.com/member/profile/270182"
"Clay Hallman","Simon","","","","","Indiana","Owner/Developer","https://www.icsc.com/member/profile/344367"
"Tony Halsey","Kite Realty Group","","","","","Indiana","Owner/Developer","https://www.icsc.com/member/profile/637811"
"Kevin Hammett, CLS, CSM","Regency Properties","","","","","Indiana","Owner/Developer","https://www.icsc.com/member/profile/407556"
"Andrew Hasbrook","Sandor Development Company","","","","","Indiana","Owner/Developer","https://www.icsc.com/member/profile/214012"
"Shawn Hayden, CRRP, CSM","Macerich","","","","","Indiana","Owner/Developer","https://www.icsc.com/member/profile/149228"
"Shawn Heffern","Midland Atlantic Properties","","","","","Indiana","Owner/Developer","https://www.icsc.com/member/profile/653686"
"Morgan Highum","Midland Atlantic Properties","","","","","Indiana","Owner/Developer","https://www.icsc.com/member/profile/716187"
"Tracey Holtzman","Midland Atlantic Properties","","","","","Indiana","Owner/Developer","https://www.icsc.com/member/profile/164432"
"Michael House","Peacock Associates","","","","","Indiana","Owner/Developer","https://www.icsc.com/member/profile/128303"
"Jeffrey Hubley","Midland Atlantic Properties","","","","","Indiana","Owner/Developer","https://www.icsc.com/member/profile/95336"
"Matt Hunt","Kite Realty Group","","","","","Indiana","Owner/Developer","https://www.icsc.com/member/profile/759085"
"Patrick Inaba, CDP, CRX","Simon Property","","","","","Indiana","Owner/Developer","https://www.icsc.com/member/profile/311416"
"Kelsey Ishmael, CMD, CRRP","Kite Realty Group","","","","","Indiana","Owner/Developer","https://www.icsc.com/member/profile/588319"
"Mark Jenkins","Kite Realty Group","","","","","Indiana","Owner/Developer","https://www.icsc.com/member/profile/140657"
"Amy Jonas","WPG","","","","","Indiana","Owner/Developer","https://www.icsc.com/member/profile/523066"
"Crystal Kennard","Tharp Realty Group","","","","","Indiana","Owner/Developer","https://www.icsc.com/member/profile/544227"
"Joe Kenney","The Broadbent Company","","","","","Indiana","Owner/Developer","https://www.icsc.com/member/profile/300227"
"Stephen Kirby","Kite Realty Group","","","","","Indiana","Owner/Developer","https://www.icsc.com/member/profile/601166"
"Doug Kirby PE","Kite Realty Group","","","","","Indiana","Owner/Developer","https://www.icsc.com/member/profile/288171"
"John Kite","Kite Realty Group","","","","","Indiana","Owner/Developer","https://www.icsc.com/member/profile/125898"
"Andy Knapick","Pinnacle Properties, LLC","","","","","Indiana","Owner/Developer","https://www.icsc.com/member/profile/751622"
"Michael Larson","Simon","","","","","Indiana","Owner/Developer","https://www.icsc.com/member/profile/622341"
"Timothy Lee","Sandor Development Company","","","","","Indiana","Owner/Developer","https://www.icsc.com/member/profile/381321"
"Carrie Leibering","Sandor Development Company","","","","","Indiana","Owner/Developer","https://www.icsc.com/member/profile/734486"
"Shane Light","Kite Realty Group","","","","","Indiana","Owner/Developer","https://www.icsc.com/member/profile/855433"
"Chris Lucas Esq","Regency Properties","","","","","Indiana","Owner/Developer","https://www.icsc.com/member/profile/241870"
"Bryan McCarthy","Kite Realty Group","","","","","Indiana","Owner/Developer","https://www.icsc.com/member/profile/696903"
"Thomas McGowan","Kite Realty Group","","","","","Indiana","Owner/Developer","https://www.icsc.com/member/profile/197274"
"Ryan Menard","Thompson Thrift Development Inc.","","","","","Indiana","Owner/Developer","https://www.icsc.com/member/profile/320990"
"Myles Minton, CRRP, CRX, CSM","Bayhill Property Ventures, LLC","","","","","Indiana","Owner/Developer","https://www.icsc.com/member/profile/113765"
"Andrew Molnar","MR3 Development","","","","","Indiana","Owner/Developer","https://www.icsc.com/member/profile/521269"
"Joe Monaghan","Thompson Thrift Development Inc.","","","","","Indiana","Owner/Developer","https://www.icsc.com/member/profile/744796"
"Paul Nicholson","Central Management Services, Inc.","","","","","Indiana","Owner/Developer","https://www.icsc.com/member/profile/97881"
"Tom Niessink","Niessink Commercial Real Estate","","","","","Indiana","Owner/Developer","https://www.icsc.com/member/profile/345032"
"Connie Niessink","Niessink Commercial Real Estate","","","","","Indiana","Owner/Developer","https://www.icsc.com/member/profile/118513"
"Theresa Nihiser","The Broadbent Company","","","","","Indiana","Owner/Developer","https://www.icsc.com/member/profile/250175"
"Ersal Ozdemir","Keystone Realty Group","","","","","Indiana","Owner/Developer","https://www.icsc.com/member/profile/427555"
"Lisa Parsons","Regency Properties","","","","","Indiana","Owner/Developer","https://www.icsc.com/member/profile/811608"
"Lindsey Pfisterer","Kite Realty Group","","","","","Indiana","Owner/Developer","https://www.icsc.com/member/profile/807212"
"Gregg Poetz","Kite Realty Group","","","","","Indiana","Owner/Developer","https://www.icsc.com/member/profile/128483"
"Rick Radabaugh","Kite Realty Group","","","","","Indiana","Owner/Developer","https://www.icsc.com/member/profile/857629"
"Karli Ricketts","Niessink Commercial Real Estate","","","","","Indiana","Owner/Developer","https://www.icsc.com/member/profile/802846"
"Jake Riedford","Regency Properties","","","","","Indiana","Owner/Developer","https://www.icsc.com/member/profile/824188"
"Jeffrey Roberts","Sandor Development Company","","","","","Indiana","Owner/Developer","https://www.icsc.com/member/profile/279550"
"Sarah Runnals","The Broadbent Company","","","","","Indiana","Owner/Developer","https://www.icsc.com/member/profile/802837"
"Gianna Scappucci","KennMar","","","","","Indiana","Owner/Developer","https://www.icsc.com/member/profile/831471"
"William Schrage","Schrage Development Co","","","","","Indiana","Owner/Developer","https://www.icsc.com/member/profile/95338"
"Dan Seabaugh","Tanger","","","","","Indiana","Owner/Developer","https://www.icsc.com/member/profile/637727"
"Thomas Siffermann","Sandor Development Company","","","","","Indiana","Owner/Developer","https://www.icsc.com/member/profile/595920"
"Herbert Simon","Simon","","","","","Indiana","Owner/Developer","https://www.icsc.com/member/profile/95254"
"Douglas Singleton","Singleton Companies","","","","","Indiana","Owner/Developer","https://www.icsc.com/member/profile/605609"
"Kelly Skeens","Midland Atlantic Properties","","","","","Indiana","Owner/Developer","https://www.icsc.com/member/profile/349689"
"Richard Sokolov","Simon","","","","","Indiana","Owner/Developer","https://www.icsc.com/member/profile/90996"
"Robert Stewart","Simon","","","","","Indiana","Owner/Developer","https://www.icsc.com/member/profile/274490"
"James Stocks","Kite Realty Group","","","","","Indiana","Owner/Developer","https://www.icsc.com/member/profile/858975"
"Robert Sutton","Equity Investment Group","","","","","Indiana","Owner/Developer","https://www.icsc.com/member/profile/156091"
"Jennifer Tabor","Regency Properties","","","","","Indiana","Owner/Developer","https://www.icsc.com/member/profile/692008"
"Barbara Taeger","The Broadbent Company","","","","","Indiana","Owner/Developer","https://www.icsc.com/member/profile/870971"
"Sara Terrell","The Broadbent Company","","","","","Indiana","Owner/Developer","https://www.icsc.com/member/profile/730390"
"Matthew Van Dyke PMP","Kite Realty Group","","","","","Indiana","Owner/Developer","https://www.icsc.com/member/profile/791586"
"Ryan Vande Bosche","Kite Realty Group","","","","","Indiana","Owner/Developer","https://www.icsc.com/member/profile/636149"
"Laine Walker","ECHO Realty","","","","","Indiana","Owner/Developer","https://www.icsc.com/member/profile/321099"
"Shane Wall","Regency Properties","","","","","Indiana","Owner/Developer","https://www.icsc.com/member/profile/742522"
"Alex Wendt","Midland Atlantic Properties","","","","","Indiana","Owner/Developer","https://www.icsc.com/member/profile/780233"
"Jessica Wildeman","Regency Properties","","","","","Indiana","Owner/Developer","https://www.icsc.com/member/profile/669885"
"William Wilson","Paragon Realty, LLC","","","","","Indiana","Owner/Developer","https://www.icsc.com/member/profile/824195"
"Matthew Worthley","Thomas English Retail Real Estate, LLC","","","","","Indiana","Owner/Developer","https://www.icsc.com/member/profile/592010"
"Michael Billings","Denny Elwell Company","","","","","Iowa","Owner/Developer","https://www.icsc.com/member/profile/512636"
"Jeanne Butz","Macerich","","","","","Iowa","Owner/Developer","https://www.icsc.com/member/profile/230916"
"Mike Cunningham","Buyers Realty, Inc.","","","","","Iowa","Owner/Developer","https://www.icsc.com/member/profile/298106"
"Jeff Daniels","Buyers Realty, Inc.","","","","","Iowa","Owner/Developer","https://www.icsc.com/member/profile/152319"
"Joel Deutsch","Buyers Realty, Inc.","","","","","Iowa","Owner/Developer","https://www.icsc.com/member/profile/103748"
"Lola Galloni","Buyers Realty, Inc.","","","","","Iowa","Owner/Developer","https://www.icsc.com/member/profile/793070"
"Mason Geer","Buyers Realty, Inc.","","","","","Iowa","Owner/Developer","https://www.icsc.com/member/profile/792739"
"Jared Hassman","Abbell Associates","","","","","Iowa","Owner/Developer","https://www.icsc.com/member/profile/425616"
"Carson Hughes","Denny Elwell Company","","","","","Iowa","Owner/Developer","https://www.icsc.com/member/profile/596343"
"Kristin Hurd","Hurd Real Estate Services, Inc","","","","","Iowa","Owner/Developer","https://www.icsc.com/member/profile/734558"
"Daniel Hurd","Hurd Real Estate Services, Inc","","","","","Iowa","Owner/Developer","https://www.icsc.com/member/profile/558363"
"Richard Hurd","Hurd Real Estate Services, Inc","","","","","Iowa","Owner/Developer","https://www.icsc.com/member/profile/432338"
"Richie Hurd","Hurd Real Estate Services, Inc","","","","","Iowa","Owner/Developer","https://www.icsc.com/member/profile/360018"
"Jerry Jones, CSM","Macerich","","","","","Iowa","Owner/Developer","https://www.icsc.com/member/profile/231231"
"Wendy McKinney","Buyers Realty, Inc.","","","","","Iowa","Owner/Developer","https://www.icsc.com/member/profile/265496"
"Brad Merritt","Buyers Realty, Inc.","","","","","Iowa","Owner/Developer","https://www.icsc.com/member/profile/776480"
"Chris Murray","Denny Elwell Company","","","","","Iowa","Owner/Developer","https://www.icsc.com/member/profile/279292"
"Mitch Phillips","Ferguson Commercial Real Estate Services, L.C.","","","","","Iowa","Owner/Developer","https://www.icsc.com/member/profile/665886"
"Nick Pierson","Pierson Companies","","","","","Iowa","Owner/Developer","https://www.icsc.com/member/profile/700635"
"Michael Pierson","Pierson Companies","","","","","Iowa","Owner/Developer","https://www.icsc.com/member/profile/496450"
"Deanna Printy","Macerich","","","","","Iowa","Owner/Developer","https://www.icsc.com/member/profile/599737"
"Aaron Ruben","Krause Group Inc","","","","","Iowa","Owner/Developer","https://www.icsc.com/member/profile/312168"
"Deanna Trumbull","Trumbull Consulting, Inc.","","","","","Iowa","Owner/Developer","https://www.icsc.com/member/profile/308123"
"David Wilson CCIM","Ryan Companies US, Inc.","","","","","Iowa","Owner/Developer","https://www.icsc.com/member/profile/250178"
"David Wolf","Buyers Realty, Inc.","","","","","Iowa","Owner/Developer","https://www.icsc.com/member/profile/672240"
"Abe Wolf","Buyers Realty, Inc.","","","","","Iowa","Owner/Developer","https://www.icsc.com/member/profile/103750"
"Jeff Ablah","Ruffin Company / Ablah Enterprises","","","","","Kansas","Owner/Developer","https://www.icsc.com/member/profile/815811"
"Christian Ablah","Classic Real Estate, Inc.","","","","","Kansas","Owner/Developer","https://www.icsc.com/member/profile/327859"
"Mark Arensberg","Peak Real Estate & Development, LLC","","","","","Kansas","Owner/Developer","https://www.icsc.com/member/profile/441132"
"Sarah Armendariz","EPR Properties","","","","","Kansas","Owner/Developer","https://www.icsc.com/member/profile/864093"
"Michael Berenbom","LANE4 Property Group, Inc.","","","","","Kansas","Owner/Developer","https://www.icsc.com/member/profile/338485"
"Michael Boyd","Walter Morris Investment Company","","","","","Kansas","Owner/Developer","https://www.icsc.com/member/profile/153071"
"Thomas Boyd","Walter Morris Investment Company","","","","","Kansas","Owner/Developer","https://www.icsc.com/member/profile/145856"
"Philip Bundy","American Realty & Development LLC","","","","","Kansas","Owner/Developer","https://www.icsc.com/member/profile/389576"
"Taran Canady","Merrill Companies, LLC","","","","","Kansas","Owner/Developer","https://www.icsc.com/member/profile/801013"
"brian Clothier","American Realty & Development LLC","","","","","Kansas","Owner/Developer","https://www.icsc.com/member/profile/849414"
"Brad Cottam","Knox Capital","","","","","Kansas","Owner/Developer","https://www.icsc.com/member/profile/706747"
"Sunny Dharod","First Washington Realty","","","","","Kansas","Owner/Developer","https://www.icsc.com/member/profile/870341"
"Jared Frost","Point Commercial","","","","","Kansas","Owner/Developer","https://www.icsc.com/member/profile/194645"
"Mike Geenen","EPR Properties","","","","","Kansas","Owner/Developer","https://www.icsc.com/member/profile/855896"
"Steve Graham","Stellar Development, LLC","","","","","Kansas","Owner/Developer","https://www.icsc.com/member/profile/596715"
"Charlie King","Occidental Management, Inc.","","","","","Kansas","Owner/Developer","https://www.icsc.com/member/profile/690723"
"Hunter LaMunyon","Lange Real Estate","","","","","Kansas","Owner/Developer","https://www.icsc.com/member/profile/799924"
"Dennis Lutgen","Midway Development, LLC","","","","","Kansas","Owner/Developer","https://www.icsc.com/member/profile/788248"
"Kobi Mashnouk","Kessinger Hunter","","","","","Kansas","Owner/Developer","https://www.icsc.com/member/profile/849909"
"Amy McClaughry","Batis Development Company","","","","","Kansas","Owner/Developer","https://www.icsc.com/member/profile/271882"
"Matt McNary","Batis Development Company","","","","","Kansas","Owner/Developer","https://www.icsc.com/member/profile/846809"
"Fred Merrill","Merrill Companies, LLC","","","","","Kansas","Owner/Developer","https://www.icsc.com/member/profile/327572"
"Candy Merrill","Merrill Companies, LLC","","","","","Kansas","Owner/Developer","https://www.icsc.com/member/profile/300801"
"Fred Merrill Jr","Merrill Companies, LLC","","","","","Kansas","Owner/Developer","https://www.icsc.com/member/profile/284145"
"Scott Miller","Drake Development, LLC","","","","","Kansas","Owner/Developer","https://www.icsc.com/member/profile/433624"
"Courtney Oddo","Oddo Development Company, Inc","","","","","Kansas","Owner/Developer","https://www.icsc.com/member/profile/782086"
"Tyler Oliver","Colby Capital LLC","","","","","Kansas","Owner/Developer","https://www.icsc.com/member/profile/130126"
"Cynthia Pimienta","DCM Limited, LLC","","","","","Kansas","Owner/Developer","https://www.icsc.com/member/profile/773043"
"M. Braden Robb","The Robb Company","","","","","Kansas","Owner/Developer","https://www.icsc.com/member/profile/101793"
"Chad Stafford","Occidental Management, Inc.","","","","","Kansas","Owner/Developer","https://www.icsc.com/member/profile/507840"
"Adam Walz","Pace Properties Inc.","","","","","Kansas","Owner/Developer","https://www.icsc.com/member/profile/663853"
"Matthew Werner AIA","Batis Development Company","","","","","Kansas","Owner/Developer","https://www.icsc.com/member/profile/419930"
"Mark Wittenburg","Batis Development Company","","","","","Kansas","Owner/Developer","https://www.icsc.com/member/profile/280673"
"Don Zimmer","Kanza Properties Inc.","","","","","Kansas","Owner/Developer","https://www.icsc.com/member/profile/158918"
"Quinn Andrews","Kaden Companies","","","","","Kentucky","Owner/Developer","https://www.icsc.com/member/profile/764773"
"Bryan Blade","Anchor Properties Inc.","","","","","Kentucky","Owner/Developer","https://www.icsc.com/member/profile/257384"
"Alexander Blieden","Kaden Companies","","","","","Kentucky","Owner/Developer","https://www.icsc.com/member/profile/556264"
"Mark Blieden","Kaden Companies","","","","","Kentucky","Owner/Developer","https://www.icsc.com/member/profile/113072"
"Eric Brewer CCIM","Brewer Development Company, LLC","","","","","Kentucky","Owner/Developer","https://www.icsc.com/member/profile/284162"
"Jacob Cassady","May Commercial Group","","","","","Kentucky","Owner/Developer","https://www.icsc.com/member/profile/444781"
"Gregory Clough","Phillips Edison & Company","","","","","Kentucky","Owner/Developer","https://www.icsc.com/member/profile/106883"
"Kevin Cogan","Jefferson Development Group","","","","","Kentucky","Owner/Developer","https://www.icsc.com/member/profile/338639"
"Robert Cole","Coleman Group, LLC","","","","","Kentucky","Owner/Developer","https://www.icsc.com/member/profile/218053"
"Raphael Collazo","Grisanti Group Commercial Real Estate","","","","","Kentucky","Owner/Developer","https://www.icsc.com/member/profile/800032"
"Lee Cowden","BC Wood Properties","","","","","Kentucky","Owner/Developer","https://www.icsc.com/member/profile/635867"
"Scott Davidson","Langley Properties Company","","","","","Kentucky","Owner/Developer","https://www.icsc.com/member/profile/554898"
"Mark Delcotto","BC Wood Properties","","","","","Kentucky","Owner/Developer","https://www.icsc.com/member/profile/532743"
"Tommy Edwards","Hagan Properties, Inc.","","","","","Kentucky","Owner/Developer","https://www.icsc.com/member/profile/374918"
"Nick Grisanti","Grisanti Group Commercial Real Estate","","","","","Kentucky","Owner/Developer","https://www.icsc.com/member/profile/808460"
"Branden Gross","Brewer Development Company, LLC","","","","","Kentucky","Owner/Developer","https://www.icsc.com/member/profile/662460"
"Matthew Hayden","Gulfstream Commercial Services, LLC","","","","","Kentucky","Owner/Developer","https://www.icsc.com/member/profile/321806"
"Amanda Hill","Ershig Properties Inc.","","","","","Kentucky","Owner/Developer","https://www.icsc.com/member/profile/847988"
"Woodford Hoagland","Hoagland Commercial Realtors","","","","","Kentucky","Owner/Developer","https://www.icsc.com/member/profile/630781"
"Brooks Hower","Hoagland Commercial Realtors","","","","","Kentucky","Owner/Developer","https://www.icsc.com/member/profile/716237"
"Cory Ikerd","Ikerd Properties & Development","","","","","Kentucky","Owner/Developer","https://www.icsc.com/member/profile/712464"
"Fahr Juneja","Gulfstream Commercial Services, LLC","","","","","Kentucky","Owner/Developer","https://www.icsc.com/member/profile/439791"
"Ben Keefe","Telos Commercial Real Estate","","","","","Kentucky","Owner/Developer","https://www.icsc.com/member/profile/784796"
"Jason Kron","Kensington Vanguard","","","","","Kentucky","Owner/Developer","https://www.icsc.com/member/profile/821032"
"Patrick Madden Esq","Hamburg Place","","","","","Kentucky","Owner/Developer","https://www.icsc.com/member/profile/238783"
"Trevor Marshall","BC Wood Properties","","","","","Kentucky","Owner/Developer","https://www.icsc.com/member/profile/736009"
"Rory McMahan","McMahan Group, LLC","","","","","Kentucky","Owner/Developer","https://www.icsc.com/member/profile/716290"
"Kelly Mullins","Viking Partners","","","","","Kentucky","Owner/Developer","https://www.icsc.com/member/profile/381006"
"Houston Natcher","Gulfstream Commercial Services, LLC","","","","","Kentucky","Owner/Developer","https://www.icsc.com/member/profile/788931"
"King Offutt","BC Wood Properties","","","","","Kentucky","Owner/Developer","https://www.icsc.com/member/profile/314107"
"Gregory Oxford","Ershig Properties Inc.","","","","","Kentucky","Owner/Developer","https://www.icsc.com/member/profile/120970"
"Hunter Porter","BC Wood Properties","","","","","Kentucky","Owner/Developer","https://www.icsc.com/member/profile/678886"
"Philip Purdom, CLS","Gulfstream Commercial Services, LLC","","","","","Kentucky","Owner/Developer","https://www.icsc.com/member/profile/104733"
"Christian Rahe","Telos Commercial Real Estate","","","","","Kentucky","Owner/Developer","https://www.icsc.com/member/profile/780378"
"Mason Richardson","Gulfstream Commercial Services, LLC","","","","","Kentucky","Owner/Developer","https://www.icsc.com/member/profile/830976"
"Brad Root","Telos Commercial Real Estate","","","","","Kentucky","Owner/Developer","https://www.icsc.com/member/profile/850431"
"Heather Small","BC Wood Properties","","","","","Kentucky","Owner/Developer","https://www.icsc.com/member/profile/784232"
"Cole Sturgeon","Gulfstream Commercial Services, LLC","","","","","Kentucky","Owner/Developer","https://www.icsc.com/member/profile/816343"
"Zachary Swanson","Hoagland Commercial Realtors","","","","","Kentucky","Owner/Developer","https://www.icsc.com/member/profile/808097"
"Matthew Valenti","Cameron Group LLC","","","","","Kentucky","Owner/Developer","https://www.icsc.com/member/profile/210553"
"Jenna Vance","BC Wood Properties","","","","","Kentucky","Owner/Developer","https://www.icsc.com/member/profile/792239"
"Ronnie Warrix","R & J Development Company, LLC","","","","","Kentucky","Owner/Developer","https://www.icsc.com/member/profile/761641"
"Destiny Wenning Esq","BC Wood Properties","","","","","Kentucky","Owner/Developer","https://www.icsc.com/member/profile/471042"
"Mike Wiles","Brewer Development Company, LLC","","","","","Kentucky","Owner/Developer","https://www.icsc.com/member/profile/241408"
"James Wittman CCIM, CLS, CRRP, CRX","Ershig Properties Inc.","","","","","Kentucky","Owner/Developer","https://www.icsc.com/member/profile/243354"
"Brian Wood","BC Wood Properties","","","","","Kentucky","Owner/Developer","https://www.icsc.com/member/profile/184460"
"Gabrielle Adams","Stirling","","","","","Louisiana","Owner/Developer","https://www.icsc.com/member/profile/816903"
"Claire Barker","Stirling","","","","","Louisiana","Owner/Developer","https://www.icsc.com/member/profile/755215"
"Beau Barkerding","Roark Partners","","","","","Louisiana","Owner/Developer","https://www.icsc.com/member/profile/467283"
"Ryan Bodin","Ryer Investors LLC","","","","","Louisiana","Owner/Developer","https://www.icsc.com/member/profile/778444"
"Ben Bolz","PMAT Real Estate Investments","","","","","Louisiana","Owner/Developer","https://www.icsc.com/member/profile/596572"
"Laurel Brightwell","U.L. Coleman Properties Ltd.","","","","","Louisiana","Owner/Developer","https://www.icsc.com/member/profile/387077"
"Thomas Bryan IV","Stirling","","","","","Louisiana","Owner/Developer","https://www.icsc.com/member/profile/557378"
"Michael Bucher","SVN/Urban Properties","","","","","Louisiana","Owner/Developer","https://www.icsc.com/member/profile/566784"
"Marcus Buring","Sizeler Realty Co., Inc.","","","","","Louisiana","Owner/Developer","https://www.icsc.com/member/profile/498470"
"Valda Butler, CRRP","Stirling","","","","","Louisiana","Owner/Developer","https://www.icsc.com/member/profile/755196"
"Alvin Childs CCIM","Vintage Realty Company","","","","","Louisiana","Owner/Developer","https://www.icsc.com/member/profile/184351"
"Seth Citron","Stirling","","","","","Louisiana","Owner/Developer","https://www.icsc.com/member/profile/431734"
"Kimberley Clayton","Lauricella Land Company","","","","","Louisiana","Owner/Developer","https://www.icsc.com/member/profile/245646"
"Hayden Davis","SVN/Urban Properties","","","","","Louisiana","Owner/Developer","https://www.icsc.com/member/profile/844890"
"Matthew Davis","Sizeler Realty Co., Inc.","","","","","Louisiana","Owner/Developer","https://www.icsc.com/member/profile/529685"
"Matthew Demeyers","Magazine Street Interests","","","","","Louisiana","Owner/Developer","https://www.icsc.com/member/profile/383364"
"rich dupree","D'Argent Companies","","","","","Louisiana","Owner/Developer","https://www.icsc.com/member/profile/853074"
"Austin Earhart","Stirling","","","","","Louisiana","Owner/Developer","https://www.icsc.com/member/profile/309070"
"Van Eversall","Ritchie Real Estate, LLC","","","","","Louisiana","Owner/Developer","https://www.icsc.com/member/profile/856120"
"Karson Eversull","Ritchie Real Estate, LLC","","","","","Louisiana","Owner/Developer","https://www.icsc.com/member/profile/856126"
"George Gardner IV","Stirling","","","","","Louisiana","Owner/Developer","https://www.icsc.com/member/profile/536056"
"Carla Gendusa","Lauricella Land Company","","","","","Louisiana","Owner/Developer","https://www.icsc.com/member/profile/744939"
"Justin Giallonardo CCIM","D'Argent Companies","","","","","Louisiana","Owner/Developer","https://www.icsc.com/member/profile/371732"
"John Gordon","Stirling","","","","","Louisiana","Owner/Developer","https://www.icsc.com/member/profile/410438"
"Erin Graham","The Feil Organization","","","","","Louisiana","Owner/Developer","https://www.icsc.com/member/profile/734239"
"Kurt Hamlen","Lauricella Land Company","","","","","Louisiana","Owner/Developer","https://www.icsc.com/member/profile/245645"
"Karen Hannigan CCIM","Stirling","","","","","Louisiana","Owner/Developer","https://www.icsc.com/member/profile/296204"
"Sam Hurley","SVN/Urban Properties","","","","","Louisiana","Owner/Developer","https://www.icsc.com/member/profile/797954"
"Robert Israel","L+A Retail, LLC","","","","","Louisiana","Owner/Developer","https://www.icsc.com/member/profile/103410"
"Chris Jacob","L+A Retail, LLC","","","","","Louisiana","Owner/Developer","https://www.icsc.com/member/profile/505228"
"Connor Johnston","Stirling","","","","","Louisiana","Owner/Developer","https://www.icsc.com/member/profile/797508"
"Justin Jones","Lamar Advertising","","","","","Louisiana","Owner/Developer","https://www.icsc.com/member/profile/827613"
"Ryan Juneau, CRX","Stirling","","","","","Louisiana","Owner/Developer","https://www.icsc.com/member/profile/575322"
"Ian Krentel","Stirling","","","","","Louisiana","Owner/Developer","https://www.icsc.com/member/profile/733765"
"Kevin Kush","PMAT Real Estate Investments","","","","","Louisiana","Owner/Developer","https://www.icsc.com/member/profile/412182"
"Brian Lade","The Feil Organization","","","","","Louisiana","Owner/Developer","https://www.icsc.com/member/profile/97188"
"Emory Lafaye","L+A Retail, LLC","","","","","Louisiana","Owner/Developer","https://www.icsc.com/member/profile/732605"
"Justin Landry","Stirling","","","","","Louisiana","Owner/Developer","https://www.icsc.com/member/profile/489284"
"Beezie Landry","Stirling","","","","","Louisiana","Owner/Developer","https://www.icsc.com/member/profile/259490"
"Justin Langlois","Stirling","","","","","Louisiana","Owner/Developer","https://www.icsc.com/member/profile/665597"
"Jared Lauderdale","Stirling","","","","","Louisiana","Owner/Developer","https://www.icsc.com/member/profile/671006"
"Louis Lauricella","Lauricella Land Company","","","","","Louisiana","Owner/Developer","https://www.icsc.com/member/profile/104058"
"Bryan LeBlanc, CSM","Trademark Property Company","","","","","Louisiana","Owner/Developer","https://www.icsc.com/member/profile/211906"
"T. Griffin Lennox","The Lennox/Massell Companies","","","","","Louisiana","Owner/Developer","https://www.icsc.com/member/profile/641862"
"Patrick Malik","Stirling","","","","","Louisiana","Owner/Developer","https://www.icsc.com/member/profile/178354"
"Lisa Marse Manzella","The Feil Organization","","","","","Louisiana","Owner/Developer","https://www.icsc.com/member/profile/123490"
"Carolyn Martin","Commercial Properties Realty Trust LLC","","","","","Louisiana","Owner/Developer","https://www.icsc.com/member/profile/134839"
"James Maurin, CRX, CSM","Stirling","","","","","Louisiana","Owner/Developer","https://www.icsc.com/member/profile/93567"
"Martin Mayer","Stirling","","","","","Louisiana","Owner/Developer","https://www.icsc.com/member/profile/99583"
"Amber Mayeur","Richards Clearview, LLC","","","","","Louisiana","Owner/Developer","https://www.icsc.com/member/profile/788236"
"Kaelan McArthur","The Feil Organization","","","","","Louisiana","Owner/Developer","https://www.icsc.com/member/profile/794329"
"Steve Mehojevich","Evergreen Development","","","","","Louisiana","Owner/Developer","https://www.icsc.com/member/profile/319567"
"Levere Montgomery III","Parkway LLC","","","","","Louisiana","Owner/Developer","https://www.icsc.com/member/profile/203698"
"David Moses","Ritchie Real Estate, LLC","","","","","Louisiana","Owner/Developer","https://www.icsc.com/member/profile/420109"
"John Moss Jr","L+A Retail, LLC","","","","","Louisiana","Owner/Developer","https://www.icsc.com/member/profile/348552"
"Roger Ogden","Stirling","","","","","Louisiana","Owner/Developer","https://www.icsc.com/member/profile/93566"
"Tricia Phillpott","The Feil Organization","","","","","Louisiana","Owner/Developer","https://www.icsc.com/member/profile/311429"
"Jack Piermarini","PMAT Real Estate Investments","","","","","Louisiana","Owner/Developer","https://www.icsc.com/member/profile/758014"
"William Place","Lauricella Land Company","","","","","Louisiana","Owner/Developer","https://www.icsc.com/member/profile/321351"
"Carly Plotkin","Stirling","","","","","Louisiana","Owner/Developer","https://www.icsc.com/member/profile/643240"
"Marli Quesinberry","Stirling","","","","","Louisiana","Owner/Developer","https://www.icsc.com/member/profile/800084"
"Matt Ritchie CCIM","Ritchie Real Estate, LLC","","","","","Louisiana","Owner/Developer","https://www.icsc.com/member/profile/832174"
"Michael Saucier","Gulf States Real Estate Services, LLC","","","","","Louisiana","Owner/Developer","https://www.icsc.com/member/profile/194934"
"Eugene Schmitt","SVN/Urban Properties","","","","","Louisiana","Owner/Developer","https://www.icsc.com/member/profile/312538"
"Rhonda Sharkawy","Stirling","","","","","Louisiana","Owner/Developer","https://www.icsc.com/member/profile/211257"
"Henry Shortess","SVN/Urban Properties","","","","","Louisiana","Owner/Developer","https://www.icsc.com/member/profile/787326"
"Donna Smith CCIM, CRRP, CRX","Stirling","","","","","Louisiana","Owner/Developer","https://www.icsc.com/member/profile/121668"
"Katina Spera","The Feil Organization","","","","","Louisiana","Owner/Developer","https://www.icsc.com/member/profile/596688"
"Tracey Tarleton","Sizeler Realty Co., Inc.","","","","","Louisiana","Owner/Developer","https://www.icsc.com/member/profile/177773"
"Tim Thompson","SVN/Urban Properties","","","","","Louisiana","Owner/Developer","https://www.icsc.com/member/profile/593585"
"Townsend Underhill, CRX","Stirling","","","","","Louisiana","Owner/Developer","https://www.icsc.com/member/profile/431096"
"Tommy Vervaeke","OnPoint Development","","","","","Louisiana","Owner/Developer","https://www.icsc.com/member/profile/246073"
"Doris Volentine","Creekstone Companies, Inc.","","","","","Louisiana","Owner/Developer","https://www.icsc.com/member/profile/146124"
"Kate whalen","SVN/Urban Properties","","","","","Louisiana","Owner/Developer","https://www.icsc.com/member/profile/787590"
"Colette Wharton, CDP, CRX","The Feil Organization","","","","","Louisiana","Owner/Developer","https://www.icsc.com/member/profile/144770"
"Thomas Whelan","PMAT Real Estate Investments","","","","","Louisiana","Owner/Developer","https://www.icsc.com/member/profile/807490"
"Matt Whelan","PMAT Real Estate Investments","","","","","Louisiana","Owner/Developer","https://www.icsc.com/member/profile/668194"
"Bob Whelan","PMAT Real Estate Investments","","","","","Louisiana","Owner/Developer","https://www.icsc.com/member/profile/390361"
"Steven Williams","Security National Properties","","","","","Louisiana","Owner/Developer","https://www.icsc.com/member/profile/384346"
"Jacqueline Williams","Lauricella Land Company","","","","","Louisiana","Owner/Developer","https://www.icsc.com/member/profile/276986"
"John Woodard","Stirling","","","","","Louisiana","Owner/Developer","https://www.icsc.com/member/profile/762297"
"Mike Carmody","Cousins Maine Lobster","","","","","Maine","Owner/Developer","https://www.icsc.com/member/profile/810204"
"Daniel Catlin","Commercial Properties, Inc.","","","","","Maine","Owner/Developer","https://www.icsc.com/member/profile/208869"
"Eric Griffin","DLC","","","","","Maine","Owner/Developer","https://www.icsc.com/member/profile/850387"
"Andrew Rosenthal, CSM","Maine Crossroads LLC","","","","","Maine","Owner/Developer","https://www.icsc.com/member/profile/119063"
"King Weinstein","King Real Estate","","","","","Maine","Owner/Developer","https://www.icsc.com/member/profile/270192"
"Noah Adler","David S Brown Enterprises","","","","","Maryland","Owner/Developer","https://www.icsc.com/member/profile/792727"
"Yoni Adler","MLS Properties","","","","","Maryland","Owner/Developer","https://www.icsc.com/member/profile/372242"
"Marni Ahram","Commercial Centers Management","","","","","Maryland","Owner/Developer","https://www.icsc.com/member/profile/835191"
"Aya Albahnasi","First Washington Realty","","","","","Maryland","Owner/Developer","https://www.icsc.com/member/profile/804446"
"Evan Albert","MFI Realty LLC","","","","","Maryland","Owner/Developer","https://www.icsc.com/member/profile/629420"
"Michael Albo","MFI Realty LLC","","","","","Maryland","Owner/Developer","https://www.icsc.com/member/profile/378601"
"Lisa Allen","Banneker Ventures","","","","","Maryland","Owner/Developer","https://www.icsc.com/member/profile/804470"
"Matthew Allen PE","Klein Enterprises","","","","","Maryland","Owner/Developer","https://www.icsc.com/member/profile/379531"
"Eric Allen, CDP","Greenberg Gibbons Commercial","","","","","Maryland","Owner/Developer","https://www.icsc.com/member/profile/371892"
"Kevin Allen","Kimco Realty Corporation","","","","","Maryland","Owner/Developer","https://www.icsc.com/member/profile/143185"
"Nathan Allentoff","Klein Enterprises","","","","","Maryland","Owner/Developer","https://www.icsc.com/member/profile/791996"
"Justin Anderson","Bowman Development Corporation","","","","","Maryland","Owner/Developer","https://www.icsc.com/member/profile/730878"
"Louie Andrakakos","Carl M. Freeman Companies - Commercial Real Estate","","","","","Maryland","Owner/Developer","https://www.icsc.com/member/profile/209257"
"Gustavo Arango","Greenberg Gibbons Commercial","","","","","Maryland","Owner/Developer","https://www.icsc.com/member/profile/273922"
"Gordon Ashby","Kimco Realty Corporation","","","","","Maryland","Owner/Developer","https://www.icsc.com/member/profile/207421"
"Jeffrey Attman","A & G Management Company, Inc.","","","","","Maryland","Owner/Developer","https://www.icsc.com/member/profile/380050"
"Molly Badger","Finmarc Management Inc.","","","","","Maryland","Owner/Developer","https://www.icsc.com/member/profile/790809"
"Rueben Bajaj","White Star Investments","","","","","Maryland","Owner/Developer","https://www.icsc.com/member/profile/279482"
"Gina Baker Chambers","MCB Real Estate, LLC","","","","","Maryland","Owner/Developer","https://www.icsc.com/member/profile/820163"
"Sarah Baum","MFI Realty LLC","","","","","Maryland","Owner/Developer","https://www.icsc.com/member/profile/742509"
"Rebecca Baumgartner","Regency Centers","","","","","Maryland","Owner/Developer","https://www.icsc.com/member/profile/560872"
"PJ Bautista","JBG SMITH","","","","","Maryland","Owner/Developer","https://www.icsc.com/member/profile/683305"
"Christopher Bell","Hekemian & Co., Inc.","","","","","Maryland","Owner/Developer","https://www.icsc.com/member/profile/254870"
"Jessica Berets","Matan Companies","","","","","Maryland","Owner/Developer","https://www.icsc.com/member/profile/516903"
"Kenneth Bernstein","David S Brown Enterprises","","","","","Maryland","Owner/Developer","https://www.icsc.com/member/profile/297620"
"Gary Block","Broad Reach Retail Partners, LLC","","","","","Maryland","Owner/Developer","https://www.icsc.com/member/profile/108147"
"Mark Bomse","Greenberg Gibbons Commercial","","","","","Maryland","Owner/Developer","https://www.icsc.com/member/profile/202447"
"Valle Bonhag","Carl M. Freeman Companies - Commercial Real Estate","","","","","Maryland","Owner/Developer","https://www.icsc.com/member/profile/423970"
"Catherine Brady","Unibail-Rodamco-Westfield","","","","","Maryland","Owner/Developer","https://www.icsc.com/member/profile/791803"
"John Brakefield Jr, CSM","Continental Realty Corporation","","","","","Maryland","Owner/Developer","https://www.icsc.com/member/profile/337289"
"P. David Bramble","MCB Real Estate, LLC","","","","","Maryland","Owner/Developer","https://www.icsc.com/member/profile/476219"
"Donald Brenneman","MCB Real Estate, LLC","","","","","Maryland","Owner/Developer","https://www.icsc.com/member/profile/831841"
"Cody Brightwell","MCB Real Estate, LLC","","","","","Maryland","Owner/Developer","https://www.icsc.com/member/profile/752407"
"Emily Brophy, CSM","Blue Vista Real Estate LLC","","","","","Maryland","Owner/Developer","https://www.icsc.com/member/profile/376815"
"Jennifer Buhrman","Rowland Development Group","","","","","Maryland","Owner/Developer","https://www.icsc.com/member/profile/788686"
"Daniel Burns","MFI Realty LLC","","","","","Maryland","Owner/Developer","https://www.icsc.com/member/profile/809843"
"Emory Camper","Greenberg Gibbons Commercial","","","","","Maryland","Owner/Developer","https://www.icsc.com/member/profile/769571"
"Mike Castellitto","Broad Reach Retail Partners, LLC","","","","","Maryland","Owner/Developer","https://www.icsc.com/member/profile/728326"
"Rebecca Castrovillari","First Washington Realty","","","","","Maryland","Owner/Developer","https://www.icsc.com/member/profile/823845"
"George Cavelius","Klein Enterprises","","","","","Maryland","Owner/Developer","https://www.icsc.com/member/profile/729442"
"Amrit Chase","First Washington Realty","","","","","Maryland","Owner/Developer","https://www.icsc.com/member/profile/643638"
"Scott Cherry","MFI Realty LLC","","","","","Maryland","Owner/Developer","https://www.icsc.com/member/profile/536415"
"Patricia Ciesla","DiDonato Property Mgmt","","","","","Maryland","Owner/Developer","https://www.icsc.com/member/profile/196841"
"Thomas Confessore","Kite Realty Group","","","","","Maryland","Owner/Developer","https://www.icsc.com/member/profile/842985"
"Stuart Cox","Kimco Realty Corporation","","","","","Maryland","Owner/Developer","https://www.icsc.com/member/profile/210680"
"Aileen Cullen","Saul Centers, Inc.","","","","","Maryland","Owner/Developer","https://www.icsc.com/member/profile/642169"
"Bryan Cyphers","St John Properties, Inc","","","","","Maryland","Owner/Developer","https://www.icsc.com/member/profile/834121"
"Seth Danels","Klein Enterprises","","","","","Maryland","Owner/Developer","https://www.icsc.com/member/profile/869467"
"Dicky Darrell, CDP, CLS, CRRP, CRX, CSM","Schwaber Holdings-MLR Partners","","","","","Maryland","Owner/Developer","https://www.icsc.com/member/profile/242581"
"Ronald Davis","Saul Centers, Inc.","","","","","Maryland","Owner/Developer","https://www.icsc.com/member/profile/409922"
"Michael DeGennaro","Combined Properties Inc.","","","","","Maryland","Owner/Developer","https://www.icsc.com/member/profile/864474"
"Jennifer DellaRatta Redmond","DRICMC Properties","","","","","Maryland","Owner/Developer","https://www.icsc.com/member/profile/302135"
"Eric DeVito","Greenberg Gibbons Commercial","","","","","Maryland","Owner/Developer","https://www.icsc.com/member/profile/846169"
"Sheryl DeWalt","Saul Centers, Inc.","","","","","Maryland","Owner/Developer","https://www.icsc.com/member/profile/781483"
"Jay Diamond","Greenberg Gibbons Commercial","","","","","Maryland","Owner/Developer","https://www.icsc.com/member/profile/724211"
"Blake Dickinson","Continental Realty Corporation","","","","","Maryland","Owner/Developer","https://www.icsc.com/member/profile/436430"
"James Didonato","DiDonato Property Mgmt","","","","","Maryland","Owner/Developer","https://www.icsc.com/member/profile/376554"
"Paul DiFrancesco","Insight Retail Group","","","","","Maryland","Owner/Developer","https://www.icsc.com/member/profile/321085"
"Christine DiSalvo","MFI Realty LLC","","","","","Maryland","Owner/Developer","https://www.icsc.com/member/profile/535186"
"Ryan Doffing","First Washington Realty","","","","","Maryland","Owner/Developer","https://www.icsc.com/member/profile/860823"
"Haley Donato","Continental Realty Corporation","","","","","Maryland","Owner/Developer","https://www.icsc.com/member/profile/578676"
"Shelby Dorich","MFI Realty LLC","","","","","Maryland","Owner/Developer","https://www.icsc.com/member/profile/380705"
"Christian Duffy","Heritage Partners","","","","","Maryland","Owner/Developer","https://www.icsc.com/member/profile/827171"
"Chris Duffy","Heritage Partners","","","","","Maryland","Owner/Developer","https://www.icsc.com/member/profile/407718"
"Nancy Edwards","MCB Real Estate, LLC","","","","","Maryland","Owner/Developer","https://www.icsc.com/member/profile/754371"
"Christopher Elliott","First Washington Realty","","","","","Maryland","Owner/Developer","https://www.icsc.com/member/profile/200805"
"Bennett Ellis","MCB Real Estate, LLC","","","","","Maryland","Owner/Developer","https://www.icsc.com/member/profile/788091"
"Alicyn Emerick","Greenberg Gibbons Commercial","","","","","Maryland","Owner/Developer","https://www.icsc.com/member/profile/825843"
"Remy Esquenet","Remy Retail","","","","","Maryland","Owner/Developer","https://www.icsc.com/member/profile/539908"
"Charles Faller IV","Faller Management Co., Inc.","","","","","Maryland","Owner/Developer","https://www.icsc.com/member/profile/632481"
"Dori Farley","MCB Real Estate, LLC","","","","","Maryland","Owner/Developer","https://www.icsc.com/member/profile/808054"
"Jean Farnsworth","MCB Real Estate, LLC","","","","","Maryland","Owner/Developer","https://www.icsc.com/member/profile/792267"
"Alex Forbes","Quantum Companies","","","","","Maryland","Owner/Developer","https://www.icsc.com/member/profile/794813"
"Julie Fox","MCB Real Estate, LLC","","","","","Maryland","Owner/Developer","https://www.icsc.com/member/profile/344514"
"Nicholas Freeman","Carl M. Freeman Companies - Commercial Real Estate","","","","","Maryland","Owner/Developer","https://www.icsc.com/member/profile/532454"
"Michelle Freeman","Carl M. Freeman Companies - Commercial Real Estate","","","","","Maryland","Owner/Developer","https://www.icsc.com/member/profile/389882"
"Fernanda Fretes","Saul Centers, Inc.","","","","","Maryland","Owner/Developer","https://www.icsc.com/member/profile/827134"
"Crystal Frey","Continental Realty Corporation","","","","","Maryland","Owner/Developer","https://www.icsc.com/member/profile/849686"
"Zachary Friedlis","Saul Centers, Inc.","","","","","Maryland","Owner/Developer","https://www.icsc.com/member/profile/379440"
"Cari Furman","The Cordish Companies","","","","","Maryland","Owner/Developer","https://www.icsc.com/member/profile/645808"
"Emily Gagliardi","First Washington Realty","","","","","Maryland","Owner/Developer","https://www.icsc.com/member/profile/294073"
"Stephen Garchik","Sandmar Properties LLC","","","","","Maryland","Owner/Developer","https://www.icsc.com/member/profile/787840"
"Sean Garland","Klein Enterprises","","","","","Maryland","Owner/Developer","https://www.icsc.com/member/profile/676029"
"Marc Geffroy","Seneca Properties","","","","","Maryland","Owner/Developer","https://www.icsc.com/member/profile/119061"
"Jeffrey Gelberman","The Rocky Companies","","","","","Maryland","Owner/Developer","https://www.icsc.com/member/profile/231178"
"Jason Gelblum","Broad Reach Retail Partners, LLC","","","","","Maryland","Owner/Developer","https://www.icsc.com/member/profile/780303"
"Kevin Geraghty","Caldicot Properties","","","","","Maryland","Owner/Developer","https://www.icsc.com/member/profile/457356"
"Devin Gerhart","Klein Enterprises","","","","","Maryland","Owner/Developer","https://www.icsc.com/member/profile/794548"
"Mark Gibbons","Greenberg Gibbons Commercial","","","","","Maryland","Owner/Developer","https://www.icsc.com/member/profile/509405"
"Brian Gibbons","Greenberg Gibbons Commercial","","","","","Maryland","Owner/Developer","https://www.icsc.com/member/profile/217072"
"Monte Gingery","Gingery Development Group","","","","","Maryland","Owner/Developer","https://www.icsc.com/member/profile/284578"
"Gregory Goldberg, CLS","Kite Realty Group","","","","","Maryland","Owner/Developer","https://www.icsc.com/member/profile/151070"
"Robin Gonzales Esq","First Washington Realty","","","","","Maryland","Owner/Developer","https://www.icsc.com/member/profile/658679"
"Evan Gordon","Ambrev Properties","","","","","Maryland","Owner/Developer","https://www.icsc.com/member/profile/865632"
"Adam Greenberg, CLS","DLC","","","","","Maryland","Owner/Developer","https://www.icsc.com/member/profile/416323"
"Brian Greene","Heritage Partners","","","","","Maryland","Owner/Developer","https://www.icsc.com/member/profile/175875"
"Hannah Hagerty","First Washington Realty","","","","","Maryland","Owner/Developer","https://www.icsc.com/member/profile/753529"
"Gabriel Hailemichael","Combined Properties Inc.","","","","","Maryland","Owner/Developer","https://www.icsc.com/member/profile/815248"
"Jim Hamlin","DRICMC Properties","","","","","Maryland","Owner/Developer","https://www.icsc.com/member/profile/690835"
"Alan Hammerschlag","Kodiak Properties L.L.C.","","","","","Maryland","Owner/Developer","https://www.icsc.com/member/profile/139636"
"Jessica Hansen","Broad Reach Retail Partners, LLC","","","","","Maryland","Owner/Developer","https://www.icsc.com/member/profile/785630"
"Brendan Harman","MCB Real Estate, LLC","","","","","Maryland","Owner/Developer","https://www.icsc.com/member/profile/805488"
"Len Harris","Promark Partners","","","","","Maryland","Owner/Developer","https://www.icsc.com/member/profile/141630"
"Sherita Harrison","Atapco Properties Inc.","","","","","Maryland","Owner/Developer","https://www.icsc.com/member/profile/864063"
"Katie Hays","First Washington Realty","","","","","Maryland","Owner/Developer","https://www.icsc.com/member/profile/821289"
"Carlos Heard","Saul Centers, Inc.","","","","","Maryland","Owner/Developer","https://www.icsc.com/member/profile/617379"
"Dana Henson","Henson Development Co.","","","","","Maryland","Owner/Developer","https://www.icsc.com/member/profile/785527"
"Daniel Henson III","Henson Development Co.","","","","","Maryland","Owner/Developer","https://www.icsc.com/member/profile/284547"
"Teresa Hernandez","Dodge Plaza Limited Partnership","","","","","Maryland","Owner/Developer","https://www.icsc.com/member/profile/851633"
"John Hess","MCB Real Estate, LLC","","","","","Maryland","Owner/Developer","https://www.icsc.com/member/profile/209998"
"Andrea Hidalgo","First Washington Realty","","","","","Maryland","Owner/Developer","https://www.icsc.com/member/profile/630888"
"Jonathan Higgins","Centennial Real Estate","","","","","Maryland","Owner/Developer","https://www.icsc.com/member/profile/855023"
"Christine Hines","JBG SMITH","","","","","Maryland","Owner/Developer","https://www.icsc.com/member/profile/365052"
"Tanya Hlinka","Woodmont Properties II, LLC","","","","","Maryland","Owner/Developer","https://www.icsc.com/member/profile/815719"
"Tracey Holehan","Greenberg Gibbons Commercial","","","","","Maryland","Owner/Developer","https://www.icsc.com/member/profile/328427"
"Daniel Holland","Epic Real Estate Partners - Acquired by MCB Real Estate, LLC","","","","","Maryland","Owner/Developer","https://www.icsc.com/member/profile/111672"
"Kelsi Holman","Continental Realty Corporation","","","","","Maryland","Owner/Developer","https://www.icsc.com/member/profile/673993"
"Roseanne Holmes","Continental Realty Corporation","","","","","Maryland","Owner/Developer","https://www.icsc.com/member/profile/686397"
"William Holzman","St John Properties, Inc","","","","","Maryland","Owner/Developer","https://www.icsc.com/member/profile/175308"
"Ryan Horka","Continental Realty Corporation","","","","","Maryland","Owner/Developer","https://www.icsc.com/member/profile/811469"
"Matt Horwitz","MCB Real Estate, LLC","","","","","Maryland","Owner/Developer","https://www.icsc.com/member/profile/697963"
"Benjamin Hoskins","Southside Investment Partners LLC","","","","","Maryland","Owner/Developer","https://www.icsc.com/member/profile/363688"
"Jamie Hudson","Epic Real Estate Partners - Acquired by MCB Real Estate, LLC","","","","","Maryland","Owner/Developer","https://www.icsc.com/member/profile/809945"
"Matt Hutton","Klein Enterprises","","","","","Maryland","Owner/Developer","https://www.icsc.com/member/profile/729441"
"Andrew Iszard","Combined Properties Inc.","","","","","Maryland","Owner/Developer","https://www.icsc.com/member/profile/508430"
"Barry Jakov","Finmarc Management Inc.","","","","","Maryland","Owner/Developer","https://www.icsc.com/member/profile/710384"
"Joe Janesin","First Washington Realty","","","","","Maryland","Owner/Developer","https://www.icsc.com/member/profile/628560"
"Cindy Johnson","First Washington Realty","","","","","Maryland","Owner/Developer","https://www.icsc.com/member/profile/827678"
"Ian Jost","First Washington Realty","","","","","Maryland","Owner/Developer","https://www.icsc.com/member/profile/869858"
"Adam Kaftol","Brooks & Goldman Realty","","","","","Maryland","Owner/Developer","https://www.icsc.com/member/profile/124247"
"James Kahler","First Washington Realty","","","","","Maryland","Owner/Developer","https://www.icsc.com/member/profile/499589"
"Theodore Kallergis","Broad Reach Retail Partners, LLC","","","","","Maryland","Owner/Developer","https://www.icsc.com/member/profile/867781"
"Omar Karim","Banneker Ventures","","","","","Maryland","Owner/Developer","https://www.icsc.com/member/profile/384546"
"Aaron Kearney","Quantum Companies","","","","","Maryland","Owner/Developer","https://www.icsc.com/member/profile/841989"
"Cherene Keenan","Continental Realty Corporation","","","","","Maryland","Owner/Developer","https://www.icsc.com/member/profile/413274"
"Julie Keleti","District Wharf Properties","","","","","Maryland","Owner/Developer","https://www.icsc.com/member/profile/730584"
"Dave Kirkland","SMS Group \ Americas' Realty","","","","","Maryland","Owner/Developer","https://www.icsc.com/member/profile/824143"
"Devin Kitchelt","The Cordish Companies","","","","","Maryland","Owner/Developer","https://www.icsc.com/member/profile/671837"
"Daniel Klein","Klein Enterprises","","","","","Maryland","Owner/Developer","https://www.icsc.com/member/profile/284544"
"Beau Kline","Kline & Associates","","","","","Maryland","Owner/Developer","https://www.icsc.com/member/profile/565361"
"Michael Kociemba","MFI Realty LLC","","","","","Maryland","Owner/Developer","https://www.icsc.com/member/profile/586045"
"Lilia Komleva","Combined Properties Inc.","","","","","Maryland","Owner/Developer","https://www.icsc.com/member/profile/663106"
"Connie Kousis","Kousis Management","","","","","Maryland","Owner/Developer","https://www.icsc.com/member/profile/173887"
"Dave Lazas","DR Horton","","","","","Maryland","Owner/Developer","https://www.icsc.com/member/profile/782321"
"Sophia Lee","CapStar Commercial Realty","","","","","Maryland","Owner/Developer","https://www.icsc.com/member/profile/861218"
"Samuel Lehrman","Lehrco Corporation","","","","","Maryland","Owner/Developer","https://www.icsc.com/member/profile/375181"
"John Lin","CapStar Commercial Realty","","","","","Maryland","Owner/Developer","https://www.icsc.com/member/profile/184279"
"Rich Lipsky","David S Brown Enterprises","","","","","Maryland","Owner/Developer","https://www.icsc.com/member/profile/215627"
"Eric Llewellyn","St John Properties, Inc","","","","","Maryland","Owner/Developer","https://www.icsc.com/member/profile/652621"
"Lauryn Lukin","Taubman Properties, LLC","","","","","Maryland","Owner/Developer","https://www.icsc.com/member/profile/696491"