CERT,Name,Address,City,State,State Code,ZIP,County,Website,Bank Class,Established,Insured Date,Total Assets (thousands),Total Assets (formatted),Employee Count
628,"JPMorgan Chase Bank, National Association",1111 Polaris Pkwy,Columbus,Ohio,OH,43240,Delaware,www.jpmorganchase.com,N,01/01/1824,01/01/1934,3813431000,$3813.43B,226927
3510,"Bank of America, National Association",100 N Tryon St,Charlotte,North Carolina,NC,28202,Mecklenburg,www.bankofamerica.com,N,10/17/1904,01/01/1934,2651090000,$2651.09B,135643
7213,"Citibank, National Association",5800 S Corporate Pl,Sioux Falls,South Dakota,SD,57108,Lincoln,www.citibank.com,N,06/16/1812,01/01/1934,1844189000,$1844.19B,175706
3511,"Wells Fargo Bank, National Association",3201 N 4th Ave,Sioux Falls,South Dakota,SD,57104,Minnehaha,www.wellsfargo.com,N,01/01/1870,01/01/1934,1767105000,$1767.11B,186018
6548,U.S. Bank National Association,425 Walnut St,Cincinnati,Ohio,OH,45202,Hamilton,www.usbank.com,N,07/13/1863,01/01/1934,679293260,$679.29B,66298
4297,"Capital One, National Association",1680 Capital One Dr,Mclean,Virginia,VA,22102,Fairfax,www.capitalone.com,N,05/22/1933,01/01/1934,652138082,$652.14B,83797
33124,Goldman Sachs Bank USA,200 West St,New York,New York,NY,10282,New York,www.marcus.com,SM,08/30/1990,11/28/2008,644020000,$644.02B,4432
6384,"PNC Bank, National Association",222 Delaware Ave,Wilmington,Delaware,DE,19801,New Castle,www.pnc.com,N,01/01/1804,01/01/1934,563953196,$563.95B,54034
9846,Truist Bank,214 N Tryon St,Charlotte,North Carolina,NC,28202,Mecklenburg,www.Truist.com,NM,01/01/1872,01/01/1934,535540000,$535.54B,36393
639,The Bank of New York Mellon,240 E Greenwich St,New York,New York,NY,10007,New York,www.bny.com,SM,01/01/1851,01/01/1934,366502000,$366.50B,40837
14,State Street Bank and Trust Company,One Congress Street,Boston,Massachusetts,MA,02114,Suffolk,www.statestreet.com,SM,01/01/1792,01/01/1934,366079000,$366.08B,49587
18409,"TD Bank, National Association",2035 Limestone Rd,Wilmington,Delaware,DE,19808,New Castle,www.td.com/us/en/personal-banking/,N,01/01/1852,07/01/1961,350851701,$350.85B,28266
32992,"Morgan Stanley Bank, National Association",201 S Main St Fl 5,Salt Lake City,Utah,UT,84111,Salt Lake,,N,05/25/1990,05/25/1990,249681000,$249.68B,270
16571,BMO Bank National Association,320 S Canal St,Chicago,Illinois,IL,60606,Cook,www.bmo.com,N,05/17/1947,05/17/1947,249342469,$249.34B,16866
57450,"Charles Schwab Bank, SSB",3000 Schwab Way,Westlake,Texas,TX,76262,Denton,www.schwabbank.com,SM,04/28/2003,04/28/2003,243112000,$243.11B,1074
34221,"Morgan Stanley Private Bank, National Association",2000 Westchester Ave,Purchase,New York,NY,10577,Westchester,www.etrade.com,N,08/12/1996,08/12/1996,240201000,$240.20B,1306
11063,First-Citizens Bank & Trust Company,239 Fayetteville St,Raleigh,North Carolina,NC,27601,Wake,www.firstcitizens.com,NM,01/01/1898,01/01/1934,233167000,$233.17B,17831
57957,"Citizens Bank, National Association",1 Citizens Plz,Providence,Rhode Island,RI,02903,Providence,www.citizensbank.com,N,05/13/2005,05/13/2005,222110656,$222.11B,17158
6672,"Fifth Third Bank, National Association",38 Fountain Square Plz,Cincinnati,Ohio,OH,45202,Hamilton,www.53.com,N,01/01/1865,01/01/1934,212207000,$212.21B,18465
27471,American Express National  Bank,115 W Towne Ridge Pkwy,Sandy,Utah,UT,84070,Salt Lake,www.americanexpress.com,N,03/20/1989,03/20/1989,211134002,$211.13B,2411
588,Manufacturers and Traders Trust Company,1 M And T Plz,Buffalo,New York,NY,14203,Erie,www.mtb.com,SM,01/01/1856,01/01/1934,210741944,$210.74B,21371
6560,The Huntington National Bank,17 S High St,Columbus,Ohio,OH,43215,Franklin,www.huntington.com,N,01/06/1866,01/01/1934,209540855,$209.54B,19049
17534,KeyBank National Association,127 Public Sq,Cleveland,Ohio,OH,44114,Cuyahoga,www.key.com,N,01/01/1849,01/16/1956,184694965,$184.69B,17747
57803,Ally Bank,200 W Civic Center Dr,Sandy,Utah,UT,84070,Salt Lake,www.ally.com,SM,08/02/2004,08/02/2004,180089000,$180.09B,9305
913,The Northern Trust Company,50 S La Salle St,Chicago,Illinois,IL,60603,Cook,www.northerntrust.com,SM,01/01/1889,01/01/1934,169571105,$169.57B,23382
57890,"HSBC Bank USA, National Association",1800 Tysons Blvd,Tysons,Virginia,VA,22102,Fairfax,https://www.about.us.hsbc.com/hsbc-in-the-usa,N,07/01/2004,07/01/2004,162239855,$162.24B,1881
12368,Regions Bank,1900 5th Ave N,Birmingham,Alabama,AL,35203,Jefferson,http://www.regions.com,SM,01/01/1928,01/01/1934,158598000,$158.60B,19562
57565,UBS Bank USA,95 S State St,Salt Lake City,Utah,UT,84111,Salt Lake,http://www.ubs.com/cefs/en/ubs-bank-usa/ubs-bank-usa.html,NM,09/15/2003,09/15/2003,115279525,$115.28B,634
27314,Synchrony Bank,170 W Election Rd,Draper,Utah,UT,84020,Salt Lake,www.synchronybank.com,SB,08/01/1988,08/01/1988,110559000,$110.56B,10229
32188,USAA Federal Savings Bank,1 Norterra Dr,Phoenix,Arizona,AZ,85085,Maricopa,www.usaa.com,SB,12/30/1983,08/09/1989,104903000,$104.90B,13221
29950,"Santander Bank, N.A.",824 N Market St,Wilmington,Delaware,DE,19801,New Castle,www.santander.com,N,01/01/1907,08/09/1989,97745560,$97.75B,5217
17281,City National Bank,555 S Flower St,Los Angeles,California,CA,90071,Los Angeles,www.cnb.com,N,12/04/1953,12/04/1953,96473902,$96.47B,7791
32541,"Flagstar Bank, National Association",102 Duffy Ave,Hicksville,New York,NY,11801,Nassau,www.flagstar.com,N,05/20/1987,08/09/1989,91593478,$91.59B,5593
57512,Western Alliance Bank,1 E Washington St,Phoenix,Arizona,AZ,85004,Maricopa,www.westernalliancebancorporation.com,SM,02/03/2003,02/03/2003,90816270,$90.82B,3734
2270,"Zions Bancorporation, N.A.",1 S Main St,Salt Lake City,Utah,UT,84133,Salt Lake,www.zionsbancorporation.com,N,07/06/1873,01/01/1934,88533079,$88.53B,9286
18221,"Webster Bank, National Association",1959 Summer St,Stamford,Connecticut,CT,06905,Western Connecticut,www.websterbank.com,N,01/01/1870,07/01/1960,83097405,$83.10B,4501
4977,First Horizon Bank,165 Madison Ave,Memphis,Tennessee,TN,38103,Shelby,www.firsthorizon.com,SM,01/01/1864,01/01/1934,82886598,$82.89B,7348
31628,East West Bank,135 N Los Robles Ave,Pasadena,California,CA,91101,Los Angeles,https://www.eastwestbank.com,SM,01/01/1972,08/09/1989,79081956,$79.08B,3255
983,Comerica Bank,1717 Main St,Dallas,Texas,TX,75201,Dallas,www.comerica.com,SM,03/05/1849,01/01/1934,77366000,$77.37B,7738
8273,"UMB Bank, National Association",1010 Grand Blvd,Kansas City,Missouri,MO,64106,Jackson,www.umb.com,N,08/28/1902,01/01/1934,71519137,$71.52B,4241
3832,Old National Bank,1 Main St,Evansville,Indiana,IN,47708,Vanderburgh,www.oldnational.com,N,08/27/1907,01/01/1934,70996954,$71.00B,4686
17266,Columbia Bank,445 Se Main St,Roseburg,Oregon,OR,97470,Douglas,www.columbiabank.com/,NM,11/09/1953,11/09/1953,67491443,$67.49B,5845
33555,"SouthState Bank, National Association",1101 1st St S,Winter Haven,Florida,FL,33880,Polk,www.southstatebank.com,N,02/21/1992,02/21/1992,66027921,$66.03B,6259
9396,Valley National Bank,615 Main Ave,Passaic,New Jersey,NJ,07055,Passaic,www.valley.com,N,01/01/1927,01/01/1934,62959203,$62.96B,3624
33306,CIBC Bank USA,120 S La Salle St,Chicago,Illinois,IL,60603,Cook,us.cibc.com,SM,02/06/1991,02/06/1991,61487093,$61.49B,2606
34968,Banco Popular de Puerto Rico,209 Avenida Luis Munoz Rivera,San Juan,Puerto Rico,PR,00918,San Juan,www.popular.com,SM,01/02/1999,01/02/1999,59601000,$59.60B,7296
35583,Pinnacle Bank,21 Platform Way S,Nashville,Tennessee,TN,37203,Davidson,www.pnfp.com,SM,10/27/2000,10/27/2000,55867973,$55.87B,3658
11813,Cadence Bank,201 S Spring St,Tupelo,Mississippi,MS,38804,Lee,www.cadencebank.com,SM,03/01/1876,01/01/1934,53282352,$53.28B,5825
5510,Frost  Bank,111 W Houston St,San Antonio,Texas,TX,78205,Bexar,www.frostbank.com,SM,02/20/1899,01/01/1934,52598588,$52.60B,5957
4214,"BOKF, National Association",1 Williams Ctr,Tulsa,Oklahoma,OK,74172,Tulsa,www.bokfinancial.com,N,02/10/1910,01/01/1934,49918282,$49.92B,4828
7888,First National Bank of Pennsylvania,166 Main St,Greenville,Pennsylvania,PA,16125,Mercer,www.fnb-online.com,N,02/04/1864,01/01/1934,49665430,$49.67B,4193
57203,Barclays Bank Delaware,125 S West St,Wilmington,Delaware,DE,19801,New Castle,www.barclaysus.com/deposits,NM,05/23/2001,05/23/2001,46823000,$46.82B,4250
34775,"EverBank, National Association",301 W Bay St,Jacksonville,Florida,FL,32202,Duval,www.everbank.com,N,10/01/1998,10/01/1998,44814438,$44.81B,1864
5296,"Associated Bank, National Association",200 N Adams St,Green Bay,Wisconsin,WI,54301,Brown,www.associatedbank.com,N,01/01/1874,01/01/1934,44393788,$44.39B,3949
33893,Raymond James Bank,710 Carillon Pkwy,Saint Petersburg,Florida,FL,33716,Pinellas,www.raymondjamesbank.com,SM,05/06/1994,05/06/1994,42857360,$42.86B,388
110,Bank OZK,18000 Cantrell Rd,Little Rock,Arkansas,AR,72223,Pulaski,http://www.ozk.com,NM,03/03/1903,01/01/1934,41606548,$41.61B,3246
26881,"SoFi Bank, National Association",2750 E Cottonwood Pkwy,Cottonwood Heights,Utah,UT,84121,Salt Lake,www.sofi.com,N,12/29/1986,12/29/1986,41250282,$41.25B,1827
4063,MidFirst Bank,501 Nw Grand Blvd,Oklahoma City,Oklahoma,OK,73118,Oklahoma,www.midfirst.com,SB,02/28/1911,08/09/1989,41161881,$41.16B,3294
33653,Bank of China,1045 Avenue Of The Americas,New York,New York,NY,10018,New York,,OI,01/01/1912,11/16/1981,40299784,$40.30B,
623,Deutsche Bank Trust Company Americas,1 Columbus Cir,New York,New York,NY,10019,New York,http://www.db.com,SM,03/30/1903,01/01/1934,40293000,$40.29B,367
16835,Prosperity Bank,1301 N Mechanic St,El Campo,Texas,TX,77437,Wharton,www.prosperitybankusa.com,NM,09/13/1949,09/13/1949,38360065,$38.36B,3937
34589,Atlantic Union Bank,1051 E Cary St,Richmond City,Virginia,VA,23219,Richmond City,www.atlanticunionbank.com,SM,11/04/1997,11/04/1997,36991202,$36.99B,3100
12441,Hancock Whitney Bank,2510 14th St,Gulfport,Mississippi,MS,39501,Harrison,www.hancockwhitney.com,NM,10/09/1899,01/01/1934,35747114,$35.75B,3603
58979,"BankUnited, National Association",14817 Oak Ln,Miami Lakes,Florida,FL,33016,Miami-Dade,www.BankUnited.com,N,05/21/2009,05/21/2009,35065427,$35.07B,1751
33947,"TD Bank USA, National Association",2035 Limestone Rd,Wilmington,Delaware,DE,19808,New Castle,www.td.com/us/en/personal-banking/,N,10/13/1994,10/13/1994,34297872,$34.30B,102
24045,Banc of California,11611 San Vicente Blvd,Los Angeles,California,CA,90049,Los Angeles,www.bancofcal.com,SM,08/26/1982,08/26/1982,33923978,$33.92B,1899
22858,United Bank,11185 Fairfax Blvd,Fairfax,Virginia,VA,22030,Fairfax,www.bankwithunited.com,SM,05/10/1979,05/10/1979,33293363,$33.29B,2703
5452,First National Bank of Omaha,1601 Capitol Avenue,Omaha,Nebraska,NE,68102,Douglas,www.fnbo.com,N,01/01/1857,01/01/1934,32340615,$32.34B,3886
34383,Texas Capital Bank,2000 Mckinney Ave,Dallas,Texas,TX,75201,Dallas,www.texascapitalbank.com,SM,10/03/1997,10/03/1997,32246474,$32.25B,1774
24998,Commerce Bank,1000 Walnut St,Kansas City,Missouri,MO,64106,Jackson,www.commercebank.com,SM,02/21/1984,02/21/1984,32080679,$32.08B,4506
7551,"Fulton Bank, National Association",1 Penn Sq,Lancaster,Pennsylvania,PA,17602,Lancaster,www.fultonbank.com,N,01/01/1882,01/01/1934,31842186,$31.84B,3358
7946,"BNY Mellon, National Association",500 Grant St,Pittsburgh,Pennsylvania,PA,15258,Allegheny,www.bny.com,N,01/01/1869,01/01/1934,31312000,$31.31B,1384
58177,Sallie Mae Bank,175 S West Temple,Salt Lake City,Utah,UT,84101,Salt Lake,www.salliemae.com,NM,11/28/2005,11/28/2005,29619252,$29.62B,1784
30788,Glacier Bank,49 Commons Loop,Kalispell,Montana,MT,59901,Flathead,www.glacierbank.com,NM,07/15/1955,08/09/1989,28997691,$29.00B,3642
16889,United Community Bank,200 E Camperdown Way,Greenville,South Carolina,SC,29601,Greenville,www.ucbi.com,SM,03/01/1950,03/01/1950,28087547,$28.09B,3046
20234,City National Bank of Florida,25 W Flagler St,Miami,Florida,FL,33130,Miami-Dade,www.citynational.com,N,08/12/1970,08/12/1970,27770671,$27.77B,1112
803,"WesBanco Bank, Inc.",1 Bank Plz,Wheeling,West Virginia,WV,26003,Ohio,www.wesbanco.com,NM,01/20/1870,01/01/1934,27465831,$27.47B,3010
8728,Arvest Bank,75 N East Ave,Fayetteville,Arkansas,AR,72701,Washington,www.arvest.com,SM,01/01/1871,01/01/1934,27349420,$27.35B,6118
1105,First Interstate Bank,401 N 31st St,Billings,Montana,MT,59101,Yellowstone,www.firstinterstatebank.com,SM,10/09/1916,01/01/1934,27254238,$27.25B,3237
20504,Ameris Bank,3490 Piedmont Rd Ne,Atlanta,Georgia,GA,30305,Fulton,http://www.amerisbank.com,NM,10/01/1971,10/01/1971,27013931,$27.01B,2700
12437,Renasant Bank,209 Troy St,Tupelo,Mississippi,MS,38804,Lee,www.renasant.com,NM,02/27/1904,01/01/1934,26722596,$26.72B,3058
28088,WaFd Bank,425 Pike St,Seattle,Washington,WA,98101,King,www.wafdbank.com,NM,01/01/1917,08/09/1989,26682607,$26.68B,1979
18714,FirstBank,10403 W Colfax Ave,Lakewood,Colorado,CO,80215,Jefferson,www.efirstbank.com/,SM,02/27/1963,02/27/1963,26620953,$26.62B,2301
35546,Axos Bank,4350 La Jolla Village Dr,San Diego,California,CA,92122,San Diego,www.axosbank.com,SB,07/04/2000,07/04/2000,26345444,$26.35B,1493
32773,Eastern Bank,125 High St,Boston,Massachusetts,MA,02110,Suffolk,www.easternbank.com,NM,10/19/1989,10/19/1989,25448467,$25.45B,1981
33497,"Charles Schwab Premier Bank, SSB",3000 Schwab Way,Westlake,Texas,TX,76262,Denton,,SM,08/30/1991,08/30/1991,25134000,$25.13B,151
9712,Rockland Trust Company,288 Union St,Rockland,Massachusetts,MA,02370,Plymouth,http://www.rocklandtrust.com,NM,09/10/1907,01/01/1934,24993348,$24.99B,2277
12010,Provident Bank,239 Washington St,Jersey City,New Jersey,NJ,07302,Hudson,http://www.provident.Bank,SI,02/28/1839,01/01/1934,24840140,$24.84B,1840
58303,"Ameriprise Bank, FSB",901 3rd Avenue South,Minneapolis,Minnesota,MN,55402,Hennepin,www.ameriprise.com,SB,09/14/2006,09/14/2006,24297035,$24.30B,167
34444,Customers Bank,40 General Warren Blvd,Malvern,Pennsylvania,PA,19355,Chester,www.customersbank.com,SM,06/26/1997,06/26/1997,24261355,$24.26B,854
3890,Simmons Bank,501 S Main St,Pine Bluff,Arkansas,AR,71601,Jefferson,www.simmonsbank.com,SM,03/23/1903,01/01/1934,24164419,$24.16B,2873
17985,First Hawaiian Bank,999 Bishop St,Honolulu,Hawaii,HI,96813,Honolulu,www.fhb.com,NM,01/01/1858,04/13/1959,24101748,$24.10B,2001
18503,Cathay Bank,777 N Broadway,Los Angeles,California,CA,90012,Los Angeles,www.cathaybank.com,NM,04/19/1962,04/19/1962,24059479,$24.06B,1264
18053,Bank of Hawaii,111 S King St,Honolulu,Hawaii,HI,96813,Honolulu,www.boh.com,SM,01/01/1897,07/10/1959,23980457,$23.98B,1905
33682,State Bank of India,460 Park Ave,New York,New York,NY,10022,New York,,OI,07/05/1955,12/08/1971,22969873,$22.97B,
17798,Beacon Bank and Trust,2 Harvard St,Brookline,Massachusetts,MA,02445,Norfolk,www.beaconbank.com,SM,01/01/1871,09/03/1957,22779605,$22.78B,2028
1768,Mechanics Bank,1111 Civic Dr,Walnut Creek,California,CA,94596,Contra Costa,www.mechanicsbank.com,NM,01/01/1905,01/01/1934,22712606,$22.71B,2032
11241,Centennial Bank,620 Chestnut St,Conway,Arkansas,AR,72032,Faulkner,http://www.my100bank.com,SM,01/01/1903,01/01/1934,22542008,$22.54B,2571
58457,TriState Capital Bank,1 Oxford Ctr,Pittsburgh,Pennsylvania,PA,15219,Allegheny,http://www.tscbank.com,SM,01/22/2007,01/22/2007,22333726,$22.33B,469
17838,"Wilmington Savings Fund Society, FSB",500 Delaware Ave,Wilmington,Delaware,DE,19801,New Castle,www.wsfsbank.com,SB,02/18/1832,02/06/1958,20758310,$20.76B,2264
57408,"Optum Bank, Inc.",12921 S Vista Station Blvd,Draper,Utah,UT,84020,Salt Lake,www.optumbank.com,NM,07/21/2003,07/21/2003,20102000,$20.10B,692
35095,TowneBank,5716 High St W,Portsmouth,Virginia,VA,23703,Portsmouth City,www.townebank.com,NM,04/08/1999,04/08/1999,19682522,$19.68B,2916
57311,Stifel Bank and Trust,501 N Broadway,Saint Louis,Missouri,MO,63102,St. Louis City,www.stifelbank.com,SM,04/16/2002,04/16/2002,19672298,$19.67B,315
30387,FirstBank Puerto Rico,1519 Ave Ponce De Leon,Santurce,Puerto Rico,PR,00909,San Juan,www.1firstbank.com,NM,01/17/1949,08/09/1989,19300144,$19.30B,3162
8056,Merchants Bank of Indiana,410 Monon Blvd,Carmel,Indiana,IN,46032,Hamilton,www.bankmerchants.com,NM,06/23/1923,01/01/1934,19296676,$19.30B,729
12633,The Central Trust Bank,238 Madison St,Jefferson City,Missouri,MO,65101,Cole,www.centralbank.net,SM,02/03/1902,01/01/1934,19187778,$19.19B,2911
16068,Apple Bank,122 E 42nd St,New York,New York,NY,10168,New York,www.applebank.com,SI,04/17/1863,07/01/1943,18817415,$18.82B,1312
4988,Trustmark Bank,248 E Capitol St,Jackson,Mississippi,MS,39201,Hinds,www.trustmark.com,SM,12/19/1889,01/01/1934,18799160,$18.80B,2539
4365,First Merchants Bank,200 E Jackson St,Muncie,Indiana,IN,47305,Delaware,http://www.firstmerchants.com,NM,03/13/1893,01/01/1934,18798822,$18.80B,2014
26610,Bank of Hope,3200 Wilshire Blvd,Los Angeles,California,CA,90010,Los Angeles,www.bankofhope.com,NM,03/18/1986,03/18/1986,18501184,$18.50B,1467
6600,First Financial Bank,255 E 5th St,Cincinnati,Ohio,OH,45202,Hamilton,www.bankatfirst.com,SM,01/01/1863,01/01/1934,18457048,$18.46B,1986
16450,Busey Bank,100 W University Ave,Champaign,Illinois,IL,61820,Champaign,www.busey.com,SM,07/08/1946,07/08/1946,18137534,$18.14B,1869
57993,ServisFirst Bank,2500 Woodcrest Pl,Birmingham,Alabama,AL,35209,Jefferson,WWW.SERVISFIRSTBANK.COM,NM,05/02/2005,05/02/2005,17582987,$17.58B,650
30012,Third Federal Savings and Loan Association of Cleveland,7007 Broadway Ave,Cleveland,Ohio,OH,44105,Cuyahoga,www.thirdfederal.com,SB,08/04/1938,08/09/1989,17443573,$17.44B,955
131,Seacoast National Bank,815 S Colorado Ave,Stuart,Florida,FL,34994,Martin,www.seacoastbank.com,N,01/01/1933,01/01/1934,16666792,$16.67B,1574
6989,"Community Bank, National Association",45-49 Court Street,Canton,New York,NY,13617,St. Lawrence,www.cbna.com,N,01/01/1866,01/01/1934,16659126,$16.66B,2045
28489,Banner Bank,10 S 1st Ave,Walla Walla,Washington,WA,99362,Walla Walla,www.bannerbank.com,NM,01/01/1890,08/09/1989,16556018,$16.56B,1883
4239,First United Bank and Trust Company,1400 W Main St,Durant,Oklahoma,OK,74701,Bryan,www.firstunitedbank.com,SM,01/01/1900,01/01/1934,16454964,$16.45B,1898
57833,Beal Bank USA,1970 Village Center Cir,Las Vegas,Nevada,NV,89134,Clark,www.bealbankUSA.com,NM,08/02/2004,08/02/2004,16448622,$16.45B,206
28178,Northwest Bank,100 Liberty St,Warren,Pennsylvania,PA,16365,Warren,WWW.NORTHWEST.COM,SI,01/01/1896,08/09/1989,16387253,$16.39B,2190
27237,Enterprise Bank & Trust,150 N Meramec Ave,Clayton,Missouri,MO,63105,St. Louis,http://www.enterprisebank.com,NM,05/09/1988,05/09/1988,16378148,$16.38B,1298
8663,FirstBank,1221 Broadway,Nashville,Tennessee,TN,37203,Davidson,www.firstbankonline.com,SM,01/01/1906,01/01/1934,16200579,$16.20B,1610
7230,"NBT Bank, National Association",52 S Broad St,Norwich,New York,NY,13815,Chenango,www.nbtbank.com,N,03/03/1856,01/01/1934,16002805,$16.00B,1926
21716,"Citizens Business Bank, National Association",701 N Haven Ave,Ontario,California,CA,91764,San Bernardino,http://www.cbbank.com,N,08/09/1974,08/09/1974,15669875,$15.67B,1043
25178,"Bank of America California, National Association",555 California St,San Francisco,California,CA,94104,San Francisco,www.bankofamerica.com,N,05/18/1984,05/18/1984,15015000,$15.02B,0
34967,Popular Bank,85 Broad St,New York,New York,NY,10004,New York,www.popularbank.com,SM,01/02/1999,01/02/1999,14939674,$14.94B,832
3066,First Financial Bank,400 Pine St,Abilene,Texas,TX,79601,Taylor,www.ffin.com/,SM,01/01/1889,01/01/1934,14779478,$14.78B,1445
58665,Live Oak Banking Company,1757 Tiburon Dr,Wilmington,North Carolina,NC,28403,New Hanover,www.liveoak.bank,NM,05/12/2008,05/12/2008,14581672,$14.58B,1005
6976,Dime Community Bank,898 Veterans Memorial Hwy,Hauppauge,New York,NY,11788,Suffolk,WWW.DIME.COM,SM,02/19/1909,01/01/1934,14528464,$14.53B,912
29209,NexBank,2515 Mckinney Ave,Dallas,Texas,TX,75201,Dallas,www.nexbank.com,NM,11/30/1934,08/09/1989,14443066,$14.44B,100
19977,Israel Discount Bank of New York,1114 Avenue Of The Americas,New York,New York,NY,10036,New York,www.idbny.com,NM,01/01/1922,07/01/1969,14419007,$14.42B,685
28359,"OceanFirst Bank, National Association",975 Hooper Ave,Toms River,New Jersey,NJ,08753,Ocean,www.oceanfirst.com,N,01/01/1902,08/09/1989,14230921,$14.23B,1019
19581,Bell Bank,520 Main Ave,Fargo,North Dakota,ND,58103,Cass,www.bell.bank,NM,05/06/1966,05/06/1966,14135435,$14.14B,1904
33681,Bank of Baroda,1 Park Ave,New York,New York,NY,10016,New York,,OI,01/01/1908,02/22/1979,14050349,$14.05B,
57919,ConnectOne Bank,301 Sylvan Ave,Englewood Cliffs,New Jersey,NJ,07632,Bergen,www.connectonebank.com,NM,01/15/2005,01/15/2005,14013611,$14.01B,738
57542,Toyota Financial Savings Bank,2485 Village View Dr,Henderson,Nevada,NV,89074,Clark,www.toyotabank.com,NM,08/16/2004,08/16/2004,13902417,$13.90B,219
15019,First Bank,205 Se Broad St,Southern Pines,North Carolina,NC,28387,Moore,www.localfirstbank.com,SM,01/01/1934,02/08/1935,12740536,$12.74B,1352
57570,Comenity Capital Bank,12921 S Vista Station Blvd,Draper,Utah,UT,84020,Salt Lake,Savings.Breadfinancial.com,NM,12/01/2003,12/01/2003,12699009,$12.70B,269
17491,PlainsCapital Bank,6565 Hillcrest Ave,University Park,Texas,TX,75205,Dallas,www.plainscapital.com,SM,09/15/1955,09/15/1955,12641377,$12.64B,2284
35141,BMW Bank of North America,2855 East Cottonwood Parkway,Salt Lake City,Utah,UT,84121,Salt Lake,http://www.bmwusa.com,NM,11/12/1999,11/12/1999,12469104,$12.47B,27
26876,Safra National Bank of New York,546 5th Ave,New York,New York,NY,10036,New York,www.safra.com,N,01/01/1987,01/01/1987,12407861,$12.41B,386
7468,First Commonwealth Bank,654 Philadelphia St,Indiana,Pennsylvania,PA,15701,Indiana,www.fcbanking.com,NM,09/21/1880,01/01/1934,12279028,$12.28B,1548
32245,"Dollar Bank, Federal Savings Bank",340 4th Ave,Pittsburgh,Pennsylvania,PA,15222,Allegheny,www.dollar.bank,SB,09/21/1984,08/09/1989,12219114,$12.22B,1520
31469,Oriental Bank,254 Munoz Rivera,San Juan,Puerto Rico,PR,00918,San Juan,http://www.orientalbank.com,NM,03/25/1965,08/09/1989,12132496,$12.13B,2186
57358,Stifel Bank,501 N Broadway,Saint Louis,Missouri,MO,63102,St. Louis City,www.stifelbankstl.com,SM,05/16/2002,05/16/2002,11960063,$11.96B,96
58647,First Foundation Bank,18101 Von Karman Ave,Irvine,California,CA,92612,Orange,http://www.firstfoundationinc.com,NM,10/01/2007,10/01/2007,11886084,$11.89B,508
27476,BancFirst,100 N Broadway Ave,Oklahoma City,Oklahoma,OK,73102,Oklahoma,www.bancfirst.bank,SM,04/01/1989,04/01/1989,11860553,$11.86B,1918
1225,Farmers and Merchants Bank of Long Beach,302 Pine Ave,Long Beach,California,CA,90802,Los Angeles,www.fmb.com,SM,11/20/1907,01/01/1934,11621496,$11.62B,823
32551,"LendingClub Bank, National Association",2701 N Thanksgiving Way,Lehi,Utah,UT,84043,Utah,www.lendingclub.com,N,08/26/1987,08/09/1989,10967271,$10.97B,1091
28834,Columbia Bank,19-01 Route 208,Fair Lawn,New Jersey,NJ,07410,Bergen,www.columbiabankonline.com,SB,01/01/1926,08/09/1989,10858331,$10.86B,795
34742,EagleBank,7500 Old Georgetown Rd,Bethesda,Maryland,MD,20814,Montgomery,www.eaglebankcorp.com,SM,07/20/1998,07/20/1998,10763529,$10.76B,468
1281,Washington Trust Bank,717 W Sprague Ave,Spokane,Washington,WA,99201,Spokane,www.watrust.com,NM,11/03/1902,01/01/1934,10628299,$10.63B,1233
58629,Stellar Bank,8727 W Sam Houston Pkwy N,Houston,Texas,TX,77040,Harris,www.stellar.bank,SM,10/15/2007,10/15/2007,10626532,$10.63B,1065
22953,"Amerant Bank, National Association",220 Alhambra Cir,Coral Gables,Florida,FL,33134,Miami-Dade,www.amerantbank.com,N,09/17/1979,09/17/1979,10386958,$10.39B,704
59052,NBH Bank,7800 E Orchard Rd,Greenwood Village,Colorado,CO,80111,Arapahoe,www.nbhbank.com,SM,12/10/2010,12/10/2010,10106680,$10.11B,1254
14531,Amarillo National Bank,410 S Taylor St,Amarillo,Texas,TX,79101,Potter,www.anb.com,N,01/01/1892,01/01/1934,9961105,$9.96B,926
33661,"Mizrahi Tefahot Bank, Ltd.",633 W 5th St,Los Angeles,California,CA,90071,Los Angeles,,OI,06/01/1923,08/18/1981,9939146,$9.94B,
12854,Centier Bank,1500 119th St,Whiting,Indiana,IN,46394,Lake,www.centier.com,NM,04/21/1895,01/01/1934,9917852,$9.92B,1062
21943,Tri Counties Bank,63 Constitution Dr,Chico,California,CA,95973,Butte,www.tcbk.com,NM,03/11/1975,03/11/1975,9874826,$9.87B,1146
19629,International Bank of Commerce,1200 San Bernardo Ave,Laredo,Texas,TX,78040,Webb,www.ibc.com,NM,09/02/1966,09/02/1966,9847078,$9.85B,1392
11124,S&T Bank,800 Philadelphia St,Indiana,Pennsylvania,PA,15701,Indiana,http://www.stbank.com,NM,05/21/1902,01/01/1934,9812431,$9.81B,1218
6653,The Park National Bank,50 N 3rd St,Newark,Ohio,OH,43055,Licking,www.parknationalbank.com,N,07/08/1908,01/01/1934,9802597,$9.80B,1693
20624,Byline Bank,180 N La Salle St,Chicago,Illinois,IL,60601,Cook,www.bylinebank.com,NM,03/01/1972,03/01/1972,9791356,$9.79B,1019
27981,Capitol Federal Savings Bank,700 S Kansas Ave,Topeka,Kansas,KS,66603,Shawnee,www.capfed.com,SB,01/01/1893,08/09/1989,9791186,$9.79B,655
12614,Origin Bank,3921 Elm St,Choudrant,Louisiana,LA,71227,Lincoln,www.origin.bank,SM,11/23/1912,01/01/1934,9688625,$9.69B,860
59108,Charles Schwab Trust Bank,3000 Schwab Way,Westlake,Texas,TX,76262,Denton,,SM,07/02/2018,07/02/2018,9669559,$9.67B,250
6544,Peoples Bank,138 Putnam St,Marietta,Ohio,OH,45750,Washington,https://www.peoplesbancorp.com/,SM,05/26/1902,01/01/1934,9611742,$9.61B,1454
33686,Bank Hapoalim B.M.,1120 Avenue Of The Americas,New York,New York,NY,10036,New York,,OI,01/01/1921,11/25/1974,9597648,$9.60B,
33935,"Wintrust Bank, National Association",231 S La Salle St,Chicago,Illinois,IL,60604,Cook,www.wintrustbank.com,N,09/14/1994,09/14/1994,9404818,$9.40B,626
258,Stock Yards Bank & Trust Company,1040 E Main St,Louisville,Kentucky,KY,40206,Jefferson,www.syb.com,NM,06/01/1904,01/01/1934,9303136,$9.30B,1140
23220,Woodforest National Bank,1330 Lake Robbins Dr,The Woodlands,Texas,TX,77380,Montgomery,www.woodforest.com,N,09/05/1980,09/05/1980,9302375,$9.30B,4342
27389,Wells Fargo National Bank West,4455 Spring Mountain Rd,Las Vegas,Nevada,NV,89102,Clark,www.wellsfargo.com,N,12/01/1988,12/01/1988,9289489,$9.29B,0
27589,"Lake Forest Bank & Trust Company, National Association",727 N Bank Ln,Lake Forest,Illinois,IL,60045,Lake,www.lakeforestbank.com,N,05/21/1986,12/26/1991,9241590,$9.24B,778
34519,Merrick Bank,10705 S Jordan Gtwy,South Jordan,Utah,UT,84095,Salt Lake,http://www.merrickbank.com,NM,09/22/1997,09/22/1997,9112904,$9.11B,560
9087,1st Source Bank,100 N Michigan St Ste B,South Bend,Indiana,IN,46601,St. Joseph,www.1stsource.com,SM,01/01/1922,01/01/1934,9053203,$9.05B,1188
57038,Nicolet National Bank,111 North Washington Street,Green Bay,Wisconsin,WI,54301,Brown,www.nicoletbank.com,N,10/31/2000,10/31/2000,9015325,$9.02B,967
34507,Principal Bank,750 Park Street,Des Moines,Iowa,IA,50309,Polk,www.principal.com/bank,SB,02/12/1998,02/12/1998,9009668,$9.01B,682
13421,Union Bank and Trust Company,3643 S 48th St,Lincoln,Nebraska,NE,68506,Lancaster,www.ubt.com,NM,02/28/1917,01/01/1934,8881740,$8.88B,1037
58564,Flushing Bank,260e Rxr Plz,Uniondale,New York,NY,11556,Nassau,www.flushingbank.com,NM,05/01/2007,05/01/2007,8872087,$8.87B,566
32526,"American Savings Bank, National Association",300 N Beretania St,Honolulu,Hawaii,HI,96817,Honolulu,www.asbhawaii.com,N,01/23/1987,08/09/1989,8794992,$8.79B,983
622,Amalgamated Bank,275 7th Ave,New York,New York,NY,10001,New York,http://AMALGAMATEDBANK.COM,NM,04/14/1923,01/01/1934,8685841,$8.69B,439
17943,Liberty Bank,245 Long Hill Rd,Middletown,Connecticut,CT,06457,Lower Connecticut River Valley,www.liberty-bank.com,SI,05/15/1825,01/02/1959,8682051,$8.68B,876
35444,"The Bancorp Bank, National Association",345 N Reid Pl,Sioux Falls,South Dakota,SD,57103,Minnehaha,www.thebancorp.com,N,07/28/2000,07/28/2000,8577059,$8.58B,762
10634,Pinnacle Bank,1401 N St,Lincoln,Nebraska,NE,68508,Lancaster,www.pinnbank.com,NM,01/01/1880,01/01/1934,8566872,$8.57B,896
7759,Univest  Bank and Trust Co.,790 Route 113,Souderton,Pennsylvania,PA,18964,Bucks,http://www.univest.net,SM,04/01/1876,01/01/1934,8544889,$8.54B,845
4767,"Sunflower Bank, National Association",8117 Preston Rd,Dallas,Texas,TX,75225,Dallas,www.sunflowerbank.com,N,05/24/1892,01/01/1934,8482238,$8.48B,1166
5633,First Security Bank,314 N Spring St,Searcy,Arkansas,AR,72143,White,www.fsbank.com,SM,02/06/1932,01/01/1934,8460369,$8.46B,885
34697,WEX Bank,111 E Sego Lily Dr,Sandy,Utah,UT,84070,Salt Lake,www.wexinc.com,NM,06/01/1998,06/01/1998,8438668,$8.44B,82
609,Tompkins Community Bank,118 E Seneca St,Ithaca,New York,NY,14850,Tompkins,www.tompkinsbank.com,NM,01/01/1934,01/01/1934,8431089,$8.43B,830
23296,Salem Five Cents Savings Bank,71 Washington St,Salem,Massachusetts,MA,01970,Essex,http://www.salemfive.com,NM,03/09/1855,01/02/1981,8426346,$8.43B,640
17393,German American Bank,711 Main St,Jasper,Indiana,IN,47546,Dubois,www.germanamerican.com,NM,11/10/1910,01/18/1955,8387520,$8.39B,965
18297,Southside Bank,1201 S Beckham Ave,Tyler,Texas,TX,75701,Smith,www.southside.com,NM,10/03/1960,10/03/1960,8375996,$8.38B,784
34699,Metropolitan Commercial Bank,99 Park Ave,New York,New York,NY,10016,New York,www.mcbankny.com,SM,06/21/1999,06/21/1999,8233294,$8.23B,314
13876,CNB Bank,1 S 2nd St,Clearfield,Pennsylvania,PA,16830,Clearfield,www.cnbbank.bank,NM,01/27/1934,02/09/1934,8231937,$8.23B,928
58410,Cross River Bank,2115 Linwood Ave,Fort Lee,New Jersey,NJ,07024,Bergen,http://www.crossriverbank.com,NM,06/23/2008,06/23/2008,8120330,$8.12B,889
3657,First American Bank,700 Busse Rd,Elk Grove Village,Illinois,IL,60007,Cook,www.firstambank.com,NM,03/26/1901,01/01/1934,8071017,$8.07B,880
26312,"First American Trust, FSB",5 First American Way,Santa Ana,California,CA,92707,Orange,www.firstamtrust.com,SB,07/30/1985,08/09/1989,7975301,$7.98B,216
58228,b1BANK,500 Laurel St,Baton Rouge,Louisiana,LA,70801,East Baton Rouge,www.b1bank.com,NM,02/01/2006,02/01/2006,7947230,$7.95B,847
5903,BankPlus,202 E Jackson St,Belzoni,Mississippi,MS,39038,Humphreys,http://www.bankplus.net,NM,01/01/1909,01/01/1934,7915475,$7.92B,1078
11578,Burke & Herbert Bank & Trust Company,100 S Fairfax St,Alexandria,Virginia,VA,22314,Alexandria City,www.burkeandherbertbank.com,SM,01/01/1852,01/01/1934,7871274,$7.87B,829
24170,Hanmi Bank,3660 Wilshire Blvd Ste Ph-A,Los Angeles,California,CA,90010,Los Angeles,www.hanmi.com,NM,12/15/1982,12/15/1982,7811870,$7.81B,609
3705,"First Mid Bank & Trust, National Association",1515 Charleston Ave,Mattoon,Illinois,IL,61938,Coles,www.firstmid.com,N,02/08/1865,01/01/1934,7768551,$7.77B,1000
57614,Forbright Bank,7963 Tuckerman Ln,Potomac,Maryland,MD,20854,Montgomery,WWW.FORBRIGHTBANK.COM,NM,10/17/2003,10/17/2003,7692595,$7.69B,564
28765,Kearny Bank,614 Kearny Ave,Kearny,New Jersey,NJ,07032,Hudson,www.kearnybank.com,SI,01/01/1884,08/09/1989,7633562,$7.63B,522
18618,SMBC MANUBANK,"515 South Figueroa Street, Ground Floor",Los Angeles,California,CA,90071,Los Angeles,www.smbcmanubank.com,NM,10/29/1962,10/29/1962,7505298,$7.51B,982
953,Bankers Trust Company,453 7th St,Des Moines,Iowa,IA,50309,Polk,www.bankerstrust.com,NM,06/01/1917,01/01/1934,7492735,$7.49B,617
33539,Preferred Bank,601 S Figueroa St,Los Angeles,California,CA,90017,Los Angeles,www.preferredbank.com,NM,12/23/1991,12/23/1991,7468405,$7.47B,319
16980,Bank of Colorado,1609 E Harmony Rd,Fort Collins,Colorado,CO,80525,Larimer,www.bankofcolorado.com,NM,01/01/1900,01/26/1951,7438020,$7.44B,724
11035,Peapack Private Bank & Trust,500 Hills Drive Suite 300,Bedminster,New Jersey,NJ,07921,Somerset,www.peapackprivate.com,SM,09/21/1921,01/01/1934,7436366,$7.44B,691
26342,"RBC Bank, (Georgia) National Association",3550 Lenox Rd Ne,Atlanta,Georgia,GA,30326,Fulton,www.rbcbank.com,N,08/30/1985,08/30/1985,7422026,$7.42B,263
17308,Central Pacific Bank,220 S King St,Honolulu,Hawaii,HI,96813,Honolulu,WWW.CPB.BANK,SM,02/15/1954,02/15/1954,7415416,$7.42B,716
24156,Ocean Bank,780 Nw 42nd Ave,Miami,Florida,FL,33126,Miami-Dade,www.oceanbank.com,NM,12/09/1982,12/09/1982,7395959,$7.40B,675
16026,Ridgewood Savings Bank,7102 Forest Ave,Ridgewood,New York,NY,11385,Queens,www.ridgewoodbank.com,SI,06/18/1921,07/01/1943,7379699,$7.38B,517
57903,Poppy Bank,111 Santa Rosa Avenue,Santa Rosa,California,CA,95404,Sonoma,http://www.poppy.bank,NM,01/28/2005,01/28/2005,7317090,$7.32B,271
27499,Comenity Bank,1 Righter Pkwy,Wilmington,Delaware,DE,19803,New Castle,savings.breadfinancial.com,NM,05/01/1989,05/01/1989,7308385,$7.31B,571
18408,Bangor Savings Bank,24 Hamlin Way,Bangor,Maine,ME,04401,Penobscot,www.bangor.com,SI,02/14/1852,07/01/1961,7290486,$7.29B,1134
16191,Stockman Bank of Montana,700 Main St,Miles City,Montana,MT,59301,Custer,www.stockmanbank.com,NM,01/01/1944,09/18/1944,7168504,$7.17B,859
30776,"Pathward, National Association",5501 S Broadband Ln,Sioux Falls,South Dakota,SD,57108,Lincoln,http://www.pathward.com,N,01/01/1954,08/09/1989,7167281,$7.17B,1179
20296,Johnson Bank,555 Main St,Racine,Wisconsin,WI,53403,Racine,www.johnsonfinancialgroup.com,SM,11/12/1970,11/12/1970,7069263,$7.07B,779
23627,Republic Bank & Trust Company,601 W Market St,Louisville,Kentucky,KY,40202,Jefferson,www.republicbank.com,NM,01/11/1982,01/11/1982,7009295,$7.01B,978
29012,Heritage Bank,201 5th Ave Sw,Olympia,Washington,WA,98501,Thurston,www.heritagebanknw.com,NM,01/01/1927,08/09/1989,7006231,$7.01B,745
3603,Old Second National Bank,37 S River St,Aurora,Illinois,IL,60506,Kane,www.oldsecond.com,N,11/21/1887,01/01/1934,6981757,$6.98B,1056
4255,The Camden National Bank,2 Elm St,Camden,Maine,ME,04843,Knox,www.camdennational.bank,N,01/01/1875,01/01/1934,6970257,$6.97B,674
17870,Cambridge Savings Bank,1374 Massachusetts Ave,Cambridge,Massachusetts,MA,02138,Middlesex,www.cambridgesavings.com,NM,04/02/1834,07/02/1958,6950279,$6.95B,484
1040,Midland States Bank,1201 Network Centre Dr,Effingham,Illinois,IL,62401,Effingham,www.midlandsb.com,SM,01/01/1881,01/01/1934,6902904,$6.90B,847
13102,Lake City Bank,202 E Center St,Warsaw,Indiana,IN,46580,Kosciusko,www.lakecitybank.com,SM,01/01/1872,01/01/1934,6894415,$6.89B,666
34953,Northpointe Bank,3333 Deposit Dr Ne,Grand Rapids,Michigan,MI,49546,Kent,www.northpointe.com,NM,05/21/1999,05/21/1999,6839435,$6.84B,480
23091,Alpine Bank,2200 Grand Ave,Glenwood Springs,Colorado,CO,81601,Garfield,www.alpinebank.com,NM,04/01/1980,04/01/1980,6816241,$6.82B,845
4799,"Intrust Bank, National Association",105 N Main St,Wichita,Kansas,KS,67202,Sedgwick,http://www.intrustbank.com,N,11/01/1876,01/01/1934,6804229,$6.80B,810
33648,Bank of India,277 Park Ave,New York,New York,NY,10017,New York,,OI,09/07/1906,12/02/1980,6776473,$6.78B,
23623,"The Washington Trust Company, of Westerly",23 Broad St,Westerly,Rhode Island,RI,02891,Washington,www.washtrust.com,NM,01/01/1800,01/02/1982,6720251,$6.72B,627
4360,Horizon Bank,515 Franklin St,Michigan City,Indiana,IN,46360,Laporte,www.horizonbank.com,NM,04/21/1873,01/01/1934,6691670,$6.69B,873
17735,City National Bank of West Virginia,3601 Maccorkle Ave Se,Charleston,West Virginia,WV,25304,Kanawha,www.bankatcity.com,N,04/01/1957,04/01/1957,6648838,$6.65B,936
2720,"Community Trust Bank, Inc.",346 N Mayo Trl,Pikeville,Kentucky,KY,41501,Pike,www.ctbi.com,SM,11/17/1903,01/01/1934,6597402,$6.60B,883
21843,Mizuho Bank (USA),1271 Avenue Of The Americas,New York,New York,NY,10020,New York,N/A,SM,11/29/1974,11/29/1974,6595194,$6.60B,67
12229,First Bank,11901 Olive Boulevard,St. Louis,Missouri,MO,63141,St. Louis,WWW.FIRST.BANK,SM,07/30/1906,01/01/1934,6569414,$6.57B,794
17438,First National Bank of America,241 E Saginaw St,East Lansing,Michigan,MI,48823,Ingham,www.fnba.com,N,05/06/1955,05/06/1955,6569276,$6.57B,378
25858,Equity Bank,345 N Andover Rd,Andover,Kansas,KS,67002,Butler,www.equitybank.com,SM,01/21/1985,01/21/1985,6355694,$6.36B,884
23498,"TBK BANK, SSB",12700 Park Central Dr,Dallas,Texas,TX,75251,Dallas,www.tbkbank.com,SI,07/15/1981,07/15/1981,6351153,$6.35B,1472
31945,TrustCo Bank,1 Sarnowski Dr,Glenville,New York,NY,12302,Schenectady,www.trustcobank.com,SB,01/01/1925,08/09/1989,6348244,$6.35B,738
29566,"United Fidelity Bank, fsb",18 Nw 4th St,Evansville,Indiana,IN,47708,Vanderburgh,www.unitedfidelity.com,SB,01/01/1931,08/09/1989,6284217,$6.28B,324
4832,"Shore United Bank, National Association",18 E Dover St,Easton,Maryland,MD,21601,Talbot,shoreunitedbank.com,N,06/01/1876,01/01/1934,6276283,$6.28B,595
659,Five Star Bank,55 N Main St,Warsaw,New York,NY,14569,Wyoming,www.five-starbank.com,SM,12/26/1881,01/01/1934,6250000,$6.25B,595
9889,Mid Penn Bank,349 Union St,Millersburg,Pennsylvania,PA,17061,Dauphin,www.midpennbank.com,NM,02/21/1868,01/01/1934,6247478,$6.25B,718
14843,MidWestOne Bank,102 S Clinton St,Iowa City,Iowa,IA,52240,Johnson,www.midwestone.bank,NM,10/15/1934,11/01/1934,6241699,$6.24B,761
34598,Mercantile Bank,310 Leonard St Nw,Grand Rapids,Michigan,MI,49504,Kent,www.mercbank.com,NM,12/15/1997,12/15/1997,6234507,$6.23B,683
19222,Fremont Bank,39150 Fremont Blvd,Fremont,California,CA,94538,Alameda,www.fremontbank.com,NM,09/03/1964,09/03/1964,6122027,$6.12B,724
90183,Middlesex Savings Bank,6 Main St,Natick,Massachusetts,MA,01760,Middlesex,www.middlesexbank.com,NM,03/05/1835,11/08/1985,6113775,$6.11B,506
33849,"Hinsdale Bank & Trust Company, National Association",25 E 1st St,Hinsdale,Illinois,IL,60521,Dupage,www.hinsdalebank.com,N,10/28/1993,10/28/1993,5910044,$5.91B,225
3430,Westamerica Bank,1108 5th Ave,San Rafael,California,CA,94901,Marin,www.westamerica.com,SM,02/24/1884,01/01/1934,5877067,$5.88B,593
26962,Wilson Bank and Trust,623 W Main St,Lebanon,Tennessee,TN,37087,Wilson,www.wilsonbank.com,NM,05/11/1987,05/11/1987,5835187,$5.84B,623
26647,Firstrust Savings Bank,15 E Ridge Pike,Conshohocken,Pennsylvania,PA,19428,Montgomery,www.firstrust.com,SI,01/01/1934,03/19/1986,5818081,$5.82B,598
15797,Broadway National Bank,1177 Ne Loop 410,San Antonio,Texas,TX,78209,Bexar,www.broadway.bank,N,02/03/1941,02/03/1941,5809928,$5.81B,616
57083,Emigrant Bank,201 S Biscayne Blvd,Miami,Florida,FL,33131,Miami-Dade,www.emigrant.com,NM,09/14/2001,09/14/2001,5800556,$5.80B,416
58463,SmartBank,2430 Teaster Ln,Pigeon Forge,Tennessee,TN,37863,Sevier,http://www.smartbank.com,SM,01/08/2007,01/08/2007,5777824,$5.78B,591
9423,Choice Financial Group,4501 23rd Ave S,Fargo,North Dakota,ND,58104,Cass,HTTP://WWW.BANKWITHCHOICE.COM,NM,01/01/1906,01/01/1934,5747684,$5.75B,430
29546,Great Southern Bank,14309 State Highway 13,Reeds Spring,Missouri,MO,65737,Stone,www.greatsouthernbank.com,NM,01/01/1923,08/09/1989,5740564,$5.74B,980
28710,Northfield Bank,4142 Hylan Blvd,Staten Island,New York,NY,10308,Richmond,www.enorthfield.com,SB,01/01/1887,08/09/1989,5724431,$5.72B,379
23287,The Cape Cod Five Cents Savings Bank,1500 Iyannough Rd,Hyannis,Massachusetts,MA,02601,Barnstable,www.capecodfive.com,NM,03/16/1855,01/02/1981,5700205,$5.70B,366
10248,First International Bank & Trust,100 N Main St,Watford City,North Dakota,ND,58854,Mckenzie,www.fibt.com,NM,05/01/1910,01/01/1934,5680943,$5.68B,614
57082,"Northbrook Bank and Trust Company, National Association",1100 Waukegan Rd,Northbrook,Illinois,IL,60062,Cook,www.northbrookbank.com,N,11/22/2000,11/22/2000,5678884,$5.68B,98
4382,"First Financial Bank, National Association",1 First Financial Plz,Terre Haute,Indiana,IN,47807,Vigo,www.first-online.bank,N,08/03/1863,01/01/1934,5662068,$5.66B,946
1331,Farmers & Merchants Bank of Central California,121 W Pine St,Lodi,California,CA,95240,San Joaquin,www.fmbonline.com,NM,05/24/1916,01/01/1934,5631419,$5.63B,381
33905,Heritage Bank of Commerce,224 Airport Pkwy,San Jose,California,CA,95110,Santa Clara,www.heritagebankofcommerce.bank,SM,06/08/1994,06/08/1994,5620682,$5.62B,350
34607,First Internet Bank of Indiana,8701 E 116th St,Fishers,Indiana,IN,46038,Hamilton,www.firstib.com,NM,12/28/1998,12/28/1998,5615507,$5.62B,356
23474,The American National Bank of Texas,102 W Moore Ave,Terrell,Texas,TX,75160,Kaufman,www.anbtx.com,N,07/01/1981,07/01/1981,5534230,$5.53B,586
27811,Independent Bank,4200 E Beltline Ave Ne,Grand Rapids,Michigan,MI,49525,Kent,www.independentbank.com,SM,01/01/1890,08/09/1989,5486851,$5.49B,771
18983,River City Bank,2480 Natomas Park Dr,Sacramento,California,CA,95833,Sacramento,http://www.rivercitybank.com,NM,12/16/1963,12/16/1963,5474904,$5.47B,160
34294,CFG Bank,11 W Ridgely Rd,Lutherville,Maryland,MD,21093,Baltimore,www.cfg.bank,NM,12/01/1997,12/01/1997,5474193,$5.47B,314
713,Orrstown Bank,4750 Lindle Rd,Harrisburg,Pennsylvania,PA,17111,Dauphin,www.orrstown.com,SM,05/01/1919,01/01/1934,5470010,$5.47B,631
19416,CTBC Bank Corp. (USA),801 S Figueroa St,Los Angeles,California,CA,90017,Los Angeles,http://www.ctbcbankusa.com,NM,04/27/1965,04/27/1965,5464830,$5.46B,383
21265,Bradesco Bank,3011 Ponce De Leon Boulevard Ph1,Coral Gables,Florida,FL,33134,Miami-Dade,www.bradescobank.com,NM,10/12/1973,10/12/1973,5447306,$5.45B,300
18429,Morton Community Bank,721 W Jackson St,Morton,Illinois,IL,61550,Tazewell,www.hometownbanks.com,NM,08/26/1961,08/26/1961,5385100,$5.39B,553
57815,Banesco USA,3155 Nw 77 Avenue,Miami,Florida,FL,33122,Miami-Dade,Banescousa.com,NM,01/10/2006,01/10/2006,5369753,$5.37B,397
26483,Needham Bank,1063 Great Plain Ave,Needham,Massachusetts,MA,02492,Norfolk,www.needhambank.com,SM,01/01/1892,01/13/1986,5358176,$5.36B,391
58210,Bridgewater Bank,4450 Excelsior Blvd,Saint Louis Park,Minnesota,MN,55416,Hennepin,www.bridgewaterbankmn.com,NM,11/02/2005,11/02/2005,5350634,$5.35B,325
90250,Institution for Savings in Newburyport and Its Vicinity,93 State St,Newburyport,Massachusetts,MA,01950,Essex,www.institutionforsavings.com,SI,01/01/1820,08/13/1985,5350041,$5.35B,182
3931,"Alerus Financial, National Association",401 Demers Ave,Grand Forks,North Dakota,ND,58201,Grand Forks,http://www.alerus.com,N,09/30/1933,01/01/1934,5321707,$5.32B,866
19300,American National Bank,8990 W Dodge Rd,Omaha,Nebraska,NE,68114,Douglas,www.american.bank,N,12/02/1964,12/02/1964,5268143,$5.27B,505
6985,The Canandaigua National Bank and Trust Company,72 S Main St,Canandaigua,New York,NY,14424,Ontario,www.cnbank.com,N,12/01/1887,01/01/1934,5258602,$5.26B,613
16130,First National Bank Alaska,360 K St,Anchorage,Alaska,AK,99501,Anchorage,http://www.fnbalaska.com,N,01/30/1922,04/04/1944,5243993,$5.24B,608
6540,The Farmers National Bank of Canfield,20 S Broad St,Canfield,Ohio,OH,44406,Mahoning,www.farmersbankgroup.com,N,02/17/1887,01/01/1934,5221740,$5.22B,623
27210,InterBank,4921 N May Ave,Oklahoma City,Oklahoma,OK,73112,Oklahoma,www.interbank.com,SM,03/31/1988,03/31/1988,5193619,$5.19B,521
15359,Southern Bank and Trust Company,100 N Center St,Mount Olive,North Carolina,NC,28365,Wayne,www.southernbank.com,NM,01/01/1901,03/02/1936,5156225,$5.16B,584
7514,Peoples Security Bank and Trust Company,100 S Blakely St,Dunmore,Pennsylvania,PA,18512,Lackawanna,www.psbt.com,NM,01/01/1905,01/01/1934,5151903,$5.15B,544
57134,"Leader Bank, National Association",141 Massachusetts Ave,Arlington,Massachusetts,MA,02474,Middlesex,www.leaderbank.com/,N,05/08/2002,05/08/2002,5081603,$5.08B,422
58716,Third Coast Bank,20202 Highway 59 N,Humble,Texas,TX,77338,Harris,www.thirdcoast.bank,SM,02/25/2008,02/25/2008,5058535,$5.06B,398
20369,Heartland Bank and Trust Company,401 N Hershey Rd,Bloomington,Illinois,IL,61704,Mclean,http://www.hbtbank.com,NM,02/22/1971,02/22/1971,5032013,$5.03B,825
22653,Green Dot Bank DBA Bonneville Bank,1675 N 200 W,Provo,Utah,UT,84604,Utah,www.bonnevillebank.com,SM,05/15/1978,05/15/1978,4996228,$5.00B,118
28332,Southern Bank,2991 Oak Grove Rd,Poplar Bluff,Missouri,MO,63901,Butler,www.bankwithsouthern.com,SM,01/01/1887,08/09/1989,4985672,$4.99B,720
8879,Community Bank of Mississippi,1905 Community Bank Way,Flowood,Mississippi,MS,39232,Rankin,www.communitybank.net,NM,08/14/1905,01/01/1934,4954634,$4.95B,823
3405,Vantage Bank Texas,45 Ne Loop 410,San Antonio,Texas,TX,78216,Bexar,www.vantage.bank,SM,11/06/1923,01/01/1934,4917736,$4.92B,511
34395,"Barrington Bank & Trust Company, National Association",201 S Hough St,Barrington,Illinois,IL,60010,Cook,www.barringtonbank.com,N,12/19/1996,12/19/1996,4851594,$4.85B,723
58596,Carter Bank & Trust,4 Commonwealth Blvd E,Martinsville,Virginia,VA,24112,Henry,www.carterbank.com,SM,12/30/2006,12/30/2006,4836361,$4.84B,691
17437,Dacotah Bank,308 S Main St,Aberdeen,South Dakota,SD,57401,Brown,www.dacotahbank.com,SM,04/30/1955,04/30/1955,4787201,$4.79B,605
35237,"John Deere Financial, f.s.b.",8383 Greenway Blvd,Middleton,Wisconsin,WI,53562,Dane,www.deere.com,SB,12/24/2000,12/24/2000,4781510,$4.78B,91
1536,Bank of Stockton,301 E Miner Ave,Stockton,California,CA,95202,San Joaquin,www.bankofstockton.com,NM,08/12/1867,01/01/1934,4742173,$4.74B,410
3973,First Bank & Trust,520 6th St,Brookings,South Dakota,SD,57006,Brookings,www.bankeasy.com,NM,11/02/1925,01/01/1934,4735956,$4.74B,700
11971,Bar Harbor Bank & Trust,82 Main St,Bar Harbor,Maine,ME,04609,Hancock,www.barharbor.bank,NM,09/15/1887,01/01/1934,4710816,$4.71B,501
14650,Hills Bank and Trust Company,131 Main St,Hills,Iowa,IA,52235,Johnson,www.hillsbank.com,NM,01/01/1904,08/01/1934,4661976,$4.66B,483
35361,Five Star Bank,2240 Douglas Blvd,Roseville,California,CA,95661,Placer,www.fivestarbank.com,NM,12/20/1999,12/20/1999,4639784,$4.64B,228
20099,Texas Exchange Bank,109 N Crowley Rd,Crowley,Texas,TX,76036,Tarrant,www.txexbank.com,NM,01/05/1970,01/05/1970,4637681,$4.64B,31
27677,HomeTrust Bank,10 Woodfin St,Asheville,North Carolina,NC,28801,Buncombe,www.htb.com,SM,01/01/1926,08/09/1989,4591360,$4.59B,557
7074,Arrow Bank National Association,250 Glen St,Glens Falls,New York,NY,12801,Warren,www.arrowbank.com,N,01/01/1851,01/01/1934,4575497,$4.58B,567
34717,"Town Bank, National Association",850 W North Shore Dr,Hartland,Wisconsin,WI,53029,Waukesha,www.townbank.us,N,07/23/1998,07/23/1998,4563808,$4.56B,192
34403,Coastal Community Bank,5415 Evergreen Way,Everett,Washington,WA,98203,Snohomish,www.coastalbank.com,SM,04/01/1997,04/01/1997,4549707,$4.55B,523
57056,Celtic Bank,268 S State St,Salt Lake City,Utah,UT,84111,Salt Lake,http://www.celticbank.com,NM,03/01/2001,03/01/2001,4546280,$4.55B,361
90211,Hingham Institution for Savings,55 Main St,Hingham,Massachusetts,MA,02043,Plymouth,www.hinghamsavings.com,SI,04/02/1834,07/01/1985,4531257,$4.53B,94
32574,Monet Bank,6000 Legacy Dr,Plano,Texas,TX,75024,Collin,www.bealbank.com,NM,03/10/1988,08/09/1989,4483036,$4.48B,53
11507,The Fidelity Bank,100 S Main St,Fuquay Varina,North Carolina,NC,27526,Wake,www.fidelitybanknc.com,NM,01/01/1909,01/01/1934,4482150,$4.48B,555
25103,City Bank,5219 City Bank Pkwy,Lubbock,Texas,TX,79407,Lubbock,www.city.bank,NM,04/13/1984,04/13/1984,4477529,$4.48B,572
34788,American Business Bank,400 S Hope St,Los Angeles,California,CA,90071,Los Angeles,WWW.AMERICANBB.BANK,NM,09/28/1998,09/28/1998,4456342,$4.46B,256
5304,"Bank First, N.A.",402 N 8th St,Manitowoc,Wisconsin,WI,54220,Manitowoc,www.bankfirst.com,N,01/01/1894,01/01/1934,4417530,$4.42B,366
19080,Inwood National Bank,7621 Inwood Rd,Dallas,Texas,TX,75209,Dallas,www.InwoodBank.Com,N,04/09/1964,04/09/1964,4388506,$4.39B,202
21868,"Bessemer Trust Company, National Association",1271 Avenue Of The Americas,New York,New York,NY,10020,New York,http://www.bessemertrust.com,N,12/20/1974,12/20/1974,4383813,$4.38B,696
17842,Texas Bank and Trust Company,300 E Whaley St,Longview,Texas,TX,75601,Gregg,www.texasbankandtrust.com,NM,03/04/1958,03/04/1958,4382269,$4.38B,514
35295,Southern First Bank,6 Verdae Blvd,Greenville,South Carolina,SC,29607,Greenville,http://www.southernfirst.com,NM,01/10/2000,01/10/2000,4361508,$4.36B,302
25679,International Bank of Commerce,1600 Fm 802,Brownsville,Texas,TX,78521,Cameron,www.ibc.com,NM,10/09/1984,10/09/1984,4352488,$4.35B,458
27054,Sumitomo Mitsui Trust Bank (U.S.A.) Limited,111 River St,Hoboken,New Jersey,NJ,07030,Hudson,,NM,09/21/1987,09/21/1987,4351711,$4.35B,253
90213,PeoplesBank,330 Whitney Ave,Holyoke,Massachusetts,MA,01040,Hampden,www.bankatpeoples.com,SI,03/17/1885,07/01/1985,4348690,$4.35B,345
3250,"VeraBank, National Association",201 W Main St,Henderson,Texas,TX,75652,Rusk,www.verabank.com,N,03/28/1930,01/01/1934,4341252,$4.34B,560
3285,First National Bank Texas,901 E Central Texas Expy,Killeen,Texas,TX,76541,Bell,www.1stnb.com,N,02/27/1901,01/01/1934,4329382,$4.33B,3116
9622,Capital City Bank,217 N Monroe St,Tallahassee,Florida,FL,32301,Leon,www.ccbg.com,SM,06/13/1907,01/01/1934,4325546,$4.33B,931
17323,First State Community Bank,201 E Columbia St,Farmington,Missouri,MO,63640,St. Francois,www.fscb.com,NM,05/11/1954,05/11/1954,4305877,$4.31B,701
1014,ChoiceOne Bank,109 E Division St,Sparta,Michigan,MI,49345,Kent,www.choiceone.bank,SM,01/01/1898,01/01/1934,4291775,$4.29B,573
58816,Royal Business Bank,1055 Wilshire Blvd,Los Angeles,California,CA,90017,Los Angeles,www.royalbusinessbankusa.com,NM,11/18/2008,11/18/2008,4201927,$4.20B,375
33803,"Wheaton Bank & Trust, National Association",100 N Wheaton Ave,Wheaton,Illinois,IL,60187,Dupage,www.wheatonbank.com,N,05/17/1993,05/17/1993,4187921,$4.19B,106
19690,Northeast Bank,27 Pearl St,Portland,Maine,ME,04101,Cumberland,www.northeastbank.com,NM,02/05/1872,03/16/1967,4171439,$4.17B,219
33664,State Bank of India,19 S La Salle St Fl 2,Chicago,Illinois,IL,60603,Cook,,OI,07/05/1955,12/29/1975,4159317,$4.16B,
31313,First Federal Bank,4705 W Us Highway 90,Lake City,Florida,FL,32055,Columbia,www.ffbf.com,SB,01/01/1961,08/09/1989,4140702,$4.14B,559
22918,The First Bank and Trust Company,359 W Main St,Lebanon,Virginia,VA,24266,Russell,www.firstbank.com,SM,08/03/1979,08/03/1979,4110880,$4.11B,460
12982,Civista Bank,100 E Water St,Sandusky,Ohio,OH,44870,Erie,www.civistabank.com,SM,03/01/1884,01/01/1934,4105295,$4.11B,524
57044,"California Bank of Commerce, National Association",12265 El Camino Real,San Diego,California,CA,92130,San Diego,www.californiabankofcommerce.com,N,12/18/2001,12/18/2001,4098937,$4.10B,286
32296,Union Savings Bank,8805 Governors Hill Dr,Cincinnati,Ohio,OH,45249,Hamilton,www.unionsavings-bank.com,SL,03/01/1904,08/09/1989,4077582,$4.08B,503
15229,First Business Bank,401 Charmany Dr,Madison,Wisconsin,WI,53719,Dane,http://www.firstbusiness.bank,NM,05/01/1909,01/01/1934,4035626,$4.04B,356
58481,First Bank,2465 Kuser Rd,Hamilton,New Jersey,NJ,08690,Mercer,www.myfirstbank.com,NM,04/23/2007,04/23/2007,4032636,$4.03B,332
30076,"Spencer Savings Bank, SLA",611 River Dr,Elmwood Park,New Jersey,NJ,07407,Bergen,www.spencersavings.com,SL,09/19/1939,08/09/1989,3997018,$4.00B,312
24920,Woori America Bank,330 5th Ave,New York,New York,NY,10001,New York,www.wooriamericabank.com,NM,01/27/1984,01/27/1984,3985547,$3.99B,293
15614,West Bank,3330 Westown Parkway,West Des Moines,Iowa,IA,50266,Polk,WWW.WESTBANKSTRONG.COM,NM,01/01/1893,01/01/1934,3984706,$3.98B,185
19459,United Community Bank,301 N Main St,Chatham,Illinois,IL,62629,Sangamon,www.ucbbank.com,NM,07/12/1965,07/12/1965,3967197,$3.97B,561
57968,Primis Bank,1665 Tappahannock Blvd,Tappahannock,Virginia,VA,22560,Essex,www.primisbank.com,SM,04/14/2005,04/14/2005,3939383,$3.94B,588
15815,Central Bank & Trust Co.,300 W Vine St,Lexington,Kentucky,KY,40507,Fayette,www.centralbank.com,NM,04/15/1938,04/30/1941,3928323,$3.93B,517
32612,"NATIONAL COOPERATIVE BANK, N.A.",139 S High St,Hillsboro,Ohio,OH,45133,Highland,www.ncb.coop,N,09/16/1988,08/09/1989,3925993,$3.93B,339
15399,RCB Bank,300 W Patti Page Blvd,Claremore,Oklahoma,OK,74017,Rogers,www.rcbbank.bank,SM,01/14/1936,07/09/1936,3887084,$3.89B,751
32779,Bank of Marin,504 Redwood Blvd,Novato,California,CA,94947,Marin,www.bankofmarin.com,NM,01/23/1990,01/23/1990,3868658,$3.87B,304
57417,Commercial Bank of California,19752 Macarthur Blvd,Irvine,California,CA,92612,Orange,http://www.cbcal.com,NM,05/15/2003,05/15/2003,3846280,$3.85B,292
58255,River Bank & Trust,2611 Legends Dr,Prattville,Alabama,AL,36066,Autauga,http://www.riverbankandtrust.com,NM,04/03/2006,04/03/2006,3844583,$3.84B,370
4091,"Stride Bank, National Association",324 W Broadway Ave,Enid,Oklahoma,OK,73701,Garfield,www.stridebank.com,N,01/01/1913,01/01/1934,3840708,$3.84B,395
27774,Gate City Bank,500 2nd Ave N,Fargo,North Dakota,ND,58102,Cass,www.gatecity.bank,SB,01/01/1923,08/09/1989,3825940,$3.83B,667
33646,The Bank of East Asia Ltd.,540 Madison Ave,New York,New York,NY,10022,New York,,OI,01/01/1918,03/27/1989,3825565,$3.83B,
8136,Independence Bank of Kentucky,2425 Frederica St,Owensboro,Kentucky,KY,42301,Daviess,www.1776bank.com,SM,01/01/1909,01/01/1934,3808775,$3.81B,410
14028,First Guaranty Bank,400 E Thomas St,Hammond,Louisiana,LA,70401,Tangipahoa,www.fgb.net,NM,03/12/1934,03/12/1934,3794968,$3.79B,339
12383,Carrollton Bank,315 6th St,Carrollton,Illinois,IL,62016,Greene,www.carrolltonbanking.com,NM,01/01/1877,01/01/1934,3776064,$3.78B,305
20164,Sunwest Bank,10011 S Centennial Pkwy,Sandy,Utah,UT,84070,Salt Lake,www.sunwestbank.com,NM,04/09/1970,04/09/1970,3771769,$3.77B,331
19008,Parkway Bank and Trust Company,4800 N Harlem Ave,Harwood Heights,Illinois,IL,60706,Cook,www.parkwaybank.com,NM,01/22/1964,01/22/1964,3724643,$3.72B,276
17159,Bank of Utah,2605 Washington Blvd,Ogden,Utah,UT,84401,Weber,www.bankofutah.com,NM,02/05/1952,12/01/1952,3716879,$3.72B,403
22597,Bank of the Sierra,90 N Main St,Porterville,California,CA,93257,Tulare,www.bankofthesierra.com,NM,01/19/1978,01/19/1978,3706266,$3.71B,476
4705,Security Bank of Kansas City,701 Minnesota Ave,Kansas City,Kansas,KS,66101,Wyandotte,www.securitybankkc.com,NM,10/13/1933,01/01/1934,3695791,$3.70B,421
5146,"Wells Fargo Bank South Central, National Association",2005 Taylor St,Houston,Texas,TX,77007,Harris,www.wellsfargo.com,N,06/18/1894,01/01/1934,3660918,$3.66B,2
58181,Metro City Bank,5114 Buford Hwy Ne,Doraville,Georgia,GA,30340,Dekalb,www.metrocitybank.bank,NM,04/04/2006,04/04/2006,3626177,$3.63B,231
23030,Community West Bank,7100 N Financial Dr,Fresno,California,CA,93720,Fresno,www.communitywestbank.com,NM,01/10/1980,01/10/1980,3608166,$3.61B,338
1399,Frandsen Bank & Trust,116 Central St W,Lonsdale,Minnesota,MN,55046,Rice,frandsenbank.com,SM,08/01/1901,01/01/1934,3604384,$3.60B,445
22134,Cache Valley Bank,101 N Main St,Logan,Utah,UT,84321,Cache,cachevalleybank.com,NM,10/02/1975,10/02/1975,3587093,$3.59B,336
34562,ENCORE BANK,1801 Rahling Rd,Little Rock,Arkansas,AR,72223,Pulaski,www.bankencore.com,SM,09/08/1997,09/08/1997,3581655,$3.58B,312
34618,"Macatawa Bank, National Association",10753 Macatawa Dr,Holland,Michigan,MI,49424,Ottawa,www.macatawabank.com,N,11/25/1997,11/25/1997,3518311,$3.52B,172
35530,First Carolina Bank,171 N Winstead Ave,Rocky Mount,North Carolina,NC,27804,Nash,www.firstcarolinabank.com,NM,11/29/2000,11/29/2000,3516057,$3.52B,297
32974,Gulf Coast Bank and Trust Company,200 Saint Charles Ave,New Orleans,Louisiana,LA,70130,Orleans,www.gulfbank.com,NM,06/08/1990,06/08/1990,3505526,$3.51B,936
11666,D. L. Evans Bank,375 N Overland Ave,Burley,Idaho,ID,83318,Cassia,dlevans.com,NM,08/29/1904,01/01/1934,3491524,$3.49B,451
28094,"Home Bank, National Association",503 Kaliste Saloom Rd,Lafayette,Louisiana,LA,70508,Lafayette,www.home24bank.com,N,01/01/1908,08/09/1989,3483856,$3.48B,479
22559,Bravera Bank,220 1st Ave W,Dickinson,North Dakota,ND,58601,Stark,www.bravera.bank,NM,12/01/1977,12/01/1977,3452636,$3.45B,476
57348,SouthEast Bank,12700 Kingston Pike,Farragut,Tennessee,TN,37934,Knox,www.southeastbank.com,NM,04/29/2002,04/29/2002,3437870,$3.44B,305
30470,Manasquan Bank,2221 Landmark Pl,Manasquan,New Jersey,NJ,08736,Monmouth,www.manasquanbank.com,SI,01/01/1874,08/09/1989,3392269,$3.39B,253
5969,The Farmers & Merchants State Bank,307 N Defiance St,Archbold,Ohio,OH,43502,Fulton,www.fm.bank,NM,04/01/1897,01/01/1934,3382310,$3.38B,476
57463,PCB Bank,3701 Wilshire Blvd,Los Angeles,California,CA,90010,Los Angeles,https://www.mypcbbank.com,NM,09/18/2003,09/18/2003,3362429,$3.36B,270
35541,BCB Community Bank,860 Broadway,Bayonne,New Jersey,NJ,07002,Hudson,www.bcb.bank,NM,11/01/2000,11/01/2000,3352412,$3.35B,324
10988,Stearns Bank National Association,4191 2nd St S,Saint Cloud,Minnesota,MN,56301,Stearns,www.stearnsbank.com,N,05/28/1912,01/01/1934,3351145,$3.35B,500
34011,"Village Bank and Trust, National Association",234 W Northwest Hwy,Arlington Heights,Illinois,IL,60004,Cook,www.bankatvillage.com,N,05/08/1995,05/08/1995,3350562,$3.35B,112
35278,"Capital Bank, National Association",2275 Research Blvd,Rockville,Maryland,MD,20850,Montgomery,http://www.capitalbankmd.com,N,12/14/1999,12/14/1999,3328022,$3.33B,422
30895,"Fidelity Bank, National Association",100 E English St,Wichita,Kansas,KS,67202,Sedgwick,www.fidelitybank.com,N,01/01/1956,08/09/1989,3326837,$3.33B,404
12839,First Farmers Bank & Trust Co.,123 N Jefferson St,Converse,Indiana,IN,46919,Miami,www.ffbt.com,SM,01/01/1932,01/01/1934,3316095,$3.32B,428
34533,First Community Bank,1325 Harrison St,Batesville,Arkansas,AR,72501,Independence,www.firstcommunity.net,NM,08/04/1997,08/04/1997,3309235,$3.31B,570
8468,Exchange Bank,545 4th St,Santa Rosa,California,CA,95401,Sonoma,www.exchangebank.com,NM,05/01/1890,01/01/1934,3308335,$3.31B,351
27052,"St. Charles Bank & Trust Company, National Association",411 W Main St,Saint Charles,Illinois,IL,60174,Kane,www.bankstcharles.com,N,09/21/1987,09/21/1987,3302387,$3.30B,103
8870,BankFirst Financial Services,900 Main St,Columbus,Mississippi,MS,39701,Lowndes,http://www.bankfirstfs.com,SM,06/01/1888,01/01/1934,3299625,$3.30B,535
34120,Bank of Ann Arbor,125 S 5th Ave,Ann Arbor,Michigan,MI,48104,Washtenaw,www.bankofannarbor.com,NM,01/16/1996,01/16/1996,3299623,$3.30B,321
6085,First PREMIER Bank,500 S Minnesota Ave,Sioux Falls,South Dakota,SD,57104,Minnehaha,www.firstpremier.com,SM,01/01/1914,01/01/1934,3295381,$3.30B,378
33216,Northrim Bank,3111 C St,Anchorage,Alaska,AK,99503,Anchorage,https://www.northrim.com,NM,12/04/1990,12/04/1990,3289121,$3.29B,514
58314,"Old Plank Trail Community Bank, National Association",280 Veterans Pkwy,New Lenox,Illinois,IL,60451,Will,www.oldplanktrailbank.com,N,03/16/2006,03/16/2006,3257441,$3.26B,157
17514,Banterra Bank,3201 Banterra Dr,Marion,Illinois,IL,62959,Williamson,www.banterra.bank,NM,11/26/1955,11/26/1955,3249408,$3.25B,424
18190,Union Savings Bank,226 Main St,Danbury,Connecticut,CT,06810,Western Connecticut,https://www.unionsavings.com,SI,07/01/1866,07/01/1960,3238056,$3.24B,365
57368,Bankwell Bank,156 Cherry St,New Canaan,Connecticut,CT,06840,Western Connecticut,www.mybankwell.com,NM,04/22/2002,04/22/2002,3237415,$3.24B,162
57607,First Western Trust Bank,1900 16th St,Denver,Colorado,CO,80202,Denver,www.myfw.com,NM,03/17/2004,03/17/2004,3235915,$3.24B,317
7506,ACNB Bank,16 Lincoln Sq,Gettysburg,Pennsylvania,PA,17325,Adams,http://www.acnb.com,NM,04/11/1857,01/01/1934,3233976,$3.23B,456
18266,Northern Bank & Trust Company,275 Mishawum Rd,Woburn,Massachusetts,MA,01801,Middlesex,www.nbtc.com,NM,02/25/1960,06/23/1960,3229640,$3.23B,254
3276,"Austin Bank, Texas National Association",200 E Commerce St,Jacksonville,Texas,TX,75766,Cherokee,www.austinbank.com,N,10/01/1900,01/01/1934,3214402,$3.21B,529
34980,Red River Bank,1412 Centre Ct,Alexandria,Louisiana,LA,71301,Rapides,http://www.RedRiverBank.net,NM,01/14/1999,01/14/1999,3213295,$3.21B,377
57633,1st Security Bank of Washington,6920 220th St Sw,Mountlake Terrace,Washington,WA,98043,Snohomish,WWW.FSBWA.com,SI,04/01/2004,04/01/2004,3208628,$3.21B,575
26725,Banco do Brasil Americas,1221 Brickell Ave,Miami,Florida,FL,33131,Miami-Dade,http://www.bbamericas.com,NM,07/24/1986,07/24/1986,3207097,$3.21B,264
24347,Lone Star National Bank,206 W Ferguson St,Pharr,Texas,TX,78577,Hidalgo,www.lonestarnationalbank.com,N,01/24/1983,01/24/1983,3195654,$3.20B,680
34603,"MVB Bank, Inc",301 Virginia Ave,Fairmont,West Virginia,WV,26554,Marion,www.mvbbanking.com,NM,01/04/1999,01/04/1999,3185147,$3.19B,298
13012,First Community Bank,29 College Dr,Bluefield,Virginia,VA,24605,Tazewell,www.firstcommunitybank.com,SM,01/07/1920,01/01/1934,3178684,$3.18B,586
15091,Lake Ridge Bank,8301 University Ave,Middleton,Wisconsin,WI,53562,Dane,www.lakeridge.bank,NM,01/01/1908,01/01/1934,3178632,$3.18B,369
4256,First National Bank,223 Main St,Damariscotta,Maine,ME,04543,Lincoln,www.thefirst.com,N,04/19/1864,01/01/1934,3162999,$3.16B,268
4028,First Dakota National Bank,225 Cedar St,Yankton,South Dakota,SD,57078,Yankton,www.firstdakota.com,N,12/07/1872,01/01/1934,3146740,$3.15B,357
31189,"Ponce Bank, National Association",2244 Westchester Ave,Bronx,New York,NY,10462,Bronx,www.poncebank.com,N,03/31/1960,08/09/1989,3145279,$3.15B,209
19600,"Academy Bank, National Association",1201 Walnut St,Kansas City,Missouri,MO,64106,Jackson,www.academybank.com,N,06/15/1966,06/15/1966,3145221,$3.15B,534
22257,Colony Bank,302 S Main St,Fitzgerald,Georgia,GA,31750,Ben Hill,colony.bank,NM,04/15/1976,04/15/1976,3139991,$3.14B,460
32941,WestStar Bank,601 N Mesa St Ste 1100,El Paso,Texas,TX,79901,El Paso,WWW.WESTSTARBANK.COM,SM,05/01/1990,05/01/1990,3134796,$3.13B,346
27235,STAR Financial Bank,215 W. Main Street,Fort Wayne,Indiana,IN,46802,Allen,www.starfinancial.com,NM,05/02/1988,05/02/1988,3120379,$3.12B,450
14863,LINKBANK,3045 Market St,Camp Hill,Pennsylvania,PA,17011,Cumberland,www.linkbank.com,NM,11/03/1934,11/03/1934,3120375,$3.12B,321
34073,"Libertyville Bank & Trust Company, National Association",507 N Milwaukee Ave,Libertyville,Illinois,IL,60048,Lake,www.libertyvillebank.com,N,10/10/1995,10/10/1995,3112362,$3.11B,90
23622,Bristol County Savings Bank,35 Broadway,Taunton,Massachusetts,MA,02780,Bristol,www.bristolcountysavings.com,NM,03/02/1846,01/02/1982,3091239,$3.09B,422
1617,The Bank of Missouri,916 N Kings Hwy,Perryville,Missouri,MO,63775,Perry,WWW.BANKOFMISSOURI.COM,NM,11/07/1891,01/01/1934,3063051,$3.06B,538
21031,The Bank of Tampa,601 Bayshore Blvd,Tampa,Florida,FL,33606,Hillsborough,www.bankoftampa.com,NM,03/30/1973,03/30/1973,3061263,$3.06B,290
21591,The Bank of Greene County,425 Main St,Catskill,New York,NY,12414,Greene,www.tbogc.com,SB,05/18/1974,08/09/1989,3060109,$3.06B,200
7593,First Citizens Community Bank,15 S Main St,Mansfield,Pennsylvania,PA,16933,Tioga,www.firstcitizensbank.com,SM,06/11/1932,01/01/1934,3051688,$3.05B,372
1291,Farmers Bank & Trust Company,200 E Main St,Magnolia,Arkansas,AR,71753,Columbia,www.myfarmers.bank,SM,01/01/1906,01/01/1934,3008576,$3.01B,404
30401,Penn Community Bank,3969 Durham Rd,Doylestown,Pennsylvania,PA,18902,Bucks,www.penncommunitybank.com,SI,01/01/1922,08/09/1989,3000909,$3.00B,310
1058,Midwest BankCentre,2191 Lemay Ferry Rd,Lemay,Missouri,MO,63125,St. Louis,www.midwestbankcentre.com,SM,03/01/1906,01/01/1934,2982595,$2.98B,276
23647,TIB National Association,11701 Luna Rd,Farmers Branch,Texas,TX,75234,Dallas,www.tib.bank,N,01/21/1982,01/21/1982,2978883,$2.98B,239
26484,"North Shore Bank, a Co-operative Bank",248 Andover St,Peabody,Massachusetts,MA,01960,Essex,www.northshore-bank.com,SM,01/01/1888,01/10/1986,2978723,$2.98B,257
18129,BankNewport,184 John Clarke Rd,Middletown,Rhode Island,RI,02842,Newport,www.banknewport.com,SM,01/01/1819,01/02/1960,2976923,$2.98B,325
18013,Mascoma Bank,67 N Park St,Lebanon,New Hampshire,NH,03766,Grafton,www.mascoma.bank,SM,01/01/1899,07/02/1959,2976402,$2.98B,401
15953,Guaranty Bank and Trust Company,210 N Hayden St,Belzoni,Mississippi,MS,39038,Humphreys,www.gbtonline.com,NM,05/17/1943,05/17/1943,2973766,$2.97B,458
32647,Northwest Bank,705 Grand Ave,Spencer,Iowa,IA,51301,Clay,www.nw.bank,NM,12/30/1988,08/09/1989,2971955,$2.97B,405
58115,Oakstar Bank,1020 E Battlefield St,Springfield,Missouri,MO,65807,Greene,www.oakstarbank.com,SM,10/24/2005,10/24/2005,2970564,$2.97B,399
33860,The National Bank of Indianapolis,107 N Pennsylvania St,Indianapolis,Indiana,IN,46204,Marion,www.nbofi.com,N,12/08/1993,12/08/1993,2952343,$2.95B,329
24387,"Industrial and Commercial Bank of China USA, National Association",1185 Avenue Of The Americas,New York,New York,NY,10036,New York,www.icbc-us.com,N,02/14/1983,02/14/1983,2942762,$2.94B,292
26906,Texas Regional Bank,6770 West Interstate 2,Harlingen,Texas,TX,78552,Cameron,www.trb.bank,SM,03/05/1987,03/05/1987,2939183,$2.94B,600
16958,Minnwest Bank,300 S Washington St,Redwood Falls,Minnesota,MN,56283,Redwood,www.minnwestbank.com,NM,05/19/1941,11/28/1950,2937623,$2.94B,391
29708,"North American Savings Bank, F.S.B.",12498 S Us Highway 71,Grandview,Missouri,MO,64030,Jackson,www.nasb.com,SB,01/01/1923,08/09/1989,2932535,$2.93B,233
17764,Centreville Bank,1218 Main St,West Warwick,Rhode Island,RI,02893,Kent,http://www.centrevillebank.com,SI,01/01/1888,05/24/1957,2931974,$2.93B,264
7900,"NEXTIER BANK, NATIONAL ASSOCIATION",222 Market St,Kittanning,Pennsylvania,PA,16201,Armstrong,https://www.nextierbank.com,N,01/01/1897,01/01/1934,2927538,$2.93B,297
19220,ANB Bank,3033 E 1st Ave,Denver,Colorado,CO,80206,Denver,ANBBANK.COM,SM,09/01/1964,09/01/1964,2920819,$2.92B,508
10044,National Exchange Bank and Trust,130 S Main St,Fond Du Lac,Wisconsin,WI,54935,Fond Du Lac,https://www.nebat.com,N,12/20/1933,01/01/1934,2919051,$2.92B,373
29488,First Federal Savings and Loan Association of Lakewood,14806 Detroit Ave,Lakewood,Ohio,OH,44107,Cuyahoga,www.ffl.bank,SB,07/19/1935,08/09/1989,2901149,$2.90B,255
23473,First Fidelity Bank,5100 N Classen Blvd,Oklahoma City,Oklahoma,OK,73118,Oklahoma,FFB.com,SM,07/01/1981,07/01/1981,2894984,$2.89B,350
34656,American First National Bank,9999 Bellaire Blvd,Houston,Texas,TX,77036,Harris,www.afnb.com,N,05/18/1998,05/18/1998,2892564,$2.89B,249
6423,Amboy Bank,3590 Us Highway 9,Old Bridge,New Jersey,NJ,08857,Middlesex,www.amboybank.com,SM,05/12/1888,01/01/1934,2891179,$2.89B,242
33503,Unity Bank,64 Old Highway 22,Clinton,New Jersey,NJ,08809,Hunterdon,www.unitybank.com,NM,09/13/1991,09/13/1991,2866083,$2.87B,238
90196,BayCoast Bank,330 Swansea Mall Dr,Swansea,Massachusetts,MA,02777,Bristol,www.baycoast.bank,SI,11/15/1851,06/18/1985,2864372,$2.86B,528
16604,Bank Independent,710 S Montgomery Ave,Sheffield,Alabama,AL,35660,Colbert,www.bibank.com,SM,08/02/1947,08/02/1947,2861338,$2.86B,690
19573,Lakeside Bank,55 W Wacker Dr,Chicago,Illinois,IL,60601,Cook,http://WWW.LAKESIDEBANK.COM,NM,04/01/1966,04/01/1966,2838903,$2.84B,202
57591,West Coast Community Bank,75 River St,Santa Cruz,California,CA,95060,Santa Cruz,www.wccb.com,NM,02/03/2004,02/03/2004,2837803,$2.84B,219
15310,"CB&S Bank, Inc.",201 Jackson Ave S,Russellville,Alabama,AL,35653,Franklin,www.cbsbank.com,NM,01/01/1906,12/06/1935,2832355,$2.83B,584
8866,"Merchants Bank, National Association",100 E 3rd St,Winona,Minnesota,MN,55987,Winona,www.merchantsbank.com,N,01/01/1875,01/01/1934,2821513,$2.82B,376
27074,State Bank of Texas,111 W John Carpenter Frwy,Irving,Texas,TX,75039,Dallas,www.statebnk.com,NM,10/19/1987,10/19/1987,2813111,$2.81B,99
58316,"Investar Bank, National Association",7244 Perkins Rd,Baton Rouge,Louisiana,LA,70808,East Baton Rouge,http://www.investarbank.com,N,06/14/2006,06/14/2006,2795076,$2.80B,329
16470,Jefferson Bank,"1900 Broadway, Suite 100",San Antonio,Texas,TX,78215,Bexar,www.jeffersonbank.com,NM,08/12/1946,08/12/1946,2790846,$2.79B,400
90215,Avidia Bank,42 Main St,Hudson,Massachusetts,MA,01749,Middlesex,www.avidiabank.com,SI,02/26/1869,11/27/1985,2781724,$2.78B,246
33867,Quad City Bank and Trust Company,2118 Middle Rd,Bettendorf,Iowa,IA,52722,Scott,www.qcbt.com,SM,01/07/1994,01/07/1994,2779173,$2.78B,240
17741,Maine Community Bank,1 India St,Portland,Maine,ME,04101,Cumberland,www.maine.bank,SI,07/27/1867,04/04/1957,2778098,$2.78B,345
5496,Cornerstone Bank,529 N Lincoln Ave,York,Nebraska,NE,68467,York,www.cornerstoneconnect.com,SM,04/22/1882,01/01/1934,2774024,$2.77B,507
90290,UniBank for Savings,49 Church St,Whitinsville,Massachusetts,MA,01588,Worcester,www.unibank.com,NM,06/03/1870,09/10/1985,2770328,$2.77B,270
57244,Cedar Rapids Bank and Trust Company,500 1st Ave Ne,Cedar Rapids,Iowa,IA,52401,Linn,www.CRBT.bank,SM,09/14/2001,09/14/2001,2768577,$2.77B,179
58309,American Momentum Bank,1 Momentum Blvd,College Station,Texas,TX,77845,Brazos,www.americanmomentum.bank,NM,10/25/2006,10/25/2006,2768155,$2.77B,343
18198,Ion Bank,87 Church St,Naugatuck,Connecticut,CT,06770,Naugatuck Valley,www.ionbank.com,SM,01/01/1870,07/01/1960,2768012,$2.77B,381
57369,U. S. Century Bank,2301 Nw 87th Ave,Doral,Florida,FL,33172,Miami-Dade,www.uscentury.com,NM,10/28/2002,10/28/2002,2765766,$2.77B,206
1528,Southern Bancorp Bank,601 Main St,Arkadelphia,Arkansas,AR,71923,Clark,www.banksouthern.com,SM,03/01/1884,01/01/1934,2749325,$2.75B,528
22957,West Texas National Bank,6 Desta Dr,Midland,Texas,TX,79705,Midland,www.wtnb.com,N,09/24/1979,09/24/1979,2748058,$2.75B,210
20884,Bank of Guam,111 W Chalan Santo Papa,Hagatna,Guam,GU,96910,Guam,www.bankofguam.com,NM,12/11/1972,12/11/1972,2743150,$2.74B,530
11868,The Fidelity Deposit and Discount Bank,101 N Blakely St,Dunmore,Pennsylvania,PA,18512,Lackawanna,http://www.bankatfidelity.com,NM,05/11/1903,01/01/1934,2736654,$2.74B,311
90300,Westfield Bank,141 Elm St,Westfield,Massachusetts,MA,01085,Hampden,www.westfieldbank.com,SB,04/15/1853,08/09/1989,2731580,$2.73B,314
34885,Susser Bank,4020 Maple Ave,Dallas,Texas,TX,75219,Dallas,www.susserbank.com/,SM,01/01/1959,06/01/1998,2727442,$2.73B,256
18012,Bank of New Hampshire,62 Pleasant St,Laconia,New Hampshire,NH,03246,Belknap,www.BNH.bank,SM,07/02/1831,07/02/1959,2725575,$2.73B,250
20231,Pinnacle Bank,250 W Lancaster Ave,Fort Worth,Texas,TX,76102,Tarrant,www.pinnbanktx.com,NM,08/10/1970,08/10/1970,2724132,$2.72B,264
57071,Georgia Banking Company,1776 Peachtree St Nw,Atlanta,Georgia,GA,30309,Fulton,www.georgiabanking.com,NM,11/01/2001,11/01/2001,2723145,$2.72B,231
29683,Home Federal Bank of Tennessee,515 Market St,Knoxville,Tennessee,TN,37902,Knox,www.homefederalbanktn.com,SB,06/15/1936,08/09/1989,2716295,$2.72B,361
58057,Tradition Capital Bank,100 Lake St W,Wayzata,Minnesota,MN,55391,Hennepin,WWW.TRADITION.BANK,NM,07/01/2005,07/01/2005,2713105,$2.71B,154
597,Chemung Canal Trust Company,1 Chemung Canal Plz,Elmira,New York,NY,14901,Chemung,WWW.CHEMUNGCANAL.COM,SM,10/22/1833,01/01/1934,2696030,$2.70B,335
10363,Citizens and Farmers Bank,415 14th Street,West Point,Virginia,VA,23181,King William,www.cffc.com,NM,02/01/1927,01/01/1934,2686839,$2.69B,559
19899,KS StateBank,1010 Westloop Pl,Manhattan,Kansas,KS,66502,Riley,http://ksstate.bank,NM,01/21/1969,01/21/1969,2684384,$2.68B,187
57997,Bryant Bank,1550 Mcfarland Blvd N,Tuscaloosa,Alabama,AL,35406,Tuscaloosa,www.bryantbank.com,NM,06/10/2005,06/10/2005,2684362,$2.68B,286
4789,Emprise Bank,257 N Broadway Ave,Wichita,Kansas,KS,67202,Sedgwick,www.emprisebank.com,NM,05/21/1910,01/01/1934,2677153,$2.68B,449
25093,Habib American Bank,150 East 45th Street,New York,New York,NY,10017,New York,www.hab.bank,NM,04/16/1984,04/16/1984,2655008,$2.66B,185
7799,Citizens & Northern Bank,90 Main St,Wellsboro,Pennsylvania,PA,16901,Tioga,www.cnbankpa.com,SM,01/01/1864,01/01/1934,2651527,$2.65B,379
12517,Bank Five Nine,155 W Wisconsin Ave,Oconomowoc,Wisconsin,WI,53066,Waukesha,WWW.BANKFIVENINE.COM,NM,09/01/1859,01/01/1934,2631041,$2.63B,343
12944,Orange Bank & Trust Company,212 Dolson Ave,Middletown,New York,NY,10940,Orange,www.orangebanktrust.com,SM,05/02/1892,01/01/1934,2627638,$2.63B,208
19531,Machias Savings Bank,4 Center St,Machias,Maine,ME,04654,Washington,www.MachiasSavings.com,SI,03/05/1869,01/01/1966,2615938,$2.62B,323
57944,Open Bank,1000 Wilshire Blvd,Los Angeles,California,CA,90017,Los Angeles,www.myopenbank.com,NM,06/10/2005,06/10/2005,2614517,$2.61B,250
33005,FCB Banks,800 Belt Line Rd,Collinsville,Illinois,IL,62234,Madison,www.fcbbanks.com,NM,07/09/1990,07/09/1990,2612067,$2.61B,229
4972,First Citizens National Bank,1 First Citizens Pl,Dyersburg,Tennessee,TN,38024,Dyer,http://www.firstcnb.com,N,01/01/1889,01/01/1934,2596073,$2.60B,296
19333,Republic Bank of Chicago,2221 Camden Ct,Oak Brook,Illinois,IL,60523,Dupage,www.republicebank.com,NM,12/01/1964,12/01/1964,2592953,$2.59B,285
57716,United Business Bank,500 Ygnacio Valley Rd,Walnut Creek,California,CA,94596,Contra Costa,http://www.unitedbusinessbank.com,SM,07/20/2004,07/20/2004,2586421,$2.59B,334
57449,Medallion Bank,1100 E 6600 S,Salt Lake City,Utah,UT,84121,Salt Lake,www.medallionbank.com,NM,12/22/2003,12/22/2003,2579981,$2.58B,143
58291,CalPrivate Bank,9404 Genesee Ave,La Jolla,California,CA,92037,San Diego,www.calprivate.bank,NM,12/18/2006,12/18/2006,2576074,$2.58B,242
33111,Colorado Federal Savings Bank,8400 E Prentice Ave,Greenwood Village,Colorado,CO,80111,Arapahoe,www.coloradofederalbank.com,SB,06/29/1990,06/29/1990,2567051,$2.57B,71
18561,"Sunrise Banks, National Association",5105 S Crossing Pl,Sioux Falls,South Dakota,SD,57108,Lincoln,www.sunrisebanks.com,N,07/17/1962,07/17/1962,2566474,$2.57B,345
3887,First National Bank,200 W Court St,Paragould,Arkansas,AR,72450,Greene,http://www.fnbank.net,N,03/22/1889,01/01/1934,2556934,$2.56B,300
23620,Dedham Institution for Savings,55 Elm St,Dedham,Massachusetts,MA,02026,Norfolk,www.dedhamsavings.com,SI,03/19/1831,01/02/1982,2553947,$2.55B,219
28679,North Shore Bank,15700 W Bluemound Rd,Brookfield,Wisconsin,WI,53005,Waukesha,www.northshorebank.com,SI,01/01/1923,08/09/1989,2548932,$2.55B,415
57777,Meridian Bank,220 W. Lancaster Avenue,Wayne,Pennsylvania,PA,19087,Delaware,www.meridianbanker.com,NM,07/08/2004,07/08/2004,2541395,$2.54B,320
17964,State Bank of Southern Utah,377 N Main St,Cedar City,Utah,UT,84721,Iron,http://www.sbsu.com,NM,11/25/1957,02/02/1959,2536528,$2.54B,296
22334,One Community Bank,733 N Main St,Oregon,Wisconsin,WI,53575,Dane,http://www.onecommunity.bank,SM,09/15/1976,09/15/1976,2534283,$2.53B,251
2315,Armstrong Bank,1215 W Okmulgee St,Muskogee,Oklahoma,OK,74401,Muskogee,www.armstrong.bank,SM,03/15/1910,01/01/1934,2529180,$2.53B,427
5551,"Extraco Banks, National Association",3615 S 31st St,Temple,Texas,TX,76502,Bell,www.extracobanks.com,N,09/20/1933,01/01/1934,2524518,$2.52B,293
58581,Texas Partners Bank,1900 Nw Loop 410,San Antonio,Texas,TX,78213,Bexar,www.texaspartners.bank,NM,06/22/2007,06/22/2007,2520016,$2.52B,231
24516,Interaudi Bank,19 E 54th St,New York,New York,NY,10022,New York,www.interaudibank.com,NM,06/14/1983,06/14/1983,2504979,$2.50B,157
57701,"Beverly Bank & Trust Company, National Association",10258 S Western Ave,Chicago,Illinois,IL,60643,Cook,www.thebeverlybank.com,N,04/01/2004,04/01/2004,2500739,$2.50B,202
11112,Somerset Trust Company,151 W Main St,Somerset,Pennsylvania,PA,15501,Somerset,somersettrust.com,NM,01/01/1889,01/01/1934,2495724,$2.50B,473
3664,"INB, National Association",322 E Capitol Ave,Springfield,Illinois,IL,62701,Sangamon,http://www.inb.com,N,01/01/1905,01/01/1934,2489338,$2.49B,310
958,United Bank of Iowa,501 2nd St,Ida Grove,Iowa,IA,51445,Ida,www.unitedbk.bank,NM,02/04/1932,01/01/1934,2484418,$2.48B,295
30953,"El Dorado Savings Bank, F.S.B.",4040 El Dorado Rd,Placerville,California,CA,95667,El Dorado,http://www.eldoradosavingsbank.com,SB,01/01/1956,08/09/1989,2483284,$2.48B,262
35274,"Blue Ridge Bank,  National Association",1 E Market St,Martinsville,Virginia,VA,24112,Henry,www.mybrb.com,N,07/24/2000,07/24/2000,2480695,$2.48B,315
6158,Peoples Bank,3100 Woburn St,Bellingham,Washington,WA,98226,Whatcom,www.peoplesbank-wa.com,NM,01/07/1921,01/01/1934,2465506,$2.47B,386
19559,TexasBank,400 Fisk Ave,Brownwood,Texas,TX,76801,Brown,www.texasbank.com,NM,03/07/1966,03/07/1966,2447507,$2.45B,363
58892,Guaranty Bank,2144 E Republic Rd,Springfield,Missouri,MO,65804,Greene,www.gbankmo.com,SM,10/24/2008,10/24/2008,2447397,$2.45B,206
90303,South Shore Bank,1530 Main St,South Weymouth,Massachusetts,MA,02190,Norfolk,www.southshorebank.com,SM,02/01/1833,11/19/1985,2442847,$2.44B,221
34908,Cogent Bank,420 S Orange Ave,Orlando,Florida,FL,32801,Orange,WWW.cogentbank.net,NM,09/10/1999,09/10/1999,2418089,$2.42B,257
698,Wayne Bank,717 Main St,Honesdale,Pennsylvania,PA,18431,Wayne,Wayne.Bank,NM,01/01/1871,01/01/1934,2413031,$2.41B,272
14521,Bank Iowa,1225 Jordan Creek Pkwy,West Des Moines,Iowa,IA,50266,Dallas,www.bankiowa.bank,SM,03/07/1923,06/28/1934,2404450,$2.40B,285
12769,First United Bank,201 N Broadway St,Dimmitt,Texas,TX,79027,Castro,www.firstunited.bank,NM,03/07/1907,01/01/1934,2400376,$2.40B,299
9123,Western State Bank,110 4th St Se,Devils Lake,North Dakota,ND,58301,Ramsey,www.westernbanks.com,NM,10/01/1902,01/01/1934,2400051,$2.40B,304
29961,First Savings Bank,702 N Shore Dr,Jeffersonville,Indiana,IN,47130,Clark,www.fsbbank.net,SM,01/07/1938,08/09/1989,2398216,$2.40B,261
2711,"Traditional Bank, Inc.",49 W Main St,Mount Sterling,Kentucky,KY,40353,Montgomery,www.traditionalbank.com,NM,03/17/1902,01/01/1934,2391060,$2.39B,276
5744,"State Bank of the Lakes, National Association",440 Lake St,Antioch,Illinois,IL,60002,Lake,www.sbotl.com,N,01/01/1926,01/01/1934,2391006,$2.39B,85
27046,Community National Bank & Trust,14 N Lincoln Ave,Chanute,Kansas,KS,66720,Neosho,http://www.mybankcnb.com,N,09/04/1987,09/04/1987,2389341,$2.39B,502
34404,WebBank,215 S State St,Salt Lake City,Utah,UT,84111,Salt Lake,www.webbank.com,NM,05/15/1997,05/15/1997,2387965,$2.39B,243
57103,"Schaumburg Bank & Trust Company, National Association",1180 E Higgins Rd,Schaumburg,Illinois,IL,60173,Cook,www.bankschaumburg.com,N,01/22/2001,01/22/2001,2382444,$2.38B,62
3256,"Horizon Bank, SSB",600 West 5th Street,Austin,Texas,TX,78701,Travis,www.horizon.bank,SI,01/01/1905,01/01/1934,2377821,$2.38B,214
57095,Dogwood State Bank,5401 Six Forks Rd,Raleigh,North Carolina,NC,27609,Wake,www.dogwoodstatebank.com,NM,09/04/2001,09/04/2001,2359137,$2.36B,242
57510,Avidbank,1732 N 1st St,San Jose,California,CA,95112,Santa Clara,www.avidbank.com,NM,10/01/2003,10/01/2003,2355523,$2.36B,151
22373,American National Bank & Trust,2732a Midwestern Pkwy,Wichita Falls,Texas,TX,76308,Wichita,www.amnat.com,N,11/29/1976,11/29/1976,2344737,$2.34B,325
24897,Community National Bank,500 W Illinois Ave,Midland,Texas,TX,79701,Midland,www.cnbtx.bank,N,01/03/1984,01/03/1984,2338563,$2.34B,276
10307,Builtwell Bank,728 Broad St,Chattanooga,Tennessee,TN,37402,Hamilton,www.builtwell.bank,NM,05/03/1904,01/01/1934,2335891,$2.34B,340
58675,Hanover Community Bank,2131 Jericho Tpke,Garden City Park,New York,NY,11040,Nassau,www.hanoverbank.com,NM,01/21/2009,01/21/2009,2330131,$2.33B,198
58243,John Marshall Bank,1943 Isaac Newton Sq E,Reston,Virginia,VA,20190,Fairfax,www.johnmarshallbank.com,SM,04/17/2006,04/17/2006,2320985,$2.32B,134
23799,Texas First Bank,3232 Palmer Hwy,Texas City,Texas,TX,77590,Galveston,texasfirst.bank,SM,04/23/1982,04/23/1982,2320015,$2.32B,268
58696,FVCbank,11325 Random Hills Rd,Fairfax,Virginia,VA,22030,Fairfax,https://www.fvcbank.com,SM,11/27/2007,11/27/2007,2314550,$2.31B,118
8405,Farmers and Merchants Trust Company of Chambersburg,20 S Main St,Chambersburg,Pennsylvania,PA,17201,Franklin,fmtrust.bank,NM,01/10/1906,01/01/1934,2297312,$2.30B,309
18059,The Bank of Commerce,3113 S 25th E,Ammon,Idaho,ID,83406,Bonneville,www.bofc.bank,NM,08/01/1959,08/01/1959,2294262,$2.29B,219
19123,First Western Bank & Trust,900 S Broadway,Minot,North Dakota,ND,58701,Ward,www.firstwestern.bank,SM,05/11/1964,05/11/1964,2278534,$2.28B,346
28513,"WaterStone Bank, SSB",11200 W Plank Ct,Wauwatosa,Wisconsin,WI,53226,Milwaukee,www.wsbonline.com,SI,01/01/1921,08/09/1989,2268424,$2.27B,602
15555,Central Bank,600 Lake Ave,Storm Lake,Iowa,IA,50588,Buena Vista,www.mycentral.bank,SM,01/01/1879,01/01/1934,2267273,$2.27B,304
3864,The First National Bank of Fort Smith,602 Garrison Ave,Fort Smith,Arkansas,AR,72901,Sebastian,www.fnbfs.com,N,02/29/1872,01/01/1934,2264899,$2.26B,380
1213,"Cornerstone Capital Bank, SSB",1177 West Loop S,Houston,Texas,TX,77027,Harris,www.cornerstonecapital.com,SI,12/06/1906,01/01/1934,2262057,$2.26B,1388
1265,Cashmere Valley Bank,117 Aplets Way,Cashmere,Washington,WA,98815,Chelan,www.cashmerevalleybank.com,NM,09/24/1932,01/01/1934,2261084,$2.26B,308
57756,Coastal States Bank,5 Bow Cir,Hilton Head Island,South Carolina,SC,29928,Beaufort,www.coastalstatesbank.com,SM,08/09/2004,08/09/2004,2253090,$2.25B,194
20741,"Pioneer Bank, National Association",652 Albany Shaker Rd,Albany,New York,NY,12211,Albany,www.pioneerny.com,N,01/01/1889,07/01/1972,2243614,$2.24B,265
8021,Crews Bank & Trust,106 E Main St,Wauchula,Florida,FL,33873,Hardee,www.crews.bank,NM,04/01/1929,01/01/1934,2243001,$2.24B,352
18204,First County Bank,117 Prospect St,Stamford,Connecticut,CT,06901,Western Connecticut,www.firstcountybank.com,SI,06/20/1851,07/01/1960,2241956,$2.24B,192
6623,LCNB National Bank,2 N Broadway St,Lebanon,Ohio,OH,45036,Warren,www.lcnb.com,N,05/10/1877,01/01/1934,2239401,$2.24B,330
14065,Pinnacle Bank,884 Elbert St,Elberton,Georgia,GA,30635,Elbert,www.pinnaclebank.com,NM,03/12/1934,03/14/1934,2232023,$2.23B,376
23275,Plumas Bank,336 Main St,Quincy,California,CA,95971,Plumas,http://www.plumasbank.com,SM,12/13/1980,12/13/1980,2229142,$2.23B,233
58513,The Bank of Princeton,183 Bayard Ln,Princeton,New Jersey,NJ,08540,Mercer,WWW.THEBANKOFPRINCETON.COM,NM,04/23/2007,04/23/2007,2228708,$2.23B,241
14266,National Bank of Commerce,1127 Tower Ave,Superior,Wisconsin,WI,54880,Douglas,www.nbcbanking.com,N,02/07/1934,04/23/1934,2228319,$2.23B,275
26223,"Golden Bank, National Association",9315 Bellaire Blvd,Houston,Texas,TX,77036,Harris,www.goldenbank-na.com,N,05/03/1985,05/03/1985,2225305,$2.23B,144
7493,The Ephrata National Bank,31 E Main St,Ephrata,Pennsylvania,PA,17522,Lancaster,http://www.epnb.com,N,03/17/1881,01/01/1934,2221119,$2.22B,309
1005,Isabella Bank,139 E Broadway St,Mount Pleasant,Michigan,MI,48858,Isabella,www.isabellabank.com,SM,07/01/1903,01/01/1934,2210646,$2.21B,356
23992,Country Bank for Savings,155 West St,Ware,Massachusetts,MA,01082,Hampshire,www.countrybank.com,SI,07/01/1850,08/16/1982,2191556,$2.19B,227
22354,Commercial Bank,6710 Cumberland Gap Pkwy,Harrogate,Tennessee,TN,37752,Claiborne,www.cbtn.com,SM,11/01/1976,11/01/1976,2189861,$2.19B,289
9923,Anderson Brothers Bank,101 N Main St,Mullins,South Carolina,SC,29574,Marion,www.abbank.com,NM,01/01/1933,01/01/1934,2186058,$2.19B,428
172,United Bank,685 Griffin St,Zebulon,Georgia,GA,30295,Pike,www.accessunited.com,NM,01/31/1905,01/01/1934,2185994,$2.19B,405
16250,Marquette Bank,6316 S Western Ave,Chicago,Illinois,IL,60636,Cook,www.emarquettebank.com,SM,05/12/1945,05/12/1945,2179497,$2.18B,309
253,Luana Savings Bank,100 Harvest Dr,Luana,Iowa,IA,52156,Clayton,http://www.luanasavingsbank.com,NM,08/01/1908,01/01/1934,2174325,$2.17B,99
34888,Parke Bank,601 Delsea Dr,Sewell,New Jersey,NJ,08080,Gloucester,www.parkebank.com,NM,01/28/1999,01/28/1999,2171731,$2.17B,110
58140,"Esquire Bank, National Association",100 Jericho Quadrangle,Jericho,New York,NY,11753,Nassau,www.esquirebank.com,N,10/12/2006,10/12/2006,2165916,$2.17B,149
2138,Queensborough National Bank & Trust Company,113 E Broad St,Louisville,Georgia,GA,30434,Jefferson,www.qnbtrust.bank,N,01/01/1902,01/01/1934,2161509,$2.16B,380
24563,Texas Community Bank,6721 Mcpherson Rd,Laredo,Texas,TX,78041,Webb,www.tx-communitybank.com,SM,06/20/1983,06/20/1983,2156443,$2.16B,231
26856,Falcon International Bank,7718 Mcpherson Rd Bldg F,Laredo,Texas,TX,78045,Webb,www.falconbank.com,NM,12/10/1986,12/10/1986,2152566,$2.15B,412
30052,Blue Foundry Bank,19 Park Ave,Rutherford,New Jersey,NJ,07070,Bergen,bluefoundrybank.com,SI,04/10/1939,08/09/1989,2151426,$2.15B,189
30303,Maspeth Federal Savings and Loan Association,5618 69th St,Maspeth,New York,NY,11378,Queens,www.maspethfederal.com,SB,01/01/1947,08/09/1989,2149485,$2.15B,199
58536,Think Mutual Bank,5200 Members Pkwy Nw,Rochester,Minnesota,MN,55901,Olmsted,www.thinkbank.com,SB,07/01/2007,07/01/2007,2140127,$2.14B,255
57742,MainStreet Bank,10089 Fairfax Blvd,Fairfax,Virginia,VA,22030,Fairfax City,www.mstreetbank.com,SM,05/26/2004,05/26/2004,2121429,$2.12B,174
30182,Opportunity Bank of Montana,1400 Prospect Ave,Helena,Montana,MT,59601,Lewis And Clark,www.opportunitybank.com,SM,01/01/1922,08/09/1989,2117510,$2.12B,374
28263,"CFBank, National Association",4960 E Dublin Granville Rd,Columbus,Ohio,OH,43081,Franklin,www.cf.bank,N,01/01/1892,08/09/1989,2107766,$2.11B,101
28405,First Fed Bank,105 W 8th St,Port Angeles,Washington,WA,98362,Clallam,www.ourfirstfed.com,NM,01/01/1923,08/09/1989,2100543,$2.10B,240
17658,Norway Savings Bank,261 Main St,Norway,Maine,ME,04268,Oxford,www.norwaysavings.bank,SI,01/01/1866,07/27/1956,2095647,$2.10B,306
17470,First Bank Chicago,1835 1st St,Highland Park,Illinois,IL,60035,Lake,www.firstbankchicago.com,NM,07/16/1955,07/16/1955,2090794,$2.09B,143
21956,Montecito Bank & Trust,1000 State St,Santa Barbara,California,CA,93101,Santa Barbara,www.montecito.bank,NM,03/17/1975,03/17/1975,2089575,$2.09B,260
7151,The Lyons National Bank,35 William St,Lyons,New York,NY,14489,Wayne,www.bankwithlnb.com,N,01/01/1865,01/01/1934,2085409,$2.09B,228
20488,Five Points Bank,2015 N Broadwell Ave,Grand Island,Nebraska,NE,68803,Hall,www.5pointsbank.com,SM,09/10/1971,09/10/1971,2076241,$2.08B,171
8235,Planters Bank & Trust Company,212 Catchings Ave,Indianola,Mississippi,MS,38751,Sunflower,www.planters-bank.com,NM,04/10/1920,01/01/1934,2071279,$2.07B,271
34047,First Community Bank,5455 Sunset Blvd,Lexington,South Carolina,SC,29072,Lexington,www.firstcommunitysc.com,NM,08/17/1995,08/17/1995,2065477,$2.07B,272
9204,Central Bank,75 N University Ave,Provo,Utah,UT,84601,Utah,www.cbutah.com,NM,10/17/1891,01/01/1934,2059593,$2.06B,295
14382,Fidelity Bank & Trust,4250 Asbury Rd,Dubuque,Iowa,IA,52002,Dubuque,http://www.bankfidelity.com; www.bankfidelity.bank,NM,04/20/1910,05/19/1934,2058211,$2.06B,246
29523,Peoples Bank,9204 Columbia Ave,Munster,Indiana,IN,46321,Lake,http://www.ibankpeoples.com,NM,01/01/1916,08/09/1989,2053340,$2.05B,302
29147,NorthEast Community Bank,325 Hamilton Ave,White Plains,New York,NY,10601,Westchester,https://www.necommunitybank.com,SI,09/01/1934,08/09/1989,2050586,$2.05B,146
21573,Bank of Tennessee,301 E Center St,Kingsport,Tennessee,TN,37660,Sullivan,www.bankoftennessee.com,NM,05/13/1974,05/13/1974,2047244,$2.05B,270
5854,"South Central Bank,  Inc.",208 S Broadway St,Glasgow,Kentucky,KY,42141,Barren,www.southcentralbank.com,NM,01/01/1908,01/01/1934,2039799,$2.04B,282
5415,Security First Bank,5505 Red Rock Ln,Lincoln,Nebraska,NE,68516,Lancaster,http://www.security1stbank.com,NM,07/01/1924,01/01/1934,2038560,$2.04B,266
14712,First National Bank,307 E Hustan Ave,Fort Pierre,South Dakota,SD,57532,Stanley,www.firstnationalbanks.com,N,01/01/1934,08/24/1934,2037031,$2.04B,212
26336,The Village Bank,320 Needham St,Newton,Massachusetts,MA,02464,Middlesex,www.village-bank.com,SI,05/01/1910,08/12/1985,2034462,$2.03B,143
6917,First Bank,112 W King St,Strasburg,Virginia,VA,22657,Shenandoah,www.fbvirginia.com,SM,07/01/1907,01/01/1934,2030647,$2.03B,294
5574,Citizens National Bank of Texas,200 N Elm St,Waxahachie,Texas,TX,75165,Ellis,www.cnboftexas.com,N,07/01/1868,01/01/1934,2026072,$2.03B,156
90188,Bankesb,36 Main St,Easthampton,Massachusetts,MA,01027,Hampshire,http://www.bankesb.com,SM,02/10/1869,09/05/1985,2024443,$2.02B,246
28116,Yakima Federal Savings and Loan Association,118 E Yakima Ave,Yakima,Washington,WA,98901,Yakima,yakimafed.com,SI,01/01/1905,08/09/1989,2021986,$2.02B,130
1117,American Bank & Trust,6810 S Minnesota Ave,Sioux Falls,South Dakota,SD,57108,Lincoln,www.abt.bank,NM,01/01/1892,01/01/1934,2020233,$2.02B,207
34681,"Crystal Lake Bank and Trust Company, National Association",70 N Williams St,Crystal Lake,Illinois,IL,60014,Mchenry,crystallakebank.com,N,12/19/1997,12/19/1997,2018555,$2.02B,59
26960,First Bank of the Lake,4558 Osage Beach Pkwy,Osage Beach,Missouri,MO,65065,Camden,www.fblake.bank,NM,05/15/1987,05/15/1987,2018060,$2.02B,241
28453,Timberland Bank,624 Simpson Ave,Hoquiam,Washington,WA,98550,Grays Harbor,http://www.timberlandbank.com,SI,01/01/1915,08/09/1989,2012186,$2.01B,268
8252,Omb Bank,3570 S National Ave,Springfield,Missouri,MO,65807,Greene,www.ombbank.com,SM,04/13/1883,01/01/1934,2005900,$2.01B,235
19772,IncredibleBank,327 N 17th Ave,Wausau,Wisconsin,WI,54401,Marathon,www.incrediblebank.com,NM,12/08/1967,12/08/1967,2004972,$2.00B,229
59205,Nelnet Bank,13907 S Minuteman Dr,Draper,Utah,UT,84020,Salt Lake,www.nelnetbank.com,NM,11/02/2020,11/02/2020,2003322,$2.00B,53
4857,First United Bank & Trust,19 S 2nd St,Oakland,Maryland,MD,21550,Garrett,https://www.mybank.com,NM,01/01/1900,01/01/1934,1997857,$2.00B,312
33457,Oak Valley Community Bank,125 N 3rd Ave,Oakdale,California,CA,95361,Stanislaus,www.ovcb.com,SM,05/28/1991,05/28/1991,1995282,$2.00B,237
58811,One Florida Bank,1601 S Orange Ave,Orlando,Florida,FL,32806,Orange,WWW.ONEFLORIDABANK.COM,NM,10/29/2008,10/29/2008,1995214,$2.00B,166
4016,The First National Bank in Sioux Falls,100 S Phillips Ave,Sioux Falls,South Dakota,SD,57104,Minnehaha,www.fnbsf.com,N,09/08/1885,01/01/1934,1988696,$1.99B,260
33758,Starion Bank,333 N 4th St,Bismarck,North Dakota,ND,58501,Burleigh,WWW.STARIONBANK.COM,NM,01/01/1993,01/01/1993,1988126,$1.99B,238
15809,Security State Bank & Trust,201 W Main St,Fredericksburg,Texas,TX,78624,Gillespie,https://www.ssbtexas.com,NM,04/07/1941,04/07/1941,1984577,$1.98B,325
34068,Thomasville National Bank,301 N Broad St,Thomasville,Georgia,GA,31792,Thomas,www.tnbank.com,N,10/02/1995,10/02/1995,1981783,$1.98B,155
13716,The Middlefield Banking Company,15985 E High St,Middlefield,Ohio,OH,44062,Geauga,www.middlefieldbank.bank,NM,03/15/1902,01/20/1934,1977387,$1.98B,246
15118,Gateway First Bank,244 S Gateway Pl,Jenks,Oklahoma,OK,74037,Tulsa,www.gatewayfirst.com,NM,03/02/1935,05/03/1935,1973595,$1.97B,633
8283,Lead Bank,1801 Main St,Kansas City,Missouri,MO,64108,Jackson,www.lead.bank,NM,01/12/1928,01/01/1934,1973003,$1.97B,269
13063,Kennebunk Savings Bank,104 Main St,Kennebunk,Maine,ME,04043,York,www.kennebunksavings.com,SI,05/01/1871,01/01/1934,1968109,$1.97B,293
57873,Commonwealth Business Bank,3435 Wilshire Blvd,Los Angeles,California,CA,90010,Los Angeles,www.cbb-bank.com,SM,03/03/2005,03/03/2005,1962373,$1.96B,171
58264,Signature Bank,9450 Bryn Mawr Ave Ste 300,Rosemont,Illinois,IL,60018,Cook,www.signaturebank.bank,NM,08/04/2006,08/04/2006,1960495,$1.96B,103
16216,The Farmers & Merchants Bank,708 S Main St,Stuttgart,Arkansas,AR,72160,Arkansas,www.gofm.bank,SM,01/02/1945,01/02/1945,1954573,$1.95B,282
23293,Florence Bank,85 Main St,Florence,Massachusetts,MA,01062,Hampshire,www.florencebank.com,SI,02/14/1873,01/02/1981,1954524,$1.95B,216
3809,"Peoples National Bank , N.A.",520 S 42nd St,Mount Vernon,Illinois,IL,62864,Jefferson,www.peoplesnationalbank.com,N,03/01/1909,01/01/1934,1954008,$1.95B,271
34805,Mission Bank,1301 17th St,Bakersfield,California,CA,93301,Kern,www.missionbank.bank,SM,10/07/1998,10/07/1998,1950191,$1.95B,152
4160,Regent Bank,7136 S Yale Ave,Tulsa,Oklahoma,OK,74136,Tulsa,www.Regent.Bank,NM,01/01/1898,01/01/1934,1945151,$1.95B,242
3719,"American Commercial Bank & Trust, National Association",701 La Salle St,Ottawa,Illinois,IL,61350,Lasalle,www.acbandt.com,N,06/01/1865,01/01/1934,1944721,$1.94B,155
18922,Tri City National Bank,6400 S 27th St,Oak Creek,Wisconsin,WI,53154,Milwaukee,www.tcnb.com,N,10/28/1963,10/28/1963,1942115,$1.94B,338
14969,Kish Bank,4255 E Main St,Belleville,Pennsylvania,PA,17004,Mifflin,www.mykish.com,NM,01/01/1927,01/01/1934,1933156,$1.93B,276
6123,Bank Of Clarke,2 E Main St,Berryville,Virginia,VA,22611,Clarke,http://www.bankofclarke.bank,SM,04/01/1881,01/01/1934,1932109,$1.93B,249
32912,Whitaker Bank,2001 Pleasant Ridge Dr,Lexington,Kentucky,KY,40509,Fayette,www.whitakerbank.com,SM,04/19/1990,04/19/1990,1927652,$1.93B,387
20954,Citizens National Bank,200 Forks Of The River Pkwy,Sevierville,Tennessee,TN,37862,Sevier,www.cnbtn.com,N,02/05/1973,02/05/1973,1926540,$1.93B,214
58783,Oakworth Capital Bank,850 Shades Creek Pkwy,Birmingham,Alabama,AL,35209,Jefferson,www.oakworth.com,NM,03/31/2008,03/31/2008,1923330,$1.92B,165
10619,Hawthorn Bank,132 E High St,Jefferson City,Missouri,MO,65101,Cole,WWW.HAWTHORNBANK.COM,NM,01/01/1911,01/01/1934,1920954,$1.92B,259
25620,"Credit One Bank, National Association",6801 S Cimarron Rd,Las Vegas,Nevada,NV,89113,Clark,WWW.CREDITONEBANK.COM,N,07/30/1984,07/30/1984,1920579,$1.92B,1210
58490,Beneficial State Bank,1438 Webster St,Oakland,California,CA,94612,Alameda,www.beneficialstatebank.com,NM,06/27/2007,06/27/2007,1918205,$1.92B,264
2102,The Conway National Bank,1400 3rd Ave,Conway,South Carolina,SC,29526,Horry,www.conwaynationalbank.com,N,01/01/1914,01/01/1934,1909799,$1.91B,243
28905,First Financial Bank,300 East Peach Street,El Dorado,Arkansas,AR,71730,Union,www.ffb1.com,SM,04/01/1934,08/09/1989,1908297,$1.91B,340
3440,First Northern Bank of Dixon,195 N 1st St,Dixon,California,CA,95620,Solano,www.thatsmybank.com,NM,01/02/1910,01/01/1934,1907769,$1.91B,197
4433,First Citizens Bank,2601 4th St Sw,Mason City,Iowa,IA,50401,Cerro Gordo,www.myfcb.bank,SM,01/09/1892,01/01/1934,1905697,$1.91B,201
34254,"Planters Bank, Inc.",1312 S Main St,Hopkinsville,Kentucky,KY,42240,Christian,www.plantersbankonline.com,NM,09/12/1996,09/12/1996,1905613,$1.91B,188
33188,Shinhan Bank America,475 Park Ave S,New York,New York,NY,10016,New York,www.shbamerica.com,NM,10/18/1990,10/18/1990,1904161,$1.90B,257
33119,"Heritage Bank, Inc.",1818 Florence Pike,Burlington,Kentucky,KY,41005,Boone,www.ourheritage.bank,NM,09/04/1990,09/04/1990,1894531,$1.89B,231
18199,Newtown Savings Bank,39 Main St,Newtown,Connecticut,CT,06470,Western Connecticut,www.nsbonline.com,SI,10/01/1855,07/01/1960,1893706,$1.89B,239
4147,Bank 7,1039 Nw 63rd St,Oklahoma City,Oklahoma,OK,73116,Oklahoma,www.bank7.com,SM,05/06/1901,01/01/1934,1890423,$1.89B,127
58689,South Atlantic Bank,630 29th Ave N,Myrtle Beach,South Carolina,SC,29577,Horry,SouthAtlantic.bank,NM,11/28/2007,11/28/2007,1888397,$1.89B,168
7714,QNB Bank,15 N 3rd St,Quakertown,Pennsylvania,PA,18951,Bucks,www.qnbbank.com,NM,07/21/1877,01/01/1934,1882594,$1.88B,200
23286,Fall River Five Cents Savings Bank,79 N Main St,Fall River,Massachusetts,MA,02720,Bristol,http://www.bankfive.com,SM,04/10/1855,01/02/1981,1879805,$1.88B,195
18213,Fairfield County Bank,150 Danbury Rd,Ridgefield,Connecticut,CT,06877,Western Connecticut,fairfieldcountybank.com,SI,05/14/1871,07/01/1960,1873862,$1.87B,202
18402,Blackhawk Bank & Trust,301 4th St W,Milan,Illinois,IL,61264,Rock Island,www.choosethechief.com,NM,06/28/1961,06/28/1961,1871745,$1.87B,247
4009,"BankWest, Inc.",420 S Pierre St,Pierre,South Dakota,SD,57501,Hughes,www.bankwest-sd.com,NM,08/30/1889,01/01/1934,1869318,$1.87B,373
19506,Bank of Springfield,3400 Wabash Ave,Springfield,Illinois,IL,62711,Sangamon,www.bankwithbos.com,NM,10/29/1965,10/29/1965,1866857,$1.87B,343
18355,North Dallas Bank & Trust Co.,12900 Preston Rd,Dallas,Texas,TX,75230,Dallas,www.ndbt.com,NM,03/20/1961,03/20/1961,1866276,$1.87B,171
18258,Thomaston Savings Bank,203 Main St,Thomaston,Connecticut,CT,06787,Naugatuck Valley,www.thomastonsavingsbank.com,SI,10/01/1874,07/01/1960,1863027,$1.86B,228
3387,FirstBank Southwest,2401 S Georgia St,Amarillo,Texas,TX,79109,Potter,www.fbsw.com,NM,01/01/1907,01/01/1934,1859619,$1.86B,242
10667,Mabrey Bank,14821 S Memorial Dr,Bixby,Oklahoma,OK,74008,Tulsa,www.mabreybank.com,SM,01/26/1924,01/01/1934,1853339,$1.85B,232
2240,First American Bank,303 W Main St,Artesia,New Mexico,NM,88210,Eddy,www.firstamericanbanknm.com,NM,01/01/1903,01/01/1934,1843515,$1.84B,250
3775,"CNB Bank and Trust, N.A.",450 W Side Sq,Carlinville,Illinois,IL,62626,Macoupin,www.cnbil.com,N,01/01/1888,01/01/1934,1842408,$1.84B,264
15511,First State Bank,801 E California St,Gainesville,Texas,TX,76240,Cooke,http://www.firststate.bank,SM,08/16/1905,07/09/1937,1838704,$1.84B,270
34207,Great Plains National Bank,2017 W 3rd St,Elk City,Oklahoma,OK,73644,Beckham,https://www.gpbankok.com.,N,07/17/1996,07/17/1996,1837504,$1.84B,412
22319,Legacy Bank & Trust Company,1500 N Main St,Mountain Grove,Missouri,MO,65711,Wright,www.legacybankandtrust.com,SM,10/17/1907,08/17/1976,1835499,$1.84B,146
24540,Bank of New England,31 Pelham Rd,Salem,New Hampshire,NH,03079,Rockingham,https://www.bankofnewengland.com,NM,06/24/1983,06/24/1983,1805324,$1.81B,106
4931,Mountain Commerce Bank,6101 Kingston Pike,Knoxville,Tennessee,TN,37919,Knox,www.mcb.com,NM,01/01/1910,01/01/1934,1801509,$1.80B,108
17897,Kennebec Savings Bank,150 State St,Augusta,Maine,ME,04330,Kennebec,www.kennebecsavings.bank,SI,03/19/1870,08/14/1958,1800102,$1.80B,208
6821,The National Bank of Blacksburg,100 S Main St,Blacksburg,Virginia,VA,24060,Montgomery,www.nbbank.com,N,01/01/1891,01/01/1934,1798954,$1.80B,247
19213,Security National Bank of Omaha,1120 S 101st St,Omaha,Nebraska,NE,68124,Douglas,www.securitynational.bank,N,09/01/1964,09/01/1964,1796077,$1.80B,239
9978,First State Bank of Uvalde,200 E Nopal St,Uvalde,Texas,TX,78801,Uvalde,www.fsbuvalde.bank,NM,07/06/1907,01/01/1934,1793478,$1.79B,131
4993,The Citizens National Bank of Meridian,512 22nd Ave,Meridian,Mississippi,MS,39301,Lauderdale,http://www.yourcnb.com,N,01/01/1888,01/01/1934,1788250,$1.79B,317
17751,Androscoggin Savings Bank,30 Lisbon St,Lewiston,Maine,ME,04240,Androscoggin,www.androscogginbank.com,SI,01/01/1870,04/25/1957,1779559,$1.78B,206
57228,Embassy Bank for the Lehigh Valley,100 Gateway Dr,Bethlehem,Pennsylvania,PA,18017,Northampton,www.embassybank.com,NM,11/06/2001,11/06/2001,1778447,$1.78B,113
14207,Lincoln Savings Bank,508 Main St,Reinbeck,Iowa,IA,50669,Grundy,www.mylsb.com,NM,01/01/1902,03/26/1934,1775608,$1.78B,217
90282,Cornerstone Bank,176 Main St,Spencer,Massachusetts,MA,01562,Worcester,www.cornerstonebank.com,SM,04/05/1871,07/08/1985,1766187,$1.77B,195
18238,Chelsea Groton Bank,904 Poquonnock Rd,Groton,Connecticut,CT,06340,Southeastern Connecticut,www.chelseagroton.com,SI,01/01/1854,07/01/1960,1764761,$1.76B,201
90227,The Lowell Five Cent Savings Bank,30 International Pl,Tewksbury,Massachusetts,MA,01876,Middlesex,www.lowellfive.com,SI,04/12/1854,07/01/1985,1764619,$1.76B,202
58433,"Waterford Bank, N.A.",3900 N Mccord Rd,Toledo,Ohio,OH,43617,Lucas,www.waterfordbankna.com,N,08/29/2007,08/29/2007,1758409,$1.76B,101
90259,North Easton Savings Bank,20 Eastman St,South Easton,Massachusetts,MA,02375,Bristol,www.northeastonsavingsbank.com,SI,02/08/1864,09/06/1985,1757271,$1.76B,191
13198,Cornerstone Bank,2280 45th St S,Fargo,North Dakota,ND,58104,Cass,www.cornerstone.bank,NM,07/15/1907,01/01/1934,1751016,$1.75B,214
20015,Bessemer Trust Company,100 Woodbridge Center Dr,Woodbridge,New Jersey,NJ,07095,Middlesex,http://www.bessemertrust.com,NM,01/01/1907,08/14/1969,1750319,$1.75B,172
1711,Wellworth Bank,400 Highway 52 Byp W,Lafayette,Tennessee,TN,37083,Macon,www.wellworth.bank,NM,07/01/1909,01/01/1934,1745741,$1.75B,255
1487,First Farmers and Merchants Bank,816 S Garden St,Columbia,Tennessee,TN,38401,Maury,www.myfirstfarmers.com,SM,01/01/1909,01/01/1934,1743281,$1.74B,254
5956,Peoples Bank,518 W C St,Newton,North Carolina,NC,28658,Catawba,https://www.peoplesbanknc.com,NM,01/01/1912,01/01/1934,1737573,$1.74B,277
660,The Adirondack Trust Company,473 Broadway,Saratoga Springs,New York,NY,12866,Saratoga,adirondacktrust.com,SM,01/01/1901,01/01/1934,1730701,$1.73B,259
34728,Independent Bank,5050 Poplar Avenue,Memphis,Tennessee,TN,38157,Shelby,www.i-bankonline.com,NM,04/20/1998,04/20/1998,1728890,$1.73B,237
57265,Citizens Community Federal National Association,219 Fairfax St,Altoona,Wisconsin,WI,54720,Eau Claire,www.ccf.us,N,12/10/2001,12/10/2001,1724798,$1.72B,215
59074,Bank of Bird-in-Hand,309 N Ronks Rd,Bird In Hand,Pennsylvania,PA,17505,Lancaster,www.bihbank.com,NM,11/29/2013,11/29/2013,1724029,$1.72B,181
58054,First Commerce Bank,105 River Ave,Lakewood,New Jersey,NJ,08701,Ocean,http://www.firstcommercebk.com,NM,01/30/2006,01/30/2006,1709669,$1.71B,170
4506,"The Security National Bank of Sioux City, Iowa",601 Pierce St,Sioux City,Iowa,IA,51101,Woodbury,https://www.snbonline.com,N,01/01/1884,01/01/1934,1704991,$1.70B,239
11771,Availa Bank,126 W 6th St,Carroll,Iowa,IA,51401,Carroll,www.availa.bank,NM,01/01/1870,01/01/1934,1683148,$1.68B,175
18272,Community State Bank,817 N Ankeny Blvd,Ankeny,Iowa,IA,50023,Polk,www.bankcsb.com,SM,07/15/1960,07/15/1960,1677304,$1.68B,146
15912,Ives Bank,220 Main St,Danbury,Connecticut,CT,06810,Western Connecticut,www.ivesbank.com,SI,06/26/1849,09/25/1942,1673706,$1.67B,184
18609,American Bank of Commerce,530 E Highway 62-82,Wolfforth,Texas,TX,79382,Lubbock,www.theabcbank.com,NM,09/11/1962,10/11/1962,1671601,$1.67B,168
26517,Cape & Coast Bank,121 Main St,Yarmouth Port,Massachusetts,MA,02675,Barnstable,www.capeandcoastbank.com,SI,01/01/1921,01/22/1986,1668894,$1.67B,162
6161,Kitsap Bank,619 Bay St,Port Orchard,Washington,WA,98366,Kitsap,www.kitsapbank.com,NM,08/08/1908,01/01/1934,1666884,$1.67B,262
8432,One Bank of Tennessee,140 S Jefferson Ave,Cookeville,Tennessee,TN,38501,Putnam,onebanktn.com,NM,11/01/1901,01/01/1934,1665279,$1.67B,202
5019,Southern Michigan Bank & Trust,45 W Pearl St,Coldwater,Michigan,MI,49036,Branch,www.smb-t.com,NM,01/16/1872,01/01/1934,1664450,$1.66B,242
5962,Sutton Bank,1 S Main St,Attica,Ohio,OH,44807,Seneca,www.suttonbank.com,NM,01/01/1878,01/01/1934,1657159,$1.66B,216
90235,Main Street Bank,81 Granger Blvd,Marlborough,Massachusetts,MA,01752,Middlesex,www.bankmainstreet.com,SI,04/03/1860,11/15/1985,1656354,$1.66B,156
22451,Lawrence Bank,3200 West End Ave,Nashville,Tennessee,TN,37203,Davidson,www.volunteer.bank,NM,04/15/1977,04/15/1977,1654873,$1.65B,178
686,Journey Bank,232 East St,Bloomsburg,Pennsylvania,PA,17815,Columbia,www.journeybank.com,NM,02/01/1926,01/01/1934,1651984,$1.65B,255
1209,"Commercial Bank of Texas, National Association",215 E Main St,Nacogdoches,Texas,TX,75961,Nacogdoches,www.cbtx.com,N,10/14/1901,01/01/1934,1641934,$1.64B,260
6862,Chesapeake Bank,97 N Main St,Kilmarnock,Virginia,VA,22482,Lancaster,www.ches.bank,SM,01/01/1900,01/01/1934,1631521,$1.63B,276
59093,International Bank of Commerce,3817 N West Expy,Oklahoma City,Oklahoma,OK,73112,Oklahoma,www.ibc.com,NM,01/01/2017,01/01/2017,1629426,$1.63B,257
18185,Community National Bank & Trust of Texas,321 N 15th St,Corsicana,Texas,TX,75110,Navarro,WWW.MYBANKTX.COM,N,01/01/1934,04/29/1960,1628808,$1.63B,254
34781,"Transportation Alliance Bank, Inc. d/b/a TAB Bank",4185 Harrison Blvd,Ogden,Utah,UT,84403,Weber,www.TABBANK.COM,NM,10/01/1998,10/01/1998,1628722,$1.63B,316
90173,East Cambridge Savings Bank,292 Cambridge St,Cambridge,Massachusetts,MA,02141,Middlesex,www.ecsb.com,SM,04/02/1854,06/18/1985,1624922,$1.62B,153
5749,Foresight Bank,809 Cannel Puri Ct,Winnebago,Illinois,IL,61088,Winnebago,www.ffgbank.com,NM,01/06/1907,01/01/1934,1622804,$1.62B,244
17180,Meredith Village Savings Bank,24 Nh 25,Meredith,New Hampshire,NH,03253,Belknap,www.mvsb.com,SI,01/01/1869,01/28/1953,1618455,$1.62B,225
3210,The Moody National Bank,2302 Post Office St,Galveston,Texas,TX,77550,Galveston,www.moodybank.com,N,01/01/1907,01/01/1934,1612459,$1.61B,189
5826,Landmark National Bank,701 Poyntz Ave,Manhattan,Kansas,KS,66502,Riley,www.banklandmark.com,N,05/02/1919,01/01/1934,1612074,$1.61B,262
3325,First National Bank of Central Texas,1835 N Valley Mills Dr,Waco,Texas,TX,76710,Mclennan,www.fnbct.com,N,08/12/1901,01/01/1934,1608944,$1.61B,115
90251,Newburyport Five Cents Savings Bank,63 State St,Newburyport,Massachusetts,MA,01950,Essex,www.newburyportbank.com,SI,04/01/1854,07/01/1985,1608840,$1.61B,159
5598,Troy Bank & Trust Company,1000 Highway 231 S,Troy,Alabama,AL,36081,Pike,http://www.troybankandtrust.com,NM,01/01/1906,01/01/1934,1608780,$1.61B,169
34755,Virginia National Bank,222 E Main St,Charlottesville,Virginia,VA,22902,Charlottesville City,www.vnb.com,N,07/29/1998,07/29/1998,1604780,$1.60B,144
1552,CBI Bank & Trust,301 Iowa Ave,Muscatine,Iowa,IA,52761,Muscatine,www.cbibt.com,SM,06/13/1933,01/01/1934,1604689,$1.60B,276
58088,SouthPoint Bank,3501 Grandview Pkwy,Birmingham,Alabama,AL,35243,Jefferson,http://www.southpoint.bank,NM,10/11/2005,10/11/2005,1596315,$1.60B,134
57754,Providence Bank & Trust,630 E 162nd St,South Holland,Illinois,IL,60473,Cook,www.providence.bank,NM,09/20/2004,09/20/2004,1596285,$1.60B,185
12204,"The Citizens Bank of Philadelphia, Mississippi",521 W Main St,Philadelphia,Mississippi,MS,39350,Neshoba,www.thecitizensbankphila.com,NM,01/01/1908,01/01/1934,1593139,$1.59B,268
26523,Bankhometown,31 Sutton Ave,Oxford,Massachusetts,MA,01540,Worcester,www.bankhometown.com,SM,01/01/1889,02/03/1986,1590622,$1.59B,147
14140,Northfield Savings Bank,33 S Main St,Northfield,Vermont,VT,05663,Washington,www.nsbvt.com,SI,11/21/1867,03/31/1934,1587368,$1.59B,184
15752,First State Bank,706 Washington St,Mendota,Illinois,IL,61342,Lasalle,WWW.FIRSTSTATEBANK.BIZ,NM,07/06/1940,07/06/1940,1584558,$1.58B,284
90169,Bluestone Bank,756 Orchard St,Raynham,Massachusetts,MA,02767,Bristol,www.bluestone.bank,SM,03/19/1872,06/20/1985,1580709,$1.58B,168
17211,The Citizens Bank,655 S Saint Louis St,Batesville,Arkansas,AR,72501,Independence,www.thecitizensbank.net,SM,04/24/1953,04/24/1953,1580646,$1.58B,189
7404,First Keystone Community Bank,111 W Front St,Berwick,Pennsylvania,PA,18603,Columbia,www.fkc.bank,NM,09/23/1864,01/01/1934,1580493,$1.58B,203
14158,Union Bank,20 Main St,Morrisville,Vermont,VT,05661,Lamoille,www.ublocal.com,NM,01/01/1891,03/31/1934,1573005,$1.57B,201
12855,Farmers State Bank,131 Tower Park Dr,Waterloo,Iowa,IA,50701,Black Hawk,www.fsb1879.com,NM,06/25/1903,01/01/1934,1572293,$1.57B,102
11236,Horicon Bank,326 E Lake St,Horicon,Wisconsin,WI,53032,Dodge,www.horiconbank.com,NM,09/07/1896,01/01/1934,1572219,$1.57B,228
1365,Peoples Bank and Trust Company,101 S Main St,Mcpherson,Kansas,KS,67460,Mcpherson,http://www.peoples.bank,NM,11/01/1898,01/01/1934,1570875,$1.57B,239
58310,US Metro Bank,9866 Garden Grove Blvd,Garden Grove,California,CA,92844,Orange,http://WWW.USMETROBANK.COM,NM,09/15/2006,09/15/2006,1566784,$1.57B,189
57415,"Forcht Bank, National Association",2404 Sir Barton Way,Lexington,Kentucky,KY,40509,Fayette,www.forchtbank.com,N,10/01/2002,10/01/2002,1556029,$1.56B,246
384,The Ohio Valley Bank Company,420 3rd Ave,Gallipolis,Ohio,OH,45631,Gallia,www.ovbc.com,SM,01/01/1872,01/01/1934,1554887,$1.55B,230
6636,THE VINTON COUNTY NATIONAL BANK,203 West Main Street,Mcarthur,Ohio,OH,45651,Vinton,www.vcnbfamily.bank,N,01/01/1867,01/01/1934,1553639,$1.55B,238
26444,Everett Co-operative Bank,419 Broadway,Everett,Massachusetts,MA,02149,Middlesex,www.everettbank.com,SI,01/01/1890,11/26/1985,1552333,$1.55B,64
16160,Waukesha State Bank,151 E Saint Paul Ave,Waukesha,Wisconsin,WI,53188,Waukesha,WWW.WAUKESHABANK.COM,NM,06/15/1944,06/15/1944,1550208,$1.55B,318
16389,Bank of Travelers Rest,42 Plaza Dr,Travelers Rest,South Carolina,SC,29690,Greenville,www.bankoftravelersrest.com,NM,03/10/1946,03/18/1946,1547863,$1.55B,169
20818,Citizens Tri-County Bank,15699 Rankin Ave,Dunlap,Tennessee,TN,37327,Sequatchie,www.ctcbonline.com,NM,10/02/1972,10/02/1972,1547659,$1.55B,301
31100,Security Federal Bank,238 Richland Ave W,Aiken,South Carolina,SC,29801,Aiken,www.securityfederalbank.com,NM,01/01/1922,08/09/1989,1546477,$1.55B,251
8774,The Cecilian Bank,104 E Main St,Cecilia,Kentucky,KY,42724,Hardin,http://www.thececilianbank.com,NM,05/01/1903,01/01/1934,1545890,$1.55B,246
7848,Community Bank,100 N Market St,Carmichaels,Pennsylvania,PA,15320,Greene,www.cb.bank,NM,07/01/1901,01/01/1934,1544555,$1.54B,168
1435,Exchange Bank,3110 2nd Ave,Kearney,Nebraska,NE,68847,Buffalo,www.eb-us.com,NM,04/09/1917,01/01/1934,1540580,$1.54B,135
58483,Pegasus Bank,4515 W Mockingbird Ln,Dallas,Texas,TX,75209,Dallas,www.pegasusbankdallas.com,SM,01/24/2007,01/24/2007,1538689,$1.54B,75
17910,Morris Bank,301 Bellevue Ave,Dublin,Georgia,GA,31021,Laurens,http://morrisstate.com,NM,11/29/1954,10/02/1958,1538379,$1.54B,182
29520,Washington Financial Bank,77 S Main St,Washington,Pennsylvania,PA,15301,Washington,www.washfin.bank,SI,01/01/1899,08/09/1989,1536774,$1.54B,158
58595,"Chain Bridge Bank, National Association",1445a Laughlin Ave,Mclean,Virginia,VA,22101,Fairfax,www.chainbridgebank.com,N,08/06/2007,08/06/2007,1534225,$1.53B,89
26381,"Bonvenu Bank, National Association",2711 E Texas St,Bossier City,Louisiana,LA,71111,Bossier,bonvenubank.com,N,10/07/1985,10/07/1985,1529307,$1.53B,203
58424,Alma Bank,2831 31st St,Astoria,New York,NY,11102,Queens,www.almabank.com,NM,09/12/2007,09/12/2007,1522884,$1.52B,164
19608,The Park Bank,2401 S Park St,Madison,Wisconsin,WI,53713,Dane,www.park.bank,NM,07/18/1966,07/18/1966,1522100,$1.52B,159
28533,First Bank Richmond,20 N 9th St,Richmond,Indiana,IN,47374,Wayne,www.firstbankrichmond.com,NM,01/01/1887,08/09/1989,1521023,$1.52B,179
3787,Dieterich Bank,300 Sur Woods Dr,Effingham,Illinois,IL,62401,Effingham,http://www.dieterichbank.com,SM,01/01/1909,01/01/1934,1518217,$1.52B,198
32629,First Savings Bank,201 N 3rd St,Beresford,South Dakota,SD,57004,Union,firstsavingsbanks.com,SB,01/01/1989,08/09/1989,1511164,$1.51B,215
19215,Benchmark Bank,5700 Legacy Dr Ste 10,Plano,Texas,TX,75024,Collin,www.benchmarkbank.com,SM,08/29/1964,08/29/1964,1510469,$1.51B,177
58504,Old Dominion National Bank,4916 Plank Rd,North Garden,Virginia,VA,22959,Albemarle,https://www.odnb.bank,N,07/23/2007,07/23/2007,1509201,$1.51B,100
58090,FFB Bank,7690 N Palm Ave,Fresno,California,CA,93711,Fresno,www.FFB.bank,NM,12/23/2005,12/23/2005,1508283,$1.51B,180
29922,Riverview Bank,900 Washington St,Vancouver,Washington,WA,98660,Clark,www.riverviewbank.com,NM,01/01/1923,08/09/1989,1507319,$1.51B,243
57813,Sterling Bank,1100 Sterling Dr,Poplar Bluff,Missouri,MO,63901,Butler,www.sterbank.bank,NM,10/19/2004,10/19/2004,1507315,$1.51B,154
12013,Union County Savings Bank,320 N Broad St,Elizabeth,New Jersey,NJ,07208,Union,www.unioncountysavings.com,SI,10/01/1883,01/01/1934,1504289,$1.50B,46
9172,Security Bank and Trust Company,210 W Washington St,Paris,Tennessee,TN,38242,Henry,www.securitybanktn.com,NM,01/01/1905,01/01/1934,1500172,$1.50B,163
8904,The Nodaway Valley Bank,304 N Main St,Maryville,Missouri,MO,64468,Nodaway,www.nvb.com,NM,12/12/1868,01/01/1934,1498189,$1.50B,170
18734,"Newtek Bank, National Association",1111 Brickell Ave,Miami,Florida,FL,33131,Miami-Dade,www.newtekbank.com,N,04/01/1963,04/01/1963,1497945,$1.50B,386
18569,Peoples State Bank,1905 Stewart Ave,Wausau,Wisconsin,WI,54401,Marathon,www.bankpeoples.com,NM,08/01/1962,08/01/1962,1496306,$1.50B,202
89,Signature Bank of Arkansas,3878 N Crossover Rd,Fayetteville,Arkansas,AR,72703,Washington,www.signature.bank,SM,08/18/1933,01/01/1934,1488916,$1.49B,215
13339,The State Bank and Trust Company,401 Clinton St,Defiance,Ohio,OH,43512,Defiance,www.yourstatebank.com,SM,03/28/1902,01/01/1934,1487552,$1.49B,245
19371,Relyance Bank,8500 Sheridan Rd,White Hall,Arkansas,AR,71602,Jefferson,www.Rely.Bank,SM,02/11/1965,02/11/1965,1486654,$1.49B,198
6063,CorTrust Bank National Association,100 E Havens Ave,Mitchell,South Dakota,SD,57301,Davison,www.cortrustbank.com,N,10/31/1930,01/01/1934,1483263,$1.48B,302
228,American State Bank,525 N Main Ave,Sioux Center,Iowa,IA,51250,Sioux,www.ambankiowa.com,NM,09/01/1913,01/01/1934,1482226,$1.48B,130
10618,BTC Bank,3606 Miller St,Bethany,Missouri,MO,64424,Harrison,btcbank.bank,NM,09/19/1919,01/01/1934,1476143,$1.48B,241
8426,1st Summit Bank,125 Donald Ln,Johnstown,Pennsylvania,PA,15904,Cambria,www.1stsummit.bank,NM,01/01/1924,01/01/1934,1475680,$1.48B,201
29847,Main Street Bank Corp.,151 N Market St,Wooster,Ohio,OH,44691,Wayne,www.mymainstreetbank.bank,NM,01/01/1899,08/09/1989,1470556,$1.47B,162
5694,PrimeSouth Bank,3473 Us Highway 84,Blackshear,Georgia,GA,31516,Pierce,http://https://www.primesouth.com,NM,01/01/1891,06/02/1934,1470491,$1.47B,171
17749,Bath Savings Institution,105 Front St,Bath,Maine,ME,04530,Sagadahoc,www.bathsavings.bank,SI,04/19/1852,04/18/1957,1469296,$1.47B,174
23298,Watertown Savings Bank,60 Main St,Watertown,Massachusetts,MA,02472,Middlesex,www.watertownsavings.com,SM,04/18/1870,01/02/1981,1467941,$1.47B,107
57497,Pathfinder Bank,214 W 1st St,Oswego,New York,NY,13126,Oswego,http://www.PATHFINDERBANK.com,NM,10/25/2002,10/25/2002,1463093,$1.46B,179
1402,Citizens Alliance Bank,55 1st St Nw,Clara City,Minnesota,MN,56222,Chippewa,www.citizensalliancebank.com,NM,07/02/1902,01/01/1934,1461611,$1.46B,217
28845,First Federal Savings Bank of Twin Falls,383 Shoshone St N,Twin Falls,Idaho,ID,83301,Twin Falls,www.BankFirstFed.com,SB,01/01/1916,08/09/1989,1459527,$1.46B,248
26299,Pacific National Bank,1390 Brickell Ave,Miami,Florida,FL,33131,Miami-Dade,www.pnb.com,N,07/22/1985,07/22/1985,1458835,$1.46B,136
7542,Ameriserv Financial Bank,216 Franklin St,Johnstown,Pennsylvania,PA,15901,Cambria,AmeriServ.com,SM,09/23/1933,01/01/1934,1457269,$1.46B,281
5673,Citizens Bank and Trust,2 E Wall St,Frostproof,Florida,FL,33843,Polk,http://www.citizens-bank.com,NM,05/13/1920,01/01/1934,1454191,$1.45B,189
15572,First National Bank of Pulaski,206 S 1st St,Pulaski,Tennessee,TN,38478,Giles,www.fnbforyou.com,N,01/12/1938,01/12/1938,1453924,$1.45B,187
5615,Chambers Bank,901 Main St,Danville,Arkansas,AR,72833,Yell,http://www.chambers.bank,SM,10/07/1930,01/01/1934,1453244,$1.45B,250
23537,Bankers' Bank,7700 Mineral Point Rd,Madison,Wisconsin,WI,53717,Dane,www.bankersbank.com,SM,09/01/1981,09/01/1981,1449727,$1.45B,131
4190,American Heritage Bank,2 S Main St,Sapulpa,Oklahoma,OK,74066,Creek,http://www.ahb.bank,SM,06/15/1905,01/01/1934,1443794,$1.44B,249
17743,Saco & Biddeford Savings Institution,252 Main St,Saco,Maine,ME,04072,York,www.sbsavings.bank,SI,02/21/1827,04/04/1957,1443631,$1.44B,201
58722,Meadows Bank,8912 Spanish Ridge Ave,Las Vegas,Nevada,NV,89148,Clark,http://www.meadowsbank.bank,NM,03/26/2008,03/26/2008,1440851,$1.44B,159
26451,Fidelity Co-operative Bank,9 Leominster Connector,Leominster,Massachusetts,MA,01453,Worcester,www.fidelitybankonline.com,SI,01/01/1888,12/06/1985,1440316,$1.44B,118
11492,InBank,200 S 2nd St,Raton,New Mexico,NM,87740,Colfax,www.inbank.com,NM,04/09/1918,01/01/1934,1438894,$1.44B,161
18194,Ascend Bank,1 Park St,Guilford,Connecticut,CT,06437,South Central Connecticut,www.ascend.bank,SI,12/06/1875,07/01/1960,1437220,$1.44B,183
13397,Bank of Utica,222 Genesee St,Utica,New York,NY,13502,Oneida,http://www.bankofutica.com,NM,04/23/1927,01/01/1934,1432168,$1.43B,43
4666,"Armed Forces Bank, National Association",320 Kansas Ave,Fort Leavenworth,Kansas,KS,66027,Leavenworth,afbank.com,N,01/01/1907,01/01/1934,1432034,$1.43B,257
32282,Malaga Bank F.S.B.,2514 Via Tejon,Palos Verdes Peninsula,California,CA,90274,Los Angeles,www.malagabank.com,SB,03/08/1985,08/09/1989,1427779,$1.43B,72
22537,Peoples Bank of Alabama,1912 Cherokee Ave Sw,Cullman,Alabama,AL,35055,Cullman,www.peoplesbankal.com,NM,10/24/1977,10/24/1977,1424720,$1.42B,278
90206,Greenfield Savings Bank,400 Main St,Greenfield,Massachusetts,MA,01301,Franklin,greenfieldsavings.com,SI,03/19/1869,11/04/1985,1423013,$1.42B,199
25886,Rio Bank,701 E Expressway 83,Mcallen,Texas,TX,78501,Hidalgo,www.rio.bank,NM,02/11/1985,02/11/1985,1422426,$1.42B,287
58281,American Riviera Bank,1033 Anacapa St,Santa Barbara,California,CA,93101,Santa Barbara,www.americanriviera.bank,NM,07/18/2006,07/18/2006,1421889,$1.42B,142
58,United Bank,200 E Nashville Ave,Atmore,Alabama,AL,36502,Escambia,http://www.unitedbank.com,NM,01/04/1904,01/01/1934,1421065,$1.42B,253
1373,BOM Bank,814 Washington St,Natchitoches,Louisiana,LA,71457,Natchitoches,www.bofm.com,NM,10/05/1903,01/01/1934,1419930,$1.42B,230
16553,Elkhorn Valley Bank & Trust,404 S 25th St,Norfolk,Nebraska,NE,68701,Madison,www.evb.bank,NM,07/06/1943,03/18/1947,1416289,$1.42B,118
8851,Park State Bank,2630 W Superior St,Duluth,Minnesota,MN,55806,St. Louis,www.parkstatebank.com,NM,06/28/1916,01/01/1934,1415538,$1.42B,152
59113,"Grasshopper Bank, N.A.",261 5th Ave,New York,New York,NY,10016,New York,www.grasshopper.bank,N,05/13/2019,05/13/2019,1412438,$1.41B,151
24823,International Finance Bank,777 Sw 37th Ave,Miami,Florida,FL,33135,Miami-Dade,www.ifbbank.com,NM,11/30/1983,11/30/1983,1411223,$1.41B,123
11670,Central Bank Illinois,101 N State St,Geneseo,Illinois,IL,61254,Henry,central-bank.com,NM,02/01/1907,01/01/1934,1410715,$1.41B,178
20845,Wallis Bank,6510 Railroad St,Wallis,Texas,TX,77485,Austin,www.wallisbank.com,NM,10/28/1972,10/28/1972,1408662,$1.41B,227
34836,North American Banking Company,2230 Albert St N,Roseville,Minnesota,MN,55113,Ramsey,www.nabankco.com,SM,07/21/1998,07/21/1998,1405401,$1.41B,95
58752,Northwest Bank,1750 W Front St,Boise,Idaho,ID,83702,Ada,northwest-bank.com,NM,03/31/2008,03/31/2008,1403045,$1.40B,131
287,Community Financial Services Bank,221 W 5th St,Benton,Kentucky,KY,42025,Marshall,http://www.yourlifeyourbank.com,SM,01/01/1890,01/01/1934,1396064,$1.40B,227
58239,Providence Bank,450 N Winstead Ave,Rocky Mount,North Carolina,NC,27804,Nash,www.pbknc.com,NM,03/14/2006,03/14/2006,1391371,$1.39B,98
57710,Greene County Commercial Bank,425 Main St,Catskill,New York,NY,12414,Greene,www.tbogc.com,NM,05/20/2004,05/20/2004,1391049,$1.39B,0
15970,Ulster Savings Bank,180 Schwenk Dr,Kingston,New York,NY,12401,Ulster,www.ulstersavings.com,SI,04/13/1851,07/01/1943,1387787,$1.39B,246
59257,Climate First Bank,182 37th Ave N,Saint Petersburg,Florida,FL,33704,Pinellas,www.climatefirstbank.com,NM,06/01/2021,06/01/2021,1386734,$1.39B,131
22396,Central National Bank,8320 W Highway 84,Waco,Texas,TX,76712,Mclennan,www.cnbwaco.com,N,01/10/1977,01/10/1977,1386409,$1.39B,104
5033,The Dart Bank,368 S Park St,Mason,Michigan,MI,48854,Ingham,www.dart.bank,NM,05/01/1925,01/01/1934,1375514,$1.38B,364
35519,North State Bank,6204 Falls Of The Neuse Road,Raleigh,North Carolina,NC,27609,Wake,http://www.northstatebank.com,SM,06/01/2000,06/01/2000,1370265,$1.37B,191
5123,Deerwood Bank,131 6th Ave S,Waite Park,Minnesota,MN,56387,Stearns,deerwoodbank.com,NM,03/21/1910,01/01/1934,1369523,$1.37B,195
19850,West Gate Bank,6003 Old Cheney Rd,Lincoln,Nebraska,NE,68516,Lancaster,my.westgate.bank,NM,09/03/1968,09/03/1968,1364394,$1.36B,215
28362,Century Bank,100 S Federal Pl,Santa Fe,New Mexico,NM,87501,Santa Fe,https://www.mycenturybank.com/,NM,01/01/1910,08/09/1989,1364303,$1.36B,182
8668,Farmers & Merchants Bank,165 New Market Rd,Timberville,Virginia,VA,22853,Rockingham,WWW.FMBANKVA.COM,SM,01/01/1908,01/01/1934,1356558,$1.36B,158
1299,Evolve Bank & Trust,301 Shoppingway Blvd,West Memphis,Arkansas,AR,72301,Crittenden,www.getevolved.com,SM,06/05/1925,01/01/1934,1355975,$1.36B,374
59177,"Square Financial Services, Inc.",3165 E Millrock Dr,Salt Lake City,Utah,UT,84121,Salt Lake,www.squareup.com/us/en/banking,NM,03/01/2021,03/01/2021,1354373,$1.35B,196
8018,Grove Bank & Trust,2701 S Bayshore Dr,Miami,Florida,FL,33133,Miami-Dade,www.grovebankandtrust.com,SM,07/12/1926,01/01/1934,1354131,$1.35B,116
19502,First National Bank of Tennessee,214 E Main St,Livingston,Tennessee,TN,38570,Overton,www.fnbotn.com,N,10/25/1965,10/25/1965,1352233,$1.35B,157
11935,First Texas Bank,900 S Austin Ave,Georgetown,Texas,TX,78626,Williamson,www.firsttexasbank.bank,NM,01/01/1898,01/01/1934,1352088,$1.35B,124
8011,Savings Bank of Mendocino County,200 N School St,Ukiah,California,CA,95482,Mendocino,WWW.SAVINGSBANK.COM,NM,11/28/1903,01/01/1934,1351634,$1.35B,166
5170,Bank Midwest,1800 Royal Ave,Spirit Lake,Iowa,IA,51360,Dickinson,bankmidwest.com,SM,01/01/1887,01/01/1934,1350956,$1.35B,170
9176,Apex Bank,102 E Main St,Camden,Tennessee,TN,38320,Benton,www.apexbank.com,NM,02/27/1931,01/01/1934,1350615,$1.35B,237
30544,Marquette Savings Bank,920 Peach St,Erie,Pennsylvania,PA,16501,Erie,www.marquettesavings.com,SI,01/01/1908,08/09/1989,1350599,$1.35B,161
5544,The City National Bank of Sulphur Springs,201 Connally St,Sulphur Springs,Texas,TX,75482,Hopkins,www.bankatcnb.bank,N,01/01/1889,01/01/1934,1349083,$1.35B,247
17960,Merrimack County Savings Bank,89 N Main St,Concord,New Hampshire,NH,03301,Merrimack,http://www.mcsbnh.com,SI,01/01/1867,01/22/1959,1348583,$1.35B,197
27998,Guardian Savings Bank,6100 W Chester Rd,West Chester,Ohio,OH,45069,Butler,www.guardiansavingsbank.com,SI,01/01/1895,08/09/1989,1347176,$1.35B,172
34997,BayFirst National Bank,700 Central Ave,Saint Petersburg,Florida,FL,33701,Pinellas,www.bayfirstfinancial.com,N,02/12/1999,02/12/1999,1344425,$1.34B,237
14851,Citizens Bank,300 Broad St,Elizabethton,Tennessee,TN,37643,Carter,www.citizensbank24.com,NM,11/03/1934,11/03/1934,1344210,$1.34B,232
34401,Fortis Bank,7001 E Belleview Ave,Denver,Colorado,CO,80237,Denver,www.fortisbankus.com,NM,05/13/1997,05/13/1997,1339815,$1.34B,95
33823,Capital Community Bank,3280 N University Ave,Provo,Utah,UT,84604,Utah,https://www.ccbank.com,NM,07/29/1993,07/29/1993,1339198,$1.34B,252
23472,"The Bank of New York Mellon Trust Company, National Association",333 S Hope St,Los Angeles,California,CA,90071,Los Angeles,www.bny.com,N,07/01/1981,07/01/1981,1337285,$1.34B,594
11569,Alliance Bank,100 Jefferson St W,Sulphur Springs,Texas,TX,75482,Hopkins,www.alliancebank.com,NM,06/16/1927,01/01/1934,1337206,$1.34B,230
34352,"City First Bank, National Association",1432 U St Nw,Washington,District Of Columbia,DC,20009,District Of Columbia,www.cityfirstbank.com,N,11/24/1998,11/24/1998,1334624,$1.33B,97
6605,The Merchants National Bank,100 N High St,Hillsboro,Ohio,OH,45133,Highland,www.merchantsnat.com,N,12/25/1879,01/01/1934,1334025,$1.33B,177
16418,BankSouth,6340 Lake Oconee Pkwy,Greensboro,Georgia,GA,30642,Greene,www.banksouth.com,SB,04/10/1946,08/09/1989,1332501,$1.33B,272
15032,First State Bank,16100 E 9 Mile Rd,Eastpointe,Michigan,MI,48021,Macomb,www.fsb.bank,SM,01/01/1917,02/21/1935,1332417,$1.33B,183
90297,Webster Five Cents Savings Bank,136 Thompson Rd,Webster,Massachusetts,MA,01570,Worcester,www.web5.com,SI,03/15/1868,08/02/1985,1329695,$1.33B,141
1673,1st Financial Bank USA,331 Dakota Dunes Blvd,Dakota Dunes,South Dakota,SD,57049,Union,www.1fbusa.com,NM,01/01/1910,01/01/1934,1329491,$1.33B,337
20989,Independence Bank,435 3rd St,Havre,Montana,MT,59501,Hill,www.ibyourbank.com,NM,03/12/1973,03/12/1973,1328487,$1.33B,145
15728,"Dakota Community Bank & Trust, National Association",609 Main St,Hebron,North Dakota,ND,58638,Morton,www.dakotacommunitybank.com,N,01/01/1940,03/11/1940,1327971,$1.33B,171
25258,"Intercredit Bank, National Association",396 Alhambra Cir,Coral Gables,Florida,FL,33134,Miami-Dade,www.intercreditbank.com,N,07/02/1984,07/02/1984,1327894,$1.33B,132
8149,First American Bank and Trust,2785 Highway 20,Vacherie,Louisiana,LA,70090,St. James,www.fabt.com,NM,12/03/1910,01/01/1934,1325606,$1.33B,226
8141,Sabine State Bank and Trust Company,297 Elizabeth St,Many,Louisiana,LA,71449,Sabine,www.sabinebank.com,NM,01/01/1902,01/01/1934,1325595,$1.33B,248
1068,Cass Commercial Bank,12412 Powerscourt Dr,Des Peres,Missouri,MO,63131,St. Louis,www.cassbank.com,SM,01/01/1906,01/01/1934,1322457,$1.32B,68
23998,State Bank of India (California),707 Wilshire Blvd,Los Angeles,California,CA,90017,Los Angeles,www.sbical.com,NM,09/03/1982,09/03/1982,1320323,$1.32B,100
20484,Benchmark Community Bank,100 S Broad St,Kenbridge,Virginia,VA,23944,Lunenburg,http://www.BCBonline.com,SM,09/08/1971,09/08/1971,1319051,$1.32B,228
26333,Genesee Regional Bank,1850 Winton Rd S,Rochester,New York,NY,14618,Monroe,www.grbbank.com,NM,08/12/1985,08/12/1985,1316916,$1.32B,164
14073,County National Bank,1 S Howell St,Hillsdale,Michigan,MI,49242,Hillsdale,WWW.CNBB.BANK,N,03/19/1934,03/19/1934,1316416,$1.32B,240
25738,Sovereign Bank,130 E Macarthur St,Shawnee,Oklahoma,OK,74804,Pottawatomie,WWW.BANKSOVEREIGN.COM,SM,10/29/1984,10/29/1984,1315963,$1.32B,172
16032,Rhinebeck Bank,6414 Montgomery St,Rhinebeck,New York,NY,12572,Dutchess,www.rhinebeckbank.com,SI,04/12/1860,07/01/1943,1315931,$1.32B,167
57269,"Signature Bank, National Association",4607 W Sylvania Ave,Toledo,Ohio,OH,43623,Lucas,www.signaturebankna.com,N,04/02/2002,04/02/2002,1313888,$1.31B,123
57825,Truxton Trust Company,20 Burton Hills Blvd,Nashville,Tennessee,TN,37215,Davidson,www.truxtontrust.com,SM,08/30/2004,08/30/2004,1312647,$1.31B,85
1978,The Yellowstone Bank,12 1st Ave,Laurel,Montana,MT,59044,Yellowstone,yellowstonebank.com,SM,05/26/1926,03/16/1934,1307921,$1.31B,102
29613,Rosedale Bank,9616 Belair Rd,Nottingham,Maryland,MD,21236,Baltimore,www.rosedale.bank,SL,01/01/1908,08/09/1989,1306842,$1.31B,145
6861,SKYLINE NATIONAL BANK,113 W Main St,Independence,Virginia,VA,24348,Grayson,www.skylinenationalbank.bank,N,10/06/1900,01/01/1934,1306220,$1.31B,247
8892,SULLIVAN BANK,318 W Main St,Sullivan,Missouri,MO,63080,Franklin,www.sullivanbank.com,NM,04/01/1895,01/01/1934,1303844,$1.30B,159
18100,CoreFirst Bank & Trust,3035 Sw Topeka Blvd,Topeka,Kansas,KS,66611,Shawnee,www.cbtks.com,NM,11/30/1959,11/30/1959,1302409,$1.30B,222
1678,Plains Commerce Bank,3905 W 49th St,Sioux Falls,South Dakota,SD,57106,Minnehaha,www.plainscommerce.com,NM,07/16/1931,01/01/1934,1302331,$1.30B,410
903,Amalgamated Bank of Chicago,30 N La Salle St,Chicago,Illinois,IL,60602,Cook,www.aboc.com,NM,06/30/1922,01/01/1934,1299506,$1.30B,149
58626,GBank,9115 W Russell Rd,Las Vegas,Nevada,NV,89148,Clark,http://www.g.bank,NM,09/24/2007,09/24/2007,1297104,$1.30B,187
15324,Security Bank & Trust Company,735 11th St E,Glencoe,Minnesota,MN,55336,Mcleod,www.security-banks.com,NM,10/12/1935,12/16/1935,1296396,$1.30B,159
18489,Adams Bank & Trust,315 N Spruce St,Ogallala,Nebraska,NE,69153,Keith,http://www.abtbank.com,SM,02/26/1962,02/26/1962,1295776,$1.30B,249
90190,Martha's Vineyard Bank,78 Main St,Edgartown,Massachusetts,MA,02539,Dukes,www.mvbank.com,SM,04/15/1955,11/04/1985,1295084,$1.30B,110
2232,Pinnacle Bank - Wyoming,1702 Sheridan Ave,Cody,Wyoming,WY,82414,Park,www.wypinnbank.com,NM,04/06/1918,01/01/1934,1293458,$1.29B,143
12299,"SouthStar Bank, S.S.B.",100 S Main St,Moulton,Texas,TX,77975,Lavaca,www.southstarbank.com,SI,11/06/1920,01/01/1934,1291007,$1.29B,154
57706,Summit Bank,96 E Broadway,Eugene,Oregon,OR,97401,Lane,https://sbko.bank,NM,02/23/2004,02/23/2004,1290210,$1.29B,134
27619,Piedmont Federal Savings Bank,201 S Stratford Rd,Winston Salem,North Carolina,NC,27103,Forsyth,www.piedmontfederal.com,SL,01/01/1903,08/09/1989,1286357,$1.29B,120
34319,Southwestern National Bank,6901 Corporate Dr,Houston,Texas,TX,77036,Harris,http://www.swnbk.com,N,11/03/1997,11/03/1997,1284728,$1.28B,147
13297,Solvay Bank,1537 Milton Ave,Solvay,New York,NY,13209,Onondaga,www.solvaybank.com,SM,03/17/1917,01/01/1934,1272722,$1.27B,152
4702,Central National Bank,802 N Washington St,Junction City,Kansas,KS,66441,Geary,www.centralnational.com,N,01/01/1884,01/01/1934,1269304,$1.27B,254
14578,Farmers State Bank,220 S Detroit St,Lagrange,Indiana,IN,46761,Lagrange,www.farmersstatebank.com,NM,07/16/1934,07/16/1934,1268041,$1.27B,143
28316,FIDELITY BANK,353 Carondelet St,New Orleans,Louisiana,LA,70130,Orleans,www.bankwithfidelity.com,SI,01/01/1908,08/09/1989,1264808,$1.26B,321
59112,Studio Bank,124 12th Ave S,Nashville,Tennessee,TN,37203,Davidson,www.studiobank.com,NM,06/14/2018,06/14/2018,1263195,$1.26B,110
23041,Bank of the Pacific,300 E Market St,Aberdeen,Washington,WA,98520,Grays Harbor,www.bankofthepacific.com,NM,12/26/1979,12/26/1979,1262463,$1.26B,207
2700,First Southern National Bank,27 Public Sq,Lancaster,Kentucky,KY,40444,Garrard,WWW.FSNB.NET,N,04/13/1865,01/01/1934,1254008,$1.25B,223
17612,Central Bank,11201 Clay Rd,Houston,Texas,TX,77041,Harris,www.centralbankhouston.com,SM,05/31/1956,05/31/1956,1250360,$1.25B,158
13953,Iowa State Bank,1101 Main St,Hull,Iowa,IA,51239,Sioux,www.iowastate.bank,SM,01/01/1879,02/20/1934,1250228,$1.25B,114
58095,Idaho First Bank,475 E Deinhard Ln,Mccall,Idaho,ID,83638,Valley,http://www.idahofirstbank.com,NM,10/03/2005,10/03/2005,1248898,$1.25B,87
13255,Midwest Bank,114 W Main St,Pierce,Nebraska,NE,68767,Pierce,www.midwest.bank,SM,01/01/1882,01/01/1934,1247976,$1.25B,168
9139,"The Commercial and Savings Bank of Millersburg, Ohio",91 N Clay St,Millersburg,Ohio,OH,44654,Holmes,www.csb1.com,SM,01/01/1879,01/01/1934,1247943,$1.25B,181
13341,The Croghan Colonial Bank,323 Croghan St,Fremont,Ohio,OH,43420,Sandusky,https://www.croghan.com,SM,07/25/1888,01/01/1934,1244068,$1.24B,203
10685,Central Penn Bank & Trust,250 E Chestnut St,Mifflinburg,Pennsylvania,PA,17844,Union,www.mbtc.com,NM,01/01/1872,01/01/1934,1243826,$1.24B,163
16501,"First Bankers Trust Company, National Association",1201 Broadway St,Quincy,Illinois,IL,62301,Adams,www.firstbankers.com,N,10/23/1946,10/23/1946,1243695,$1.24B,165
58479,Bank of Central Florida,5015 S Florida Ave,Lakeland,Florida,FL,33813,Polk,www.bankofcentralflorida.com,NM,03/19/2007,03/19/2007,1243204,$1.24B,105
12978,The Richwood Banking Company,28 N Franklin St,Richwood,Ohio,OH,43344,Union,www.richwoodbank.com,SM,07/01/1867,01/01/1934,1241743,$1.24B,204
34978,Synergy Bank,210 Synergy Center Blvd,Houma,Louisiana,LA,70360,Terrebonne,www.synergybank.com,NM,03/10/1999,03/10/1999,1237424,$1.24B,189
27132,United Security Bank,2126 Inyo St,Fresno,California,CA,93721,Fresno,http://www.unitedsecuritybank.com,SM,12/21/1987,12/21/1987,1235397,$1.24B,113
31223,First Harrison Bank,220 Federal Dr Nw,Corydon,Indiana,IN,47112,Harrison,www.firstharrison.com,NM,01/01/1891,08/09/1989,1233068,$1.23B,193
58739,Texas Security Bank,1212 Turtle Creek Blvd,Dallas,Texas,TX,75207,Dallas,https://texassecuritybank.com,NM,05/05/2008,05/05/2008,1233011,$1.23B,91
30879,"Provident Savings Bank, F.S.B.",6570 Magnolia Ave,Riverside,California,CA,92506,Riverside,www.myprovident.com,SB,07/02/1956,08/09/1989,1230789,$1.23B,164
6271,Community National Bank,4811 U.S. Route 5,Derby,Vermont,VT,05855,Orleans,www.communitynationalbank.com,N,01/15/1851,01/01/1934,1225558,$1.23B,132
20727,"Dallas Capital Bank, National Association",14185 Dallas Pkwy,Dallas,Texas,TX,75254,Dallas,www.dallascapitalbank.com,N,06/26/1972,06/26/1972,1224816,$1.22B,77
12484,First Oklahoma Bank,100 S Riverfront Dr,Jenks,Oklahoma,OK,74037,Tulsa,www.firstoklahomabank.com,NM,01/01/1923,01/01/1934,1223338,$1.22B,112
16546,JD Bank,507 N Main St,Jennings,Louisiana,LA,70546,Jefferson Davis,www.jdbank.com,NM,03/12/1947,03/12/1947,1220779,$1.22B,262
3108,"Legend Bank, N.A.",101 W Tarrant St,Bowie,Texas,TX,76230,Montague,www.legend-bank.com,N,03/01/1890,01/01/1934,1216006,$1.22B,200
26395,MutualOne Bank,828 Concord St,Framingham,Massachusetts,MA,01701,Middlesex,www.mutualone.com,SI,01/01/1889,10/11/1985,1215468,$1.22B,104
24919,Uwharrie Bank,167 N 2nd St,Albemarle,North Carolina,NC,28001,Stanly,http://www.uwharrie.com,SM,01/26/1984,01/26/1984,1213603,$1.21B,175
58864,Coastal Carolina National Bank,1012 38th Ave N,Myrtle Beach,South Carolina,SC,29577,Horry,WWW.MYCCNB.COM,N,06/08/2009,06/08/2009,1208639,$1.21B,120
1060,Wood & Huston Bank,27 E North St,Marshall,Missouri,MO,65340,Saline,www.woodhuston.com,NM,02/12/1874,01/01/1934,1207795,$1.21B,183
8255,Montgomery Bank,1 Montgomery Bank Plaza St,Sikeston,Missouri,MO,63801,Scott,www.montgomerybank.com,SM,01/01/1934,01/01/1934,1206726,$1.21B,209
18200,Dime Bank,290 Salem Tpke,Norwich,Connecticut,CT,06360,Southeastern Connecticut,http://www.dime-bank.com,SI,01/01/1869,07/01/1960,1204960,$1.20B,156
26620,Reading Co-operative Bank,180 Haven St,Reading,Massachusetts,MA,01867,Middlesex,www.readingcoop.com,SM,01/01/1886,03/27/1986,1198988,$1.20B,112
14899,Blue Sky Bank,101 E 8th St,Pawhuska,Oklahoma,OK,74056,Osage,www.bluesky.bank,SM,11/23/1905,12/04/1934,1196528,$1.20B,163
12969,The Union Bank Company,101 Progressive Dr,Columbus Grove,Ohio,OH,45830,Putnam,www.theubank.com,NM,11/21/1904,01/01/1934,1195768,$1.20B,159
57953,Legacy National Bank,4055 W Sunset Ave,Springdale,Arkansas,AR,72762,Washington,www.legacyar.com,N,03/28/2005,03/28/2005,1194801,$1.19B,147
20130,BankFirst,100 N 13th St,Norfolk,Nebraska,NE,68701,Madison,mybankfirst.bank,NM,02/09/1970,02/09/1970,1194443,$1.19B,98
11522,Liberty National Bank,629 Sw C Ave,Lawton,Oklahoma,OK,73501,Comanche,www.WeAreLiberty.bank,N,01/01/1902,01/01/1934,1192880,$1.19B,150
19482,Consumers National Bank,614 E Lincolnway,Minerva,Ohio,OH,44657,Stark,www.consumers.bank,N,09/01/1965,09/01/1965,1187278,$1.19B,188
4697,The First National Bank of Hutchinson,1 N Main St,Hutchinson,Kansas,KS,67501,Reno,www.fnbhutch.bank,N,05/02/1876,01/01/1934,1183801,$1.18B,173
16402,The Bennington State Bank,2130 S Ohio St,Salina,Kansas,KS,67401,Saline,www.bsbks.com,NM,01/01/1884,04/04/1946,1181054,$1.18B,145
18229,Northwest Community Bank,86 Main St,Winsted,Connecticut,CT,06098,Northwest Hills,www.nwcommunitybank.com,SI,07/15/1875,07/01/1960,1179267,$1.18B,161
35518,The Federal Savings Bank,4000 W Diversey Ave,Chicago,Illinois,IL,60639,Cook,www.thefederalsavingsbank.com,SB,07/03/2000,07/03/2000,1178114,$1.18B,1269
9325,Jonesboro State Bank,109 Jimmie Davis Blvd,Jonesboro,Louisiana,LA,71251,Jackson,www.jonesborostatebank.com,NM,01/01/1913,01/01/1934,1177320,$1.18B,20
28788,Sturdy Savings Bank,9417 3rd Ave,Stone Harbor,New Jersey,NJ,08247,Cape May,www.sturdyonline.com,SI,01/01/1922,08/09/1989,1171230,$1.17B,149
21292,PeoplesSouth Bank,203 W Crawford St,Colquitt,Georgia,GA,39837,Miller,http://www.peoplessouth.com,NM,10/19/1973,10/19/1973,1170615,$1.17B,198
58224,Column National Association,1717 Mangrove Ave,Chico,California,CA,95926,Butte,https://column.com/,N,03/28/2006,03/28/2006,1169451,$1.17B,139
58534,Solera National Bank,319 S Sheridan Blvd,Lakewood,Colorado,CO,80226,Jefferson,www.solerabank.com,N,09/10/2007,09/10/2007,1168621,$1.17B,69
35014,nbkc bank,3510 W 95th St,Leawood,Kansas,KS,66206,Johnson,www.nbkc.com,NM,03/30/1999,03/30/1999,1165958,$1.17B,366
17509,First State Bank of the Florida Keys,1201 Simonton St,Key West,Florida,FL,33040,Monroe,keysbank.com,NM,10/29/1955,10/29/1955,1163790,$1.16B,183
34252,Pacific Coast Bankers' Bank,1255 Treat Blvd,Walnut Creek,California,CA,94597,Contra Costa,pcbb.com,SM,01/02/1997,01/02/1997,1162548,$1.16B,116
22876,Southwest Missouri Bank,300 W 3rd St,Carthage,Missouri,MO,64836,Jasper,www.smbonline.com,NM,06/11/1979,06/11/1979,1161538,$1.16B,217
19788,Peoples Bank,5820 82nd St,Lubbock,Texas,TX,79424,Lubbock,www.peoplesbanktexas.com,SM,02/13/1968,02/13/1968,1154332,$1.15B,152
16982,Bank of Pontiac,300 W Washington St,Pontiac,Illinois,IL,61764,Livingston,www.bankofpontiac.com,SM,09/06/1947,01/29/1951,1152149,$1.15B,151
292,The Monticello Banking Company,50 N Main St,Monticello,Kentucky,KY,42633,Wayne,mbcbank.com,SM,01/01/1895,01/01/1934,1149966,$1.15B,197
27510,Metro Bank,800 Martin St S,Pell City,Alabama,AL,35128,St. Clair,http://www.metrobankpc.com,NM,05/30/1989,05/30/1989,1149778,$1.15B,157
30441,First Federal Bank of Louisiana,1135 Lake Shore Dr,Lake Charles,Louisiana,LA,70601,Calcasieu,www.ffbla.bank,SL,10/31/1949,08/09/1989,1148458,$1.15B,200
16753,Citizens State Bank,155 8th St,Somerville,Texas,TX,77879,Burleson,http://www.csbtx.bank,NM,06/01/1925,12/02/1948,1148211,$1.15B,151
58013,Two Rivers Bank & Trust,222 N Main St,Burlington,Iowa,IA,52601,Des Moines,www.tworivers.bank,NM,05/02/2005,05/02/2005,1147776,$1.15B,139
16265,Peoples Bank,1230 Valley Dr,Rock Valley,Iowa,IA,51247,Sioux,www.peoples-ebank.com,NM,06/01/1945,06/01/1945,1147111,$1.15B,145
17077,First US Bank,3291 Highway 280 E,Birmingham,Alabama,AL,35243,Jefferson,www.firstusbank.com,NM,01/21/1952,01/21/1952,1147104,$1.15B,151
13055,Citizens Bank,301 N Rochester St,Mukwonago,Wisconsin,WI,53149,Waukesha,www.citizensbankwi.bank,NM,12/12/1892,01/01/1934,1147067,$1.15B,159
3869,Anstaff Bank,100 First National Ave,Green Forest,Arkansas,AR,72638,Carroll,www.anstaff.bank,SM,05/04/1931,01/01/1934,1146585,$1.15B,159
13622,Dayspring Bank,914 Lake Ave,Gothenburg,Nebraska,NE,69138,Dawson,dayspring.bank,NM,01/01/1906,01/01/1934,1145528,$1.15B,114
9797,M1 Bank,7801 Forsyth Boulevard,Clayton,Missouri,MO,63105,St. Louis,www.m1.bank,NM,05/15/1911,01/01/1934,1142919,$1.14B,48
32718,Helm Bank USA,999 Brickell Ave,Miami,Florida,FL,33131,Miami-Dade,www.helmbankusa.com,NM,12/08/1989,12/08/1989,1141781,$1.14B,128
58060,First General Bank,19036 Colima Rd,Rowland Heights,California,CA,91748,Los Angeles,http://www.firstgeneralbank.com,NM,10/13/2005,10/13/2005,1141215,$1.14B,70
7658,First National Bank and Trust Company of Newtown,40 S State St,Newtown,Pennsylvania,PA,18940,Bucks,WWW.FNBN.COM,N,02/25/1864,01/01/1934,1138986,$1.14B,124
22180,United Bankers' Bank,2 Meridian Xing,Richfield,Minnesota,MN,55423,Hennepin,www.ubb.bank,SM,12/15/1975,12/15/1975,1138343,$1.14B,133
28530,Forward Bank,1001 N Central Ave,Marshfield,Wisconsin,WI,54449,Wood,www.forward.bank,SI,01/01/1919,08/09/1989,1138188,$1.14B,210
9888,The Dime Bank,820 Church St,Honesdale,Pennsylvania,PA,18431,Wayne,www.thedime.bank,NM,01/01/1906,01/01/1934,1135818,$1.14B,154
32242,"Liberty Savings Bank, F.S.B.",2251 Rombach Ave,Wilmington,Ohio,OH,45177,Clinton,www.libertysavingsbank.com,SB,09/14/1984,08/09/1989,1134647,$1.13B,92
14587,University Bank,2015 Washtenaw Ave,Ann Arbor,Michigan,MI,48104,Washtenaw,www.university-bank.com,NM,05/08/1908,07/23/1934,1132724,$1.13B,534
34211,Platte Valley Bank,1212 Circle Dr,Scottsbluff,Nebraska,NE,69361,Scotts Bluff,www.pvbank.com,SM,07/22/1996,07/22/1996,1130955,$1.13B,216
21906,PriorityOne Bank,220 Main Ave N,Magee,Mississippi,MS,39111,Simpson,www.priorityonebank.com,SM,01/27/1975,01/27/1975,1127519,$1.13B,241
57176,Commerce West Bank,2445 Mccabe Way,Irvine,California,CA,92614,Orange,www.cwbk.com,SM,09/24/2001,09/24/2001,1125498,$1.13B,80
34966,First Capital Bank,304 Meeting St,Charleston,South Carolina,SC,29401,Charleston,www.bankwithfirstcapitalbank.com,SM,09/27/1999,09/27/1999,1124958,$1.12B,90
2832,First Bank of Alabama,120 North St E,Talladega,Alabama,AL,35160,Talladega,www.fbal.bank,NM,01/01/1848,01/01/1934,1124896,$1.12B,142
12627,Bank of Washington,200 W Main St,Washington,Missouri,MO,63090,Franklin,http://www.bankofwashington.com,NM,10/29/1877,01/01/1934,1124749,$1.12B,133
9678,Edmonton State Bank,909 W Main St,Glasgow,Kentucky,KY,42141,Barren,www.edmontonstatebank.com,NM,03/17/1899,01/01/1934,1124749,$1.12B,189
7526,The Honesdale National Bank,733 Main St,Honesdale,Pennsylvania,PA,18431,Wayne,https://www.hnbbank.bank,N,12/26/1836,01/01/1934,1121032,$1.12B,157
9437,First State Bank,19230 State Route 136,Winchester,Ohio,OH,45697,Adams,http://www.fsb4me.com,NM,01/01/1934,01/01/1934,1120482,$1.12B,181
22308,West Michigan Community Bank,3467 Kelly St,Hudsonville,Michigan,MI,49426,Ottawa,www.wmcb.bank,SM,07/21/1976,07/21/1976,1120141,$1.12B,92
57097,Northstar Bank,833 S Van Dyke Rd,Bad Axe,Michigan,MI,48413,Huron,WWW.NORTHSTARATHOME.COM,SM,02/01/2001,02/01/2001,1116598,$1.12B,144
20856,Liberty Bank and Trust Company,6600 Plaza Dr,New Orleans,Louisiana,LA,70127,Orleans,www.libertybank.net,NM,11/16/1972,11/16/1972,1116466,$1.12B,193
58796,Parkside Financial Bank & Trust,8112 Maryland Ave,Clayton,Missouri,MO,63105,St. Louis,www.pfbt.com,NM,04/23/2008,04/23/2008,1116387,$1.12B,111
12828,"The Farmers Bank, Frankfort, Indiana",9 E Clinton St,Frankfort,Indiana,IN,46041,Clinton,www.thefarmersbank.com,NM,01/01/1876,01/01/1934,1116374,$1.12B,147
9457,The North Side Bank and Trust Company,4125 Hamilton Ave,Cincinnati,Ohio,OH,45223,Hamilton,www.nsbt.net,SM,01/01/1892,01/01/1934,1113337,$1.11B,107
90208,Pentucket  Bank,1 Merrimack St,Haverhill,Massachusetts,MA,01830,Essex,www.pentucketbank.com,SI,01/01/1891,10/08/1985,1110001,$1.11B,107
28778,Somerset Regal Bank,220 W Union Ave,Bound Brook,New Jersey,NJ,08805,Somerset,www.somersetregalbank.com,NM,01/01/1887,08/09/1989,1109831,$1.11B,122
9100,Pilot Grove Savings Bank,1341 Pilot Grove Rd,Pilot Grove,Iowa,IA,52648,Lee,www.pilotgrovesavingsbank.com,NM,01/01/1911,01/01/1934,1109491,$1.11B,130
12611,The Evangeline Bank and Trust Company,497 W Main St,Ville Platte,Louisiana,LA,70586,Evangeline,www.therealbank.com,NM,01/01/1933,01/01/1934,1109100,$1.11B,169
20161,Citizens Bank of Las Cruces,505 S Main St,Las Cruces,New Mexico,NM,88001,Dona Ana,www.citizenslc.com,NM,04/06/1970,04/06/1970,1108921,$1.11B,137
8660,Commercial Bank & Trust Co.,101 N Poplar St,Paris,Tennessee,TN,38242,Henry,cbtcnet.com,NM,05/15/1877,01/01/1934,1102544,$1.10B,202
57483,Citizens Bank & Trust,711 Gunter Ave,Guntersville,Alabama,AL,35976,Marshall,http://www.citizensbanktrust.com,NM,03/03/2003,03/03/2003,1098242,$1.10B,153
27872,Pioneer Bank,3000 N Main St,Roswell,New Mexico,NM,88201,Chaves,www.pioneer.bank,SB,02/18/1901,08/09/1989,1097229,$1.10B,160
19288,Firstar Bank,1720 E Cherokee Ave,Sallisaw,Oklahoma,OK,74955,Sequoyah,www.firstar.bank,NM,11/19/1964,11/19/1964,1096700,$1.10B,213
16849,First Arkansas Bank and Trust,600 W Main St,Jacksonville,Arkansas,AR,72076,Pulaski,www.fabandt.bank,NM,11/05/1949,11/05/1949,1096256,$1.10B,236
35157,Farm Bureau Bank FSB,10345 Professional Cir,Reno,Nevada,NV,89521,Washoe,www.farmbureau.bank,SB,07/12/1999,07/12/1999,1095954,$1.10B,187
35214,First Reliance Bank,2170 W Palmetto St,Florence,South Carolina,SC,29501,Florence,firstreliance.com,NM,08/16/1999,08/16/1999,1095897,$1.10B,163
31840,Financial Federal Bank,1715 Aaron Brenner Dr,Memphis,Tennessee,TN,38120,Shelby,www.finfedmem.com,SM,01/01/1973,08/09/1989,1095113,$1.10B,63
35412,American Community Bank & Trust,1290 Lake Ave,Woodstock,Illinois,IL,60098,Mchenry,http://www.amcombank.com,NM,03/13/2000,03/13/2000,1094715,$1.09B,99
34363,Core Bank,17807 Burke St,Omaha,Nebraska,NE,68118,Douglas,www.corebank.com,NM,12/27/1996,12/27/1996,1094319,$1.09B,123
14017,Middletown Valley Bank,803 E Main St,Middletown,Maryland,MD,21769,Frederick,www.mvbbank.com,NM,01/04/1908,03/08/1934,1092461,$1.09B,179
8889,Midwest Regional Bank,135 N Meramec Ave,Clayton,Missouri,MO,63105,St. Louis,www.mwrbank.com,NM,06/13/1894,01/01/1934,1090914,$1.09B,136
21714,Premier Bank,2866 White Bear Ave N,Maplewood,Minnesota,MN,55109,Ramsey,www..premierbanks.com,NM,08/01/1974,08/01/1974,1090398,$1.09B,105
34010,EverTrust Bank,13191 Crossroads Pkwy N,City Of Industry,California,CA,91746,Los Angeles,http://www.evertrustbank.com,NM,05/03/1995,05/03/1995,1089770,$1.09B,99
12874,Katahdin Trust Company,11 Main St,Patten,Maine,ME,04765,Penobscot,www.katahdintrust.com,NM,03/07/1918,01/01/1934,1089094,$1.09B,181
3389,Pointbank,200 S Highway 377,Pilot Point,Texas,TX,76258,Denton,https://www.pointbank.com,SM,07/13/1892,01/01/1934,1088042,$1.09B,108
14209,Farmers State Bank,1240 8th Ave,Marion,Iowa,IA,52302,Linn,www.myfsbonline.com,NM,08/27/1927,04/09/1934,1085621,$1.09B,140
35430,OptimumBank,2929 E Commercial Blvd,Fort Lauderdale,Florida,FL,33308,Broward,www.optimumbank.com,NM,11/01/2000,11/01/2000,1082700,$1.08B,96
19184,Hilltop National Bank,300 Country Club Rd,Casper,Wyoming,WY,82609,Natrona,WWW.HILLTOP.BANK,N,07/27/1964,07/27/1964,1082429,$1.08B,139
9288,First Bank of Berne,222 Heritage Trl,Berne,Indiana,IN,46711,Adams,www.firstbankofberne.com,SM,10/21/1891,01/01/1934,1081330,$1.08B,108
10308,The Bank of Fayette County,1265 Highway 57,Piperton,Tennessee,TN,38017,Shelby,www.thebank1905.com,SM,04/26/1905,01/01/1934,1076725,$1.08B,214
55130,"Servbank, National Association",3201 Orchard Rd,Oswego,Illinois,IL,60543,Kendall,www.servbank.com,N,01/03/1994,09/01/2001,1075270,$1.08B,449
13868,First State Bank Nebraska,2701 Grainger Pkwy,Lincoln,Nebraska,NE,68516,Lancaster,http://www.1fsb.bank,SM,12/12/1912,02/10/1934,1073521,$1.07B,119
17478,FirsTier Bank,115 S Walnut St,Kimball,Nebraska,NE,69145,Kimball,www.firstierbanks.com,NM,07/15/1955,07/15/1955,1072250,$1.07B,145
11807,United Bank of Michigan,900 East Paris Ave Se,Grand Rapids,Michigan,MI,49546,Kent,http://www.unitedbank4u.com,NM,01/01/1903,01/02/1934,1068603,$1.07B,159
1874,Bank of Labor,"6301 Glenwood St, Third Floor",Overland Park,Kansas,KS,66202,Johnson,http://www.bankoflabor.com,NM,09/02/1924,01/01/1934,1066993,$1.07B,128
57920,Prime Alliance Bank,1868 S 500 W,Woods Cross,Utah,UT,84010,Davis,www.primealliance.bank,NM,12/08/2004,12/08/2004,1065670,$1.07B,35
6531,The Citizens National Bank of Bluffton,102 S Main St,Bluffton,Ohio,OH,45817,Allen,www.cnbohio.com,N,01/13/1920,01/01/1934,1064991,$1.06B,155
1545,"First National Bank, Ames, Iowa",405 5th St,Ames,Iowa,IA,50010,Story,WWW.FNBAMES.COM,N,05/22/1903,01/01/1934,1060426,$1.06B,112
57451,Sound Community Bank,2400 3rd Ave,Seattle,Washington,WA,98121,King,http://www.soundcb.com,NM,01/01/1953,05/19/2003,1060272,$1.06B,112
17115,Partners Bank of New England,900 Main St,Sanford,Maine,ME,04073,York,www.partners.bank,SI,11/01/1933,05/27/1952,1058571,$1.06B,143
29782,First Federal Bank,611 E College St,Dickson,Tennessee,TN,37055,Dickson,www.ffbtn.com,SI,10/16/1936,08/09/1989,1058346,$1.06B,176
3182,MapleMark Bank,2431 E 61st St,Tulsa,Oklahoma,OK,74136,Tulsa,MapleMarkBank.com,NM,01/01/1909,01/01/1934,1058335,$1.06B,81
26626,United Texas Bank,13101 Preston Rd,Dallas,Texas,TX,75240,Dallas,www.unitedtexasbank.com,SM,04/07/1986,04/07/1986,1057261,$1.06B,82
59183,Trustar Bank,748 Walker Road,Great Falls,Virginia,VA,22066,Fairfax,www.trustarbank.com,NM,07/08/2019,07/08/2019,1057224,$1.06B,61
34415,First Command Bank,1 Firstcomm Plz,Fort Worth,Texas,TX,76109,Tarrant,www.firstcommand.com,SB,04/18/1997,04/18/1997,1055180,$1.06B,93
34456,"Keystone Bank, SSB",13715 E Ladera Blvd,Austin,Texas,TX,78738,Travis,www.keystone.bank,SI,04/01/1997,04/01/1997,1054516,$1.05B,89
57703,"T Bank, National Association",16200 Dallas Pkwy,Dallas,Texas,TX,75248,Dallas,http://www.tbank.com,N,11/02/2004,11/02/2004,1052402,$1.05B,169
8941,Bank Forward,5650 37th Ave S,Fargo,North Dakota,ND,58104,Cass,WWW.BANKFORWARD.COM,NM,09/05/1927,01/01/1934,1052326,$1.05B,229
20387,Bank of the Orient,1023 Stockton St,San Francisco,California,CA,94108,San Francisco,www.bankorient.com,SM,03/17/1971,03/17/1971,1051726,$1.05B,97
28865,MidCountry Bank,7825 Washington Ave S,Minneapolis,Minnesota,MN,55439,Hennepin,www.midcountrybank.com,SB,01/01/1933,08/09/1989,1046748,$1.05B,117
15657,Alliance Bank Central Texas,191 Archway Dr,Woodway,Texas,TX,76712,Mclennan,https://www.alliancebanktexas.com,NM,03/16/1939,03/20/1939,1046640,$1.05B,101
59286,Thrivent Bank,2855 E Cottonwood Pkwy,Salt Lake City,Utah,UT,84121,Salt Lake,www.thriventbank.com,NM,06/01/2025,06/01/2025,1045760,$1.05B,148
11459,Mid America Bank,1511 Friendship Rd,Jefferson City,Missouri,MO,65101,Cole,http://www.midambk.com,NM,04/12/1914,01/01/1934,1045693,$1.05B,149
19512,Royal Banks of Missouri,8550 Olive Blvd,Saint Louis,Missouri,MO,63132,St. Louis,http://www.royalbanksofmo.com,NM,11/08/1965,11/08/1965,1044368,$1.04B,129
3337,Texas National Bank,201 S Texas Ave,Mercedes,Texas,TX,78570,Hidalgo,http://texasnational.com,N,11/26/1920,01/01/1934,1044354,$1.04B,162
3091,The First National Bank of Bastrop,489 Highway 71 W,Bastrop,Texas,TX,78602,Bastrop,www.fnbbastrop.bank,N,08/15/1889,01/01/1934,1044138,$1.04B,150
90253,MountainOne Bank,93 Main St,North Adams,Massachusetts,MA,01247,Berkshire,www.mountainone.com,SI,01/01/1848,07/19/1985,1044106,$1.04B,187
57425,Sanibel Captiva Community Bank,2406 Periwinkle Way,Sanibel,Florida,FL,33957,Lee,http://www.sancapbank.com,NM,01/21/2003,01/21/2003,1044031,$1.04B,116
27943,Brentwood Bank,411 Mcmurray Rd,Bethel Park,Pennsylvania,PA,15102,Allegheny,www.brentwoodbank.com,SI,01/01/1922,08/09/1989,1043934,$1.04B,107
13109,Jackson County Bank,125 S Chestnut St,Seymour,Indiana,IN,47274,Jackson,jcbank.com,NM,01/01/1900,01/01/1934,1043646,$1.04B,172
28396,First Palmetto Bank,315 E Dekalb St,Camden,South Carolina,SC,29020,Kershaw,www.firstpalmetto.com,NM,01/01/1904,08/09/1989,1041246,$1.04B,160
15932,The Citizens Bank,124 East Main Street,Olanta,South Carolina,SC,29114,Florence,www.tcbsc.bank,NM,09/24/1938,03/01/1943,1041135,$1.04B,192
5058,Superior National Bank,235 Quincy St,Hancock,Michigan,MI,49930,Houghton,www.snb-t.com,N,03/06/1890,01/01/1934,1040932,$1.04B,192
4062,"The First National Bank and Trust Co., Chickasha, Oklahoma",302 W Chickasha Ave,Chickasha,Oklahoma,OK,73018,Grady,www.bankfnbt.com,N,08/21/1892,01/01/1934,1040568,$1.04B,148
58935,R Bank,3600 E Palm Valley Blvd,Round Rock,Texas,TX,78665,Williamson,www.r.bank,NM,06/22/2009,06/22/2009,1039728,$1.04B,121
32363,"Presidential Bank, FSB",4520 East West Hwy,Bethesda,Maryland,MD,20814,Montgomery,www.presidential.com,SB,04/15/1985,08/09/1989,1037879,$1.04B,345
20776,Border Bank,4530 17th Ave S,Fargo,North Dakota,ND,58103,Cass,www.border.bank,NM,08/21/1972,08/21/1972,1037268,$1.04B,147
17614,Farmers Bank & Trust,1017 Harrison St,Great Bend,Kansas,KS,67530,Barton,www.farmersbankks.com,NM,08/01/1907,06/07/1956,1036523,$1.04B,134
88,Generations Bank,3710 W Southern Hills Blvd,Rogers,Arkansas,AR,72758,Benton,www.mygenerations.bank,SM,10/08/1907,01/01/1934,1035350,$1.04B,141
34422,American Bank,4029 W Tilghman St,Allentown,Pennsylvania,PA,18104,Lehigh,www.ambk.com,SM,06/02/1997,06/02/1997,1035305,$1.04B,64
90140,Adams Community Bank,2 Center St,Adams,Massachusetts,MA,01220,Berkshire,www.adamscommunity.com,SI,05/01/1869,07/24/1985,1034505,$1.03B,116
26555,OneLocal Bank,11 Central St,Norwood,Massachusetts,MA,02062,Norfolk,https://www.onelocalbank.com/,SI,01/01/1889,02/13/1986,1032621,$1.03B,83
90203,Cape Ann Savings Bank,109 Main St,Gloucester,Massachusetts,MA,01930,Essex,capeannsavings.bank,SI,04/15/1846,10/22/1985,1030856,$1.03B,80
57184,The Freedom Bank of Virginia,10555 Main St,Fairfax,Virginia,VA,22030,Fairfax City,freedom.bank,SM,07/23/2001,07/23/2001,1029981,$1.03B,97
15565,First Southern Bank,300 Tower Square Plz,Marion,Illinois,IL,62959,Williamson,www.firstsouthernbank.net,NM,12/15/1937,12/15/1937,1029519,$1.03B,162
33418,Ledyard National Bank,320 Main St,Norwich,Vermont,VT,05055,Windsor,www.ledyard.bank,N,05/22/1991,05/22/1991,1029318,$1.03B,133
6811,First National Bank,622 Broad St,Altavista,Virginia,VA,24517,Campbell,http://www.1stnatbk.com,N,03/01/1908,01/01/1934,1028918,$1.03B,192
14264,Cornhusker Bank,8310 O St,Lincoln,Nebraska,NE,68510,Lancaster,www.cornhusker.bank,SM,08/24/1903,04/18/1934,1026914,$1.03B,123
23806,TrailWest Bank,11300 Us Highway 93 S,Lolo,Montana,MT,59847,Missoula,www.trailwest.bank,NM,05/17/1982,05/17/1982,1026682,$1.03B,183
12591,The Converse County Bank,332 E Walnut St,Douglas,Wyoming,WY,82633,Converse,www.conversecountybank.com,NM,01/01/1918,01/01/1934,1025710,$1.03B,61
2241,CNB Bank,202 W Stevens St,Carlsbad,New Mexico,NM,88220,Eddy,http://www.ourcnb.bank,NM,08/01/1924,01/01/1934,1025455,$1.03B,112
28599,Olympia Federal Savings and Loan Association,421 Capitol Way S,Olympia,Washington,WA,98501,Thurston,www.olyfed.com,SI,01/01/1906,08/09/1989,1021854,$1.02B,120
20156,Kirkpatrick Bank,15 E 15th St,Edmond,Oklahoma,OK,73013,Oklahoma,www.kirkpatrickbank.com,NM,03/23/1970,03/23/1970,1018960,$1.02B,124
57061,Cornerstone National Bank & Trust Company,1 W Northwest Hwy,Palatine,Illinois,IL,60067,Cook,www.cnbtc.bank,N,10/16/2000,10/16/2000,1018932,$1.02B,101
58509,Frontier Bank of Texas,1213 Highway 290 E,Elgin,Texas,TX,78621,Bastrop,www.frontierbankoftexas.com,NM,06/11/2007,06/11/2007,1016355,$1.02B,96
30039,Haven Savings Bank,621 Washington St,Hoboken,New Jersey,NJ,07030,Hudson,www.havenbank.com,SI,01/01/1938,08/09/1989,1015808,$1.02B,91
5874,"Calvin B. Taylor Banking Company of Berlin, Maryland",24 N Main St,Berlin,Maryland,MD,21811,Worcester,www.taylorbank.com,NM,01/01/1890,01/01/1934,1012711,$1.01B,115
58018,St. Louis Bank,9811 S 40 Dr,Saint Louis,Missouri,MO,63124,St. Louis,www.stlouisbank.com,NM,06/06/2005,06/06/2005,1012162,$1.01B,63
14995,River Bank,145 N Main St,Stoddard,Wisconsin,WI,54658,Vernon,https://www.riverbank.biz,NM,10/11/1911,01/01/1934,1011547,$1.01B,103
35207,Bank of the James,828 Main St,Lynchburg,Virginia,VA,24504,Lynchburg City,www.bankofthejames.bank,SM,07/22/1999,07/22/1999,1011360,$1.01B,164
35,AuburnBank,100 N Gay St,Auburn,Alabama,AL,36830,Lee,www.auburnbank.com,SM,01/03/1907,01/01/1934,1010662,$1.01B,151
15136,Bank of Wisconsin Dells,716 Superior St,Wisconsin Dells,Wisconsin,WI,53965,Columbia,www.dellsbank.bank,NM,02/26/1910,01/01/1934,1009327,$1.01B,97
35139,Seattle Bank,401 Union Street,Seattle,Washington,WA,98101,King,www.seattlebank.com,SI,08/02/1999,08/02/1999,1008789,$1.01B,95
32203,Summit State Bank,500 Bicentennial Way,Santa Rosa,California,CA,95403,Sonoma,http://www.summitstatebank.com,NM,01/01/1982,08/09/1989,1006522,$1.01B,105
5093,The First National Bank of Bemidji,1600 Paul Bunyan Dr Nw,Bemidji,Minnesota,MN,56601,Beltrami,www.fnbbemidji.com,N,11/27/1897,01/01/1934,1006460,$1.01B,108
58741,Fieldpoint Private Bank & Trust,130 Mason St,Greenwich,Connecticut,CT,06830,Western Connecticut,www.fieldpointprivate.com,SM,04/30/2008,04/30/2008,1006327,$1.01B,75
28380,Adirondack Bank,185 Genesee St,Utica,New York,NY,13501,Oneida,www.adirondackbank.com,SM,01/01/1898,08/09/1989,1002185,$1.00B,202
57197,BNC National Bank,20175 N 67th Ave,Glendale,Arizona,AZ,85308,Maricopa,www.bncbank.com,N,07/09/2001,07/09/2001,1002111,$1.00B,130
28706,First Federal Savings and Loan Association of Greene Co,25 E High St,Waynesburg,Pennsylvania,PA,15370,Greene,www.ffgc.bank,SB,01/01/1924,08/09/1989,1001021,$1.00B,131
33492,Crescent Bank,2201 Veterans Memorial Blvd,Metairie,Louisiana,LA,70002,Jefferson,www.cbtno.com,NM,08/30/1991,08/30/1991,1000788,$1.00B,53
29657,"Great Midwest Bank, S.S.B.",15900 W Bluemound Rd,Brookfield,Wisconsin,WI,53005,Waukesha,www.greatmidwestbank.com,SI,03/25/1936,08/09/1989,1000413,$1.00B,84
28593,Sturgis Bank & Trust Company,113 E Chicago Rd,Sturgis,Michigan,MI,49091,St. Joseph,www.sturgis.bank,NM,01/01/1905,08/09/1989,998251,$998.25M,209
2443,Clear Mountain Bank,160 Morgantown St,Bruceton Mills,West Virginia,WV,26525,Preston,www.clearmountain.bank,SM,01/01/1931,01/01/1934,997600,$997.60M,153
16664,The Paducah Bank and Trust Company,555 Jefferson St,Paducah,Kentucky,KY,42001,Mccracken,www.paducahbank.com,SM,01/24/1948,01/24/1948,996903,$996.90M,138
30704,Magyar Bank,400 Somerset St,New Brunswick,New Jersey,NJ,08901,Middlesex,www.magbank.com,SI,01/01/1922,08/09/1989,996882,$996.88M,93
21606,HCN Bank,3715 Sunnyside Dr,Riverside,California,CA,92506,Riverside,http://www.hcnbank.com,NM,06/03/1974,06/03/1974,996035,$996.03M,92
27381,First Metro Bank,406 Avalon Ave,Muscle Shoals,Alabama,AL,35661,Colbert,http://www.firstmetro.com,NM,11/07/1988,11/07/1988,996004,$996.00M,130
20720,Tennessee State Bank,2210 Parkway,Pigeon Forge,Tennessee,TN,37863,Sevier,www.tnstatebank.com,SM,06/19/1972,06/19/1972,995114,$995.11M,215
3330,The First National Bank of McGregor,401 S Main St,Mc Gregor,Texas,TX,76657,Mclennan,www.tfnbtx.com,N,01/01/1889,01/01/1934,994434,$994.43M,95
27267,Amerasia Bank,4106 Main St,Flushing,New York,NY,11355,Queens,www.amerasiabankny.com,NM,06/20/1988,06/20/1988,993851,$993.85M,90
58165,Belmont Bank & Trust Company,8250 W Belmont Ave,Chicago,Illinois,IL,60634,Cook,WWW.BELMONTBANK.COM,NM,06/14/2006,06/14/2006,993573,$993.57M,62
34969,First Central Savings Bank,70 Glen St,Glen Cove,New York,NY,11542,Nassau,http://FIRSTCENTRALSAVINGS.COM,SI,04/05/1999,04/05/1999,992771,$992.77M,104
58121,Triad Bank,10375 Clayton Rd,Frontenac,Missouri,MO,63131,St. Louis,www.triadbanking.com,NM,10/24/2005,10/24/2005,992145,$992.14M,64
29047,First Federal Bank of Kansas City,1255 Se Oldham Pkwy,Lees Summit,Missouri,MO,64081,Jackson,www.ffbkc.com,SI,07/01/1934,08/09/1989,991658,$991.66M,133
90308,Winchester Savings Bank,661 Main St,Winchester,Massachusetts,MA,01890,Middlesex,www.winchestersavings.com,SI,07/01/1871,03/14/1986,991602,$991.60M,68
2740,The Farmers National Bank of Danville,304 W Main St,Danville,Kentucky,KY,40422,Boyle,www.fnbky.com,N,02/10/1879,01/01/1934,990163,$990.16M,199
14222,Security Financial Bank,212 W Prospect St,Durand,Wisconsin,WI,54736,Pepin,www.sfbank.com,SM,04/06/1934,04/10/1934,988291,$988.29M,130
25247,First National Banker's Bank,7813 Office Park Blvd,Baton Rouge,Louisiana,LA,70809,East Baton Rouge,www.bankers-bank.com,N,07/02/1984,07/02/1984,987518,$987.52M,130
18374,Security State Bank,506 S Main St,Scott City,Kansas,KS,67871,Scott,www.ssbscott.com,NM,04/21/1961,04/21/1961,984312,$984.31M,81
16363,Capra Bank,955 Washington St,Dubuque,Iowa,IA,52001,Dubuque,WWW.CAPRABANK.COM,NM,01/21/1946,01/21/1946,984096,$984.10M,68
58694,Prime Meridian Bank,1471 Timberlane Rd,Tallahassee,Florida,FL,32312,Leon,https://www.primemeridianbank.com,NM,02/04/2008,02/04/2008,983835,$983.84M,109
33708,International Bank of Chicago,5069 N Broadway St,Chicago,Illinois,IL,60640,Cook,www.inbk.com,NM,10/26/1992,10/26/1992,981479,$981.48M,124
4673,"GNBank, National Association",100 E Forest Ave,Girard,Kansas,KS,66743,Crawford,www.gn-bank.com,N,07/01/1929,01/01/1934,981248,$981.25M,153
16636,The Torrington Savings Bank,129 Main St,Torrington,Connecticut,CT,06790,Northwest Hills,www.torringtonsavings.bank,SI,08/15/1868,10/22/1947,980968,$980.97M,129
10677,"Jonestown Bank and Trust Company, of Jonestown, Pennsylvania",2 W Market St,Jonestown,Pennsylvania,PA,17038,Lebanon,www.jbt.bank,NM,01/01/1873,01/01/1934,979414,$979.41M,158
19603,"HomeTown Bank, National Association",1801 45th St,Galveston,Texas,TX,77550,Galveston,www.hometown.bank,N,06/27/1966,06/27/1966,979097,$979.10M,118
32084,Grand Savings Bank,1022 S Main St,Grove,Oklahoma,OK,74344,Delaware,www.grandsavingsbank.com,NM,04/10/1981,08/09/1989,978596,$978.60M,186
29294,Prevail Bank,675 E Broadway Ave,Medford,Wisconsin,WI,54451,Taylor,www.prevail.bank,SB,02/18/1935,08/09/1989,978228,$978.23M,123
34811,Nebraskaland Bank,1400 S Dewey St,North Platte,Nebraska,NE,69101,Lincoln,www.nebraskalandbank.com,SM,05/14/1998,05/14/1998,976682,$976.68M,101
5575,First National Bank and Trust Company of Weatherford,220 Palo Pinto St,Weatherford,Texas,TX,76086,Parker,www.go2fbt.com,N,05/15/1880,01/01/1934,975619,$975.62M,194
9359,Bank of Commerce,310 Howard St,Greenwood,Mississippi,MS,38930,Leflore,WWW.BANKCOM.COM,NM,08/04/1904,01/01/1934,973534,$973.53M,102
58259,First National Bank of Michigan,348 W Michigan Ave,Kalamazoo,Michigan,MI,49007,Kalamazoo,www.fnbmichigan.bank,N,04/12/2006,04/12/2006,971707,$971.71M,81
8698,The Port Washington State Bank,206 N Franklin St,Port Washington,Wisconsin,WI,53074,Ozaukee,https://www.pwsb.bank,NM,09/11/1899,01/01/1934,971392,$971.39M,116
5676,Brannen Bank,320 S Highway 41,Inverness,Florida,FL,34450,Citrus,www.brannenbanks.com,NM,07/01/1926,01/01/1934,970767,$970.77M,121
15423,American Bank of Freedom,106 E Hudson St,Wellsville,Missouri,MO,63384,Montgomery,www.americanbankoffreedom.bank,NM,03/15/1880,09/14/1936,970247,$970.25M,100
15562,Pioneer Bank & Trust,700 State St,Belle Fourche,South Dakota,SD,57717,Butte,www.pioneerbankandtrust.com,NM,08/30/1937,12/04/1937,967615,$967.62M,121
3067,"Clear Fork Bank, National Association",100 S Main St,Albany,Texas,TX,76430,Shackelford,www.clearfork.bank,N,01/01/1883,01/01/1934,965479,$965.48M,115
7675,First Northern Bank and Trust Company,4th Street And Lafayette Avenue,Palmerton,Pennsylvania,PA,18071,Carbon,https://www.1stnorthern.bank,SM,10/24/1907,01/01/1934,964587,$964.59M,140
35521,InsBank,2106 Crestmoor Rd,Nashville,Tennessee,TN,37215,Davidson,www.insbank.com,SM,11/20/2000,11/20/2000,962262,$962.26M,73
15779,The Farmers & Merchants Bank,123 W Huron St,Berlin,Wisconsin,WI,54923,Green Lake,http://www.fmberlin.com,SM,12/02/1940,12/02/1940,961196,$961.20M,60
9023,Potomac Bank,111 E Washington St,Charles Town,West Virginia,WV,25414,Jefferson,www.mybct.bank,NM,02/20/1870,01/01/1934,960890,$960.89M,128
59106,Beacon Community Bank,2347 Highway 17n,Mount Pleasant,South Carolina,SC,29466,Charleston,www.beacon.bank,NM,01/08/2018,01/08/2018,957482,$957.48M,75
4540,HNB National Bank,100 N Main St,Hannibal,Missouri,MO,63401,Marion,www.hnbbanks.com,N,01/01/1888,01/01/1934,957245,$957.25M,143
15987,Walden Savings Bank,15 Scotts Corner Dr,Montgomery,New York,NY,12549,Orange,www.waldensavings.bank,SB,04/01/1872,08/09/1989,956807,$956.81M,136
16810,Farmers and Merchants Bank,617 1st St,Milford,Nebraska,NE,68405,Seward,www.bankfmb.com,NM,07/05/1949,07/05/1949,956208,$956.21M,62
27394,First Bank & Trust Co.,923 W Main St,Duncan,Oklahoma,OK,73533,Stephens,www.fb247.com,NM,12/08/1988,12/08/1988,955885,$955.88M,192
24829,Atlantic Community Bankers Bank,225 Grandview Avenue Suite 401,Camp Hill,Pennsylvania,PA,17011,Cumberland,http://www.acbb.com,SM,11/21/1983,11/21/1983,955406,$955.41M,116
3226,Ciera Bank,623 Elm St,Graham,Texas,TX,76450,Young,http://www.cierabank.com,SM,10/10/1889,01/01/1934,954230,$954.23M,125
17120,First Security Bank,295 Highway 6 W,Batesville,Mississippi,MS,38606,Panola,www.firstsecuritybk.com,NM,07/01/1952,07/01/1952,954043,$954.04M,199
16175,West Alabama Bank & Trust,509 1st Ave W,Reform,Alabama,AL,35481,Pickens,www.wabt.com,NM,07/29/1944,07/29/1944,953862,$953.86M,154
1655,The Bank of Old Monroe,2100 Highway C,Old Monroe,Missouri,MO,63369,Lincoln,www.bankofoldmonroe.com,NM,09/19/1906,01/01/1934,953288,$953.29M,82
58727,Access Bank,8712 W Dodge Rd,Omaha,Nebraska,NE,68114,Douglas,WWW.ACCESSBANK.COM,NM,12/10/2007,12/10/2007,951805,$951.80M,114
33928,"Patriot Bank, National Association",999 Bedford St,Stamford,Connecticut,CT,06905,Western Connecticut,www.bankpatriot.com,N,08/31/1994,08/31/1994,951596,$951.60M,106
26591,Coastal Heritage Bank,195 Washington St,Weymouth,Massachusetts,MA,02188,Norfolk,www.coastalheritagebank.com,SM,01/01/1889,03/11/1986,950776,$950.78M,109
15990,Watertown Savings Bank,111 Clinton St,Watertown,New York,NY,13601,Jefferson,www.watersavingsbank.com,SI,01/01/1894,07/01/1943,948966,$948.97M,121
18740,Heartland Bank,896 G St,Geneva,Nebraska,NE,68361,Fillmore,www.myheartland.bank,NM,03/03/1899,03/28/1963,948500,$948.50M,112
12203,Merchants & Marine Bank,3118 Pascagoula St,Pascagoula,Mississippi,MS,39567,Jackson,WWW.MANDMBANK.COM,NM,01/11/1932,01/01/1934,947474,$947.47M,213
3161,Texas Heritage National Bank,107 Webb St,Daingerfield,Texas,TX,75638,Morris,www.thnb.bank,N,01/01/1892,01/01/1934,947223,$947.22M,109
2036,Farmers & Merchants Bank,138 N Salisbury Gq Ave,Granite Quarry,North Carolina,NC,28146,Rowan,www.fmbnc.com,NM,01/01/1909,01/01/1934,947192,$947.19M,122
4029,Vision Bank,101 E Main St,Ada,Oklahoma,OK,74820,Pontotoc,www.visionbank.bank,SM,11/01/1924,01/01/1934,947094,$947.09M,195
19358,Round Top State Bank,301 N Washington St,Round Top,Texas,TX,78954,Fayette,www.roundtopstatebank.com,NM,01/01/1912,01/21/1965,946440,$946.44M,81
57522,Tolleson Private Bank,5550 Preston Rd,Dallas,Texas,TX,75205,Dallas,www.tollesonwealth.com,NM,02/03/2003,02/03/2003,945309,$945.31M,58
1073,Lindell Bank & Trust Company,6900 Clayton Ave,St. Louis,Missouri,MO,63139,St. Louis City,www.lindellbank.com,SM,01/01/1923,01/01/1934,937884,$937.88M,143
4048,SpiritBank,4815 S Harvard Ave,Tulsa,Oklahoma,OK,74135,Tulsa,www.spiritbank.com,NM,05/05/1916,01/01/1934,937465,$937.47M,119
15584,Mid-Missouri Bank,1615 E Independence St,Springfield,Missouri,MO,65804,Greene,www.midmobank.com,NM,06/20/1872,02/24/1938,936800,$936.80M,204
31361,"Colonial Savings, F.A.",2626c West Fwy,Fort Worth,Texas,TX,76102,Tarrant,www.gocolonial.com,SB,01/01/1962,08/09/1989,936385,$936.38M,177
34803,Resource Bank,70533 Highway 21,Covington,Louisiana,LA,70433,St. Tammany,http://www.resource.bank,NM,07/20/1998,07/20/1998,935730,$935.73M,160
12814,Peoples State Bank,301 E Blackhawk Ave,Prairie Du Chien,Wisconsin,WI,53821,Crawford,http://www.peoplesfinancial.com,NM,01/22/1915,01/01/1934,934635,$934.63M,149
25249,"C3bank, National Association",850 S Coast Highway 101,Encinitas,California,CA,92024,San Diego,www.C3bank.com,N,06/01/1984,06/01/1984,934021,$934.02M,58
10958,United Prairie Bank,1141 3rd Ave,Mountain Lake,Minnesota,MN,56159,Cottonwood,www.unitedprairiebank.com,NM,07/21/1919,01/01/1934,931437,$931.44M,125
21074,Texas Bank,1120 Us Highway 79 N,Henderson,Texas,TX,75652,Rusk,http://www.texasbnk.com,NM,05/05/1973,05/05/1973,930639,$930.64M,196
3228,The First National Bank of Granbury,101 E Bridge St,Granbury,Texas,TX,76048,Hood,www.fnbgranbury.com,N,01/01/1887,01/01/1934,930510,$930.51M,153
35151,New Millennium Bank,222 Bridge Plz S,Fort Lee,New Jersey,NJ,07024,Bergen,https://WWW.NMBONLINE.COM,NM,07/19/1999,07/19/1999,928709,$928.71M,71
57598,Mainstreet Community Bank of Florida,204 S Woodland Blvd,Deland,Florida,FL,32720,Volusia,www.bankonmainstreet.com,NM,10/24/2003,10/24/2003,928568,$928.57M,103
15663,First State Bank,708 Azalea Dr,Waynesboro,Mississippi,MS,39367,Wayne,www.firststatebnk.com,NM,05/01/1934,05/01/1939,928547,$928.55M,182
31461,Harleysville Bank,271 Main St,Harleysville,Pennsylvania,PA,19438,Montgomery,www.harleysvillebank.com,SI,01/01/1915,08/09/1989,928364,$928.36M,103
3183,NewFirst National Bank,200 E Jackson St,El Campo,Texas,TX,77437,Wharton,WWW.NEWFIRST.COM,N,01/01/1902,01/01/1934,927800,$927.80M,88
57585,Golden State Bank,500 N Brand Blvd,Glendale,California,CA,91203,Los Angeles,www.goldenstatebank.com,NM,12/01/2003,12/01/2003,927592,$927.59M,73
4952,The First National Bank of Middle Tennessee,200 E Main St,Mcminnville,Tennessee,TN,37110,Warren,www.fnbmt.com,N,10/30/1874,01/01/1934,927477,$927.48M,166
33785,"Stifel Trust Company, National Association",501 N Broadway,Saint Louis,Missouri,MO,63102,St. Louis City,http://www.stifeltrust.com/,N,02/16/1993,09/29/1999,926168,$926.17M,48
3842,First National Bank of Waterloo,228 S Main St,Waterloo,Illinois,IL,62298,Monroe,www.fnbwaterloo.bank,N,06/12/1912,01/01/1934,925705,$925.71M,163
29510,"Affinity Bank, National Association",3175 Highway 278,Covington,Georgia,GA,30014,Newton,www.newtonfederal.com,N,01/01/1928,08/09/1989,924941,$924.94M,80
57603,Falcon National Bank,183 Cedar Dr,Foley,Minnesota,MN,56329,Benton,www.falconnational.com,N,07/01/2003,07/01/2003,923733,$923.73M,128
29941,Bogota Savings Bank,819 Teaneck Rd,Teaneck,New Jersey,NJ,07666,Bergen,http://www.bogotasavingsbank.com,SI,01/01/1893,08/09/1989,923723,$923.72M,61
34936,Legends Bank,310 N 1st St,Clarksville,Tennessee,TN,37040,Montgomery,www.legendsbank.com,NM,11/12/1998,11/12/1998,921724,$921.72M,139
4178,Security Bank,10727 E 51st St,Tulsa,Oklahoma,OK,74146,Tulsa,http://www.sbtulsa.bank,SM,01/01/1902,01/01/1934,918895,$918.89M,65
1527,Diamond Bank,319 E Main,Murfreesboro,Arkansas,AR,71958,Pike,www.diamond.bank,SM,12/16/1904,01/01/1934,915912,$915.91M,150
17431,Stone Bank,802 E Main St,Mountain View,Arkansas,AR,72560,Stone,www.stonebank.com,SM,04/29/1955,04/29/1955,915494,$915.49M,133
9719,Oxford Bank,60 S Washington St,Oxford,Michigan,MI,48371,Oakland,www.oxfordbank.com,SM,06/04/1884,01/01/1934,915302,$915.30M,141
12514,Ixonia Bank,W 1046 Marietta  Ave,Ixonia,Wisconsin,WI,53036,Jefferson,www.ixoniabank.com,NM,01/01/1918,01/01/1934,914633,$914.63M,672
6959,Ballston Spa National Bank,87 Front St,Ballston Spa,New York,NY,12020,Saratoga,https://ww.bsnb.com,N,01/01/1838,01/01/1934,914207,$914.21M,133
34890,"New Peoples Bank, Inc.",53 Commerce Dr,Honaker,Virginia,VA,24260,Russell,www.newpeoples.bank,SM,10/28/1998,10/28/1998,911136,$911.14M,182
57069,Story Bank DBA Story Financial Partners,4450 Old Canton Rd,Jackson,Mississippi,MS,39211,Hinds,www.firstcommercialbk.com,NM,10/12/2000,10/12/2000,910535,$910.53M,113
16243,Bank of Eastern Oregon,279 N Main St,Heppner,Oregon,OR,97836,Morrow,www.beobank.com,NM,03/03/1945,03/03/1945,910202,$910.20M,164
57511,Community First Bank of Indiana,201 W Sycamore St,Kokomo,Indiana,IN,46901,Howard,www.cfbindiana.com,NM,02/03/2003,02/03/2003,909624,$909.62M,222
58590,Nano Banc,7755 Irvine Center Dr Fl 3,Irvine,California,CA,92618,Orange,www.nanobanc.com,SM,09/17/2007,09/17/2007,908539,$908.54M,53
10214,Vermillion State Bank,107 Main St E,Vermillion,Minnesota,MN,55085,Dakota,WWW.VERMILLIONBANK.COM,NM,08/10/1918,01/01/1934,907276,$907.28M,36
14885,First Bank,331 Dock St,Ketchikan,Alaska,AK,99901,Ketchikan Gateway,WWW.FIRSTBANKAK.COM,NM,09/15/1924,11/23/1934,907048,$907.05M,139
58297,Pinnacle Bank,7597 Monterey St,Gilroy,California,CA,95020,Santa Clara,http://www.pinnacle.bank,NM,07/17/2006,07/17/2006,905733,$905.73M,89
14134,Passumpsic Savings Bank,497 Railroad St,Saint Johnsbury,Vermont,VT,05819,Caledonia,http://www.passumpsicbank.com,SI,02/24/1853,03/31/1934,905695,$905.70M,135
17797,Rollstone Bank & Trust,780 Main St,Fitchburg,Massachusetts,MA,01420,Worcester,http://www.rollstonebank.com,SB,02/12/1846,08/09/1989,905042,$905.04M,89
29700,Century Next Bank,505 N Vienna St,Ruston,Louisiana,LA,71270,Lincoln,www.cnext.bank,SB,01/01/1905,08/09/1989,903786,$903.79M,115
17951,Franklin Savings Bank,387 Central St,Franklin,New Hampshire,NH,03235,Merrimack,www.fsbnh.bank,SI,06/30/1869,01/02/1959,902418,$902.42M,118
32527,BayVanguard Bank,7114 N Point Rd,Baltimore,Maryland,MD,21219,Baltimore,www.bayvanguard.com,NM,09/01/1873,08/09/1989,901724,$901.72M,105
14646,Newfield National Bank,18 S West Blvd,Newfield,New Jersey,NJ,08344,Gloucester,www.newfieldnationalbank.bank,N,01/01/1934,07/31/1934,900105,$900.11M,146
11763,VISIONBANK OF IOWA,104 Chestnut St,Ames,Iowa,IA,50010,Story,www.visionbank.com,SM,06/01/1884,01/01/1934,899954,$899.95M,128
6137,Bank of Botetourt,19747 Main St,Buchanan,Virginia,VA,24066,Botetourt,www.bankofbotetourt.com,NM,09/27/1899,01/01/1934,898809,$898.81M,149
35323,FinWise Bank,756 E Winchester St,Murray,Utah,UT,84107,Salt Lake,www.finwise.bank,NM,07/25/2000,07/25/2000,898794,$898.79M,194
1696,The Farmers Bank,120 Village Dr,Portland,Tennessee,TN,37148,Sumner,www.thefarmersbank.net,NM,07/12/1912,01/01/1934,897328,$897.33M,151
4211,First National Bank of Oklahoma,10900 Hefner Pointe Dr,Oklahoma City,Oklahoma,OK,73120,Oklahoma,www.fnbok.bank,N,01/01/1917,01/01/1934,895986,$895.99M,73
29087,Southwest Heritage Bank,8777 E Hartford Dr,Scottsdale,Arizona,AZ,85255,Maricopa,www.swhbank.com,SL,08/01/1934,08/09/1989,895650,$895.65M,100
1497,Security State Bank,1000 N Oak St,Pearsall,Texas,TX,78061,Frio,www.securitystbk.com,NM,01/01/1925,01/01/1934,894625,$894.63M,80
4779,"Dream First Bank, National Association",11 N Main St,Syracuse,Kansas,KS,67878,Hamilton,www.dreamfirst.bank,N,02/10/1906,01/01/1934,891926,$891.93M,152
30996,Cenlar FSB,425 Phillips Blvd,Ewing,New Jersey,NJ,08618,Mercer,www.cenlar.com,SB,01/01/1912,08/09/1989,890966,$890.97M,1779
27238,Winchester Co-operative Bank,19 Church St,Winchester,Massachusetts,MA,01890,Middlesex,www.wcbonline.com,SI,01/01/1893,04/22/1988,890371,$890.37M,56
35568,"American Bank & Trust Company, Inc.",531 Lovers Ln,Bowling Green,Kentucky,KY,42103,Warren,www.ambanking.com,NM,07/05/2000,07/05/2000,890003,$890.00M,98
15632,Greenfield Banking Company,1920 N State St,Greenfield,Indiana,IN,46140,Hancock,www.gbcbank.com,NM,09/03/1871,01/01/1934,886142,$886.14M,119
11860,The Killbuck Savings Bank Company,165 N Main St,Killbuck,Ohio,OH,44637,Holmes,http://www.killbuckbank.com,SM,01/01/1900,01/01/1934,885140,$885.14M,144
3732,Farmers National Bank,114 W 3rd St,Prophetstown,Illinois,IL,61277,Whiteside,www.farmersnationalbank.bank,N,07/01/1902,01/01/1934,884764,$884.76M,61
57465,First Commerce Bank,500 N Ellington Pkwy,Lewisburg,Tennessee,TN,37091,Marshall,www.firstcommercebank.net,NM,12/02/2002,12/02/2002,881839,$881.84M,101
17477,United Bank & Trust,823 Broadway,Marysville,Kansas,KS,66508,Marshall,www.ubankonline.com,SM,07/01/1890,07/28/1955,879680,$879.68M,106
7614,The Juniata Valley Bank,1 S Main St,Mifflintown,Pennsylvania,PA,17059,Juniata,www.jvbonline.com,NM,01/01/1867,01/01/1934,879612,$879.61M,129
4549,CNB St Louis Bank,7305 Manchester Rd,Maplewood,Missouri,MO,63143,St. Louis,http://www.cnbstl.com,NM,01/01/1915,01/01/1934,877614,$877.61M,88
11178,"Transpecos Banks, SSB",217 W 3rd St,Pecos,Texas,TX,79772,Reeves,www.transpecos.bank,SI,03/01/1924,01/01/1934,876494,$876.49M,94
1833,State Bank,900 E 56th St,Brownsburg,Indiana,IN,46112,Hendricks,www.statebank1910.bank,NM,12/01/1910,01/01/1934,875909,$875.91M,101
18344,UBank,208 S Us Highway 69,Huntington,Texas,TX,75949,Angelina,www.u.bank,NM,01/23/1961,01/23/1961,873808,$873.81M,112
26181,Texas National Bank of Jacksonville,300 Neches St,Jacksonville,Texas,TX,75766,Cherokee,WWW.Txnationalbank.COM,N,03/19/1985,03/19/1985,873099,$873.10M,117
18296,Hawaii National Bank,45 N King St Fl 7,Honolulu,Hawaii,HI,96817,Honolulu,www.hawaiinational.bank,N,09/16/1960,09/16/1960,871575,$871.58M,148
10255,The Old Fort Banking Company,8034 Main St,Old Fort,Ohio,OH,44861,Seneca,http://www.oldfortbank.com,NM,01/16/1916,01/01/1934,870722,$870.72M,96
1895,Farmers and Merchants Bank,15226 Hanover Pike,Upperco,Maryland,MD,21155,Baltimore,www.fmb1919.bank,NM,01/01/1919,01/01/1934,869676,$869.68M,94
3701,"Resource Bank, National Association",555 Bethany Rd,Dekalb,Illinois,IL,60115,Dekalb,www.resourcebank.com,N,10/01/1901,01/01/1934,868661,$868.66M,179
29787,"First Federal Community Bank, National Association",141 W Ohio Ave,Dover,Ohio,OH,44622,Tuscarawas,www.firstfed.com,N,01/01/1898,08/09/1989,868313,$868.31M,104
2208,First Northern Bank of Wyoming,141 S Main St,Buffalo,Wyoming,WY,82834,Johnson,fnbofwyo.com,SM,02/02/1885,01/01/1934,868015,$868.01M,147
26559,"StonehamBank,  A Co-operative Bank",80 Montvale Ave,Stoneham,Massachusetts,MA,02180,Middlesex,stonehambank.com,SI,01/01/1887,02/14/1986,866033,$866.03M,75
5005,FNB Oxford Bank,101 Courthouse Sq,Oxford,Mississippi,MS,38655,Lafayette,www.fnboxford.com,SM,10/10/1910,01/01/1934,864723,$864.72M,104
9751,21st Century Bank,699 N Medina St,Loretto,Minnesota,MN,55357,Hennepin,www.21stcenturybank.com,NM,06/02/1917,01/01/1934,864569,$864.57M,60
29009,Liberty Bank for Savings,2392 N Milwaukee Ave,Chicago,Illinois,IL,60647,Cook,libertybank.com,SI,01/01/1898,08/09/1989,864306,$864.31M,99
16858,First American Bank and Trust Company,300 College Ave,Athens,Georgia,GA,30601,Clarke,www.fabt.bank,NM,01/01/1934,11/01/1949,863947,$863.95M,106
8903,Peoples Bank & Trust Co.,430 E Wood St,Troy,Missouri,MO,63379,Lincoln,pbtc.net,SM,03/10/1924,01/01/1934,863885,$863.88M,119
9463,Unified Bank,201 S 4th St,Martins Ferry,Ohio,OH,43935,Belmont,www.unifiedbank.com,NM,01/01/1902,01/01/1934,862514,$862.51M,130
29675,Iroquois Federal Savings and Loan Association,201 E Cherry St,Watseka,Illinois,IL,60970,Iroquois,www.iroquoisfed.com,SB,01/01/1883,08/09/1989,862332,$862.33M,106
58341,Mountain Pacific Bank,3732 Broadway,Everett,Washington,WA,98201,Snohomish,www.mp.bank,NM,07/24/2006,07/24/2006,861882,$861.88M,100
1426,Focus Bank,101 South Main Street,Charleston,Missouri,MO,63834,Mississippi,www.focusbank.com,NM,01/01/1930,01/01/1934,861562,$861.56M,170
2829,First Southern State Bank,80 Bank St,Stevenson,Alabama,AL,35772,Jackson,www.fssbank.com,NM,10/01/1910,01/01/1934,861339,$861.34M,130
58469,"American Plus Bank, N.A.",630 W Duarte Rd,Arcadia,California,CA,91007,Los Angeles,www.bankaplus.com,N,08/08/2007,08/08/2007,858538,$858.54M,52
57554,Traditions Bank,109 2nd Ave Nw,Cullman,Alabama,AL,35055,Cullman,www.traditionsal.com,NM,08/04/2003,08/04/2003,857062,$857.06M,93
57129,Community Federal Savings Bank,8916 Jamaica Ave,Woodhaven,New York,NY,11421,Queens,www.cfsb.com,SB,07/16/2001,07/16/2001,857056,$857.06M,209
22738,First Utah Bank,3826 S 2300 E,Salt Lake City,Utah,UT,84109,Salt Lake,www.firstutahbank.com,NM,10/19/1978,10/19/1978,855699,$855.70M,108
18519,First Service Bank,134 S Broadview St,Greenbrier,Arkansas,AR,72058,Faulkner,https://www.firstservicebank.com,NM,05/07/1962,05/07/1962,855459,$855.46M,136
25665,Community National Bank,210 Main St,Seneca,Kansas,KS,66538,Nemaha,www.communitynationalbank.net,N,10/04/1984,10/04/1984,855306,$855.31M,114
29632,Windsor Federal Bank,270 Broad St,Windsor,Connecticut,CT,06095,Capitol,www.windsorfederal.com,SL,01/01/1935,08/09/1989,853301,$853.30M,110
13107,"Citizens State Bank of New Castle, Indiana",1238 Broad St,New Castle,Indiana,IN,47362,Henry,www.mycsbin.com,NM,07/03/1873,01/01/1934,850951,$850.95M,133
26634,Mechanics Cooperative Bank,316 Broadway,Taunton,Massachusetts,MA,02780,Bristol,www.mechanics.bank,SI,01/01/1877,04/17/1986,850614,$850.61M,99
1756,Central Bank,1506 Market St,Little Rock,Arkansas,AR,72211,Pulaski,http://www.centralbankar.com,NM,08/12/1912,01/01/1934,849672,$849.67M,43
90291,The Savings Bank,357 Main St,Wakefield,Massachusetts,MA,01880,Middlesex,www.tsbdirect.bank,SI,05/26/1869,08/05/1985,848780,$848.78M,104
9737,Midwest Bank,613 Highway 10 E,Detroit Lakes,Minnesota,MN,56501,Becker,midwestbank.net,NM,06/01/1917,01/01/1934,846685,$846.68M,103
29011,Mechanics Bank,2 S Main St,Mansfield,Ohio,OH,44902,Richland,www.mymechanics.com,NM,01/01/1886,08/09/1989,846666,$846.67M,137
17809,Citizens Bank,275 Sw 3rd St,Corvallis,Oregon,OR,97333,Benton,www.citizensEbank.com,NM,10/05/1957,10/05/1957,846183,$846.18M,184
17739,Plains State Bank,19404 Kenswick Dr,Humble,Texas,TX,77338,Harris,http://www.psbplains.com,NM,04/06/1957,04/06/1957,846156,$846.16M,86
57874,Paragon Bank,5400 Poplar Ave,Memphis,Tennessee,TN,38119,Shelby,http://www.bankparagon.com,NM,01/19/2005,01/19/2005,845904,$845.90M,117
17588,The First State Bank,206 North St.,Louise,Texas,TX,77455,Wharton,www.fsblouise.com,NM,05/07/1956,05/07/1956,845840,$845.84M,161
3225,"Titan Bank, N.A.",1701 E Hubbard St,Mineral Wells,Texas,TX,76067,Palo Pinto,www.titanbank.com,N,01/01/1907,01/01/1934,843527,$843.53M,34
35456,1st Colonial Community Bank,1040 Haddon Ave,Collingswood,New Jersey,NJ,08108,Camden,http://www.1stcolonial.com,NM,06/29/2000,06/29/2000,842660,$842.66M,101
58827,Oak View National Bank,340 Waterloo Street,Warrenton,Virginia,VA,20186,Fauquier,WWW.OAKVIEWBANK.COM,N,06/08/2009,06/08/2009,842130,$842.13M,63
19532,Skowhegan Savings Bank,13 Elm St,Skowhegan,Maine,ME,04976,Somerset,www.skowhegan.com,SI,10/02/1869,01/01/1966,842072,$842.07M,142
10643,Dundee Bank,5015 Underwood Ave,Omaha,Nebraska,NE,68132,Douglas,www.dundeebank.com,NM,02/05/1915,01/01/1934,841205,$841.21M,66
13220,The Peoples Bank Co.,112 W Main St,Coldwater,Ohio,OH,45828,Mercer,www.pbc.bank,NM,11/20/1905,01/01/1934,840463,$840.46M,69
5193,Pioneer Bank,301 Main St E,Mapleton,Minnesota,MN,56065,Blue Earth,WWW.BANKWITHPIONEER.COM,SM,01/01/1903,01/01/1934,839715,$839.72M,122
59114,CommerceOne Bank,17 20th St N,Birmingham,Alabama,AL,35203,Jefferson,www.commerceonebank.com,NM,06/04/2018,06/04/2018,838987,$838.99M,52
1720,Western Bank,1617 Broadway,Lubbock,Texas,TX,79401,Lubbock,http://www.westernbank.com,NM,01/01/1909,01/01/1934,837631,$837.63M,139
23007,Oregon Pacific Banking Company dba Oregon Pacific Bank,1355 Highway 101,Florence,Oregon,OR,97439,Lane,www.oregonpacificbank.com,SM,12/17/1979,12/17/1979,837360,$837.36M,146
14929,West Shore Bank,201 W Loomis St,Ludington,Michigan,MI,49431,Mason,www.westshorebank.com,NM,07/25/1898,10/06/1934,836560,$836.56M,131
26397,Greenfield Co-operative Bank,63 Federal St,Greenfield,Massachusetts,MA,01301,Franklin,www.greenfieldcoopbank.com,SM,01/01/1905,10/22/1985,835875,$835.88M,109
14029,First Liberty Bank,9601 N May Ave,Oklahoma City,Oklahoma,OK,73120,Oklahoma,www.myfirstliberty.com,NM,12/12/1933,01/01/1934,835665,$835.66M,94
8439,Centennial Bank,5420 Broad St S,Trezevant,Tennessee,TN,38258,Carroll,http://www.mycentennial.bank,NM,01/01/1916,01/01/1934,835475,$835.48M,162
15465,United Southern Bank,750 N Central Ave,Umatilla,Florida,FL,32784,Lake,www.unitedsouthernbank.com,NM,03/01/1937,03/01/1937,834734,$834.73M,158
1294,FNBC Bank,636 Ash Flat Dr,Ash Flat,Arkansas,AR,72513,Sharp,www.fnbc.us,SM,01/01/1912,01/01/1934,832991,$832.99M,125
17676,Legacy Bank,123 E Chicago Ave,Colwich,Kansas,KS,67030,Sedgwick,www.legacy.bank,NM,02/22/1886,10/04/1956,832071,$832.07M,133
16723,Carolina Bank & Trust Co.,112 Main St,Lamar,South Carolina,SC,29069,Darlington,www.carolinabank.net,NM,03/03/1936,08/16/1948,831510,$831.51M,92
26442,"Terrabank, National Association",3191 Coral Way,Miami,Florida,FL,33145,Miami-Dade,www.terrabank.com,N,11/21/1985,11/21/1985,831325,$831.33M,120
11623,Bank Cmg,8020 Excelsior Dr,Madison,Wisconsin,WI,53717,Dane,www.bankcmg.com,NM,10/22/1883,01/01/1934,829676,$829.68M,106
18389,Western Commerce Bank,127 S Canyon St,Carlsbad,New Mexico,NM,88220,Eddy,http://www.wcb.net,NM,06/03/1961,06/03/1961,829100,$829.10M,97
11729,CIBM Bank,2913 W Kirby Ave,Champaign,Illinois,IL,61821,Champaign,www.cibmbank.com,NM,01/01/1921,01/01/1934,828504,$828.50M,143
17933,Blue Ridge Bank and Trust Co.,4200 Little Blue Pkwy,Independence,Missouri,MO,64057,Jackson,www.blueridgebank.com,NM,09/08/1958,11/20/1958,828253,$828.25M,122
17282,BankIowa,7045 C Ave Ne,Cedar Rapids,Iowa,IA,52402,Linn,http://www.bankiowa.com,NM,01/01/1881,12/11/1953,827488,$827.49M,131
59105,Winter Park National Bank,201 N New York Ave,Winter Park,Florida,FL,32789,Orange,www.wpnb.bank,N,08/01/2017,08/01/2017,827314,$827.31M,31
5269,First National Bank North,600 Minnesota Ave W,Walker,Minnesota,MN,56484,Cass,www.fnbnorth.com,N,12/01/1902,01/01/1934,826474,$826.47M,121
15085,Arthur State Bank,100 E Main St,Union,South Carolina,SC,29379,Union,www.arthurstatebank.com,NM,04/01/1933,03/13/1934,825906,$825.91M,156
16659,Northeast Bank,77 Broadway St Ne,Minneapolis,Minnesota,MN,55413,Hennepin,www.nebankmn.com,NM,01/03/1948,01/03/1948,823863,$823.86M,71
9499,Thread Bank,210 E Main St,Rogersville,Tennessee,TN,37857,Hawkins,www.thread.bank,NM,04/01/1906,01/01/1934,823391,$823.39M,101
58657,PromiseOne Bank,2385 Pleasant Hill Rd,Duluth,Georgia,GA,30096,Gwinnett,http://www.promiseone.bank,NM,11/06/2008,11/06/2008,822611,$822.61M,96
19448,BNA Bank,205 W Bankhead St,New Albany,Mississippi,MS,38652,Union,www.bnabank.com,NM,01/01/1896,06/03/1965,821465,$821.47M,111
3301,First Liberty Bank,1900 Sam Houston St,Liberty,Texas,TX,77575,Liberty,flb.bank,SM,01/01/1913,01/01/1934,820538,$820.54M,120
13951,Community Bank of Louisiana,118 Jefferson St,Mansfield,Louisiana,LA,71052,De Soto,www.communitybankofla.bank,NM,10/01/1901,01/01/1934,820532,$820.53M,111
34496,First Commercial Bank (USA),200 E Main St,Alhambra,California,CA,91801,Los Angeles,bankfcb.com,NM,05/20/1997,05/20/1997,820394,$820.39M,101
18030,Savings Bank of Walpole,68 Ames Plaza Ln,Walpole,New Hampshire,NH,03608,Cheshire,www.walpolebank.com,SI,07/21/1875,07/02/1959,819437,$819.44M,105
8745,First State Bank of Middlebury,111 South Main Street,Middlebury,Indiana,IN,46540,Elkhart,www.Bfirst.bank,NM,01/01/1910,01/01/1934,816971,$816.97M,110
57922,Harmony Bank,4161 Mckinney Ave,Dallas,Texas,TX,75204,Dallas,www.harmony.bank,NM,03/04/2005,03/04/2005,814455,$814.46M,93
14769,DMB Community Bank,10 Terrace Ct,Madison,Wisconsin,WI,53718,Dane,www.deforestbank.com,NM,06/29/1922,01/01/1934,814381,$814.38M,39
58712,Freedom Bank,99 W Essex St,Maywood,New Jersey,NJ,07607,Bergen,http://www.freedombanknj.com,NM,04/17/2008,04/17/2008,814048,$814.05M,54
9632,Fortress Bank,9000 N Knoxville Ave,Peoria,Illinois,IL,61615,Peoria,www.bankfortress.com,NM,01/04/1904,01/01/1934,813179,$813.18M,222
893,Citizens Bank,407 Main St N,Carthage,Tennessee,TN,37030,Smith,www.citzcar.com,NM,10/26/1929,01/01/1934,812034,$812.03M,68
13838,Field & Main Bank,140 N Main St,Henderson,Kentucky,KY,42420,Henderson,www.fieldandmain.com,SM,02/02/1934,02/05/1934,811924,$811.92M,117
34599,"The Pitney Bowes Bank, Inc.",215 S State St,Salt Lake City,Utah,UT,84111,Salt Lake,,NM,01/16/1998,01/16/1998,810984,$810.98M,27
34685,People's Bank of Commerce,1528 Biddle Rd,Medford,Oregon,OR,97504,Jackson,www.peoplesbank.bank,NM,03/02/1998,03/02/1998,810393,$810.39M,133
58619,MRV Banks,871 Sainte Genevieve Drive,Sainte Genevieve,Missouri,MO,63670,Ste. Genevieve,http://www.mrvbanks.com,NM,07/16/2007,07/16/2007,809890,$809.89M,76
26627,Bank of the West,108 W Northwest Hwy,Grapevine,Texas,TX,76051,Tarrant,www.bnkwest.com,NM,04/01/1986,04/01/1986,809472,$809.47M,116
58348,Millennium Bank,2077 Miner St,Des Plaines,Illinois,IL,60016,Cook,www.milbnk.com,NM,07/02/2007,07/02/2007,809025,$809.02M,69
17040,Wilson & Muir Bank & Trust Company,107 N 3rd St,Bardstown,Kentucky,KY,40004,Nelson,www.wilsonmuirbank.com,NM,12/18/1865,09/24/1951,808888,$808.89M,139
27211,First Community Bank of Tennessee,207 Elm St,Shelbyville,Tennessee,TN,37160,Bedford,www.firstcommunitybanker.com,NM,04/01/1988,04/01/1988,807085,$807.09M,520
763,Minster Bank,95 W 4th St,Minster,Ohio,OH,45865,Auglaize,https://www.minsterbank.com,SM,01/23/1914,01/01/1934,805945,$805.95M,95
28400,Westbury Bank,N16w23250 Stone Ridge Dr,Waukesha,Wisconsin,WI,53188,Waukesha,westburybankwi.com,NM,01/01/1926,08/09/1989,805607,$805.61M,114
6176,"Pendleton Community Bank, Inc.",128 N Main St,Franklin,West Virginia,WV,26807,Pendleton,https://yourbank.bank,NM,10/05/1925,01/01/1934,805584,$805.58M,138
29809,First Savings Bank of Hegewisch,13220 S Baltimore Ave,Chicago,Illinois,IL,60633,Cook,www.fsbhegewisch.com,SI,01/01/1914,08/09/1989,803097,$803.10M,98
27362,Prairie State Bank and Trust,3751 Wabash Ave,Springfield,Illinois,IL,62711,Sangamon,www.psbank.net,NM,11/04/1988,11/04/1988,801749,$801.75M,122
2224,"Bank of Bridger, National Association",101 S Main St,Bridger,Montana,MT,59014,Carbon,www.bankofbridger.com,N,05/01/1906,01/01/1934,800696,$800.70M,130
58307,The First Bank of Greenwich,444 E Putnam Ave,Cos Cob,Connecticut,CT,06807,Western Connecticut,http://www.greenwichfirst.com,NM,12/20/2006,12/20/2006,798938,$798.94M,54
18443,CUSB Bank,111 N Elm St,Cresco,Iowa,IA,52136,Howard,www.cusb.com,SM,04/01/1888,10/03/1961,798709,$798.71M,102
21848,Quail Creek Bank,12201 N May Ave,Oklahoma City,Oklahoma,OK,73120,Oklahoma,quailcreek.bank,NM,12/04/1974,12/04/1974,798526,$798.53M,87
2691,Cumberland Valley National Bank & Trust Company,100 S Main St,London,Kentucky,KY,40741,Laurel,www.cvnb.com,N,01/01/1904,01/01/1934,796204,$796.20M,133
3031,Points West Community Bank,1291 Main St,Windsor,Colorado,CO,80550,Weld,www.pwcbank.com,NM,01/01/1906,01/01/1934,795656,$795.66M,145
26455,Savers Co-operative Bank,270 Main St,Southbridge,Massachusetts,MA,01550,Worcester,http://www.saversbank.com,SI,01/01/1910,11/26/1985,794554,$794.55M,88
21121,The Western State Bank,1500 E Kansas Ave,Garden City,Kansas,KS,67846,Finney,http://www.wsbks.com,NM,06/19/1973,06/19/1973,793942,$793.94M,124
22964,First Community Bank,1151 W Us Highway 77,San Benito,Texas,TX,78586,Cameron,http://www.fcbtx.com,NM,10/01/1979,10/01/1979,792643,$792.64M,130
8811,Hebron Savings Bank,101 N Main St,Hebron,Maryland,MD,21830,Wicomico,www.hebronsavingsbank.com,NM,06/11/1910,01/01/1934,792058,$792.06M,142
10378,The Bank of New Glarus,501 1st St,New Glarus,Wisconsin,WI,53574,Green,www.thebankofnewglarus.bank,NM,10/30/1893,01/01/1934,789029,$789.03M,106
19434,BAC Community Bank,517 East Weber  Avenue,Stockton,California,CA,95202,San Joaquin,www.bankbac.com,NM,05/21/1965,05/21/1965,787498,$787.50M,94
9620,First Bank,300 E Sugarland Hwy,Clewiston,Florida,FL,33440,Hendry,www.first1bank.com,NM,01/01/1922,01/01/1934,787083,$787.08M,110
1164,The Citizens Bank,500 W Broadway,Farmington,New Mexico,NM,87401,San Juan,www.cbnm.com,NM,01/01/1905,01/01/1934,782541,$782.54M,104
14507,"CNB Bank, Inc.",101 S Washington St,Berkeley Springs,West Virginia,WV,25411,Morgan,www.cnb.bank,NM,01/01/1917,06/18/1934,781937,$781.94M,111
58257,DR Bank,1001 Post Rd,Darien,Connecticut,CT,06820,Western Connecticut,www.drbank.com,NM,04/24/2006,04/24/2006,781598,$781.60M,73
57857,Timberline Bank,649 Market St,Grand Junction,Colorado,CO,81505,Mesa,www.timberlinebank.com,NM,10/25/2004,10/25/2004,781489,$781.49M,85
34069,"Wilmington Trust, National Association",1100 N Market St,Wilmington,Delaware,DE,19801,New Castle,http://www.wilmingtontrust.com,N,10/02/1995,10/02/1995,781153,$781.15M,852
31390,"Axiom Bank, National Association",258 Southhall Ln,Maitland,Florida,FL,32751,Orange,www.axiombanking.com,N,01/01/1962,08/09/1989,780120,$780.12M,144
16111,Highland Bank,2100 Ford Pkwy,Saint Paul,Minnesota,MN,55116,Ramsey,www.highland.bank,NM,12/28/1943,01/03/1944,778976,$778.98M,101
13058,Hiawatha National Bank,N1555 770th St,Hager City,Wisconsin,WI,54014,Pierce,www.hnbank.com,N,01/01/1917,01/01/1934,778809,$778.81M,70
90175,The Bank of Canton,490 Turnpike St,Canton,Massachusetts,MA,02021,Norfolk,www.thebankofcanton.com,SI,03/04/1835,10/11/1985,778276,$778.28M,102
58588,Partners Bank of California,27201 Puerta Real,Mission Viejo,California,CA,92691,Orange,www.partnersbankca.com,NM,11/16/2007,11/16/2007,777483,$777.48M,48
17937,Franklin Bank & Trust Company,317 N Main St,Franklin,Kentucky,KY,42134,Simpson,www.fbtco.com,NM,12/01/1958,12/01/1958,777212,$777.21M,82
13454,Royal Bank,202 Main St,Elroy,Wisconsin,WI,53929,Juneau,http://www.royalbank-usa.com,NM,04/30/1932,01/01/1934,775758,$775.76M,159
4319,"FCN Bank, National Association",501 Main St,Brookville,Indiana,IN,47012,Franklin,www.fcnbank.com,N,01/01/1900,01/01/1934,774920,$774.92M,126
5442,Platte Valley Bank,2201 Main St,Torrington,Wyoming,WY,82240,Goshen,www.pvbank.com,SM,01/01/1925,01/01/1934,774885,$774.88M,94
1700,First Century Bank,1780 N Broad St,Tazewell,Tennessee,TN,37879,Claiborne,http://www.firstcenturybank.com,NM,10/10/1899,01/01/1934,774583,$774.58M,97
35276,Freedom Bank of Southern Missouri,97 Main St,Cassville,Missouri,MO,65625,Barry,www.freedombk.com,NM,11/22/1999,11/22/1999,773091,$773.09M,112
29771,"KS Bank, Inc.",1031 N Brightleaf Blvd,Smithfield,North Carolina,NC,27577,Johnston,www.KSBankinc.com,SI,01/01/1924,08/09/1989,771684,$771.68M,103
3178,Bank of Houston,4400 Post Oak Pkwy,Houston,Texas,TX,77027,Harris,https://www.bohbank.com,NM,01/31/1892,01/01/1934,771393,$771.39M,51
8101,Primebank,37 1st Ave Nw,Le Mars,Iowa,IA,51031,Plymouth,www.primebank.bank,SM,01/01/1901,01/01/1934,770514,$770.51M,86
29140,American Federal Bank,215 5th St N,Fargo,North Dakota,ND,58102,Cass,www.americanfederalbank.com,SB,01/01/1891,08/09/1989,770458,$770.46M,129
19836,Franklin Savings Bank,197 Main St,Farmington,Maine,ME,04938,Franklin,www.franklinsavings.bank,SM,11/16/1868,07/01/1968,770356,$770.36M,147
10344,Schertz Bank & Trust,519 Main St,Schertz,Texas,TX,78154,Guadalupe,www.schertzbank.com,NM,08/13/1913,01/01/1934,770162,$770.16M,71
8033,Citizens Trust Bank,965 Martin Luther King Jr Dr Nw,Atlanta,Georgia,GA,30314,Fulton,www.ctbconnect.com,SM,06/18/1921,01/01/1934,767393,$767.39M,88
58039,First Resource Bank,7449 Village Dr,Lino Lakes,Minnesota,MN,55014,Anoka,www.myfrbank.com,NM,06/27/2005,06/27/2005,765728,$765.73M,72
1715,Citizens 1st Bank,2001 E Southeast Loop 323,Tyler,Texas,TX,75701,Smith,www.citizens1stbank.com,SM,04/24/1920,01/01/1934,763402,$763.40M,56
34313,Eaglemark Savings Bank,9850 Double R Blvd,Reno,Nevada,NV,89521,Washoe,,NM,08/25/1997,08/25/1997,762258,$762.26M,92
19716,First Central State Bank,914 6th Ave,Dewitt,Iowa,IA,52742,Clinton,www.firstcentralsb.bank,NM,06/12/1967,06/12/1967,761523,$761.52M,87
57841,Valliance Bank,1601 Nw Expressway,Oklahoma City,Oklahoma,OK,73118,Oklahoma,www.valliance.bank,NM,10/20/2004,10/20/2004,761243,$761.24M,99
10973,Alliance Bank,105 E Lyon Ave,Lake City,Minnesota,MN,55041,Wabasha,www.alliancebanks.com,NM,01/01/1867,01/01/1934,760135,$760.13M,102
12815,"Home State Bank, National Association",40 Grant St,Crystal Lake,Illinois,IL,60014,Mchenry,www.homestateonline.com,N,01/01/1915,01/01/1934,759782,$759.78M,133
59099,Endeavor Bank,750 B St,San Diego,California,CA,92101,San Diego,www.endeavor.bank,NM,01/22/2018,01/22/2018,759714,$759.71M,80
12761,F&M Bank,17100 N May Ave,Edmond,Oklahoma,OK,73012,Oklahoma,http://www.fmbankok.com,NM,01/01/1902,01/01/1934,757980,$757.98M,108
340,"The Peoples Bank, Biloxi, Mississippi",152 Lameuse St,Biloxi,Mississippi,MS,39530,Harrison,thepeoples.com,NM,04/13/1896,01/01/1934,757709,$757.71M,135
35241,OPTUS Bank,1501 Gervais St,Columbia,South Carolina,SC,29201,Richland,www.optus.bank,NM,03/26/1999,03/26/1999,757233,$757.23M,48
26790,"Hana Bank USA, National Association",201 Main St,Fort Lee,New Jersey,NJ,07024,Bergen,www.hanabank.us,N,09/16/1986,09/16/1986,757033,$757.03M,56
16666,Itasca Bank & Trust Co.,308 W Irving Park Rd,Itasca,Illinois,IL,60143,Dupage,http://www.itascabank.com,NM,01/24/1948,01/24/1948,756073,$756.07M,100
29672,CFSBANK,101 Mckean Ave,Charleroi,Pennsylvania,PA,15022,Washington,www.cfsbank.com,SI,01/01/1935,08/09/1989,754868,$754.87M,94
5716,Farmers and Merchants Bank,4 N Carter St,Lakeland,Georgia,GA,31635,Lanier,www.fmb.net,NM,01/01/1907,01/01/1934,754493,$754.49M,128
15200,Decorah Bank & Trust Company,202 E Water St,Decorah,Iowa,IA,52101,Winneshiek,www.decorah.bank,NM,06/10/1935,06/28/1935,750487,$750.49M,115
90245,Monson Savings Bank,146 Main St,Monson,Massachusetts,MA,01057,Hampden,www.monsonsavings.bank,SI,03/27/1872,07/01/1985,747779,$747.78M,99
6091,Macon Bank and Trust Company,609 Red Boiling Springs Rd,Lafayette,Tennessee,TN,37083,Macon,maconbankandtrust.com,NM,07/01/1919,01/01/1934,747576,$747.58M,105
90181,Clinton Savings Bank,200 Church St,Clinton,Massachusetts,MA,01510,Worcester,www.clintonsavings.com,SI,05/15/1851,11/20/1985,747401,$747.40M,101
16221,Reliabank Dakota,211 Main St N,Estelline,South Dakota,SD,57234,Hamlin,www.reliabank.com,NM,09/01/1920,01/02/1945,746669,$746.67M,79
14679,Industrial Bank,4812 Georgia Ave Nw,Washington,District Of Columbia,DC,20011,District Of Columbia,www.industrial-bank.com,NM,08/18/1934,08/18/1934,745669,$745.67M,142
34384,Premier Bank,1004 21st Ave,Rock Valley,Iowa,IA,51247,Sioux,www.premierbank.bank,NM,02/25/1997,02/25/1997,744635,$744.63M,53
72,Central State Bank,11025 Highway 25,Calera,Alabama,AL,35040,Shelby,http://www.centralstatebank.com,SM,02/05/1916,01/01/1934,744160,$744.16M,91
30530,Lake Shore Bank,128 E 4th St,Dunkirk,New York,NY,14048,Chautauqua,www.mylsbank.com,NM,01/01/1891,08/09/1989,743916,$743.92M,93
57123,"First Century Bank, National Association",1731 N Elm St,Commerce,Georgia,GA,30529,Jackson,www.myfirstcenturybank.com,N,03/25/2002,03/25/2002,739653,$739.65M,71
15206,First State Bank,130 E Corsicana St,Athens,Texas,TX,75751,Henderson,www.bankfsb.com,NM,05/01/1935,06/28/1935,739285,$739.28M,125
13071,Town & Country Bank,1009 E. Scenic Rivers Blvd.,Salem,Missouri,MO,65560,Dent,www.tcbanks.com,SM,01/01/1894,01/01/1934,739077,$739.08M,142
4746,First Option Bank,601 Main St,Osawatomie,Kansas,KS,66064,Miami,http://www.firstoptionbank.com,SM,09/06/1923,01/01/1934,737964,$737.96M,112
19212,First Midwest Bank of the Ozarks,704 N Westwood Blvd,Poplar Bluff,Missouri,MO,63901,Butler,www.onemidwest.com,NM,08/29/1964,08/29/1964,737702,$737.70M,121
23772,Commerce Bank,5800 San Dario Ave,Laredo,Texas,TX,78041,Webb,www.ibc.com,NM,03/31/1982,03/31/1982,736500,$736.50M,46
9155,Countybank,419 Main St,Greenwood,South Carolina,SC,29646,Greenwood,www.ecountybank.com,NM,06/05/1933,01/01/1934,736413,$736.41M,170
19101,Harford Bank,8 W Bel Air Ave,Aberdeen,Maryland,MD,21001,Harford,www.harfordbank.com,NM,05/01/1964,05/01/1964,735380,$735.38M,93
4519,First Bank,316 E Bremer Ave,Waverly,Iowa,IA,50677,Bremer,http://www.FirstIowa.bank,SM,01/01/1864,01/01/1934,735228,$735.23M,81
26760,Green Belt Bank & Trust,616 Washington Ave,Iowa Falls,Iowa,IA,50126,Hardin,www.greenbeltbank.com,NM,07/31/1986,07/31/1986,735180,$735.18M,96
57923,Peach State Bank & Trust,121 E E Butler Pkwy,Gainesville,Georgia,GA,30501,Hall,www.peachstate.bank,NM,04/27/2005,04/27/2005,734934,$734.93M,78
12869,Farmers Bank and Trust Company,201 S Main St,Marion,Kentucky,KY,42064,Crittenden,www.farmers247.com,NM,12/01/1899,01/01/1934,734767,$734.77M,98
59086,Primary Bank,207 Route 101,Bedford,New Hampshire,NH,03110,Hillsborough,www.primarybanknh.com,NM,07/28/2015,07/28/2015,734244,$734.24M,58
14410,City State Bank,801 Main St,Norwalk,Iowa,IA,50211,Warren,www.citystatebank.com,NM,01/01/1895,05/25/1934,733110,$733.11M,98
58208,First Freedom Bank,1620 W Main St,Lebanon,Tennessee,TN,37087,Wilson,www.firstfreedombank.com,NM,04/03/2006,04/03/2006,732787,$732.79M,71
57295,AMG National Trust Bank,1155 Canyon Blvd,Boulder,Colorado,CO,80302,Boulder,www.amgnational.com,N,08/01/2001,02/01/2008,732643,$732.64M,148
342,Farmers State Bank,103 Main St,Victor,Montana,MT,59875,Ravalli,www.farmersebank.com,SM,01/01/1907,01/01/1934,731114,$731.11M,132
35131,Sauk Valley Bank & Trust Company,201 W 3rd St,Sterling,Illinois,IL,61081,Whiteside,www.saukvalleybank.com,NM,07/09/1999,07/09/1999,730201,$730.20M,144
2777,MidSouth Bank,2526 W Main St,Dothan,Alabama,AL,36301,Houston,www.bankmidsouth.com,NM,01/01/1912,01/01/1934,729966,$729.97M,129
2759,"FNB Bank, Inc.",101 E Broadway,Mayfield,Kentucky,KY,42066,Graves,http://www.growwithfnb.com,NM,01/01/1875,01/01/1934,728957,$728.96M,120
13565,Bank of Sun Prairie,228 E Main St,Sun Prairie,Wisconsin,WI,53590,Dane,http://www.bankofsunprairie.com,NM,08/08/1903,01/06/1934,728560,$728.56M,94
17230,Albany Bank and Trust Company National Association,3400 W Lawrence Ave,Chicago,Illinois,IL,60625,Cook,www.albanybank.com,N,06/27/1953,06/27/1953,727134,$727.13M,64
2093,The National Capital Bank of Washington,316 Pennsylvania Ave Se,Washington,District Of Columbia,DC,20003,District Of Columbia,www.nationalcapitalbank.bank,N,08/30/1889,01/01/1934,726713,$726.71M,66
19827,"Pioneer Trust Bank, National Association",109 Commercial St Ne,Salem,Oregon,OR,97301,Marion,WWW.PIONEERTRUSTBANK.COM,N,01/01/1924,07/01/1968,726685,$726.68M,73
16307,Manufacturers Bank & Trust Company,245 E J St,Forest City,Iowa,IA,50436,Winnebago,www.mbtbank.bank,NM,09/01/1945,09/01/1945,726316,$726.32M,116
8063,The North Salem State Bank,7 N Broadway St,North Salem,Indiana,IN,46165,Hendricks,www.nssb.bank,NM,07/14/1923,01/01/1934,726018,$726.02M,98
16652,Southwest Bank,4800 E 42nd St,Odessa,Texas,TX,79762,Ector,www.southwest.bank,NM,12/15/1947,12/15/1957,725845,$725.85M,136
2285,The Genoa Banking Company,801 Main St,Genoa,Ohio,OH,43430,Ottawa,www.genoabank.com,SM,09/09/1902,01/01/1934,725468,$725.47M,122
57967,First Resource Bank,800 N Pottstown Pike,Exton,Pennsylvania,PA,19341,Chester,www.firstresourcebank.com,NM,05/02/2005,05/02/2005,724857,$724.86M,70
8816,The Queenstown Bank of Maryland,7101 Main St,Queenstown,Maryland,MD,21658,Queen Anne'S,wwww.queenstownbank.com,NM,01/01/1899,01/01/1934,724623,$724.62M,100
5335,WOODTRUST BANK,181 2nd St S,Wisconsin Rapids,Wisconsin,WI,54494,Wood,www.woodtrust.com,SM,08/11/1891,01/01/1934,724379,$724.38M,91
5867,Bank of Ocean City,10005 Golf Course Rd,Ocean City,Maryland,MD,21842,Worcester,www.bankofoceancity.com,NM,01/01/1916,01/01/1934,724368,$724.37M,78
35020,Community First Bank,1101 E Admiral Doyle Dr,New Iberia,Louisiana,LA,70560,Iberia,www.cfirstbank.com,NM,05/10/1999,05/10/1999,723013,$723.01M,119
3286,"Kleberg  Bank, N.A.",100 E Kleberg Ave,Kingsville,Texas,TX,78363,Kleberg,WWW.KLEBERGBANK.COM,N,01/01/1926,01/01/1934,722724,$722.72M,120
15264,Peoples Savings Bank of Rhineland,101 Bluff St,Rhineland,Missouri,MO,65069,Montgomery,www.ourpsb.com,NM,08/12/1935,08/21/1935,722595,$722.60M,97
11501,First National Bank of Scotia,201 Mohawk Ave,Scotia,New York,NY,12302,Schenectady,http://www.firstscotia.com,N,01/01/1923,01/01/1934,722402,$722.40M,143
12259,Lea County State Bank,1017 N Turner St,Hobbs,New Mexico,NM,88240,Lea,www.onlinelcsb.com,SM,01/01/1928,01/01/1934,722251,$722.25M,87
16891,Pilgrim Bank,145 E Marshall St,Pittsburg,Texas,TX,75686,Camp,www.pilgrimbank.bank,NM,01/01/1911,02/24/1950,721279,$721.28M,96
13083,First Western Bank,80 W Main St,Booneville,Arkansas,AR,72927,Logan,http://www.fwbank.com,SM,04/18/1910,01/01/1934,721108,$721.11M,96
22874,Hickory Point Bank and Trust,225 N Water St,Decatur,Illinois,IL,62523,Macon,www.hickorypointbank.com,NM,06/04/1979,06/04/1979,721087,$721.09M,123
17162,Dairy State Bank,16 S Main St,Rice Lake,Wisconsin,WI,54868,Barron,www.dairystatebank.com,NM,01/02/1953,01/02/1953,720920,$720.92M,95
13264,Bank of Luxemburg,630 Main St,Luxemburg,Wisconsin,WI,54217,Kewaunee,www.bankofluxemburg.com,NM,10/03/1903,01/01/1934,720749,$720.75M,105
58511,Platinum Bank,7667 10th St N,Oakdale,Minnesota,MN,55128,Washington,www.platinumbankmn.com,NM,02/12/2007,02/12/2007,719974,$719.97M,93
15472,First United Bank,503 Briggs Ave S,Park River,North Dakota,ND,58270,Walsh,www.firstunitedonline.com,NM,01/01/1886,01/01/1934,718991,$718.99M,97
12322,Chippewa Valley Bank,15755 W County Road B,Hayward,Wisconsin,WI,54843,Sawyer,www.chippewavalleybank.com,NM,01/01/1917,01/01/1934,718893,$718.89M,82
3230,Grandview Bank,105 E Criner St,Grandview,Texas,TX,76050,Johnson,www.grandviewbank.com,NM,08/07/1890,01/01/1934,717884,$717.88M,70
57807,Quontic Bank,3105 Broadway,Astoria,New York,NY,11106,Queens,http://www.quontic.com,SB,03/14/2005,03/14/2005,716426,$716.43M,190
17123,Artisans' Bank,2961 Centerville Rd,Wilmington,Delaware,DE,19808,New Castle,www.artisansbank.com,SI,02/28/1861,07/03/1952,716352,$716.35M,123
57101,Mission Valley Bank,9116 Sunland Blvd,Sun Valley,California,CA,91352,Los Angeles,www.missionvalleybank.com,NM,07/12/2001,07/12/2001,714610,$714.61M,110
25158,"Finance Factors, Ltd.",1164 Bishop St,Honolulu,Hawaii,HI,96813,Honolulu,http://www.financefactors.com,NM,05/14/1952,06/04/1984,714281,$714.28M,111
58113,Flagship Bank,29750 Us Highway 19 N,Clearwater,Florida,FL,33761,Pinellas,http://www.flagshipbank.com,NM,01/23/2006,01/23/2006,712516,$712.52M,76
22092,First National Community Bank,701 N 3rd Ave,Chatsworth,Georgia,GA,30705,Murray,www.FNCBank.com,N,08/18/1975,08/18/1975,711386,$711.39M,108
34038,Time Bank,626 W Talcott Rd,Park Ridge,Illinois,IL,60068,Cook,www.time.bank,NM,07/03/1995,07/03/1995,709470,$709.47M,60
3747,"First Neighbor Bank, National Association",201 N Meridian St,Toledo,Illinois,IL,62468,Cumberland,http://www.firstneighbor.com,N,01/01/1933,01/01/1934,708914,$708.91M,130
17011,FNB SOUTH,423 W 12th St,Alma,Georgia,GA,31510,Bacon,www.fnbsouth.net,NM,02/15/1950,05/01/1951,707827,$707.83M,72
2468,Northwestern Bank,202 N Bridge St,Chippewa Falls,Wisconsin,WI,54729,Chippewa,www.northwesternbank.com,SM,01/01/1904,01/01/1934,706503,$706.50M,76
3722,Prospect Bank,177 W Wood St,Paris,Illinois,IL,61944,Edgar,www.bankprospect.com,NM,03/23/1873,01/01/1934,705485,$705.49M,95
22394,Peoples Community Bank,101 Sycamore St,Greenville,Missouri,MO,63944,Wayne,PEOPLESCOMMUNITYBANK.COM,NM,01/03/1977,01/03/1977,704795,$704.79M,120
1607,The Bank of Elk River,630 Main St Nw,Elk River,Minnesota,MN,55330,Sherburne,www.thebankofelkriver.com,NM,01/01/1885,01/01/1934,703736,$703.74M,90
25621,"Sage Capital Bank,",1606 N Sarah Dewitt Dr,Gonzales,Texas,TX,78629,Gonzales,www.sagecapitalbank.com,NM,07/12/1984,07/12/1984,703549,$703.55M,99
14644,The Malvern National Bank,501 S Main St,Malvern,Arkansas,AR,72104,Hot Spring,www.mnbbank.com,N,01/01/1934,08/07/1934,703035,$703.03M,122
30394,Carver Federal Savings Bank,75 W 125th St,New York,New York,NY,10027,New York,http://www.Carverbank.com,SB,01/01/1948,08/09/1989,702912,$702.91M,96
2725,The Citizens National Bank of Somerset,44 Public Sq,Somerset,Kentucky,KY,42501,Pulaski,www.cnbsomerset.com,N,01/01/1919,01/01/1934,702610,$702.61M,118
33204,Premier Bank Minnesota,101 10th St E,Hastings,Minnesota,MN,55033,Dakota,www.premierbanks.com,NM,10/05/1990,10/05/1990,702219,$702.22M,87
11722,"The Peoples State Bank of Newton, Illinois",104 W Washington St,Newton,Illinois,IL,62448,Jasper,www.psbnewton.com,NM,01/01/1875,01/01/1934,702058,$702.06M,95
2718,"Citizens Bank of Kentucky, Inc.",620 Broadway St,Paintsville,Kentucky,KY,41240,Johnson,http://www.wercitizens.bank,SM,01/01/1910,01/01/1934,701663,$701.66M,125
5286,Fortifi Bank,240 Broadway,Berlin,Wisconsin,WI,54923,Green Lake,www.fortifibank.com,NM,01/01/1876,01/01/1934,700426,$700.43M,97
15478,United Valley Bank,211 Division Ave S,Cavalier,North Dakota,ND,58220,Pembina,www.uvbank.net,NM,08/25/1905,03/22/1937,700401,$700.40M,82
20179,First Independence Bank,7310 Woodward Ave,Detroit,Michigan,MI,48202,Wayne,www.firstindependence.com,NM,05/14/1970,05/14/1970,699585,$699.59M,89
5981,The Community Bank,113 N 5th St,Zanesville,Ohio,OH,43701,Muskingum,www.thecombank.com,NM,07/28/1902,01/01/1934,699454,$699.45M,135
10998,FM Bank,220 Elm Ave E,Waseca,Minnesota,MN,56093,Waseca,mybankfm.com,NM,01/01/1878,01/01/1934,699271,$699.27M,66
15489,West Plains Bank and Trust Company,11 Court Sq,West Plains,Missouri,MO,65775,Howell,www.westplainsbank.com,NM,04/13/1883,05/01/1937,698769,$698.77M,102
58069,Bank of San Francisco,345 California Street,San Francisco,California,CA,94104,San Francisco,www.bankbsf.com,NM,08/01/2005,08/01/2005,698408,$698.41M,51
9647,Citizens Bank,33 N Indiana St,Mooresville,Indiana,IN,46158,Morgan,www.citizens-banking.com,NM,02/18/1931,01/01/1934,698203,$698.20M,129
3711,Midwest Bank,200 E Broadway,Monmouth,Illinois,IL,61462,Warren,www.mbwi.com,SM,09/09/1870,01/01/1934,697525,$697.52M,95
3206,"Texas Gulf Bank, National Association",1626 S Voss Rd,Houston,Texas,TX,77057,Harris,www.texasgulfbank.com,N,07/13/1913,01/01/1934,695324,$695.32M,122
15898,First State Bank of Livingston,112 W Polk St,Livingston,Texas,TX,77351,Polk,www.fsblivingston.bank,SM,10/05/1910,06/27/1942,694846,$694.85M,130
3121,First Bank,300 E 3rd St,Burkburnett,Texas,TX,76354,Wichita,www.firstbankweb.com,NM,01/01/1907,01/01/1934,692207,$692.21M,154
14660,Bank of Prairie du Sac,555 Park Ave,Prairie Du Sac,Wisconsin,WI,53578,Sauk,WWW.BANKPDS.COM,NM,03/22/1916,01/01/1934,690819,$690.82M,52
5306,The Stephenson National Bank and Trust,1818 Hall Ave,Marinette,Wisconsin,WI,54143,Marinette,http://www.snbt.com,N,10/30/1874,01/01/1934,689520,$689.52M,119
18143,Oconee State Bank,35 N Main St,Watkinsville,Georgia,GA,30677,Oconee,www.oconeestatebank.com,NM,02/01/1960,02/01/1960,688987,$688.99M,109
16125,The Eastern Colorado Bank,10 S 1st St E,Cheyenne Wells,Colorado,CO,80810,Cheyenne,www.yourfriendlybank.com,NM,03/01/1944,03/01/1944,687856,$687.86M,82
5531,The First National Bank of Sonora,102 E Main St,Sonora,Texas,TX,76950,Sutton,www.sonorabank.com,N,01/01/1900,01/01/1934,687669,$687.67M,109
2987,Baker-Boyer National Bank,7 W Main St,Walla Walla,Washington,WA,99362,Walla Walla,www.bakerboyer.com,N,11/10/1869,01/01/1934,685998,$686.00M,171
6760,"Citizens Bank of West Virginia, Inc.",211 3rd St,Elkins,West Virginia,WV,26241,Randolph,www.citizenswv.com,NM,01/22/1924,01/01/1934,685603,$685.60M,97
11739,BankOrion,1114 4th St,Orion,Illinois,IL,61273,Henry,http://WWW.BANKORION.COM,NM,05/21/1890,01/01/1934,684714,$684.71M,95
24472,American Nation Bank,1901 N Commerce St,Ardmore,Oklahoma,OK,73401,Carter,www.bankanb.com,SM,05/02/1983,05/02/1983,682257,$682.26M,112
8387,BankNorth,340 Main St,Arthur,North Dakota,ND,58006,Cass,banknorth.bank,NM,01/01/1905,01/01/1934,681148,$681.15M,95
19001,First Midwest Bank of Dexter,819 West Business Highway 60,Dexter,Missouri,MO,63841,Stoddard,www.fmbdexter.unifi-digitalbanking.com,NM,01/15/1964,01/15/1964,680523,$680.52M,98
58276,River Valley Community Bank,1629 Colusa Hwy,Yuba City,California,CA,95993,Sutter,www.myrvcb.com,NM,06/26/2006,06/26/2006,679392,$679.39M,75
35365,Bank of Oak Ridge,2211 Oak Ridge Rd,Oak Ridge,North Carolina,NC,27310,Guilford,www.bankofoakridge.com,SM,04/10/2000,04/10/2000,679085,$679.09M,76
35497,Quaint Oak Bank,501 Knowles Ave,Southampton,Pennsylvania,PA,18966,Bucks,www.quaintoak.com,SI,01/01/1926,01/01/2000,677994,$677.99M,133
29332,First Southern Bank,201 S Court Street,Florence,Alabama,AL,35630,Lauderdale,www.firstsouthern.com,NM,01/01/1934,08/09/1989,677557,$677.56M,103
6354,"First Hope Bank, A National Banking Association",1301 Hope Bridgeville Rd.,Hope,New Jersey,NJ,07844,Warren,www.firsthope.bank,N,09/11/1911,01/01/1934,677107,$677.11M,112
58446,Commencement Bank,"1313 Broadway, Suite 400",Tacoma,Washington,WA,98402,Pierce,www.commencementbank.com,SM,12/11/2006,12/11/2006,676144,$676.14M,79
16276,"Constitution Bank, National Association",230 S Main St,Hillsboro,Illinois,IL,62049,Montgomery,www.constitutionbank.com,N,07/02/1945,07/02/1945,674603,$674.60M,108
19401,Capital Bank,10304 East Fwy,Jacinto City,Texas,TX,77029,Harris,www.capitalbanktx.com,NM,04/10/1965,04/10/1965,674058,$674.06M,96
9967,American State Bank,102 W Front,Arp,Texas,TX,75750,Smith,www.asb.com,SM,08/01/1911,01/01/1934,673979,$673.98M,72
15243,Putnam County Bank,2761 Main St,Hurricane,West Virginia,WV,25526,Putnam,www.pcbwv.bank,SM,10/11/1901,07/01/1935,673825,$673.83M,73
18748,Bruning Bank,104 E Main St,Bruning,Nebraska,NE,68322,Thayer,http://www.bruningbank.com,NM,09/01/1891,04/05/1963,673629,$673.63M,91
5768,The Fountain Trust Company,615 3rd St,Covington,Indiana,IN,47932,Fountain,http://www.fountaintrust.com,NM,01/01/1903,01/01/1934,673445,$673.45M,132
16595,CCB Community Bank,225 E Three Notch St,Andalusia,Alabama,AL,36420,Covington,www.bankccb.com,NM,07/01/1947,07/01/1947,673198,$673.20M,116
22205,Barwick Banking Company,2020 E Main St,Barwick,Georgia,GA,31720,Brooks,www.barwickbank.com,NM,01/01/1934,01/06/1976,673085,$673.09M,79
24353,First Community Bank,416 N Water St,Corpus Christi,Texas,TX,78401,Nueces,www.fcbot.com,NM,02/07/1983,02/07/1983,672614,$672.61M,167
57124,First Community Bank of Central Alabama,715 Wilson St,Wetumpka,Alabama,AL,36092,Elmore,http://www.fcbca.com,NM,08/28/2001,08/28/2001,672575,$672.58M,100
14597,Union Bank,303 Highway 71 N,Mena,Arkansas,AR,71953,Polk,www.gounion.bank,SM,07/25/1934,07/26/1934,672290,$672.29M,115
7123,Jeff Bank,4864 State Route 52,Jeffersonville,New York,NY,12748,Sullivan,www.jeff.bank,NM,10/01/1913,01/01/1934,671471,$671.47M,108
22366,GBC International Bank,333 S Grand Ave,Los Angeles,California,CA,90071,Los Angeles,http://www.gbcib.com,NM,11/15/1976,11/15/1976,670884,$670.88M,86
12594,PB&T Bank,301 W 5th St,Pueblo,Colorado,CO,81003,Pueblo,www.pbandt.bank,NM,01/01/1889,01/01/1934,670858,$670.86M,134
22065,Grand Bank,2642 E 21st St,Tulsa,Oklahoma,OK,74114,Tulsa,www.grandbank.com,SM,07/21/1975,07/21/1975,670164,$670.16M,56
7659,New Tripoli Bank,6748 Madison St,New Tripoli,Pennsylvania,PA,18066,Lehigh,http://www.newtripolibank.net,SM,03/10/1910,01/01/1934,670014,$670.01M,66
1869,Union State Bank,127 S Summit St,Arkansas City,Kansas,KS,67005,Cowley,www.myunionstate.bank,SM,12/30/1908,01/01/1934,669737,$669.74M,123
1786,Longview Bank,102 S East Ave,Ogden,Illinois,IL,61859,Champaign,www.longviewbank.com,NM,09/01/1899,01/01/1934,669190,$669.19M,103
35407,Yampa Valley Bank,600 S Lincoln Ave,Steamboat Springs,Colorado,CO,80487,Routt,www.yampavalleybank.com,NM,03/27/2000,03/27/2000,668493,$668.49M,77
4037,First National Bank and Trust Company of Ardmore,405 W Main St,Ardmore,Oklahoma,OK,73401,Carter,www.1nb.bank,N,01/01/1889,01/01/1934,668482,$668.48M,151
15496,First State Bank of Blakely,2213 S Main St,Blakely,Georgia,GA,39823,Early,fsbanks.com,NM,01/01/1903,05/28/1937,667990,$667.99M,106
29624,First Federal Savings and Loan Association of McMinnville,118 Ne 3rd St,Mcminnville,Oregon,OR,97128,Yamhill,www.firstfedweb.com,SL,01/01/1922,08/09/1989,667927,$667.93M,81
2738,"First & Farmers National Bank, Inc.",2020 S Highway 27,Somerset,Kentucky,KY,42501,Pulaski,www.firstandfarmers.com,N,10/15/1903,01/01/1934,667622,$667.62M,112
27763,InFirst Bank,935 Philadelphia St,Indiana,Pennsylvania,PA,15701,Indiana,www.infirstbank.bank,SI,01/01/1922,08/09/1989,665546,$665.55M,116
58584,American Pride Bank,4740 Log Cabin Dr,Macon,Georgia,GA,31204,Bibb,www.americanpridebank.com,NM,12/12/2007,12/12/2007,664804,$664.80M,113
19143,United Community Bank,4626 Highway 1,Raceland,Louisiana,LA,70394,Lafourche,WWW.UCBANKING.COM,NM,06/20/1964,06/20/1964,663883,$663.88M,132
14492,HomeBank,400 S Main St,Palmyra,Missouri,MO,63461,Marion,www.myhomebank.bank,NM,06/01/1934,06/20/1934,663823,$663.82M,131
1513,Citizens State Bank of La Crosse,620 Main St,La Crosse,Wisconsin,WI,54601,La Crosse,www.citizensstatebank.us,NM,12/09/1907,01/01/1934,663519,$663.52M,86
14513,Thumb Bank and Trust,7254 Michigan Ave,Pigeon,Michigan,MI,48755,Huron,WWW.THUMB.BANK,SM,01/01/1895,06/14/1934,663010,$663.01M,106
31516,First Federal Savings Bank,301 E 9th St,Rochester,Indiana,IN,46975,Fulton,www.firstfederalbanking.com,SB,01/01/1965,08/09/1989,662881,$662.88M,132
1122,First Fidelity Bank,745 Main St,Burke,South Dakota,SD,57523,Gregory,www.ffb-sd.com,NM,01/01/1905,01/01/1934,661825,$661.83M,113
14445,Farmers and Merchants Union Bank,159 W James St,Columbus,Wisconsin,WI,53925,Columbia,WWW.FMUB.BANK,NM,09/05/1861,06/05/1934,660609,$660.61M,72
3612,MidAmerica National Bank,100 W Elm St,Canton,Illinois,IL,61520,Fulton,www.midnatbank.com,N,11/22/1933,01/01/1934,660561,$660.56M,123
15272,Marion County State Bank,800 Main St,Pella,Iowa,IA,50219,Marion,www.marioncountybank.com,NM,09/21/1935,09/21/1935,660271,$660.27M,63
30111,Oconee Federal Savings and Loan Association,115 E North 2nd St,Seneca,South Carolina,SC,29678,Oconee,www.oconeefederal.com,SB,02/14/1924,08/09/1989,660240,$660.24M,75
22398,"Modern Bank, National Association",410 Park Ave,New York,New York,NY,10022,New York,www.modernbank.com,N,01/01/1977,01/01/1977,659973,$659.97M,42
90191,Eagle Bank,350 Broadway,Everett,Massachusetts,MA,02149,Middlesex,www.bankeagle.com,SI,03/01/1889,07/01/1985,659617,$659.62M,78
33009,County Bank,19927 Shuttle Rd,Rehoboth Beach,Delaware,DE,19971,Sussex,http://WWW.COUNTYBANKDEL.COM,NM,07/09/1990,07/09/1990,656992,$656.99M,93
23144,South Louisiana Bank,1362 W Tunnel Blvd,Houma,Louisiana,LA,70360,Terrebonne,www.ayeee.com,NM,06/30/1980,06/30/1980,656973,$656.97M,158
7613,Pennian Bank,2 N Main St,Mifflintown,Pennsylvania,PA,17059,Juniata,www.pennian.bank,NM,04/19/1889,01/01/1934,656723,$656.72M,133
2359,Mauch Chunk Trust Company,1111 North St,Jim Thorpe,Pennsylvania,PA,18229,Carbon,www.mct.bank,NM,08/25/1902,01/01/1934,655755,$655.75M,91
57741,First Southwest Bank,720 Main St,Alamosa,Colorado,CO,81101,Alamosa,www.fswb.bank,NM,07/09/2004,07/09/2004,654079,$654.08M,97
28368,"Middlesex Federal Savings, F.A.",1 College Ave,Somerville,Massachusetts,MA,02144,Middlesex,www.middlesexfederal.com,SB,01/01/1890,08/09/1989,652999,$653.00M,70
21567,"American Bank, National Association",2707 W Northwest Hwy,Dallas,Texas,TX,75220,Dallas,abdallas.bank,N,05/02/1974,05/02/1974,652084,$652.08M,54
33450,Arbor Bank,911 Central Ave,Nebraska City,Nebraska,NE,68410,Otoe,http://www.arborbanking.com,NM,07/01/1991,07/01/1991,650940,$650.94M,132
19795,AbbyBank,401 E Spruce St,Abbotsford,Wisconsin,WI,54405,Marathon,www.abbybank.com,NM,03/01/1968,03/01/1968,650200,$650.20M,108
11580,The Bank of Southside Virginia,17208 Halligan Park Rd,Carson,Virginia,VA,23830,Dinwiddie,www.bsvnet.com,NM,08/10/1911,01/01/1934,649766,$649.77M,75
31028,HomeTown  Bank,1600 Monroe Drive,Carver,Minnesota,MN,55315,Carver,www.myht.bank,NM,01/01/1924,08/09/1989,649152,$649.15M,140
30117,Reliance Savings Bank,1300 11th Avenue,Altoona,Pennsylvania,PA,16601,Blair,www.reliancebank.bank,SI,01/01/1939,08/09/1989,648070,$648.07M,85
3126,"Classic Bank, National Association",102 N Houston Ave,Cameron,Texas,TX,76520,Milam,www.classic.bank,N,08/22/1889,01/01/1934,647914,$647.91M,91
26323,"Florida Capital Bank, National Association",10151 Deerwood Park Blvd Bldg 100 Ste 200,Jacksonville,Florida,FL,32256,Duval,www.flcb.com,N,08/12/1985,08/12/1985,647719,$647.72M,118
16101,The Milford Bank,33 Broad St,Milford,Connecticut,CT,06460,South Central Connecticut,www.milfordbank.com,SI,01/01/1872,11/17/1943,647329,$647.33M,81
10886,Legence Bank,1108 Us Highway 45 N,Eldorado,Illinois,IL,62930,Saline,www.legencebank.com,NM,01/01/1906,01/01/1934,647010,$647.01M,140
3799,The Bradford National Bank of Greenville,100 E College Ave,Greenville,Illinois,IL,62246,Bond,www.bradfordbank.com,N,01/01/1867,01/01/1934,646789,$646.79M,76
4042,Legacy Bank,101 W Main St,Hinton,Oklahoma,OK,73047,Caddo,http://www.legacybank.com,NM,01/01/1902,01/01/1934,644911,$644.91M,156
30428,Century Savings Bank,1376 W Sherman Ave,Vineland,New Jersey,NJ,08360,Cumberland,www.centurysb.com,SI,01/01/1865,10/05/1953,644157,$644.16M,60
15321,First State Bank,505 2nd St,Webster City,Iowa,IA,50595,Hamilton,www.fsbwc.com,NM,10/15/1935,12/16/1935,643796,$643.80M,121
15771,Northeast Georgia Bank,12461 Augusta Rd,Lavonia,Georgia,GA,30553,Franklin,www.northeastgabank.com,NM,01/01/1934,09/23/1940,643432,$643.43M,94
16539,Metairie Bank & Trust Company,3344 Metairie Rd,Metairie,Louisiana,LA,70001,Jefferson,http://www.METAIRIEBANK.COM,NM,02/15/1947,02/15/1947,643326,$643.33M,111
8527,Concordia Bank & Trust Company,904 Carter St,Vidalia,Louisiana,LA,71373,Concordia,http://www.concordiabank.com,NM,07/01/1903,01/01/1934,643112,$643.11M,116
14276,"First Bank, Upper Michigan",1400 Delta Ave,Gladstone,Michigan,MI,49837,Delta,www.first-bank.com,NM,08/14/1916,04/23/1934,642848,$642.85M,113
3127,Citizens National Bank,118 S Houston Ave,Cameron,Texas,TX,76520,Milam,www.cnbanktexas.com,N,07/01/1900,01/01/1934,642741,$642.74M,83
30397,Geddes Federal Savings and Loan Association,2208 W Genesee St,Syracuse,New York,NY,13219,Onondaga,www.geddesfederal.com,SB,01/01/1948,08/09/1989,642676,$642.68M,43
34259,Crown Bank,400 Westminster Ave,Elizabeth,New Jersey,NJ,07208,Union,www.crownbank.net,NM,04/13/1998,04/13/1998,642274,$642.27M,77
20993,The Hardin County Bank,235 Wayne Rd,Savannah,Tennessee,TN,38372,Hardin,www.hardincountybank.bank,SM,03/12/1973,03/12/1973,641835,$641.84M,100
14331,FirstBank,100 N High St,Antlers,Oklahoma,OK,74523,Pushmataha,www.firstbank-ok.com,SM,01/01/1901,05/03/1934,640630,$640.63M,172
19525,Mt. McKinley Bank,500 4th Ave,Fairbanks,Alaska,AK,99701,Fairbanks North Star,www.mtmckinleybank.com,SI,12/03/1965,12/03/1965,639498,$639.50M,92
15690,Clear Lake Bank and Trust Company,322 Main Ave,Clear Lake,Iowa,IA,50428,Cerro Gordo,www.clearlakebank.bank,SM,01/01/1934,11/10/1939,638604,$638.60M,89
11952,"The Poca Valley Bank, Inc.",7033 Charleston Rd,Walton,West Virginia,WV,25286,Roane,www.pocavalleybank.com,NM,09/24/1908,01/01/1934,637786,$637.79M,133
26411,Haverhill Bank,180 Merrimack St,Haverhill,Massachusetts,MA,01830,Essex,www.haverhillbank.com,SI,01/01/1877,10/24/1985,637747,$637.75M,66
17453,Apple River State Bank,103 Main St,Apple River,Illinois,IL,61001,Jo Daviess,www.appleriverstatebank.com,NM,01/05/1948,06/01/1955,637606,$637.61M,62
13305,The New Washington State Bank,402 E Main St,New Washington,Indiana,IN,47162,Clark,www.newwashbank.com,NM,03/08/1908,01/01/1934,637293,$637.29M,103
15345,TXN Bank,103 19th Street,Hondo,Texas,TX,78861,Medina,www.txn.bank,SM,01/01/1934,01/01/1934,636720,$636.72M,90
4419,Springs Valley Bank & Trust Company,8482 W State Road 56,French Lick,Indiana,IN,47432,Orange,www.svbt.bank,NM,01/01/1902,01/01/1934,636591,$636.59M,117
11934,Dominion Bank,17304 Preston Rd,Dallas,Texas,TX,75252,Collin,www.dominionbanking.com,NM,08/01/1911,01/01/1934,636520,$636.52M,48
58203,NewBank,14601 Northern Blvd,Flushing,New York,NY,11354,Queens,http://www.newbankusa.com,NM,09/29/2006,09/29/2006,636375,$636.38M,61
29995,Phoenixville Federal Bank and Trust,564 Nutt Rd,Phoenixville,Pennsylvania,PA,19460,Chester,www.phoenixfed.com,SI,01/01/1911,08/09/1989,635233,$635.23M,76
5072,Range Bank,100 N Front St,Marquette,Michigan,MI,49855,Marquette,www.rangebank.com,NM,06/04/1887,01/01/1934,635202,$635.20M,111
34233,Marine Bank & Trust Company,571 Beachland Blvd,Vero Beach,Florida,FL,32963,Indian River,www.marinebankandtrust.com,NM,07/01/1997,07/01/1997,635108,$635.11M,72
23886,"American Bank, National Association",200 W State Highway 6,Waco,Texas,TX,76712,Mclennan,www.am.bank,N,06/11/1982,06/11/1982,634741,$634.74M,78
30350,The Bank of Bennington,155 North St,Bennington,Vermont,VT,05201,Bennington,www.thebankofbennington.com,SB,01/01/1917,08/09/1989,634422,$634.42M,56
9803,Bank of Odessa,301 W Us Highway 40,Odessa,Missouri,MO,64076,Lafayette,WWW.BANKOFODESSA.COM,NM,01/01/1880,01/01/1934,633905,$633.90M,54
1219,Wellington State Bank,1000 8th St,Wellington,Texas,TX,79095,Collingsworth,www.wellingtonsb.bank,SM,01/01/1906,01/01/1934,633865,$633.87M,118
57540,The Hometown Bank of Alabama,2002 2nd Ave E,Oneonta,Alabama,AL,35121,Blount,www.HomeTownBankAlabama.com,NM,10/20/2003,10/20/2003,632861,$632.86M,60
26487,Walpole Co-operative Bank,982 Main St,Walpole,Massachusetts,MA,02081,Norfolk,www.walpolecoop.com,SM,01/01/1912,01/13/1986,632182,$632.18M,43
15444,American State Bank & Trust Company of Williston,223 Main St,Williston,North Dakota,ND,58801,Williams,www.asbt.com,NM,12/01/1936,12/18/1936,631899,$631.90M,77
33136,Woodlands Bank,2450 E 3rd St,Williamsport,Pennsylvania,PA,17701,Lycoming,www.woodlandsbank.com,SM,10/10/1990,10/10/1990,631103,$631.10M,104
35406,BankVista,125 Twin Rivers Ct,Sartell,Minnesota,MN,56377,Stearns,www.bankvista.com,NM,02/15/2000,02/15/2000,630376,$630.38M,69
14185,"First State Bank and Trust Company, Inc.",100 W 3rd St,Caruthersville,Missouri,MO,63830,Pemiscot,http://www.fsbtrust.com,SM,04/02/1934,04/02/1934,629645,$629.64M,87
11595,Community First Bank,925 Wisconsin Ave,Boscobel,Wisconsin,WI,53805,Grant,www.cfbank.com,SM,01/01/1871,01/01/1934,629228,$629.23M,110
34759,Asian Bank,1023 Race St,Philadelphia,Pennsylvania,PA,19107,Philadelphia,http://www.theasianbank.com,SM,06/09/1999,06/09/1999,628692,$628.69M,45
444,PS Bank,42621 Route 6,Wyalusing,Pennsylvania,PA,18853,Bradford,psbanking.com,NM,11/25/1914,01/01/1934,628424,$628.42M,81
28914,Evergreen Federal Bank,969 Se 6th St,Grants Pass,Oregon,OR,97526,Josephine,www.evergreenfederal.bank,SB,06/01/1934,08/09/1989,628298,$628.30M,88
20311,American Bank,1632 W Main St,Bozeman,Montana,MT,59715,Gallatin,www.americanbankmontana.com,NM,07/27/1970,11/25/1970,626897,$626.90M,81
1047,Bank & Trust Company,401 N Madison St,Litchfield,Illinois,IL,62056,Montgomery,www.banktr.com,NM,09/01/1902,01/01/1934,626039,$626.04M,101
4465,"Midstates Bank, National Association",1851 Madison Ave,Council Bluffs,Iowa,IA,51503,Pottawattamie,www.midstatesbank.com,N,01/01/1913,01/01/1934,625595,$625.60M,100
14079,GNB Bank,529 G Ave,Grundy Center,Iowa,IA,50638,Grundy,www.gnbbank.com,SM,03/16/1934,03/16/1934,625381,$625.38M,100
17320,Peoples Bank & Trust,200 S Locust St,Pana,Illinois,IL,62557,Christian,http://www.bankpbt.com,NM,05/01/1954,05/01/1954,625150,$625.15M,78
2850,Farmers Bank,914 Main St,Buhl,Idaho,ID,83316,Twin Falls,www.farmersbankidaho.com,NM,05/11/1917,01/01/1934,624922,$624.92M,86
32459,Homeland Federal Savings Bank,7840 Highway 165,Columbia,Louisiana,LA,71418,Caldwell,www.homelandbank.com,SB,03/12/1986,08/09/1989,624869,$624.87M,101
12241,Washington County Bank,1523 Washington St,Blair,Nebraska,NE,68008,Washington,www.washingtoncountybank.com,NM,07/01/1915,01/01/1934,624013,$624.01M,89
14662,TrustBank,600 E Main St,Olney,Illinois,IL,62450,Richland,https://trustbank.net,NM,09/13/1912,08/07/1934,623981,$623.98M,106
28930,Verimore Bank,300 W Lockling St,Brookfield,Missouri,MO,64628,Linn,www.verimore.bank,SM,05/01/1934,08/09/1989,623440,$623.44M,92
27654,Home Federal Bank,222 Florida St,Shreveport,Louisiana,LA,71105,Caddo,www.hfb.bank,SB,01/01/1924,08/09/1989,623067,$623.07M,71
17348,South Story Bank & Trust,501 Linn St,Slater,Iowa,IA,50244,Story,www.southstorybank.com,NM,09/01/1954,09/01/1954,622769,$622.77M,79
23966,OneUnited Bank,100 Franklin St,Boston,Massachusetts,MA,02110,Suffolk,www.oneunited.com,NM,08/02/1982,08/02/1982,622449,$622.45M,109
9298,Farmers & Merchants Savings Bank,101 E Main St,Manchester,Iowa,IA,52057,Delaware,www.fmbankia.com,SM,07/20/1925,01/01/1934,622366,$622.37M,87
57672,Empire State Bank,1441 South Ave,Staten Island,New York,NY,10314,Richmond,http://www.esbna.com,SM,06/28/2004,06/28/2004,621220,$621.22M,58
21329,NBT Financial Bank,2535 Ne 28th St,Fort Worth,Texas,TX,76106,Tarrant,www.nbt.bank,NM,11/29/1973,11/29/1973,620806,$620.81M,76
28818,Crest Savings Bank,3301 Pacific Ave,Wildwood,New Jersey,NJ,08260,Cape May,www.crestsavings.bank,SI,01/01/1919,08/09/1989,620226,$620.23M,89
17108,"Community Bank & Trust, Waco, Texas",1800 Washington Ave,Waco,Texas,TX,76701,Mclennan,www.cbtwaco.bank,NM,05/14/1952,05/14/1952,619083,$619.08M,111
13703,Greenville National Bank,446 S Broadway St,Greenville,Ohio,OH,45331,Darke,www.bankgnb.bank,N,01/17/1934,01/17/1934,617204,$617.20M,104
25883,First Eagle  Bank,1201 W Madison St,Chicago,Illinois,IL,60607,Cook,www.febank.com,SM,02/14/1985,02/14/1985,617101,$617.10M,44
34229,The Citizens Bank of Georgia,651 Veterans Memorial Blvd,Cumming,Georgia,GA,30040,Forsyth,www.citizbank.com,NM,02/03/1997,02/03/1997,616854,$616.85M,58
12858,Farmers Trust and Savings Bank,125 W 4th St,Spencer,Iowa,IA,51301,Clay,www.farmerstrust.bank,NM,04/07/1916,01/01/1934,616150,$616.15M,43
22015,Andrew Johnson Bank,124 N Main St,Greeneville,Tennessee,TN,37743,Greene,www.andrewjohnsonbank.com,NM,05/12/1975,05/12/1975,615906,$615.91M,95
2380,Carroll Bank and Trust,19510 Main St W,Huntingdon,Tennessee,TN,38344,Carroll,www.carrollbank.com,SM,09/09/1907,01/01/1934,615585,$615.59M,108
29120,"PyraMax Bank, FSB",7001 W Edgerton Ave,Greenfield,Wisconsin,WI,53220,Milwaukee,https://www.pyramaxbank.com,SB,01/01/1892,08/09/1989,615238,$615.24M,86
34074,Capitol Bank,710 N High Point Rd,Madison,Wisconsin,WI,53717,Dane,capitol.bank,NM,10/09/1995,10/09/1995,615154,$615.15M,54
3792,The Fairfield National Bank,220 E Main St,Fairfield,Illinois,IL,62837,Wayne,http://www.fnbcommunitybank.com,N,02/03/1903,01/01/1934,614863,$614.86M,73
17580,FNBT BANK,29 Eglin Pkwy Ne,Fort Walton Beach,Florida,FL,32548,Okaloosa,http://www.FNBT.com,NM,04/09/1956,04/09/1956,614467,$614.47M,74
9536,Community State Bank,1500 Main St,Union Grove,Wisconsin,WI,53182,Racine,WWW.CSB.BANK,NM,01/01/1903,01/01/1934,613998,$614.00M,91
27686,Slovenian Savings and Loan Association of Canonsburg,130 Boone Ave,Strabane,Pennsylvania,PA,15363,Washington,www.sloveniansavingsandloan.com,SI,01/01/1925,08/09/1989,613894,$613.89M,20
31999,Madison County Bank,111 W 3rd St,Madison,Nebraska,NE,68748,Madison,www.madisoncountybank.com,SM,01/01/1888,08/09/1989,613123,$613.12M,53
35513,Community Bank of Pickens County,15 Sammy Mcghee Blvd,Jasper,Georgia,GA,30143,Pickens,http://www.cbopc.com,NM,10/02/2000,10/02/2000,613057,$613.06M,65
13919,"SouthTrust Bank, N.A.",601 Guadalupe St,George West,Texas,TX,78022,Live Oak,www.southtrust.com,N,02/17/1934,02/20/1934,612053,$612.05M,101
3034,First National Bank Colorado,535 Bent Ave,Las Animas,Colorado,CO,81054,Bent,www.firstnationalbankcolorado.com,N,01/01/1901,01/01/1934,611857,$611.86M,83
29537,First Federal Bank & Trust,671 Illinois St,Sheridan,Wyoming,WY,82801,Sheridan,www.efirstfederal.com,SB,10/16/1935,08/09/1989,611160,$611.16M,84
18880,First National Bank of Gillette,319 S Gillette Ave,Gillette,Wyoming,WY,82716,Campbell,www.fnbgillette.com,N,09/10/1963,09/10/1963,610440,$610.44M,62
9263,Stillman BancCorp N.A.,101 E Main St,Stillman Valley,Illinois,IL,61084,Ogle,www.stillmanbank.com,N,06/09/1882,12/16/1933,610370,$610.37M,107
5635,CS Bank,70 S Main St,Eureka Springs,Arkansas,AR,72632,Carroll,www.cs.bank,SM,05/01/1912,01/01/1934,610353,$610.35M,107
5495,Citizens State Bank,921 Avenue E,Wisner,Nebraska,NE,68791,Cuming,www.citstatebank.com,SM,10/19/1888,01/01/1934,610247,$610.25M,80
57414,Worthington Bank,200 W Main St,Arlington,Texas,TX,76010,Tarrant,www.worthington.bank,SM,11/21/2002,11/21/2002,610072,$610.07M,71
29744,First Seacoast Bank,633 Central Ave,Dover,New Hampshire,NH,03820,Strafford,www.firstseacoastbank.com,SB,01/01/1890,08/09/1989,609679,$609.68M,73
29056,First Federal Savings Bank,5001 Davis Lant Dr,Evansville,Indiana,IN,47715,Vanderburgh,www.firstfedsavings.bank,NM,07/01/1934,08/09/1989,608560,$608.56M,131
58029,Sunrise Bank,109 E Church St,Orlando,Florida,FL,32801,Orange,www.Sunrise.Bank,NM,08/01/2005,08/01/2005,608560,$608.56M,60
3103,The State National Bank of Big Spring,901 S Main St,Big Spring,Texas,TX,79720,Howard,www.statenational.bank,N,03/01/1909,01/01/1934,608356,$608.36M,34
445,Mercer County State Bank,3279 South Main Street,Sandy Lake,Pennsylvania,PA,16145,Mercer,www.mcsbank.bank,NM,06/20/1911,01/01/1934,607382,$607.38M,111
8785,Peoples Exchange Bank,101 N Main St,Winchester,Kentucky,KY,40391,Clark,www.pebank.com,NM,09/13/1912,01/01/1934,606831,$606.83M,92
13632,First State Bank,3103 E Main St,Russellville,Arkansas,AR,72802,Pope,www.fsbmybank.com,SM,01/12/1934,01/12/1934,606458,$606.46M,66
8714,Unity Bank,207 W Lincoln St,Augusta,Wisconsin,WI,54722,Eau Claire,www.unitybanking.com,NM,12/01/1914,01/02/1934,606450,$606.45M,139
35441,Four Corners Community Bank,500 W Main St,Farmington,New Mexico,NM,87401,San Juan,www.thebankforme.com,NM,03/01/2000,03/01/2000,605350,$605.35M,89
18038,Claremont Savings Bank,145 Broad St,Claremont,New Hampshire,NH,03743,Sullivan,www.claremontsavings.bank,SI,04/15/1907,07/02/1959,605120,$605.12M,93
5685,Southeastern Bank,1010 North Way,Darien,Georgia,GA,31305,Mcintosh,www.southeasternbank.com,NM,01/01/1889,01/01/1934,603966,$603.97M,110
29177,BankTennessee,1125 W Poplar Ave,Collierville,Tennessee,TN,38017,Shelby,www.banktennessee.com,SM,10/01/1934,08/09/1989,603453,$603.45M,96
977,Tri-County Bank,4190 Main St,Brown City,Michigan,MI,48416,Sanilac,www.tri-countybank.bank,SM,05/29/1889,01/01/1934,603300,$603.30M,83
17229,Henderson State Bank,1040 N Main St,Henderson,Nebraska,NE,68371,York,www.hendersonstate.bank,NM,10/13/1943,06/17/1953,603080,$603.08M,63
57505,Liberty National Bank,4425 Singing Hills Blvd,Sioux City,Iowa,IA,51106,Woodbury,www.libertynational.bank,N,03/17/2003,03/17/2003,601511,$601.51M,57
26564,Delta Bank,1617 Carter St,Vidalia,Louisiana,LA,71373,Concordia,www.deltabk.com,NM,01/10/1986,01/10/1986,601340,$601.34M,85
8576,The Maries County Bank,205 Highway 63 N,Vienna,Missouri,MO,65582,Maries,http://www.mariescountybank.com,NM,08/17/1900,01/01/1934,600298,$600.30M,141
14633,Community Savings Bank,101 E Union St,Edgewood,Iowa,IA,52042,Delaware,www.communitysavings.bank,NM,01/10/1910,08/03/1934,599846,$599.85M,77
17563,Palmetto State Bank,601 1st St W,Hampton,South Carolina,SC,29924,Hampton,http://www.palmettostatebank.com,NM,01/01/1907,12/28/1955,599813,$599.81M,86
20093,All America Bank,200 S Rockwell Ave,Oklahoma City,Oklahoma,OK,73128,Oklahoma,https://www.allamerica.bank,NM,12/22/1969,12/22/1969,599666,$599.67M,122
8200,Citizens Bank Minnesota,105 N Minnesota St,New Ulm,Minnesota,MN,56073,Brown,www.citizensmn.bank/,NM,12/13/1875,01/01/1934,599563,$599.56M,91
4290,The First National Bank of Jeanerette,1331 Main St,Jeanerette,Louisiana,LA,70544,Iberia,www.yourfnb.com,N,06/05/1905,01/01/1934,597969,$597.97M,98
34973,Peoples Savings Bank,400 E Iowa Ave,Indianola,Iowa,IA,50125,Warren,www.mybankpsb.com,NM,11/20/1998,11/20/1998,597262,$597.26M,74
34719,Farmers & Merchants Bank of Colby,240 W 4th St,Colby,Kansas,KS,67701,Thomas,www.fmbcolby.com,NM,03/13/1998,03/13/1998,596768,$596.77M,38
57740,Pacific Valley Bank,422 Main St,Salinas,California,CA,93901,Monterey,www.pacificvalleybank.com,NM,09/14/2004,09/14/2004,596586,$596.59M,61
11407,Highpoint Community Bank,150 W Court St,Hastings,Michigan,MI,49058,Barry,WWW.HIGHPOINTCOMMUNITYBANK.COM,NM,01/01/1886,01/01/1934,596092,$596.09M,72
3218,The First National Bank of East Texas,206 Us Highway 271 N,Gilmer,Texas,TX,75644,Upshur,www.fnbetx.com,N,04/13/1900,01/01/1934,595859,$595.86M,136
9507,The Bank of Marion,102 W Main St,Marion,Virginia,VA,24354,Smyth,www.bankofmarionva.com,SM,04/13/1874,01/01/1934,595594,$595.59M,114
1868,The Bank of Tescott,104 S Main St,Tescott,Kansas,KS,67484,Ottawa,www.bankoftescott.com,NM,01/01/1887,01/01/1934,595352,$595.35M,74
12616,Legends Bank,200 E Main St,Linn,Missouri,MO,65051,Osage,www.legendsbk.com,NM,03/17/1913,01/01/1934,593140,$593.14M,96
4619,Exchange Bank & Trust,600 Commercial St,Atchison,Kansas,KS,66002,Atchison,WWW.EBT.BANK,NM,01/01/1856,01/01/1934,592785,$592.78M,77
214,Washington State Bank,121 S Marion Ave,Washington,Iowa,IA,52353,Washington,http://www.washsb.com,SM,04/18/1932,01/01/1934,592763,$592.76M,52
27678,"First Federal Community Bank, SSB",630 Clarksville St,Paris,Texas,TX,75460,Lamar,www.ffcbank.com,SI,01/01/1922,08/09/1989,592680,$592.68M,82
18592,First Bank of Owasso,8601 N Garnett Rd,Owasso,Oklahoma,OK,74055,Tulsa,http://www.firstbank.net,NM,09/08/1962,09/08/1962,592645,$592.64M,77
5434,MNB BANK,220 Norris Ave,Mccook,Nebraska,NE,69001,Red Willow,www.mnb.bank,SM,10/01/1907,01/01/1934,591902,$591.90M,80
21247,"First Kentucky Bank, Inc.",223 S 6th St,Mayfield,Kentucky,KY,42066,Graves,www.firstkentucky.com,NM,01/01/1899,09/24/1973,591894,$591.89M,111
19396,Unison Bank,401 1st Ave S,Jamestown,North Dakota,ND,58401,Stutsman,www.unisonbank.com,NM,03/15/1965,03/15/1965,591002,$591.00M,83
3777,The First National Bank of Carmi,201 E Main St,Carmi,Illinois,IL,62821,White,www.myfirst.bank,N,12/20/1893,01/01/1934,590554,$590.55M,102
34150,First United Bank and Trust Company,162 N Main St,Madisonville,Kentucky,KY,42431,Hopkins,www.efirstunitedbank.com,NM,03/29/1996,03/29/1996,589861,$589.86M,102
926,Peoples National Bank of Kewanee,207 N Tremont St,Kewanee,Illinois,IL,61443,Henry,www.pnb-kewanee.com,N,03/01/1928,01/01/1934,589814,$589.81M,87
9465,Alva State Bank & Trust Company,518 College Ave,Alva,Oklahoma,OK,73717,Woods,WWW.ALVASTATEBANK.COM,SM,09/10/1901,01/01/1934,589412,$589.41M,76
9410,Tioga State Bank National Association,1 N Main St,Spencer,New York,NY,14883,Tioga,https://www.tiogabank.com,N,03/24/1884,01/01/1934,589216,$589.22M,102
26522,The Bank,205 S Penn Ave,Oberlin,Kansas,KS,67749,Decatur,www.thebankks.com,NM,11/21/1985,11/21/1985,588942,$588.94M,80
24922,Grand Valley Bank,191 E Gateway Dr,Heber City,Utah,UT,84032,Wasatch,www.grandvalleybank.com,NM,12/13/1983,12/13/1983,588284,$588.28M,97
57093,Northwestern Mutual Wealth Management,720 E Wisconsin Ave,Milwaukee,Wisconsin,WI,53202,Milwaukee,www.northwesternmutual.com,SB,04/06/2001,04/06/2001,587491,$587.49M,271
23123,Bank of Bartlett,6281 Stage Rd,Bartlett,Tennessee,TN,38134,Shelby,www.bankofbartlett.com,SM,05/19/1980,05/19/1980,586752,$586.75M,106
10663,The Andover Bank,19 Public Sq,Andover,Ohio,OH,44003,Ashtabula,www.andover.bank,SM,11/01/1884,01/01/1934,586705,$586.71M,90
17145,Heritage Bank,110 E 9th St,Wood River,Nebraska,NE,68883,Hall,www.bankonheritage.com,NM,01/01/1884,09/24/1952,586658,$586.66M,74
17685,Outdoor Bank,2401 N Seth Child Rd,Manhattan,Kansas,KS,66503,Riley,www.outdoorbank.com,NM,01/01/1897,11/01/1956,585613,$585.61M,94
3863,First National Bank of Eastern Arkansas,101 N Washington St,Forrest City,Arkansas,AR,72335,St. Francis,www.fnbea.com,N,11/01/1886,01/01/1934,585134,$585.13M,111
31236,Hearthside Bank Corporation,1602 Cumberland Ave,Middlesboro,Kentucky,KY,40965,Bell,www.hearthsidebank.com,NM,01/01/1920,08/09/1989,584555,$584.55M,100
1184,"The Bank and Trust, S.S.B.",1200 Veterans Blvd,Del Rio,Texas,TX,78840,Val Verde,www.thebankandtrust.com,SM,01/01/1910,01/01/1934,583613,$583.61M,141
3193,The Falls City National Bank,100 S Front St,Falls City,Texas,TX,78113,Karnes,http://www.fcnb.net,N,03/23/1907,01/01/1934,582555,$582.55M,27
1027,Fm Bank And Trust,400 W Main St,Blytheville,Arkansas,AR,72315,Mississippi,www.fbtbly.com,SM,03/16/1908,01/01/1934,582391,$582.39M,67
18431,First Bank Kansas,235 S Santa Fe Ave,Salina,Kansas,KS,67401,Saline,www.firstbankkansas.com,NM,06/30/1955,09/11/1961,582379,$582.38M,125
90311,Bay State Savings Bank,28 Franklin St,Worcester,Massachusetts,MA,01608,Worcester,baystatesavingsbank.com,SI,03/09/1895,11/20/1985,581401,$581.40M,79
59185,Gulf Capital Bank,1 Riverway,Houston,Texas,TX,77056,Harris,www.gulfcapitalbank.com,NM,12/18/2019,12/18/2019,581148,$581.15M,56
21978,Frontier State Bank,5100 S I 35 Service Rd,Oklahoma City,Oklahoma,OK,73129,Oklahoma,www.frontier-ok.com,NM,04/14/1975,04/14/1975,580146,$580.15M,43
27824,Salem Co-operative Bank,3 S Broadway,Salem,New Hampshire,NH,03079,Rockingham,www.salemcoop.com,SL,01/01/1922,08/09/1989,579613,$579.61M,51
58692,Intracoastal Bank,1290 Palm Coast Pkwy Nw,Palm Coast,Florida,FL,32137,Flagler,www.intracoastal.bank,NM,06/16/2008,06/16/2008,578418,$578.42M,49
29227,Washington Savings Bank,200 S Banker St,Effingham,Illinois,IL,62401,Effingham,www.washingtonsavings.net,SI,01/01/1883,08/09/1989,578268,$578.27M,74
4288,First National Bank of Louisiana,128 N Parkerson Ave,Crowley,Louisiana,LA,70526,Acadia,http://www.fnb-la.com,N,01/01/1924,01/01/1934,578248,$578.25M,73
30155,"Hatboro Federal Savings, FA",221 S York Rd,Hatboro,Pennsylvania,PA,19040,Montgomery,www.hatborofed.com,SB,06/30/1941,08/09/1989,577421,$577.42M,37
6616,Kingston National Bank,2 N Main St,Kingston,Ohio,OH,45644,Ross,www.kingstonnationalbank.com,N,01/01/1909,01/01/1934,577331,$577.33M,82
21083,United Mississippi Bank,75 Melrose Montebello Pkwy,Natchez,Mississippi,MS,39120,Adams,www.unitedmsbk.com,NM,05/14/1973,05/14/1973,577173,$577.17M,139
57127,Guardian Bank,701 Wildwood Plantation Dr,Valdosta,Georgia,GA,31602,Lowndes,https://www.guardian.bank,NM,05/01/2001,05/01/2001,576762,$576.76M,49
26912,The Bank of South Carolina,256 Meeting St,Charleston,South Carolina,SC,29401,Charleston,www.banksc.com,NM,02/26/1987,02/26/1987,575834,$575.83M,84
14334,United Bank of Union,15 E Main St,Union,Missouri,MO,63084,Franklin,http://www.ubu.bank,NM,03/22/1934,05/07/1934,575386,$575.39M,80
58278,Golden Valley Bank,190 Cohasset Rd,Chico,California,CA,95926,Butte,www.goldenvalley.bank,NM,04/24/2006,04/24/2006,575330,$575.33M,63
1900,First Independent Bank,300 Front St,Russell,Minnesota,MN,56169,Lyon,www.fibmn.com,NM,01/01/1903,01/01/1934,575207,$575.21M,85
28859,First Piedmont Federal Savings and Loan Association of Gaffney,1229 W Floyd Baker Blvd,Gaffney,South Carolina,SC,29341,Cherokee,www.firstpiedmont.com,SB,01/01/1933,08/09/1989,574667,$574.67M,87
35221,Freedom Bank,1405 N Main St,Huntingburg,Indiana,IN,47542,Dubois,WWW.THATSFREEDOM.BANK,NM,11/22/1999,11/22/1999,574421,$574.42M,64
29839,Crossroads Bank,1205 N Cass St,Wabash,Indiana,IN,46992,Wabash,www.crossroadsbanking.com,NM,01/01/1920,08/09/1989,574187,$574.19M,93
11306,FNBC Bank & Trust,620 W Burlington Ave,La Grange,Illinois,IL,60525,Cook,www.fnbcbt.com,NM,08/17/1908,01/01/1934,573820,$573.82M,77
21784,First Port City Bank,400 W Shotwell St,Bainbridge,Georgia,GA,39819,Decatur,www.firstportcity.com,NM,10/07/1974,10/07/1974,573711,$573.71M,87
8321,Stockmens Bank,25 N Cascade Ave,Colorado Springs,Colorado,CO,80903,El Paso,www.thestockmensbank.com,NM,05/01/1897,01/01/1934,573536,$573.54M,112
15699,Pineland Bank,501 W 12th St,Alma,Georgia,GA,31510,Bacon,www.pineland.bank,NM,10/01/1939,11/16/1939,573267,$573.27M,103
15883,DeMotte State Bank,210 S Halleck St,Demotte,Indiana,IN,46310,Jasper,http://www.netdsb.com,SM,02/02/1942,03/02/1942,572563,$572.56M,120
27503,The Berkshire Bank,4 E 39th St,New York,New York,NY,10016,New York,http://www.berkbank.com,NM,05/08/1989,05/08/1989,572295,$572.29M,85
13821,Cross Bank,399 Merriman Ave E,Wynne,Arkansas,AR,72396,Cross,http://www.mycrossbank.com,NM,06/04/1891,02/01/1934,572172,$572.17M,89
58691,BlueHarbor Bank,106 Corporate Park Dr,Mooresville,North Carolina,NC,28117,Iredell,http://www.blueharborbank.com,NM,01/08/2008,01/08/2008,571785,$571.78M,39
23737,"Vast Bank, National Association",110 N Elgin Ave,Tulsa,Oklahoma,OK,74120,Tulsa,http://www.vast.bank,N,02/16/1982,02/16/1982,570829,$570.83M,74
9047,Citizens State Bank,117 W 1st St,Monticello,Iowa,IA,52310,Jones,www.mycsb.bank,NM,03/11/1931,01/01/1934,570438,$570.44M,70
34643,Sunstate Bank,14095 S Dixie Hwy,Miami,Florida,FL,33176,Miami-Dade,www.sunstatefl.com,NM,03/15/1999,03/15/1999,570381,$570.38M,83
12788,Baraboo State Bank,101 3rd Ave,Baraboo,Wisconsin,WI,53913,Sauk,http://www.baraboobank.com,SM,07/01/1857,01/01/1934,569847,$569.85M,93
823,Citizens Bank and Trust Company,126 S Main St,Blackstone,Virginia,VA,23824,Nottoway,http://www.cbtva.com,SM,07/15/1873,01/01/1934,568828,$568.83M,90
9168,Wayne County Bank,216 S High St,Waynesboro,Tennessee,TN,38485,Wayne,waynecountybank.com,SM,02/14/1914,01/01/1934,568402,$568.40M,90
8850,North Shore Bank of Commerce,131 W Superior St,Duluth,Minnesota,MN,55802,St. Louis,www.northshore.bank,SM,09/14/1915,01/01/1934,565300,$565.30M,126
33645,Lee Bank,75 Park St,Lee,Massachusetts,MA,01238,Berkshire,WWW.LEEBANK.COM,SI,07/01/1992,07/01/1992,564801,$564.80M,81
4145,First National Bank & Trust Company of McAlester,235 E Choctaw Ave,Mcalester,Oklahoma,OK,74501,Pittsburg,www.fnbmcalester.com,N,12/12/1896,01/01/1934,564595,$564.60M,79
15871,The Peoples Bank,305 E Jefferson St,Ripley,Mississippi,MS,38663,Tippah,WWW.PEOPLESRIPLEY.COM,NM,03/03/1925,12/18/1941,563936,$563.94M,82
22020,INSOUTH Bank,111 S Washington Ave,Brownsville,Tennessee,TN,38012,Haywood,www.insouth.com,SM,01/01/1869,05/15/1975,563659,$563.66M,108
8843,American Heritage National Bank,24 2nd St S,Long Prairie,Minnesota,MN,56347,Todd,www.logbank.com,N,09/01/1881,01/01/1934,563011,$563.01M,59
363,"First Montana Bank, Inc.",201 N Higgins Ave,Missoula,Montana,MT,59802,Missoula,www.firstmontanabank.com,SM,01/01/1913,01/01/1934,562903,$562.90M,86
29838,First Federal Savings and Loan Association of Lorain,3721 Oberlin Ave,Lorain,Ohio,OH,44053,Lorain,www.fflorain.bank,SB,01/01/1921,08/09/1989,562896,$562.90M,71
5994,Prism Bank,2610 S Division St,Guthrie,Oklahoma,OK,73044,Logan,www.prism.bank,NM,01/01/1909,01/01/1934,562128,$562.13M,66
18385,Regional Missouri Bank,1201 S Missouri Ave,Marceline,Missouri,MO,64658,Linn,www.regionalmo.bank,NM,05/13/1908,05/11/1961,562107,$562.11M,96
18841,Phelps County Bank,718 N Pine St,Rolla,Missouri,MO,65401,Phelps,www.mypcb.com,NM,08/01/1963,08/01/1963,561824,$561.82M,128
57543,"Trinity Bank, N.A.",3500 W Vickery Blvd,Fort Worth,Texas,TX,76107,Tarrant,http://WWW.TRINITYBK.COM,N,05/28/2003,05/28/2003,561280,$561.28M,33
5280,"WNB FINANCIAL, N.A.",204 Main St,Winona,Minnesota,MN,55987,Winona,http://www.wnbfinancial.com,N,01/01/1874,01/01/1934,561137,$561.14M,107
8232,Bank of Holly Springs,114 S Memphis St,Holly Springs,Mississippi,MS,38635,Marshall,www.bankofhollysprings.com,NM,02/01/1869,01/01/1934,561102,$561.10M,103
58396,Jonah Bank of Wyoming,777 W 1st St,Casper,Wyoming,WY,82601,Natrona,www.jonah.bank,SM,07/31/2006,07/31/2006,560842,$560.84M,84
5295,PremierBank,70 N Main St,Fort Atkinson,Wisconsin,WI,53538,Jefferson,www.bankwithpremier.com,NM,10/27/1863,01/01/1934,560747,$560.75M,96
982,Eastern Michigan Bank,65 N Howard Ave,Croswell,Michigan,MI,48422,Sanilac,www.emb.bank,SM,12/04/1895,01/01/1934,560064,$560.06M,86
57931,Anchor Bank,4500 Pga Blvd,Palm Beach Gardens,Florida,FL,33418,Palm Beach,http://https://www.anchorbank.com,SM,03/22/2005,03/22/2005,559638,$559.64M,46
25795,Peoples Bank & Trust,1899 Buford Hwy,Buford,Georgia,GA,30518,Gwinnett,www.peoplesbanktrust.com,NM,12/13/1984,12/13/1984,559048,$559.05M,51
17411,Mountain Valley Bank,461 Main St,Walden,Colorado,CO,80480,Jackson,http://www.bankmvb.com,SM,02/21/1955,02/21/1955,558929,$558.93M,59
29690,First Federal Savings Bank,648 N Jefferson St,Huntington,Indiana,IN,46750,Huntington,www.firstfedindiana.bank,NM,01/01/1932,08/09/1989,558780,$558.78M,94
8798,Cottonport Bank,942 Bryan St,Cottonport,Louisiana,LA,71327,Avoyelles,www.cottonportbank.com,NM,07/02/1902,01/01/1934,558153,$558.15M,136
27884,Huntington Federal Savings Bank,1049 5th Ave,Huntington,West Virginia,WV,25701,Cabell,www.huntingtonfederal.com,SB,01/01/1929,08/09/1989,556693,$556.69M,101
12285,Cattlemens Bank,3421 N Main St,Altus,Oklahoma,OK,73521,Jackson,www.cattlemensbank.com,NM,01/01/1910,01/01/1934,556275,$556.27M,73
6275,The National Bank of Middlebury,30 Main St,Middlebury,Vermont,VT,05753,Addison,www.nbmvt.com,N,11/09/1831,01/01/1934,555394,$555.39M,82
17639,RVR Bank,1005 E 23rd St,Fremont,Nebraska,NE,68025,Dodge,www.rvr.bank,NM,07/30/1956,07/30/1956,554876,$554.88M,82
9997,Jefferson Security Bank,105 E Washington St,Shepherdstown,West Virginia,WV,25443,Jefferson,https://www.jsb.bank,NM,05/19/1869,01/01/1934,554663,$554.66M,76
20198,South Georgia Banking Company,5515 Alabama Ave,Omega,Georgia,GA,31775,Tift,www.sgbconline.com,NM,06/14/1937,06/11/1970,553568,$553.57M,120
20268,Scale Bank,7600 Parklawn Ave,Edina,Minnesota,MN,55435,Hennepin,scale.bank,NM,10/08/1970,10/08/1970,553536,$553.54M,87
57298,1st Bank Yuma,2799 S 4th Ave,Yuma,Arizona,AZ,85364,Yuma,www.1stbankyuma.com,NM,09/04/2001,09/04/2001,553397,$553.40M,81
28348,Belmont Savings Bank,426 34th Street,Bellaire,Ohio,OH,43906,Belmont,www.bsb.bank,NM,01/01/1886,08/09/1989,552786,$552.79M,51
9760,Community Bank Mankato,201 Main St E,Vernon Center,Minnesota,MN,56090,Blue Earth,http://www.cbfg.net,NM,12/01/1929,01/01/1934,552730,$552.73M,64
3269,First National Bank of Huntsville,1300 11th St,Huntsville,Texas,TX,77340,Walker,www.fnbhuntsvilletx.bank,N,01/01/1890,01/01/1934,552478,$552.48M,99
12219,"First State Bank of St. Charles, Missouri",206 N 5th St,St. Charles,Missouri,MO,63301,St. Charles,www.fsbfinancial.com,NM,05/10/1867,01/01/1934,551613,$551.61M,178
5885,The Farmers Bank of Willards,7484 Market St,Willards,Maryland,MD,21874,Wicomico,www.fbwbank.com,NM,01/03/1925,01/01/1934,551502,$551.50M,73
11448,Century Bank,4282 Main St,Lucedale,Mississippi,MS,39452,George,centurybank.net,NM,06/01/1903,01/01/1934,550820,$550.82M,122
13130,The Friendship State Bank,5908 E Main Street,Friendship,Indiana,IN,47021,Ripley,www.friendshipstatebank.com,SM,10/26/1912,01/01/1934,549885,$549.88M,119
22340,Panhandle First Bank,1223 N Main St,Guymon,Oklahoma,OK,73942,Texas,www.mypfb.bank,NM,10/12/1976,10/12/1976,549142,$549.14M,87
33380,Enterprise Bank,525 N 132nd Street,Omaha,Nebraska,NE,68154,Douglas,https://www.ENTERPRISE.BANK,SM,04/10/1991,04/10/1991,549043,$549.04M,35
3339,The First National Bank of Mertzon,106 S Broadway St Ave,Mertzon,Texas,TX,76941,Irion,www.fnbmertzon.com,N,01/01/1910,01/01/1934,548438,$548.44M,30
10903,Central State Bank,109 Main St W,State Center,Iowa,IA,50247,Marshall,www.centralstatebankia.com,NM,01/01/1902,01/01/1934,548104,$548.10M,33
28701,Ambler Savings Bank,155 E Butler Ave,Ambler,Pennsylvania,PA,19002,Montgomery,www.amblersav.com,SI,01/01/1899,08/09/1989,547736,$547.74M,61
18584,Commercial Bank,101 N Pine River St,Ithaca,Michigan,MI,48847,Gratiot,www.commercial-bank.com,NM,08/29/1962,08/29/1962,547203,$547.20M,97
19644,Fidelity Bank,330 W Broadway St,West Memphis,Arkansas,AR,72301,Crittenden,www.fidelitybanker.com,SM,11/04/1966,11/04/1966,546802,$546.80M,62
7018,The National Bank of Coxsackie,3 Reed St,Coxsackie,New York,NY,12051,Greene,www.nbcoxsackie.com,N,01/01/1852,01/01/1934,545820,$545.82M,80
8853,Glenwood State Bank (Incorporated),5 E Minnesota Ave,Glenwood,Minnesota,MN,56334,Pope,www.glenwoodstate.bank,NM,05/09/1907,01/01/1934,545433,$545.43M,76
57610,Redwood Capital Bank,402 G St,Eureka,California,CA,95501,Humboldt,http://www.rdwo.com,NM,03/01/2004,03/01/2004,544804,$544.80M,80
1852,First Security Bank and Trust Company,809 Clark St,Charles City,Iowa,IA,50616,Floyd,www.1stsecurity.bank,NM,07/14/1903,01/01/1934,544279,$544.28M,108
25291,Bank of the Valley,404 State St,Bellwood,Nebraska,NE,68624,Butler,www.bankofthevalley.com,NM,05/11/1984,05/11/1984,544190,$544.19M,83
1147,The Peoples Bank,222 S Main St,Pratt,Kansas,KS,67124,Pratt,www.tpb.bank,SM,05/20/1887,01/01/1934,543535,$543.53M,76
58668,Spring Bank,69 E 167th St,Bronx,New York,NY,10452,Bronx,www.spring.bank,NM,10/26/2007,10/26/2007,542865,$542.87M,46
18361,Coulee Bank,1516 Losey Blvd S,La Crosse,Wisconsin,WI,54601,La Crosse,www.couleebank.net,NM,02/27/1961,03/20/1961,542124,$542.12M,82
12166,West Point Bank,600 W Lincoln Trail Blvd,Radcliff,Kentucky,KY,40160,Hardin,www.westpointbank.com,NM,07/01/1914,01/01/1934,541990,$541.99M,52
5907,First Bank,105 S Broadway St,Mccomb,Mississippi,MS,39648,Pike,www.firstbankms.com,NM,06/25/1895,01/01/1934,541650,$541.65M,124
18576,Bank of Texas,306 W Wall St,Midland,Texas,TX,79701,Midland,www.bankoftexasonline.com,SM,08/04/1962,08/04/1962,540339,$540.34M,28
5219,Community Resource Bank,1605 Heritage Dr,Northfield,Minnesota,MN,55057,Rice,www.crb.bank,SM,09/18/1878,01/01/1934,540169,$540.17M,67
4539,Farmers Bank of Northern Missouri,1604 Main St,Unionville,Missouri,MO,63565,Putnam,www.onlinefarmersbank.com,SM,06/01/1901,01/01/1934,539830,$539.83M,93
20568,Lumbee Guaranty Bank,403 E 3rd St,Pembroke,North Carolina,NC,28372,Robeson,www.lumbeeguarantybank.com,NM,12/22/1971,12/22/1971,539733,$539.73M,94
8738,Citizens' Bank & Trust Co.,3110 Alma Hwy,Van Buren,Arkansas,AR,72956,Crawford,www.cbankandtrust.com,SM,05/01/1886,01/01/1934,539347,$539.35M,90
35161,The Murray Bank,405 S 12th St,Murray,Kentucky,KY,42071,Calloway,www.themurraybank.com,SB,06/15/1999,06/15/1999,539246,$539.25M,68
27697,Fifth District Savings Bank,4000 General Degaulle Dr,New Orleans,Louisiana,LA,70114,Orleans,www.fifthdistrict.com,SB,01/01/1926,08/09/1989,539055,$539.05M,66
26922,The Cooperative Bank,40 Belgrade Ave,Roslindale,Massachusetts,MA,02131,Suffolk,http://www.thecooperativebank.com,SI,01/01/1898,03/18/1987,538951,$538.95M,63
29800,Lisle Savings Bank,1450 Maple Ave,Lisle,Illinois,IL,60532,Dupage,http://WWW.LSB.BANK,SI,01/01/1917,08/09/1989,537858,$537.86M,54
29835,Milford Federal Bank,246 Main St,Milford,Massachusetts,MA,01757,Worcester,www.milfordfederal.com,SB,01/01/1937,08/09/1989,537787,$537.79M,63
10641,Riverstone Bank,600 S 4th St,Eagle,Nebraska,NE,68347,Cass,WWW.BANKRIVSERSTONE.COM,NM,09/01/1884,01/01/1934,537650,$537.65M,79
1553,The Shelby County State Bank,508 Court St,Harlan,Iowa,IA,51537,Shelby,www.scsbnet.com,NM,08/02/1909,01/01/1934,536326,$536.33M,84
24603,"First Commercial Bank, National Association",1336 E Court St,Seguin,Texas,TX,78155,Guadalupe,www.1cb.com,N,07/01/1983,07/01/1983,535921,$535.92M,90
5800,"American Bank, National Association",234 5th Ave Sw,Le Mars,Iowa,IA,51031,Plymouth,www.am-bank.com,N,01/01/1887,01/01/1934,534929,$534.93M,48
26530,Denali State Bank,119 N Cushman St,Fairbanks,Alaska,AK,99701,Fairbanks North Star,www.denalistatebank.com,NM,02/03/1986,02/03/1986,534731,$534.73M,75
16970,"Peoples Bank of  Kentucky, Inc.",106 S Main Cross St,Flemingsburg,Kentucky,KY,41041,Fleming,http://www.peoplesbankofky.com,NM,04/06/1906,12/27/1950,533855,$533.86M,105
58114,Bank of Belleville,215 S Illinois St,Belleville,Illinois,IL,62220,St. Clair,www.bankofbelleville.com,NM,11/04/2005,11/04/2005,533808,$533.81M,63
21227,CBBC Bank,330 E Broadway Ave,Maryville,Tennessee,TN,37804,Blount,www.cbbc.bank,NM,09/24/1973,09/24/1973,532890,$532.89M,78
15799,Premier Community Bank,230 Mavis Rd,Marion,Wisconsin,WI,54950,Waupaca,www.premiercommunity.com,NM,02/24/1941,02/24/1941,532783,$532.78M,113
11559,First State Bank and Trust Company,110 W Panola St,Carthage,Texas,TX,75633,Panola,www.fsbcarthage.com,NM,02/27/1902,01/01/1934,531511,$531.51M,52
14801,First State Bank & Trust,22 4th St E,Williston,North Dakota,ND,58801,Williams,www.fsbtnd.bank,NM,02/01/1926,11/02/1934,530830,$530.83M,69
955,Connection Bank,636 Avenue G,Fort Madison,Iowa,IA,52627,Lee,WWW.MYCONNECTIONBANK.COM,SM,07/01/1854,01/01/1934,530190,$530.19M,62
2326,AVB Bank,322 S Main St,Broken Arrow,Oklahoma,OK,74012,Tulsa,www.avb.bank,NM,02/16/1905,01/01/1934,529308,$529.31M,84
14883,Community State Bank,802 E Albion St,Avilla,Indiana,IN,46710,Noble,www.csbbankonline.bank,SM,02/19/1931,11/20/1934,528798,$528.80M,78
16689,Gibsland Bank & Trust Company,1246 S 3rd St,Gibsland,Louisiana,LA,71028,Bienville,www.gbt.bank,NM,04/15/1948,04/15/1948,528134,$528.13M,102
15801,Farmers and Merchants Bank,111 W Clayton St,Baldwyn,Mississippi,MS,38824,Prentiss,www.fmbms.com,SM,03/10/1941,03/10/1941,528131,$528.13M,130
17374,Mid-America Bank,802 Ames St,Baldwin City,Kansas,KS,66006,Douglas,http://www.mid-americabank.com,NM,12/11/1900,12/16/1954,525645,$525.64M,60
23086,"New OMNI Bank, National Association",1235 S Garfield Ave,Alhambra,California,CA,91801,Los Angeles,WWW.NEWOMNIBANK.COM,N,02/12/1980,02/12/1980,525556,$525.56M,76
9099,South Ottumwa Savings Bank,320 Church St,Ottumwa,Iowa,IA,52501,Wapello,www.sosb-ia.com,NM,01/01/1903,01/01/1934,525481,$525.48M,73
35417,TriStar Bank,719 E College St,Dickson,Tennessee,TN,37055,Dickson,www.tristar.bank,NM,01/01/2000,01/01/2000,525411,$525.41M,77
34108,Pan American Bank & Trust,1440 W North Ave,Melrose Park,Illinois,IL,60160,Cook,WWW.PANAMERBANK.COM,NM,12/22/1995,12/22/1995,525334,$525.33M,62
22282,First Nations Bank,7757 W Devon Ave,Chicago,Illinois,IL,60631,Cook,https://www.firstnations.bank,NM,06/07/1976,06/07/1976,525106,$525.11M,39
59188,Triad Business Bank,1501 Highwoods Blvd,Greensboro,North Carolina,NC,27410,Guilford,www.triadbusinessbank.com,NM,03/16/2020,03/16/2020,525098,$525.10M,54
16075,Rayne State Bank & Trust Company,200 S Adams Ave,Rayne,Louisiana,LA,70578,Acadia,www.bankonnet.bank,NM,07/01/1943,07/01/1943,525008,$525.01M,69
34784,Commercial Capital Bank,311 Broadway St,Delhi,Louisiana,LA,71232,Richland,www.comcapbank.com,NM,02/22/1999,02/22/1999,524991,$524.99M,68
30260,Cross County Savings Bank,7921 Metropolitan Ave,Middle Village,New York,NY,11379,Queens,www.crosscounty.com,SI,01/01/1888,08/09/1989,524292,$524.29M,64
34760,Portage Community Bank,1311 E Main St,Ravenna,Ohio,OH,44266,Portage,www.portagecommunity.bank,SM,07/01/1998,07/01/1998,524228,$524.23M,76
18400,Iowa Trust & Savings Bank,2101 10th St,Emmetsburg,Iowa,IA,50536,Palo Alto,www.iowatrustbank.com,NM,07/01/1929,06/07/1961,524127,$524.13M,51
24332,First Credit Bank,9255 W Sunset Blvd,Los Angeles,California,CA,90069,Los Angeles,,NM,02/18/1983,02/18/1983,524056,$524.06M,25
15271,First State Bank,220 W Waupaca St,New London,Wisconsin,WI,54961,Waupaca,www.bankfirststate.com,NM,01/01/1911,01/01/1934,522903,$522.90M,93
34876,"Connecticut Community Bank, National Association",605 West Ave,Norwalk,Connecticut,CT,06850,Western Connecticut,www.ccbankonline.com,N,12/28/1998,12/28/1998,522723,$522.72M,91
58789,Grand River Bank,4471 Wilson Ave Sw,Grandville,Michigan,MI,49418,Kent,www.grandriverbank.com,SM,04/30/2009,04/30/2009,522310,$522.31M,61
29783,High Country Bank,7360 W Us Highway 50,Salida,Colorado,CO,81201,Chaffee,www.highcountrybank.net,SM,01/01/1886,08/09/1989,522254,$522.25M,98
35533,First Electronic Bank,2150 S 1300 E,Salt Lake City,Utah,UT,84106,Salt Lake,www.firstelectronic.com,NM,10/05/2000,10/05/2000,522054,$522.05M,105
3279,The Karnes County National Bank of Karnes City,311 E Calvert Ave,Karnes City,Texas,TX,78118,Karnes,www.kcnb.com,N,01/01/1900,01/01/1934,521700,$521.70M,55
12208,Belgrade State Bank,14185 Highway C,Belgrade,Missouri,MO,63622,Washington,belgradestatebank.com,SM,06/19/1906,01/01/1934,519637,$519.64M,89
58371,Hyperion Bank,199 W Girard Ave,Philadelphia,Pennsylvania,PA,19123,Philadelphia,www.hyperionbank.com,NM,11/20/2006,11/20/2006,519508,$519.51M,47
4185,First Pryority Bank,310 E Graham Ave,Pryor,Oklahoma,OK,74361,Mayes,www.firstpryority.com,SM,01/01/1900,01/01/1934,519502,$519.50M,79
13216,The Savings Bank,118 N Court St,Circleville,Ohio,OH,43113,Pickaway,www.thesavingsbankohio.bank,NM,04/20/1912,01/01/1934,519280,$519.28M,82
10383,State Bank Financial,401 Main St,La Crosse,Wisconsin,WI,54601,La Crosse,www.statebankfinancial.bank,SM,07/26/1858,01/01/1934,517512,$517.51M,62
15443,Lake Elmo Bank,11465 39th St N,Lake Elmo,Minnesota,MN,55042,Washington,www.lakeelmobank.com,NM,08/01/1911,12/19/1936,517162,$517.16M,72
1905,"Profinium, Inc.",414 N 5th Ave E,Truman,Minnesota,MN,56088,Martin,www.profinium.com,SM,05/12/1916,01/01/1934,516847,$516.85M,69
26185,CHARTER WEST BANK,201 S Main St,West Point,Nebraska,NE,68788,Cuming,www.charterwest.com,SM,04/01/1985,04/01/1985,516652,$516.65M,150
8695,Bank of Lake Mills,136 E Madison St,Lake Mills,Wisconsin,WI,53551,Jefferson,www.bankoflakemills.com,NM,01/01/1893,01/02/1934,516505,$516.50M,39
4801,Southwest National Bank,400 E Douglas Ave,Wichita,Kansas,KS,67202,Sedgwick,www.southwestnb.com,N,01/01/1915,01/01/1934,516182,$516.18M,114
33753,Citizens Community Bank,9 E Main St,Mascoutah,Illinois,IL,62258,St. Clair,http://www.citizenscommunitybank.com,NM,12/21/1992,12/21/1992,516074,$516.07M,49
9037,Mound City Bank,25 E Pine St,Platteville,Wisconsin,WI,53818,Grant,http://www.moundcitybank.com,NM,02/15/1915,01/01/1934,515811,$515.81M,75
15969,Rondout Savings Bank,300 Broadway,Kingston,New York,NY,12401,Ulster,www.rondoutbank.com,SI,03/24/1868,07/01/1943,515274,$515.27M,63
27664,"Sterling Federal Bank, F.S.B.",110 E 4th St,Sterling,Illinois,IL,61081,Whiteside,www.sterlingfederal.com,SB,01/01/1885,08/09/1989,515062,$515.06M,97
35138,Millennium Bank,6392 Artesian Cir,Ooltewah,Tennessee,TN,37363,Hamilton,http://www.millenniumbank.com,NM,06/21/1999,06/21/1999,514945,$514.95M,91
14312,Five Points Bank of Hastings,2815 Osborne Dr W,Hastings,Nebraska,NE,68901,Adams,www.5pointsbank.com,SM,01/01/1893,05/02/1934,514925,$514.92M,45
11482,Homestead Bank,915 Meridian Ave,Cozad,Nebraska,NE,69130,Dawson,www.homestead.bank,NM,01/01/1905,01/01/1934,514472,$514.47M,76
35223,First Secure Community Bank,670 N Sugar Grove Pkwy,Sugar Grove,Illinois,IL,60554,Kane,http://www.1stsecurebank.com,NM,02/07/2000,02/07/2000,513825,$513.83M,40
15734,Security Savings Bank,100 S West St,Canton,South Dakota,SD,57013,Lincoln,www.bankwithssb.com,NM,06/14/1920,04/04/1940,513153,$513.15M,73
14327,Horizon Bank,10841 N 142nd St,Waverly,Nebraska,NE,68462,Lancaster,www.horizonbankne.com,NM,02/18/1907,05/07/1934,512031,$512.03M,31
57301,"United Community Bank of West Kentucky, Inc.",500 N Morgan St,Morganfield,Kentucky,KY,42437,Union,www.ucbwest.com,NM,12/10/2001,12/10/2001,511664,$511.66M,68
16332,First State Bank and Trust,201 W Main St,Monticello,Illinois,IL,61856,Piatt,www.fsbcorp.com,NM,11/10/1945,11/10/1945,511354,$511.35M,102
34955,"American Bank and Trust Company, National Association",4301 E 53rd St,Davenport,Iowa,IA,52807,Scott,www.goambank.com,N,01/05/1999,01/05/1999,511248,$511.25M,74
5835,The First State Bank,105 W Main St,Norton,Kansas,KS,67654,Norton,www.thefsb.bank,NM,04/21/1902,01/01/1934,510631,$510.63M,70
8386,KodaBank,104 S Main St,Drayton,North Dakota,ND,58225,Pembina,www.kodabank.com,NM,04/01/1916,01/01/1934,510095,$510.10M,73
29476,Home Federal Savings and Loan Association of Grand Island,221 S Locust St,Grand Island,Nebraska,NE,68801,Hall,www.homefederalne.bank,SB,06/01/1935,08/09/1989,510036,$510.04M,70
58401,Mega Bank,245 W Valley Blvd,San Gabriel,California,CA,91776,Los Angeles,https://www.megabankusa.com,NM,02/05/2008,02/05/2008,509629,$509.63M,53
2286,Buckeye State Bank,9494 Wedgewood Blvd,Powell,Ohio,OH,43065,Delaware,WWW.JOINBSB.COM,NM,01/01/1885,01/01/1934,508568,$508.57M,58
14025,Connections Bank,1100 Branch St,Platte City,Missouri,MO,64079,Platte,www.connections.bank,NM,03/07/1934,03/09/1934,508106,$508.11M,73
7356,Champlain National Bank,7558 Us Route 9,Elizabethtown,New York,NY,12932,Essex,http://www.champlainbank.com,N,01/01/1934,01/01/1934,508087,$508.09M,69
9319,Merchants & Farmers Bank & Trust Company,501 S 5th St,Leesville,Louisiana,LA,71446,Vernon,www.merchantsandfarmers.com,NM,01/01/1928,01/01/1934,507980,$507.98M,74
26703,"River City Bank, Inc.",500 S 6th St,Louisville,Kentucky,KY,40202,Jefferson,www.rivercitybankky.com,NM,06/26/1986,06/26/1986,507815,$507.81M,68
12223,The Callaway Bank,5 E 5th St,Fulton,Missouri,MO,65251,Callaway,www.callawaybank.com,SM,01/01/1857,01/01/1934,507715,$507.71M,103
58563,Select Bank,211 Gristmill Dr,Forest,Virginia,VA,24551,Bedford,myselectbank.com,SM,06/04/2007,06/04/2007,507211,$507.21M,53
32441,"United Midwest Savings Bank, National Association",101 S Main St,Degraff,Ohio,OH,43318,Logan,www.umwsb.com,N,05/05/1889,08/09/1989,507120,$507.12M,192
10608,UNICO Bank,625 Veterans Dr,Mineral Point,Missouri,MO,63660,Washington,www.unicobank.com,NM,01/01/1901,01/01/1934,505773,$505.77M,129
17262,Essex Bank,35 Plains Rd,Essex,Connecticut,CT,06426,Lower Connecticut River Valley,www.essex.bank,SI,08/06/1851,10/02/1953,505679,$505.68M,129
35292,Great American Bank,888 New Hampshire St,Lawrence,Kansas,KS,66044,Douglas,http://www.greatambank.com,NM,08/07/2000,08/07/2000,505674,$505.67M,55
4707,Citizens Bank of Kansas,300 N Main St,Kingman,Kansas,KS,67068,Kingman,www.citizensbankofkansas.com,SM,05/14/1886,01/01/1934,505481,$505.48M,96
31485,Equitable Bank,113 N Locust St,Grand Island,Nebraska,NE,68801,Hall,http://www.equitableonline.com,SM,01/01/1890,08/09/1989,504848,$504.85M,84
5568,Herring Bank,2201 Civic Cir,Amarillo,Texas,TX,79109,Potter,www.herringbank.com,NM,01/01/1899,01/01/1934,504489,$504.49M,164
24961,International Bank of Commerce,908 N Us Highway 83,Zapata,Texas,TX,78076,Zapata,www.ibc.com,NM,02/06/1984,02/06/1984,504187,$504.19M,89
34786,Enterprise Bank,4091 Mount Royal Blvd,Allison Park,Pennsylvania,PA,15101,Allegheny,www.enterprisebankpgh.com,NM,10/23/1998,10/23/1998,502772,$502.77M,65
8120,"Magnolia Bank, Incorporated",651 W Dixie Ave,Elizabethtown,Kentucky,KY,42701,Hardin,www.magnoliabank.com,NM,11/04/1919,01/01/1934,502718,$502.72M,330
29846,Eaton Community Bank,236 S Cochran Ave,Charlotte,Michigan,MI,48813,Eaton,www.eaton.bank,SB,01/01/1936,08/09/1989,502641,$502.64M,88
12113,Germantown Trust & Savings Bank,205 N Germantown Rd,Breese,Illinois,IL,62230,Clinton,www.gtsb.com,NM,02/06/1906,01/01/1934,501936,$501.94M,45
20353,Gulf Coast Bank,221 S State St,Abbeville,Louisiana,LA,70510,Vermilion,www.gcbank.com,NM,02/01/1971,02/01/1971,501319,$501.32M,121
58852,Liberty Capital Bank,5055 Keller Springs Rd,Addison,Texas,TX,75001,Dallas,libertycapital.bank,NM,09/15/2008,09/15/2008,501167,$501.17M,28
17068,Labette Bank,319 E 4th St,Altamont,Kansas,KS,67330,Labette,www.labettebank.com,NM,01/15/1915,12/21/1951,500338,$500.34M,91
9137,Osgood Bank,275 W Main St,Osgood,Ohio,OH,45351,Darke,www.osgoodbank.com,NM,01/01/1915,01/01/1934,499729,$499.73M,63
9369,The Bank of Advance,105 E Gabriel St,Advance,Missouri,MO,63730,Stoddard,www.bankofadvance.com,SM,01/30/1902,01/01/1934,499686,$499.69M,88
9871,The St. Henry Bank,231 E Main St,St. Henry,Ohio,OH,45883,Mercer,www.sthenrybank.com,SM,01/05/1905,01/01/1934,499462,$499.46M,29
11491,The Citizens Bank of Clovis,421 Pile St,Clovis,New Mexico,NM,88101,Curry,www.cbcnm.bank,NM,01/01/1916,01/01/1934,499185,$499.19M,52
16817,Citizens Bank,301 E Main St,Kilgore,Texas,TX,75662,Gregg,http://WWW.CITIZENSBANKTX.COM,NM,07/24/1949,07/24/1949,499031,$499.03M,103
5006,First Choice Bank,19 S Main St,Pontotoc,Mississippi,MS,38863,Pontotoc,https://www.firstchoice.bank,SM,01/01/1900,01/01/1934,498974,$498.97M,92
27417,Shoreham Bank,1 Shoreham Way,Warwick,Rhode Island,RI,02886,Kent,www.shoreham.bank,SB,01/01/1979,12/30/1994,498808,$498.81M,105
58184,Merchants Commercial Bank,4608 Tutu Park Mall,St Thomas,U.S. Virgin Islands,VI,00802,Saint Thomas,http://www.merchantscommercial.bank,NM,10/30/2006,10/30/2006,496857,$496.86M,39
28105,"First Robinson Savings Bank, National Association",501 E Main St,Robinson,Illinois,IL,62454,Crawford,www.frsb.net,N,01/01/1884,08/09/1989,496628,$496.63M,82
59154,Piermont Bank,4 Bryant Park,New York,New York,NY,10018,New York,www.piermontbank.com,NM,07/01/2019,07/01/2019,496183,$496.18M,49
9068,Bank of Dudley,1448 2nd St,Dudley,Georgia,GA,31022,Laurens,http://www.bankofdudley.com,NM,11/01/1905,01/01/1934,496081,$496.08M,85
57686,"American Commerce Bank, National Association",400 Us Highway 27 Byp,Bremen,Georgia,GA,30110,Haralson,www.americancommercebank.com,N,10/04/2004,10/04/2004,495506,$495.51M,49
33506,First National Bank of Coffee County,420 Madison Ave S,Douglas,Georgia,GA,31533,Coffee,www.fnbcc.com,N,09/23/1991,09/23/1991,495287,$495.29M,63
19163,First State Bank,300 E Broad St,Wrens,Georgia,GA,30833,Jefferson,www.firstate.net,NM,07/06/1964,07/06/1964,495188,$495.19M,44
14692,Peoples Bank,12701 University Ave,Clive,Iowa,IA,50325,Polk,www.mypeoples.bank,SM,03/17/1917,08/22/1934,495077,$495.08M,72
12331,State Bank of Chilton,26 E Main St,Chilton,Wisconsin,WI,53014,Calumet,www.statebankofchilton.com,NM,04/19/1891,01/01/1934,493534,$493.53M,51
4791,Bank of the Flint Hills,806 5th St,Wamego,Kansas,KS,66547,Pottawatomie,http://www.bankflinthills.com,SM,01/01/1875,01/01/1934,492941,$492.94M,77
5018,Citizens National Bank of Cheboygan,303 N Main St,Cheboygan,Michigan,MI,49721,Cheboygan,www.cnbismybank.com,N,01/24/1931,01/01/1934,492930,$492.93M,86
5015,Century Bank and Trust,100 W Chicago St,Coldwater,Michigan,MI,49036,Branch,www.centurybankandtrust.com,NM,01/01/1909,01/01/1934,492432,$492.43M,94
58723,"Black Hills Community Bank, N.A.",840 Mount Rushmore Rd,Rapid City,South Dakota,SD,57701,Pennington,http://www.BHCBANK.COM,N,11/27/2007,11/27/2007,492176,$492.18M,50
4236,"Shamrock Bank, N.A.",101 N Main St,Coalgate,Oklahoma,OK,74538,Coal,www.shamrockbank.com,N,01/01/1924,01/01/1934,491517,$491.52M,87
90268,Seamen's Bank,221 Commercial St,Provincetown,Massachusetts,MA,02657,Barnstable,seamensbank.com,SI,04/14/1851,07/01/1985,491399,$491.40M,75
11228,First Citizens State Bank,207 W Main St,Whitewater,Wisconsin,WI,53190,Walworth,www.firstcitizensww.com,NM,10/25/1863,01/01/1934,491360,$491.36M,74
12266,Mechanics & Farmers Bank,116 W Parrish St,Durham,North Carolina,NC,27701,Durham,www.mfbonline.com,NM,03/01/1908,01/01/1934,490954,$490.95M,81
10011,Woodford State Bank,403 W 8th St,Monroe,Wisconsin,WI,53566,Green,www.woodfordstatebank.com,NM,01/01/1915,01/01/1934,490950,$490.95M,74
58300,Table Rock Community Bank,1 Wildwood Lane,Kimberling City,Missouri,MO,65686,Stone,www.trcbank.com,NM,08/28/2006,08/28/2006,490452,$490.45M,67
10101,The Napoleon State Bank,8912 N Us Highway 421,Napoleon,Indiana,IN,47034,Ripley,www.napoleonstatebank.com,NM,12/09/1903,01/01/1934,490327,$490.33M,81
14735,"First Community Bank of the Heartland, Inc.",114 E Jackson St,Clinton,Kentucky,KY,42031,Hickman,www.fcbheartland.com,NM,01/01/1934,09/10/1934,490090,$490.09M,104
5432,First Northeast Bank of Nebraska,440 Main St,Lyons,Nebraska,NE,68038,Burt,http://www.fnb-ne.com,SM,04/01/1902,01/01/1934,489516,$489.52M,46
12258,Southwest Capital Bank,1410 Central Ave Sw,Albuquerque,New Mexico,NM,87104,Bernalillo,www.southwestcapital.com,NM,12/01/1890,01/01/1934,489512,$489.51M,80
11539,Enterprise Bank of South Carolina,13497 Broxton Bridge Rd,Ehrhardt,South Carolina,SC,29081,Bamberg,https://ebsc.bank,NM,01/01/1920,01/01/1934,489476,$489.48M,93
15477,Citizens Bank of Americus,119 N Lee St,Americus,Georgia,GA,31709,Sumter,www.cbkamericus.com,NM,03/01/1937,03/19/1937,489191,$489.19M,47
3113,The Brenham National Bank,2211 S Day St,Brenham,Texas,TX,77833,Washington,www.bnbank.bank,N,04/22/1933,01/01/1934,489166,$489.17M,61
3400,"Texas Republic Bank, National Association",2595 Preston Rd,Frisco,Texas,TX,75034,Collin,www.texasrepublicbank.com,N,05/21/1891,01/01/1934,488663,$488.66M,72
58615,The Victory Bank,548 N Lewis Rd,Limerick,Pennsylvania,PA,19468,Montgomery,www.victorybank.com,SM,01/16/2008,01/16/2008,488331,$488.33M,52
57359,American Eagle Bank,556 Randall Rd,South Elgin,Illinois,IL,60177,Kane,www.americaneaglebank.com,NM,10/17/2002,10/17/2002,487853,$487.85M,27
35366,"Chino Commercial Bank, N.A.",14245 Pipeline Ave,Chino,California,CA,91710,San Bernardino,www.chinocommercialbank.com,N,09/01/2000,09/01/2000,487493,$487.49M,70
58049,"Eclipse Bank, Inc.",13903 Promenade Green Way,Louisville,Kentucky,KY,40245,Jefferson,www.eclipsebank.com,NM,10/14/2005,10/14/2005,487114,$487.11M,44
28812,Armor Bank,715 N Washington St,Forrest City,Arkansas,AR,72335,St. Francis,www.armor.bank,SM,01/01/1919,08/09/1989,487110,$487.11M,75
31217,LifeStore Bank,205 S Jefferson Ave,West Jefferson,North Carolina,NC,28694,Ashe,www.golifestore.com,SM,01/01/1939,08/09/1989,486654,$486.65M,70
21805,First State Bank of DeQueen,402 W Collin Raye Dr,De Queen,Arkansas,AR,71832,Sevier,www.fsbdequeen.com,SM,11/01/1974,11/01/1974,486567,$486.57M,64
57250,Cornerstone Bank,9120 W 135th St,Overland Park,Kansas,KS,66221,Johnson,WWW.CORNERSTONEBK.COM,NM,10/26/2001,10/26/2001,486125,$486.13M,31
1095,Central Savings Bank,511 Bingham Ave,Sault Sainte Marie,Michigan,MI,49783,Chippewa,www.centralsavingsbank.com,SM,12/02/1902,01/01/1934,486115,$486.12M,69
31936,"Fayette Savings Bank, SSB",111 E Travis St,La Grange,Texas,TX,78945,Fayette,www.fayettesavings.com,SI,01/01/1976,08/09/1989,485848,$485.85M,40
58218,First Pacific Bank,16011 Whittier Blvd,Whittier,California,CA,90603,Los Angeles,www.firstpacbank.com,SM,09/18/2006,09/18/2006,485808,$485.81M,46
3614,Casey State Bank,305 N Central Ave,Casey,Illinois,IL,62420,Clark,WWW.CASEYSTATEBANK.COM,NM,01/01/1880,01/01/1934,485720,$485.72M,73
58082,Austin Capital Bank SSB,3305 Steck Ave Ste 275,Austin,Texas,TX,78757,Travis,www.austincapitalbank.com,SI,01/09/2006,01/09/2006,485390,$485.39M,80
15463,State Bank of De Kalb,102 S Runnels St,De Kalb,Texas,TX,75559,Bowie,www.statebankofdekalb.com,NM,02/19/1937,02/20/1937,485362,$485.36M,90
6863,Powell Valley National Bank,33785 Main Street,Jonesville,Virginia,VA,24263,Lee,www.powellvalleybank.com,N,01/01/1888,01/01/1934,484309,$484.31M,98
3840,The FNB Community Bank,432 W Gallatin St,Vandalia,Illinois,IL,62471,Fayette,www.thefnb.com,SM,01/01/1865,01/01/1934,483608,$483.61M,86
15205,Bank3,5210 Poplar Ave,Memphis,Tennessee,TN,38119,Shelby,www.bank3.com,NM,07/01/1910,06/28/1935,483290,$483.29M,66
11347,Grinnell State Bank,814 4th Ave,Grinnell,Iowa,IA,50112,Poweshiek,www.grinnell.bank,NM,10/25/1925,01/01/1934,483009,$483.01M,50
1484,Bank of Frankewing,2324 Highway 64,Frankewing,Tennessee,TN,38459,Giles,www.bankoffrankewing.com,NM,12/13/1920,01/01/1934,482584,$482.58M,73
35333,Oak Bank,5951 Mckee Rd,Fitchburg,Wisconsin,WI,53719,Dane,HTTP://WWW.OAK.BANK,NM,08/14/2000,08/14/2000,482049,$482.05M,41
29035,"Hancock County Savings Bank, F.S.B.",351 Carolina Ave,Chester,West Virginia,WV,26034,Hancock,www.hcsbank.com,SB,01/01/1899,08/09/1989,481808,$481.81M,78
324,Citizens Bank,814 Main St,Columbia,Mississippi,MS,39429,Marion,www.citizensbk.com,NM,07/15/1914,01/01/1934,480864,$480.86M,113
26499,American National Bank of Minnesota,7638 Woida Rd,Baxter,Minnesota,MN,56425,Crow Wing,www.anbmn.com,N,05/01/1983,01/02/1986,480844,$480.84M,73
3873,Eagle Bank and Trust Company,650 S Shackleford Rd,Little Rock,Arkansas,AR,72211,Pulaski,www.eaglebank.com,SM,01/01/1919,01/01/1934,479489,$479.49M,160
11741,Solutions Bank,200 E Main St,Forreston,Illinois,IL,61030,Ogle,www.solutions.bank,NM,01/01/1887,01/01/1934,479480,$479.48M,66
27269,Dean Co-operative Bank,21 Main St,Franklin,Massachusetts,MA,02038,Norfolk,www.deanbank.com,SI,01/01/1889,05/11/1988,479371,$479.37M,70
15270,Merit Bank,3810 Governors Drive Nw,Huntsville,Alabama,AL,35805,Madison,https://www.meritbank.com,NM,08/12/1935,08/21/1935,479004,$479.00M,46
17388,M C Bank & Trust Company,1204 Greenwood St,Morgan City,Louisiana,LA,70380,St. Mary,www.mcbt.com,NM,01/20/1955,01/20/1955,478794,$478.79M,94
4432,"Midwest Heritage Bank, FSB",3580 Ep True Pkwy,West Des Moines,Iowa,IA,50265,Polk,www.midwestheritage.com,SB,04/01/1930,02/09/1995,478454,$478.45M,142
17863,Sterling State Bank,1419 1st Ave Sw,Austin,Minnesota,MN,55912,Mower,www.sterlingstatebank.com,NM,05/01/1958,05/01/1958,478159,$478.16M,57
15966,Fulton Savings Bank,75 S 1st St,Fulton,New York,NY,13069,Oswego,www.fultonsavings.com,SI,01/01/1871,07/01/1943,477604,$477.60M,63
34847,Southern Bank of Tennessee,675 N Mount Juliet Rd,Mount Juliet,Tennessee,TN,37122,Wilson,www.southernbankoftn.com,SM,03/22/1999,03/22/1999,477451,$477.45M,70
10111,Ohnward Bank & Trust,332 1st Ave W,Cascade,Iowa,IA,52033,Dubuque,www.ohnwardbank.bank,NM,02/28/1903,01/01/1934,477113,$477.11M,57
18237,Jewett City Savings Bank,111 Main St,Jewett City,Connecticut,CT,06351,Southeastern Connecticut,www.jcsbank.com,SI,06/23/1873,07/01/1960,476532,$476.53M,88
14974,First State Bank and Trust,400 S Bury St,Tonganoxie,Kansas,KS,66086,Leavenworth,www.firststateks.com,NM,12/22/1934,01/08/1935,476357,$476.36M,101
27233,Peoples Independent Bank,121 Billy B. Dyar Boulevard,Boaz,Alabama,AL,35957,Marshall,http://www.pibonline.com,NM,05/02/1988,05/02/1988,476002,$476.00M,84
245,Raccoon Valley Bank,1202 2nd St,Perry,Iowa,IA,50220,Dallas,WWW.RACCOONVALLEYBANK.COM,NM,01/01/1927,01/01/1934,475640,$475.64M,51
39,Robertson Banking Company,216 N Walnut Ave,Demopolis,Alabama,AL,36732,Marengo,www.robertsonbanking.com,NM,01/01/1870,01/01/1934,475520,$475.52M,73
58405,"Goldwater Bank, N.A.",2525 E Camelback Rd,Phoenix,Arizona,AZ,85016,Maricopa,goldwaterbank.com,N,04/02/2007,04/02/2007,474321,$474.32M,56
16416,"FSNB, National Association",1420 Sw Lee Blvd,Lawton,Oklahoma,OK,73501,Comanche,www.fsnb.com,N,07/01/1946,07/01/1946,473577,$473.58M,576
5486,FirstBank of Nebraska,201 E 5th St,Wahoo,Nebraska,NE,68066,Saunders,www.firstbankne.com,SM,07/15/1882,01/01/1934,473544,$473.54M,42
26799,EvaBank,4113 Eva Rd,Eva,Alabama,AL,35621,Morgan,www.evabank.com,NM,10/13/1986,10/13/1986,473387,$473.39M,71
59144,Ohio State Bank,2106 E Main St,Bexley,Ohio,OH,43209,Franklin,www.bankatosb.com,NM,04/22/2019,04/22/2019,473070,$473.07M,22
30315,First Federal Savings Bank of Lincolnton,320 E Main St,Lincolnton,North Carolina,NC,28092,Lincoln,www.ffsb-nc.com,SB,01/01/1940,08/09/1989,472367,$472.37M,46
10168,First Farmers & Merchants Bank,920 4th St S,Cannon Falls,Minnesota,MN,55009,Goodhue,www.ffmbank.com,NM,06/21/1915,01/01/1934,472137,$472.14M,52
950,Iowa State Bank,5 E Call St,Algona,Iowa,IA,50511,Kossuth,www.bankisb.com,NM,01/01/1928,01/01/1934,472021,$472.02M,51
15323,Silver Lake Bank,201 Nw Us Highway 24,Topeka,Kansas,KS,66608,Shawnee,www.silverlakebank.com,NM,01/01/1909,12/16/1935,471748,$471.75M,61
16116,Nebraska Bank,355 2nd St,Dodge,Nebraska,NE,68633,Dodge,www.ne.bank,NM,01/01/1889,01/07/1944,471453,$471.45M,60
16127,FNB Community Bank,2911 S Air Depot Blvd,Midwest City,Oklahoma,OK,73110,Oklahoma,www.fnbmwc.com,SM,06/01/1943,03/04/1944,471439,$471.44M,97
6194,Citizens State Bank,375 Stageline Rd,Hudson,Wisconsin,WI,54016,St. Croix,www.csbnet.net,NM,07/15/1904,01/01/1934,470439,$470.44M,64
10956,Northview Bank,510 Main St,Sandstone,Minnesota,MN,55072,Pine,http://www.northviewbank.com,NM,01/01/1908,01/01/1934,470436,$470.44M,111
16249,Devon Bank,6445 N Western Ave,Chicago,Illinois,IL,60645,Cook,www.DevonBank.com,NM,09/15/1945,09/15/1945,469655,$469.65M,103
21883,TruPoint Bank,20089 Riverside Dr,Grundy,Virginia,VA,24614,Buchanan,www.trupointbank.com,SM,01/02/1975,01/02/1975,469444,$469.44M,116
9366,Peoples Bank,160 E Maud Ave,Mendenhall,Mississippi,MS,39114,Simpson,www.peoplesbank-ms.com,NM,11/05/1908,01/01/1934,469439,$469.44M,145
8094,NSB Bank,2650 4th St Sw,Mason City,Iowa,IA,50401,Cerro Gordo,www.nsbbank.com,NM,01/01/1933,01/01/1934,469430,$469.43M,49
14036,The Missouri Bank,104 North Highway 47,Warrenton,Missouri,MO,63383,Warren,http://www.themissouribank.com,SM,01/01/1934,03/10/1934,469030,$469.03M,69
8183,Citizens State Bank,32500 Woodward Ave,Royal Oak,Michigan,MI,48073,Oakland,www.micsb.com,SM,12/06/1910,01/01/1934,468821,$468.82M,55
14113,The Peoples State Bank,601 E Temperance St,Ellettsville,Indiana,IN,47429,Monroe,www.psbanywhere.com,NM,01/01/1904,03/26/1934,468575,$468.57M,94
7646,The Neffs National Bank,5629 Route 873,Neffs,Pennsylvania,PA,18065,Lehigh,http://www.neffsnatl.com,N,04/03/1923,01/01/1934,468521,$468.52M,54
16971,SOLUTIONS NORTH BANK,123 N Cedar St,Stockton,Kansas,KS,67669,Rooks,www.snbks.com,NM,01/02/1951,01/02/1951,467990,$467.99M,63
1376,Citizens Bank & Trust Company,57910 Main St,Plaquemine,Louisiana,LA,70764,Iberville,www.citizensbankandtrust.com,NM,07/05/1916,01/01/1934,465657,$465.66M,81
28870,Wallkill Valley Federal Savings and Loan Association,23 Wallkill Ave,Wallkill,New York,NY,12589,Ulster,www.wallkill.com,SB,01/01/1913,08/09/1989,464682,$464.68M,70
11608,BLC Community Bank,206 E Main St,Little Chute,Wisconsin,WI,54140,Outagamie,www.blccb.com,NM,12/06/1906,01/01/1934,464589,$464.59M,34
26217,Bank of Commerce,101 W Main St,Chanute,Kansas,KS,66720,Neosho,www.boc-ks.com,SM,05/02/1985,05/02/1985,464575,$464.57M,95
197,Alliance Bank,101 W Montgomery St.,Francesville,Indiana,IN,47946,Pulaski,www.myalliancebank.com,NM,07/03/1930,01/01/1934,464099,$464.10M,67
10829,"Petefish, Skiles & Co.",102 W Beardstown St,Virginia,Illinois,IL,62691,Cass,https://www.petefishskiles.com,NM,01/01/1870,01/01/1934,463899,$463.90M,86
14867,Home State Bank,115 W State St,Jefferson,Iowa,IA,50129,Greene,www.hsbankiowa.com,NM,01/01/1934,11/10/1934,462539,$462.54M,55
1409,Kensington Bank,11 Central Ave N,Kensington,Minnesota,MN,56343,Douglas,www.kensington.bank,NM,01/01/1898,01/01/1934,462270,$462.27M,60
57626,1st State Bank,4800 Fashion Square Blvd,Saginaw,Michigan,MI,48604,Saginaw,www.1ststate.bank,NM,04/12/2004,04/12/2004,461819,$461.82M,70
769,The Farmers Bank and Savings Company,640 E Main St,Pomeroy,Ohio,OH,45769,Meigs,www.fbsc.com,NM,12/04/1904,01/01/1934,461264,$461.26M,97
18227,Stafford Savings Bank,2 Furnace Ave,Stafford Springs,Connecticut,CT,06076,Capitol,www.staffordsavingsbank.com,SI,07/16/1872,07/01/1960,459238,$459.24M,30
8772,Springfield State Bank,125 E Main St,Springfield,Kentucky,KY,40069,Washington,www.springfieldstate.bank,SM,01/01/1911,01/01/1934,459123,$459.12M,39
57033,Willamette Valley Bank,101 High St Ne,Salem,Oregon,OR,97301,Marion,HTTPS://WWW.WVBK.COM,NM,10/31/2000,10/31/2000,458831,$458.83M,124
34146,People's Bank of Seneca,1615 Cherokee Ave,Seneca,Missouri,MO,64865,Newton,www.peoplesbankofseneca.com,NM,03/15/1996,03/15/1996,458797,$458.80M,53
3305,The First National Bank of Livingston,2121 Us Highway 190 W,Livingston,Texas,TX,77351,Polk,www.fnblivingston.com,N,03/17/1902,01/01/1934,458555,$458.56M,100
15510,Ameristate Bank,131 S Pennsylvania Ave,Atoka,Oklahoma,OK,74525,Atoka,www.ameristatebank.com,SM,08/06/1906,07/02/1937,458519,$458.52M,121
11113,Hamlin Bank and Trust Company,333 W Main St,Smethport,Pennsylvania,PA,16749,Mckean,www.hamlinbank.com,NM,12/31/1863,01/01/1934,458427,$458.43M,94
5873,Woodsboro Bank,5 N Main St,Woodsboro,Maryland,MD,21798,Frederick,http://www.woodsborobank.com,NM,05/01/1899,01/01/1934,458379,$458.38M,66
17643,First National Bank,414 10th St,Alamogordo,New Mexico,NM,88310,Otero,www.fnb4u.com,N,08/23/1956,08/23/1956,458373,$458.37M,93
17736,The Hometown Savings Bank,533 Ohio St,Terre Haute,Indiana,IN,47807,Vigo,http://www.thsb.com,SI,12/01/1869,03/28/1957,458251,$458.25M,102
235,Security State Bank,109 W 2nd St,Sutherland,Iowa,IA,51058,O'Brien,mysecuritystate.com,NM,01/01/1931,01/01/1934,457748,$457.75M,33
3674,Grand Ridge National Bank,500 S County Farm Rd,Wheaton,Illinois,IL,60187,Dupage,www.GRNbank.com,N,04/06/1903,01/01/1934,457295,$457.30M,38
25267,TruBank,1401 N Jefferson Way,Indianola,Iowa,IA,50125,Warren,WWW.TRUBANK.BANK,NM,01/01/1883,07/11/1984,456759,$456.76M,52
16635,Luminate Bank,2523 South Wayzata Boulevard,Minneapolis,Minnesota,MN,55405,Hennepin,luminate.bank,NM,03/01/1937,10/20/1947,455720,$455.72M,685
5095,Star Bank,100 Highway 55 E,Maple Lake,Minnesota,MN,55358,Wright,www.star.bank,NM,08/15/1904,01/01/1934,455605,$455.61M,79
15334,Rolling Hills Bank & Trust,1307 E 7th St,Atlantic,Iowa,IA,50022,Cass,http://www.rollinghillsbank.com,SM,07/01/1876,01/13/1936,454749,$454.75M,67
28747,Hoyne Savings Bank,4786 N Milwaukee Ave,Chicago,Illinois,IL,60630,Cook,www.hoyne.bank,SI,01/01/1887,08/09/1989,454715,$454.71M,55
15669,MCBank,1017 Parker St,Goldthwaite,Texas,TX,76844,Mills,www.mc.bank,NM,11/24/1908,06/20/1939,454264,$454.26M,82
15808,Iowa State Bank,627 E Locust St,Des Moines,Iowa,IA,50309,Polk,http://www.iowastatebanks.com,NM,04/14/1941,04/14/1941,454222,$454.22M,86
15305,The Denison State Bank,421 New York Ave,Holton,Kansas,KS,66436,Jackson,http://www.dsbks.com,NM,01/01/1901,11/19/1935,454147,$454.15M,70
8172,Lake-Osceola State Bank,790 Michigan Ave,Baldwin,Michigan,MI,49304,Lake,www.losb.com,NM,01/01/1908,01/01/1934,453341,$453.34M,80
15059,Louisiana National Bank,2001 N Trenton St,Ruston,Louisiana,LA,71270,Lincoln,www.ln.bank,N,03/20/1935,03/20/1935,453156,$453.16M,77
25894,First National Bank,141 E Main St,Oldham,South Dakota,SD,57051,Kingsbury,www.firstnationalbanks.com,N,02/15/1985,02/15/1985,452071,$452.07M,77
4146,"The Bank, National Association",201 E Carl Albert Pkwy,Mcalester,Oklahoma,OK,74501,Pittsburg,www.thebankna.com,N,05/17/1927,01/01/1934,451962,$451.96M,82
58556,Gold Coast Bank,1165 N Clark St,Chicago,Illinois,IL,60610,Cook,www.goldcoastbank.net,NM,06/04/2007,06/04/2007,451797,$451.80M,31
1550,Central State Bank,805 22nd Ave,Coralville,Iowa,IA,52241,Johnson,www.centralstate.bank,SM,11/12/1931,01/01/1934,451310,$451.31M,44
28836,United Savings Bank,1510 Packer Ave,Philadelphia,Pennsylvania,PA,19145,Philadelphia,HTTPS://WWW.UNITEDSAVINGSBANK.COM,SI,01/01/1923,08/09/1989,451163,$451.16M,41
17214,Citizens State Bank,222 Main St,Sealy,Texas,TX,77474,Austin,www.csbsealy.com,NM,08/12/1907,04/24/1953,450177,$450.18M,36
14567,First National Bank in Olney,101 E Main St,Olney,Illinois,IL,62450,Richland,http://www.fnbolney.com,N,07/09/1934,07/09/1934,450119,$450.12M,68
9327,Farmers-Merchants Bank & Trust Company,100 S Main St,Breaux Bridge,Louisiana,LA,70517,St. Martin,http://www.fmbanking.com,NM,01/01/1932,01/01/1934,449538,$449.54M,80
32135,"Shelby Savings Bank, SSB",111 Selma St,Center,Texas,TX,75935,Shelby,www.shelbysavingsbank.com,SI,01/01/1979,08/09/1989,449009,$449.01M,105
19638,"Guaranty Bank & Trust Company of Delhi, Louisiana",120 Oak St,Delhi,Louisiana,LA,71232,Richland,www.gbankla.com,NM,10/15/1966,10/15/1966,448464,$448.46M,68
303,United Cumberland Bank,47 S Main St,Whitley City,Kentucky,KY,42653,Mccreary,www.unitedcumberland.com,NM,01/01/1906,01/01/1934,448227,$448.23M,89
57587,Integrity Bank & Trust,1275 Village Ridge Pt,Monument,Colorado,CO,80132,El Paso,www.integritybankandtrust.com,NM,08/11/2003,08/11/2003,448111,$448.11M,65
57373,Oregon Coast Bank,909 Se Bay Blvd,Newport,Oregon,OR,97365,Lincoln,www.oregoncoastbank.com,NM,07/08/2002,07/08/2002,447983,$447.98M,68
12303,Citizens State Bank,102 W Bluff St,Woodville,Texas,TX,75979,Tyler,www.citizensbank.net,SM,05/08/1920,01/01/1934,447976,$447.98M,58
11521,Chickasaw Community Bank,7500 W Memorial Road,Oklahoma City,Oklahoma,OK,73142,Oklahoma,www.ccb.bank,SM,01/01/1903,01/01/1934,447749,$447.75M,61
10474,Citizens State Bank,102 W Main St,Lena,Illinois,IL,61048,Stephenson,http://www.csbnow.com,NM,01/01/1880,01/01/1934,447664,$447.66M,51
16976,Community State Bank of Orbisonia,478 Ridgley St,Orbisonia,Pennsylvania,PA,17243,Huntingdon,communitystate.bank,NM,01/11/1951,01/11/1951,447551,$447.55M,109
9831,Alden State Bank,13216 Broadway St,Alden,New York,NY,14004,Erie,www.aldenstate.com,SM,10/05/1916,01/01/1934,446651,$446.65M,68
12592,Security State Bank,201 S 4th St,Basin,Wyoming,WY,82410,Big Horn,https://www.ssbwyo.bank,SM,06/01/1929,01/01/1934,446534,$446.53M,63
15286,Northern State Bank of Thief River Falls,201 3rd St E,Thief River Falls,Minnesota,MN,56701,Pennington,www.nsbtrf.com,NM,08/24/1935,10/02/1935,446521,$446.52M,51
3814,The City National Bank of Metropolis,423 Ferry St,Metropolis,Illinois,IL,62960,Massac,https://www.cnb-metropolis.com,N,07/01/1908,01/01/1934,446003,$446.00M,50
3017,High Plains Bank,329 Main Ave,Flagler,Colorado,CO,80815,Kit Carson,www.highplainsbank.com,SM,01/01/1908,01/01/1934,445815,$445.81M,88
2750,The Lincoln National Bank of Hodgenville,41 Lincoln Sq,Hodgenville,Kentucky,KY,42748,Larue,http://www.mylnb.com,N,07/20/1930,01/01/1934,445703,$445.70M,114
58111,NobleBank & Trust,1509 Quintard Ave,Anniston,Alabama,AL,36201,Calhoun,www.noblebank.com,SM,10/11/2005,10/11/2005,444912,$444.91M,66
2608,The National Grand Bank of Marblehead,91 Pleasant St,Marblehead,Massachusetts,MA,01945,Essex,ngbank.com,N,01/01/1831,01/01/1934,444636,$444.64M,41
28894,Security Federal Savings Bank,314 4th St,Logansport,Indiana,IN,46947,Cass,www.secfedbank.com,SB,04/01/1934,08/09/1989,444540,$444.54M,81
17959,The Dolores State Bank,101 S 6th St,Dolores,Colorado,CO,81323,Montezuma,mydsb.com,NM,01/05/1959,01/05/1959,444278,$444.28M,49
35480,Crown Bank,6600 France Ave S,Edina,Minnesota,MN,55435,Hennepin,www.crown-bank.com,NM,05/22/2000,05/22/2000,443774,$443.77M,30
8162,State Savings Bank,703 Main St,Frankfort,Michigan,MI,49635,Benzie,www.ssbankmi.com,NM,01/01/1901,01/01/1934,443657,$443.66M,129
3384,The Liberty National Bank in Paris,305 Lamar Ave,Paris,Texas,TX,75460,Lamar,www.lnbparis.com,N,04/17/1931,01/01/1934,443567,$443.57M,50
14836,First National Bank in New Bremen,435 S Washington St,New Bremen,Ohio,OH,45869,Auglaize,www.firstnbank.bank,N,01/01/1934,10/26/1934,443509,$443.51M,35
30167,Cullman Savings Bank,316 2nd Ave Sw,Cullman,Alabama,AL,35055,Cullman,www.cullmansavingsbank.com,SB,01/01/1937,08/09/1989,443207,$443.21M,52
58484,Austin County State Bank,436 S Front St,Bellville,Texas,TX,77418,Austin,www.acsbank.com,NM,06/26/2007,06/26/2007,443101,$443.10M,57
4132,"The City National Bank and Trust Company of Lawton, Oklahoma",500 Montgomery Sq,Lawton,Oklahoma,OK,73501,Comanche,www.cnb1901.com,N,03/23/1901,01/01/1934,442932,$442.93M,360
28780,Arundel Federal Savings Bank,655 Crain Hwy S,Glen Burnie,Maryland,MD,21061,Anne Arundel,www.arundelfederal.com,SB,01/01/1906,08/09/1989,442727,$442.73M,66
9064,Planters First Bank,1620 E 16th Ave,Cordele,Georgia,GA,31015,Crisp,www.plantersfirst.bank,NM,01/01/1896,01/01/1934,442722,$442.72M,80
4087,Bank of Western Oklahoma,201 E Broadway Ave,Elk City,Oklahoma,OK,73644,Beckham,www.bankofwesternoklahoma.com,SM,04/01/1908,01/01/1934,442718,$442.72M,73
58234,Pacific Alliance Bank,641 W Las Tunas Dr,San Gabriel,California,CA,91776,Los Angeles,www.pacificalliancebank.com,NM,12/27/2006,12/27/2006,442363,$442.36M,33
11159,Texas Champion Bank,6124 S Staples St,Corpus Christi,Texas,TX,78413,Nueces,http://www.texaschampionbank.com,NM,08/12/1912,01/01/1934,441926,$441.93M,89
15729,Partners Bank,302 Cherry St,Helena,Arkansas,AR,72342,Phillips,www.mypartners.bank,NM,04/01/1940,04/01/1940,441709,$441.71M,70
25173,Meade County Bank,2175 Bypass Rd,Brandenburg,Kentucky,KY,40108,Meade,www.meadecountybank.com,NM,06/07/1984,06/07/1984,441227,$441.23M,48
17672,The Citizens State Bank,201 S Christian Ave,Moundridge,Kansas,KS,67107,Mcpherson,www.thecsb.com,NM,08/01/1904,09/27/1956,441090,$441.09M,94
59117,Lexicon Bank,330 S Rampart Blvd,Las Vegas,Nevada,NV,89145,Clark,www.lexiconbank.com,NM,08/12/2019,08/12/2019,440674,$440.67M,45
18384,Northeast Security Bank,1150 W 1st St,Sumner,Iowa,IA,50674,Bremer,www.bankNSB.com,NM,01/01/1888,05/11/1961,440135,$440.13M,45
14546,New Era Bank,101 S Mine La Motte St,Fredericktown,Missouri,MO,63645,Madison,www.newerabank.com,NM,01/01/1934,07/03/1934,439787,$439.79M,67
58030,Paradise Bank,3800 N Federal Hwy,Boca Raton,Florida,FL,33431,Palm Beach,www.Paradise.Bank,SM,07/25/2005,07/25/2005,439369,$439.37M,53
18118,Bank of the Plains,411 Grand Ave,Plains,Kansas,KS,67869,Meade,www.bankoftheplains.com,NM,01/01/1906,11/25/1959,438935,$438.94M,76
1808,Better Banks,10225 N Knoxville Ave,Peoria,Illinois,IL,61615,Peoria,http://www.betterbanks.com,NM,01/01/1898,01/01/1934,438485,$438.49M,78
2767,The First National Bank of Russell Springs,36 W Steve Wariner Dr,Russell Springs,Kentucky,KY,42642,Russell,www.fnbrs.com,N,01/01/1906,01/01/1934,438411,$438.41M,36
9378,F & C Bank,1006 Eagle Crest Dr,Holden,Missouri,MO,64040,Johnson,https://www.fandcbank.com,NM,03/24/1881,01/01/1934,438302,$438.30M,61
28868,Broadstreet Bank S S B,215 W Broad St,Mineola,Texas,TX,75773,Wood,www.broadstreet.bank,SI,04/01/1934,08/09/1989,438276,$438.28M,63
90258,North Brookfield Savings Bank,9 Gilbert St,North Brookfield,Massachusetts,MA,01535,Worcester,www.northbrookfieldsavingsbank.com,SM,08/03/1854,11/08/1985,438146,$438.15M,53
23376,"First Jackson Bank, Inc.",43243 Us Highway 72,Stevenson,Alabama,AL,35772,Jackson,www.firstjacksonbank.com,NM,04/10/1981,04/10/1981,438118,$438.12M,45
17903,Maquoketa State Bank,203 N Main St,Maquoketa,Iowa,IA,52060,Jackson,www.maquoketasb.bank,SM,09/02/1958,09/02/1958,437679,$437.68M,53
13068,Community Bank and Trust,100 S Wood St,Neosho,Missouri,MO,64850,Newton,www.cbthomebank.com,SM,01/01/1884,01/01/1934,437520,$437.52M,119
16968,The Peoples Bank,801 E Front St,Iva,South Carolina,SC,29655,Anderson,www.peoplesbanksc.com,NM,01/02/1951,01/02/1951,437091,$437.09M,82
5247,First National Bank Minnesota,226 Nassau St,Saint Peter,Minnesota,MN,56082,Nicollet,www.fnbmn.bank,N,01/01/1857,01/01/1934,436727,$436.73M,65
11767,FreedomBank,210 S Main St,Elkader,Iowa,IA,52043,Clayton,www.freedombnk.com,NM,01/01/1903,01/01/1934,435942,$435.94M,56
175,The Commercial Bank,102 N. Church Street,Crawford,Georgia,GA,30630,Oglethorpe,http://thecommercialbank.net,NM,09/05/1924,01/01/1934,435010,$435.01M,54
34409,The Bank,1304 N Cutting Ave,Jennings,Louisiana,LA,70546,Jefferson Davis,www.thebank.bank,NM,02/26/1997,02/26/1997,434891,$434.89M,83
18610,The Union State Bank of Everest,545 Main St,Everest,Kansas,KS,66424,Brown,www.mybankusb.com,SM,08/05/1901,11/19/1954,434560,$434.56M,86
14812,TS Bank,15 E Main St,Treynor,Iowa,IA,51575,Pottawattamie,www.tsbank.com,NM,06/01/1923,10/16/1934,433748,$433.75M,92
34517,Peoples Bank of East Tennessee,4511 Highway 411,Madisonville,Tennessee,TN,37354,Monroe,www.PBET.bank,NM,09/22/1997,09/22/1997,433515,$433.51M,105
148,Bank of Madison,133 N Main St,Madison,Georgia,GA,30650,Morgan,www.bankofmadisonga.com,NM,01/01/1890,01/01/1934,433126,$433.13M,65
59287,EntreBank,1550 American Blvd E,Bloomington,Minnesota,MN,55425,Hennepin,www.entrebank.com,NM,03/21/2022,03/21/2022,432502,$432.50M,27
9472,"Welch State Bank of Welch, Okla.",396 S Commercial St,Welch,Oklahoma,OK,74369,Craig,https://www.welchstatebank.com,NM,10/01/1923,01/01/1934,432232,$432.23M,106
8165,Honor  Bank,2254 Henry St,Honor,Michigan,MI,49640,Benzie,www.myhonorbank.com,NM,06/15/1917,01/01/1934,431998,$432.00M,78
15708,"The Casey County Bank, Inc.",176 N Wallace Wilkinson Blvd,Liberty,Kentucky,KY,42539,Casey,www.caseybank.com,SM,12/20/1939,12/20/1939,430926,$430.93M,57
58164,"Bank of Lexington, Inc.",761 Corporate Dr,Lexington,Kentucky,KY,40503,Fayette,www.bankoflexington.net,NM,02/06/2006,02/06/2006,430861,$430.86M,46
19904,Centinel Bank of Taos,512 Paseo Del Pueblo Sur,Taos,New Mexico,NM,87571,Taos,www.centinelbank.com,NM,03/01/1969,03/01/1969,430208,$430.21M,55
58470,Hometown Bank of Pennsylvania,638 E Pitt St,Bedford,Pennsylvania,PA,15522,Bedford,hometownbankpa.com,NM,04/09/2007,04/09/2007,430050,$430.05M,66
1857,Waukon State Bank,22 W Main St,Waukon,Iowa,IA,52172,Allamakee,www.waukonstatebank.bank,SM,01/01/1871,01/01/1934,429976,$429.98M,51
5229,Foresight Bank,138 W Broadway,Plainview,Minnesota,MN,55964,Wabasha,www.foresight.bank,NM,06/07/1902,01/01/1934,429020,$429.02M,48
13000,Trinity Capital Bank of Texas,815 W Ennis Ave,Ennis,Texas,TX,75119,Ellis,www.tcbtexas.com,NM,01/01/1933,01/01/1934,428714,$428.71M,66
58780,Spring Bank,16620 W Bluemound Rd Ste 100a,Brookfield,Wisconsin,WI,53005,Waukesha,www.springbankwi.bank,NM,08/28/2008,08/28/2008,428556,$428.56M,36
58311,Community Bank Delaware,16982 Kings Hwy,Lewes,Delaware,DE,19958,Sussex,www.communitybankdelaware.com,NM,05/30/2006,05/30/2006,428105,$428.11M,46
3292,The Lamesa National Bank,602 S 1st St,Lamesa,Texas,TX,79331,Dawson,www.lamesanb.com,N,07/30/1927,01/01/1934,427784,$427.78M,28
29881,Home Bank SB,59 W Washington St,Martinsville,Indiana,IN,46151,Morgan,www.homebanksb.com,SB,01/01/1890,08/09/1989,427707,$427.71M,77
3144,The City National Bank of Colorado City,228 Elm St,Colorado City,Texas,TX,79512,Mitchell,www.txcnb.bank,N,01/01/1900,01/01/1934,427308,$427.31M,60
16620,"Union Bank, Inc.",103 Dodd St,Middlebourne,West Virginia,WV,26149,Tyler,hometownbanc.com,NM,07/05/1947,07/05/1947,427270,$427.27M,67
17636,Astra Bank,323 4th St,Scandia,Kansas,KS,66966,Republic,astra.bank,NM,10/02/1939,07/27/1956,426851,$426.85M,71
9244,Glennville Bank,102 E Barnard St,Glennville,Georgia,GA,30427,Tattnall,www.glennvillebank.com,NM,01/18/1905,01/01/1934,426687,$426.69M,72
8234,RiverHills Bank,1400 Highway 61 N,Vicksburg,Mississippi,MS,39183,Warren,www.riverhillsbank.com,NM,02/01/1890,01/01/1934,426227,$426.23M,58
12985,Elderton State Bank,143 N Main St,Elderton,Pennsylvania,PA,15736,Armstrong,www.eldertonbank.com,NM,10/01/1919,01/01/1934,426130,$426.13M,55
2284,North Valley Bank,2775 Maysville Pike,Zanesville,Ohio,OH,43701,Muskingum,www.nvboh.bank,SM,11/04/1904,01/01/1934,426012,$426.01M,104
10159,First State Bank and Trust,950 Highway 95 N,Bayport,Minnesota,MN,55003,Washington,https://www.fsbt.com,NM,01/01/1914,01/01/1934,425902,$425.90M,81
18698,Texas State Bank,2201 Sherwood Way,San Angelo,Texas,TX,76901,Tom Green,txbank.com,NM,02/16/1963,02/16/1963,425825,$425.82M,70
57416,Patriot Bank,8376 Us Highway 51 N,Millington,Tennessee,TN,38053,Shelby,www.patriot-bank.com,SM,10/09/2002,10/09/2002,424569,$424.57M,87
15671,The Bank of Clarendon,106 S Brooks St,Manning,South Carolina,SC,29102,Clarendon,www.myboc.bank,NM,07/01/1939,07/01/1939,424537,$424.54M,59
2244,The James Polk Stone Community Bank,109 E 2nd St,Portales,New Mexico,NM,88130,Roosevelt,www.jpstone.com,NM,07/30/1906,01/01/1934,423979,$423.98M,94
26704,Balboa Thrift and Loan Association,865 Amena Ct,Chula Vista,California,CA,91910,San Diego,http://www.balboathrift.com,NM,12/11/1980,07/03/1986,423758,$423.76M,91
5473,JONES BANK,203 S 6th St,Seward,Nebraska,NE,68434,Seward,www.jonesbank.com,SM,10/01/1883,01/01/1934,423185,$423.19M,55
5472,Cattle Bank and Trust,104 S 5th St,Seward,Nebraska,NE,68434,Seward,WWW.CATTLEBANK.COM,NM,06/01/1873,01/01/1934,423082,$423.08M,46
57022,The Bank of Clovis,300 N Main St,Clovis,New Mexico,NM,88101,Curry,www.bankofclovis.Bank,NM,10/16/2000,10/16/2000,422674,$422.67M,54
28401,Eureka Savings Bank,250 Marquette St,La Salle,Illinois,IL,61301,Lasalle,http://www.eurekasavings.com,SI,01/01/1885,08/09/1989,422642,$422.64M,49
5536,The First National Bank of Stanton,119 North St. Peter,Stanton,Texas,TX,79782,Martin,www.fnbstanton.com,N,01/01/1906,01/01/1934,422466,$422.47M,25
17950,First State Bank,200 Brazosport Blvd N,Clute,Texas,TX,77531,Brazoria,www.bankatfsb.com,NM,10/16/1958,01/02/1959,422361,$422.36M,58
13025,Farmers Savings Bank,305 Doty St,Mineral Point,Wisconsin,WI,53565,Iowa,WWW.FARMERSSAVINGS.COM,NM,01/01/1917,01/01/1934,421992,$421.99M,59
33812,American National Bank - Fox Cities,2200 N Richmond St,Appleton,Wisconsin,WI,54911,Outagamie,www.anbfc.bank,N,06/14/1993,06/14/1993,421597,$421.60M,37
7909,Marion Center Bank,1271 Indian Springs Rd,Indiana,Pennsylvania,PA,15701,Indiana,http://www.marioncenterbank.com,NM,07/06/1905,01/01/1934,420891,$420.89M,71
275,"Morgantown Bank & Trust Company, Incorporated",201 N Main St,Morgantown,Kentucky,KY,42261,Butler,https://www.morgantownbank.com,NM,09/01/1880,01/01/1934,420349,$420.35M,70
11358,"Cumberland Security Bank, Inc.",107 S Main St,Somerset,Kentucky,KY,42501,Pulaski,http://www.csbweb.com,NM,08/13/1909,01/01/1934,419485,$419.49M,59
17446,Maverick Bank,100 S State St,Fort Davis,Texas,TX,79734,Jeff Davis,www.maverick.bank,NM,10/16/1911,01/10/1955,418812,$418.81M,66
59245,Genesis Bank,4675 Macarthur Ct,Newport Beach,California,CA,92660,Orange,www.mygenesisbank.com,NM,08/02/2021,08/02/2021,418728,$418.73M,56
28924,First Federal Savings Bank,633 La Salle St,Ottawa,Illinois,IL,61350,Lasalle,ffsbweb.com,SB,01/01/1889,08/09/1989,418613,$418.61M,90
27026,"Native American Bank, National Association",201 N Broadway,Denver,Colorado,CO,80203,Denver,www.nativeamericanbank.com,N,07/27/1987,07/27/1987,418385,$418.38M,50
14730,Frontier Bank,200 S Main St,Lamar,Colorado,CO,81052,Prowers,http://www.frontierbankco.com,NM,08/25/1934,08/25/1934,418356,$418.36M,57
58687,Touchmark National Bank,3651 Old Milton Pkwy,Alpharetta,Georgia,GA,30005,Fulton,www.touchmarknb.com,N,01/28/2008,01/28/2008,417813,$417.81M,22
13179,First Community Bank,200 E Main St,Harbor Springs,Michigan,MI,49740,Emmet,www.firstcb.com,SM,11/01/1905,01/01/1934,417705,$417.70M,72
8536,ProGrowth Bank,703 3rd St,Nicollet,Minnesota,MN,56074,Nicollet,http://www.progrowth.com,NM,01/01/1903,01/01/1934,417322,$417.32M,32
306,Bank of Zachary,4743 Main St,Zachary,Louisiana,LA,70791,East Baton Rouge,www.bankofzachary.com,NM,01/01/1904,01/01/1934,417243,$417.24M,67
5062,First National Bank & Trust Co.,233 S Stephenson Ave,Iron Mountain,Michigan,MI,49801,Dickinson,www.fnbimk.com,N,01/01/1887,01/01/1934,417240,$417.24M,70
35543,Bank of Franklin County,900 E 8th St,Washington,Missouri,MO,63090,Franklin,www.bankoffranklincounty.com,NM,08/28/2000,08/28/2000,417158,$417.16M,75
16231,Dakota Heritage Bank,109 Main St,Hunter,North Dakota,ND,58048,Cass,www.dhb.bank,NM,02/08/1945,02/08/1945,417130,$417.13M,54
14269,The Citizens State Bank,800 Broadway,Marysville,Kansas,KS,66508,Marshall,www.csbmarysville.com,NM,01/10/1907,04/19/1934,416808,$416.81M,38
4439,The Clinton National Bank,235 6th Ave S,Clinton,Iowa,IA,52732,Clinton,www.clintonnational.com,N,05/01/1865,01/01/1934,416741,$416.74M,86
22090,Coffee County Bank,2070 Hillsboro Blvd,Manchester,Tennessee,TN,37355,Coffee,www.coffeecountybank.com,NM,08/15/1975,08/15/1975,416698,$416.70M,79
4324,First National Bank,302 S Main St,Cloverdale,Indiana,IN,46120,Putnam,http://www.fnb-bank.com,N,01/01/1913,01/01/1934,416662,$416.66M,73
90384,The Bank of Landisburg,100 N Carlisle St,Landisburg,Pennsylvania,PA,17040,Perry,http://www.bankoflandisburg.com,SM,10/19/1903,04/17/1992,416388,$416.39M,57
1616,Exchange Bank of Missouri,101 S Church St,Fayette,Missouri,MO,65248,Howard,www.ebmo.com,SM,11/19/1927,01/01/1934,416248,$416.25M,63
59148,Watermark Bank,"6501 N. Classen Boulevard, Suite 300",Oklahoma City,Oklahoma,OK,73116,Oklahoma,watermark.bank,NM,01/22/2019,01/22/2019,416215,$416.21M,33
15703,Town & Country Bank and Trust Company,201 N 3rd St,Bardstown,Kentucky,KY,40004,Nelson,www.mytcbt.bank,NM,09/09/1907,11/25/1939,415985,$415.99M,84
58201,First Vision Bank of Tennessee,1401 N Jackson St,Tullahoma,Tennessee,TN,37388,Coffee,www.fvb.bank,SM,11/28/2005,11/28/2005,415858,$415.86M,68
9631,Alliance Community Bank,321 N 6th St,Petersburg,Illinois,IL,62675,Menard,http://www.bankacb.com,NM,05/18/1910,01/01/1934,415689,$415.69M,66
4364,The First National Bank of Monterey,6222 E Main St,Monterey,Indiana,IN,46960,Pulaski,www.fnbmonterey.com,N,08/01/1910,01/01/1934,415504,$415.50M,41
17280,The Bank of Tioga,7 N Main St,Tioga,North Dakota,ND,58852,Williams,www.thebankoftioga.com,NM,07/16/1952,12/07/1953,415371,$415.37M,30
13366,Exchange Bank and Trust Company,523 Delaware St,Perry,Oklahoma,OK,73077,Noble,www.easybanking.net,SM,02/20/1896,01/01/1934,414874,$414.87M,74
28213,"Winter Hill Bank, FSB",342 Broadway,Somerville,Massachusetts,MA,02145,Middlesex,www.winterhillbank.com,SB,01/01/1906,08/09/1989,414708,$414.71M,57
26393,The Pittsfield Co-operative Bank,70 South St,Pittsfield,Massachusetts,MA,01201,Berkshire,www.pittsfield-coop.com,SI,01/01/1889,10/08/1985,414660,$414.66M,68
14009,Chelsea State Bank,1010 S Main St,Chelsea,Michigan,MI,48118,Washtenaw,www.chelseastate.bank,SM,12/17/1897,03/07/1934,414333,$414.33M,64
33761,Village Bank,3350 Bridge St Nw,Saint Francis,Minnesota,MN,55070,Anoka,www.villagebankonline.bank,NM,01/11/1993,01/11/1993,413803,$413.80M,54
57073,Community Bank of Santa Maria,2739 Santa Maria Way,Santa Maria,California,CA,93455,Santa Barbara,www.yourcbsm.com,NM,03/01/2001,03/01/2001,413786,$413.79M,56
35331,"Liberty Bank, National Association",2 Park Plz,Irvine,California,CA,92614,Orange,www.libertybk.com,N,05/23/2001,05/23/2001,413684,$413.68M,67
160,Exchange Bank,250 W Hancock St,Milledgeville,Georgia,GA,31061,Baldwin,www.exch.bank,NM,06/01/1903,01/01/1934,413476,$413.48M,64
1847,The Bippus State Bank,150 Hauenstein Rd,Huntington,Indiana,IN,46750,Huntington,www.bippusbank.com,NM,06/23/1911,01/01/1934,413321,$413.32M,59
58289,River City Bank,228 N 2nd Ave Sw,Rome,Georgia,GA,30165,Floyd,www.rivercity.bank,NM,05/23/2006,05/23/2006,412726,$412.73M,53
3713,Grundy Bank,201 Liberty St,Morris,Illinois,IL,60450,Grundy,www.grundy.bank,SM,09/16/1864,01/01/1934,412515,$412.51M,52
2327,Local Bank,385 E Main St,Hulbert,Oklahoma,OK,74441,Cherokee,localbank.com,SM,12/01/1908,01/01/1934,412453,$412.45M,80
28841,Community Savings Bank,4801 W Belmont Ave,Chicago,Illinois,IL,60641,Cook,www.communitysavingsbank.bank,SI,01/01/1925,08/09/1989,412234,$412.23M,56
10380,Oostburg State Bank,905 Center Ave,Oostburg,Wisconsin,WI,53070,Sheboygan,www.oostburgstate.bank,NM,03/01/1908,01/01/1934,412219,$412.22M,58
23210,Bankers' Bank of the West,1099 18th St,Denver,Colorado,CO,80202,Denver,www.bbwest.com,SM,10/01/1980,10/01/1980,412130,$412.13M,54
4084,The Citizens Bank of Edmond,1 E 1st St,Edmond,Oklahoma,OK,73034,Oklahoma,http://www.mycitizens.bank,SM,01/01/1912,01/01/1934,411643,$411.64M,71
57576,Heritage Bank of the Ozarks,1475 S Jefferson Ave,Lebanon,Missouri,MO,65536,Laclede,http://www.heritagebankozarks.com,NM,09/22/2003,09/22/2003,411449,$411.45M,61
1780,Farmers State Bank of Calhan,1500 8th St,Calhan,Colorado,CO,80808,El Paso,www.yourfsb.com,NM,08/16/1916,01/01/1934,411310,$411.31M,52
9245,"The Bank of LaFayette, Georgia",101 W Patton St,La Fayette,Georgia,GA,30728,Walker,www.bankoflafayette.com,NM,07/18/1899,01/01/1934,411238,$411.24M,54
6464,The First National Bank of Elmer,10 S Main St,Elmer,New Jersey,NJ,08318,Salem,http://www.elmerbank.com,N,05/01/1903,01/01/1934,410133,$410.13M,78
5817,Hardin County Savings Bank,1202 Edgington Ave,Eldora,Iowa,IA,50627,Hardin,www.hardincsb.com,NM,01/01/1868,01/01/1934,409360,$409.36M,34
11295,The Citizens Bank of Swainsboro,121 N Main St,Swainsboro,Georgia,GA,30401,Emanuel,www.cbs-lc.com,NM,01/01/1900,01/01/1934,408952,$408.95M,63
13843,Kentland Bank,111 N 4th St,Kentland,Indiana,IN,47951,Newton,www.kentlandbank.com,NM,09/19/1932,02/06/1934,408927,$408.93M,61
16780,Great Oaks Bank,42 Town Center Dr,Richmond Hill,Georgia,GA,31324,Bryan,www.greatoaks.bank,NM,01/01/1934,04/01/1949,408881,$408.88M,68
34489,Edison National Bank,13000 S Cleveland Ave,Fort Myers,Florida,FL,33907,Lee,www.edisonnationalbank.com,N,08/29/1997,08/29/1997,408039,$408.04M,48
27496,Bank of the Lowcountry,1100 N Jefferies Blvd,Walterboro,South Carolina,SC,29488,Colleton,www.banklowcountry.com,NM,05/01/1989,05/01/1989,406764,$406.76M,53
58764,The MINT National Bank,1213 Kingwood Dr,Kingwood,Texas,TX,77339,Harris,www.themint.bank,N,01/05/2009,01/05/2009,406557,$406.56M,41
3639,First National Bank & Trust Company,2 Kelli Ct,Clinton,Illinois,IL,61727,De Witt,www.firstnbtc.com,N,06/01/1872,01/01/1934,405865,$405.87M,51
21161,Bank of the Bluegrass and Trust Company,101 E High St,Lexington,Kentucky,KY,40507,Fayette,www.bankofthebluegrass.com,NM,04/10/1972,07/16/1973,405558,$405.56M,63
21693,Lakeside Bank,2805 Ridge Rd,Rockwall,Texas,TX,75032,Rockwall,http://www.LBTEXAS.com,NM,07/12/1974,07/12/1974,404641,$404.64M,22
31928,First Sentinel Bank,315 Railroad Ave,Richlands,Virginia,VA,24641,Tazewell,http://www.firstsentinelbank.com,SM,06/20/1978,08/09/1989,404473,$404.47M,87
12327,Bank of Mauston,503 Highway 82,Mauston,Wisconsin,WI,53948,Juneau,www.bankofmauston.com,NM,09/12/1932,01/01/1934,404026,$404.03M,70
15539,First State Bank,423 Broadway,Buxton,North Dakota,ND,58218,Traill,http://www.firststatebanks.com,NM,01/01/1885,01/01/1934,402945,$402.94M,43
9489,Peoples Bank,129 Main St,Clifton,Tennessee,TN,38425,Wayne,pbbanking.com,SM,01/01/1890,01/01/1934,402518,$402.52M,66
18028,Sugar River Bank,10 N Main St,Newport,New Hampshire,NH,03773,Sullivan,www.sugarriverbank.com,SI,01/01/1895,07/02/1959,402499,$402.50M,71
8537,BankCherokee,607 Smith Ave S,Saint Paul,Minnesota,MN,55107,Ramsey,http://www.bankcherokee.com,NM,01/15/1908,01/01/1934,402220,$402.22M,60
3999,First National Bank in Philip,103 E Oak Street,Philip,South Dakota,SD,57567,Haakon,www.fnbphilip.com,N,12/04/1906,01/01/1934,402107,$402.11M,27
18564,First National Bank of Brookfield,9136 Washington Ave,Brookfield,Illinois,IL,60513,Cook,http://www.fnbb.com,N,07/23/1962,07/23/1962,402011,$402.01M,39
58220,Heritage Bank & Trust,217 S James M Campbell Blvd,Columbia,Tennessee,TN,38401,Maury,www.heritagebankandtrust.com,NM,03/06/2006,03/06/2006,401532,$401.53M,66
16733,North Star Bank,1820 Lexington Ave N,Roseville,Minnesota,MN,55113,Ramsey,http://WWW.NORTHSTARBANK.COM,NM,02/03/1947,09/14/1948,401359,$401.36M,55
51,The Bank of Vernon,44825 Highway 17,Vernon,Alabama,AL,35592,Lamar,www.bankofvernon.bank,NM,11/11/1911,01/01/1934,401263,$401.26M,60
5162,The First National Bank of Henning,106 Mn Highway 78 N,Ottertail,Minnesota,MN,56571,Otter Tail,www.mykindofbank.com,N,08/01/1903,01/01/1934,400976,$400.98M,56
58537,BankFlorida,12482 Us Highway 301,Dade City,Florida,FL,33525,Pasco,www.bankflorida.com,NM,08/27/2007,08/27/2007,400909,$400.91M,52
20698,Southern Heritage Bank,701 Fourth St,Jonesville,Louisiana,LA,71343,Catahoula,http://www.shbnet.com,NM,05/25/1972,05/25/1972,400611,$400.61M,100
91325,CIBC National Trust Company,3290 Northside Pkwy Nw,Atlanta,Georgia,GA,30327,Fulton,private-wealth.us.cibc.com,N,05/14/1969,05/05/2000,400508,$400.51M,360
1100,Peoples State Bank of Plainview,100 4th Ave Se,Plainview,Minnesota,MN,55964,Wabasha,www.peoplesstatebank.com,SM,06/29/1925,01/01/1934,400086,$400.09M,45
29495,GreenWay Bank,976 S Shannon St,Van Wert,Ohio,OH,45891,Van Wert,www.greenwaybank.com,SB,01/01/1889,08/09/1989,399400,$399.40M,46
26363,Community Commerce Bank,358 W Foothill Blvd,Claremont,California,CA,91711,Los Angeles,www.ccombank.com,NM,10/01/1976,09/10/1985,398405,$398.40M,42
19254,Heritage Bank National Association,110 W South St,Spicer,Minnesota,MN,56288,Kandiyohi,www.heritagebankna.com,N,10/08/1964,10/08/1964,398402,$398.40M,87
26536,BankGloucester,160 Main St,Gloucester,Massachusetts,MA,01930,Essex,https://bankgloucester.com,SI,01/01/1887,02/10/1986,398388,$398.39M,54
5297,FORTE BANK,116 W Sumner St,Hartford,Wisconsin,WI,53027,Washington,www.fortebankwi.com,NM,01/01/1907,01/01/1934,397825,$397.82M,59
2455,The Bank of Brodhead,806 E Exchange St,Brodhead,Wisconsin,WI,53520,Green,www.bankofbrodhead.com,SM,04/30/1896,01/01/1934,397478,$397.48M,45
28222,Haddon Savings Bank,201 White Horse Pike,Haddon Heights,New Jersey,NJ,08035,Camden,haddonsavings.com,SI,01/01/1905,08/09/1989,397246,$397.25M,34
8637,Dakota Western Bank,202 S Main St,Bowman,North Dakota,ND,58623,Bowman,www.dwb.bank,SM,01/01/1910,01/01/1934,396661,$396.66M,35
16897,F&M Bank,911 E Robert Toombs Ave,Washington,Georgia,GA,30673,Wilkes,http://www.fmbanknow.com,NM,03/14/1950,03/14/1950,395966,$395.97M,69
35154,"BTG Pactual Bank, National Association",499 Park Ave,New York,New York,NY,10022,New York,www.mysafra.com,N,06/05/2000,06/05/2000,395935,$395.94M,26
34148,Bank of Star Valley,384 S Washington St,Afton,Wyoming,WY,83110,Lincoln,www.bosv.com,SM,03/25/1996,03/25/1996,395562,$395.56M,34
34058,Lusitania Savings Bank,107 Pulaski St,Newark,New Jersey,NJ,07105,Essex,www.lusitaniabank.com,SI,09/01/1995,09/01/1995,394946,$394.95M,39
58407,UniBank,19315 Highway 99,Lynnwood,Washington,WA,98036,Snohomish,www.unibankusa.com,SM,11/01/2006,11/01/2006,394942,$394.94M,50
29637,Big Horn Federal Savings Bank,33 N 6th St,Greybull,Wyoming,WY,82426,Big Horn,www.bighornfederal.com,SB,01/01/1935,08/09/1989,393478,$393.48M,55
23152,First Citizens Bank,100 W 3rd St,Luverne,Alabama,AL,36049,Crenshaw,www.fcbl.com,NM,07/08/1980,07/08/1980,392395,$392.39M,58
13561,Fleetwood Bank,2 W Main St,Fleetwood,Pennsylvania,PA,19522,Berks,https://fleetwoodbank.com,SM,01/01/1934,01/04/1934,392265,$392.26M,57
8980,Security State Bank of Oklahoma,210 S Mekusukey Ave,Wewoka,Oklahoma,OK,74884,Seminole,www.ssbok.com,NM,12/05/1911,01/01/1934,391591,$391.59M,49
12365,The First National Bank of Allendale,301 E Main St,Allendale,Illinois,IL,62410,Wabash,www.fnba.bank,N,01/01/1906,01/01/1934,391193,$391.19M,52
91005,5Star Bank,104 S Cascade Ave,Colorado Springs,Colorado,CO,80903,El Paso,www.5star.bank,NM,06/10/1980,11/05/1985,390452,$390.45M,57
1660,Farmers and Merchants Bank of South Carolina,8624 Old State Rd,Holly Hill,South Carolina,SC,29059,Orangeburg,www.fmbsc.com,NM,01/03/1912,01/01/1934,390234,$390.23M,70
24015,The Harbor Bank of Maryland,25 W Fayette St,Baltimore,Maryland,MD,21201,Baltimore City,HTTPS://WWW.THEHARBORBANK.COM,NM,09/13/1982,09/13/1982,390068,$390.07M,85
35420,Branson Bank,4675 Gretna Rd,Branson,Missouri,MO,65616,Taney,www.bransonbank.com,NM,03/22/2000,03/22/2000,389957,$389.96M,73
29878,American Community Bank of Indiana,7880 Wicker Ave,Saint John,Indiana,IN,46373,Lake,www.acbanker.com,NM,01/01/1910,08/09/1989,389834,$389.83M,42
28729,Ascendia Bank,175 Rock Rd,Glen Rock,New Jersey,NJ,07452,Bergen,www.ascendiabank.com,SI,01/01/1922,08/09/1989,389771,$389.77M,38
34778,First Trust Bank of Illinois,275 E Court St,Kankakee,Illinois,IL,60901,Kankakee,www.firsttrustbankil.com,NM,07/30/1998,07/30/1998,389495,$389.50M,37
19742,"First Westroads Bank, Inc.",15750 W Dodge Rd,Omaha,Nebraska,NE,68118,Douglas,www.FIRSTWESTROADS.BANK,SM,08/15/1967,08/15/1967,389210,$389.21M,49
13652,Pine Country Bank,1201 1st Ave Ne,Little Falls,Minnesota,MN,56345,Morrison,http://www.pinecountrybank.com,NM,05/11/1927,01/01/1934,388921,$388.92M,55
14168,Peoples Trust Company of St. Albans,25 Kingman St,Saint Albans,Vermont,VT,05478,Franklin,http://www.ptcvt.com,NM,11/12/1866,04/02/1934,388712,$388.71M,80
32360,"Eastern Savings Bank, FSB",11350 Mccormick Rd,Hunt Valley,Maryland,MD,21031,Baltimore,www.easternsavingsbank.com,SB,05/29/1905,08/09/1989,388593,$388.59M,63
34566,Alliance Bank,217 N Kingshighway St,Cape Girardeau,Missouri,MO,63701,Cape Girardeau,www.alliancebanking.com,NM,10/23/1997,10/23/1997,388141,$388.14M,67
15046,The Peoples Community Bank,222 W Commercial St,Mazomanie,Wisconsin,WI,53560,Dane,www.thepcb.bank,NM,11/28/1891,03/08/1935,388114,$388.11M,48
54,The Exchange Bank of Alabama,7170 6th Ave,Altoona,Alabama,AL,35952,Etowah,www.exba.com,NM,03/10/1909,01/01/1934,387699,$387.70M,69
9770,First State Bank Southwest,202 2nd St Se,Pipestone,Minnesota,MN,56164,Pipestone,www.firststatebanksw.com,SM,01/01/1903,01/01/1934,387420,$387.42M,46
59265,Waterfall Bank,500 Mclennan St,Clearwater,Florida,FL,33756,Pinellas,www.waterfallbank.com,NM,09/20/2021,09/20/2021,387233,$387.23M,40
13712,The Libertyville Savings Bank,2000 W Jefferson Ave,Fairfield,Iowa,IA,52556,Jefferson,www.lsbia.bank,NM,09/16/1901,01/15/1934,386698,$386.70M,49
58357,Southern Independent Bank,503 N Main St,Opp,Alabama,AL,36467,Covington,http://www.southernindependentbank.com,NM,12/04/2006,12/04/2006,386665,$386.67M,44
13599,First Lockhart Bank,111 S Main St,Lockhart,Texas,TX,78644,Caldwell,http://www.firstlockhart.com,NM,01/09/1934,01/09/1934,386137,$386.14M,49
10157,The Shelby State Bank,242 N Michigan Ave,Shelby,Michigan,MI,49455,Oceana,www.shelbybank.com,NM,03/02/1910,01/01/1934,385800,$385.80M,84
10719,Peoples State Bank of Hallettsville,116 E 3rd St,Hallettsville,Texas,TX,77964,Lavaca,www.psbhallettsville.com,NM,01/18/1929,01/01/1934,385546,$385.55M,23
58148,Milestone Bank,"310 South Main St., Suite 900",Salt Lake City,Utah,UT,84101,Salt Lake,www.milestonebank.com,NM,01/26/2006,01/26/2006,385278,$385.28M,60
33010,First Peoples Bank,105 Chipley St,Pine Mountain,Georgia,GA,31822,Harris,www.firstpeoplesbank.com,NM,07/09/1990,07/09/1990,385203,$385.20M,66
29188,Fox Valley Savings Bank,51 E 1st St,Fond Du Lac,Wisconsin,WI,54935,Fond Du Lac,www.fvsbank.com,SI,10/01/1934,08/09/1989,385080,$385.08M,55
13112,Owen County State Bank,201 W Morgan St,Spencer,Indiana,IN,47460,Owen,www.ocsbank.com,NM,01/01/1934,01/01/1934,384931,$384.93M,74
15687,Grant County State Bank,102 N Washington St,Swayzee,Indiana,IN,46986,Grant,www.grantcostatebank.com,NM,09/30/1939,10/02/1939,384891,$384.89M,22
5394,Waypoint Bank,747 Meridian Ave,Cozad,Nebraska,NE,69130,Dawson,www.waypointbank.com,NM,01/01/1883,01/01/1934,384729,$384.73M,54
59193,Founders Bank,5225 Wisconsin Ave Nw,Washington,District Of Columbia,DC,20015,District Of Columbia,https://founders.bank,NM,03/30/2020,03/30/2020,384372,$384.37M,35
4526,Pony Express Bank,213 N Main St,Braymer,Missouri,MO,64624,Caldwell,http://www.ponyexpressbank.com,NM,10/02/1890,01/01/1934,384243,$384.24M,33
14427,First National Bank in DeRidder,1003 N Pine St,Deridder,Louisiana,LA,70634,Beauregard,www.bankFNBD.com,N,01/01/1934,06/02/1934,384126,$384.13M,77
20100,Tower Community Bank,4564 Main St,Jasper,Tennessee,TN,37347,Marion,www.towercommunitybank.com,NM,01/02/1970,01/02/1970,383991,$383.99M,68
861,State Bank & Trust,1945 Us Highway 43,Winfield,Alabama,AL,35594,Marion,http://www.statebank.net,NM,10/03/1907,01/01/1934,382392,$382.39M,56
3720,First National Bank of Pana,306 S Locust St,Pana,Illinois,IL,62557,Christian,www.fnbquality.bank,N,01/01/1930,01/01/1934,382352,$382.35M,43
19070,First National Bank of Clarksdale,402 E 2nd St,Clarksdale,Mississippi,MS,38614,Coahoma,www.fnbclarksdale.com,N,04/01/1964,04/01/1964,381942,$381.94M,47
3661,Union National Bank and Trust Company of Elgin,101 E Chicago St,Elgin,Illinois,IL,60120,Kane,www.unbelgin.com,N,05/21/1904,01/01/1934,381607,$381.61M,24
10533,Winnsboro State Bank & Trust Company,3875 Front St,Winnsboro,Louisiana,LA,71295,Franklin,WWW.WINNSBOROBANK.COM,NM,09/02/1902,01/01/1934,381327,$381.33M,68
26379,Pike National Bank,350 Rawls Dr,Mccomb,Mississippi,MS,39648,Pike,www.pnb-ms.net,N,09/30/1985,09/30/1985,381074,$381.07M,84
34535,"TCM Bank, National Association",3501 E Frontage Rd,Tampa,Florida,FL,33607,Hillsborough,https://www.tcmbank.com,N,05/18/1998,05/18/1998,380870,$380.87M,92
30812,First Federal Savings and Loan Association,903 Jackson Ave,Pascagoula,Mississippi,MS,39567,Jackson,www.firstwithus.com,SB,10/28/1955,08/09/1989,380719,$380.72M,52
14722,Union Bank,670 Cascade West Pkwy Se,Grand Rapids,Michigan,MI,49546,Kent,www.ubmich.com,NM,01/01/1934,09/04/1934,380029,$380.03M,94
11953,The Grant County Bank,3 N Main St,Petersburg,West Virginia,WV,26847,Grant,http://www.grantcountybank.com,NM,08/06/1902,01/01/1934,379657,$379.66M,79
11821,Little Horn State Bank,835 N Center Ave,Hardin,Montana,MT,59034,Big Horn,www.littlehornstatebank.com,NM,01/01/1919,01/01/1934,379369,$379.37M,37
4208,Anchor D Bank,222 Main Street,Texhoma,Oklahoma,OK,73949,Texas,www.anchordbank.com,SM,02/23/1906,01/01/1934,379353,$379.35M,55
28208,San Luis Valley Federal Bank,401 Edison Ave,Alamosa,Colorado,CO,81101,Alamosa,www.slvfed.bank,SB,01/01/1899,08/09/1989,379255,$379.25M,64
1237,Ireland Bank,33 Bannock St,Malad City,Idaho,ID,83252,Oneida,www.ireland-bank.bank,NM,12/01/1892,01/01/1934,379223,$379.22M,88
58961,Lakeside Bank,4735 Nelson Rd,Lake Charles,Louisiana,LA,70605,Calcasieu,https://mylksb.bank,NM,07/26/2010,07/26/2010,379160,$379.16M,44
22739,Bank of St. Francisville,5700 Commerce St,Saint Francisville,Louisiana,LA,70775,West Feliciana,http://www.bsf.net,NM,10/30/1978,10/30/1978,378999,$379.00M,59
23257,Community State Bank,625 Se 2nd St,Galva,Illinois,IL,61434,Henry,http://www.commstatebank.com,NM,11/24/1980,11/24/1980,378835,$378.83M,51
14695,MA Bank,1513 N Missouri St,Macon,Missouri,MO,63552,Macon,www.mabank.com,SM,01/01/1893,08/24/1934,378785,$378.79M,64
18171,Bank of O'Fallon,901 S Lincoln Ave,O'Fallon,Illinois,IL,62269,St. Clair,http://www.bankofallon.com,NM,03/28/1960,03/28/1960,377715,$377.71M,33
58508,First FarmBank,2939 65th Ave,Greeley,Colorado,CO,80634,Weld,www.firstfarmbank.com,NM,02/12/2007,02/12/2007,377612,$377.61M,60
14058,Great Plains State Bank,140 Main St,Petersburg,Nebraska,NE,68652,Boone,www.gpsbanks.com,NM,12/04/1920,03/13/1934,377561,$377.56M,44
14930,First Iowa State Bank,19 Benton Ave E,Albia,Iowa,IA,52531,Monroe,www.1stiowa.bank,SM,05/12/1930,12/15/1934,377498,$377.50M,50
34606,American Bank of Oklahoma,200 E Main St,Collinsville,Oklahoma,OK,74021,Tulsa,www.americanbankok.com,NM,04/01/1998,04/01/1998,377441,$377.44M,78
29988,Mutual Savings Association,100 S 4th St,Leavenworth,Kansas,KS,66048,Leavenworth,www.msa.bank,SL,01/01/1888,08/09/1989,377369,$377.37M,57
10907,Guaranty State Bank and Trust Company,201 S Mill St,Beloit,Kansas,KS,67420,Mitchell,www.guarantystate.com,NM,01/23/1922,01/02/1934,376797,$376.80M,59
13897,Farmers State Bank,124 E 3rd St,Cameron,Missouri,MO,64429,Clinton,WWW.FSCBANK.BANK,NM,01/01/1934,02/14/1934,376676,$376.68M,70
13020,First Exchange Bank,1 Heritage Way,White Hall,West Virginia,WV,26554,Marion,www.firstexchangebank.com,NM,06/27/1932,01/01/1934,376612,$376.61M,63
17443,Piscataqua Savings Bank,15 Pleasant St,Portsmouth,New Hampshire,NH,03801,Rockingham,www.piscataqua.com,SI,01/01/1877,07/01/1955,376552,$376.55M,36
1867,"The Farmers State Bank of Oakley, Kansas",100 Center Ave,Oakley,Kansas,KS,67748,Logan,http://www.fsboakley.com,NM,03/17/1907,01/01/1934,376170,$376.17M,23
22536,First Secure Bank and Trust Co.,10360 S Roberts Rd,Palos Hills,Illinois,IL,60465,Cook,WWW.FIRSTSECUREBANK.COM,NM,10/21/1977,10/21/1977,376007,$376.01M,36
31694,Volunteer Federal Savings Bank,108 Main St,Madisonville,Tennessee,TN,37354,Monroe,www.volfed.com,SI,01/01/1973,08/09/1989,375996,$376.00M,76
31146,Security Federal Savings Bank of McMinnville,306 W Main St,Mcminnville,Tennessee,TN,37110,Warren,www.secfed.net,NM,01/01/1959,08/09/1989,375534,$375.53M,50
16825,Sunmark Community Bank,1005 Northside Dr,Perry,Georgia,GA,31069,Houston,www.sunmarkbank.com,NM,08/27/1949,08/27/1949,375250,$375.25M,63
17009,Central Bank of Kansas City,2301 Independence Boulevard,Kansas City,Missouri,MO,64124,Jackson,www.centralbankkc.com,NM,08/10/1950,03/01/1951,374974,$374.97M,51
5223,The Citizens National Bank of Park Rapids,300 1st St W,Park Rapids,Minnesota,MN,56470,Hubbard,www.cnbbank.com,N,01/01/1933,01/01/1934,374481,$374.48M,48
5595,The Yoakum National Bank,301 W Grand Ave,Yoakum,Texas,TX,77995,Dewitt,www.ynbtx.com,N,01/01/1890,01/01/1934,374063,$374.06M,58
3579,The First National Bank of Mount Dora,714 N Donnelly St,Mount Dora,Florida,FL,32757,Lake,http://www.fnbmd.com,N,09/01/1925,01/01/1934,373930,$373.93M,83
16246,Commercial Banking Company,3462 N Valdosta Rd,Valdosta,Georgia,GA,31602,Lowndes,www.cbcbank.com,SB,01/01/1934,11/15/1995,373855,$373.86M,71
57444,American Continental Bank,17700 Castleton St,City Of Industry,California,CA,91748,Los Angeles,http://www.americancontinentalbank.com,NM,10/06/2003,10/06/2003,373519,$373.52M,48
8074,The Garrett State Bank,120 W King St,Garrett,Indiana,IN,46738,Dekalb,www.garrettstatebank.com,SM,11/01/1893,01/01/1934,373483,$373.48M,37
59098,Infinity Bank,6 Hutton Centre Dr,Santa Ana,California,CA,92707,Orange,www.infinity.bank,NM,02/01/2018,02/01/2018,372720,$372.72M,35
16629,ESB Financial,801 Merchant St,Emporia,Kansas,KS,66801,Lyon,www.esbfinancial.com,NM,03/16/1901,10/01/1947,371674,$371.67M,59
902,Byron Bank,200 N Walnut St,Byron,Illinois,IL,61010,Ogle,www.byronbank.com,NM,07/01/1932,01/01/1934,371431,$371.43M,61
14333,Commercial Bank and Trust of PA,900 Ligonier St,Latrobe,Pennsylvania,PA,15650,Westmoreland,WWW.cbthebank.com,NM,05/04/1934,05/04/1934,371286,$371.29M,73
15947,Iowa State Bank,100 N Main St,Clarksville,Iowa,IA,50619,Butler,http://www.iowastatebank.com,NM,01/01/1918,05/27/1943,371066,$371.07M,33
29692,Lincoln FSB of Nebraska,8400 Maddox Dr,Lincoln,Nebraska,NE,68520,Lancaster,www.lincolnfed.com,SB,01/01/1906,08/09/1989,371039,$371.04M,91
10709,Crossroads Bank,406 W Grand Ave,Yoakum,Texas,TX,77995,Dewitt,www.crbanktx.com,NM,01/01/1931,01/01/1934,370921,$370.92M,51
5410,The First National Bank of Gordon,134 N Main St,Gordon,Nebraska,NE,69343,Sheridan,https://www.fnbgordon.com,N,01/01/1889,01/01/1934,370758,$370.76M,40
3110,The Commercial National Bank of Brady,105 E 2nd St,Brady,Texas,TX,76825,Mcculloch,http://cnbbrady.com,N,03/11/1907,01/01/1934,370653,$370.65M,67
13892,Sandhills State Bank,203 S Dewey St,North Platte,Nebraska,NE,69101,Lincoln,www.sandhillsstate.com,NM,09/22/1902,02/14/1934,370344,$370.34M,42
7025,The Delaware National Bank of Delhi,124 Main St,Delhi,New York,NY,13753,Delaware,www.dnbd.bank,N,01/01/1839,01/01/1934,370192,$370.19M,41
5796,Earlham Savings Bank,7300 Lake Dr,West Des Moines,Iowa,IA,50266,Dallas,www.earlhambank.com,NM,01/01/1931,01/01/1934,370124,$370.12M,59
29695,THE HOME LOAN SAVINGS BANK,413 Main St,Coshocton,Ohio,OH,43812,Coshocton,www.homeloansavingsbank.com,SL,01/01/1882,08/09/1989,370069,$370.07M,50
14966,The Security National Bank of Enid,100 S Independence St,Enid,Oklahoma,OK,73701,Garfield,WWW.SNBENID.COM,N,01/01/1907,02/02/1935,369610,$369.61M,45
5821,First State Bank,413 East St,Lynnville,Iowa,IA,50153,Jasper,www.fsbankia.com,NM,01/01/1912,01/01/1934,369384,$369.38M,44
13407,Farmers State Bank,115 Shelbyville St,Center,Texas,TX,75935,Shelby,www.fsbctx.bank,NM,07/07/1910,01/01/1934,369048,$369.05M,73
23597,Lamar National Bank,200 S Collegiate Dr,Paris,Texas,TX,75460,Lamar,www.lamarnational.com,N,10/26/1981,10/26/1981,368785,$368.79M,76
17811,First National Bank in Port Lavaca,1101 N Us Highway 35 Byp,Port Lavaca,Texas,TX,77979,Calhoun,WWW.FNBPORTLAVACA.COM,N,11/13/1957,11/13/1957,368718,$368.72M,43
8546,Sentry Bank,400 4th Ave Ne,Saint Joseph,Minnesota,MN,56374,Stearns,www.mysentrybank.com,NM,11/04/1904,01/01/1934,368677,$368.68M,45
6078,One American Bank,549 Broadway St,Centerville,South Dakota,SD,57014,Turner,www.oneamericanbank.com,NM,01/01/1883,01/01/1934,368370,$368.37M,42
23798,McCurtain County National Bank,20 N Park Dr,Broken Bow,Oklahoma,OK,74728,Mccurtain,www.mcnbonline.com,N,04/23/1982,04/23/1982,368288,$368.29M,66
59304,Texas Traditions Bank,24285 Katy Fwy,Katy,Texas,TX,77494,Fort Bend,http://txtraditionsbank.com,NM,09/06/2022,09/06/2022,368196,$368.20M,50
169,First National Bank of Griffin,318 S Hill St,Griffin,Georgia,GA,30224,Spalding,www.fnbbanking.com,N,05/12/1933,01/01/1934,368052,$368.05M,76
14355,The First Citizens National Bank of Upper Sandusky,100 N Sandusky Ave,Upper Sandusky,Ohio,OH,43351,Wyandot,http://www.firstcitizensnational.com,N,12/01/1902,05/11/1934,367871,$367.87M,72
27118,Premier Bank of the South,101 1st Ave Nw,Cullman,Alabama,AL,35055,Cullman,WWW.PREMIERBANKOFTHESOUTH.COM,NM,11/30/1987,11/30/1987,367180,$367.18M,78
35320,Georgia Community Bank,704 N Westover Blvd,Albany,Georgia,GA,31707,Dougherty,www.gcb.bank,NM,08/31/1999,08/31/1999,366989,$366.99M,79
12959,Cattaraugus County Bank,116 Main St,Little Valley,New York,NY,14755,Cattaraugus,www.countonccb.com,NM,01/01/1902,01/01/1934,366959,$366.96M,67
20279,The Community State Bank,1409 N Broadway St,Poteau,Oklahoma,OK,74953,Le Flore,www.thecommunitysb.com,SM,10/19/1970,10/19/1970,366706,$366.71M,114
59143,New Valley Bank & Trust,1 Monarch Pl,Springfield,Massachusetts,MA,01144,Hampden,www.banknewvalley.com,NM,05/30/2019,05/30/2019,365972,$365.97M,39
10523,Bank of Commerce & Trust Co.,326 N Avenue G,Crowley,Louisiana,LA,70526,Acadia,https://www.bankofcommerceandtrust.com,NM,01/01/1926,01/01/1934,365649,$365.65M,66
17513,The Fisher National Bank,102 E Division St,Fisher,Illinois,IL,61843,Champaign,www.fishernational.com,N,11/18/1955,11/18/1955,365367,$365.37M,61
15675,Citizens Bank & Trust Company,201 E Main St,Campbellsville,Kentucky,KY,42718,Taylor,www.cbtky.com,NM,01/01/1939,07/22/1939,364843,$364.84M,47
3219,"Gilmer National Bank, Gilmer, Texas",713 Us Highway 271 N,Gilmer,Texas,TX,75644,Upshur,www.gnbgilmer.com,N,05/01/1901,01/01/1934,364842,$364.84M,47
5074,The First National Bank of St. Ignace,132 N State St,St. Ignace,Michigan,MI,49781,Mackinac,www.fnbsi.com,N,05/17/1888,01/01/1934,364778,$364.78M,57
17094,HomeBank Texas,601 N Highway 175,Seagoville,Texas,TX,75159,Dallas,www.homebanktx.com,NM,04/07/1952,04/07/1952,364739,$364.74M,43
59278,Locality Bank,1400 S Andrews Ave,Fort Lauderdale,Florida,FL,33316,Broward,www.localitybank.com,NM,01/12/2022,01/12/2022,364706,$364.71M,39
19420,Citizens Bank of the South,132 S Harris St,Sandersville,Georgia,GA,31082,Washington,www.cbots.com,NM,05/03/1965,05/03/1965,364589,$364.59M,62
4318,The Riddell National Bank,1 E National Ave,Brazil,Indiana,IN,47834,Clay,http://www.riddellonline.com,N,06/15/1885,01/01/1934,364584,$364.58M,60
7886,First United National Bank,19535 Route 208,Fryburg,Pennsylvania,PA,16326,Clarion,www.fun-bank.com,N,08/02/1909,01/01/1934,364293,$364.29M,63
5337,The First National Bank of Bangor,1798 Commercial St,Bangor,Wisconsin,WI,54614,La Crosse,fnbbangor.net,N,07/01/1903,01/01/1934,364023,$364.02M,24
28515,"TrustTexas Bank, SSB",121 E Courthouse St,Cuero,Texas,TX,77954,Dewitt,www.trusttexas.bank,SI,01/01/1921,08/09/1989,363923,$363.92M,55
14488,Citizens Bank,100 Circle Dr,New Haven,Missouri,MO,63068,Franklin,www.citizensbankmo.bank,NM,01/01/1934,06/19/1934,363911,$363.91M,64
30431,SSB Bank,8700 Perry Hwy,Pittsburgh,Pennsylvania,PA,15237,Allegheny,www.ssbpgh.com,SI,01/01/1922,08/09/1989,363879,$363.88M,42
16866,West Texas State Bank,5009 College Ave,Snyder,Texas,TX,79549,Scurry,www.ebanktexas.com,NM,01/14/1950,01/14/1950,363866,$363.87M,61
14911,Shell Lake State Bank,102 W 5th Ave,Shell Lake,Wisconsin,WI,54871,Washburn,www.shelllakestatebank.com,NM,11/16/1916,12/05/1934,363865,$363.87M,51
2229,RSNB Bank,200 2nd St,Rock Springs,Wyoming,WY,82901,Sweetwater,WWW.RSNB.COM,SM,05/23/1892,01/01/1934,363766,$363.77M,43
34162,West Pointe Bank,1750 Witzel Ave,Oshkosh,Wisconsin,WI,54902,Winnebago,www.westptebank.com,NM,04/22/1996,04/22/1996,363639,$363.64M,20
35585,Community First National Bank,215 S Seth Child Rd,Manhattan,Kansas,KS,66502,Riley,www.cfnb.bank,N,02/01/2001,02/01/2001,363525,$363.52M,69
58377,Central Bank,20701 Bruce B Downs Blvd,Tampa,Florida,FL,33647,Hillsborough,www.centralbankfl.com,NM,02/26/2007,02/26/2007,363392,$363.39M,46
845,The Bank of Romney,95 E Main St,Romney,West Virginia,WV,26757,Hampshire,http://www.bankofromney.net,SM,01/01/1888,01/01/1934,363227,$363.23M,69
6803,MCNB Bank and Trust Co.,75 Wyoming St,Welch,West Virginia,WV,24801,Mcdowell,www.mcnbbanks.com,NM,07/01/1900,01/01/1934,362916,$362.92M,61
30680,First Shore Federal Savings and Loan Association,106 S Division St,Salisbury,Maryland,MD,21801,Wicomico,www.firstshorefederal.com,SB,12/18/1953,08/09/1989,362278,$362.28M,74
22271,First National Bank,341 Military St S,Hamilton,Alabama,AL,35570,Marion,www.fnbhamilton.com,N,05/06/1976,05/06/1976,362040,$362.04M,86
11777,Commercial Bank,1901 Main St,Parsons,Kansas,KS,67357,Labette,commercialbank.net,NM,05/30/1874,01/01/1934,361772,$361.77M,68
9788,Bloomsdale Bank,55 Mill Hill Rd,Bloomsdale,Missouri,MO,63627,Ste. Genevieve,www.bloomsdalebank.com,NM,05/01/1914,01/01/1934,361502,$361.50M,52
30722,Universal Bank,3455 S Nogales St,West Covina,California,CA,91792,Los Angeles,https://www.universalbank.com,SB,11/17/1954,08/09/1989,361480,$361.48M,49
12608,City Bank & Trust Co.,146 Saint Denis St,Natchitoches,Louisiana,LA,71457,Natchitoches,www.mycitybank.com,NM,01/01/1933,01/01/1934,361462,$361.46M,76
90,Commercial Bank & Trust Company,212 W Gaines St,Monticello,Arkansas,AR,71655,Drew,www.commercial-bank.net,SM,01/01/1913,01/01/1934,361441,$361.44M,61
2695,The First National Bank of Grayson,200 S Carol Malone Blvd,Grayson,Kentucky,KY,41143,Carter,WWW.FNBGRAYSON.COM,N,01/01/1902,01/01/1934,361143,$361.14M,83
25726,Murphy Bank,5180 N Palm Ave,Fresno,California,CA,93704,Fresno,www.murphybank.com,NM,02/01/1984,10/29/1984,360838,$360.84M,36
16288,Southern Bank,731 Charles Perry Ave,Sardis,Georgia,GA,30456,Burke,www.thesouthern.bank,NM,07/02/1945,07/02/1945,360783,$360.78M,68
17769,Bank of Hays,1000 W 27th St,Hays,Kansas,KS,67601,Ellis,www.bankofhays.com,NM,08/21/1907,06/12/1957,360526,$360.53M,32
57872,Pacific West Bank,2040 8th Ave,West Linn,Oregon,OR,97068,Clackamas,www.pacificwestbank.com,NM,11/05/2004,11/05/2004,360366,$360.37M,39
19274,Banner Capital Bank,205 State St,Harrisburg,Nebraska,NE,69345,Banner,www.bcbank.net,NM,10/10/1964,10/10/1964,360304,$360.30M,56
11702,Shelby County State Bank,130 S Morgan St,Shelbyville,Illinois,IL,62565,Shelby,www.scs-bank.com,SM,05/11/1895,01/01/1934,359971,$359.97M,46
22867,Community Bank of Raymore,801 W Foxwood Dr,Raymore,Missouri,MO,64083,Cass,www.cbronline.net,NM,05/15/1979,05/15/1979,359437,$359.44M,43
19285,Logan Bank & Trust Company,43 Washington Ave,Logan,West Virginia,WV,25601,Logan,www.lbandt.com,NM,11/24/1964,11/24/1964,359350,$359.35M,49
147,Century Bank and Trust,141 S Wayne St,Milledgeville,Georgia,GA,31061,Baldwin,www.century.bank,NM,01/01/1898,01/01/1934,359168,$359.17M,49
19011,Legacy Bank,20957 Riverside Dr,Grundy,Virginia,VA,24614,Buchanan,www.mylegacybank.net,SM,01/21/1964,01/21/1964,358723,$358.72M,50
28735,"Golden Belt Bank, FSA",1100 E 27th St,Hays,Kansas,KS,67601,Ellis,www.goldenbeltbank.com,SB,01/01/1920,08/09/1989,358489,$358.49M,53
6813,The Farmers Bank of Appomattox,223 Main St,Appomattox,Virginia,VA,24522,Appomattox,http://www.thefarmersbankva.com,SM,09/16/1918,01/01/1934,358096,$358.10M,78
2068,The Fahey Banking Company,127 N Main St,Marion,Ohio,OH,43302,Marion,www.faheybank.com,NM,05/01/1865,01/01/1934,357730,$357.73M,51
57684,CedarStone Bank,900 W Main St,Lebanon,Tennessee,TN,37087,Wilson,www.cedarstonebank.com,NM,04/19/2004,04/19/2004,357614,$357.61M,34
57491,Bank of Commerce,1601 Commerce St,Duncan,Oklahoma,OK,73533,Stephens,www.bocokonline.com,NM,12/16/2002,12/16/2002,357397,$357.40M,153
11922,First State Bank of Texas,4039 I-10 East,Orange,Texas,TX,77630,Orange,www.fsboftx.com,NM,08/12/1914,01/01/1934,357205,$357.20M,65
18566,Peoples Bank of Kankakee County,315 Main St Nw,Bourbonnais,Illinois,IL,60914,Kankakee,www.peoplesbankdirect.com,NM,06/20/1962,06/29/1962,357160,$357.16M,55
3217,First National Bank of Giddings,108 E Austin St,Giddings,Texas,TX,78942,Lee,www.fnbgiddings.com,N,01/01/1890,01/01/1934,357008,$357.01M,39
27760,West View Savings Bank,9001 Perry Hwy,Pittsburgh,Pennsylvania,PA,15237,Allegheny,www.wvsbank.com,SI,01/01/1908,08/09/1989,356868,$356.87M,23
1090,Upper Peninsula State Bank,430 N Lincoln Rd,Escanaba,Michigan,MI,49829,Delta,http://www.upstatebank.net,NM,01/01/1902,01/01/1934,356775,$356.77M,57
16040,Generations Bank,19 Cayuga St,Seneca Falls,New York,NY,13148,Seneca,www.mygenbank.com,SB,05/21/1870,08/09/1989,356065,$356.06M,58
33739,Citizens Community Bank,1418 Dinah Shore Blvd,Winchester,Tennessee,TN,37398,Franklin,www.ccbank.net,NM,11/19/1992,11/19/1992,355781,$355.78M,43
2838,AmeriFirst Bank,8165 Vaughn Rd,Montgomery,Alabama,AL,36116,Montgomery,www.amerifirstbank.com,NM,01/02/1916,01/01/1934,355312,$355.31M,52
29548,Pinnacle Bank,1811 2nd Ave,Jasper,Alabama,AL,35501,Walker,www.pinnaclebanc.com,NM,11/01/1935,08/09/1989,355036,$355.04M,52
57280,FlatIrons Bank,1095 Canyon Blvd,Boulder,Colorado,CO,80302,Boulder,www.flatirons.bank,SM,12/22/2001,12/22/2001,354298,$354.30M,38
5136,First Bank Elk River,812 Main St Nw,Elk River,Minnesota,MN,55330,Sherburne,www.elkriver.bank,NM,01/01/1907,01/01/1934,354286,$354.29M,46
27989,OSB Community Bank,925 La Salle St,Ottawa,Illinois,IL,61350,Lasalle,www.myosb.bank,NM,01/01/1871,08/09/1989,354214,$354.21M,43
8117,Pbt Bancorp,524 Main St,Hazard,Kentucky,KY,41701,Perry,www.pbtb.com,SM,03/19/1923,01/01/1934,353959,$353.96M,63
9309,United Southern Bank,1813 E 9th St,Hopkinsville,Kentucky,KY,42240,Christian,www.usbky.com,SM,06/22/1922,01/01/1934,353591,$353.59M,66
58428,Lewis & Clark Bank,15960 Agnes Ave,Oregon City,Oregon,OR,97045,Clackamas,www.lewisandclarkbank.com,NM,12/15/2006,12/15/2006,353377,$353.38M,42
16030,The North Country Savings Bank,127 Main St,Canton,New York,NY,13617,St. Lawrence,northcountrysavings.bank,SI,05/09/1909,07/01/1943,353092,$353.09M,73
16464,Merchants & Planters' Bank,120 Hazel St,Newport,Arkansas,AR,72112,Jackson,http://www.mandp.bank,NM,08/06/1946,08/06/1946,352942,$352.94M,80
29170,United Roosevelt Savings Bank,11-15 Cooke Ave,Carteret,New Jersey,NJ,07008,Middlesex,ursb.bank,SI,01/01/1914,08/09/1989,352520,$352.52M,29
12149,First State Bank,240 N 1st St,Irvington,Kentucky,KY,40146,Breckinridge,www.firststatebankky.com,NM,01/01/1903,01/01/1934,352161,$352.16M,84
16820,The Bank of Glen Burnie,101 Crain Hwy S,Glen Burnie,Maryland,MD,21061,Anne Arundel,www.thebankofglenburnie.com,NM,08/17/1949,08/17/1949,351677,$351.68M,69
8544,United Community Bank,301 W Main St,Perham,Minnesota,MN,56573,Otter Tail,www.ucbankmn.com,NM,01/01/1911,01/01/1934,351554,$351.55M,53
34240,Wolf River Community Bank,309 E Main St,Hortonville,Wisconsin,WI,54944,Outagamie,http://wolfriverbank.com,NM,10/16/1996,10/16/1996,351258,$351.26M,47
16695,First State Bank,302 North Main Street,Stratford,Texas,TX,79084,Sherman,www.firstclassbanking.com,NM,04/26/1948,04/26/1948,351207,$351.21M,39
11526,Cowboy Bank,102 6th St,Kremlin,Oklahoma,OK,73753,Garfield,www.cowboy.bank,SM,05/01/1900,01/01/1934,351067,$351.07M,42
21928,Kirkwood Bank & Trust Co.,2911 N 14th St,Bismarck,North Dakota,ND,58503,Burleigh,www.kirkwoodbank.com,NM,02/18/1975,02/18/1975,350852,$350.85M,54
15760,Citizens National Bank of Albion,10 W Elm St,Albion,Illinois,IL,62806,Edwards,www.cnbalbion.bank,N,08/05/1940,08/05/1940,350759,$350.76M,50
11310,The Bank of Herrin,101 S Park Ave,Herrin,Illinois,IL,62948,Williamson,WWW.BANKOFHERRIN.BANK,NM,04/12/1904,01/01/1934,350746,$350.75M,56
1086,The Bank of Versailles,113 E Newton St,Versailles,Missouri,MO,65084,Morgan,bankov.com,SM,01/01/1882,01/01/1934,350241,$350.24M,39
1992,Pathway Bank,306 S High St,Cairo,Nebraska,NE,68824,Hall,www.pathwaybank.com,NM,01/01/1910,01/01/1934,349389,$349.39M,40
27742,Mutual Savings Bank,80 E Jefferson St,Franklin,Indiana,IN,46131,Johnson,www.mymsb.bank,SI,01/01/1890,08/09/1989,348962,$348.96M,46
22138,Rabun County Bank,121 Rickman St,Clayton,Georgia,GA,30525,Rabun,www.rabuncountybank.com,NM,10/10/1975,10/10/1975,348896,$348.90M,47
12248,First Nebraska Bank,330 N Spruce St,Valley,Nebraska,NE,68064,Douglas,www.firstnebraska.bank,SM,01/01/1934,01/01/1934,348848,$348.85M,70
31184,Citizens Savings Bank,500 S State St,Clarks Summit,Pennsylvania,PA,18411,Lackawanna,citizens-savings.com,SB,01/01/1902,08/09/1989,348724,$348.72M,58
6195,Sterling Bank,234 E La Salle Ave,Barron,Wisconsin,WI,54812,Barron,http://www.sterlingbank.ws,NM,05/01/1885,01/01/1934,348658,$348.66M,51
14184,Marion Community Bank,601 Washington St,Marion,Alabama,AL,36756,Perry,www.marion-bank.com,NM,03/17/1934,04/02/1934,348368,$348.37M,59
15566,Hoosier Heartland State Bank,1661 S Us Highway 231,Crawfordsville,Indiana,IN,47933,Montgomery,http://www.myhhsb.com,NM,12/01/1899,01/01/1934,348311,$348.31M,59
16757,The Campbell & Fetter Bank,126 S Orchard St,Kendallville,Indiana,IN,46755,Noble,www.campbellfetterbank.com,NM,01/01/1863,01/03/1949,348302,$348.30M,61
23546,Municipal Trust and Savings Bank,720 Main St Nw,Bourbonnais,Illinois,IL,60914,Kankakee,WWW.MUNICIPALBANK.COM,NM,10/02/1981,10/02/1981,348176,$348.18M,49
11708,Teutopolis State Bank,106 E Main St,Teutopolis,Illinois,IL,62467,Effingham,www.teutopolisstatebank.com,SM,01/01/1905,01/01/1934,348101,$348.10M,40
14195,Farmers Trust and Savings Bank,101 N Main St,Buffalo Center,Iowa,IA,50424,Winnebago,www.ftsbbank.bank,SM,01/01/1914,04/05/1934,348042,$348.04M,45
4958,The First National Bank of Oneida,19260 Alberta St,Oneida,Tennessee,TN,37841,Scott,www.fnboneida.com,N,01/01/1904,01/01/1934,347944,$347.94M,53
28471,"Roxboro Savings Bank, SSB",313 S Main St,Roxboro,North Carolina,NC,27573,Person,WWW.ROXBOROSAVINGS.COM,SI,01/01/1923,08/09/1989,347818,$347.82M,33
9462,Farmers & Merchants Bank,41 S 1st St,Miamisburg,Ohio,OH,45342,Montgomery,www.bankwithfm.com,NM,11/23/1923,01/01/1934,347503,$347.50M,40
20468,FirstState Bank,88730 Highway 9,Lineville,Alabama,AL,36266,Clay,www.firststatebank.bank,NM,08/24/1971,08/24/1971,346709,$346.71M,56
18858,The Hocking Valley Bank,7 W Stimson Ave,Athens,Ohio,OH,45701,Athens,https://www.hvbonline.com,SM,02/12/1919,08/09/1963,346327,$346.33M,43
6913,Pioneer Bank,252 E Main St,Stanley,Virginia,VA,22851,Page,www.pioneerbks.com,SM,12/03/1909,01/01/1934,345570,$345.57M,56
35477,Citizens First Bank,1442 Lincoln Way,Clinton,Iowa,IA,52732,Clinton,www.gocfb.bank,NM,03/14/2000,03/14/2000,345498,$345.50M,52
25849,Midwest Independent BankersBank,910 Weathered Rock Rd,Jefferson City,Missouri,MO,65101,Cole,www.mibanc.com,SM,01/07/1985,01/07/1985,345447,$345.45M,33
34849,Premier Bank,2625 Nw Arterial,Dubuque,Iowa,IA,52002,Dubuque,http://www.premierbanking.com,SM,10/13/1998,10/13/1998,344830,$344.83M,39
1654,Ozark Bank,106 N 2nd Ave,Ozark,Missouri,MO,65721,Christian,http://www.ozarkbank.com,NM,09/25/1906,01/01/1934,344814,$344.81M,51
13947,Alamosa State Bank,2225 Main St,Alamosa,Colorado,CO,81101,Alamosa,www.alamosastatebank.com,NM,03/01/1907,02/23/1934,343989,$343.99M,33
6662,RiverHills Bank,553 Chamber Dr,Milford,Ohio,OH,45150,Clermont,www.rhb24.com,NM,11/17/1904,01/01/1934,342805,$342.81M,67
59043,"Stifel Trust Company Delaware, National Association",4001 Kennett Pike,Greenville,Delaware,DE,19807,New Castle,,N,04/28/2010,04/30/2020,342474,$342.47M,5
5902,BankOkolona,227 W Main St,Okolona,Mississippi,MS,38860,Chickasaw,www.bankokolona.com,SM,01/31/1931,01/01/1934,342345,$342.35M,59
31272,Community Bank,19 Natchez Trace Dr S,Lexington,Tennessee,TN,38351,Henderson,www.community-bank.net,SM,08/04/1961,08/09/1989,342319,$342.32M,70
10384,Waumandee State Bank,S2021 County Road U,Waumandee,Wisconsin,WI,54622,Buffalo,http://www.waumandeebank.com,NM,01/01/1914,01/01/1934,342286,$342.29M,67
29705,First Federal Community Bank of Bucyrus,119 S Sandusky Ave,Bucyrus,Ohio,OH,44820,Crawford,www.ffcb.com,SL,01/01/1887,08/09/1989,342236,$342.24M,75
33922,Frontier Bank,101 S Phillips Ave,Sioux Falls,South Dakota,SD,57104,Minnehaha,www.frontierbank.com,SB,06/24/1994,06/24/1994,341477,$341.48M,49
57694,First National Bank of Decatur County,819 E Shotwell St,Bainbridge,Georgia,GA,39819,Decatur,http://www.fnbdc.com,N,04/05/2004,04/05/2004,341200,$341.20M,56
5116,Granite Bank,202 2nd Ave S,Cold Spring,Minnesota,MN,56320,Stearns,www.granitebank.com,NM,01/01/1902,01/01/1934,341075,$341.07M,240
4173,The Pauls Valley National Bank,101 W Paul Ave,Pauls Valley,Oklahoma,OK,73075,Garvin,www.pvnb.com/www.pvnational.com,N,01/01/1905,01/01/1934,340768,$340.77M,56
8506,New Albin Savings Bank,118 Main St Ne,New Albin,Iowa,IA,52160,Allamakee,http://www.newalbinsavingsbank.com,NM,01/01/1898,01/01/1934,340699,$340.70M,14
58658,"Locus Bank, Inc.",7814 Carousel Ln,Richmond,Virginia,VA,23294,Henrico,locusimpact.org,SM,08/20/2008,08/20/2008,340588,$340.59M,32
14857,State Street Bank and Trust Company,801 State St,Quincy,Illinois,IL,62301,Adams,www.statestreetbank.com,NM,01/01/1890,11/08/1934,340506,$340.51M,58
11299,"Farmers State Bank of Alto Pass, Ill.",55 N Elm St,Alto Pass,Illinois,IL,62905,Union,http://www.myfsb.com,NM,01/01/1910,01/01/1934,340429,$340.43M,71
30637,Greenville Savings Bank,233 Main St,Greenville,Pennsylvania,PA,16125,Mercer,www.greenvillesavings.com,SI,01/01/1911,08/09/1989,340375,$340.38M,42
14922,F&M Bank,204 N Main St,West Point,Nebraska,NE,68788,Cuming,www.fmbankne.bank,NM,01/01/1931,12/04/1934,340359,$340.36M,61
23815,First State Bank of DeKalb County,2407 Gault Ave N,Fort Payne,Alabama,AL,35967,Dekalb,www.fsbal.com,NM,05/19/1982,05/19/1982,339686,$339.69M,55
23764,FMS Bank,520 Sherman St,Fort Morgan,Colorado,CO,80701,Morgan,www.fmsbank.com,SM,04/12/1982,04/12/1982,339058,$339.06M,61
496,BankStar Financial,124 Elk St,Elkton,South Dakota,SD,57026,Brookings,https://www.ebankstar.bank,NM,03/20/1926,01/01/1934,338843,$338.84M,39
3376,Ozona Bank,503 11th Street,Ozona,Texas,TX,76943,Crockett,http://www.ozona.bank,NM,06/01/1905,01/01/1934,338782,$338.78M,64
14056,Farmers and Merchants Bank of St. Clair,959 N Commercial Ave,Saint Clair,Missouri,MO,63077,Franklin,www.fmb4banking.bank,NM,05/02/1913,03/12/1934,338765,$338.76M,56
13303,Bank of England,123 S Main St,England,Arkansas,AR,72046,Lonoke,www.bankofengland-ar.com,NM,08/08/1898,01/01/1934,338576,$338.58M,116
5569,The Waggoner National Bank of Vernon,1818 Texas St,Vernon,Texas,TX,76384,Wilbarger,www.wnbvernon.com,N,07/03/1899,01/01/1934,338549,$338.55M,62
12493,Premier Bank National Association,16802 Burke St,Omaha,Nebraska,NE,68118,Douglas,www.premierbankne.com,N,08/01/1914,01/01/1934,337702,$337.70M,48
33470,Today's Bank,432 Harmony Rd,Huntsville,Arkansas,AR,72740,Madison,www.todaysbank.com,NM,07/26/1991,07/26/1991,337114,$337.11M,72
59206,"RockPointBank, National Association",401 Chestnut St,Chattanooga,Tennessee,TN,37402,Hamilton,www.rockpoint.bank,N,03/15/2021,03/15/2021,337037,$337.04M,30
59140,Gulfside Bank,333 N Orange Ave,Sarasota,Florida,FL,34236,Sarasota,www.gulfsidebank.com,NM,11/13/2018,11/13/2018,337017,$337.02M,29
11810,Huron Community Bank,301 Newman St,East Tawas,Michigan,MI,48730,Iosco,www.bankhcb.com,SM,06/14/1927,01/01/1934,336996,$337.00M,68
26944,American State Bank,1000 Jeffreys Dr,Osceola,Iowa,IA,50213,Clarke,www.americanstatebank.com,SM,04/23/1987,04/23/1987,336167,$336.17M,36
14991,The Farmers State Bank,101 S Main St,New Madison,Ohio,OH,45346,Darke,WWW.MYFSB.BANK,NM,01/01/1919,01/17/1935,335767,$335.77M,56
8761,Kerndt Brothers Savings Bank,370 Main St,Lansing,Iowa,IA,52151,Allamakee,www.kerndtbrothers.com,NM,01/14/1908,01/01/1934,335711,$335.71M,58
17622,Alden State Bank,10564 Coy St,Alden,Michigan,MI,49612,Antrim,www.alden.bank,NM,01/01/1934,06/22/1956,335353,$335.35M,37
19234,American Bank,1819 N Columbia St,Covington,Louisiana,LA,70433,St. Tammany,www.americanbankusa.com,NM,09/14/1964,09/14/1964,335225,$335.23M,73
20537,American Bank and Trust Company,6060 S American Plaza St E,Tulsa,Oklahoma,OK,74135,Tulsa,www.americanbanktulsa.com,NM,11/05/1971,11/05/1971,335170,$335.17M,43
10165,Farmers and Merchants State Bank of Pierz,80 Main St N,Pierz,Minnesota,MN,56364,Morrison,www.fmpierz.com,NM,01/01/1908,01/01/1934,335016,$335.02M,49
22578,Brighton Bank,7101 S Highland Dr,Salt Lake City,Utah,UT,84121,Salt Lake,www.brightonbank.com,NM,01/03/1978,01/03/1978,334491,$334.49M,49
33565,"Desjardins Bank, National Association",1001 E Hallandale Beach Blvd,Hallandale,Florida,FL,33009,Broward,www.Desjardinsbank.com,N,02/28/1992,02/28/1992,334318,$334.32M,36
10639,Flatwater Bank,900 Lake Ave,Gothenburg,Nebraska,NE,69138,Dawson,www.flatwater.bank,NM,05/01/1902,01/01/1934,333949,$333.95M,40
1753,Union Bank & Trust Company,102 W Mccloy St,Monticello,Arkansas,AR,71655,Drew,www.unionbnk.com,SM,04/01/1887,01/01/1934,333249,$333.25M,55
13032,Citizens First Bank,101 S Main St,Viroqua,Wisconsin,WI,54665,Vernon,http://www.citizensfirstbank.net,NM,01/01/1912,01/01/1934,332894,$332.89M,58
16852,"Citizens Deposit Bank of Arlington, Inc.",1 Walnut St,Arlington,Kentucky,KY,42021,Carlisle,http://www.cdbky.com,NM,12/01/1949,12/01/1949,332556,$332.56M,56
34918,First National Bank of Hereford,301 W 3rd St,Hereford,Texas,TX,79045,Deaf Smith,http://www.fnbhereford.com,N,12/06/1999,12/06/1999,332160,$332.16M,54
8035,Bath State Bank,3095 Bath Road,Bath,Indiana,IN,47010,Franklin,www.bathstatebank.com,NM,10/23/1923,01/01/1934,331982,$331.98M,37
10266,The Citizens Bank Company,501 5th St,Beverly,Ohio,OH,45715,Washington,www.thecitizens.com,NM,01/01/1863,01/01/1934,331901,$331.90M,49
4031,Frazer Bank,110 E Broadway St,Altus,Oklahoma,OK,73521,Jackson,www.frazerbank.com,SM,01/01/1902,01/01/1934,331900,$331.90M,52
485,Security Bank Midwest,1600 Main St,Tyndall,South Dakota,SD,57066,Bon Homme,www.sbmidwest.bank,NM,11/01/1932,01/01/1934,331859,$331.86M,30
58482,Bank of Montana,125 Bank St,Missoula,Montana,MT,59802,Missoula,www.bankofmontana.com,NM,11/26/2007,11/26/2007,331210,$331.21M,9
11907,Security State Bank,100 5th St,Farwell,Texas,TX,79325,Parmer,www.ssbfarwell.com,NM,01/01/1925,01/01/1934,331075,$331.07M,18
15306,TruCommunity Bank,102 N Main St,Garrison,North Dakota,ND,58540,Mclean,www.trucommunity.bank,NM,11/02/1935,11/19/1935,330906,$330.91M,58
19681,Community Bank of Parkersburg,631 Juliana St,Parkersburg,West Virginia,WV,26101,Wood,www.communitybankpkbg.com,NM,03/01/1967,03/01/1967,330783,$330.78M,68
12201,The Cleveland State Bank,110 Commerce Ave,Cleveland,Mississippi,MS,38732,Bolivar,www.clevelandstatebank.com,NM,02/08/1908,01/01/1934,330695,$330.69M,58
58074,Flint Community Bank,2910 Meredyth Dr,Albany,Georgia,GA,31721,Dougherty,http://www.flint.bank,NM,02/03/2006,02/03/2006,330572,$330.57M,38
8552,Great Southern Bank,218 22nd Ave S,Meridian,Mississippi,MS,39301,Lauderdale,www.greatsouthern.bank,SM,03/02/1902,01/01/1934,330371,$330.37M,84
32257,Abacus Federal Savings Bank,6 Bowery,New York,New York,NY,10013,New York,www.abacusbank.com,SB,11/29/1984,08/09/1989,329606,$329.61M,74
956,Glenwood State Bank,32 N Walnut St,Glenwood,Iowa,IA,51534,Mills,https://www.glenwoodstatebank.com,SM,01/01/1899,01/01/1934,329025,$329.02M,37
5357,First National Community Bank,109 E 2nd St,New Richmond,Wisconsin,WI,54017,St. Croix,www.fnc.bank,N,01/01/1919,01/01/1934,328993,$328.99M,50
6528,The First National Bank of Bellevue,120 North St,Bellevue,Ohio,OH,44811,Sandusky,www.fnblifetime.com,N,09/15/1875,01/01/1934,328513,$328.51M,55
19679,Citizens Bank of Ada,123 W 12th St,Ada,Oklahoma,OK,74820,Pontotoc,http://www.citizensada.bank,NM,02/20/1967,02/20/1967,328489,$328.49M,63
3691,Hometown National Bank,260 Bucklin St,La Salle,Illinois,IL,61301,Lasalle,www.myhtnb.bank,N,12/16/1880,01/01/1934,328364,$328.36M,43
57092,Traditions First Bank,5745 E Main St,Erin,Tennessee,TN,37061,Houston,http://www.traditionsfirst.com,NM,11/30/2000,11/30/2000,328087,$328.09M,46
30402,Franklin Bank,1179 Route 40,Pilesgrove,New Jersey,NJ,08098,Salem,www.franklinbnk.com,SI,01/01/1861,08/09/1989,327813,$327.81M,66
15242,Northern State Bank,321 Main St W,Ashland,Wisconsin,WI,54806,Ashland,http://www.nsbashland.com,NM,09/05/1933,01/01/1934,327281,$327.28M,49
41,Phenix-Girard Bank,801 13th St,Phenix City,Alabama,AL,36867,Russell,www.phenix-girard.com,NM,05/04/1904,01/01/1934,327235,$327.24M,49
14522,PCSB Bank,120 E Washington St,Clarinda,Iowa,IA,51632,Page,www.wearepcsb.com,NM,01/01/1866,06/28/1934,326943,$326.94M,42
28614,"The Equitable Bank, S.S.B.",2290 N Mayfair Rd,Wauwatosa,Wisconsin,WI,53226,Milwaukee,equitablebank.net,SI,01/01/1927,08/09/1989,326611,$326.61M,78
26689,Bank of Alma,211 S Main St,Alma,Wisconsin,WI,54610,Buffalo,www.bankofalma.net,NM,06/20/1986,06/20/1986,326530,$326.53M,19
402,Sooner State Bank,2 Se 4th St,Tuttle,Oklahoma,OK,73089,Grady,http://www.soonerstatebank.com,NM,01/01/1903,01/01/1934,326449,$326.45M,70
27711,Altoona First Savings Bank,203 N Logan Blvd,Altoona,Pennsylvania,PA,16602,Blair,www.altoonabank.com,SI,01/01/1927,08/09/1989,326291,$326.29M,48
9529,State Bank of Newburg,300 Congress Dr Hwy 33,Newburg,Wisconsin,WI,53060,Washington,www.newburg.bank,NM,01/01/1911,01/01/1934,326209,$326.21M,28
19590,Altamaha Bank & Trust Company,206 Jackson St,Vidalia,Georgia,GA,30474,Toombs,www.altamaha.bank,NM,05/16/1966,05/19/1966,325418,$325.42M,53
26602,Charles River Bank,70 Main St,Medway,Massachusetts,MA,02053,Norfolk,www.charlesriverbank.com,SM,01/01/1915,03/25/1986,325397,$325.40M,47
15194,KCB Bank,221 N Main St,Lakin,Kansas,KS,67860,Kearny,www.kcbks.bank,NM,01/01/1888,06/26/1935,325272,$325.27M,43
9775,Bank of Kilmichael,120 N Depot Ave,Kilmichael,Mississippi,MS,39747,Montgomery,www.bankofkilmichael.com,SM,09/16/1904,01/01/1934,325244,$325.24M,50
9935,Rivers Edge Bank,211 N Broadway Ave,Marion,South Dakota,SD,57043,Turner,www.riversedge.bank,NM,01/01/1904,01/01/1934,325034,$325.03M,31
11669,First State Bank of Forrest,133 E Krack St,Forrest,Illinois,IL,61741,Livingston,http://wwwfsbforrest.com,NM,01/01/1914,01/01/1934,324927,$324.93M,54
29293,"Cumberland Federal Bank, FSB",1390 2nd Ave,Cumberland,Wisconsin,WI,54829,Barron,www.cumberlandfederal.com,SB,01/01/1934,08/09/1989,324882,$324.88M,22
1417,Woodlands National Bank,122 Main St E,Hinckley,Minnesota,MN,55037,Pine,www.woodlandsnationalbank.com,N,10/01/1908,01/01/1934,324730,$324.73M,50
5779,The Peoples Bank,100 N Main St,Brownstown,Indiana,IN,47220,Jackson,http://www.banktpb.com,NM,01/01/1934,01/01/1934,324277,$324.28M,47
34585,Pacific Crest Bank,3500 188th St Sw,Lynnwood,Washington,WA,98037,Snohomish,http://www.paccrest.com/,SI,01/02/1998,01/02/1998,324246,$324.25M,16
10055,First Southern Bank,930 Memorial Dr,Waycross,Georgia,GA,31501,Ware,www.fsb-bank.bank,NM,06/19/1907,01/01/1934,324134,$324.13M,59
15945,Forest Park National Bank and Trust Company,7348 Madison St,Forest Park,Illinois,IL,60130,Cook,www.forestparkbank.com,N,05/15/1943,05/15/1943,324123,$324.12M,50
9079,The Harvard State Bank,33 N Ayer St,Harvard,Illinois,IL,60033,Mchenry,www.webhsb.com,NM,08/01/1866,01/01/1934,324122,$324.12M,47
19024,Commercial National Bank of Texarkana,5515 Summerhill Rd,Texarkana,Texas,TX,75503,Bowie,www.cnbtxk.com,N,02/05/1964,02/05/1964,323963,$323.96M,60
230,Community State Bank,1812 Highway Blvd,Spencer,Iowa,IA,51301,Clay,www.ecommunitybank.org,NM,01/01/1914,01/01/1934,323914,$323.91M,37
11307,Farmers State Bank,108 E Adams St,Pittsfield,Illinois,IL,62363,Pike,www.farmersstate.com,NM,01/26/1889,01/01/1934,323894,$323.89M,39
8274,Exchange Bank Co.,268 N Johnson St,Kahoka,Missouri,MO,63445,Clark,ebnemo.com,SM,09/08/1903,01/01/1934,323761,$323.76M,64
5396,City Bank & Trust Co.,2929 Pine Lake Rd,Lincoln,Nebraska,NE,68516,Lancaster,www.citybankandtrust.com,NM,04/18/1910,01/01/1934,323741,$323.74M,44
10169,Sherburne State Bank,12500 Sherburne Avenue,Becker,Minnesota,MN,55308,Sherburne,www.sherburnestatebank.com,NM,09/07/1920,01/01/1934,322805,$322.81M,47
3677,The Havana National Bank,112 S Orange St,Havana,Illinois,IL,62644,Mason,http://www.havanabank.com,N,03/30/1875,01/01/1934,322561,$322.56M,55
10532,CLB The Community Bank,301 Mound St,Jonesville,Louisiana,LA,71343,Catahoula,www.clbbank.com,NM,10/05/1907,01/01/1934,322360,$322.36M,60
1610,The State Bank of Faribault,428 Central Ave N,Faribault,Minnesota,MN,55021,Rice,www.tsbf.com,NM,11/14/1919,01/01/1934,321971,$321.97M,46
12386,State Bank of Toulon,102 W Main St,Toulon,Illinois,IL,61483,Stark,www.banksbt.bank,NM,06/20/1903,01/01/1934,321770,$321.77M,48
57869,"1st Trust Bank, Inc.",44 Commerce Dr,Hazard,Kentucky,KY,41701,Perry,www.1tbi.com,NM,12/13/2004,12/13/2004,321027,$321.03M,51
15111,The Citizens State Bank,410 Main St,Gridley,Kansas,KS,66852,Coffey,www.bankcsb.bank,NM,01/01/1911,05/01/1935,320658,$320.66M,53
29904,Elizabethton Federal Savings Bank,112 N Sycamore St,Elizabethton,Tennessee,TN,37643,Carter,www.elizfed.com,SB,06/15/1937,08/09/1989,320053,$320.05M,30
10218,Citizens Bank & Trust Co.,102 Main St S,Hutchinson,Minnesota,MN,55350,Mcleod,http://www.cbhutch.com,NM,01/01/1886,01/01/1934,319911,$319.91M,33
1022,"Clare Bank, National Association",345 W Pine St,Platteville,Wisconsin,WI,53818,Grant,www.clarebank.com,N,10/28/1905,01/01/1934,319842,$319.84M,37
8231,Copiah Bank,101 Caldwell Dr,Hazlehurst,Mississippi,MS,39083,Copiah,WWW.COPIAHBANK.COM,SM,10/26/1891,01/01/1934,319788,$319.79M,61
1936,Community State Bank of Missouri,117 W Church St,Bowling Green,Missouri,MO,63334,Pike,www.c-s-b.com,NM,01/26/1887,01/01/1934,319698,$319.70M,42
30270,Citizens Savings Bank,1725 Sullivan Dr,Bogalusa,Louisiana,LA,70427,Washington,https://www.citizenssb.com,SI,01/01/1945,08/09/1989,319696,$319.70M,75
5364,The First National Bank of River Falls,104 E Locust St,River Falls,Wisconsin,WI,54022,Pierce,http://www.fnbrf.com,N,01/04/1904,01/01/1934,319138,$319.14M,51
15050,First State Bank,101 S Center St,Lonoke,Arkansas,AR,72086,Lonoke,https://www.firststatebk.com,NM,03/18/1935,03/18/1935,319070,$319.07M,47
28155,Profile Bank,45 Wakefield St,Rochester,New Hampshire,NH,03867,Strafford,www.profilebank.com,SM,01/01/1907,08/09/1989,318622,$318.62M,55
8867,Ultima Bank Minnesota,9 W Minnesota Ave,Winger,Minnesota,MN,56592,Polk,www.ultimabank.com,NM,01/01/1904,01/01/1934,318504,$318.50M,53
2496,The National Iron Bank,195 Main St,Salisbury,Connecticut,CT,06068,Northwest Hills,www.ironbank.com,N,08/17/1847,01/01/1934,318124,$318.12M,35
22717,Citizens Bank and Trust Company of Ardmore,1100 N Commerce St,Ardmore,Oklahoma,OK,73401,Carter,www.citizensbt.com,SM,09/18/1978,09/18/1978,318089,$318.09M,46
29496,"Seneca Savings Bank, National Association",35 Oswego St,Baldwinsville,New York,NY,13027,Onondaga,senecasavings.com,N,01/01/1928,08/09/1989,316594,$316.59M,58
59324,Nave Bank,1608 Ave Ponce De Leon,San Juan,Puerto Rico,PR,00909,San Juan,www.navebank.com,SM,09/18/2023,09/18/2023,316554,$316.55M,45
58602,Reliance Bank,2300 30th St Nw,Faribault,Minnesota,MN,55021,Rice,https://www.reliancebankmn.com,NM,08/13/2007,08/13/2007,316518,$316.52M,42
17603,The National Bank of Andrews,1501 N Main St,Andrews,Texas,TX,79714,Andrews,www.nbabankonline.com,N,11/12/1945,05/18/1956,316169,$316.17M,60
8942,Stock Growers Bank,331 Main St S,Forman,North Dakota,ND,58032,Sargent,https://www.stockgrowers.bank,NM,01/01/1900,01/01/1934,316059,$316.06M,29
231,Commercial Savings Bank,325 W Us Highway 30,Carroll,Iowa,IA,51401,Carroll,www.csbcarroll.com,SM,01/01/1917,01/01/1934,316049,$316.05M,26
2249,Western Bank,140 E Motel Dr,Lordsburg,New Mexico,NM,88045,Hidalgo,www.bootheelbank.com,SM,09/29/1907,01/01/1934,316033,$316.03M,45
10831,"The First Trust and Savings Bank of Watseka, Illinois",120 E Walnut St,Watseka,Illinois,IL,60970,Iroquois,www.ftsbank.com,SM,06/28/1909,01/01/1934,315968,$315.97M,31
11557,First State Bank of Burnet,136 E Washington St,Burnet,Texas,TX,78611,Burnet,http://https://www.fsbburnet.com,NM,10/24/1908,01/01/1934,315809,$315.81M,40
29173,New Carlisle Federal Savings Bank,400 N Main St,New Carlisle,Ohio,OH,45344,Clark,www.ncfsb.com,SB,01/01/1883,08/09/1989,315600,$315.60M,33
3268,The First National Bank of Hughes Springs,505 E 1st,Hughes Springs,Texas,TX,75656,Cass,WWW.FNBHS.COM,N,06/03/1903,01/01/1934,315464,$315.46M,110
252,Pinnacle Bank,2206 S Center St,Marshalltown,Iowa,IA,50158,Marshall,www.bankpinnacle.us,SM,05/05/1927,01/01/1934,314848,$314.85M,29
9420,The Union Bank,1700 Highway 49 N,Beulah,North Dakota,ND,58523,Mercer,www.theunionbank.com,NM,01/01/1899,01/01/1934,314570,$314.57M,47
21988,Community State Bank of Rock Falls,1801 1st Ave,Rock Falls,Illinois,IL,61071,Whiteside,www.commstbk.com,NM,04/24/1975,04/24/1975,314553,$314.55M,48
16436,Centera Bank,119 S Inman St,Sublette,Kansas,KS,67877,Haskell,www.centerabank.com,NM,10/18/1937,05/31/1946,314338,$314.34M,48
16863,Citizens Independent Bank,5000 W 36th St,Saint Louis Park,Minnesota,MN,55416,Hennepin,www.bankcib.com,NM,01/16/1950,01/16/1950,314295,$314.30M,59
3854,Bank of 1889,305 Public Sq,Berryville,Arkansas,AR,72616,Carroll,www.1889.bank,SM,02/18/1889,01/01/1934,313850,$313.85M,93
9794,Kearney Trust Company,310 W 92 Hwy,Kearney,Missouri,MO,64060,Clay,www.kearneytrust.com,NM,06/10/1882,01/01/1934,313798,$313.80M,37
14413,"Iowa State Bank and Trust Company of Fairfield, Iowa",55 S 4th St,Fairfield,Iowa,IA,52556,Jefferson,www.myiowastatebank.com,SM,05/19/1934,05/25/1934,313640,$313.64M,31
11431,Bank of Yazoo City,104 N Main St,Yazoo City,Mississippi,MS,39194,Yazoo,http://www.bankofyazoo.com,NM,04/15/1876,01/01/1934,312575,$312.57M,43
8295,O'Bannon Banking Company,1347 S Ash St,Buffalo,Missouri,MO,65622,Dallas,http://www.obannonbank.com,NM,11/20/1905,01/01/1934,312363,$312.36M,57
5424,Security Bank,202 E 2nd St,Laurel,Nebraska,NE,68745,Cedar,WWW.MYSECURITY.BANK,SM,03/06/1928,01/01/1934,311890,$311.89M,43
35427,United National Bank,722 N Broad St,Cairo,Georgia,GA,39828,Grady,http://www.unbonline.com,N,05/26/2000,05/26/2000,311656,$311.66M,37
10844,Buena Vista National Bank,1309 Swanwick St,Chester,Illinois,IL,62233,Randolph,www.bvnb.com,N,01/01/1905,01/01/1934,311561,$311.56M,64
267,Kentucky Farmers Bank Corporation,2500 Broadway St,Catlettsburg,Kentucky,KY,41129,Boyd,www.kfb.bank,NM,01/01/1931,01/01/1934,311560,$311.56M,70
57335,Farmers Bank,119 1st St,Ault,Colorado,CO,80610,Weld,www.farmersbank-weld.com,SM,12/28/2001,12/28/2001,311461,$311.46M,34
1735,Farmers and Merchants Bank,112 E Ladiga St,Piedmont,Alabama,AL,36272,Calhoun,http://www.FandM.bank,NM,04/12/1915,01/01/1934,310371,$310.37M,54
9665,Kaw Valley Bank,1110 N Kansas Ave,Topeka,Kansas,KS,66608,Shawnee,www.kawvalleybank.com,NM,07/22/1870,01/01/1934,310314,$310.31M,75
11734,Flanagan State Bank,301 W Falcon Hwy,Flanagan,Illinois,IL,61740,Livingston,www.flanaganstatebank.com,NM,01/01/1913,01/01/1934,310145,$310.14M,129
14674,The First National Bank in Amboy,220 E Main St,Amboy,Illinois,IL,61310,Lee,www.fnbamboy.com,N,08/11/1934,08/11/1934,310074,$310.07M,57
12609,Patterson State Bank,1130 Highway 90,Patterson,Louisiana,LA,70392,St. Mary,www.pattersonstatebank.com,NM,01/01/1925,01/01/1934,310051,$310.05M,36
57230,Douglas National Bank,211 Ward St E,Douglas,Georgia,GA,31533,Coffee,http://www.dnbdouglas.com,N,11/19/2001,11/19/2001,309678,$309.68M,35
30154,Sewickley Savings Bank,531 Broad St,Sewickley,Pennsylvania,PA,15143,Allegheny,www.sewickleysavingsbank.com,SI,01/01/1884,08/09/1989,309353,$309.35M,23
17317,Goppert State Service Bank,106 E 5th Ave,Garnett,Kansas,KS,66032,Anderson,http://www.gssb.us.com,NM,07/11/1899,04/12/1954,309113,$309.11M,59
12163,The Farmers Bank of Milton,41 Ferry St,Milton,Kentucky,KY,40045,Trimble,fbmilton.com,NM,01/01/1902,01/01/1934,309106,$309.11M,48
59298,"Business Bank, The",30 Kimball Ave,S Burlington,Vermont,VT,05403,Chittenden,www.thebusinessbank.com,NM,08/02/2022,08/02/2022,308662,$308.66M,24
5704,Bank of Newington,224 Walton St,Newington,Georgia,GA,30446,Screven,http://https://www.bankofnewington.com,NM,08/14/1919,01/01/1934,308613,$308.61M,46
21557,Three Rivers Bank of Montana,233 E Idaho St,Kalispell,Montana,MT,59901,Flathead,WWW.THREERIVERSBANKMONTANA.COM,NM,05/01/1974,05/01/1974,308291,$308.29M,57
18885,Neighborhood National Bank,45 Union St N,Mora,Minnesota,MN,55051,Kanabec,www.neighborhood.bank,N,09/26/1963,09/26/1963,308145,$308.14M,44
15282,Heritage Community Bank,100 E Locust St,Union,Missouri,MO,63084,Franklin,WWW.HCBANKS.COM,NM,08/19/1935,09/19/1935,308016,$308.02M,49
10434,State Bank of Graymont,204 Main St,Graymont,Illinois,IL,61743,Livingston,www.sbofgray.com,NM,01/01/1913,01/01/1934,307974,$307.97M,45
22756,People's Bank and Trust Company of Pickett County,19 Courthouse Sq,Byrdstown,Tennessee,TN,38549,Pickett,https://pbt.bank,NM,11/27/1978,11/27/1978,307369,$307.37M,55
2107,First National Bank of South Carolina,801 Gilway St,Holly Hill,South Carolina,SC,29059,Orangeburg,http://www.fnbsc.com,N,09/15/1905,01/01/1934,307153,$307.15M,64
32025,United Bank,2600 S Thompson St,Springdale,Arkansas,AR,72764,Washington,www.united-bk.com,SM,01/01/1978,08/09/1989,306893,$306.89M,52
618,Bank of Millbrook,3263 Franklin Ave,Millbrook,New York,NY,12545,Dutchess,WWW.BANKOFMILLBROOK.COM,SM,05/18/1891,01/01/1934,306752,$306.75M,45
8898,St. Johns Bank and Trust Company,8924 Saint Charles Rock Rd,Saint Louis,Missouri,MO,63114,St. Louis,https://www.stjohnsbank.com,NM,01/01/1926,01/01/1934,306216,$306.22M,74
28942,"Carthage Savings and Loan, National Association",313 State St,Carthage,New York,NY,13619,Jefferson,carthagesavings.com,N,01/01/1888,08/09/1989,306048,$306.05M,38
8531,Bank of Coushatta,1525 Ringgold Ave,Coushatta,Louisiana,LA,71019,Red River,www.mybcbank.com,NM,08/01/1897,01/01/1934,305969,$305.97M,36
5097,First Bank Blue Earth,306 S Main St,Blue Earth,Minnesota,MN,56013,Faribault,www.firstbankblueearth.com,SM,01/01/1869,01/01/1934,305574,$305.57M,32
59176,The Millyard Bank,57 Northeastern Blvd,Nashua,New Hampshire,NH,03062,Hillsborough,www.millyardbank.com,NM,11/21/2019,11/21/2019,305383,$305.38M,28
4756,First National Bank and Trust,225 State St,Phillipsburg,Kansas,KS,67661,Phillips,www.agbank.bank,N,01/01/1884,01/01/1934,305339,$305.34M,59
30367,1st Bank of Sea Isle City,4301 Landis Ave,Sea Isle City,New Jersey,NJ,08243,Cape May,www.1stbankseaisle.com,SI,01/01/1882,08/09/1989,305185,$305.19M,46
19700,ValueBank Texas,5262 S Staples St,Corpus Christi,Texas,TX,78411,Nueces,www.valuebanktexas.com,NM,04/27/1967,05/11/1967,305096,$305.10M,87
4228,First Bethany Bank & Trust,6500 Nw 39th Expy,Bethany,Oklahoma,OK,73008,Oklahoma,https://www.firstbethany.com,SM,01/01/1923,01/01/1934,304748,$304.75M,39
9069,Farmers & Merchants Bank,100 S Madison Ave,Eatonton,Georgia,GA,31024,Putnam,www.ibankfmb.com,NM,11/15/1922,01/01/1934,304531,$304.53M,31
34052,Bay Bank,2555 Packerland Dr,Green Bay,Wisconsin,WI,54313,Brown,www.baybankgb.com,NM,08/21/1995,08/21/1995,304370,$304.37M,38
6186,Citizens State Bank of Loyal,400 N Main St,Loyal,Wisconsin,WI,54446,Clark,http://www.csbloyal.com,NM,12/15/1909,01/01/1934,304284,$304.28M,40
12706,State Bank,885 N Illinois Route 3,Waterloo,Illinois,IL,62298,Monroe,www.sbw.bank,NM,01/04/1894,01/01/1934,304179,$304.18M,48
3302,"Texana Bank, National Association",124 E Rush St,Linden,Texas,TX,75563,Cass,www.texanabank.com,N,01/01/1914,01/01/1934,304076,$304.08M,355
14761,1NB Bank,891 Fairfax St,Carlyle,Illinois,IL,62231,Clinton,https://www.1nbcarlyle.com,SM,01/01/1878,01/01/1934,303476,$303.48M,33
31823,"Interamerican Bank, A FSB",9190 Coral Way,Miami,Florida,FL,33165,Miami-Dade,www.interamericanbank.com,SB,08/23/1976,08/09/1989,303205,$303.20M,77
109,Horatio State Bank,123 W Main St,Horatio,Arkansas,AR,71842,Sevier,www.horatiostatebank.com,NM,05/05/1905,01/01/1934,302507,$302.51M,47
18780,Sundown State Bank,501 S Slaughter Ave,Sundown,Texas,TX,79372,Hockley,www.sundownsb.com,NM,05/21/1963,05/21/1963,302505,$302.50M,35
10849,Tompkins State Bank,117 S Main St,Avon,Illinois,IL,61415,Fulton,www.tompkinsstatebank.com,NM,01/01/1913,01/01/1934,302376,$302.38M,54
34023,TNBANK,401 S Illinois Ave,Oak Ridge,Tennessee,TN,37830,Anderson,www.tnbank.bank,NM,05/30/1995,05/30/1995,301896,$301.90M,49
34610,Community First Banking Company,1330 Southern Hills Ctr,West Plains,Missouri,MO,65775,Howell,www.cfbankco.com,NM,11/13/1997,11/13/1997,301725,$301.73M,42
12305,Columbus State Bank,1102 Milam St,Columbus,Texas,TX,78934,Colorado,www.columbusstate.com,NM,08/19/1919,01/01/1934,301587,$301.59M,24
18660,Charter Bank,10502 Leopard St,Corpus Christi,Texas,TX,78410,Nueces,www.charterbankcc.com,NM,12/14/1962,12/14/1962,301457,$301.46M,50
6101,Decatur County Bank,56 N Pleasant St,Decaturville,Tennessee,TN,38329,Decatur,www.decaturcountybank.com,SM,11/16/1899,01/01/1934,301350,$301.35M,55
3275,The Jacksboro National Bank,910 N Main St,Jacksboro,Texas,TX,76458,Jack,http://www.mybanktexas.com,N,01/01/1905,01/01/1934,301322,$301.32M,49
22971,First Secure State Bank,7526 Hancock Dr,Wonder Lake,Illinois,IL,60097,Mchenry,www.thestatebankgroup.com,NM,10/22/1979,10/22/1979,301074,$301.07M,43
57644,Gateway Bank,745 Market St,Mendota Heights,Minnesota,MN,55118,Dakota,www.gateway.bank,NM,01/20/2004,01/20/2004,300539,$300.54M,30
15104,Bank of York,13 Liberty St W,York,South Carolina,SC,29745,York,www.bankofyork.com,NM,04/15/1935,04/24/1935,299968,$299.97M,36
5317,The Peshtigo National Bank,250 French St,Peshtigo,Wisconsin,WI,54157,Marinette,www.pnbwi.com,N,02/04/1901,01/01/1934,299908,$299.91M,53
16720,Western Bank,320 W Texas Ave,Artesia,New Mexico,NM,88210,Eddy,www.wbartesia.com,NM,08/02/1948,08/02/1948,299675,$299.68M,23
9080,Holcomb Bank,233 E Il Route 38,Rochelle,Illinois,IL,61068,Ogle,www.holcomb.bank,NM,07/05/1892,01/01/1934,299605,$299.61M,48
10918,Grant County Bank,201 S Main St,Ulysses,Kansas,KS,67880,Grant,www.gcbks.bank,NM,01/01/1906,01/01/1934,299597,$299.60M,54
19674,The Citizens Bank of Weston,201 Main Ave,Weston,West Virginia,WV,26452,Lewis,www.citzensbankweston.com,NM,12/23/1891,02/02/1967,299583,$299.58M,39
13801,Farmers and Merchants Bank,6464 Merchants Dr,Laotto,Indiana,IN,46763,Noble,www.fmfbank.com,NM,10/29/1914,01/31/1934,299562,$299.56M,27
17881,Freedom Bank,533 N Alamo Rd,Alamo,Texas,TX,78516,Hidalgo,www.freedombanktexas.com,NM,07/12/1958,07/12/1958,299423,$299.42M,54
9326,Washington State Bank,103 North Main Street,Washington,Louisiana,LA,70589,St. Landry,www.wsbankla.com,NM,04/10/1893,01/01/1934,299191,$299.19M,57
13735,Savings Bank,185 S Green Ave,Primghar,Iowa,IA,51245,O'Brien,www.savingsbankia.com,NM,11/15/1894,01/29/1934,298504,$298.50M,20
12513,Partners Bank of Wisconsin,907 N Central Ave,Marshfield,Wisconsin,WI,54449,Wood,www.partnersbankwi.com,NM,06/13/1908,01/01/1934,298499,$298.50M,35
26829,First National Bank of Pasco,13315 Us Highway 301,Dade City,Florida,FL,33525,Pasco,www.fnbpasco.com/,N,11/03/1986,11/03/1986,298413,$298.41M,55
27969,Community Savings,425 Main St,Caldwell,Ohio,OH,43724,Noble,www.mycommunitysavings.com,SB,01/01/1885,08/09/1989,298207,$298.21M,62
34040,First American State Bank,8390 E Crescent Pkwy,Greenwood Village,Colorado,CO,80111,Arapahoe,http://www.fasbank.com,SM,07/10/1995,07/10/1995,298194,$298.19M,23
17767,Guaranty Bank and Trust Company,175 New Roads St,New Roads,Louisiana,LA,70760,Pointe Coupee,guaranty-bnk.com,NM,06/29/1957,06/29/1957,298062,$298.06M,75
14779,Citizens National Bank at Brownwood,1 Carnegie St,Brownwood,Texas,TX,76801,Brown,www.cnb-brownwood.com,N,09/28/1934,09/28/1934,297793,$297.79M,43
10160,VersaBank USA National Association,580 Main St,Holdingford,Minnesota,MN,56340,Stearns,www.versabankusa.com,N,10/10/1910,01/01/1934,297621,$297.62M,15
35455,"Hometown Bank of Corbin, Inc.",1030 Cumberland Falls Hwy,Corbin,Kentucky,KY,40701,Whitley,www.ahometownbank.com,NM,04/03/2000,04/03/2000,297598,$297.60M,74
9450,First Bank of Ohio,175 S Washington St,Tiffin,Ohio,OH,44883,Seneca,www.firstbankofohio.com,NM,03/03/1873,01/01/1934,297582,$297.58M,56
13887,Farmers and Merchants Bank,2 1st St Ne,Lafayette,Alabama,AL,36862,Chambers,www.fmlafayette.com,NM,01/30/1934,02/13/1934,297222,$297.22M,36
35033,American Community Bank,300 Glen St,Glen Cove,New York,NY,11542,Nassau,http://www.acbalways.com,NM,01/10/2000,01/10/2000,297127,$297.13M,45
22895,Putnam County State Bank,1522 Main St,Unionville,Missouri,MO,63565,Putnam,http://www.putnamcountystatebank.com,NM,07/05/1979,07/05/1979,296884,$296.88M,27
90229,Washington Savings Bank,30 Middlesex St,Lowell,Massachusetts,MA,01852,Middlesex,www.washingtonsavings.com,SM,04/06/1892,10/10/1985,296819,$296.82M,40
10791,Community Bank,233 Carver St,Winslow,Illinois,IL,61089,Stephenson,www.cbcommunitybank.com,NM,10/15/1915,01/01/1934,296576,$296.58M,16
26677,The Bankers Bank,9020 N May Ave,Oklahoma City,Oklahoma,OK,73120,Oklahoma,www.tbb.bank,SM,05/28/1986,05/28/1986,296312,$296.31M,63
24305,Llano National Bank,1001 Ford St,Llano,Texas,TX,78643,Llano,www.llanonational.bank,N,01/17/1983,01/17/1983,296136,$296.14M,46
11601,Laona State Bank,5308 Beech St,Laona,Wisconsin,WI,54541,Forest,WWW.LAONASTATEBANK.COM,NM,01/01/1914,01/01/1934,296028,$296.03M,37
414,The Stock Exchange Bank,1117 10th St,Woodward,Oklahoma,OK,73801,Woodward,www.stockexchangebank.com,NM,01/03/1903,01/01/1934,295939,$295.94M,38
2452,West Union Bank,212 Main St,West Union,West Virginia,WV,26456,Doddridge,www.westunionbank.com,NM,04/01/1893,01/01/1934,295815,$295.81M,47
5249,Minnesota National Bank,131 12th St S,Sauk Centre,Minnesota,MN,56378,Stearns,www.mn-bank.bank,N,09/11/1902,01/01/1934,295606,$295.61M,46
28277,Ozarks Federal Savings and Loan Association,2 E Columbia St,Farmington,Missouri,MO,63640,St. Francois,www.ofsl.bank,SB,01/01/1930,08/09/1989,295593,$295.59M,60
4086,The First National Bank & Trust,2714 West Third Street,Elk City,Oklahoma,OK,73644,Beckham,www.fnbec.com,N,04/19/1901,01/01/1934,295489,$295.49M,36
58644,First Colony Bank of Florida,711 N Orlando Ave,Maitland,Florida,FL,32751,Orange,www.firstcolonybank.net,NM,01/28/2008,01/28/2008,295099,$295.10M,20
13006,The Pecos County State Bank,500 N Main St,Fort Stockton,Texas,TX,79735,Pecos,WWW.PCSBANK.NET,NM,05/11/1928,01/01/1934,294844,$294.84M,56
3140,Citizens Bank,4117 S Georgia St,Amarillo,Texas,TX,79110,Randall,www.gocitizensbank.com,NM,02/04/1904,01/01/1934,294729,$294.73M,23
4170,"Patrons Bank, National Association",610 E 8th St,Okmulgee,Oklahoma,OK,74447,Okmulgee,www.mybankfnb.com,N,04/02/1917,01/01/1934,294207,$294.21M,69
8752,First Trust and Savings Bank,123 S Main St,Wheatland,Iowa,IA,52777,Clinton,www.firsttrust.bank,NM,01/01/1905,01/01/1934,294184,$294.18M,49
11570,Global One Bank,1400 Blalock Rd,Houston,Texas,TX,77055,Harris,www.globalonebank.com,NM,01/01/1907,01/01/1934,294042,$294.04M,35
58443,First Security Bank of Nevada,9130 W Russell Rd,Las Vegas,Nevada,NV,89148,Clark,https://www.fsbnv.com,NM,01/30/2007,01/30/2007,293836,$293.84M,23
32082,"VIKING BANK, NATIONAL ASSOCIATION",4277 Dakota Street,Alexandria,Minnesota,MN,56308,Douglas,www.viking.bank,N,04/07/1981,08/09/1989,293812,$293.81M,37
29090,First Federal Savings and Loan Association,2 N 2nd St,Newark,Ohio,OH,43055,Licking,www.firstfedohio.com,SB,08/01/1934,08/09/1989,293693,$293.69M,54
17832,Kaw Valley State Bank and Trust Company,1015 Kaw Valley Park Cir,Wamego,Kansas,KS,66547,Pottawatomie,kvsb.com,SM,03/03/1913,01/23/1958,293437,$293.44M,43
254,First Whitney Bank and Trust,223 Chestnut St,Atlantic,Iowa,IA,50022,Cass,www.firstwhitneybank.com,NM,01/01/1907,01/01/1934,293351,$293.35M,20
12885,The Peoples Bank,100 Spring Ave,Chestertown,Maryland,MD,21620,Kent,www.pbkc.com,NM,10/01/1910,01/01/1934,293238,$293.24M,79
15336,"Durden Banking Company, Incorporated",111 N Railroad Ave,Twin City,Georgia,GA,30471,Emanuel,www.durdenbc.com,NM,01/01/1934,01/15/1936,293130,$293.13M,47
11446,Unity Bank of Mississippi,650 Highway 7 S,Holly Springs,Mississippi,MS,38635,Marshall,unityms.bank,NM,03/15/1899,01/01/1934,292435,$292.44M,60
29874,Dearborn Federal Savings Bank,22315 Michigan Ave,Dearborn,Michigan,MI,48124,Wayne,www.mydfsb.com,SB,01/01/1936,08/09/1989,292065,$292.06M,43
1468,Bank of Crockett,104 E Main St,Bells,Tennessee,TN,38006,Crockett,www.bankofcrockett.com,SM,04/22/1887,01/01/1934,291917,$291.92M,39
20872,Citizens Guaranty Bank,457 E Main St,Richmond,Kentucky,KY,40475,Madison,www.cg.bank,NM,11/29/1972,11/29/1972,291421,$291.42M,86
3896,First National Bank Of Commerce,206 W Main St,Walnut Ridge,Arkansas,AR,72476,Lawrence,www.firstnb.bank,N,03/27/1919,01/01/1934,291376,$291.38M,56
210,Tri-County Bank & Trust Company,18 E Washington St,Roachdale,Indiana,IN,46172,Putnam,tcbnow.bank,NM,10/07/1892,11/24/1933,290775,$290.77M,40
57548,Heritage Bank,3024 Sw Wanamaker Rd,Topeka,Kansas,KS,66614,Shawnee,www.heritagebankonline.com,SM,04/14/2003,04/14/2003,290550,$290.55M,42
963,The Home Trust & Savings Bank,628 Main St,Osage,Iowa,IA,50461,Mitchell,www.hometrustbank.com,SM,12/01/1899,01/01/1934,290264,$290.26M,15
11785,Caldwell Bank & Trust Company,202 Main St,Columbia,Louisiana,LA,71418,Caldwell,caldwellbankandtrust.com,NM,01/01/1902,01/01/1934,289870,$289.87M,58
9299,Reliance State Bank,606 Broad St,Story City,Iowa,IA,50248,Story,www.rsbiowa.com,NM,01/28/1928,01/01/1934,289695,$289.69M,30
24498,First State Bank,1526 4th St,Graham,Texas,TX,76450,Young,www.fsbgraham.bank,NM,05/26/1983,05/26/1983,289133,$289.13M,52
12485,The Payne County Bank,202 S Main St,Perkins,Oklahoma,OK,74059,Payne,www.paynecountybank.com,SM,01/08/1898,01/01/1934,289088,$289.09M,34
29937,First Federal Savings Bank of Kentucky,216 W Main St,Frankfort,Kentucky,KY,40601,Franklin,ffsbky.bank,SB,01/01/1934,08/09/1989,288981,$288.98M,50
12214,United State Bank,102 W Main St,Lewistown,Missouri,MO,63452,Lewis,http://www.usb1.com,NM,09/08/1928,01/01/1934,288929,$288.93M,52
25752,Community Bank,101 Community Blvd,Longview,Texas,TX,75605,Harrison,WWW.CBANKTEXAS.COM,NM,10/15/1984,10/15/1984,288465,$288.46M,38
17327,Bank of Dickson,466 Highway 46 S,Dickson,Tennessee,TN,37055,Dickson,www.bankofdickson.bank,NM,05/26/1954,05/26/1954,288439,$288.44M,50
5384,First Community Bank,201 Main St,Beemer,Nebraska,NE,68716,Cuming,www.firstbeemer.com,SM,04/07/1903,01/01/1934,288021,$288.02M,30
16854,Community 1st Bank Las Vegas,600 Douglas Ave,Las Vegas,New Mexico,NM,87701,San Miguel,www.cfblv.com,NM,11/23/1949,11/23/1949,287952,$287.95M,38
8534,St. Landry Bank and Trust Company,132 E Landry St,Opelousas,Louisiana,LA,70570,St. Landry,http://www.stlandrybank.com,NM,01/01/1931,01/01/1934,287772,$287.77M,60
3821,The Farmers and Merchants National Bank of Nashville,120 W Saint Louis St,Nashville,Illinois,IL,62263,Washington,www.bankwithfmb.com,N,05/10/1906,01/01/1934,287768,$287.77M,50
57058,PEOPLES BANK,1120 S Rock St,Sheridan,Arkansas,AR,72150,Grant,http://www.peoplesbankar.com,SM,09/13/2000,09/13/2000,287687,$287.69M,36
10989,Lake Central Bank,40 Chestnut St W,Annandale,Minnesota,MN,55302,Wright,www.lakecentralbank.com,NM,08/15/1893,01/01/1934,287518,$287.52M,36
14807,Farmers Savings Bank,205 Main St,Colesburg,Iowa,IA,52035,Delaware,WWW.FARMERSSAVINGSBANK.COM,NM,01/01/1907,10/16/1934,286637,$286.64M,37
22447,Wray State Bank,300 Clay St,Wray,Colorado,CO,80758,Yuma,http://www.wraystatebank.com,NM,04/11/1977,04/11/1977,286463,$286.46M,36
1198,Arrowhead Bank,108 W Sandstone St,Llano,Texas,TX,78643,Llano,http://www.arrowheadbanktexas.com,NM,03/16/1923,01/01/1934,286273,$286.27M,52
28837,The Brattleboro Savings and Loan Association,221 Main St,Brattleboro,Vermont,VT,05301,Windham,www.brattbank.com,SM,01/01/1912,08/09/1989,285973,$285.97M,49
5198,The First National Bank of Milaca,190 2nd Ave Sw,Milaca,Minnesota,MN,56353,Mille Lacs,www.fnbmilaca.com,N,08/24/1897,01/01/1934,285962,$285.96M,50
14914,Collins State Bank,20741 County Road Jj,Collins,Wisconsin,WI,54207,Manitowoc,www.collinsstatebank.com,NM,01/01/1914,12/10/1934,285730,$285.73M,42
23189,Community Bank and Trust Company,2609 2nd Ave,Muscatine,Iowa,IA,52761,Muscatine,www.commbk.net,NM,08/11/1980,08/11/1980,285527,$285.53M,53
23864,Summit Bank,2969 Broadway,Oakland,California,CA,94611,Alameda,www.summitbanking.com,NM,07/01/1982,07/01/1982,285225,$285.23M,33
296,Bank of Edmonson County,109 S Main St,Brownsville,Kentucky,KY,42210,Edmonson,www.bankofedmonson.com,NM,01/01/1925,01/01/1934,285197,$285.20M,43
6671,The First National Bank of Pandora,102 E Main St,Pandora,Ohio,OH,45877,Putnam,www.e-fnb.com,N,06/21/1919,01/01/1934,285062,$285.06M,58
8569,Goppert Financial Bank,710 Oak St,Lathrop,Missouri,MO,64465,Clinton,www.goppertfb.com,NM,09/28/1879,01/01/1934,284936,$284.94M,40
31158,First Southern Bank,1075 Highway 98 Byp,Columbia,Mississippi,MS,39429,Marion,www.fsb-ms.com,NM,03/28/1960,08/09/1989,284773,$284.77M,72
226,Guthrie County State Bank,505 E Main St,Panora,Iowa,IA,50216,Guthrie,www.gcsbank.com,NM,10/17/1931,01/01/1934,284617,$284.62M,24
13656,United Community Bank,1000 Okoboji Ave,Milford,Iowa,IA,51351,Dickinson,www.unitedcommunitybank.com,NM,06/10/1931,11/01/1934,284602,$284.60M,33
1913,Castle Rock Bank,27925 Danville Avenue,Castle Rock,Minnesota,MN,55010,Dakota,www.castlerockbank.net,NM,08/16/1916,01/01/1934,283961,$283.96M,25
29858,SSB Community Bank,152 N Wooster Ave,Strasburg,Ohio,OH,44680,Tuscarawas,www.ssbonline.com,NM,01/01/1924,08/09/1989,283863,$283.86M,37
19978,The Pennsville National Bank,170 S Broadway,Pennsville,New Jersey,NJ,08070,Salem,www.pennsvillenb.com,N,06/23/1969,06/23/1969,283710,$283.71M,36
2805,HNB First Bank,40 S Main St,Headland,Alabama,AL,36345,Henry,www.hnbfirst.com,NM,08/16/1933,01/01/1934,283389,$283.39M,53
57901,One World Bank,2449 Walnut Hill Ln,Dallas,Texas,TX,75229,Dallas,www.oneworldbank.com,NM,04/04/2005,04/04/2005,282917,$282.92M,47
30819,Community Partners Savings Bank,301 W Main St,Salem,Illinois,IL,62881,Marion,www.communitypartnerssb.com,SI,01/01/1910,08/27/1956,282518,$282.52M,52
968,Security Trust & Savings Bank,601 Lake Street,Storm Lake,Iowa,IA,50588,Buena Vista,www.securitybanksl.com,SM,01/01/1908,01/01/1934,282514,$282.51M,20
59178,Tandem Bank,2356 Main St,Tucker,Georgia,GA,30084,Dekalb,www.tandem.bank,NM,09/23/2019,09/23/2019,282289,$282.29M,30
15480,Coleman County State Bank,118 W Pecan St,Coleman,Texas,TX,76834,Coleman,www.colemanbank.com,NM,10/15/1936,04/01/1937,282142,$282.14M,56
34160,Community Banking Company,102 W Roanoke Dr,Fitzgerald,Georgia,GA,31750,Ben Hill,www.communitybankingcompany.com,NM,04/19/1996,04/19/1996,282127,$282.13M,37
2228,RNB STATE BANK,220 5th St,Rawlins,Wyoming,WY,82301,Carbon,https://www.rnbonline.com,SM,01/01/1898,01/01/1934,282089,$282.09M,51
1296,Farmers Bank,71 W Center St,Greenwood,Arkansas,AR,72936,Sebastian,www.gofarmersbank.com,NM,08/01/1907,01/01/1934,282050,$282.05M,60
14690,Iowa Savings Bank,510 W Us Highway 30,Carroll,Iowa,IA,51401,Carroll,http://www.iowasavingsbank.com,NM,02/01/1902,08/22/1934,281782,$281.78M,32
6659,Peoples State Bank,114 N Main St,New Lexington,Ohio,OH,43764,Perry,www.psbohio.com,NM,02/15/1932,01/01/1934,281775,$281.77M,54
10118,Leighton State Bank,900 Washington St,Pella,Iowa,IA,50219,Marion,www.leightonbank.com,NM,07/14/1911,01/01/1934,281589,$281.59M,43
52,The Citizens Bank of Winfield,236 Bankhead Hwy,Winfield,Alabama,AL,35594,Marion,http://www.cbwinfield.com,NM,05/22/1920,01/01/1934,281554,$281.55M,34
8322,Nebraska State Bank and Trust Company,945 S D St,Broken Bow,Nebraska,NE,68822,Custer,www.nesb.bank,NM,02/23/1917,01/01/1934,281203,$281.20M,37
8751,Iowa State Savings Bank,401 W Adams St,Creston,Iowa,IA,50801,Union,www.issbbank.com,NM,01/01/1883,01/01/1934,281185,$281.19M,35
10167,Citizens State Bank of Roseau,118 Main Ave S,Roseau,Minnesota,MN,56751,Roseau,www.citizensros.com,NM,05/03/1905,01/01/1934,281100,$281.10M,35
16039,Sawyer Savings Bank,87 Market St,Saugerties,New York,NY,12477,Ulster,www.SawyerSavings.bank,SI,04/06/1871,07/01/1943,281078,$281.08M,44
31864,"Grand Bank for Savings, FSB",204 Westover Dr,Hattiesburg,Mississippi,MS,39402,Lamar,www.grand.bank,SB,01/01/1968,08/09/1989,280756,$280.76M,55
8735,Merchants and Farmers Bank,500 Highway 65 S,Dumas,Arkansas,AR,71639,Desha,www.mfbanknet.com,SM,05/10/1909,01/01/1934,280581,$280.58M,43
29804,Catalyst Bank,235 N Court St,Opelousas,Louisiana,LA,70570,St. Landry,www.catalystbank.com,SB,01/01/1922,08/09/1989,280525,$280.52M,49
29024,Bedford Federal Savings Bank,1030 15th St,Bedford,Indiana,IN,47421,Lawrence,www.bedfed.com,SI,07/01/1934,08/09/1989,280492,$280.49M,30
57784,Nantahala Bank & Trust Company,120 Siler Rd,Franklin,North Carolina,NC,28734,Macon,www.nantahalabank.com,NM,10/04/2004,10/04/2004,280448,$280.45M,57
6700,Somerville Bank,601 Hillcrest Dr,Eaton,Ohio,OH,45320,Preble,www.somervilebank.net,NM,10/10/1910,01/01/1934,280406,$280.41M,57
16910,22nd State Banking Company,51 Saint Joseph St,Mobile,Alabama,AL,36602,Mobile,www.22ndstatebank.com,NM,01/01/1917,05/29/1950,280111,$280.11M,85
27643,First Federal Bank of Ohio,140 N Columbus St,Galion,Ohio,OH,44833,Crawford,www.firstfederalbankofohio.bank,SB,01/01/1891,08/09/1989,279751,$279.75M,59
30313,East Wisconsin Savings Bank,109 W 2nd St,Kaukauna,Wisconsin,WI,54130,Outagamie,WWW.EASTWIS.BANK,SI,01/01/1887,08/09/1989,279657,$279.66M,45
34171,Eagle Rock Bank,975 34th Ave Nw,Rochester,Minnesota,MN,55901,Olmsted,www.eaglerock.bank,NM,05/09/1996,05/09/1996,279452,$279.45M,29
8511,Crawford County Trust and Savings Bank,21 N Main St,Denison,Iowa,IA,51442,Crawford,https://www.crawfordcountybank.com,NM,03/15/1927,01/01/1934,279081,$279.08M,33
19540,Pioneer Bank,202 1st St,Sergeant Bluff,Iowa,IA,51054,Woodbury,www.pioneerbanks.com,NM,01/01/1907,01/06/1966,278989,$278.99M,30
11519,Security First Bank of North Dakota,700 Ash Ave,New Salem,North Dakota,ND,58563,Morton,www.securityfirstbank.bank,NM,01/01/1925,01/01/1934,278953,$278.95M,37
15519,Citizens State Bank,111 S Robinson St,Miles,Texas,TX,76861,Runnels,www.citizensstatebk.com,NM,08/02/1937,08/02/1937,278511,$278.51M,22
4636,First Heritage Bank,620 4th St,Centralia,Kansas,KS,66415,Nemaha,www.1hbank.com,NM,04/18/1882,01/01/1934,278215,$278.21M,28
25796,Community Bank and Trust - West Georgia,201 Broad St,Lagrange,Georgia,GA,30240,Troup,www.redapplebank.com,NM,12/15/1984,12/15/1984,278187,$278.19M,41
4766,SJN Bank of Kansas,116 E 3rd Ave,Saint John,Kansas,KS,67576,Stafford,www.sjnbank.com,NM,01/01/1905,01/01/1934,277783,$277.78M,34
16612,FNB Picayune Bank,121 E Canal St,Picayune,Mississippi,MS,39466,Pearl River,http://www.fnbop.com,SM,07/31/1947,07/31/1947,277756,$277.76M,68
21955,Stryv Bank,6160 N Broadway Ave,Wichita,Kansas,KS,67219,Sedgwick,www.stryvbank.com,SM,03/14/1975,03/14/1975,277674,$277.67M,33
2482,Nekoosa Port Edwards State Bank,405 Market St,Nekoosa,Wisconsin,WI,54457,Wood,www.npesb.bank,NM,12/13/1913,01/01/1934,277646,$277.65M,32
1049,First National Bank of Steeleville,400 W Broadway,Steeleville,Illinois,IL,62288,Randolph,www.bankatfnb.com,N,11/01/1902,01/01/1934,277537,$277.54M,35
4187,McClain Bank,131 W Main St,Purcell,Oklahoma,OK,73080,Mcclain,www.mcclainbank.com,NM,03/08/1922,01/01/1934,277399,$277.40M,47
22086,Main Bank,7300 Menaul Blvd Ne,Albuquerque,New Mexico,NM,87110,Bernalillo,http://www.main.bank,NM,08/05/1975,08/05/1975,277242,$277.24M,24
58322,RiverBank,202 E Spokane Falls Blvd,Spokane,Washington,WA,99202,Spokane,http://www.riverbankonline.com,NM,05/22/2006,05/22/2006,277230,$277.23M,40
8296,Century Bank of the Ozarks,42 Court Sq,Gainesville,Missouri,MO,65655,Ozark,WWW.CBOZARKS.COM,SM,07/24/1894,01/01/1934,277165,$277.17M,60
13748,The Upstate National Bank,729 Proctor Ave,Ogdensburg,New York,NY,13669,St. Lawrence,www.upstatebank.com,N,09/27/1922,01/24/1934,276994,$276.99M,23
3702,First Bank of Manhattan,230 S State St,Manhattan,Illinois,IL,60442,Will,www.fnbmanhattan.com,SM,01/01/1907,01/01/1934,276940,$276.94M,40
59209,Craft Bank,1575 Northside Dr Nw,Atlanta,Georgia,GA,30318,Fulton,www.craft.bank,NM,10/15/2020,10/15/2020,276733,$276.73M,25
954,FNB Bank,311 5th Street,Fontanelle,Iowa,IA,50846,Adair,http://www.fnbfontanelle.com,SM,08/23/1905,01/01/1934,276425,$276.43M,41
26891,Liberty Bank Minnesota,2842 2nd St S,Saint Cloud,Minnesota,MN,56301,Stearns,www.libertybankmn.com,SM,01/01/1987,01/01/1987,276240,$276.24M,43
58826,Redstone Bank,15765 E Arapahoe Rd,Centennial,Colorado,CO,80016,Arapahoe,www.redstone.bank,NM,07/02/2008,07/02/2008,276195,$276.19M,30
27806,Fairfield Federal Savings and Loan Association of Lancaster,111 E Main St,Lancaster,Ohio,OH,43130,Fairfield,www.fairfieldfederal.com,SB,01/01/1895,08/09/1989,275872,$275.87M,47
18474,First Kansas Bank,101 N Main St,Hoisington,Kansas,KS,67544,Barton,www.firstkansasbank.com,NM,12/30/1961,12/30/1961,275843,$275.84M,32
30422,First Federal Bank of Wisconsin,1617 E Racine Ave,Waukesha,Wisconsin,WI,53186,Waukesha,www.ffbwi.com,SB,01/01/1922,08/09/1989,275583,$275.58M,49
59190,"Varo Bank, National Association",11781 S Lone Peak Pkwy,Draper,Utah,UT,84020,Salt Lake,www.varomoney.com,N,08/01/2020,08/01/2020,275528,$275.53M,358
27409,Commercial Bank,2330 West Port Plaza Dr,Saint Louis,Missouri,MO,63146,St. Louis,www.mycbstl.bank,NM,12/21/1988,12/21/1988,275219,$275.22M,37
19544,Madison Valley Bank,213 E Main St,Ennis,Montana,MT,59729,Madison,www.madisonvalleybank.com,NM,06/21/1965,01/13/1966,274889,$274.89M,41
6574,The First National Bank of Dennison,105 Grant St,Dennison,Ohio,OH,44621,Tuscarawas,www.fnbdennison.com,N,10/16/1933,01/01/1934,274230,$274.23M,67
6954,Cayuga Lake National Bank,165 Cayuga St,Union Springs,New York,NY,13160,Cayuga,www.cayugalakenationalbank.com,N,01/01/1864,01/01/1934,274101,$274.10M,32
29089,Newport Federal Bank,170 W Broadway,Newport,Tennessee,TN,37821,Cocke,www.newportfederalbank.com,SB,08/01/1934,08/09/1989,273907,$273.91M,35
28080,The Harrison Building and Loan Association,10490 New Haven Rd,Harrison,Ohio,OH,45030,Hamilton,www.bankhbl.com,SL,01/01/1916,08/09/1989,273894,$273.89M,33
1169,Sundance State Bank,123 N 2nd St,Sundance,Wyoming,WY,82729,Crook,www.sundancestate.bank,SM,01/01/1895,01/01/1934,273489,$273.49M,31
15010,Columbus Bank and Trust Company,2501 13th St,Columbus,Nebraska,NE,68601,Platte,https://www.colbank.com,NM,12/26/1934,02/02/1935,273119,$273.12M,28
6794,"FNB Bank, Inc.",105 N High St,Romney,West Virginia,WV,26757,Hampshire,http://www.fnbtoday.com,NM,06/10/1910,01/01/1934,272961,$272.96M,59
57336,Drake Bank,60 Plato Blvd E,Saint Paul,Minnesota,MN,55107,Ramsey,www.drake-bank.com,NM,05/01/2002,05/01/2002,271985,$271.99M,35
9356,The Commercial Bank,175 Hopper Ave,De Kalb,Mississippi,MS,39328,Kemper,www.commercialbankms.com,NM,12/01/1914,01/01/1934,271831,$271.83M,60
31043,Interstate Bank,301 S Main St,Perryton,Texas,TX,79070,Ochiltree,www.isbtexas.bank,NM,01/01/1957,08/09/1989,271779,$271.78M,31
9467,VALOR BANK,1501 Renaissance Blvd,Edmond,Oklahoma,OK,73013,Oklahoma,valor.bank,NM,06/01/1930,01/01/1934,271340,$271.34M,46
59306,Evermore Bank,3696 N Federal Hwy,Fort Lauderdale,Florida,FL,33308,Broward,www.evermorebankfl.com,NM,12/15/2022,12/15/2022,271217,$271.22M,29
3342,"Incommons Bank, N.A.",301 E Commerce St,Mexia,Texas,TX,76667,Limestone,WWW.INCOMMONSBANK.COM,N,02/01/1882,01/01/1934,271071,$271.07M,54
16152,The Peoples Bank,209 S Jefferson Ave,Eatonton,Georgia,GA,31024,Putnam,www.peoples1943.com,NM,07/15/1943,05/01/1944,270980,$270.98M,43
9486,Clackamas County Bank,38975 Proctor Blvd,Sandy,Oregon,OR,97055,Clackamas,www.clackamascountybank.com,NM,01/31/1911,01/01/1934,270830,$270.83M,49
10531,Citizens Progressive Bank,3540 Front St,Winnsboro,Louisiana,LA,71295,Franklin,cpbonline.com,NM,01/01/1918,01/01/1934,270718,$270.72M,66
898,The Bank of Forest,211 W Third St,Forest,Mississippi,MS,39074,Scott,www.bkforest.com,NM,03/27/1900,01/01/1934,270589,$270.59M,51
17979,Castroville State Bank,502 Paris St,Castroville,Texas,TX,78009,Medina,http://www.CASTROVILLESTATEBANK.COM,NM,04/02/1959,04/02/1959,270379,$270.38M,32
421,Security State Bank,402 E Broadway Ave,Cheyenne,Oklahoma,OK,73628,Roger Mills,www.ssbcheyenne.com,NM,06/22/1912,01/01/1934,270232,$270.23M,38
29907,Logansport Savings Bank,723 E Broadway,Logansport,Indiana,IN,46947,Cass,www.logansportsavings.bank,NM,01/01/1925,08/09/1989,270123,$270.12M,36
91280,Bank of Little Rock,200 N State St,Little Rock,Arkansas,AR,72201,Pulaski,http://www.bankoflittlerock.com,SM,10/21/1927,12/21/1987,270047,$270.05M,57
27683,North Shore Trust and Savings,700 S Lewis Ave,Waukegan,Illinois,IL,60085,Lake,www.northshoretrust.com,SB,01/01/1921,08/09/1989,269920,$269.92M,50
57897,SouthernTrust Bank,701 N Court St,Marion,Illinois,IL,62959,Williamson,www.southerntrustbank.com,NM,05/31/2005,05/31/2005,269329,$269.33M,32
13209,The Fort Jennings State Bank,120 N Water St,Fort Jennings,Ohio,OH,45844,Putnam,www.fjsb.com,NM,01/01/1918,01/01/1934,269195,$269.19M,45
57867,United Citizens Bank of Southern Kentucky,700 Jamestown St,Columbia,Kentucky,KY,42728,Adair,www.ucbsky.com,NM,12/06/2004,12/06/2004,268952,$268.95M,54
11319,Longview Community Bank,130 S Washington St,Mount Pulaski,Illinois,IL,62548,Logan,www.longviewcb.com,NM,01/01/1872,01/01/1934,268701,$268.70M,40
11823,Manhattan Bank,124 S Broadway St,Manhattan,Montana,MT,59741,Gallatin,www.manhattanbank.bank,NM,10/05/1905,01/01/1934,268696,$268.70M,40
8083,Fairfax State Savings Bank,409 Vanderbilt St,Fairfax,Iowa,IA,52228,Linn,www.thebankhere.com,NM,10/20/1924,01/01/1934,268416,$268.42M,25
16201,Bank of Wolcott,105 N Range St,Wolcott,Indiana,IN,47995,White,http://www.bankofwolcott.com,NM,10/16/1944,10/16/1944,268124,$268.12M,28
58263,Global Bank,8 Catherine St,New York,New York,NY,10038,New York,http://www.globalbankny.com,NM,03/12/2007,03/12/2007,268056,$268.06M,36
7599,Jim Thorpe Neighborhood Bank,12 Broadway,Jim Thorpe,Pennsylvania,PA,18229,Carbon,www.jtnb.com,SM,08/25/1902,01/01/1934,267475,$267.48M,42
35031,Freedom Financial Bank,1255 Jordan Creek Pkwy,West Des Moines,Iowa,IA,50266,Dallas,www.freedomfinancialbank.com,SM,02/22/1999,02/22/1999,267435,$267.44M,18
5336,Pillar Bank,990 Main Street,Baldwin,Wisconsin,WI,54002,St. Croix,www.pillar.bank,SM,09/23/1883,01/01/1934,267407,$267.41M,46
22600,Valley Bank of Commerce,217 W 2nd St,Roswell,New Mexico,NM,88201,Chaves,valleybankofcommerce.com,NM,02/01/1978,02/01/1978,267333,$267.33M,26
10317,Citizens Bank and Trust Company of Grainger County,8335 Rutledge Pike,Rutledge,Tennessee,TN,37861,Grainger,www.cbtgrainger.com,NM,11/01/1919,01/01/1934,267325,$267.32M,47
8118,Bank of Jamestown,400 Monument Sq,Jamestown,Kentucky,KY,42629,Russell,www.bankofjamestown.com,NM,07/17/1899,01/01/1934,267246,$267.25M,34
3087,The First National Bank of Ballinger,911 Hutchings Avenue,Ballinger,Texas,TX,76821,Runnels,www.fnbballinger.com,N,06/29/1886,01/01/1934,267113,$267.11M,44
23430,First National Bank of Burleson,899 Ne Alsbury Blvd,Burleson,Texas,TX,76028,Johnson,http://www.firstburleson.com,N,04/20/1981,04/20/1981,267019,$267.02M,27
34193,Applied Bank,2200 Concord Pike,Wilmington,Delaware,DE,19803,New Castle,www.appliedbank.com,NM,07/01/1996,07/01/1996,266833,$266.83M,24
1141,The Colorado Bank and Trust Company of La Junta,301 Colorado Ave,La Junta,Colorado,CO,81050,Otero,wwww.colobank.com,SM,01/01/1907,01/01/1934,266264,$266.26M,35
16283,South Coast Bank & Trust,1500 Newcastle St,Brunswick,Georgia,GA,31520,Glynn,www.southcoast.bank,NM,01/01/1934,07/05/1945,266185,$266.19M,28
26539,Bank of the Federated States of Micronesia,98 Kaselehlie Street,Kolonia,Federated States Of Micronesia,FM,96941,Pohnpei,,NM,02/07/1986,02/07/1986,265853,$265.85M,113
13033,The Farmers State Bank of Waupaca,112 W Fulton St,Waupaca,Wisconsin,WI,54981,Waupaca,www.fsbwaupaca.com,SM,01/11/1911,09/17/1935,265437,$265.44M,40
14809,Heartland Bank,615 6th Ave,Somers,Iowa,IA,50586,Calhoun,www.heartlandbanks.bank,NM,01/01/1901,10/16/1934,265198,$265.20M,30
27965,Greenville Federal,690 Wagner Ave,Greenville,Ohio,OH,45331,Darke,www.greenvillefederal.com,SB,01/01/1883,08/09/1989,264693,$264.69M,48
737,The Apple Creek Banking Company,3 W Main St,Apple Creek,Ohio,OH,44606,Wayne,www.applecreekbank.com,SM,02/01/1904,01/01/1934,264515,$264.51M,52
57495,PrimeBank of Texas,4301 Westbank Dr,Austin,Texas,TX,78746,Travis,https://www.prime.bank,NM,05/09/2003,05/09/2003,264311,$264.31M,27
18514,First New Mexico Bank,300 S Gold Ave,Deming,New Mexico,NM,88030,Luna,www.firstnewmexicobank.com,NM,04/30/1962,04/30/1962,264180,$264.18M,34
15772,Mediapolis Savings Bank,605 Main St,Mediapolis,Iowa,IA,52637,Des Moines,www.gomsb.bank,NM,09/16/1940,09/16/1940,263942,$263.94M,38
1946,Alliant Bank,101 E Broadway St,Madison,Missouri,MO,65263,Monroe,www.alliantbank.com,NM,02/20/1888,01/01/1934,263912,$263.91M,65
951,Cherokee State Bank,212 W Willow St,Cherokee,Iowa,IA,51012,Cherokee,www.cherokeestatebank.com,NM,10/08/1888,01/01/1934,263874,$263.87M,29
11778,"Citizens State Bank and Trust Co., Ellsworth, Kansas",203 N Douglas Ave,Ellsworth,Kansas,KS,67439,Ellsworth,WWW.CSBANC.COM,SM,05/31/1900,01/01/1934,263723,$263.72M,48
4050,The First National Bank and Trust Company of Broken Arrow,121 S Main St,Broken Arrow,Oklahoma,OK,74012,Tulsa,fnbba.com,N,01/29/1904,01/01/1934,263547,$263.55M,39
248,State Savings Bank,4800 George Mills Civic Pkwy,West Des Moines,Iowa,IA,50265,Polk,http://www.ssb.bank,NM,07/04/1894,01/01/1934,263103,$263.10M,33
2453,Davis Trust Company,227 Davis Ave,Elkins,West Virginia,WV,26241,Randolph,www.davistrust.com,NM,06/17/1901,01/01/1934,263095,$263.10M,40
35029,AB&T,2815 Meredyth Dr,Albany,Georgia,GA,31707,Dougherty,www.abtgold.com,NM,04/28/1999,04/28/1999,262942,$262.94M,26
2205,Bank of The Rockies,2000 Prospect Ave,Helena,Montana,MT,59601,Lewis And Clark,www.botr.bank,NM,08/01/1883,01/01/1934,262940,$262.94M,60
26542,"Bank of DeSoto, National Association",2011 N Hampton Rd,De Soto,Texas,TX,75115,Dallas,www.bankdesoto.com,N,01/27/1986,01/27/1986,262808,$262.81M,40
58597,PeopleFirst Bank,3100 Theodore St,Joliet,Illinois,IL,60435,Will,www.peoplefirstbank.com,NM,01/08/2007,01/08/2007,262358,$262.36M,28
57624,Clarion County Community Bank,333 Main St,Clarion,Pennsylvania,PA,16214,Clarion,http://www.clarionbank.com,NM,01/07/2004,01/07/2004,262310,$262.31M,50
31077,First Federal Bank,200 E Divine St,Dunn,North Carolina,NC,28334,Harnett,www.firstfederalbanknc.com,SB,01/01/1958,08/09/1989,261738,$261.74M,53
11582,Lee Bank and Trust Company,41371 W Morgan Ave,Pennington Gap,Virginia,VA,24277,Lee,www.leebank24.com,NM,08/22/1932,01/01/1934,261691,$261.69M,41
18155,Bridge City State Bank,701 W Round Bunch Rd,Bridge City,Texas,TX,77611,Orange,www.bridgecitybank.com,NM,02/27/1960,02/27/1960,261646,$261.65M,40
58063,VisionBank,3059 Joppa Ave S,Saint Louis Park,Minnesota,MN,55416,Hennepin,www.bankwithvision.com,NM,09/12/2005,09/12/2005,261573,$261.57M,12
1964,Lamar Bank and Trust Company,1000 Broadway St,Lamar,Missouri,MO,64759,Barton,https://www.lbt.com,SM,03/25/1925,01/01/1934,261358,$261.36M,39
57488,Metropolitan Capital Bank & Trust,9 E Ontario St,Chicago,Illinois,IL,60611,Cook,http://www.metcapbank.com,NM,01/25/2005,01/25/2005,261185,$261.19M,49
17927,Vintage Bank Kansas,101 S Main St,Leon,Kansas,KS,67074,Butler,www.vintagebankks.com,NM,05/01/1902,11/12/1958,261146,$261.15M,62
57990,Huron Valley State Bank,130 S Milford Rd,Milford,Michigan,MI,48381,Oakland,www.hvsb.com,NM,08/15/2005,08/15/2005,261050,$261.05M,43
1705,Mountain Valley Bank,17114 Rankin Ave,Dunlap,Tennessee,TN,37327,Sequatchie,www.mtnvalleybankonline.com,NM,01/01/1905,01/01/1934,260279,$260.28M,61
14642,The Commercial Bank,4 Church St,Honea Path,South Carolina,SC,29654,Anderson,www.thecommercialbanksc.com,NM,05/14/1934,08/07/1934,260226,$260.23M,60
10127,Success Bank,109 N Madison St,Bloomfield,Iowa,IA,52537,Davis,www.success.bank,NM,01/01/1900,01/01/1934,260224,$260.22M,28
33959,"Natbank, National Association",4031 Oakwood Blvd,Hollywood,Florida,FL,33020,Broward,www.natbank.com,N,12/06/1994,12/06/1994,260214,$260.21M,45
11477,Auburn State Bank,1212 J St,Auburn,Nebraska,NE,68305,Nemaha,www.auburnstatebank.com,SM,01/01/1905,01/01/1934,259826,$259.83M,23
29164,First Federal Savings and Loan Association of Valdosta,411 N Patterson St,Valdosta,Georgia,GA,31601,Lowndes,www.1stfederalvaldosta.com,SB,09/01/1934,08/09/1989,259750,$259.75M,43
15826,The Claxton Bank,1433 Bernie Anderson Highway,Bellville,Georgia,GA,30414,Evans,www.tcbga.bank,NM,02/24/1941,06/14/1941,259692,$259.69M,42
14705,DeWitt Bank & Trust Co.,815 6th Ave,Dewitt,Iowa,IA,52742,Clinton,WWW.DEWITTBANK.COM,NM,06/15/1933,08/27/1934,259175,$259.18M,53
18710,North Valley Bank,9001 Washington St,Thornton,Colorado,CO,80229,Adams,www.nvbank.bank,NM,02/25/1963,02/25/1963,258986,$258.99M,33
14420,FNB Bank,202 E 11th St,Goodland,Kansas,KS,67735,Sherman,www.fnb.com,NM,01/01/1886,05/24/1934,258928,$258.93M,52
59219,Classic City Bank,2365 W Broad St,Athens,Georgia,GA,30606,Clarke,www.classiccitybank.com,NM,11/09/2020,11/09/2020,258859,$258.86M,18
6646,1st National Bank,1000 E Main St,Lebanon,Ohio,OH,45036,Warren,WWW.BANKWITH1ST.COM,N,01/01/1907,01/01/1934,258804,$258.80M,57
31539,The Wilmington Savings Bank,184 N South St,Wilmington,Ohio,OH,45177,Clinton,www.wilmingtonsavings.com,NM,01/01/1890,08/09/1989,258777,$258.78M,20
12857,Denver Savings Bank,121 S State St,Denver,Iowa,IA,50622,Bremer,www.bankdsb.com,NM,01/01/1902,01/01/1934,258303,$258.30M,27
35212,Community Bank of the South,277 N Sykes Creek Pkwy,Merritt Island,Florida,FL,32953,Brevard,www.cbos.bank,NM,11/29/1999,11/29/1999,258256,$258.26M,20
14584,The First National Bank in Trinidad,100 E Main St,Trinidad,Colorado,CO,81082,Las Animas,http://www.FNBTRINIDAD.COM,N,04/16/1875,07/13/1934,258160,$258.16M,64
1028,FBT Bank & Mortgage,200 W 4th St,Fordyce,Arkansas,AR,71742,Dallas,www.fbtbank.com,SM,01/06/1931,01/01/1934,258080,$258.08M,55
889,Georgia First Bank,1202 Second St,Soperton,Georgia,GA,30457,Treutlen,https://georgiafirst.bank,NM,06/01/1903,01/01/1934,257854,$257.85M,47
3846,Community First Bank of the Heartland,117 N 10th St,Mount Vernon,Illinois,IL,62864,Jefferson,www.cfbh.bank,SM,11/05/1906,01/01/1934,257819,$257.82M,42
22460,Monterey County Bank,601 Munras Ave,Monterey,California,CA,93940,Monterey,http://montereycountybank.com,NM,05/05/1977,05/05/1977,257397,$257.40M,40
15610,Farmers and Merchants State Bank,101 W Jefferson St,Winterset,Iowa,IA,50273,Madison,http://www.fmstate.bank,NM,08/11/1938,08/11/1938,257164,$257.16M,32
5623,Smackover State Bank,708 Broadway St,Smackover,Arkansas,AR,71762,Union,http://www.smackoverbank.com,NM,04/18/1928,01/01/1934,256955,$256.95M,34
17734,DLP Bank,811 S Walnut St,Starke,Florida,FL,32091,Bradford,http://www.communitystatebank-fl.com,NM,03/19/1957,03/19/1957,256877,$256.88M,36
29933,Union Savings and Loan Association,730 N Central Ave,Connersville,Indiana,IN,47331,Fayette,http://www.uslabank.com,SB,08/01/1937,08/09/1989,256829,$256.83M,58
21342,Sonata Bank,5005 Maryland Way,Brentwood,Tennessee,TN,37027,Williamson,www.sonatabank.com/,NM,01/01/1890,11/27/1973,256815,$256.81M,38
289,Bank of Hindman,1362 Hindman Byp,Hindman,Kentucky,KY,41822,Knott,www.bankofhindman.com,NM,01/01/1903,01/01/1934,256757,$256.76M,28
4511,The Citizens First National Bank of Storm Lake,East 5th And Lake Avenue,Storm Lake,Iowa,IA,50588,Buena Vista,www.citizensfnb.com,N,02/01/1902,01/01/1934,256027,$256.03M,49
11243,Bank of Salem,207 Church St,Salem,Arkansas,AR,72576,Fulton,www.bksalem.net,SM,12/09/1908,01/01/1934,256008,$256.01M,47
11259,The Gunnison Bank and Trust Company,232 W Tomichi Ave,Gunnison,Colorado,CO,81230,Gunnison,www.gunnisonbank.com,SM,12/23/1910,01/01/1934,255085,$255.09M,43
11711,Bank of Rantoul,201 E Champaign Ave,Rantoul,Illinois,IL,61866,Champaign,https://www.bankofrantoul.bank,NM,11/25/1920,01/01/1934,254922,$254.92M,26
5490,State Nebraska Bank & Trust,122 Main St,Wayne,Nebraska,NE,68787,Wayne,www.statenebank.com,NM,01/01/1892,01/01/1934,254864,$254.86M,26
4041,The First Security Bank,15 South Douglas Avenue,Beaver,Oklahoma,OK,73932,Beaver,www.thefirstsecuritybank.com,NM,01/16/1916,01/01/1934,254713,$254.71M,33
10004,Ergo Bank,86 E Water St,Markesan,Wisconsin,WI,53946,Green Lake,www.ergobank.com,NM,01/20/1910,01/01/1934,254611,$254.61M,55
1604,Security Bank USA,1025 Paul Bunyan Dr Nw,Bemidji,Minnesota,MN,56601,Beltrami,www.SecurityBankusa.com,NM,02/07/1910,01/01/1934,254500,$254.50M,48
90234,Marblehead Bank,21 Atlantic Ave,Marblehead,Massachusetts,MA,01945,Essex,www.marblebank.com,SM,03/18/1871,09/17/1985,254427,$254.43M,48
18019,Patriots Bank,131 E 4th Ave,Garnett,Kansas,KS,66032,Anderson,http://www.patriotsbank.com,NM,01/01/1899,06/04/1959,254336,$254.34M,40
26271,Home Bank of California,4493 Ruffin Rd,San Diego,California,CA,92123,San Diego,https://www.hbc.bank,NM,10/31/1981,06/03/1985,254070,$254.07M,19
22381,Anahuac National Bank,801 Ross Sterling Ave,Anahuac,Texas,TX,77514,Chambers,WWW.ANBANK.NET,N,12/20/1976,12/20/1976,253921,$253.92M,36
2477,Bank of Deerfield,15 S Main St,Deerfield,Wisconsin,WI,53531,Dane,www.bankofdeerfield.bank,NM,01/01/1887,01/01/1934,253724,$253.72M,29
17906,American Bank & Trust Company,307 E Landry St,Opelousas,Louisiana,LA,70570,St. Landry,http://www.americanbankandtrust.net,NM,09/22/1958,09/22/1958,253519,$253.52M,52
9932,"Commercial State Bank, of Wagner",204 S Main Ave,Wagner,South Dakota,SD,57380,Charles Mix,www.commercialstate.com,NM,05/31/1902,01/01/1934,252918,$252.92M,26
10594,Bank of Franklin,9 Main St E,Meadville,Mississippi,MS,39653,Franklin,www.bankoffranklin.com,NM,01/12/1912,01/01/1934,252140,$252.14M,56
35220,Wyoming Community Bank,1700 N Federal Blvd,Riverton,Wyoming,WY,82501,Fremont,http://www.wyomingcommunity.bank,SM,06/14/1999,06/14/1999,251896,$251.90M,39
6180,The Bank of Monroe,39 Main St,Union,West Virginia,WV,24983,Monroe,www.mybankofmonroe.com,SM,11/03/1903,01/01/1934,251857,$251.86M,39
32532,South Georgia Bank,401 S Veterans Blvd,Glennville,Georgia,GA,30427,Tattnall,www.southgabank.com,NM,04/07/1987,08/09/1989,251855,$251.85M,49
14136,Wells River Savings Bank,34 Main St N,Wells River,Vermont,VT,05081,Orange,www.wellsriversavings.com,SI,01/01/1892,03/31/1934,251557,$251.56M,53
11674,Warren-Boynton State Bank,702 W Illinois St,New Berlin,Illinois,IL,62670,Sangamon,www.wbsb.com,NM,08/29/1877,01/01/1934,251376,$251.38M,42
1464,Bank of Holland,12 S Main St,Holland,New York,NY,14080,Erie,www.bankofhollandny.com,NM,10/21/1893,01/01/1934,250979,$250.98M,37
35019,Currency Bank,7054 Jefferson Hwy,Baton Rouge,Louisiana,LA,70806,East Baton Rouge,www.currency.bank,NM,08/02/1999,08/02/1999,250721,$250.72M,38
1686,Farmers State Bank,103 W Main St,Parkston,South Dakota,SD,57366,Hutchinson,http://www.fsbparkston.com,NM,07/19/1919,01/01/1934,250592,$250.59M,34
16396,Lafayette State Bank,340 W Main St,Mayo,Florida,FL,32066,Lafayette,www.lafayettestate.bank,NM,04/02/1946,04/02/1946,250582,$250.58M,51
4241,The Idabel National Bank,1201 E Washington St,Idabel,Oklahoma,OK,74745,Mccurtain,www.idabelnational.com,N,02/14/1921,01/01/1934,250578,$250.58M,31
35388,SEI Private Trust Company,1 Freedom Valley Dr,Oaks,Pennsylvania,PA,19456,Montgomery,www.seic.com,SB,01/02/2001,01/02/2001,250341,$250.34M,706
30219,Hometown Bank,142 N Water St,Kent,Ohio,OH,44240,Portage,www.ht.bank,NM,01/01/1898,08/09/1989,250289,$250.29M,52
33926,Charlevoix State Bank,111 State St,Charlevoix,Michigan,MI,49720,Charlevoix,www.charlevoixstatebank.com,NM,08/16/1994,08/16/1994,250276,$250.28M,39
22242,Union Bank and Trust Company,312 Central Ave Se,Minneapolis,Minnesota,MN,55414,Hennepin,WWW.UBTMN.COM,NM,03/15/1976,03/15/1976,250145,$250.15M,40
10962,Grand Rapids State Bank,523 Nw 1st Ave,Grand Rapids,Minnesota,MN,55744,Itasca,http://www.grsb.bank,SM,06/15/1914,01/01/1934,250117,$250.12M,42
22526,Spring Hill State Bank,3700 Gilmer Rd,Longview,Texas,TX,75604,Gregg,https://www.springhillbank.com,NM,09/19/1977,09/19/1977,249906,$249.91M,46
15590,Taylor County Bank,201 Lebanon Ave,Campbellsville,Kentucky,KY,42718,Taylor,WWW.TAYLORCOUNTYBANK.COM,NM,09/01/1937,04/06/1938,249609,$249.61M,49
5469,Citizens Bank & Trust Company,721 7th St,Saint Paul,Nebraska,NE,68873,Howard,www.bankwithcitizens.com,NM,01/01/1888,01/01/1934,249499,$249.50M,34
10595,Community First Bank,915 W Fort Scott St,Butler,Missouri,MO,64730,Bates,www.communityfirstbank.net,NM,01/01/1932,01/01/1934,249010,$249.01M,42
8943,Merchants Bank,210 S Main Ave,Rugby,North Dakota,ND,58368,Pierce,www.merchantsbankrugby.com,NM,08/04/1897,01/01/1934,248786,$248.79M,30
59296,Bank Irvine,"6201 Oak Canyon, Suite 150",Irvine,California,CA,92618,Orange,www.bankirvine.com,NM,10/18/2022,10/18/2022,248771,$248.77M,25
13819,Commercial State Bank,519 E Broadway St,Wausa,Nebraska,NE,68786,Knox,wausabank.com,NM,12/01/1925,01/01/1934,248556,$248.56M,23
35084,Petit Jean State Bank,707 N Saint Joseph St,Morrilton,Arkansas,AR,72110,Conway,http://www.pjsb.com,SM,02/16/1999,02/16/1999,248488,$248.49M,31
10853,West Central Bank,400 E Buchanan St,Ashland,Illinois,IL,62612,Cass,www.westcentralbank.com,NM,06/12/1933,01/01/1934,248431,$248.43M,42
18518,Westside State Bank,401 1st St,Westside,Iowa,IA,51467,Crawford,www.westsidestate.bank,NM,06/01/1907,05/03/1962,248312,$248.31M,30
4464,First Bank Hampton,211 1st Ave Nw,Hampton,Iowa,IA,50441,Franklin,www.fbh.bank,SM,01/01/1933,01/01/1934,247845,$247.84M,29
10438,Raritan State Bank,106 E Main St,Raritan,Illinois,IL,61471,Henderson,www.raritanstatebank.com,NM,01/01/1920,01/01/1934,247326,$247.33M,33
1849,Wayne Bank and Trust Co.,500 S A St,Richmond,Indiana,IN,47374,Wayne,http://www.waynebankonline.com,SM,01/01/1882,01/01/1934,247265,$247.26M,47
57579,Community Bank of Georgia,700 W Parker St,Baxley,Georgia,GA,31513,Appling,www.communitybankga.com,NM,05/11/2004,05/11/2004,247180,$247.18M,22
3170,Farmers and Merchants Bank,240 S Texas St,De Leon,Texas,TX,76444,Comanche,www.fmbank-tx.com,NM,01/01/1905,01/01/1934,246924,$246.92M,47
2784,First Bank of Boaz,124 S Main St,Boaz,Alabama,AL,35957,Marshall,http://firstbankofboaz.com,NM,01/01/1906,01/01/1934,246872,$246.87M,23
13113,Peoples Trust and Savings Bank,132 S 3rd St,Boonville,Indiana,IN,47601,Warrick,www.peoplestrust.bank,NM,01/01/1895,01/01/1934,246535,$246.53M,48
262,Citizens Bank,411 Dysart Way,Mount Vernon,Kentucky,KY,40456,Rockcastle,www.citizensbankrb.com,NM,01/01/1904,01/01/1934,246261,$246.26M,54
5624,Bodcaw Bank,307 Thomas St,Stamps,Arkansas,AR,71860,Lafayette,www.bodcaw.bank,NM,01/01/1903,01/01/1934,246255,$246.25M,43
3098,Cendera Bank,615 E Bells Blvd,Bells,Texas,TX,75414,Grayson,http://cenderabank.com,SM,01/01/1904,01/01/1934,246138,$246.14M,33
14894,The Farmers Bank,200 N Main St,Nicholasville,Kentucky,KY,40356,Jessamine,www.MyFarmersBank.net,NM,01/01/1934,11/30/1934,245842,$245.84M,32
15629,Quoin Financial Bank,201 N Broadway Ave,Miller,South Dakota,SD,57362,Hand,www.quoinbank.com,NM,01/01/1938,11/14/1938,245729,$245.73M,39
16369,The Citizens Bank,301 S Edwards St,Enterprise,Alabama,AL,36330,Coffee,www.tcbenterprise.com,NM,02/05/1946,02/05/1946,245726,$245.73M,29
29745,Marathon Bank,500 Scott St,Wausau,Wisconsin,WI,54403,Marathon,WWW.MARATHONBANK.COM,SI,01/01/1902,08/09/1989,245523,$245.52M,35
17001,First Security Bank and Trust Company,1541 Ne 23rd St,Oklahoma City,Oklahoma,OK,73111,Oklahoma,www.fsbokc.com,NM,04/06/1951,04/06/1951,245317,$245.32M,33
27254,Waycross Bank & Trust,501 Tebeau St,Waycross,Georgia,GA,31501,Ware,www.wbt.bank,NM,06/01/1988,06/01/1988,245312,$245.31M,18
4660,FirstOak Bank,113 N Penn Ave,Independence,Kansas,KS,67301,Montgomery,www.firstoakbank.com,SM,01/01/1881,01/01/1934,244586,$244.59M,42
16704,BANKWEST,5921 Main St,Rockford,Minnesota,MN,55373,Wright,www.bankwestmn.com,NM,01/01/1948,06/01/1948,244440,$244.44M,31
11699,Goodfield State Bank,201 S Eureka St,Goodfield,Illinois,IL,61742,Woodford,www.goodfieldstatebank.com,NM,12/14/1920,01/01/1934,244247,$244.25M,32
59138,Mi Bank,3707 W Maple Rd,Bloomfield Township,Michigan,MI,48301,Oakland,www.mi.bank,NM,04/15/2019,04/15/2019,244214,$244.21M,20
4778,Western National Bank,523 Thayer Ave,Chester,Nebraska,NE,68327,Thayer,www.mywnb.com,N,04/07/1917,01/01/1934,244204,$244.20M,43
155,Bank of Alapaha,245 Ne Railroad St,Alapaha,Georgia,GA,31622,Berrien,www.bankofalapaha.com,NM,03/25/1905,01/01/1934,243793,$243.79M,48
1713,Bank of Perry County,33 S Main St,Lobelville,Tennessee,TN,37097,Perry,http://thebankonthego.com,NM,09/01/1905,01/01/1934,243071,$243.07M,37
28925,Security Savings Bank,220 E Broadway,Monmouth,Illinois,IL,61462,Warren,http://www.securitysavings.com,SI,01/01/1882,08/09/1989,243003,$243.00M,34
22434,"BankChampaign, National Association",2101 S Neil St,Champaign,Illinois,IL,61820,Champaign,http://www.bankchampaign.com,N,03/14/1977,03/14/1977,242983,$242.98M,32
35439,Bank of Brookhaven,411 Brookway Blvd,Brookhaven,Mississippi,MS,39601,Lincoln,www.bankofbrookhaven.com,NM,01/31/2000,01/31/2000,242941,$242.94M,30
27752,Hibernia Bank,325 Carondelet St,New Orleans,Louisiana,LA,70130,Orleans,www.hibernia.bank,SL,01/01/1886,08/09/1989,242305,$242.31M,33
3293,First Texas Bank,501 E 3rd St,Lampasas,Texas,TX,76550,Lampasas,https://www.firsttexasbank.bank,NM,10/02/1884,01/01/1934,242122,$242.12M,23
18677,Victory Bank,4401 Marsha Sharp Freeway,Lubbock,Texas,TX,79407,Lubbock,victory.bank,NM,01/01/1917,01/03/1963,242060,$242.06M,32
19440,First Financial Bank,1630 4th Ave N,Bessemer,Alabama,AL,35020,Jefferson,www.ffbalabama.com,NM,05/17/1965,05/17/1965,242019,$242.02M,71
2467,Citizens State Bank,304 N Main St,Cadott,Wisconsin,WI,54727,Chippewa,csbankcadott.com,NM,08/20/1902,01/01/1934,241950,$241.95M,48
5538,The First National Bank of Sterling City,602 4th St,Sterling City,Texas,TX,76951,Sterling,www.thefnbsc.com,N,08/02/1910,01/01/1934,241353,$241.35M,22
34394,Security National Bank of South Dakota,325 Dakota Dunes Blvd,Dakota Dunes,South Dakota,SD,57049,Union,http://www.snbsd.com,N,05/01/1997,05/01/1997,241295,$241.29M,42
4235,YNB,401 Elm Ave,Yukon,Oklahoma,OK,73099,Canadian,www.ynbok.com,NM,04/19/1912,01/01/1934,241185,$241.19M,64
13946,First Bank & Trust Company,401 N 7th St,Perry,Oklahoma,OK,73077,Noble,www.fbt.bank,NM,02/21/1934,02/21/1934,241177,$241.18M,53
2317,Method Bank,2 E Broadway,Wyandotte,Oklahoma,OK,74370,Ottawa,www.method.bank,SM,09/27/1902,01/01/1934,240921,$240.92M,21
13195,Union State Bank of Hazen,209 Central Ave N,Hazen,North Dakota,ND,58545,Mercer,www.betterstate.com,NM,01/01/1908,01/01/1934,240891,$240.89M,37
5186,First Farmers & Merchants National Bank,303 E Main St,Luverne,Minnesota,MN,56156,Rock,www.ffmbank.com,N,01/01/1931,01/01/1934,240839,$240.84M,27
10137,The Commercial Bank of Grayson,208 E Main St,Grayson,Kentucky,KY,41143,Carter,cbgrayson.com,NM,01/01/1891,01/01/1934,240831,$240.83M,49
35101,Buckeye Community Bank,42935 N. Ridge Rd.,Elyria,Ohio,OH,44035,Lorain,www.buckeyebank.com,SM,10/12/1999,10/12/1999,240803,$240.80M,44
23749,Mission National Bank,3060 16th St,San Francisco,California,CA,94103,San Francisco,www.mnbsf.com,N,02/16/1982,02/16/1982,240798,$240.80M,27
24677,"Triad Bank, National Association",7646 E 61st St,Tulsa,Oklahoma,OK,74133,Tulsa,Triadbank.com,N,08/29/1983,08/29/1983,240760,$240.76M,31
12230,Peoples Bank,408 W Washington St,Cuba,Missouri,MO,65453,Crawford,www.peoplesbk.com,NM,06/22/1901,01/01/1934,240688,$240.69M,49
57915,Bank of Grand Lake,201 E 18th St,Grove,Oklahoma,OK,74344,Delaware,www.bankofgrandlake.com,NM,06/09/2005,06/09/2005,240551,$240.55M,37
26554,Bank of Easton,275 Washington St,North Easton,Massachusetts,MA,02356,Bristol,www.bankofeaston.com,SM,01/01/1889,02/04/1986,240436,$240.44M,19
10212,Commerce Bank,101 Central Ave S,Geneva,Minnesota,MN,56035,Freeborn,http://www.cbmn.bank,NM,01/01/1915,01/01/1934,240406,$240.41M,14
3063,First Pioneer National Bank,145 W 4th St,Wray,Colorado,CO,80758,Yuma,www.fpnb.bank,N,07/01/1902,01/01/1934,240306,$240.31M,25
16162,First State Bank of Purdy,100 Kay Ave,Purdy,Missouri,MO,65734,Barry,www.fsb-purdy.com,NM,06/19/1944,06/20/1944,240138,$240.14M,47
3759,The Anna -Jonesboro National Bank,201 S Main St,Anna,Illinois,IL,62906,Union,WWW.AJNATIONAL.COM,N,01/01/1900,01/01/1934,240067,$240.07M,36
58768,Guadalupe Bank,1309 Bandera Hwy,Kerrville,Texas,TX,78028,Kerr,www.guadalupebank.com,NM,03/17/2008,03/17/2008,239860,$239.86M,30
57632,Homeland Community Bank,900 N Chancery St,Mcminnville,Tennessee,TN,37110,Warren,http://www.homelandcb.com,NM,11/24/2003,11/24/2003,239776,$239.78M,35
13242,Farmers & Merchants State Bank,210 W Madison St,Waterloo,Wisconsin,WI,53594,Jefferson,www.FandMStBk.com,NM,01/01/1897,01/01/1934,239291,$239.29M,30
6088,Union Bank,311 N Main St,Jamestown,Tennessee,TN,38556,Fentress,https://myunion.bank,NM,01/01/1904,01/01/1934,238847,$238.85M,43
1956,Citizens Bank of Eldon,110 N Maple St,Eldon,Missouri,MO,65026,Miller,www.cbeldon.com,NM,01/20/1905,01/01/1934,238435,$238.44M,33
6706,The First National Bank of Sycamore,141 S Sycamore Ave,Sycamore,Ohio,OH,44882,Wyandot,www.sycamore.bank,N,07/01/1919,01/01/1934,238412,$238.41M,31
29345,First Federal Savings and Loan Association,404 Main St,Delta,Ohio,OH,43515,Fulton,www.firstfeddelta.bank,SB,01/01/1934,08/09/1989,238252,$238.25M,38
25869,Metropolitan Bank,250 E 18th St,Oakland,California,CA,94606,Alameda,https://www.met.bank,NM,09/01/1983,12/17/1984,238232,$238.23M,45
12511,Alliance Bank,245 S Eau Claire St,Mondovi,Wisconsin,WI,54755,Buffalo,www.alliancebank.us,NM,01/01/1900,01/01/1934,238065,$238.06M,44
5548,The City National Bank of Taylor,116 W 3rd St,Taylor,Texas,TX,76574,Williamson,www.cnbt.bank,N,01/01/1900,01/01/1934,237767,$237.77M,38
18924,Old Glory Bank,206 S Main St,Elmore City,Oklahoma,OK,73433,Garvin,www.oldglorybank.com,NM,01/01/1903,10/24/1963,237524,$237.52M,83
57074,bankcda,912 Northwest Blvd,Coeur D Alene,Idaho,ID,83814,Kootenai,www.bankcda.bank,NM,05/17/2001,05/17/2001,237422,$237.42M,39
10976,Center National Bank,301 N Ramsey Ave,Litchfield,Minnesota,MN,55355,Meeker,www.centernationalbank.com,N,01/01/1891,01/01/1934,236838,$236.84M,36
11782,Bank of Abbeville & Trust Company,123 Concord St,Abbeville,Louisiana,LA,70510,Vermilion,www.bankofabbeville.com,NM,03/14/1894,01/01/1934,236738,$236.74M,37
16126,Citizens Bank of the Midwest,1515 Martin Springs Dr,Rolla,Missouri,MO,65401,Phelps,www.cbmw.bank,NM,02/28/1944,02/28/1944,236674,$236.67M,35
11732,Bank of Farmington,16 N Main St,Farmington,Illinois,IL,61531,Fulton,http://www.bankoffarmington.com,NM,01/01/1903,01/01/1934,236394,$236.39M,40
14311,Adams County Bank,401 N Smith Ave,Kenesaw,Nebraska,NE,68956,Adams,www.adamscountybank.net,NM,01/01/1878,01/01/1934,236275,$236.28M,14
1609,First State Bank of Wyoming,26741 Felton Ave,Wyoming,Minnesota,MN,55092,Chisago,www.fsbwyoming.com,NM,06/04/1914,01/01/1934,236004,$236.00M,27
18216,Tejas Bank,1405 S Stockton Ave,Monahans,Texas,TX,79756,Ward,www.mytejasbank.com,NM,05/09/1960,05/09/1960,235879,$235.88M,15
10561,Arcadian Bank,601 Broadway St,Hartland,Minnesota,MN,56042,Freeborn,www.arcadian.bank,NM,02/19/1912,01/01/1934,235865,$235.87M,32
30119,PennCrest Bank,1201 12th St,Altoona,Pennsylvania,PA,16601,Blair,www.PennCrest.BANK,SI,01/01/1939,08/09/1989,235736,$235.74M,48
2735,FIRST NATIONAL BANK OF KENTUCKY,604 Highland Ave,Carrollton,Kentucky,KY,41008,Carroll,www.fnbkentucky.com,N,01/01/1881,01/01/1934,235693,$235.69M,45
29571,"The Home Savings and Loan Company of Kenton, Ohio, DBA HSLC",116 E Franklin St,Kenton,Ohio,OH,43326,Hardin,www.hslc.bank,NM,01/01/1888,08/09/1989,235316,$235.32M,30
58806,GenuBank,8488 Rozita Lee Ave,Las Vegas,Nevada,NV,89113,Clark,www.genubank.com,NM,06/02/2008,06/02/2008,235105,$235.10M,30
9998,Capon Valley Bank,2 W Main St,Wardensville,West Virginia,WV,26851,Hardy,www.caponvalleybank.com,NM,07/01/1918,01/01/1934,235063,$235.06M,49
59199,Riverside Bank of Dublin,555 Metro Pl N,Dublin,Ohio,OH,43017,Franklin,www.riverside.bank,NM,02/22/2021,02/22/2021,234932,$234.93M,23
15164,The Farmers State Bank of Westmoreland,307 Main St,Westmoreland,Kansas,KS,66549,Pottawatomie,bankwithfarmers.com,NM,01/01/1898,05/24/1935,234620,$234.62M,35
13111,Hendricks County Bank and Trust Company,1 E Main St,Brownsburg,Indiana,IN,46112,Hendricks,www.hendrickscountybank.com,SM,01/01/1908,01/01/1934,234515,$234.51M,48
10163,Security State Bank of Marine,120 Judd St,Marine On St. Croix,Minnesota,MN,55047,Washington,www.themarinebank.com,NM,05/12/1919,01/01/1934,234115,$234.12M,27
10845,The Clay City Banking Co.,331 S Main St,Clay City,Illinois,IL,62824,Clay,www.claycitybanking.bank,NM,07/05/1892,01/01/1934,233998,$234.00M,38
59182,Loyal Trust Bank,11675 Medlock Bridge Rd,Johns Creek,Georgia,GA,30097,Fulton,www.loyaltrustbank.com,NM,11/18/2019,11/18/2019,233786,$233.79M,23
13775,Farmers State Bank,100 W Main St,Mountain City,Tennessee,TN,37683,Johnson,www.fsbankmctn.com,NM,01/15/1934,01/27/1934,233506,$233.51M,49
35103,Idaho Trust  Bank,888 W Broad St,Boise,Idaho,ID,83702,Ada,www.idahotrust.com,NM,08/30/1994,08/30/2006,233478,$233.48M,34
22636,Community Bank of Marshall,811 W College St,Marshall,Missouri,MO,65340,Saline,www.ourcommunity.bank,NM,05/01/1978,05/01/1978,233316,$233.32M,37
21525,Cornerstone State Bank,401 4th St Nw,Montgomery,Minnesota,MN,56069,Le Sueur,WWW.CORNERSTONESTATEBANK.COM,NM,04/08/1974,04/08/1974,233313,$233.31M,42
3289,National Bank & Trust,141 W Colorado St,La Grange,Texas,TX,78945,Fayette,www.nbt-texas.com,N,07/05/1888,01/01/1934,233148,$233.15M,31
33103,"Gateway Bank, F.S.B.",388 9th St,Oakland,California,CA,94607,Alameda,www.gatewayfsb.com,SB,06/08/1990,06/08/1990,233028,$233.03M,28
26351,Unity National Bank of Houston,2602 Blodgett St,Houston,Texas,TX,77004,Harris,www.unitybanktexas.com,N,08/01/1985,08/01/1985,233024,$233.02M,39
11415,Harvest Bank,75 N Main St,Kimball,Minnesota,MN,55353,Stearns,www.harvestbank.com,NM,08/08/1901,01/01/1934,232900,$232.90M,36
8821,United Farmers State Bank,15 Sw 4th St,Adams,Minnesota,MN,55909,Mower,www.unitedfsb.com,NM,01/01/1914,01/01/1934,232743,$232.74M,21
24867,BNY Mellon Trust of Delaware,103 Bellevue Parkway,Wilmington,Delaware,DE,19809,New Castle,www.bny.com,NM,12/31/1983,12/31/1983,232195,$232.19M,16
31905,"Cypress Bank, SSB",120 S Greer Blvd,Pittsburg,Texas,TX,75686,Camp,www.cypressbanktx.com,SI,01/01/1976,08/09/1989,231856,$231.86M,57
20429,Liberty Bank,40956 Alabama Highway 75,Geraldine,Alabama,AL,35974,Dekalb,https://www.libertybankal.com,NM,05/29/1971,05/29/1971,231453,$231.45M,53
9392,Bank of Grandin,403 W 5th St,Grandin,Missouri,MO,63943,Carter,www.bankofgrandin.net,NM,01/13/1913,01/01/1934,231405,$231.41M,33
16333,First State Bank,211 Commercial St,Loomis,Nebraska,NE,68958,Phelps,www.fsbloomis.com,NM,10/22/1945,11/05/1945,231048,$231.05M,25
57933,Valley Bank of Nevada,6385 Simmons St,North Las Vegas,Nevada,NV,89031,Clark,www.valleybanknv.com,NM,08/01/2005,08/01/2005,230772,$230.77M,25
10015,Security Bank,112 E Main St,New Auburn,Wisconsin,WI,54757,Chippewa,www.securityonlinebank.com,NM,08/28/1907,01/01/1934,230511,$230.51M,26
2765,Farmers Bank and Trust Company,111 W Washington St,Princeton,Kentucky,KY,42445,Caldwell,www.yournxtbank.com,NM,01/01/1900,01/01/1934,230037,$230.04M,39
14230,Malvern Bank,404 Main St,Malvern,Iowa,IA,51551,Mills,www.malvern.bank,NM,01/01/1892,04/10/1934,229997,$230.00M,22
59249,First Bank of Central Ohio,6700 N High St,Worthington,Ohio,OH,43085,Franklin,www.fbcentralohio.com,NM,04/12/2021,04/12/2021,229839,$229.84M,34
2779,The First National Bank and Trust,111 S Main St,Atmore,Alabama,AL,36502,Escambia,www.fnbandt.com,N,01/01/1915,01/01/1934,229327,$229.33M,50
16339,The Tri-County Bank,106 N Main St,Stuart,Nebraska,NE,68780,Holt,www.tricountybank.com,NM,11/17/1945,11/17/1945,228662,$228.66M,37
18641,First Bank and Trust Company of Illinois,300 E Northwest Hwy,Palatine,Illinois,IL,60067,Cook,www.firstbankillinois.com,NM,12/20/1962,12/20/1962,228636,$228.64M,28
1908,The Wanda State Bank,121 W Main St,Wanda,Minnesota,MN,56294,Redwood,www.wandastatebank.com,NM,06/01/1932,01/01/1934,228612,$228.61M,19
31406,First Federal Savings and Loan Association of San Rafael,998 4th St,San Rafael,California,CA,94901,Marin,www.ffsavings.com,SB,07/31/1963,08/09/1989,228132,$228.13M,27
2708,The First National Bank of Manchester,120 Town Branch Rd,Manchester,Kentucky,KY,40962,Clay,www.fnbmbank.com,N,02/05/1905,01/01/1934,227665,$227.66M,46
10122,Farmers Savings Bank & Trust,611 2nd St,Traer,Iowa,IA,50675,Tama,http://www.fsb-traer.com,NM,01/01/1915,01/01/1934,227539,$227.54M,21
9320,Marion State Bank,345 Main St,Marion,Louisiana,LA,71260,Union,www.marionstate.bank,NM,02/01/1907,01/01/1934,226977,$226.98M,56
14744,"Williamstown Bank, Inc.",435 Highland Ave,Williamstown,West Virginia,WV,26187,Wood,www.williamstownbank.com,NM,01/01/1919,09/15/1934,226963,$226.96M,50
11252,The First National Bank of Izard County,2005 Highway 56,Calico Rock,Arkansas,AR,72519,Izard,www.fnbizardcounty.com,N,05/01/1914,01/01/1934,226942,$226.94M,36
1418,Bank of Weston,18255 Highway 45 North,Weston,Missouri,MO,64098,Platte,www.bankofweston.com,NM,03/21/1893,01/01/1934,226656,$226.66M,38
1434,Town & Country Bank,423 Grand Ave,Ravenna,Nebraska,NE,68869,Buffalo,www.tcbank.bank,SM,01/01/1932,01/01/1934,226650,$226.65M,28
28989,WCF Financial Bank,401 Fair Meadow Dr,Webster City,Iowa,IA,50595,Hamilton,www.wcfbank.com,NM,06/01/1934,08/09/1989,226396,$226.40M,29
21486,Crossroads Bank,2000 S Banker St,Effingham,Illinois,IL,62401,Effingham,www.crossroadsbank.com,NM,03/12/1974,03/12/1974,226234,$226.23M,25
58859,CornerStone Bank,54 S Main St,Lexington,Virginia,VA,24450,Lexington City,www.cornerstonebankva.com,SM,02/17/2009,02/17/2009,226102,$226.10M,37
8250,Bank of Wiggins,109 Pine Ave W,Wiggins,Mississippi,MS,39577,Stone,http://www.bankofwiggins.com,NM,12/04/1916,01/01/1934,225847,$225.85M,43
8775,Bank of Columbia,144 Public Sq,Columbia,Kentucky,KY,42728,Adair,www.bankcolumbia.com,NM,01/01/1866,01/01/1934,225791,$225.79M,32
4945,Peoples Bank of the South,106 W Central Ave,La Follette,Tennessee,TN,37766,Campbell,www.peoplesbanksouth.com,NM,01/01/1917,01/01/1934,225764,$225.76M,32
13753,Blue Grass Savings Bank,104 E Mayne St,Blue Grass,Iowa,IA,52726,Scott,www.bluegrassbank.com,NM,01/01/1902,01/01/1934,225577,$225.58M,21
170,The Peoples Bank of Georgia,26 W Monroe St,Talbotton,Georgia,GA,31827,Talbot,www.peoplesbankofga.com,NM,01/01/1891,01/01/1934,225230,$225.23M,43
10520,The Citizens Bank,114 W Main St,Morehead,Kentucky,KY,40351,Rowan,www.tcbanytime.com,NM,09/28/1928,01/01/1934,225225,$225.22M,50
58678,Gateway Commercial Bank,6860 E Warner Rd,Mesa,Arizona,AZ,85212,Maricopa,www.gcbaz.com,NM,12/03/2007,12/03/2007,225216,$225.22M,17
4960,First Farmers & Commercial Bank,441 Spring St,Pikeville,Tennessee,TN,37367,Bledsoe,www.ffandcb.com,NM,09/30/1913,01/01/1934,225202,$225.20M,53
17650,"The Stockgrowers State Bank of Ashland, Kansas",622 Main St,Ashland,Kansas,KS,67831,Clark,www.stockgrowersbank.com,NM,06/23/1885,08/23/1956,225117,$225.12M,33
2945,State Bank Northwest,12902 E Sprague Ave,Spokane Valley,Washington,WA,99216,Spokane,http://www.StateBankNorthwest.com,NM,01/01/1902,01/01/1934,224873,$224.87M,39
14604,Community Point Bank,13218 Railroad Avenue,Russellville,Missouri,MO,65074,Cole,www.ourcpb.bank.bank,NM,07/19/1934,07/28/1934,224729,$224.73M,26
11232,Bank of Milton,323 Parkview Dr,Milton,Wisconsin,WI,53563,Rock,www.bankofmilton.com,NM,03/25/1884,01/01/1934,223958,$223.96M,24
297,Lewisburg Banking Company,287 N Main St,Lewisburg,Kentucky,KY,42256,Logan,www.lewisburgbank.com,SM,02/10/1894,01/01/1934,223932,$223.93M,38
15701,The Seymour Bank,119 N Main St,Seymour,Missouri,MO,65746,Webster,seymourbank.com,NM,11/25/1939,11/25/1939,223890,$223.89M,51
57396,Bank of Lincoln County,307 College St E,Fayetteville,Tennessee,TN,37334,Lincoln,http://www.bolconline.com,NM,07/22/2002,07/22/2002,223646,$223.65M,43
35164,Capital Bank and Trust Company,6455 Irvine Center Dr,Irvine,California,CA,92618,Orange,www.americanfunds.com,SB,07/01/2000,07/01/2000,223566,$223.57M,127
11792,Franklin State Bank & Trust Company,802 Prairie St,Winnsboro,Louisiana,LA,71295,Franklin,www.fsbnet.com,NM,01/01/1908,01/01/1934,223282,$223.28M,50
2160,The First National Bank of Waynesboro,626 N Liberty St,Waynesboro,Georgia,GA,30830,Burke,www.fnbwaynesboro.com,N,01/01/1905,01/01/1934,223015,$223.01M,33
1779,The Citizens State Bank of Ouray,600 Main St,Ouray,Colorado,CO,81427,Ouray,www.csbcolorado.com,NM,08/20/1913,01/01/1934,222808,$222.81M,38
5797,Farmers State Bank,99 7th St N,Northwood,Iowa,IA,50459,Worth,www.fsbbanks.com,NM,11/15/1921,01/01/1934,222487,$222.49M,33
15523,Muenster State Bank,201 North Main Street,Muenster,Texas,TX,76252,Cooke,http://www.muensterstate.bank,NM,07/03/1923,07/31/1937,222252,$222.25M,17
12349,Community Bank of Cameron,101 W Main St,Cameron,Wisconsin,WI,54822,Barron,www.communitybankwi.com,NM,01/01/1903,01/01/1934,222199,$222.20M,39
9517,Cleveland State Bank,1250 W Washington Ave,Cleveland,Wisconsin,WI,53015,Manitowoc,www.clevelandstate.bank,NM,04/19/1907,01/01/1934,222175,$222.18M,36
21874,First Peoples Bank of Tennessee,206 W Broadway Blvd,Jefferson City,Tennessee,TN,37760,Jefferson,http://www.firstpeoplesbank.net,NM,01/02/1975,01/02/1975,222057,$222.06M,42
29645,"First Federal Savings and Loan Association of Central Illinois, S.B.",200 W Main Street,Shelbyville,Illinois,IL,62565,Shelby,www.1stfedci.com,SI,01/01/1906,08/09/1989,221987,$221.99M,41
13905,First Texoma National Bank,220 W Main St,Durant,Oklahoma,OK,74701,Bryan,www.ftnb.net,N,07/08/1898,01/01/1934,221777,$221.78M,61
327,Merchants and Planters Bank,308 Raymond Sq,Raymond,Mississippi,MS,39154,Hinds,http://www.mpbank.net,NM,02/01/1906,01/01/1934,221647,$221.65M,52
29772,Vidalia Federal Savings Bank,300 Jackson St,Vidalia,Georgia,GA,30474,Toombs,WWW.VIDFEDONLINE.COM,SB,09/01/1936,08/09/1989,221315,$221.31M,27
58724,Nebraska Bank of Commerce,6000 Village Dr,Lincoln,Nebraska,NE,68516,Lancaster,www.thenbcbank.com,NM,12/03/2007,12/03/2007,220985,$220.99M,21
10012,The Portage County Bank,1155 County Road D,Almond,Wisconsin,WI,54909,Portage,http://www.PORTAGECOUNTYBANK.COM,NM,01/01/1901,01/01/1934,220933,$220.93M,37
4678,The Citizens National Bank,417 Commercial St,Greenleaf,Kansas,KS,66943,Washington,www.thecnb.bank,N,01/01/1915,01/01/1934,220885,$220.88M,48
8824,Eagle Bank,2 Franklin St S,Glenwood,Minnesota,MN,56334,Pope,http://www.eaglebankmn.com,NM,01/04/1908,01/01/1934,220598,$220.60M,36
2391,Security Bank,602 W Main St,Newbern,Tennessee,TN,38059,Dyer,www.bankatsecurity.com,SM,01/01/1931,01/01/1934,220129,$220.13M,77
31121,Cecil Bank,127 North St,Elkton,Maryland,MD,21921,Cecil,http://www.cecilbank.com,SM,10/07/1959,08/09/1989,220027,$220.03M,30
9259,Farmers State Bank of Hoffman,100 E 4th St,Hoffman,Illinois,IL,62250,Clinton,www.fsbhoffman.com,NM,01/01/1911,12/16/1933,220019,$220.02M,36
14247,United Bank and Trust Company,400 Central Ave E,Hampton,Iowa,IA,50441,Franklin,http://www.ubtc.net,NM,01/01/1915,01/01/1934,219809,$219.81M,24
58106,Riverland Bank,700 Seville Dr,Jordan,Minnesota,MN,55352,Scott,www.riverlandbank.com,NM,10/20/2005,10/20/2005,219537,$219.54M,27
10460,Town & Country Bank Midwest,524 N 30th St,Quincy,Illinois,IL,62301,Adams,www.tcbankmidwest.com,NM,01/01/1910,01/01/1934,219093,$219.09M,41
27043,Sanger Bank,1405 W Chapman Dr,Sanger,Texas,TX,76266,Denton,http://www.sangerbank.com,SM,09/08/1987,09/08/1987,218887,$218.89M,33
3075,The First National Bank of Anderson,1071 Highway 90 S,Anderson,Texas,TX,77830,Grimes,http://www.fnbanderson.com,N,07/05/1904,01/01/1934,218791,$218.79M,46
15580,First Bank of Coastal Georgia,250 W Bacon St,Pembroke,Georgia,GA,31321,Bryan,www.firstbankofcg.com,NM,01/01/1907,02/10/1938,218584,$218.58M,30
7590,The National Bank of Malvern,2 W King St,Malvern,Pennsylvania,PA,19355,Chester,http://www.natbankmal.com,N,04/07/1884,01/01/1934,218461,$218.46M,26
22046,First National Bank USA,13386 Highway 90,Boutte,Louisiana,LA,70039,St. Charles,www.fnbusa.com,N,06/23/1975,06/23/1975,218424,$218.42M,28
15899,Fusion Bank,116 W 6th St,Larned,Kansas,KS,67550,Pawnee,www.fusion.bank,SM,01/01/1896,06/26/1942,218161,$218.16M,21
25328,BOC Bank,201 N Main St,Mclean,Texas,TX,79057,Gray,http://www.bocbanking.com,SM,08/16/1984,08/16/1984,217382,$217.38M,32
26738,Texas Financial Bank,220 Jackson Street,Eden,Texas,TX,76837,Concho,www.texasfinancial.com,NM,07/31/1986,07/31/1986,217347,$217.35M,39
16410,Andover State Bank,511 N Andover Rd,Andover,Kansas,KS,67002,Butler,www.goasb.com,NM,11/26/1916,04/19/1946,217313,$217.31M,28
16370,The Hicksville Bank,144 E High St,Hicksville,Ohio,OH,43526,Defiance,www.thb.bank,NM,01/09/1946,02/07/1946,216780,$216.78M,39
14491,The Bank of Charlotte County,101 Berkley Street,Phenix,Virginia,VA,23959,Charlotte,www.bankofcharlotte.com,SM,11/12/1912,06/20/1934,216312,$216.31M,48
7789,The Turbotville National Bank,4710 State Route 54,Turbotville,Pennsylvania,PA,17772,Northumberland,www.ttnb.com,N,01/01/1910,01/01/1934,216248,$216.25M,18
29676,"Paper City Savings Bank, S.A.",4200 8th St S,Wisconsin Rapids,Wisconsin,WI,54494,Wood,www.pcs.bank,SL,01/01/1933,08/09/1989,215875,$215.88M,42
9306,The Citizens Bank,1522 Union City Hwy,Hickman,Kentucky,KY,42050,Fulton,www.citizenshickman.com,NM,01/01/1930,01/01/1934,215359,$215.36M,36
8595,I3 Bank,12212 N 156th St,Bennington,Nebraska,NE,68007,Douglas,www.i3.bank,SM,01/28/1928,01/01/1934,215309,$215.31M,40
50,Community Spirit Bank,200 4th Ave Sw,Red Bay,Alabama,AL,35582,Franklin,www.communityspirit.bank,NM,03/17/1908,01/01/1934,215277,$215.28M,46
7031,The First National Bank of Dryden,7 West Main Street,Dryden,New York,NY,13053,Tompkins,www.drydenbank.com,N,01/01/1902,01/01/1934,214216,$214.22M,40
16895,First State Bank of Bedias,22201 Highway 90 N,Bedias,Texas,TX,77831,Grimes,www.bediasbank.com,NM,08/28/1907,03/24/1950,214192,$214.19M,23
10473,Ipava State Bank,1203 S Main St,Lewistown,Illinois,IL,61542,Fulton,www.ipavastatebank.com,NM,09/11/1902,01/01/1934,214158,$214.16M,35
30516,Crossbridge Community Bank,15 E Wisconsin Ave,Tomahawk,Wisconsin,WI,54487,Lincoln,www.Crossbridge.bank,SI,01/01/1920,08/09/1989,214121,$214.12M,39
11002,St. Clair County State Bank,680 2nd St,Osceola,Missouri,MO,64776,St. Clair,https://www.sccsbank.com,NM,05/01/1896,01/01/1934,214113,$214.11M,30
34686,Charter Bank,5526 Nw 86th St,Johnston,Iowa,IA,50131,Polk,www.charterbanker.com,NM,06/15/1998,06/15/1998,214052,$214.05M,28
58857,"New Horizon Bank, National Association",1870 Stoneridge Commerce Dr,Powhatan,Virginia,VA,23139,Powhatan,www.newhorizonbank.com,N,10/07/2009,10/07/2009,214043,$214.04M,51
9310,Commercial Bank,550 Main St,West Liberty,Kentucky,KY,41472,Morgan,http://www.commercialbankky.bank,NM,01/01/1910,01/01/1934,213850,$213.85M,31
2828,Friend Bank,220 E Lawrence Harris Hwy,Slocomb,Alabama,AL,36375,Geneva,www.friendbank.net,NM,10/01/1905,01/01/1934,213312,$213.31M,54
3255,The Citizens National Bank of Hillsboro,200 E Elm St,Hillsboro,Texas,TX,76645,Hill,www.cnbhillsboro.com,N,01/01/1893,01/01/1934,213301,$213.30M,27
13737,Farmers & Merchants Bank & Trust,221 Jefferson St,Burlington,Iowa,IA,52601,Des Moines,www.fmbanktrust.bank,NM,01/01/1916,01/24/1934,213038,$213.04M,48
32348,"Taylorsville Savings Bank, SSB",107 Main Avenue Dr,Taylorsville,North Carolina,NC,28681,Alexander,www.taylorsvillesavings.com,SI,04/01/1921,08/09/1989,213001,$213.00M,29
15249,United Citizens Bank & Trust Company,8198 Main St,Campbellsburg,Kentucky,KY,40011,Henry,www.unitedcitizensbank.com,NM,01/01/1872,01/01/1934,212952,$212.95M,50
6725,The First National Bank of Waverly,107 N Market St,Waverly,Ohio,OH,45690,Pike,www.thefirstnational.com,N,01/01/1901,01/01/1934,212751,$212.75M,33
57312,Town & Country Bank,8620 W Tropicana Ave,Las Vegas,Nevada,NV,89147,Clark,www.tcbanknv.bank,NM,04/15/2002,04/15/2002,212647,$212.65M,27
1125,Merchants State Bank,305 S Main St,Freeman,South Dakota,SD,57029,Hutchinson,www.msb-sd.com,SM,08/08/1899,01/01/1934,212534,$212.53M,31
8110,Kendall Bank,11225 College Blvd,Overland Park,Kansas,KS,66210,Johnson,www.kendallbank.com,NM,05/17/1927,01/01/1934,212263,$212.26M,39
10883,Eagle Valley Bank,108 W Quincy St,Griggsville,Illinois,IL,62340,Pike,www.eaglevalley.bank,NM,08/03/1893,01/01/1934,212253,$212.25M,39
5602,Union State Bank,15 20th St N,Pell City,Alabama,AL,35125,St. Clair,www.unionstate.net,NM,01/01/1903,01/01/1934,212154,$212.15M,62
11747,The Farmers State Bank and Trust Company,200 W State St,Jacksonville,Illinois,IL,62650,Morgan,http://www.fsbtco.com,NM,01/01/1910,01/01/1934,212042,$212.04M,49
18620,Citizens Bank & Trust Co. of Jackson,720 Highway 15 S,Jackson,Kentucky,KY,41339,Breathitt,www.citizensbankjackson.bank,NM,11/17/1962,11/17/1962,211851,$211.85M,47
4148,The First National Bank and Trust Company of Miami,2 N Main St,Miami,Oklahoma,OK,74354,Ottawa,www.fnbmiami.com,N,01/01/1900,01/01/1934,211846,$211.85M,35
10920,The Fidelity State Bank and Trust Company,510 N 2nd Ave,Dodge City,Kansas,KS,67801,Ford,www.fidelitybankdc.com,SM,01/02/1933,01/01/1934,211802,$211.80M,28
418,High Plains Bank,202 N Main St,Okeene,Oklahoma,OK,73763,Blaine,www.hpbank.us,NM,02/11/1930,01/01/1934,211651,$211.65M,26
307,Landmark Bank,12225 Saint Helena St,Clinton,Louisiana,LA,70722,East Feliciana,landmarkbankla.com,NM,11/01/1897,01/01/1934,211284,$211.28M,46
1639,FCNB Bank,402 W Main St,Steelville,Missouri,MO,65565,Crawford,www.fcnb.com,SM,01/01/1906,01/01/1934,211248,$211.25M,53
4193,THE SEILING STATE BANK,301 N Main St,Seiling,Oklahoma,OK,73663,Dewey,www.seilingsb.com,NM,01/01/1901,01/01/1934,211080,$211.08M,26
34548,Neighborhood National Bank,2987 Jamacha Rd,El Cajon,California,CA,92019,San Diego,http://www.mynnb.com,N,09/19/1997,09/19/1997,210832,$210.83M,28
13955,Foundation Bank,676 Main St N,Mc Kenzie,Tennessee,TN,38201,Carroll,http://www.foundationbank.org,NM,02/28/1934,02/28/1934,210638,$210.64M,86
19800,Plaquemine Bank & Trust Company,24025 Eden St,Plaquemine,Louisiana,LA,70764,Iberville,http://www.plaqbank.com,NM,04/01/1968,04/01/1968,210271,$210.27M,32
16601,Bank Northwest,201 S Davis St,Hamilton,Missouri,MO,64644,Caldwell,www.banknw.com,NM,08/04/1945,08/04/1947,210071,$210.07M,40
6051,Apollo Trust Company,201 N Warren Ave,Apollo,Pennsylvania,PA,15613,Armstrong,http://www.apollotrust.com,SM,05/27/1871,01/01/1934,209882,$209.88M,36
77,BankSouth,3251 Ross Clark Cir,Dothan,Alabama,AL,36303,Houston,,NM,01/01/1928,01/01/1934,209844,$209.84M,23
10597,TBO Bank,113 E South Front St,Orrick,Missouri,MO,64077,Ray,www.tbobank.com,NM,07/02/1902,01/01/1934,209807,$209.81M,52
1167,Uinta Bank,695 Parkway Dr,Mountain View,Wyoming,WY,82939,Uinta,www.uintabank.com,SM,09/16/1919,01/01/1934,209421,$209.42M,16
9745,Home State Bank,1435 Us Highway 12,Litchfield,Minnesota,MN,55355,Meeker,www.hsbofmn.com,NM,03/23/1926,01/01/1934,209385,$209.38M,42
28186,MCS Bank,100 Commerce Dr,Milroy,Pennsylvania,PA,17063,Mifflin,WWW.MCS.BANK,SI,01/01/1923,08/09/1989,209219,$209.22M,52
59181,Gulf Atlantic Bank,2222 N Roosevelt Blvd,Key West,Florida,FL,33040,Monroe,www.gulfatlanticbank.com,SM,04/13/2020,04/13/2020,208975,$208.97M,32
57899,1st Advantage Bank,240 Salt Lick Rd,Saint Peters,Missouri,MO,63376,St. Charles,www.1stadvantagebank.com,NM,01/31/2005,01/31/2005,208795,$208.79M,24
17587,Simmesport State Bank,16495 Highway 1,Simmesport,Louisiana,LA,71369,Avoyelles,www.simmesportstatebank.net,NM,05/01/1956,05/01/1956,208755,$208.75M,26
90040,Home Loan State Bank,205 N 4th St,Grand Junction,Colorado,CO,81501,Mesa,www.hlsb.com,NM,12/16/1960,09/28/1987,208624,$208.62M,29
13430,Wadena State Bank,304 1st St Se,Wadena,Minnesota,MN,56482,Wadena,www.wadenastatebank.com,SM,01/01/1917,01/03/1934,208476,$208.48M,32
17993,Keystone Savings Bank,330 Western Avenue,Marengo,Iowa,IA,52301,Iowa,www.keystonesavings.bank,NM,04/27/1935,04/30/1959,208431,$208.43M,29
8214,Farmers State Bank of Hamel,145 Hamel Rd,Hamel,Minnesota,MN,55340,Hennepin,www.fsboh.com,NM,01/01/1919,01/01/1934,208196,$208.20M,22
22639,Bank of Commerce,221 3rd St,Rawlins,Wyoming,WY,82301,Carbon,WWW.BOCRAWLINS.COM,SM,04/20/1978,04/20/1978,207981,$207.98M,31
13662,"Farmers and Merchants State Bank, Bloomfield, Nebraska",103 N Broadway St,Bloomfield,Nebraska,NE,68718,Knox,www.fandmstatebank.com,NM,01/01/1895,01/17/1934,207731,$207.73M,24
1980,Valley Bank of Kalispell,41 3rd St W,Kalispell,Montana,MT,59901,Flathead,www.valleybankmt.com,NM,07/01/1911,01/01/1934,207716,$207.72M,30
14952,The Lyon County State Bank,902 Merchant St,Emporia,Kansas,KS,66801,Lyon,www.mylcsb.com,NM,06/27/1913,12/28/1934,207450,$207.45M,32
15664,"Freedom Bank, Inc.",20 N Crim Ave,Belington,West Virginia,WV,26250,Barbour,www.freedombankwv.com,NM,05/10/1939,05/10/1939,207443,$207.44M,47
8491,Scott State Bank,101 W Main St,Bethany,Illinois,IL,61914,Moultrie,www.scottbancshares.com,NM,01/01/1887,01/01/1934,207137,$207.14M,48
1611,"Carroll County Trust Company of Carrollton, Missouri",2 S Folger St,Carrollton,Missouri,MO,64633,Carroll,www.cctconline.com,NM,01/01/1919,01/01/1934,207129,$207.13M,23
12079,Citizens Community Bank,120 W Main St,Hahira,Georgia,GA,31632,Lowndes,www.ccbga.bank,NM,02/21/1927,01/01/1934,206871,$206.87M,43
28908,Iron Workers Savings Bank,3333 Concord Rd,Aston,Pennsylvania,PA,19014,Delaware,www.iwsb.com,SI,01/01/1879,08/09/1989,206837,$206.84M,25
34407,NorthStar Bank,2202 Central Ave,Estherville,Iowa,IA,51334,Emmet,http://WWW.NORTHSTARBANKIOWA.COM,NM,04/01/1997,04/01/1997,206822,$206.82M,22
17913,First National Bank of Fort Stockton,1000 W Dickinson Blvd,Fort Stockton,Texas,TX,79735,Pecos,https://www.fnbfst.com,N,10/01/1958,10/01/1958,206326,$206.33M,24
58636,First Cahawba Bank,2610 Citizens Pkwy,Selma,Alabama,AL,36701,Dallas,www.firstcahawba.com,NM,09/10/2007,09/10/2007,206293,$206.29M,40
35377,Alpine Capital Bank,680 5th Ave,New York,New York,NY,10019,New York,www.alpinecapitalbank.com,NM,03/01/2000,03/01/2000,206245,$206.25M,27
18284,Farmers Savings Bank,10 Highway Avenue Northwest,Fostoria,Iowa,IA,51340,Clay,www.fsbfostoria.com,NM,08/24/1916,08/04/1960,206038,$206.04M,20
1843,The Farmers and Merchants Bank,302 S Old Us Highway 41,Boswell,Indiana,IN,47921,Benton,www.fmbank.org,NM,04/23/1903,01/01/1934,205655,$205.66M,28
15913,First Community Bank and Trust,1111 Dixie Hwy,Beecher,Illinois,IL,60401,Will,www.firstcbt.bank,SM,11/16/1916,10/04/1952,205436,$205.44M,29
17369,Carson Bank,122 W Main St,Mulvane,Kansas,KS,67110,Sumner,www.carsonbank.com,NM,07/01/1886,11/05/1954,205312,$205.31M,39
9024,"Calhoun County Bank, Inc.",443 High St,Grantsville,West Virginia,WV,26147,Calhoun,www.calhounbanks.com,NM,01/01/1900,01/01/1934,205144,$205.14M,38
22669,Nevada Bank and Trust Company,210 Front Street,Caliente,Nevada,NV,89008,Lincoln,www.nevadabankandtrust.com,NM,06/21/1978,06/21/1978,204978,$204.98M,40
12087,Spring Valley City Bank,315 N Cornelia St,Spring Valley,Illinois,IL,61362,Bureau,www.svcb.com,NM,11/01/1905,01/01/1934,204765,$204.76M,27
16161,"Campbell County Bank, Inc.",110 Main St N,Herreid,South Dakota,SD,57632,Campbell,http://campbellcountybank.com,NM,06/13/1944,06/13/1944,204677,$204.68M,21
15405,Houghton State Bank,116 E Coolbaugh St,Red Oak,Iowa,IA,51566,Montgomery,www.houghtonstatebank.com,NM,01/01/1879,07/28/1936,204657,$204.66M,27
10967,"F & M Community Bank, National Association",100 Saint Anthony St N,Preston,Minnesota,MN,55965,Fillmore,www.fmcommunity.com,N,03/11/1911,01/01/1934,204555,$204.56M,40
8122,First & Peoples Bank and Trust Company,1001 Diederich Blvd,Russell,Kentucky,KY,41169,Greenup,www.firstandpeoplesbank.com,NM,02/28/1932,01/01/1934,204499,$204.50M,45
2469,Badger Bank,220 Grant St,Fort Atkinson,Wisconsin,WI,53538,Jefferson,www.badgerbank.bank,NM,01/07/1884,01/01/1934,204480,$204.48M,37
16334,First State Bank of Odem,201 Main St,Odem,Texas,TX,78370,San Patricio,www.fsbodem.com,NM,11/12/1945,11/12/1945,204464,$204.46M,36
33026,Surety Bank,990 N Woodland Blvd,Deland,Florida,FL,32720,Volusia,www.mysuretybank.com,NM,01/01/1926,07/17/1990,204210,$204.21M,37
58413,Embassy National Bank,1817 N Brown Rd,Lawrenceville,Georgia,GA,30043,Gwinnett,www.embassynationalbank.com,N,03/05/2007,03/05/2007,203971,$203.97M,28
27723,"Security Bank, s.b.",510 E Monroe St,Springfield,Illinois,IL,62701,Sangamon,www.securitybk.com,SI,01/01/1906,08/09/1989,203960,$203.96M,53
35056,Madison County Community Bank,301 E Base St,Madison,Florida,FL,32340,Madison,www.mccbflorida.com,NM,05/05/1999,05/05/1999,203854,$203.85M,38
29384,Peru Federal Savings Bank,1730 4th St,Peru,Illinois,IL,61354,Lasalle,www.perufederalsavings.com,SB,01/01/1887,08/09/1989,203417,$203.42M,25
15873,Milledgeville State Bank,451 N Main Ave,Milledgeville,Illinois,IL,61051,Carroll,WWW.MILLEDGEVILLEBANK.COM,NM,01/02/1942,01/02/1942,203410,$203.41M,11
24199,Capitol National Bank,200 N Washington Sq,Lansing,Michigan,MI,48933,Ingham,www.capitolnational.com,N,11/22/1982,11/22/1982,203352,$203.35M,29
29842,Commonwealth Co-operative Bank,1172 River St,Hyde Park,Massachusetts,MA,02136,Suffolk,www.commonwealthcoop.com,SM,01/01/1886,08/09/1989,203195,$203.19M,14
12602,Farmers and Drovers Bank,201 W Main St,Council Grove,Kansas,KS,66846,Morris,www.farmersanddrovers.com,NM,03/16/1882,01/01/1934,203101,$203.10M,22
29743,Aroostook County Federal Savings and Loan Association,43 High St,Caribou,Maine,ME,04736,Aroostook,www.yourhomebank.com,SB,07/29/1936,08/09/1989,202902,$202.90M,27
15311,Iowa Falls State Bank,601 Washington Ave,Iowa Falls,Iowa,IA,50126,Hardin,www.ifsbank.com,NM,01/01/1933,12/06/1953,202834,$202.83M,29
10860,Murphy-Wall State Bank and Trust Company,105 E Water St,Pinckneyville,Illinois,IL,62274,Perry,www.murphywall.com,NM,11/01/1874,01/01/1934,202665,$202.66M,58
5283,American Bank of Beaver Dam,115 Front St,Beaver Dam,Wisconsin,WI,53916,Dodge,www.americanbankbd.com,NM,06/30/1891,01/01/1934,202358,$202.36M,35
58732,Community State Bank,717 N Main St,Lamar,Colorado,CO,81052,Prowers,http://www.csb-lamar.com,NM,07/15/2008,07/15/2008,202273,$202.27M,25
31198,"Greeneville Federal Bank, FSB",101 W Summer St,Greeneville,Tennessee,TN,37743,Greene,www.greenevillefederalbank.com,SB,08/02/1960,08/09/1989,202090,$202.09M,32
15146,Great North Bank,541 Central Ave,Florence,Wisconsin,WI,54121,Florence,www.greatnorthbank.com,NM,01/01/1891,05/16/1935,201671,$201.67M,55
29749,Southern Hills Community Bank,45 E Main St,Leesburg,Ohio,OH,45135,Highland,www.southernhillscommunitybank.bank,SB,01/01/1884,08/09/1989,201535,$201.53M,43
14291,BANK,409 Highway 61 S,Wapello,Iowa,IA,52653,Louisa,www.bank.bank,SM,02/13/1931,04/25/1934,201501,$201.50M,36
58359,United Republic Bank,111 N 181st St,Elkhorn,Nebraska,NE,68022,Douglas,www.unitedrepublic.bank,NM,12/11/2006,12/11/2006,201300,$201.30M,22
7085,The First National Bank of Groton,159 Main St,Groton,New York,NY,13073,Tompkins,www.grotonbank.com,N,05/01/1865,01/01/1934,200957,$200.96M,33
16275,The Citizens Bank of Cochran,124 E Dykes St,Cochran,Georgia,GA,31014,Bleckley,www.citizensbankcochran.com,NM,01/01/1934,06/12/1945,200945,$200.94M,31
59157,American Bank of the Carolinas,312 N Charlotte Ave,Monroe,North Carolina,NC,28112,Union,www.abc-nc.com,NM,05/20/2019,05/20/2019,200868,$200.87M,30
10497,Iowa State Bank,500 Audubon St,Sac City,Iowa,IA,50583,Sac,https://www.myisb.bank,NM,03/29/1926,01/01/1934,200438,$200.44M,22
6637,The First National Bank of McConnelsville,86 N Kennebec Ave,Mcconnelsville,Ohio,OH,43756,Morgan,www.first-national.com,N,07/01/1863,01/01/1934,200281,$200.28M,50
11463,The Citizens-Farmers Bank of Cole Camp,121 E Main St,Cole Camp,Missouri,MO,65325,Benton,www.citizensfarmersbank.com,SM,03/29/1929,01/01/1934,199670,$199.67M,28
35450,"Century Bank of Kentucky, Inc.",201 W Woodford St,Lawrenceburg,Kentucky,KY,40342,Anderson,http://www.centurybankky.com,NM,07/05/2000,07/05/2000,199398,$199.40M,23
6786,"Mountain Valley Bank, N.A.",317 Davis Ave,Elkins,West Virginia,WV,26241,Randolph,www.mountainvalleybank.com,N,01/01/1909,01/01/1934,199361,$199.36M,40
9388,The Corner Stone Bank,117 N Main St,South West City,Missouri,MO,64863,Mcdonald,www.thecornerstonebank.net,NM,01/01/1898,01/01/1934,199271,$199.27M,51
30976,Gouverneur Savings and Loan Association,42 Church St,Gouverneur,New York,NY,13642,St. Lawrence,www.gouverneurbank.com,SL,01/01/1892,08/09/1989,198839,$198.84M,38
4049,First Enterprise Bank,1000 W Britton Rd,Oklahoma City,Oklahoma,OK,73114,Oklahoma,www.febokc.com,NM,01/01/1907,01/01/1934,198588,$198.59M,60
2154,The Geo. D. Warthen Bank,216 N Harris St,Sandersville,Georgia,GA,31082,Washington,WWW.GDWBANK.COM,NM,01/01/1871,01/01/1934,198503,$198.50M,37
10191,PrinsBank,508 3rd St,Prinsburg,Minnesota,MN,56281,Kandiyohi,www.prinsbank.com,NM,10/14/1916,01/01/1934,198465,$198.47M,22
404,The Farmers State Bank,1100 Main St,Quinton,Oklahoma,OK,74561,Pittsburg,www.fsb1908.bank,SM,03/08/1908,01/01/1934,198428,$198.43M,49
15598,Horizon Financial Bank,416 Main St,Munich,North Dakota,ND,58352,Cavalier,http://www.HorizonFinancialBank.com,NM,01/01/1905,05/02/1938,198395,$198.40M,31
24966,Valley Bank of Ronan,63659 Us Highway 93,Ronan,Montana,MT,59864,Lake,www.valleybankronan.com,SM,02/21/1984,02/21/1984,198344,$198.34M,60
17451,Halstead Bank,314 Main St,Halstead,Kansas,KS,67056,Harvey,www.halsteadbank.com,SM,03/10/1882,06/08/1955,198155,$198.16M,26
15908,Union State Bank,701 5th St,Clay Center,Kansas,KS,67432,Clay,www.usbcc.com,SM,06/01/1901,08/13/1942,198134,$198.13M,25
3388,The Perryton National Bank,825 S Main St,Perryton,Texas,TX,79070,Ochiltree,http://www.perrytonbank.com,N,01/01/1921,01/01/1934,198091,$198.09M,19
1821,Fowler State Bank,300 E 5th St,Fowler,Indiana,IN,47944,Benton,WWW.FOWLERSTATEBANK.COM,NM,12/14/1931,12/04/1933,198072,$198.07M,30
5439,Minden Exchange Bank & Trust Company,448 N Minden Ave,Minden,Nebraska,NE,68959,Kearney,www.mindenexchange.com,NM,09/01/1883,01/01/1934,197937,$197.94M,23
15427,Chelsea Savings Bank,601 13th St,Belle Plaine,Iowa,IA,52208,Benton,www.chelseasavingsbank.com,NM,10/19/1936,10/19/1936,197180,$197.18M,24
12531,The Peoples Bank,500 N Jackson,Magnolia,Arkansas,AR,71753,Columbia,www.pbmag.com,NM,01/01/1910,01/01/1934,196932,$196.93M,75
34457,The Bank of Jackson,558 Carriage House Dr,Jackson,Tennessee,TN,38305,Madison,www.bankofjackson.com,SM,06/02/1997,06/02/1997,196890,$196.89M,20
27351,Bankers' Bank of Kansas,555 N Woodlawn St,Wichita,Kansas,KS,67208,Sedgwick,www.bbok.com,SM,10/05/1988,10/05/1988,196546,$196.55M,48
27556,Burling Bank,141 W Jackson Blvd,Chicago,Illinois,IL,60604,Cook,BURLINGBANK.COM,NM,08/07/1989,08/07/1989,196455,$196.46M,21
8560,Bank 21,1 W Washington St,Carrollton,Missouri,MO,64633,Carroll,www.bank21.com,NM,08/12/1912,01/01/1934,196365,$196.37M,34
5753,Fidelity Bank,302 Main St,Savanna,Illinois,IL,61074,Carroll,www.fidelity-bank.com,NM,01/01/1920,01/01/1934,196173,$196.17M,62
11242,Producers Bank & Trust,301 N 2nd St,Mcgehee,Arkansas,AR,71654,Desha,www.mcgeheebank.com,SM,12/06/1933,01/01/1934,196166,$196.17M,29
58778,Liberty Bank,20150 7th Ave Ne,Poulsbo,Washington,WA,98370,Kitsap,www.libertybanknw.com,NM,06/11/2009,06/11/2009,196166,$196.17M,20
14275,Farmers and Merchants Bank,501 Main St,Milligan,Nebraska,NE,68406,Fillmore,www.fmbmilligan.com,NM,06/10/1903,04/24/1934,195830,$195.83M,16
8028,Mount Vernon Bank,115 N Railroad Ave,Mount Vernon,Georgia,GA,30445,Montgomery,www.mountvernon.bank,NM,01/24/1901,01/01/1934,195580,$195.58M,28
877,Magnolia State Bank,130 Oak St,Eastman,Georgia,GA,31023,Dodge,http://www.bankmsb.com,NM,01/02/1919,01/01/1934,195431,$195.43M,46
29696,Buffalo Federal Bank,106 Fort St,Buffalo,Wyoming,WY,82834,Johnson,www.buffalofed.bank,SM,05/01/1936,08/09/1989,195361,$195.36M,35
17773,Blue Ridge Bank,100 E Main St,Walhalla,South Carolina,SC,29691,Oconee,blueridge.bank,NM,06/17/1957,06/17/1957,195285,$195.28M,48
17572,First National Bank in Taylorville,322 W Main Cross St,Taylorville,Illinois,IL,62568,Christian,www.fnbtaylorville.com,N,03/28/1956,03/28/1956,194994,$194.99M,21
57569,PeoplesTrust Bank,1281 Military St S,Hamilton,Alabama,AL,35570,Marion,www.peoplestrustbk.com,NM,07/23/2004,07/23/2004,194883,$194.88M,35
1547,Iowa Trust and Savings Bank,200 N 10th St,Centerville,Iowa,IA,52544,Appanoose,www.iowatrust.bank,NM,01/01/1896,01/01/1934,194787,$194.79M,27
30429,Massena Savings and Loan,255 Main St,Massena,New York,NY,13662,St. Lawrence,www.massenasavingsloan.com,SB,01/01/1924,08/09/1989,194373,$194.37M,22
6442,The First National Bank of Absecon,106 New Jersey Ave,Absecon,New Jersey,NJ,08201,Atlantic,http://www.fnbabsecon.com,N,03/20/1916,01/01/1934,194216,$194.22M,37
12162,Elkton Bank & Trust Company,30 Public Sq,Elkton,Kentucky,KY,42220,Todd,elktonbankandtrust.com,NM,01/01/1866,01/01/1934,194140,$194.14M,34
30969,First FSB of Mascoutah,101 W Main St,Mascoutah,Illinois,IL,62258,St. Clair,www.firstfederalmascoutah.com,SM,01/01/1913,08/09/1989,194077,$194.08M,18
15165,Peoples State Bank of Munising,100 E Superior St,Munising,Michigan,MI,49862,Alger,www.psbup.com,NM,06/07/1910,05/29/1935,194022,$194.02M,34
1983,Western Nebraska Bank,301 Center Ave,Curtis,Nebraska,NE,69025,Frontier,www.westernnebraskabank.com,NM,12/20/1910,01/01/1934,193775,$193.78M,32
58952,New Haven Bank,299 Whalley Ave,New Haven,Connecticut,CT,06511,South Central Connecticut,www.newhavenbank.com,SM,12/20/2010,12/20/2010,193579,$193.58M,23
10467,The Gifford State Bank,304 S Main St,Gifford,Illinois,IL,61847,Champaign,www.giffordbank.com,NM,01/01/1885,01/01/1934,193314,$193.31M,34
12244,First State Bank,222 Main St,Farnam,Nebraska,NE,69029,Dawson,www.1ststatebank4me.com,NM,07/26/1904,01/01/1934,193270,$193.27M,30
18356,Citizens State Bank,808 3rd Ave,Sheldon,Iowa,IA,51201,O'Brien,http://www.csbsheldon.com,NM,03/15/1961,03/15/1961,193159,$193.16M,21
15651,State Bank & Trust Co.,1025 6th St,Nevada,Iowa,IA,50201,Story,www.banksbt.com,NM,02/25/1939,02/25/1939,193137,$193.14M,20
15038,The Valley State Bank,502 N Merchant St,Belle Plaine,Kansas,KS,67013,Sumner,www.valleystatebank.com,NM,01/01/1897,02/28/1935,193081,$193.08M,39
15216,Peoples Bank,299 W Liberty Ave,Lyons,Georgia,GA,30436,Toombs,www.ourpeoplesbank.com,NM,01/01/1931,07/02/1935,192924,$192.92M,26
35506,Cypress Bank & Trust,6115 N Wickham Rd,Melbourne,Florida,FL,32940,Brevard,www.cypressbanktrust.com,NM,10/23/1996,08/16/2021,192877,$192.88M,55
529,Central Bank and Trust,285 Main St,Lander,Wyoming,WY,82520,Fremont,www.centralbanktrust.com,NM,01/31/1890,01/01/1934,192786,$192.79M,40
28425,Central Federal Savings and Loan Association,5953 W Cermak Rd,Cicero,Illinois,IL,60804,Cook,www.centralfederalsavings.com,SB,01/01/1892,08/09/1989,192606,$192.61M,42
29679,Anthem Bank & Trust,23910 Railroad Ave,Plaquemine,Louisiana,LA,70764,Iberville,www.anthembank.com,SB,01/01/1915,08/09/1989,192594,$192.59M,35
34526,Prairie Community Bank,800 W Grant Hwy,Marengo,Illinois,IL,60152,Mchenry,www.prairiecommunitybank.com,NM,04/02/1998,04/02/1998,192486,$192.49M,40
105,Bank of Cave City,137 S Main St,Cave City,Arkansas,AR,72521,Sharp,www.bankofcavecity.com,SM,07/01/1906,01/01/1934,192461,$192.46M,41
34020,Community Bank,5431 Sw 29th St,Topeka,Kansas,KS,66614,Shawnee,www.communitybanktopeka.com,SM,05/22/1995,05/22/1995,192381,$192.38M,21
57137,Mission Bank,2439 Hualapai Mountain Rd,Kingman,Arizona,AZ,86401,Mohave,http://missionbankaz.com,NM,04/30/2001,04/30/2001,192276,$192.28M,33
18895,First National Bank of Lake Jackson,122 West Way,Lake Jackson,Texas,TX,77566,Brazoria,www.fnblj.com,N,09/26/1963,09/26/1963,192214,$192.21M,28
18109,TriCentury Bank,33485 Lexington Ave,De Soto,Kansas,KS,66018,Johnson,http://www.tricentury.bank,NM,03/13/1909,11/16/1959,192194,$192.19M,18
30150,Citizens Federal Savings Bank,5151 S 4th St,Leavenworth,Kansas,KS,66048,Leavenworth,www.citizensfsb.bank,SB,01/01/1884,08/09/1989,192097,$192.10M,28
13784,"Northern Interstate Bank, N. A.",501 W Us Highway 2,Norway,Michigan,MI,49870,Dickinson,www.banknib.com,N,06/12/1901,01/29/1934,191944,$191.94M,29
58517,The Community Bank,507 Us Highway 380,Bridgeport,Texas,TX,76426,Wise,www.onlinewithtcb.com,NM,06/06/2007,06/06/2007,191693,$191.69M,37
21897,Bank Star,1999 W Osage St,Pacific,Missouri,MO,63069,Franklin,www.bank-star.com,NM,01/15/1975,01/15/1975,191097,$191.10M,32
59195,FWBank,1308 N Elston Ave,Chicago,Illinois,IL,60642,Cook,www.firstwomens.bank,NM,07/12/2021,07/12/2021,190959,$190.96M,42
12956,Bank of Richmondville,857 E Main St,Cobleskill,New York,NY,12043,Schoharie,www.bankrich.com,NM,12/08/1893,01/01/1934,190898,$190.90M,36
14773,State Savings Bank,612 Central Ave,Bedford,Iowa,IA,50833,Taylor,www.statesavings.bank,NM,01/01/1915,09/29/1934,190854,$190.85M,27
3762,Great Rivers Bank,694 Bainbridge St,Barry,Illinois,IL,62312,Pike,www.greatriversbank.bank,NM,01/01/1901,01/01/1934,190822,$190.82M,30
29135,First Federal Savings and Loan Association of Van Wert,679 Fox Rd,Van Wert,Ohio,OH,45891,Van Wert,www.1stfedvw.com,SB,01/01/1893,08/09/1989,190791,$190.79M,34
99,Bank of Delight,503 E Antioch St,Delight,Arkansas,AR,71940,Pike,www.bankofdelight.com,NM,06/16/1911,01/01/1934,190766,$190.77M,27
1781,First State Bank Shannon-Polo,1 S Linn St,Shannon,Illinois,IL,61078,Carroll,http://www.fsbshannon-polo.com,NM,01/14/1930,01/01/1934,190760,$190.76M,39
11788,Bank of Sunset and Trust Company,863 Napoleon Ave,Sunset,Louisiana,LA,70584,St. Landry,www.bankofsunset.com,NM,01/01/1906,01/01/1934,190459,$190.46M,34
58025,Verus Bank of Commerce,3700 S College Ave,Fort Collins,Colorado,CO,80525,Larimer,www.verusboc.com,SM,06/27/2005,06/27/2005,190224,$190.22M,11
1941,"The Tipton Latham Bank, National Association",800 Us Highway 50 W,Tipton,Missouri,MO,65081,Moniteau,www.tiptonlathambank.com,N,12/29/1906,01/01/1934,190147,$190.15M,19
31488,Progressive Ozark Bank,904 W Scenic Rivers Blvd,Salem,Missouri,MO,65560,Dent,www.progressiveozarkbank.com,SM,06/02/1965,08/09/1989,190108,$190.11M,54
10980,ESB Bank,115 N Highway 44/76,Caledonia,Minnesota,MN,55921,Houston,https://www.esbbanking.com,NM,01/02/1909,01/01/1934,189856,$189.86M,20
16079,York State Bank,700 N Lincoln Ave,York,Nebraska,NE,68467,York,www.yorkstatebank.com,NM,07/01/1943,07/15/1943,189785,$189.78M,21
12384,Jersey State Bank,1000 S State St,Jerseyville,Illinois,IL,62052,Jersey,www.jerseystatebank.com,NM,01/28/1903,01/01/1934,189612,$189.61M,26
14392,Farmers Trust & Savings Bank,510 Elm St,Williamsburg,Iowa,IA,52361,Iowa,www.ftsbia.com,NM,01/01/1934,05/01/1934,189597,$189.60M,17
34460,Millennial Bank,7924 Parkway Dr,Leeds,Alabama,AL,35094,Jefferson,www.millennial.bank,NM,12/30/1997,12/30/1997,189581,$189.58M,19
1562,Peoples Bank,265 Old Springfield Rd,Lebanon,Kentucky,KY,40033,Marion,www.pboflebanon.com,NM,09/16/1910,01/01/1934,189490,$189.49M,26
5270,"Keen Bank, National Association",101 State St N,Waseca,Minnesota,MN,56093,Waseca,keen.bank,N,12/18/1902,01/01/1934,189459,$189.46M,36
33805,Community Bank of Elmhurst,330 W Butterfield Rd,Elmhurst,Illinois,IL,60126,Dupage,www.communityelmhurst.com,SM,05/24/1993,05/24/1993,189397,$189.40M,30
57420,Highlands Community Bank,307 Thacker Ave,Covington,Virginia,VA,24426,Covington City,www.hc.bank,SM,09/16/2002,09/16/2002,189282,$189.28M,32
15367,Farmers State Bank,121 S Ellis St,Groesbeck,Texas,TX,76642,Limestone,www.farmersstatebanktexas.com,NM,01/01/1913,03/14/1936,189112,$189.11M,39
13809,Minnstar Bank National Association,202 N Main St,Lake Crystal,Minnesota,MN,56055,Blue Earth,www.minnstarbank.com,N,01/29/1934,01/29/1934,188674,$188.67M,25
2057,State Bank & Trust of Kenmare,4 2nd St Nw,Kenmare,North Dakota,ND,58746,Ward,www.sbtk.com,NM,01/01/1925,01/01/1934,188579,$188.58M,21
11932,First Security State Bank,307 N 3rd St,Cranfills Gap,Texas,TX,76637,Bosque,www.fssbtexas.com,NM,01/01/1910,01/01/1934,188557,$188.56M,29
5564,First National Bank of Bosque County,418 E Avenue C,Valley Mills,Texas,TX,76689,Bosque,,N,08/01/1908,01/01/1934,188293,$188.29M,32
57571,Continental Bank,15 W South Temple,Salt Lake City,Utah,UT,84101,Salt Lake,http://www.cbankus.com,NM,11/03/2003,11/03/2003,188248,$188.25M,34
14868,Peoples Savings Bank,414 N Adams St,Wellsburg,Iowa,IA,50680,Grundy,www.bankpsb.com,NM,01/01/1934,10/01/1934,187938,$187.94M,27
11719,Liberty Bank,1002 N Main St,Liberty,Illinois,IL,62347,Adams,www.liberty.bank,NM,06/23/1903,01/01/1934,187829,$187.83M,33
10319,Citizens Savings Bank and Trust Company,2013 Jefferson St,Nashville,Tennessee,TN,37208,Davidson,www.bankcbn.com,NM,01/04/1904,01/01/1934,187819,$187.82M,20
22601,Citizens Bank,19 S Orange St,Butler,Missouri,MO,64730,Bates,WWW.CITIZENSBANK.WS,NM,01/04/1926,01/27/1978,187781,$187.78M,45
8251,Adrian Bank,130 E Main St,Adrian,Missouri,MO,64720,Bates,www.adrianbank.com,SM,10/18/1932,01/01/1934,187488,$187.49M,31
11905,Citizens State Bank,300 N Home St,Corrigan,Texas,TX,75939,Polk,www.csbanktx.com,NM,01/01/1919,01/01/1934,187444,$187.44M,29
10446,"Frederick Community Bank, The",106 N Market St,Paxton,Illinois,IL,60957,Ford,www.tfcbanks.com,NM,06/14/1920,01/01/1934,187435,$187.44M,29
31900,CBL State Savings Bank,229 Trade St,Greer,South Carolina,SC,29651,Greenville,www.cblbanklocal.com,SI,01/01/1907,08/09/1989,187292,$187.29M,17
10250,Peoples State Bank of Velva,101 Main St N,Velva,North Dakota,ND,58790,Mchenry,www.psbvelva.com,NM,01/01/1915,01/01/1934,187144,$187.14M,19
57882,Legacy State Bank,3825 Harrison Rd,Loganville,Georgia,GA,30052,Gwinnett,http://www.legacystatebank.com,NM,03/15/2005,03/15/2005,186848,$186.85M,23
23805,United Pacific Bank,1630 S Azusa Ave,City Of Industry,California,CA,91748,Los Angeles,www.upbnet.com,NM,05/11/1982,05/11/1982,186789,$186.79M,31
2247,Bank of the Southwest,226 N Main St,Roswell,New Mexico,NM,88201,Chaves,www.bankofsw.com,NM,03/18/1930,01/01/1934,186779,$186.78M,85
4067,Oklahoma Bank and Trust Company,600 W Gary Blvd,Clinton,Oklahoma,OK,73601,Custer,https://www.oklabank.com,NM,03/02/1908,01/01/1934,186630,$186.63M,29
12410,La Salle State Bank,654 1st St,La Salle,Illinois,IL,61301,Lasalle,www.elsb.com,NM,08/21/1894,01/01/1934,186567,$186.57M,28
58158,"SmartBiz Bank, National Association",385 Waukegan Rd,Northbrook,Illinois,IL,60062,Cook,www.SmartBizBank.com,N,04/14/2006,04/14/2006,186527,$186.53M,117
28445,First Federal Savings Bank of Champaign Urbana,1311 S Neil St,Champaign,Illinois,IL,61820,Champaign,www.356bank.com,SB,01/01/1908,08/09/1989,186454,$186.45M,50
29636,First Federal Savings and Loan Association of Bath,125 Front St,Bath,Maine,ME,04530,Sagadahoc,www.firstfederalbath.com,SB,01/01/1935,08/09/1989,186366,$186.37M,36
14619,Savannah Bank National Association,1565 N Main St,Savannah,New York,NY,13146,Wayne,http://www.savannahbankny.com,N,01/01/1925,07/21/1934,186305,$186.31M,33
8243,Bank of Anguilla,130 Holland St,Anguilla,Mississippi,MS,38721,Sharkey,www.bankofanguilla.com,NM,01/01/1904,01/01/1934,186178,$186.18M,31
16707,South Central State Bank,673 Broad St,Campbell,Nebraska,NE,68932,Franklin,http://www.southcentralstatebank.com,NM,01/01/1948,07/01/1948,186057,$186.06M,20
6990,The Putnam County National Bank of Carmel,43 Gleneida Ave,Carmel,New York,NY,10512,Putnam,www.pcnb.biz,N,01/01/1865,01/01/1934,186017,$186.02M,33
5252,First Security Bank - Sleepy Eye,100 Main St E,Sleepy Eye,Minnesota,MN,56085,Brown,www.firstsecuritybanks.com,NM,01/01/1882,01/01/1934,185902,$185.90M,22
22811,Brickyard Bank,6676 N Lincoln Ave,Lincolnwood,Illinois,IL,60712,Cook,http://www.brickyardbank.net,NM,02/26/1979,02/26/1979,185799,$185.80M,22
58450,"Texas Advantage Community Bank, National Association",1701 Fairway Dr,Alvin,Texas,TX,77511,Brazoria,WWW.TEXASADVANTAGECOMMUNITYBANK.COM,N,12/18/2006,12/18/2006,185747,$185.75M,27
11667,Vermilion Valley Bank,4 E Peoria St,Piper City,Illinois,IL,60959,Ford,www.vermilionvalleybank.com,NM,07/25/1913,01/01/1934,185723,$185.72M,18
3197,First Texas National Bank,124 S Main St,Floydada,Texas,TX,79235,Floyd,www.firsttexasnb.com,N,01/01/1890,01/01/1934,185554,$185.55M,24
22925,Independence Bank,4401 Rockside Rd,Independence,Ohio,OH,44131,Cuyahoga,,NM,08/15/1979,08/15/1979,185371,$185.37M,19
17259,St. Ansgar State Bank,237 W 4th St,Saint Ansgar,Iowa,IA,50472,Mitchell,www.stansgarbank.com,SM,03/28/1891,09/01/1953,185312,$185.31M,18
29577,Heritage Bank of St Tammany,205 N Columbia St,Covington,Louisiana,LA,70433,St. Tammany,www.heritagebank.org,SL,01/01/1924,08/09/1989,185308,$185.31M,25
1218,First State Bank,1 Ne Court St,Spearman,Texas,TX,79081,Hansford,www.fsbtx.com,NM,01/01/1917,01/01/1934,185278,$185.28M,33
30595,F&M Bank and Trust Company,505 Broadway,Hannibal,Missouri,MO,63401,Marion,www.bankfm.com,SM,01/01/1886,08/09/1989,185268,$185.27M,33
8533,Tensas State Bank,307 Verona Street,Newellton,Louisiana,LA,71357,Tensas,www.tensas.com,NM,01/01/1922,01/01/1934,185216,$185.22M,26
57656,Heritage Community Bank,114 W Church St,Greeneville,Tennessee,TN,37745,Greene,www.hcbonline.us,NM,12/03/2003,12/03/2003,184767,$184.77M,37
4773,The Solomon State Bank,126 W Main St,Solomon,Kansas,KS,67480,Dickinson,,NM,07/01/1905,01/01/1934,184733,$184.73M,18
1931,New Market Bank,101 Old Town Rd,Elko New Market,Minnesota,MN,55054,Scott,www.newmarket.bank,NM,06/10/1905,01/01/1934,184333,$184.33M,36
8647,Farmers State Bank,11 S Main St,West Salem,Ohio,OH,44287,Wayne,www.farmersstate-oh.com,NM,04/15/1915,01/01/1934,184141,$184.14M,37
22888,Farmers and Miners Bank,41526 W Morgan Ave,Pennington Gap,Virginia,VA,24277,Lee,www.farmersandminersbank.com,SM,07/02/1979,07/02/1979,183892,$183.89M,51
26189,The Haverford Trust Company,3 Radnor Corporate Ctr,Radnor,Pennsylvania,PA,19087,Delaware,www.haverfordquality.com,SM,02/01/1985,04/01/1987,183770,$183.77M,143
14208,Security Savings Bank,1015 Market St,Gowrie,Iowa,IA,50543,Webster,www.securitysavingsbank.com,SM,04/18/1914,04/06/1934,183757,$183.76M,37
10528,"Exchange Bank and Trust Company, Natchitoches, Louisiana",700 Front St,Natchitoches,Louisiana,LA,71457,Natchitoches,www.exchange-bank.com,NM,09/28/1892,01/01/1934,183619,$183.62M,30
10505,The Kansas State Bank,236 N Main St,Ottawa,Kansas,KS,66067,Franklin,http://www.MyKansasStateBank.com,NM,11/20/1917,01/01/1934,183366,$183.37M,33
57785,Lakeview Bank,9725 163rd St W,Lakeville,Minnesota,MN,55044,Dakota,www.lakeview.bank,NM,07/08/2004,07/08/2004,183292,$183.29M,22
17830,Citizens' Bank of Charleston,207 E Commercial St,Charleston,Missouri,MO,63834,Mississippi,www.citizensbankinfo.bank,NM,01/20/1958,02/04/1958,183155,$183.16M,23
3190,The First National Bank of Evant,115 N Memory Ln,Evant,Texas,TX,76525,Coryell,www.fnbevant.com,N,10/08/1912,01/01/1934,182972,$182.97M,30
28555,Valley Central Bank,6550 Princeton Glendale Rd,Liberty Township,Ohio,OH,45011,Butler,www.valleycentral.org,SL,01/01/1884,08/09/1989,182656,$182.66M,28
10194,Pine River State Bank,103 Mill St,Pine River,Minnesota,MN,56474,Cass,www.pineriverstatebank.com,NM,01/22/1918,01/01/1934,182632,$182.63M,38
11445,The Jefferson Bank,3008 E Reed Rd,Greenville,Mississippi,MS,38703,Washington,www.thejeffersonbank.com,NM,01/03/1901,01/01/1934,182542,$182.54M,17
26576,Wrentham Co-operative Bank,102 South St,Wrentham,Massachusetts,MA,02093,Norfolk,www.wrenthamcoop.com,SI,01/01/1901,03/03/1986,182368,$182.37M,18
2448,"Pioneer Community Bank, Inc.",5229 Coal Heritage Road,Iaeger,West Virginia,WV,24844,Mcdowell,www.pioneercommunitybank.com,NM,09/20/1931,01/01/1934,182001,$182.00M,41
3830,The First National Bank of Raymond,403 E Broad St,Raymond,Illinois,IL,62560,Montgomery,www.fnbraymond.com,N,10/01/1903,01/01/1934,181780,$181.78M,32
3749,The First National Bank in Tremont,134 S Sampson St,Tremont,Illinois,IL,61568,Tazewell,www.tremontbank.com,N,11/18/1931,01/01/1934,181470,$181.47M,33
11904,"First State Bank of Ben Wheeler, Texas",14269 State Highway 64,Ben Wheeler,Texas,TX,75754,Van Zandt,www.fsbbenwheeler.com,NM,02/17/1911,01/01/1934,181467,$181.47M,32
10855,State Bank of Bement,180 E Bodman St,Bement,Illinois,IL,61813,Piatt,www.bankbement.com,NM,01/17/1914,01/01/1934,181425,$181.43M,30
18761,Foundation One Bank,23804 Cedar Dr,Waterloo,Nebraska,NE,68069,Douglas,www.foundationonebank.com,NM,01/01/1905,04/25/1963,181399,$181.40M,19
6100,Lineage Bank,3359 Aspen Grove Dr,Franklin,Tennessee,TN,37067,Williamson,http://www.lineagebank.com,NM,02/05/1927,01/01/1934,181340,$181.34M,40
4722,The First National Bank of Louisburg,1201 W Amity St,Louisburg,Kansas,KS,66053,Miami,go.ibankfirst.com,N,08/10/1920,01/01/1934,181290,$181.29M,30
14225,The Home National Bank of Thorntown,117 E Main St,Thorntown,Indiana,IN,46071,Boone,www.thehomenationalbank.com,N,05/31/1901,04/06/1934,181279,$181.28M,24
58324,Lone Star Bank,2600 S Gessner Rd,Houston,Texas,TX,77063,Harris,www.lsbtexas.com,NM,08/23/2006,08/23/2006,181277,$181.28M,27
10494,Mount Vernon Bank and Trust Company,206 1st St Sw,Mount Vernon,Iowa,IA,52314,Linn,www.mountvernonbank.com,NM,01/01/1884,01/01/1934,181263,$181.26M,20
27560,North Alabama Bank,13914 Highway 231 431 N,Hazel Green,Alabama,AL,35750,Madison,www.northalabamabank.com,NM,08/14/1989,08/14/1989,181141,$181.14M,41
4664,Home Bank and Trust Company,217 N Main St,Eureka,Kansas,KS,67045,Greenwood,http://www.homebank-trust.com,NM,08/04/1904,01/01/1934,180947,$180.95M,31
28712,First Federal Savings of Middletown,22 James St,Middletown,New York,NY,10940,Orange,www.firstfederalmiddletown.com,SL,01/01/1888,08/09/1989,180940,$180.94M,13
879,Farmers State Bank,115 N Washington St,Lincolnton,Georgia,GA,30817,Lincoln,FARMERSSTATEONLINE.COM,NM,12/02/1911,01/01/1934,180778,$180.78M,38
9523,Bristol Morgan Bank,103 S Main St,Oakfield,Wisconsin,WI,53065,Fond Du Lac,https://bristolmorganbank.com,SM,01/01/1901,01/01/1934,180773,$180.77M,33
34860,New Republic Bank,521 E Morehead St,Charlotte,North Carolina,NC,28202,Mecklenburg,newrepublicbank.com,NM,12/15/1998,12/15/1998,180046,$180.05M,23
17190,Bank of Camilla,50 E Broad St,Camilla,Georgia,GA,31730,Mitchell,www.bankofcamilla.net,NM,01/01/1890,03/06/1953,179989,$179.99M,23
28060,Citizens Federal Savings and Loan Association,100 N. Main St,Bellefontaine,Ohio,OH,43311,Logan,WWW.CITIZENSFEDERALSL.COM,SB,01/01/1885,08/09/1989,179975,$179.97M,24
13274,Bank of Commerce,322 W 6th St,Chelsea,Oklahoma,OK,74016,Rogers,www.bankboc.com,SM,03/23/1896,01/01/1934,179851,$179.85M,59
25703,The Bank of the West,101 S Main St,Thomas,Oklahoma,OK,73669,Custer,www.botw.bank,NM,10/19/1984,10/19/1984,179751,$179.75M,30
31994,Slovenian Savings and Loan Association of Franklin-Conemaugh,361 1st St,Conemaugh,Pennsylvania,PA,15909,Cambria,sloveniansavings.com,SB,01/01/1915,08/09/1989,179624,$179.62M,31
8205,Americana Community Bank,300 Main St W,Sleepy Eye,Minnesota,MN,56085,Brown,www.americanafinancial.com,NM,01/01/1881,01/01/1934,179067,$179.07M,34
27727,Lyons Federal Bank,200 East Ave S,Lyons,Kansas,KS,67554,Rice,WWW.LYONSFED.COM,SB,01/01/1913,08/09/1989,178949,$178.95M,30
28157,The Cincinnatus Savings & Loan Co.,3300 Harrison Ave,Cincinnati,Ohio,OH,45211,Hamilton,www.cincinnatussl.com,SL,01/01/1885,08/09/1989,178836,$178.84M,21
10236,The Goose River Bank,44 Main St W,Mayville,North Dakota,ND,58257,Traill,www.gooseriverbank.com,NM,10/27/1881,01/01/1934,178745,$178.75M,22
29121,Union Savings Bank,223 W Stephenson St,Freeport,Illinois,IL,61032,Stephenson,www.unionsavingsbank.com,SI,01/01/1883,08/09/1989,178610,$178.61M,44
4624,American Bank of Baxter Springs,1201 Military Ave,Baxter Springs,Kansas,KS,66713,Cherokee,www.americanbankbaxter.com,SM,01/01/1917,01/01/1934,177763,$177.76M,31
29975,The Peoples Savings Bank,10 Monument Sq,Urbana,Ohio,OH,43078,Champaign,www.thepeoplessavingsbank.com,SL,01/01/1892,08/09/1989,177220,$177.22M,28
34710,"Nationwide Trust Company, FSB",1 Nationwide Plz,Columbus,Ohio,OH,43215,Franklin,www.nationwide.com,SB,09/01/1998,09/01/1998,177153,$177.15M,85
1693,UBank,155 N Campbell Station Rd,Knoxville,Tennessee,TN,37934,Knox,www.ubank.bank,NM,01/01/1918,01/01/1934,177079,$177.08M,23
27015,42 North Private Bank,250 Royall Street,Canton,Massachusetts,MA,02021,Norfolk,www.42northprivate.com,SB,01/01/1967,08/09/1989,176986,$176.99M,25
19689,State Bank of Whittington,200 N Main St,Benton,Illinois,IL,62812,Franklin,www.statebankofwhittington.com,NM,08/05/1919,03/16/1967,176858,$176.86M,44
33552,Boone Bank & Trust Co.,716 8th St,Boone,Iowa,IA,50036,Boone,www.boonebankiowa.com,NM,01/16/1992,01/16/1992,176661,$176.66M,19
10121,Liberty Trust & Savings Bank,502 8th Ave,Durant,Iowa,IA,52747,Cedar,www.mylibertytrust.com,NM,01/01/1905,01/01/1934,176513,$176.51M,17
30084,Mercer Savings Bank,1100 Irmscher Blvd,Celina,Ohio,OH,45822,Mercer,www.mercersavings.com,NM,01/01/1888,08/09/1989,176430,$176.43M,35
25644,"BEACON BUSINESS BANK, NATIONAL ASSOCIATION",425 California St,San Francisco,California,CA,94104,San Francisco,Beaconbusinessbank.com,N,08/21/1984,08/21/1984,176326,$176.33M,24
31762,Greater State Bank,3300 N 10th St,Mcallen,Texas,TX,78501,Hidalgo,greaterstate.bank,NM,01/01/1974,08/09/1989,176276,$176.28M,51
8487,Central State Bank,100 W Main St,Clayton,Illinois,IL,62324,Adams,WWW.CSB123.COM,NM,05/01/1928,01/01/1934,176082,$176.08M,29
35393,United Trust Bank,12330 S Harlem Ave,Palos Heights,Illinois,IL,60463,Cook,www.utbhome.com,SB,11/24/2000,11/24/2000,176067,$176.07M,84
10345,Peoples State Bank,5850 Highway 59 S,Shepherd,Texas,TX,77371,San Jacinto,www.psbtexas.com,NM,09/21/1921,01/01/1934,175963,$175.96M,33
57429,Commerce Bank & Trust,1201 S Orlando Ave,Winter Park,Florida,FL,32789,Orange,www.cbt-fl.com,SM,02/03/2003,02/03/2003,175952,$175.95M,21
14772,Danville State Savings Bank,102 S Walnut St,New London,Iowa,IA,52645,Henry,http://www.danvillebank.com,NM,01/01/1899,10/01/1934,175857,$175.86M,44
4735,Southwind Bank,702 N 2nd St,Natoma,Kansas,KS,67651,Osborne,southwindbank.com,NM,01/01/1909,01/01/1934,175677,$175.68M,19
15763,FIRST NATIONAL BANK OF NOKOMIS,122 W State St,Nokomis,Illinois,IL,62075,Montgomery,https://www.fnbnokomis.com,N,09/03/1940,09/03/1940,175275,$175.28M,44
15228,The Bank of Kaukauna,264 W Wisconsin Ave,Kaukauna,Wisconsin,WI,54130,Outagamie,WWW.BANKOFKAUKAUNA.COM,NM,09/01/1883,07/01/1935,175244,$175.24M,45
19687,Garden Plain State Bank,10526 W Maple St,Wichita,Kansas,KS,67209,Sedgwick,http://www.gpsbank.com,NM,12/21/1966,03/17/1967,175086,$175.09M,20
16600,First State Bank,103 Manzanares Ave E,Socorro,New Mexico,NM,87801,Socorro,www.Socorrobanking.com,NM,07/01/1947,07/01/1947,175041,$175.04M,29
31127,"First Federal Bank, A FSB",1300 Mcfarland Blvd Ne,Tuscaloosa,Alabama,AL,35406,Tuscaloosa,www.1stfed.com,SB,11/20/1959,08/09/1989,175018,$175.02M,93
18820,Cedar Rapids State Bank,213 W Main St,Cedar Rapids,Nebraska,NE,68627,Boone,http://www.cedarrapidsstatebank.com,NM,05/25/1936,06/26/1963,174868,$174.87M,19
16417,Citizens Bank & Trust Company,222 N New Hampshire St,Covington,Louisiana,LA,70433,St. Tammany,www.cbtbanking.com,NM,12/31/1945,05/10/1946,174754,$174.75M,36
11862,The Bank of Beaver City,130 Douglas Ave,Beaver,Oklahoma,OK,73932,Beaver,www.bankofbeaver.bank,NM,01/01/1902,01/01/1934,174183,$174.18M,23
27398,Peoples Bank,35 South Plz,Paris,Texas,TX,75460,Lamar,www.pbparis.com,NM,12/15/1988,12/15/1988,174138,$174.14M,32
5180,The First National Bank of Le Center,701 Ash St Ne,Lonsdale,Minnesota,MN,55046,Rice,www.fnblecenter.com,N,01/01/1903,01/01/1934,173819,$173.82M,21
1982,The First State Bank of Malta,1 S 1st St E,Malta,Montana,MT,59538,Phillips,www.fsbmalta.com,SM,03/04/1903,01/01/1934,173235,$173.24M,21
29143,Arlo Bank,4109 S National Ave,Springfield,Missouri,MO,65807,Greene,www.arlo.bank,NM,01/01/1923,08/09/1989,173107,$173.11M,20
58282,Eagle Bank,80 Heritage Ln,Polson,Montana,MT,59860,Lake,www.eaglebankmt.com,NM,07/25/2006,07/25/2006,172870,$172.87M,17
30692,"BankPacific, Ltd",151 Aspinall Ave,Hagatna,Guam,GU,96910,Guam,www.bankpacific.com,NM,01/01/1953,08/09/1989,172799,$172.80M,95
13167,Bank of Clarkson,101 E Main St,Clarkson,Kentucky,KY,42726,Grayson,WWW.BANKOFCLARKSON.COM,NM,01/01/1904,01/01/1934,172715,$172.72M,22
29535,DeWitt Savings Bank,302 W Main St,Clinton,Illinois,IL,61727,De Witt,www.dewittsavingsbank.com,SI,01/01/1887,08/09/1989,172518,$172.52M,22
10125,Citizens Savings Bank,215 E Main St,Anamosa,Iowa,IA,52205,Jones,www.citizensbankia.com,NM,11/08/1906,01/01/1934,172490,$172.49M,21
291,Jackson County Bank,123 Main St N,Mc Kee,Kentucky,KY,40447,Jackson,www.jacksoncobank.com,NM,10/05/1904,01/01/1934,172372,$172.37M,37
8210,Freeport State Bank,111 Main St E,Freeport,Minnesota,MN,56331,Stearns,www.freeportstatebank.com,NM,01/01/1908,01/01/1934,171931,$171.93M,21
11746,Iroquois Farmers State Bank,111 W Lincoln Ave,Iroquois,Illinois,IL,60945,Iroquois,www.iroqbank.com,NM,01/01/1919,01/01/1934,171820,$171.82M,21
34666,The Community Bank,2320 N Kansas Ave,Liberal,Kansas,KS,67901,Seward,www.communitybankliberal.com,NM,04/06/1998,04/06/1998,171715,$171.72M,23
14415,Bellevue State Bank,200 S 2nd St,Bellevue,Iowa,IA,52031,Jackson,http://www.bellevuestatebank.com,NM,01/01/1934,05/31/1934,171646,$171.65M,14
1380,Feliciana Bank & Trust Company,10926 Plank Rd,Clinton,Louisiana,LA,70722,East Feliciana,www.felicianabank.com,NM,01/20/1904,01/01/1934,171437,$171.44M,31
3179,The First National Bank of Eagle Lake,1217 E Main St,Eagle Lake,Texas,TX,77434,Colorado,www.fnbeaglelake.bank,N,12/30/1904,01/01/1934,171143,$171.14M,25
18120,"The Farmers State Bank of Aliceville, Kansas",305 Dobell St,Westphalia,Kansas,KS,66093,Coffey,http://www.fsbaliceville.com,NM,01/01/1908,11/30/1959,170897,$170.90M,22
2787,Community Neighbor Bank,3 Water St,Camden,Alabama,AL,36726,Wilcox,www.cnbal.net,NM,04/01/1906,01/01/1934,170789,$170.79M,34
10382,Farmers & Merchants Bank & Trust,1644 Ludington St,Marinette,Wisconsin,WI,54143,Marinette,http://www.fmmarinette.com,NM,12/02/1902,01/02/1934,170339,$170.34M,39
1475,Peoples Bank & Trust Company,1203 Hillsboro Blvd,Manchester,Tennessee,TN,37355,Coffee,www.bankwithpeoples.com,NM,07/06/1905,01/01/1934,170073,$170.07M,28
10788,Illini State Bank,301 S Columbia Ave,Oglesby,Illinois,IL,61348,Lasalle,http://www.illinistatebank.com,SM,02/14/1914,01/01/1934,169824,$169.82M,19
13249,The State Savings Bank of Manistique,101 S Cedar St,Manistique,Michigan,MI,49854,Schoolcraft,www.statesavingsbank.com,SM,07/07/1917,01/01/1934,169427,$169.43M,26
16114,Farmers State Bank & Trust Co.,110 W Plaquemine St,Church Point,Louisiana,LA,70525,Acadia,www.farmers24.com,NM,01/03/1944,01/03/1944,169399,$169.40M,43
58214,Town Center Bank,20181 S Lagrange Rd,Frankfort,Illinois,IL,60423,Will,www.towncenterbank.net,NM,09/18/2006,09/18/2006,169155,$169.16M,22
8730,Gateway Bank,112 Main Street,Rison,Arkansas,AR,71665,Cleveland,www.gatewaybank.bank,SM,01/01/1932,01/01/1934,168849,$168.85M,27
8863,Woodland Bank,217 Main Ave E,Deer River,Minnesota,MN,56636,Itasca,http://www.woodland.bank,NM,01/01/1920,01/01/1934,168811,$168.81M,32
1839,Community State Bank,101 N Chicago St,Royal Center,Indiana,IN,46978,Cass,www.csbnetbank.com,NM,05/22/1930,01/01/1934,168394,$168.39M,32
18856,Oklahoma Capital Bank,8080 S Yale Ave,Tulsa,Oklahoma,OK,74136,Tulsa,www.oklahomacapitalbank.com,SM,08/10/1963,08/10/1963,168256,$168.26M,24
17775,First State Bank,245 W Moss St,Paint Rock,Texas,TX,76866,Concho,www.fsbpaintrock.com,NM,01/01/1910,06/20/1957,168085,$168.09M,13
35597,NEW FRONTIER BANK,1771 Zumbehl Rd,Saint Charles,Missouri,MO,63303,St. Charles,www.newfb.com,SM,10/16/2000,10/16/2000,168067,$168.07M,28
13692,Brunswick State Bank,226 2nd St,Brunswick,Nebraska,NE,68720,Antelope,www.brunswickstatebank.com,NM,01/01/1930,01/18/1934,167836,$167.84M,21
59289,Walden Mutual Bank,66 N Main St,Concord,New Hampshire,NH,03301,Merrimack,www.waldenmutual.com,SI,10/05/2022,10/05/2022,167497,$167.50M,20
17193,The Warrington Bank,4093 Barrancas Ave,Pensacola,Florida,FL,32507,Escambia,www.warringtonbank.com,NM,03/18/1953,03/18/1953,167421,$167.42M,28
24211,"Bank of Whittier, National Association",15141 Whittier Blvd,Whittier,California,CA,90603,Los Angeles,http://www.whittierbank.com,N,12/20/1982,12/20/1982,167363,$167.36M,22
31711,RiverBank,203 W Broadway St,Pocahontas,Arkansas,AR,72455,Randolph,eriverbank.com,NM,07/25/1974,08/09/1989,167350,$167.35M,24
7631,UNB Bank,1 N Oak St,Mount Carmel,Pennsylvania,PA,17851,Northumberland,http://www.unb.bank,NM,01/01/1906,01/01/1934,166998,$167.00M,30
28793,Sharon Bank,900 W Sproul Rd,Springfield,Pennsylvania,PA,19064,Delaware,www.sharonbank.com,SI,01/01/1873,08/09/1989,166894,$166.89M,36
15035,Riverwind Bank,100 S 2nd St,Augusta,Arkansas,AR,72006,Woodruff,riverwindbank.com,SM,03/04/1935,03/04/1935,166739,$166.74M,30
30707,Equitable Savings and Loan Association,221 N 3rd St,Sterling,Colorado,CO,80751,Logan,www.equitable-savings.com,SL,01/01/1921,08/09/1989,166610,$166.61M,48
4769,The First National Bank of Scott City,501 S Main St,Scott City,Kansas,KS,67871,Scott,http://www.fnbscott.com,N,01/01/1902,01/01/1934,166478,$166.48M,22
19755,South Lafourche Bank & Trust Company,13226 W Main St,Larose,Louisiana,LA,70373,Lafourche,www.slbank.com,NM,10/13/1967,10/13/1967,166253,$166.25M,41
30551,Westmoreland Federal Savings and Loan Association,322 Main St,Latrobe,Pennsylvania,PA,15650,Westmoreland,www.wfsavings.com,SB,03/12/1952,08/09/1989,166234,$166.23M,19
1092,Baybank,104 S 10th St,Gladstone,Michigan,MI,49837,Delta,http://baybank.us,NM,07/01/1912,01/01/1934,166209,$166.21M,36
9313,"PBK BANK, INC.",120 Frontier Blvd,Stanford,Kentucky,KY,40484,Lincoln,www.pbkbank.com,NM,01/01/1906,01/01/1934,166167,$166.17M,42
14960,State Bank of Reeseville,203 S Main St,Reeseville,Wisconsin,WI,53579,Dodge,www.statebankofreeseville.com,NM,01/01/1902,01/01/1934,166115,$166.12M,17
10674,Bank of Hydro,146 W Main St,Hydro,Oklahoma,OK,73048,Caddo,http://www.bankofhydro.com,NM,10/01/1903,01/01/1934,165888,$165.89M,26
10878,Waterman Bank,248 W Lincoln Hwy,Waterman,Illinois,IL,60556,Dekalb,www.watermanbank.com,NM,08/25/1908,01/01/1934,165707,$165.71M,43
9096,Atkins Savings Bank & Trust,97 Main Ave,Atkins,Iowa,IA,52206,Benton,https://www.atkinssavingsbank.com,NM,04/15/1915,01/01/1934,165680,$165.68M,12
11013,The First State Bank of Shelby,320 Main St,Shelby,Montana,MT,59474,Toole,www.fsbshelby.com,NM,01/01/1910,01/01/1934,165429,$165.43M,16
2804,The First National Bank of Hartford,101 S 3rd Ave,Hartford,Alabama,AL,36344,Geneva,www.fnbhartford.com,N,01/01/1905,01/01/1934,165331,$165.33M,56
4398,LNB Community Bank,215 N Main St,Lynnville,Indiana,IN,47619,Warrick,www.lnbbanking.com,NM,09/01/1907,01/01/1934,165173,$165.17M,37
26358,State Bank of Southwest Missouri,3310 E Sunshine St,Springfield,Missouri,MO,65804,Greene,www.state.bank,NM,09/16/1985,09/16/1985,164882,$164.88M,31
3902,First National Bank and Trust Co. of Bottineau,424 Main St,Bottineau,North Dakota,ND,58318,Bottineau,www.firstbottineau.com,N,01/01/1906,01/01/1934,164841,$164.84M,21
13883,The Farmers State Bank,2074 E Kansas Ave,Mcpherson,Kansas,KS,67460,Mcpherson,www.fsb-online.com,NM,10/09/1909,02/12/1934,164367,$164.37M,22
17241,North Central Bank,126 E High St,Hennepin,Illinois,IL,61327,Putnam,www.northcentralbank.com,NM,12/07/1946,06/23/1953,164349,$164.35M,24
4059,The Peoples National Bank of Checotah,300 W Gentry Ave,Checotah,Oklahoma,OK,74426,Mcintosh,http://www.peoplesok.com/,N,01/01/1911,01/01/1934,164255,$164.25M,33
5814,Audubon State Bank,307 Broadway St,Audubon,Iowa,IA,50025,Audubon,www.audubonstatebank.com,NM,01/01/1876,01/01/1934,163830,$163.83M,14
4621,Farmers Bank & Trust,101 S 4th St,Atwood,Kansas,KS,67730,Rawlins,www.farmersbank-trust.com,NM,01/01/1914,01/01/1934,163811,$163.81M,20
11680,Farmers State Bank of Western Illinois,124 W D St,Alpha,Illinois,IL,61413,Henry,http://www.fsbwil.com,SM,12/01/1910,01/01/1934,163788,$163.79M,36
3368,Normangee State Bank,202 Main Street,Normangee,Texas,TX,77871,Leon,www.normangeestatebank.com,NM,01/01/1912,01/01/1934,163465,$163.47M,31
30183,Millville Savings Bank,100 Albertson St,Millville,New Jersey,NJ,08332,Cumberland,www.millvillesavings.com,SI,12/01/1941,08/09/1989,163339,$163.34M,20
59314,Icon Business Bank,3390 University Ave,Riverside,California,CA,92501,Riverside,www.iconbusinessbank.com,NM,08/22/2023,08/22/2023,163017,$163.02M,31
3320,"Big Bend Banks, N.A.",301 South Highland Avenue,Marfa,Texas,TX,79843,Presidio,www.marfanb.com,N,05/02/1907,01/01/1934,163005,$163.00M,30
25803,Hatch Bank,1001 W San Marcos Blvd,San Marcos,California,CA,92078,San Diego,www.hatchbank.com,NM,01/02/1982,12/17/1984,162946,$162.95M,22
501,Farmers and Merchants State Bank,101 S Main St,Plankinton,South Dakota,SD,57368,Aurora,www.fmsbonline.com,NM,04/06/1910,01/01/1934,162942,$162.94M,17
2320,Carson Community Bank,24 W Division St,Stilwell,Oklahoma,OK,74960,Adair,www.carsoncommunity.bank,NM,02/03/1903,01/01/1934,162490,$162.49M,61
31083,Jarrettsville Federal Savings and Loan Association,3706 Norrisville Rd,Jarrettsville,Maryland,MD,21084,Harford,www.jarrettsvillefederal.com,SL,01/01/1876,08/09/1989,162470,$162.47M,14
9105,West Iowa Bank,319 S Broadway Ave,West Bend,Iowa,IA,50597,Kossuth,http://www.westiowabank.com,NM,01/01/1926,01/01/1934,162354,$162.35M,17
876,Bank of Dawson,209 N Main St,Dawson,Georgia,GA,39842,Terrell,www.bankofdawson.com,NM,07/01/1911,01/01/1934,162188,$162.19M,21
9315,Bank of Maysville,20 W 2nd St,Maysville,Kentucky,KY,41056,Mason,www.bankofmaysville.com,NM,06/26/1835,01/01/1934,162157,$162.16M,26
8499,Union State Bank,214 S 1st St,Greenfield,Iowa,IA,50849,Adair,http://www.usbgfd.com,NM,01/06/1890,01/01/1934,161880,$161.88M,23
31479,First Fidelity Bank,1400 Gault Ave N,Fort Payne,Alabama,AL,35967,Dekalb,https://www.bankffb.com,NM,05/03/1965,08/09/1989,161864,$161.86M,24
12836,First State Bank of Porter,230 Lincoln St,Porter,Indiana,IN,46304,Porter,http://www.porterstatebank.com,SM,04/01/1920,01/01/1934,161564,$161.56M,29
4611,Farmers National Bank,759 State St,Phillipsburg,Kansas,KS,67661,Phillips,http://www.farmersnationalbankonline.com,N,02/26/1921,01/01/1934,161431,$161.43M,24
9502,Movement Bank,1296 Piney Forest Road,Danville,Virginia,VA,24540,Danville City,www.movementbank.com,NM,09/08/1919,01/01/1934,161138,$161.14M,39
26727,Bank of South Texas,1421 E Nolana Ave,Mcallen,Texas,TX,78504,Hidalgo,www.bankofsouthtexas.com,NM,07/08/1986,07/08/1986,160945,$160.94M,61
8693,Bluff View Bank,16893 S Main St,Galesville,Wisconsin,WI,54630,Trempealeau,www.bluffviewbank.com,NM,01/01/1883,01/01/1934,160727,$160.73M,23
26450,Canton Co-operative Bank,671 Washington St,Canton,Massachusetts,MA,02021,Norfolk,www.cantoncoopbank.com,SM,01/01/1891,12/05/1985,160680,$160.68M,17
58745,"First New Mexico Bank, Las Cruces",3000 E Lohman Ave,Las Cruces,New Mexico,NM,88011,Dona Ana,www.firstnewmexicobanklc.com,NM,01/14/2008,01/14/2008,160597,$160.60M,34
2753,"Citizens Bank and Trust of Lebanon, Inc.",149 W Main St,Lebanon,Kentucky,KY,40033,Marion,cbtoflebanon.com,SM,01/01/1889,01/01/1934,160373,$160.37M,25
19744,"Citizens Bank & Trust Company of Vivian, Louisiana",120 W Arkansas Ave,Vivian,Louisiana,LA,71082,Caddo,www.cbtofvivian.com,NM,09/14/1967,09/14/1967,160335,$160.34M,63
58079,Putnam 1st Mercantile Bank,200 W Jackson St,Cookeville,Tennessee,TN,38501,Putnam,www.1stmerc.net,NM,11/28/2005,11/28/2005,160301,$160.30M,26
29206,"Graham Savings and Loan, SSB",745 Elm St,Graham,Texas,TX,76450,Young,www.grahamsl.com,SI,11/27/1934,08/09/1989,160098,$160.10M,33
2723,The Salyersville National Bank,43 E Maple St,Salyersville,Kentucky,KY,41465,Magoffin,www.salyersvillebank.com,N,10/10/1902,01/01/1934,160070,$160.07M,23
34938,Commerce Bank,700 Taylor St,Corinth,Mississippi,MS,38834,Alcorn,www.commerce-bank.com,SM,01/19/1999,01/19/1999,159918,$159.92M,29
16440,Farmers and Merchants Bank,104 N Main St,Sylvania,Georgia,GA,30467,Screven,www.fmbanksylvania.com,NM,03/01/1946,06/18/1946,159787,$159.79M,21
22514,Utah Independent Bank,55 S State St,Salina,Utah,UT,84654,Sevier,www.uib.bank,SM,08/29/1977,08/29/1977,159783,$159.78M,24
969,Templeton Savings Bank,103 S Main St,Templeton,Iowa,IA,51463,Carroll,www.templetonsavingsbank.com,SM,01/01/1923,01/01/1934,159550,$159.55M,17
13816,Bank 1st,115 N Vine St,West Union,Iowa,IA,52175,Fayette,www.bank1stia.com,SM,01/01/1934,01/31/1934,159349,$159.35M,21
23523,"Citizens' Bank, Inc.",21980 Palmer Street,Robertsdale,Alabama,AL,36567,Baldwin,WWW.CITIZENSBANKAL.COM,NM,09/08/1981,09/08/1981,159320,$159.32M,30
19351,Bank of Estes Park,255 Park Ln,Estes Park,Colorado,CO,80517,Larimer,www.bankofestespark.com,NM,01/18/1965,01/18/1965,159148,$159.15M,28
17399,Impact Bank,206 E Harvey Ave,Wellington,Kansas,KS,67152,Sumner,www.impact-bank.com,SM,04/03/1928,02/10/1955,158860,$158.86M,20
15731,Security Bank of Texas,6688 N Lone Star Pkwy,Crawford,Texas,TX,76638,Mclennan,www.secbank.net,NM,03/30/1940,03/30/1940,158836,$158.84M,30
15347,Security Bank of Pulaski County,102 Carson Blvd,Saint Robert,Missouri,MO,65584,Pulaski,www.sbpc.com,NM,01/01/1936,01/31/1936,158807,$158.81M,28
28349,Home Federal Savings and Loan Association of Niles,55 N Main St,Niles,Ohio,OH,44446,Trumbull,http://www.HomeFedNiles.com,SB,01/01/1897,08/09/1989,158805,$158.81M,41
19381,Park State Bank & Trust,710 W Us Highway 24,Woodland Park,Colorado,CO,80863,Teller,www.psbtrust.bank,NM,03/01/1965,03/01/1965,158782,$158.78M,30
21526,West Central Georgia Bank,617 N Church St,Thomaston,Georgia,GA,30286,Upson,www.wcgb.com,NM,04/15/1974,04/15/1974,158677,$158.68M,25
10799,First State Bank of Campbell Hill,114 W Front St,Campbell Hill,Illinois,IL,62916,Jackson,www.fsbch.com,NM,01/01/1921,01/01/1934,158543,$158.54M,31
8317,First State Bank of Forsyth,880 Main St,Forsyth,Montana,MT,59327,Rosebud,www.firststatebankforsyth.com,NM,01/01/1917,01/01/1934,158507,$158.51M,18
9791,Commercial Trust Company of Fayette,119 N Main St,Fayette,Missouri,MO,65248,Howard,www.commercialtrust.com,NM,01/01/1903,01/01/1934,158461,$158.46M,31
22993,Twin River Bank,1507 G St,Lewiston,Idaho,ID,83501,Nez Perce,http://www.twinriver.bank,NM,11/15/1979,11/15/1979,158428,$158.43M,29
5590,The First National Bank of Winnsboro,315 N Main St,Winnsboro,Texas,TX,75494,Wood,www.fnbwinnsboro.com,N,01/01/1893,01/01/1934,158068,$158.07M,29
1972,Citizens Bank & Trust Company,130 Mcleod St,Big Timber,Montana,MT,59011,Sweet Grass,www.ctznsbank.com,SM,01/01/1927,01/01/1934,158038,$158.04M,27
26021,Valley State Bank,15565 Highway 43,Russellville,Alabama,AL,35653,Franklin,www.valleystate.com,NM,04/01/1985,04/01/1985,157679,$157.68M,30
17671,Bank of Prairie Village,3515 W 75th St,Prairie Village,Kansas,KS,66208,Johnson,https://www.bankofprairievillage.com,NM,02/27/1931,09/27/1956,157630,$157.63M,12
16473,First Bank,128 S Broadway Ave,Sterling,Kansas,KS,67579,Rice,www.first-bank..net,NM,01/01/1907,08/26/1946,157404,$157.40M,25
29813,Peoples Savings and Loan Company,300 S Walnut St,Bucyrus,Ohio,OH,44820,Crawford,www.psalc.com,NM,01/01/1888,08/09/1989,157154,$157.15M,25
28708,GSL Savings Bank,6823 Bergenline Ave,Guttenberg,New Jersey,NJ,07093,Hudson,www.gslsavingsbank.com,SI,01/01/1907,08/09/1989,157119,$157.12M,17
352,The Bank of Baker,116 S Main St,Baker,Montana,MT,59313,Fallon,www.bankofbaker.com,NM,09/20/1924,01/01/1934,156979,$156.98M,23
18033,Security Bank of the Ozarks,18479 Main St,Eminence,Missouri,MO,65466,Shannon,www.sbozarks.com,NM,06/29/1959,06/29/1959,156826,$156.83M,48
5460,First National Bank in Ord,1411 M St,Ord,Nebraska,NE,68862,Valley,www.fnbord.com,N,01/01/1882,01/01/1934,156650,$156.65M,25
9746,"Northwestern Bank, National Association",4 Main St N,Dilworth,Minnesota,MN,56529,Clay,www.nwbanks.com,N,07/01/1915,01/01/1934,156571,$156.57M,35
59290,Beach Cities Commercial Bank,100 Progress,Irvine,California,CA,92618,Orange,www.beachcitiescb.com,NM,06/12/2023,06/12/2023,156508,$156.51M,24
19720,Farmers State Bank,1620 Veterans Blvd,Dublin,Georgia,GA,31021,Laurens,www.farmersstate-online.net,NM,01/01/1934,06/19/1967,156092,$156.09M,30
11225,First Community Bank,202 Merchant Row,Milton,Wisconsin,WI,53563,Rock,www.fcbmilton.com,NM,01/01/1911,01/01/1934,155943,$155.94M,23
14523,The Antwerp Exchange Bank Company,305 S Main St,Antwerp,Ohio,OH,45813,Paulding,www.antwerpexchangebank.com,NM,01/01/1893,07/02/1934,155829,$155.83M,33
9007,Heartland State Bank,302 E 7th Ave,Redfield,South Dakota,SD,57469,Spink,www.hsbsd.com,NM,01/01/1909,01/01/1934,155688,$155.69M,23
33818,Priority Bank,3401 E Mission Blvd,Fayetteville,Arkansas,AR,72703,Washington,https://www.prioritybank.com,SB,07/03/1993,07/03/1993,155502,$155.50M,34
59285,Moultrie Bank & Trust,600 Veterans Parkway North,Moultrie,Georgia,GA,31788,Colquitt,www.mbtga.com,NM,05/09/2022,05/09/2022,155318,$155.32M,14
30357,Streator Home Savings Bank,132 S Monroe St,Streator,Illinois,IL,61364,Lasalle,www.streatorhome.com,SI,01/01/1894,08/09/1989,155115,$155.12M,16
59283,Integro Bank,16215 N 28th Ave,Phoenix,Arizona,AZ,85053,Maricopa,www.integrobank.com,NM,06/21/2022,06/21/2022,155053,$155.05M,33
9323,Bank of Winnfield & Trust Company,200 W Main St,Winnfield,Louisiana,LA,71483,Winn,http://www.bankofwinnfield.com,NM,01/01/1901,01/01/1934,154943,$154.94M,36
59281,Gulf Coast Business Bank,12205 Metro Pkwy,Fort Myers,Florida,FL,33966,Lee,www.gcbbswfl.com,NM,06/06/2022,06/06/2022,154885,$154.88M,27
5709,The Farmers Bank,202a S Main St,Greensboro,Georgia,GA,30642,Greene,www.farmbk.com,NM,09/06/1911,01/01/1934,154814,$154.81M,14
6800,First Neighborhood Bank,216 Market St,Spencer,West Virginia,WV,25276,Roane,www.firstneighborhoodbank.com,NM,02/08/1912,01/01/1934,154657,$154.66M,36
18930,Bank of Belle Glade,108 Se Avenue D,Belle Glade,Florida,FL,33430,Palm Beach,http://www.bankofbelleglade.com,NM,11/14/1963,11/14/1963,154640,$154.64M,17
2301,The First State Bank,16 Courthouse Square,Boise City,Oklahoma,OK,73933,Cimarron,www.fsbboisecity.com,NM,08/06/1915,01/01/1934,154272,$154.27M,13
10672,The Exchange Bank,300 W Rogers Blvd,Skiatook,Oklahoma,OK,74070,Osage,www.exb-ok.com,NM,06/01/1930,01/01/1934,154271,$154.27M,31
13381,Northeast Missouri State Bank,600 S Baltimore St,Kirksville,Missouri,MO,63501,Adair,www.northeastmissouristatebank.com,NM,12/20/1933,01/02/1934,154016,$154.02M,12
26340,Flint Hills Bank,103 1/2 N Main St,Eskridge,Kansas,KS,66423,Wabaunsee,secure.flinthillsbank.com,NM,07/18/1985,07/18/1985,154010,$154.01M,23
9030,The Harrison County Bank,80 E Main St,Lost Creek,West Virginia,WV,26385,Harrison,www.hcbwv.com,NM,02/01/1911,01/01/1934,153863,$153.86M,30
17872,"First National Bank, Cortez",2258 E Main St,Cortez,Colorado,CO,81321,Montezuma,www.fnbcortez.com,N,05/31/1958,05/31/1958,153652,$153.65M,18
10175,Security State Bank of Hibbing,701 E Howard St,Hibbing,Minnesota,MN,55746,St. Louis,www.ssbhibbing.com,NM,02/11/1911,01/01/1934,153473,$153.47M,25
26687,PNB Community Bank,1020 John Sims Pkwy E,Niceville,Florida,FL,32578,Okaloosa,pnbcommunity.bank,NM,06/16/1986,06/16/1986,153327,$153.33M,39
17169,State Bank & Trust Company,176 Washington Street,Golden Meadow,Louisiana,LA,70357,Lafourche,www.sbtcajun.com,NM,01/16/1953,01/16/1953,153119,$153.12M,32
8140,Colfax Banking Company,625 8th St,Colfax,Louisiana,LA,71417,Grant,www.colfaxbanking.com,NM,01/01/1901,01/01/1934,152768,$152.77M,35
29357,Family Bank,134 Hand Ave W,Pelham,Georgia,GA,31779,Mitchell,www.familybank.com,SB,01/01/1931,08/09/1989,152645,$152.65M,33
7274,WSB Municipal Bank,111 Clinton St,Watertown,New York,NY,13601,Jefferson,www.watertownsavingsbank.com,NM,04/24/1913,01/01/1934,152605,$152.60M,0
3109,The Brady National Bank,101 S Blackburn St,Brady,Texas,TX,76825,Mcculloch,www.bradynational.bank,N,07/10/1905,01/01/1934,152507,$152.51M,21
17543,Bank of Dade,12634 N Main St,Trenton,Georgia,GA,30752,Dade,www.bankofdade.com,NM,01/12/1956,01/12/1956,152398,$152.40M,31
59342,Integrity Bank SSB,8584 Katy Fwy,Houston,Texas,TX,77024,Harris,www.itx.bank,SM,10/11/2024,10/11/2024,152135,$152.13M,21
3401,The First National Bank of Quitaque,320 E Main St,Quitaque,Texas,TX,79255,Briscoe,www.fnbquitaque.com,N,08/20/1920,01/01/1934,151864,$151.86M,18
9881,Security Bank and Trust Company,2 S Main St,Miami,Oklahoma,OK,74354,Ottawa,www.sbtmiami.com,NM,12/01/1922,01/01/1934,151695,$151.69M,25
17096,Liberty State Bank,111 Main St,Powers Lake,North Dakota,ND,58773,Burke,https://www.libertystateplnd.com,NM,04/17/1952,04/17/1952,151614,$151.61M,11
9769,The First State Bank of Rosemount,3025 145th St W,Rosemount,Minnesota,MN,55068,Dakota,www.fsbrosemount.com,NM,01/01/1909,01/01/1934,151401,$151.40M,16
25749,"Eastbank, National Association",183 Centre St,New York,New York,NY,10013,New York,www.eastbank-na.com,N,11/26/1984,11/26/1984,151390,$151.39M,22
12661,GreenLeaf Bank,1608 Day St,Greenleaf,Wisconsin,WI,54126,Brown,http://www.greenleaf.bank,NM,01/01/1913,01/01/1934,151329,$151.33M,19
9728,First Security Bank,316 Byron Ave N,Byron,Minnesota,MN,55920,Olmsted,WWW.fsbbyron.com,NM,12/27/1904,01/01/1934,151142,$151.14M,11
8700,Waldo State Bank,119 Depot St,Waldo,Wisconsin,WI,53093,Sheboygan,www.waldostate.bank,NM,01/01/1913,01/01/1934,151134,$151.13M,22
6762,The Fayette County National Bank of Fayetteville,101 N Court St,Fayetteville,West Virginia,WV,25840,Fayette,www.fcnbonline.com,N,06/01/1900,01/01/1934,150972,$150.97M,23
2145,Bank of Monticello,141 E Greene St,Monticello,Georgia,GA,31064,Jasper,www.bankofmonticelloga.com,NM,01/01/1909,01/01/1934,150884,$150.88M,23
16547,Bank Plus,1202 Central Ave,Estherville,Iowa,IA,51334,Emmet,www.bankplusiowa.com,NM,03/01/1947,03/01/1947,150814,$150.81M,25
11409,Valley Premier Bank,416 6th St,Hawley,Minnesota,MN,56549,Clay,www.valleypremierbank.com,NM,08/01/1892,01/01/1934,150754,$150.75M,24
8126,"Commonwealth Community Bank, Inc.",830 S Main St,Hartford,Kentucky,KY,42347,Ohio,http://www.cwcbank.com,NM,07/05/1928,01/01/1934,150576,$150.58M,27
5557,The First National Bank of Tom Bean,109 S Britton St,Tom Bean,Texas,TX,75489,Grayson,www.fnbtb.com,N,09/22/1906,01/01/1934,150377,$150.38M,40
12232,Bank of Monticello,201 E Lafayette St,Monticello,Missouri,MO,63457,Lewis,www.bankofmonticello.com,NM,02/27/1928,01/01/1934,150344,$150.34M,28
5589,Fannin Bank,230 E 3rd St,Bonham,Texas,TX,75418,Fannin,www.fanninbank.com,NM,04/22/1925,01/01/1934,150320,$150.32M,28
15585,Bay Port State Bank,9840 Main St,Bay Port,Michigan,MI,48720,Huron,https://www.bayportstatebank.com,NM,03/01/1938,03/03/1938,150104,$150.10M,32
15255,Greenfield Banking Company,112 N Front St,Greenfield,Tennessee,TN,38230,Weakley,www.greenfieldbank.com,NM,08/16/1935,08/17/1935,149991,$149.99M,18
30987,Spratt Savings Bank,1613 J A Cochran Byp,Chester,South Carolina,SC,29706,Chester,www.sprattsavingsbank.com,SL,01/01/1893,08/09/1989,149946,$149.95M,21
58010,Freedom Bank,530 9th St W,Columbia Falls,Montana,MT,59912,Flathead,www.freedombankmt.com,NM,04/12/2005,04/12/2005,149873,$149.87M,29
10576,First Southeast Bank,3 Main Ave N,Harmony,Minnesota,MN,55939,Fillmore,http://www.firstsoutheastbank.com,NM,03/15/1893,01/01/1934,149766,$149.77M,22
1413,Perennial Bank,318 N 1st St,Darwin,Minnesota,MN,55324,Meeker,www.perennialbank.com,NM,01/01/1914,01/01/1934,149747,$149.75M,18
28390,Edward Jones Trust Company,12555 Manchester Rd,Saint Louis,Missouri,MO,63131,St. Louis,www.edwardjones.com,SB,01/01/1896,08/09/1989,149686,$149.69M,142
57192,Gogebic Range Bank,155 E Cloverland Dr,Ironwood,Michigan,MI,49938,Gogebic,gogebicrangebank.com,NM,05/20/2002,05/20/2002,149584,$149.58M,28
505,Great Plains Bank,702 7th St,Eureka,South Dakota,SD,57437,Mcpherson,www.greatplainsbank.com,NM,10/23/1920,01/01/1934,149405,$149.41M,21
9615,Sweet Water State Bank,31385 Alabama Highway 10,Sweet Water,Alabama,AL,36782,Marengo,www.sweetwaterstbk.com,NM,01/01/1913,01/01/1934,149293,$149.29M,34
15355,Marion State Bank,301 W San Antonio St,Marion,Texas,TX,78124,Guadalupe,http://www.marionstatebanktx.com,NM,01/01/1906,02/11/1936,149083,$149.08M,14
10072,Planters and Citizens Bank,21 N Harney St,Camilla,Georgia,GA,31730,Mitchell,http://www.pcbank.net,NM,05/24/1913,01/01/1934,148940,$148.94M,23
29066,Del Norte Bank,705 Grand Ave,Del Norte,Colorado,CO,81132,Rio Grande,www.truelocalbank.com,SL,01/01/1921,08/09/1989,148679,$148.68M,26
14352,Federation Bank,300 S Iowa Ave,Washington,Iowa,IA,52353,Washington,www.federationbankia.com,NM,11/01/1906,04/18/1934,148415,$148.41M,25
1778,The State Bank,124 Colorado Ave,La Junta,Colorado,CO,81050,Otero,www.redibank.com,NM,01/16/1893,01/01/1934,148290,$148.29M,26
15113,Bank of Greeleyville,223 Varner Ave,Greeleyville,South Carolina,SC,29056,Williamsburg,http://www.bog1.com,NM,04/25/1935,04/25/1935,148121,$148.12M,30
35229,Southern Illinois Bank,1012 W Broadway Blvd,Johnston City,Illinois,IL,62951,Williamson,http://www.southernillinoisbank.com,NM,09/10/1999,09/10/1999,148074,$148.07M,25
8067,Community State Bank,244 W Main St,Brook,Indiana,IN,47922,Newton,www.communitystatebank.com,NM,04/01/1931,01/01/1934,148007,$148.01M,12
31410,"1st Federal Savings Bank of SC, Inc.",300 Robertson Blvd,Walterboro,South Carolina,SC,29488,Colleton,www.1stfederalofsc.com,SL,01/01/1962,08/09/1989,147970,$147.97M,23
21455,Fidelity Bank of Texas,1901 Lake Shore Dr,Waco,Texas,TX,76708,Mclennan,www.fbot.com,NM,03/01/1974,03/01/1974,147807,$147.81M,33
29578,Monroe Federal Savings and Loan Association,24 E Main St,Tipp City,Ohio,OH,45371,Miami,www.monroefederal.com,SB,01/01/1875,08/09/1989,147779,$147.78M,23
21721,Heritage Bank of Schaumburg,1535 W Schaumburg Rd,Schaumburg,Illinois,IL,60194,Cook,www.hbschaumburg.com,NM,08/08/1974,08/08/1974,147614,$147.61M,16
15741,Commercial Bank of Mott,325 Brown Ave,Mott,North Dakota,ND,58646,Hettinger,http://www.cbmott.com,NM,06/12/1940,06/13/1940,147295,$147.29M,8
9526,The Pineries Bank,3601 Main St,Stevens Point,Wisconsin,WI,54481,Portage,www.pineries.com,NM,06/01/1906,01/01/1934,146925,$146.93M,12
34488,Hiawatha Bank and Trust Company,777 N Center Point Rd,Hiawatha,Iowa,IA,52233,Linn,http://www.hiawathabank.com,NM,09/15/1997,09/15/1997,146921,$146.92M,21
21728,Farmers and Merchants State Bank,816 3rd St,Langdon,North Dakota,ND,58249,Cavalier,http://www.fmbanklangdon.com,NM,08/12/1974,08/12/1974,146582,$146.58M,12
3029,The First National Bank of Hugo,321 4th St,Hugo,Colorado,CO,80821,Lincoln,www.fnbhugo.com,N,11/16/1903,01/01/1934,146303,$146.30M,19
18301,First State Bank,One Commerce Park,Shallowater,Texas,TX,79363,Lubbock,www.fsbshallowater.com,NM,10/08/1960,10/08/1960,146096,$146.10M,36
11462,Independent Farmers Bank,201 W Main St,Maysville,Missouri,MO,64469,Dekalb,www.farmbank.net,NM,03/12/1920,01/01/1934,146080,$146.08M,30
3599,The First National Bank of Arenzville,110 S Charles St,Arenzville,Illinois,IL,62611,Cass,www.fnbarenzville.com,N,01/01/1882,01/01/1934,146064,$146.06M,23
30058,First Federal Savings and Loan Association of Greensburg,212 N Franklin St,Greensburg,Indiana,IN,47240,Decatur,www.ffsg.net,SB,01/01/1883,08/09/1989,146027,$146.03M,36
28035,"Belmont Savings Bank, SSB",210 Park St,Belmont,North Carolina,NC,28012,Gaston,www.belmontsavingsbank.com,SI,01/01/1915,08/09/1989,145895,$145.90M,11
12315,The First State Bank,420 Walnut St,Columbus,Texas,TX,78934,Colorado,fsbcolumbus.com,NM,03/01/1913,01/01/1934,145705,$145.71M,18
9773,Security State Bank of Warroad,502 Lake St Ne,Warroad,Minnesota,MN,56763,Roseau,http://www.ssbwarroad.com,NM,09/13/1912,01/01/1934,145681,$145.68M,15
15939,Peoples State Bank,101 W Main St,Rocksprings,Texas,TX,78880,Edwards,www.psbrocksprings.com,NM,05/01/1943,05/01/1943,145572,$145.57M,9
10971,Prime Security Bank,201 Main St N,Karlstad,Minnesota,MN,56732,Kittson,www.primesecurity.com,NM,06/05/1925,01/01/1934,145523,$145.52M,18
31545,Central Bank,485 Wayne Rd,Savannah,Tennessee,TN,38372,Hardin,http://www.CENTRALBANKTN.COM,NM,06/30/1967,08/09/1989,145478,$145.48M,39
13030,Oakwood Bank,40214 S Ekern Avenue,Pigeon Falls,Wisconsin,WI,54760,Trempealeau,www.oakwoodbank.net,NM,04/06/1920,01/01/1934,145385,$145.38M,22
10965,Lake Region Bank,51 Main St S,New London,Minnesota,MN,56273,Kandiyohi,www.lakeregion.com,NM,01/12/1915,01/01/1934,145358,$145.36M,32
27767,Union Federal Savings and Loan Association,104 N Tremont St,Kewanee,Illinois,IL,61443,Henry,www.myunionfederal.com,SB,01/01/1890,08/09/1989,145187,$145.19M,33
8762,The Sacramento Deposit Bank,335 Main St,Sacramento,Kentucky,KY,42372,Mclean,www.sdbweb.com,NM,01/01/1895,01/01/1934,145096,$145.10M,19
281,Hyden Citizens Bank,22023 Main St,Hyden,Kentucky,KY,41749,Leslie,http://www.hydencitizensbank.com,NM,09/01/1904,01/01/1934,145055,$145.06M,33
81,Warren Bank and Trust Company,201 S Main St,Warren,Arkansas,AR,71671,Bradley,www.warrenbanktrust.com,SM,12/31/1901,01/01/1934,144990,$144.99M,36
27219,"Independent Correspondent Bankers' Bank, Inc.",107 Progress Dr,Frankfort,Kentucky,KY,40601,Franklin,www.icbb.bank,SM,04/12/1988,04/12/1988,144977,$144.98M,28
17841,Vermilion Bank & Trust Company,420 N Cushing Ave,Kaplan,Louisiana,LA,70548,Vermilion,http://www.vermilionbank.com,NM,03/08/1958,03/08/1958,144920,$144.92M,24
149,Bank of Hazlehurst,22 S Tallahassee St,Hazlehurst,Georgia,GA,31539,Jeff Davis,https://www.bankofhazlehurst.com,NM,01/01/1906,01/01/1934,144880,$144.88M,29
10928,The Miners State Bank,312 W Genesee St,Iron River,Michigan,MI,49935,Iron,www.theminersstatebank.com,NM,01/01/1932,01/01/1934,144850,$144.85M,32
6732,The Citizens National Bank of Woodsfield,143 S Main St,Woodsfield,Ohio,OH,43793,Monroe,www.cnbwoodsfield.com,N,12/07/1933,01/01/1934,144732,$144.73M,29
18394,Farmers Savings Bank,205 W Main St,Marshalltown,Iowa,IA,50158,Marshall,www.fsb-iowa.com,NM,04/01/1894,06/01/1961,144677,$144.68M,24
1937,Bank of Crocker,200 Ichord Ave,Waynesville,Missouri,MO,65583,Pulaski,www.bankofcrocker.com,NM,07/05/1911,01/01/1934,144433,$144.43M,35
17232,Sidney State Bank,3016 W Sidney Rd,Sidney,Michigan,MI,48885,Montcalm,www.sidneybank.com,NM,10/10/1921,06/15/1953,144289,$144.29M,25
5377,Farmers and Merchants Bank of Ashland,1501 Silver St,Ashland,Nebraska,NE,68003,Saunders,www.fmnb.com,SM,11/15/1883,01/01/1934,144111,$144.11M,20
12717,Bridge Community Bank,302 Highway 1 S,Mount Vernon,Iowa,IA,52314,Linn,www.bridge.bank,NM,09/08/1903,01/01/1934,144101,$144.10M,18
19278,Carmine State Bank,235 Centennial St,Carmine,Texas,TX,78932,Fayette,www.carminestatebank.com,NM,07/01/1907,11/04/1964,144015,$144.01M,11
10984,Security Bank Minnesota,437 Bridge Ave,Albert Lea,Minnesota,MN,56007,Freeborn,http://www.securitybankmn.com,NM,01/01/1906,01/01/1934,143888,$143.89M,27
22942,The American National Bank of Mount Pleasant,301 S Madison Ave,Mount Pleasant,Texas,TX,75455,Titus,www.ambmp.com,N,08/31/1979,08/31/1979,143868,$143.87M,28
2754,The Farmers National Bank of Lebanon,136 W Main St,Lebanon,Kentucky,KY,40033,Marion,www.farmersnational.bank,N,04/01/1890,01/01/1934,143753,$143.75M,27
9300,Readlyn Savings Bank,141 Main St,Readlyn,Iowa,IA,50668,Bremer,www.readlynsavingsbank.com,NM,05/15/1904,01/01/1934,143602,$143.60M,14
13962,Bank of Hartington,229 N Broadway Ave,Hartington,Nebraska,NE,68739,Cedar,www.bankofhartington.com,SM,01/01/1917,02/28/1934,143374,$143.37M,27
12372,Fowler State Bank,201 Main St,Fowler,Colorado,CO,81039,Otero,www.fowlerstate.bank,NM,01/01/1899,01/01/1934,143219,$143.22M,14
24865,First New Mexico Bank of Silver City,1928 Highway 180 E,Silver City,New Mexico,NM,88061,Grant,fnmbsc.com,NM,01/04/1984,01/04/1984,143205,$143.21M,35
10132,Exchange State Bank,823 Wheeler St,Ames,Iowa,IA,50010,Story,www.esb1.com,NM,01/01/1902,01/01/1934,142615,$142.62M,13
4061,ACB Bank,323 S Grand Ave,Cherokee,Oklahoma,OK,73728,Alfalfa,www.acbbank.net,NM,01/29/1908,01/01/1934,142559,$142.56M,23
22273,Guaranty Bank Inc.,10 Commerce Dr,Williamson,West Virginia,WV,25661,Mingo,www.Guarantybank.us,NM,05/17/1976,05/17/1976,142473,$142.47M,37
11317,The Iuka State Bank,205 W Main St,Salem,Illinois,IL,62881,Marion,www.iukabank.com,SM,12/10/1910,01/01/1934,142411,$142.41M,29
13802,The Twin Valley Bank,2 E Dayton St,West Alexandria,Ohio,OH,45381,Preble,www.twinvalleybank.bank,SM,01/01/1888,02/05/1934,142368,$142.37M,27
1415,Northwoods Bank of Minnesota,1200 First St E,Park Rapids,Minnesota,MN,56470,Hubbard,www.northwoodsbank.com,SB,09/19/1919,08/09/1989,142316,$142.32M,32
9822,State Bank of Table Rock,402 Houston Street,Table Rock,Nebraska,NE,68447,Pawnee,www.tablerockbank.com,NM,10/26/1885,01/01/1934,142294,$142.29M,29
20239,Bank of Cadiz and Trust Company,79 Main St,Cadiz,Kentucky,KY,42211,Trigg,www.bankofcadiz.com,SM,08/07/1970,08/07/1970,142255,$142.25M,33
21284,Bank of Pensacola,500 S Palafox St,Pensacola,Florida,FL,32502,Escambia,www.bankpensacola.com,NM,10/26/1973,10/26/1973,142199,$142.20M,14
284,Auburn Banking Company,236 Sugar Maple Drive,Auburn,Kentucky,KY,42206,Logan,www.auburnbankingcompany.com,NM,01/01/1929,01/01/1934,142068,$142.07M,27
183,The Merchants & Citizens Bank,6 College St,Mcrae,Georgia,GA,31055,Telfair,http://www.merchantsandcitizensbank.com,NM,02/23/1929,01/01/1934,141926,$141.93M,19
12128,Citizens Savings Bank,101 Church St,Spillville,Iowa,IA,52168,Winneshiek,www.bankingwithcsb.com,NM,01/01/1908,01/01/1934,141921,$141.92M,12
10637,First Central Bank,623 Patterson St,Cambridge,Nebraska,NE,69022,Furnas,http://www.firstcentral.com,NM,06/15/1907,01/01/1934,141809,$141.81M,23
3327,Mason Bank,111 Westmoreland Street,Mason,Texas,TX,76856,Mason,www.masonbank.com,SM,01/15/1904,01/01/1934,141726,$141.73M,19
4638,The First National Bank in Cimarron,121 N Main St,Cimarron,Kansas,KS,67835,Gray,www.fnbcimarron.com,N,05/21/1929,01/01/1934,141601,$141.60M,17
1118,"Citizens State Bank, of Arlington",128 S Main St,Arlington,South Dakota,SD,57212,Kingsbury,www.csbarlington.com,SM,08/28/1901,01/01/1934,141477,$141.48M,16
8541,State Bank of Fairmont,918 E Blue Earth Ave,Fairmont,Minnesota,MN,56031,Martin,www.sbof.com,NM,06/01/1917,01/01/1934,141126,$141.13M,17
1008,Bank Michigan,417 S Main St,Brooklyn,Michigan,MI,49230,Jackson,http://www.bankmichigan.bank,SM,10/01/1907,01/01/1934,141120,$141.12M,41
26512,Methuen Co-operative Bank,243 Broadway,Methuen,Massachusetts,MA,01844,Essex,WWW.METHUENCOOP.COM,SI,01/01/1923,01/23/1986,140966,$140.97M,18
59354,BankMiami,1515 Sunset Dr,Coral Gables,Florida,FL,33143,Miami-Dade,WWW.BANKMIAMI.COM,NM,03/17/2025,03/17/2025,140910,$140.91M,24
8510,Farmers Trust & Savings Bank,122 Main St,Earling,Iowa,IA,51530,Shelby,www.ftnsbank.net,NM,01/01/1892,01/01/1934,140831,$140.83M,19
9659,State Bank of Downs,900 Morgan Ave,Downs,Kansas,KS,67437,Osborne,www.statebankofdowns.com,NM,01/01/1892,01/01/1934,140825,$140.82M,16
8896,Jonesburg State Bank,110 1st St,Jonesburg,Missouri,MO,63351,Montgomery,www.jonesburgstatebank.com,NM,02/21/1921,01/01/1934,140793,$140.79M,22
26520,Security Bank of Southwest Missouri,1321 Old Highway 37,Cassville,Missouri,MO,65625,Barry,SBSWMO.COM,NM,12/13/1985,12/13/1985,140610,$140.61M,32
16840,River Falls State Bank,124 S 2nd St,River Falls,Wisconsin,WI,54022,Pierce,www.rfstatebankonline2.com,NM,10/03/1949,10/03/1949,140522,$140.52M,21
18380,First Independent Bank,1100 S Elliott Ave,Aurora,Missouri,MO,65605,Lawrence,https://www.fibaurora.com,NM,01/01/1906,05/04/1961,140442,$140.44M,24
58423,Community Bank of Pleasant Hill,2401 N Highway 7,Pleasant Hill,Missouri,MO,64080,Cass,www.cbphonline.net,NM,12/04/2006,12/04/2006,140313,$140.31M,19
5722,Philo Exchange Bank,102 W Washington St,Philo,Illinois,IL,61864,Champaign,www.philobank.com,NM,01/01/1883,01/01/1934,140098,$140.10M,22
14349,Bank of Salem,100 W 4th St,Salem,Missouri,MO,65560,Dent,www.thebankofsalem.bank,NM,10/10/1883,05/10/1934,140089,$140.09M,25
3698,First Security Bank,101 E Fast Ave,Mackinaw,Illinois,IL,61755,Tazewell,www.fsb1.com,NM,01/01/1934,01/01/1934,140082,$140.08M,24
34014,Texas National Bank,400 E Broadway St,Sweetwater,Texas,TX,79556,Nolan,www.texasnational.bank,N,05/08/1995,05/08/1995,140072,$140.07M,22
9036,Security State Bank,7865 Us Highway 2,Iron River,Wisconsin,WI,54847,Bayfield,www.sbankonline.com,NM,06/06/1911,01/01/1934,140022,$140.02M,15
2616,Millbury National Bank,18 Main St,Millbury,Massachusetts,MA,01527,Worcester,www.mnbonline.com,N,11/15/1933,01/01/1934,139988,$139.99M,21
34752,First Community Bank of Hillsboro,807 S Main St,Hillsboro,Illinois,IL,62049,Montgomery,www.fcbhillsboro.com,NM,05/29/1998,05/29/1998,139883,$139.88M,23
8760,Farmers State Bank,501 E State St,Algona,Iowa,IA,50511,Kossuth,www.fsbiowa.com,NM,01/01/1895,01/01/1934,139801,$139.80M,20
57273,First Commerce Bank,902 Broadway,Marysville,Kansas,KS,66508,Marshall,www.bankfirstcommerce.com,NM,08/21/2002,08/21/2002,139739,$139.74M,14
1933,Citizens State Bank Norwood Young America,409 Faxon Rd N,Norwood Young America,Minnesota,MN,55368,Carver,www.citizensstatebanknya.com,NM,06/05/1914,01/01/1934,139726,$139.73M,19
1165,The First Bank of Okarche,203 W Oklahoma,Okarche,Oklahoma,OK,73762,Kingfisher,http://www.firstbankokarche.com,NM,10/28/1892,01/01/1934,139630,$139.63M,8
13813,First National Bank in Pinckneyville,210 S Main St,Pinckneyville,Illinois,IL,62274,Perry,www.fnbpville.com,N,01/01/1901,01/30/1934,139511,$139.51M,23
15415,"Peoples Bank of Wyaconda, Missouri",310 S Johnson St,Kahoka,Missouri,MO,63445,Clark,http://www.pbwbank.com,NM,12/17/1914,08/24/1936,139403,$139.40M,27
10623,State Bank of Missouri,101 Nw 2nd St,Concordia,Missouri,MO,64020,Lafayette,http://www.gostatebank.com,NM,07/28/1884,01/01/1934,139136,$139.14M,24
9005,First State Bank of Roscoe,202 North Mitchell Street,Roscoe,South Dakota,SD,57471,Edmunds,,NM,05/23/1903,01/01/1934,139131,$139.13M,12
26392,Deutsche Bank Trust Company Delaware,111 Continental Dr,Newark,Delaware,DE,19713,New Castle,http://www.db.com,NM,10/07/1985,10/07/1985,139114,$139.11M,7
12325,Bank of Cashton,724 Front St,Cashton,Wisconsin,WI,54619,Monroe,www.bankofcashton.bank,NM,03/15/1899,01/01/1934,139063,$139.06M,12
12207,Bank of Winona,312 N Applegate St,Winona,Mississippi,MS,38967,Montgomery,www.bankofwinona.com,SM,06/15/1885,01/01/1934,138832,$138.83M,15
30072,Schuyler Savings Bank,24 Davis Ave,Kearny,New Jersey,NJ,07032,Hudson,www.schuylersavings.com,SI,01/01/1924,08/09/1989,138394,$138.39M,15
16453,Whitesville State Bank,38609 Coal River Rd,Whitesville,West Virginia,WV,25209,Raleigh,www.whitesvillesb.com,NM,07/08/1946,07/08/1946,138230,$138.23M,36
57025,American Heritage Bank,3300 N Prince St,Clovis,New Mexico,NM,88101,Curry,www.ahbnm.com,NM,12/05/2000,12/05/2000,138206,$138.21M,20
26847,The Chesapeake Bank & Trust Co.,245 High St,Chestertown,Maryland,MD,21620,Kent,www.chesapeaketrust.com,NM,12/15/1986,12/15/1986,138064,$138.06M,19
11686,State Bank of Cherry,110 S Main St,Cherry,Illinois,IL,61317,Bureau,www.statebankofcherry.com,NM,05/06/1906,01/01/1934,137905,$137.91M,13
9057,Bank of Moundville,319 Market St,Moundville,Alabama,AL,35474,Hale,www.bankofmoundville.com,NM,09/17/1907,01/01/1934,137877,$137.88M,14
28769,First Federal Savings Bank of Angola,212 E Maumee St,Angola,Indiana,IN,46703,Steuben,www.ffsbangola.com,SB,01/01/1933,08/09/1989,137490,$137.49M,21
5214,The First National Bank of Moose Lake,400 Elm Ave,Moose Lake,Minnesota,MN,55767,Carlton,www.firstmooselake.com,N,06/21/1926,01/01/1934,137454,$137.45M,23
16752,National Bank of St. Anne,158 W Station St,St. Anne,Illinois,IL,60964,Kankakee,http://www.natbankil.com,N,12/04/1948,12/04/1948,137355,$137.35M,29
26228,First National Bank of Dublin,825 N Patrick St,Dublin,Texas,TX,76446,Erath,www.bankingfnb.com,N,05/07/1985,05/07/1985,137187,$137.19M,35
12694,Citizens Community Bank,100 Roe St,Pilot Grove,Missouri,MO,65276,Cooper,www.ccb-online.net,NM,08/26/1913,01/01/1934,137148,$137.15M,19
3808,The Litchfield National Bank,316 N State St,Litchfield,Illinois,IL,62056,Montgomery,www.ibanklnb.com,N,05/01/1907,01/01/1934,137051,$137.05M,24
3807,The First National Bank of Litchfield,324 N State St,Litchfield,Illinois,IL,62056,Montgomery,www.fnbl.com,N,01/01/1860,01/01/1934,136874,$136.87M,23
16176,Johnson City Bank,100 E Pecan Dr,Johnson City,Texas,TX,78636,Blanco,www.j-cbank.com,NM,08/01/1944,08/01/1944,136766,$136.77M,23
28315,"RG Bank, A Savings and Loan Association",901 1st Ave,Monte Vista,Colorado,CO,81144,Rio Grande,www.rgbank.bank,SL,01/01/1905,08/09/1989,136654,$136.65M,25
3335,First Bank and Trust of Memphis,501 W Main St,Memphis,Texas,TX,79245,Hall,www.firstmemphis.com,NM,03/01/1898,01/01/1934,136354,$136.35M,12
4196,"SNB Bank, National Association",503 S Main St,Shattuck,Oklahoma,OK,73858,Ellis,www.snbbankna.com,N,08/01/1909,01/01/1934,136071,$136.07M,25
13382,Farmers and Merchants State Bank of Springfield,101 N Marshall Ave,Springfield,Minnesota,MN,56087,Brown,https://www.fmb-ebank.com,NM,01/01/1918,01/01/1934,135714,$135.71M,20
23404,Evergreen National Bank,28145 Colorado Highway 74,Evergreen,Colorado,CO,80439,Jefferson,www.enbcolorado.com,N,04/15/1981,04/15/1981,135588,$135.59M,31
5791,First State Bank,304 E Main St,Belmond,Iowa,IA,50421,Wright,http://WWW.FSBBELMOND.COM,NM,07/01/1933,01/01/1934,135577,$135.58M,11
432,Security First National Bank of Hugo,100 S Broadway St,Hugo,Oklahoma,OK,74743,Choctaw,http://www.sfnb.net,N,01/07/1930,01/01/1934,135499,$135.50M,30
16795,All Capital Bank,124 E Main St,Locust Grove,Oklahoma,OK,74352,Mayes,www.banklg.com,SM,06/06/1949,06/06/1949,135438,$135.44M,17
33131,First Farmers & Merchants National Bank,114 S Park St,Fairmont,Minnesota,MN,56031,Martin,www.ffmbank.com,N,09/07/1990,09/07/1990,135378,$135.38M,16
35060,The Settlers Bank,115 3rd St # 121,Marietta,Ohio,OH,45750,Washington,http://www.settlers.bank,SM,07/19/1999,07/19/1999,135315,$135.31M,19
2379,Bank of Gleason,203 Main St,Gleason,Tennessee,TN,38229,Weakley,www.bankofgleason.com,NM,01/01/1901,01/01/1934,135037,$135.04M,24
26513,Stoughton Co-operative Bank,950 Park St,Stoughton,Massachusetts,MA,02072,Norfolk,www.stoughtoncoop.bank,SM,01/01/1886,01/21/1986,135013,$135.01M,14
23551,Community Bank of El Dorado Springs,210 E. Us Highway 54,El Dorado Springs,Missouri,MO,64744,Cedar,www.communitybankeldo.com,NM,10/01/1981,10/01/1981,134736,$134.74M,18
13600,POINTWEST BANK,200 W Oak St,West,Texas,TX,76691,Mclennan,http://www.pointwestbank.com,NM,01/01/1893,01/09/1934,134659,$134.66M,30
15546,Chillicothe State Bank,600 Washington St,Chillicothe,Missouri,MO,64601,Livingston,www.gostatebank.com,NM,10/19/1937,11/22/1937,134554,$134.55M,22
32293,Miami Savings Bank,8008 Ferry Street,Miamitown,Ohio,OH,45041,Hamilton,www.miamisavings.bank,NM,12/27/1909,08/09/1989,134525,$134.53M,24
10804,Du Quoin State Bank,15 E Main St,Du Quoin,Illinois,IL,62832,Perry,www.duquoinstatebank.com,SM,04/17/1915,01/01/1934,134369,$134.37M,20
26871,Community Bankers' Bank,2601 Promenade Pkwy,Midlothian,Virginia,VA,23113,Chesterfield,http://cbbonline.com,SM,01/02/1987,01/02/1987,134167,$134.17M,20
4514,The State Bank of Toledo,100 E High St,Toledo,Iowa,IA,52342,Tama,www.banktoledo.com,NM,01/01/1927,01/01/1934,134089,$134.09M,27
2444,"Clay County Bank, Inc.",150 Main St,Clay,West Virginia,WV,25043,Clay,www.claycounty.bank,NM,06/04/1902,01/01/1934,133739,$133.74M,21
30619,"Abbeville First Bank, SSB",205 S Main St,Abbeville,South Carolina,SC,29620,Abbeville,www.abbevillefirst.com,SI,01/01/1907,08/09/1989,133429,$133.43M,19
19809,Hershey Bank,100 S Lincoln Ave,Hershey,Nebraska,NE,69143,Lincoln,WWW.HERSHEYBANK.COM,NM,03/27/1968,03/27/1968,133396,$133.40M,21
10500,Farmers Savings Bank,3542 168th St,Wever,Iowa,IA,52658,Lee,www.fsbwever.com,NM,10/09/1908,01/01/1934,133367,$133.37M,23
15259,Elk State Bank,328 Washington St,Clyde,Kansas,KS,66938,Cloud,www.elkstatebank.com,NM,01/01/1896,08/21/1935,132993,$132.99M,17
31089,"Pickens Savings and Loan Association, FA",205 E Cedar Rock St,Pickens,South Carolina,SC,29671,Pickens,www.pickens.bank,SB,01/01/1920,08/09/1989,132850,$132.85M,19
29426,"Worthington Federal Savings Bank, FSB",418 11th St,Worthington,Minnesota,MN,56187,Nobles,www.worthingtonfederalsavings.com,SB,05/03/1935,08/09/1989,132692,$132.69M,18
14649,Community Bank,601 Iowa Ave,Dunlap,Iowa,IA,51529,Harrison,www.communitybankiowa.com,NM,02/23/1926,08/09/1934,132688,$132.69M,25
3079,The First National Bank of Aspermont,136 W 7th St,Aspermont,Texas,TX,79502,Stonewall,http://www.fnbaspermont.com,N,04/21/1901,01/01/1934,132529,$132.53M,15
29521,Fidelity Federal Savings and Loan Association of Delaware,60 N Sandusky St,Delaware,Ohio,OH,43015,Delaware,www.fidfedsl.com,SB,01/01/1887,08/09/1989,132476,$132.48M,18
11916,The Buckholts State Bank,100 N 4th St,Buckholts,Texas,TX,76518,Milam,www.buckholtsbank.com,NM,01/01/1907,01/01/1934,132323,$132.32M,15
11003,Grand Missouri Bank,1630 Killingsworth Ave,Bolivar,Missouri,MO,65613,Polk,www.grandmissouri.bank,NM,11/24/1910,01/01/1934,132311,$132.31M,28
9265,Rushville State Bank,100 E Lafayette St,Rushville,Illinois,IL,62681,Schuyler,http://www.rushvillestatebank.com/,SM,01/01/1890,12/16/1933,131953,$131.95M,15
11181,First State Bank of Brownsboro,14225 State Highway 31 E,Brownsboro,Texas,TX,75756,Henderson,www.fsbbrownsboro.com,NM,02/17/1917,01/01/1934,131625,$131.63M,22
5786,Spencer County Bank,55 N L J Koch Blvd,Santa Claus,Indiana,IN,47579,Spencer,www.spencercountybank.com,NM,08/19/1927,01/01/1934,131588,$131.59M,43
1903,St. Clair State Bank (Incorporated),100 Main St W,Saint Clair,Minnesota,MN,56080,Blue Earth,http://www.stclairstatebank.com,NM,07/17/1907,01/01/1934,131546,$131.55M,11
34748,ClearPoint Federal Bank & Trust,100 Progress Dr,Batesville,Indiana,IN,47006,Franklin,www.clearpointfederal.com,SB,07/29/1998,07/29/1998,131505,$131.50M,31
10628,Preferred Bank,205 Main St,Rothville,Missouri,MO,64676,Chariton,mypfbank.com,NM,01/08/1904,01/01/1934,131010,$131.01M,26
14731,The Citizens National Bank of Quitman,100 East Stevens Street,Quitman,Georgia,GA,31643,Brooks,www.cnbquitman.com,N,08/25/1934,09/10/1934,130932,$130.93M,19
2733,Bank of Buffalo,2441 Greensburg Rd,Buffalo,Kentucky,KY,42716,Larue,www.thebankofbuffalo.com,SM,01/07/1901,01/01/1934,130779,$130.78M,18
59239,"Agility Bank, National Association",2401 N Shepherd Dr,Houston,Texas,TX,77008,Harris,www.agility.bank,N,04/18/2022,04/18/2022,130554,$130.55M,26
12283,First State Bank,102 W Main St,Anadarko,Oklahoma,OK,73005,Caddo,www.fsbanadarko.bank,SM,02/05/1909,01/01/1934,130455,$130.46M,21
13616,Corydon State Bank,201 W Jackson St,Corydon,Iowa,IA,50060,Wayne,,NM,01/01/1926,01/13/1934,130402,$130.40M,8
10280,The Farmers and Merchants Bank,430 North St,Caldwell,Ohio,OH,43724,Noble,www.thefarmersmerchants.bank,NM,01/20/1912,01/01/1934,130309,$130.31M,27
15261,The Citizens State Bank,601 S Main St,Hugoton,Kansas,KS,67951,Stevens,www.csbks.com,NM,04/01/1913,08/22/1935,130068,$130.07M,21
27910,"Central Savings, f.s.b.",1601 W Belmont Ave,Chicago,Illinois,IL,60657,Cook,,SB,01/01/1893,08/09/1989,129934,$129.93M,20
1566,The Peoples Bank,23 W Main St,Taylorsville,Kentucky,KY,40071,Spencer,www.tpbtaylorsville.com,NM,02/03/1903,01/01/1934,129442,$129.44M,29
16603,The Peoples Bank,116 S Main St,Marion,Kentucky,KY,42064,Crittenden,www.thepeoplesbank-ky.com,SM,10/01/1946,07/25/1947,129345,$129.34M,27
14912,Bank of Dixon County,117 E 3rd St,Ponca,Nebraska,NE,68770,Dixon,www.bankofdc.com,NM,01/01/1881,12/10/1934,129329,$129.33M,17
18879,Kennett Trust Bank,917 1st St,Kennett,Missouri,MO,63857,Dunklin,http://www.kennetttrustbank.com,NM,09/07/1963,09/07/1963,129242,$129.24M,19
10315,Bank of Halls,101 E Main St,Halls,Tennessee,TN,38040,Lauderdale,www.bankofhalls.com,SM,10/13/1899,01/01/1934,129080,$129.08M,16
8276,Alton Bank,28 Medical Dr,Alton,Missouri,MO,65606,Oregon,www.altonbank.com,NM,04/17/1924,01/01/1934,128963,$128.96M,21
29208,"Dalhart Federal Savings & Loan Association, SSB",502 Denrock Ave,Dalhart,Texas,TX,79022,Dallam,www.dalhartfederal.com,SI,10/01/1934,08/09/1989,128913,$128.91M,26
12226,Peoples Bank Co.,8537 Main St,Altenburg,Missouri,MO,63732,Perry,peoplesoa.com,SM,01/01/1910,01/01/1934,128587,$128.59M,20
10458,Farmers State Bank & Trust Co.,129 W Main St,Mount Sterling,Illinois,IL,62353,Brown,www.fsb-tc.com,NM,06/01/1914,01/01/1934,128573,$128.57M,17
27153,"Citizens Bank & Trust, Inc.",12255 S Main St,Trenton,Georgia,GA,30752,Dade,www.citizensbanktrenton.com,SB,01/18/1988,02/01/1996,128532,$128.53M,39
10464,Federated Bank,107 N Chestnut St,Onarga,Illinois,IL,60955,Iroquois,www.federatedbank.com,NM,01/01/1918,01/01/1934,128364,$128.36M,32
5131,Western National Bank,201 N Central Ave,Duluth,Minnesota,MN,55807,St. Louis,http://www.wbduluth.com,N,01/04/1904,01/01/1934,128363,$128.36M,28
58037,California Business Bank,3200 El Camino Real,Irvine,California,CA,92602,Orange,http://www.californiabusinessbank.com,NM,11/01/2005,11/01/2005,128350,$128.35M,15
29731,The Southern Bank Company,221 S 6th St,Gadsden,Alabama,AL,35901,Etowah,www.sobanco.com,NM,06/01/1936,08/09/1989,128243,$128.24M,44
5369,West Plains Bank,200 N Main St,Ainsworth,Nebraska,NE,69210,Brown,www.westplainsbk.com,SM,10/01/1913,01/01/1934,128089,$128.09M,15
13788,"Concordia Bank of Concordia, Missouri",547 S Main St,Concordia,Missouri,MO,64020,Lafayette,www.concordia-bank.com,NM,05/01/1932,01/01/1934,127809,$127.81M,23
22358,The Citizens Bank,1300 State St,Greensboro,Alabama,AL,36744,Hale,,NM,11/01/1976,11/01/1976,127589,$127.59M,13
12220,County Bank,116 W Broadway St,Brunswick,Missouri,MO,65236,Chariton,countybankonline.com,NM,04/02/1877,01/01/1934,127560,$127.56M,19
11235,Bonduel State Bank,130 N Cecil St,Bonduel,Wisconsin,WI,54107,Shawano,www.bonduelbank.com,NM,09/21/1906,01/01/1934,127522,$127.52M,12
5401,F&M Bank,1701 Stone St,Falls City,Nebraska,NE,68355,Richardson,www.fmbankfc.bank,NM,01/01/1882,01/01/1934,127466,$127.47M,15
855,"Merchants & Farmers Bank of Greene County, Alabama",302 Prairie Ave,Eutaw,Alabama,AL,35462,Greene,MFBUSA.COM,NM,01/01/1900,01/01/1934,127324,$127.32M,23
23986,MINNESOTA LAKES BANK,710 Babcock Blvd E,Delano,Minnesota,MN,55328,Wright,www.MNLB.BANK,SM,06/24/1982,06/24/1982,127273,$127.27M,24
25161,Community National Bank of Okarche,653 Us Hwy 81,Okarche,Oklahoma,OK,73762,Kingfisher,http://www.cnbbanker.com,N,05/18/1984,05/18/1984,127121,$127.12M,16
21050,"First State Bank of the South, Inc.",5856 Highway 278,Sulligent,Alabama,AL,35586,Lamar,WWW.FIRSTSTATEBANKSOUTH.COM,NM,04/20/1973,04/20/1973,126911,$126.91M,35
14982,Union State Bank,611 W Highway 92,Winterset,Iowa,IA,50273,Madison,www.usbiowa.com,NM,01/02/1935,01/11/1935,126726,$126.73M,22
8572,Citizens Bank of Rogersville,1001 W Center St,Rogersville,Missouri,MO,65742,Greene,cbofr.com,NM,01/01/1908,01/01/1934,126629,$126.63M,26
5197,COMMUNITY FIRST BANK,21 Main St Ne,Menahga,Minnesota,MN,56464,Wadena,www.communityfirstbankmn.com,NM,09/01/1898,01/01/1934,126334,$126.33M,22
10330,Commercial State Bank,8045 N Interstate 45 Service Rd,Palmer,Texas,TX,75152,Ellis,www.csbpalmer.com,NM,03/01/1930,01/01/1934,126323,$126.32M,26
1596,"Comerica Bank & Trust, National Association",101 N Main St,Ann Arbor,Michigan,MI,48104,Washtenaw,www.comerica.com,N,02/29/1908,01/01/1934,126282,$126.28M,132
5087,The First National Bank of Bagley,31 Central St E,Bagley,Minnesota,MN,56621,Clearwater,www.fnbbagley.com,N,06/02/1903,01/01/1934,126166,$126.17M,26
27898,"Home Savings and Loan Association of Carroll County, F.A.",210 E 2nd St,Norborne,Missouri,MO,64668,Carroll,www.norbornehsl.com,SL,01/01/1919,08/09/1989,126074,$126.07M,13
34393,1st Equity Bank,3956 Dempster St,Skokie,Illinois,IL,60076,Cook,www.1stequitybank.net,NM,06/09/1997,06/09/1997,126042,$126.04M,12
29691,KeySavings Bank,811 E Grand Ave,Wisconsin Rapids,Wisconsin,WI,54494,Wood,www.keysavingsbank.com,SI,01/01/1920,08/09/1989,125950,$125.95M,24
4649,Conway Bank,124 W Spring Ave,Conway Springs,Kansas,KS,67031,Sumner,www.conwaybank.net,NM,05/01/1886,01/01/1934,125737,$125.74M,27
21529,Bank of Oak Ridge,105 N Oak St,Oak Ridge,Louisiana,LA,71264,Morehouse,www.bankofoakridge.bank,NM,10/01/1910,04/11/1974,125567,$125.57M,22
28585,"Maple City Savings Bank, FSB",145 Main St,Hornell,New York,NY,14843,Steuben,www.maplecitysavings.com,SB,01/01/1905,08/09/1989,125163,$125.16M,25
25750,Community Bank,1729 College Blvd,Alva,Oklahoma,OK,73717,Woods,www.bankalva.com,NM,07/16/1984,07/16/1984,125079,$125.08M,13
232,Solon State Bank,126 S Market St,Solon,Iowa,IA,52333,Johnson,www.solonstatebank.com,NM,03/17/1932,01/01/1934,125030,$125.03M,15
5425,Legends West Bank,302 Main St,Lewellen,Nebraska,NE,69147,Garden,www.legendswest.bank,NM,10/05/1905,01/01/1934,124997,$125.00M,12
11750,Bank of Kampsville,244 N Broadway,Kampsville,Illinois,IL,62053,Calhoun,www.thebankofkampsville.com,NM,12/01/1908,01/01/1934,124990,$124.99M,21
5892,Kalamazoo County State Bank,223 N Grand St,Schoolcraft,Michigan,MI,49087,Kalamazoo,www.kcsbank.com,NM,01/01/1908,01/01/1934,124806,$124.81M,34
8842,Grand Marais State Bank,211 E Highway 61,Grand Marais,Minnesota,MN,55604,Cook,www.grandmaraisstatebank.com,SM,09/16/1916,01/01/1934,124771,$124.77M,14
234,Pocahontas State Bank,233 N Main St,Pocahontas,Iowa,IA,50574,Pocahontas,www.pocahontasstatebank.net,NM,07/01/1926,01/01/1934,124571,$124.57M,8
9735,State Bank of New Richland,103 Broadway Ave N,New Richland,Minnesota,MN,56072,Waseca,WWW.SBNR.BIZ,NM,10/31/1898,01/01/1934,124522,$124.52M,12
1439,American Interstate Bank,3331 N 204th St,Elkhorn,Nebraska,NE,68022,Douglas,www.americaninterstatebank.com,NM,03/29/1915,01/01/1934,124429,$124.43M,11
8390,Lincoln State Bank,302 Main Ave S,Hankinson,North Dakota,ND,58041,Richland,www.lsbhank.com,NM,08/03/1903,01/01/1934,124415,$124.42M,16
5115,The First National Bank of Cokato,365 Broadway Ave S,Cokato,Minnesota,MN,55321,Wright,www.fnbcokato.com,N,11/02/1916,01/01/1934,124286,$124.29M,11
11759,Citizens State Bank,114 W Main St,Wyoming,Iowa,IA,52362,Jones,http://www.csbwyoming.com,NM,01/01/1913,01/01/1934,123933,$123.93M,19
10374,Banner Banks,416 Main St,Birnamwood,Wisconsin,WI,54414,Shawano,WWW.BANNERBANKS.COM,NM,01/01/1900,01/01/1934,123441,$123.44M,25
8522,First State Bank,183 Main Ave N,Britt,Iowa,IA,50423,Hancock,http://fsb-britt.com,NM,11/12/1927,01/01/1934,123343,$123.34M,11
5634,Connect Bank,116 N Lincoln Ave,Star City,Arkansas,AR,71667,Lincoln,www.connectbank.us,SM,04/07/1925,01/01/1934,122834,$122.83M,30
18063,COREBANK,1522 Missouri St,Waynoka,Oklahoma,OK,73860,Woods,corebankok.com,NM,07/20/1959,07/20/1959,122772,$122.77M,16
4097,The Farmers and Merchants National Bank of Fairview,312 N Main St,Fairview,Oklahoma,OK,73737,Major,www.fairview.bank,N,01/01/1907,01/01/1934,122445,$122.44M,15
34995,First Central Bank McCook,904 N Highway 83,Mccook,Nebraska,NE,69001,Red Willow,http://www.firstcentral.com,NM,01/04/1999,01/04/1999,122388,$122.39M,21
28543,Custer Federal State Bank,341 S 10th Ave,Broken Bow,Nebraska,NE,68822,Custer,www.custerfederal.com,NM,01/01/1925,08/09/1989,122385,$122.39M,18
11175,The First State Bank,402 9th St,Abernathy,Texas,TX,79311,Hale,www.fsbabernathy.net,NM,01/01/1909,01/01/1934,122321,$122.32M,20
4071,FNB Coweta,106 S Broadway,Coweta,Oklahoma,OK,74429,Wagoner,FNBCOWETA.COM,SM,01/01/1903,01/01/1934,122292,$122.29M,20
2273,The First National Bank of Ely,595 Aultman St,Ely,Nevada,NV,89301,White Pine,http://www.fnbely.com,N,02/23/1907,01/01/1934,122093,$122.09M,12
11466,HomePride Bank,110 E Commercial St,Mansfield,Missouri,MO,65704,Wright,www.homepridebank.com,NM,03/03/1892,01/01/1934,122045,$122.05M,41
12136,The Wilson State Bank,422 26th St,Wilson,Kansas,KS,67490,Ellsworth,www.wilsonstatebank.net,NM,07/16/1886,01/01/1934,121984,$121.98M,24
16120,"The Riley State Bank of Riley, Kansas",201 S Broadway St,Riley,Kansas,KS,66531,Riley,www.rileystatebank.com,NM,11/19/1943,01/27/1944,121968,$121.97M,22
22567,Community State Bank,208 N Center St,Shelbina,Missouri,MO,63468,Shelby,www.commbankonline.com,NM,11/28/1977,11/28/1977,121858,$121.86M,16
35118,"Community Bank of Wichita, Inc.",11330 E 21st St N,Wichita,Kansas,KS,67206,Sedgwick,www.cbw.bank,NM,08/16/1999,08/16/1999,121733,$121.73M,20
16185,"The Samson Banking Company, Inc.",2 W Main St,Samson,Alabama,AL,36477,Geneva,http://www.samsonbanking.com,NM,01/01/1930,05/26/1944,121454,$121.45M,22
5847,"Peoples Bank, Mt. Washington",201 N Bardstown Rd,Mount Washington,Kentucky,KY,40047,Bullitt,www.peoplesbankmtw.com,NM,01/01/1909,01/01/1934,121237,$121.24M,24
9196,Home Banking Company,795 E Poplar Ave,Selmer,Tennessee,TN,38375,Mcnairy,WWW.HOMEBANKINGCO.COM,NM,03/15/1915,01/01/1934,121209,$121.21M,30
1556,Twin Cedars Bank,402 Merrill St,Bussey,Iowa,IA,50044,Marion,www.twincedars.bank,NM,03/27/1931,01/01/1934,121104,$121.10M,20
10492,Farmers and Merchants Savings Bank,2235 Mormon Trek Blvd,Iowa City,Iowa,IA,52246,Johnson,www.fmbankonline.com,NM,09/25/1901,01/01/1934,120977,$120.98M,15
15460,Spur Security Bank,120 W Harris St,Spur,Texas,TX,79370,Dickens,www.spur.bank,NM,12/23/1933,02/09/1937,120920,$120.92M,19
14694,Cedar Valley Bank & Trust,321 Main St,La Porte City,Iowa,IA,50651,Black Hawk,www.cedarvalleybank.com,NM,07/06/1906,08/22/1934,120145,$120.14M,15
9121,State Bank of Bottineau,105 11th St E,Bottineau,North Dakota,ND,58318,Bottineau,http://www.statebankofbottineau.com,NM,10/21/1901,01/01/1934,120130,$120.13M,15
24443,Progressive National Bank,300 Washington Ave,Mansfield,Louisiana,LA,71052,De Soto,WWW.PROGRESSIVENATIONAL.COM,N,03/28/1983,03/28/1983,120071,$120.07M,31
4598,"The First National Bank of Nevada, Missouri",100 W Walnut St,Nevada,Missouri,MO,64772,Vernon,www.fnbnevada.com,N,01/01/1889,01/01/1934,120041,$120.04M,14
29980,Midland Federal Savings and Loan Association,8929 S Harlem Ave,Bridgeview,Illinois,IL,60455,Cook,midlandfederalsavings.com,SL,01/01/1914,08/09/1989,119986,$119.99M,64
925,The State Bank of Geneva,22 S 4th St,Geneva,Illinois,IL,60134,Kane,www.sbgeneva.com,SM,01/01/1903,01/01/1934,119940,$119.94M,25
57391,United Bank & Trust Co.,2101 S Center St,Marshalltown,Iowa,IA,50158,Marshall,www.bankubt.com,NM,06/21/2002,06/21/2002,119893,$119.89M,16
14920,The Hamler State Bank,210 Randolph St,Hamler,Ohio,OH,43524,Henry,WWW.HAMLERSTATEBANK.COM,SM,01/01/1921,12/15/1934,119879,$119.88M,8
18165,The Stockgrowers State Bank,225 Main St,Maple Hill,Kansas,KS,66507,Wabaunsee,www.stockgrowers.biz,NM,01/01/1906,03/08/1960,119867,$119.87M,16
3019,Rocky Mountain Bank & Trust,101 E Main St,Florence,Colorado,CO,81226,Fremont,www.rmbt.com,NM,05/31/1900,01/01/1934,119663,$119.66M,21
3745,First Community Bank of Moultrie County,1 S Main St,Sullivan,Illinois,IL,61951,Moultrie,www.firstmoco.com,NM,04/05/1905,01/01/1934,119517,$119.52M,21
58586,Turtle Mountain State Bank,908 Chief Little Shell Street,Belcourt,North Dakota,ND,58316,Rolette,http://www.tmstatebank.com,NM,12/03/2007,12/03/2007,119425,$119.42M,17
6805,The First National Bank of Williamson,68 E 2nd Ave,Williamson,West Virginia,WV,25661,Mingo,www.yourfnbonline.com,N,06/11/1903,01/01/1934,119300,$119.30M,28
5632,Logan County Bank,524 Main St,Scranton,Arkansas,AR,72863,Logan,logancountybank.net,NM,04/04/1926,01/01/1934,119137,$119.14M,13
3834,Midwest National Bank,302 N Main St,Sandoval,Illinois,IL,62882,Marion,www.midwestnationalbank.com,N,06/01/1910,01/01/1934,119085,$119.08M,25
10919,The State Bank of Bern,402 Main St,Bern,Kansas,KS,66408,Nemaha,Statebankofbern.com,NM,05/04/1889,01/01/1934,119042,$119.04M,14
14083,Bison State Bank,223 Main St,Bison,Kansas,KS,67520,Rush,www.bisonstatebank.com,NM,01/01/1901,03/21/1934,119042,$119.04M,40
16177,First State Bank,215 N Division St,Stuart,Iowa,IA,50250,Guthrie,www.stuartbank.com,NM,01/01/1934,07/31/1944,118988,$118.99M,21
21692,Peoples Bank of Graceville,5306 Brown St,Graceville,Florida,FL,32440,Jackson,www.peoplesgraceville.com,NM,07/12/1974,07/12/1974,118987,$118.99M,12
29517,Pioneer Federal Savings and Loan Association,202 N Main St,Deer Lodge,Montana,MT,59722,Powell,www.pioneerfed.com,SL,01/01/1912,08/09/1989,118869,$118.87M,20
11355,Bedford Loan & Deposit Bank,45 Highway 42 E,Bedford,Kentucky,KY,40006,Trimble,www.bedfordbank.com,NM,11/02/1891,01/01/1934,118596,$118.60M,27
22598,Flora Bank & Trust,1478 N Worthey St,Flora,Illinois,IL,62839,Clay,www.fbandtbank.com,SM,01/19/1978,01/19/1978,118349,$118.35M,15
58680,Great Nations Bank,2200 Alameda St,Norman,Oklahoma,OK,73071,Cleveland,www.greatnationsbank.com,NM,09/28/2009,09/28/2009,118143,$118.14M,18
9337,"Citizens State Bank of Waverly, Inc.",609 Pacific Ave,Waverly,Minnesota,MN,55390,Wright,http://www.bankwaverly.com,NM,01/01/1907,01/01/1934,117916,$117.92M,16
15839,Security State Bank,1 E State St,Algona,Iowa,IA,50511,Kossuth,bankssb.com,NM,03/01/1931,08/15/1941,117885,$117.89M,13
28478,Farmers and Mechanics Federal Savings Bank,225 E Main St,Bloomfield,Indiana,IN,47424,Greene,http://www.farmersandmechanicsfederal.com,SI,01/01/1892,08/09/1989,117860,$117.86M,19
14701,Bank of New Madrid,229 Main St,New Madrid,Missouri,MO,63869,New Madrid,www.bankofnewmadrid.com,NM,01/01/1933,08/25/1934,117815,$117.81M,27
34711,Farmers Building and Savings Bank,290 W Park St,Rochester,Pennsylvania,PA,15074,Beaver,,SI,06/30/1894,12/09/1997,117750,$117.75M,5
32277,Eastern International Bank,688 New High St,Los Angeles,California,CA,90012,Los Angeles,https://www.eibankca.com,NM,02/26/1985,08/09/1989,117595,$117.59M,26
10858,Anderson State Bank,111 W Highway St,Oneida,Illinois,IL,61467,Knox,www.andersonstatebank.com,NM,02/17/1917,01/01/1934,117486,$117.49M,8
13794,McIntosh County Bank,204 W Main St,Ashley,North Dakota,ND,58413,Mcintosh,www.makeitmcb.com,NM,01/01/1911,01/01/1934,117395,$117.39M,13
30943,Mid-Central National Bank,520 Jefferson St S,Wadena,Minnesota,MN,56482,Wadena,www.midcentralbank.com,N,03/11/1957,08/09/1989,117199,$117.20M,34
18448,Security State Bank,207 Isabella St,Radcliffe,Iowa,IA,50230,Hardin,http://www.ssbiowa.com,NM,10/14/1914,10/26/1961,117153,$117.15M,19
26798,Home Savings Bank,3539 S Main St,Salt Lake City,Utah,UT,84115,Salt Lake,http://www.hsbutah.com,NM,01/01/1979,10/03/1986,116905,$116.91M,9
15820,Red River State Bank,300 2nd Ave W,Halstad,Minnesota,MN,56548,Norman,www.redriverbank.com,NM,01/01/1934,05/26/1941,116780,$116.78M,18
9035,Headwaters State Bank,4175 County Road B,Land O' Lakes,Wisconsin,WI,54540,Vilas,www.headwatersstatebank.com,NM,09/01/1921,01/01/1934,116746,$116.75M,14
33851,The Bank of Milan,2011 E Van Hook St,Milan,Tennessee,TN,38358,Gibson,www.bankofmilan.net,NM,11/12/1993,11/12/1993,116676,$116.68M,14
16386,Brantley Bank and Trust Company,9402 N Main St,Brantley,Alabama,AL,36009,Crenshaw,www.brantleybank.com,NM,03/06/1946,03/06/1946,116668,$116.67M,30
28103,Collinsville Building and Loan Association,701 Belt Line Rd,Collinsville,Illinois,IL,62234,Madison,www.collinsvillebuildingandloan.com,SB,01/01/1885,08/09/1989,116593,$116.59M,15
29241,Henderson Federal Savings Bank,130 N Marshall St,Henderson,Texas,TX,75652,Rusk,www.hendersonfederal.com,SB,11/01/1934,08/09/1989,116356,$116.36M,21
10407,The Farmers State Bank of Brush,200 Clayton St,Brush,Colorado,CO,80723,Morgan,www.fsbbrushakron.com,NM,10/09/1915,01/01/1934,116208,$116.21M,23
13983,The Granville National Bank,328 S Mccoy St,Granville,Illinois,IL,61326,Putnam,http://www.gnbonline.com,N,02/27/1934,02/27/1934,116005,$116.00M,16
59318,Zenith Bank & Trust,4900 N Scottsdale Rd,Scottsdale,Arizona,AZ,85251,Maricopa,www.zenithprivate.com,NM,10/02/2023,10/02/2023,115963,$115.96M,10
34386,Spring Valley Bank,1206 Springfield Pike,Wyoming,Ohio,OH,45215,Hamilton,www.springvalleybank.com,NM,09/02/1997,09/02/1997,115928,$115.93M,9
14316,Conservation First Bank,42 W Main St,Benton,Wisconsin,WI,53803,Lafayette,https://bentonbank.com/,NM,12/05/1894,05/05/1934,115799,$115.80M,19
1163,Wahoo State Bank,164 E 5th St,Wahoo,Nebraska,NE,68066,Saunders,www.wahoostatebank.com,SM,01/02/1932,01/01/1934,115425,$115.42M,16
16900,Princeville State Bank,142 E Main St,Princeville,Illinois,IL,61559,Peoria,www.p-s-b.com,SM,04/17/1950,04/17/1950,115331,$115.33M,18
3977,DNB NATIONAL BANK,305 4th St W,Clear Lake,South Dakota,SD,57226,Deuel,www.dnbanks.com,N,01/01/1926,01/01/1934,115136,$115.14M,15
1438,Countryside Bank,379 Main St,Unadilla,Nebraska,NE,68454,Otoe,www.countrysidebank.com,NM,05/01/1892,01/01/1934,115092,$115.09M,16
14904,First Community Bank,119 S Fulton St,Newell,Iowa,IA,50568,Buena Vista,http://www.fcb4u.com,NM,01/01/1912,12/04/1934,114403,$114.40M,24
14560,Union State Bank,120 Mill St S,West Salem,Wisconsin,WI,54669,La Crosse,www.usbwestsalem.com,NM,08/25/1903,01/01/1934,114321,$114.32M,16
29093,Investors Community Bank,522 Washington St,Chillicothe,Missouri,MO,64601,Livingston,www.my-investors.com,SM,08/01/1934,08/09/1989,114269,$114.27M,17
14864,Stockmens National Bank in Cotulla,206 N Main St,Cotulla,Texas,TX,78014,La Salle,https://snbcotulla.com,N,01/01/1904,11/10/1934,114243,$114.24M,15
8640,Farmers & Merchants Bank of North Dakota,101 Main St N,Tolna,North Dakota,ND,58380,Nelson,www.fmbnd.com,NM,08/01/1917,01/01/1934,114209,$114.21M,20
17975,The Commercial Bank Of Ozark,208 S Merrick Ave,Ozark,Alabama,AL,36360,Dale,www.cbozark.com,NM,04/02/1959,04/02/1959,114023,$114.02M,22
8865,Heritage Bank Minnesota,181 Main St,West Concord,Minnesota,MN,55985,Dodge,heritagebankmn.com,NM,06/02/1930,01/01/1934,113997,$114.00M,17
8207,Prairie Sun Bank,240 N 2nd St,Milan,Minnesota,MN,56262,Chippewa,www.bankwithpsb.com,NM,12/15/1915,01/01/1934,113564,$113.56M,17
34334,American Metro Bank,4878 N Broadway St,Chicago,Illinois,IL,60640,Cook,http://www.americanmetrobank.com,NM,01/29/1997,01/29/1997,113466,$113.47M,19
17661,The First State Bank of Healy,4004 W Highway 4,Healy,Kansas,KS,67850,Lane,www.fsbhealy.com,NM,07/10/1906,09/14/1956,113439,$113.44M,8
28635,First Federal Savings and Loan Bank,700 E Santa Fe St,Olathe,Kansas,KS,66061,Johnson,www.firstfederalolathe.com,NM,01/01/1923,08/09/1989,113392,$113.39M,6
17410,The Bendena State Bank,933 Friendship Rd,Bendena,Kansas,KS,66008,Doniphan,www.bendenastatebank.com,NM,01/01/1904,03/17/1955,113356,$113.36M,14
15532,CentreBank,126 N Main St,Veedersburg,Indiana,IN,47987,Fountain,www.centrebank.net,NM,10/13/1917,08/07/1937,113349,$113.35M,28
9669,Fredonia Valley Bank,602 Cassidy Ave,Fredonia,Kentucky,KY,42411,Caldwell,www.fredoniavalleybank.com,NM,01/01/1894,01/01/1934,113205,$113.20M,25
16584,Carver State Bank,701 Martin Luther King Jr Blvd,Savannah,Georgia,GA,31401,Chatham,www.carverstatebank.com,NM,01/01/1927,06/04/1947,113168,$113.17M,21
406,Cleo State Bank,202 S Square St,Cleo Springs,Oklahoma,OK,73729,Major,cleostatebank.com,NM,10/25/1900,01/01/1934,113077,$113.08M,19
32292,Woodsfield Savings Bank,600 Lewisville Rd,Woodsfield,Ohio,OH,43793,Monroe,www.woodsfieldsavings.com,NM,03/12/1887,08/09/1989,112521,$112.52M,27
16656,Security State Bank of Aitkin,402 Minnesota Ave N,Aitkin,Minnesota,MN,56431,Aitkin,http://www.ssbmn.com,NM,12/23/1947,01/02/1948,112445,$112.44M,21
10243,First State Bank of Golva,410 Terrell Ave,Golva,North Dakota,ND,58632,Golden Valley,fsbofgolva.com,NM,06/01/1914,04/01/1934,112367,$112.37M,10
4092,First Bank,118 West Roger Miller Boulevard,Erick,Oklahoma,OK,73645,Beckham,https://www.yourfirst.bank,NM,12/12/1902,01/01/1934,112140,$112.14M,21
976,Blissfield State Bank,204 E Jefferson St,Blissfield,Michigan,MI,49228,Lenawee,www.blissfieldstate.com,SM,05/24/1873,01/01/1934,112129,$112.13M,22
6728,The National Bank of Adams County of West Union,28 Market St,West Union,Ohio,OH,45693,Adams,http://www.nbaconline.com,N,04/28/1928,01/01/1934,112050,$112.05M,15
17782,Pikes Peak National Bank,2401 W Colorado Ave,Colorado Springs,Colorado,CO,80904,El Paso,http://www.ppnb.com,N,07/01/1957,07/01/1957,111729,$111.73M,27
12402,Exchange State Bank,126 N Broad St,Lanark,Illinois,IL,61046,Carroll,http://www.lanarkbank.com,NM,04/06/1878,01/01/1934,111622,$111.62M,11
30103,Monroe Savings Bank,114 S Main St,Williamstown,New Jersey,NJ,08094,Gloucester,www.monroesavings.com,SI,01/01/1870,08/09/1989,111488,$111.49M,13
5117,The First National Bank of Coleraine,600 Powell Ave,Coleraine,Minnesota,MN,55722,Itasca,www.colerainebank.com,N,01/01/1906,01/01/1934,111485,$111.48M,16
32286,Community Savings Bank,503 W Plane St,Bethel,Ohio,OH,45106,Clermont,www.bankwith-csb.com,NM,04/06/1889,08/09/1989,111474,$111.47M,17
17759,The Baltic State Bank,101 E Main St,Baltic,Ohio,OH,43804,Holmes,balticstatebank.com,NM,01/01/1902,05/08/1957,111320,$111.32M,28
59204,Legacy Bank,41391 Kalmia St,Murrieta,California,CA,92562,Riverside,https://www.legacybankca.com,NM,06/10/2022,06/10/2022,111250,$111.25M,26
28246,Home Savings Bank,214 N Lincoln Ave,Chanute,Kansas,KS,66720,Neosho,www.homesavingschanute.com,SB,01/01/1886,08/09/1989,111242,$111.24M,15
9330,First State Bank of Le Center,88 N Park Ave,Le Center,Minnesota,MN,56057,Le Sueur,www.fsblecenter.com,NM,01/01/1902,01/01/1934,111199,$111.20M,16
999,G. W. Jones Exchange Bank,115 W Main St,Marcellus,Michigan,MI,49067,Cass,www.gwjonesbank.com,SM,05/28/1877,01/01/1934,111166,$111.17M,30
10991,First State Bank of Bigfork,400 Main Avenue,Bigfork,Minnesota,MN,56628,Itasca,www.fsbbigfork.com,NM,08/12/1912,01/01/1934,111092,$111.09M,21
15606,The Hamilton Bank,111 N Davis St,Hamilton,Missouri,MO,64644,Caldwell,WWW.THEHAMILTONBANK.BANK,NM,06/11/1938,06/11/1938,111061,$111.06M,15
5405,First Bank and Trust of Fullerton,230 Broadway St,Fullerton,Nebraska,NE,68638,Nance,http://www.fbtfullerton.com,SM,10/01/1881,01/01/1934,110978,$110.98M,12
1945,Metz Banking Company,123 N Osage Blvd,Nevada,Missouri,MO,64772,Vernon,www.metzbank.bank,NM,09/14/1906,01/01/1934,110635,$110.64M,15
6110,The Peoples Bank,34910 Highway 104 S,Sardis,Tennessee,TN,38371,Hardin,www.thepeoplesbankoftn.com,NM,12/20/1920,01/01/1934,110606,$110.61M,29
8975,Community Bank,104 S Main St,Bristow,Oklahoma,OK,74010,Creek,http://www.cbbristow.com,NM,03/17/1924,01/01/1934,110493,$110.49M,29
4232,The State Bank of Wynnewood,117 S Dean A Mcgee Ave,Wynnewood,Oklahoma,OK,73098,Garvin,www.sbwok.com,NM,08/01/1910,01/01/1934,110396,$110.40M,16
9614,Local Bank,205 Mcfarland Cir N,Tuscaloosa,Alabama,AL,35406,Tuscaloosa,mylocal.bank,NM,08/01/1914,01/01/1934,110369,$110.37M,57
29617,"First Mutual Bank, FSB",605 Washington Blvd,Belpre,Ohio,OH,45714,Washington,www.firstmutual.bank,SB,01/01/1906,08/09/1989,110082,$110.08M,23
10174,Farmers State Bank of Underwood,110 Main St S,Underwood,Minnesota,MN,56586,Otter Tail,www.farmerstbank.com,NM,12/01/1915,01/01/1934,110054,$110.05M,19
9385,"Bank of Brookfield - Purdin, National Association",939 Park Circle Dr,Brookfield,Missouri,MO,64628,Linn,www.bankbp.com,N,12/14/1894,01/01/1934,109938,$109.94M,17
13736,Maynard Savings Bank,310 Main St W,Maynard,Iowa,IA,50655,Fayette,www.maynardsavingsbank.com,NM,01/01/1895,01/13/1934,109767,$109.77M,13
20162,Ascent Bank,1721 11th Ave,Helena,Montana,MT,59601,Lewis And Clark,www.ascentbank.com,NM,04/13/1970,04/13/1970,109741,$109.74M,13
4556,TPNB Bank,118 N Main St,Paris,Missouri,MO,65275,Monroe,www.tpnbbank.com,SM,10/01/1865,01/01/1934,109419,$109.42M,16
30220,Chester National Bank,1112 State St,Chester,Illinois,IL,62233,Randolph,www.chesternationalbank.com,N,01/01/1919,08/09/1989,109328,$109.33M,15
1730,Peoples Bank of Greensboro,1402 State St,Greensboro,Alabama,AL,36744,Hale,www.peoplesbankofgreensboro.com,NM,03/07/1904,01/01/1934,109309,$109.31M,14
6638,The Citizens National Bank of McConnelsville,100 E Main St,Mcconnelsville,Ohio,OH,43756,Morgan,www.cnbmoco.com,N,02/01/1900,01/01/1934,109208,$109.21M,28
15501,"The Lytle State Bank of Lytle, Texas",14631 S. Fm 2790 W.,Lytle,Texas,TX,78052,Atascosa,www.lytlestatebank.com,NM,09/14/1910,06/10/1937,109090,$109.09M,21
3837,The First National Bank of Sparta,101 W Broadway St,Sparta,Illinois,IL,62286,Randolph,www.fnbsparta.com,N,10/02/1885,01/01/1934,108830,$108.83M,18
34644,Key Community Bank,5684 Bishop Ave,Inver Grove Heights,Minnesota,MN,55076,Dakota,www.keycommunitybank.com,NM,05/20/1998,05/20/1998,108771,$108.77M,14
11682,Anna State Bank,100 E Vienna St,Anna,Illinois,IL,62906,Union,https://www.annastate.com,NM,09/18/1930,01/01/1934,108571,$108.57M,16
4054,The Farmers Bank,31 West Main Street,Carnegie,Oklahoma,OK,73015,Caddo,www.farmersbankok.com,NM,10/27/1905,01/01/1934,108431,$108.43M,14
19354,Hodge Bank & Trust Company,4619 Quitman Hwy,Hodge,Louisiana,LA,71247,Jackson,www.hodgebank.net,NM,01/26/1965,01/26/1965,108157,$108.16M,15
19595,The Commercial Bank,100 Moody St,Mason,Texas,TX,76856,Mason,http://www.tcbmason.com,NM,04/04/1966,05/26/1966,108150,$108.15M,10
12298,The Cowboy Bank of Texas,100 S Main St,Maypearl,Texas,TX,76064,Ellis,www.cowboybank.com,NM,01/01/1930,01/01/1934,108107,$108.11M,16
16247,Neighbors Bank,109 East St,Clarence,Missouri,MO,63437,Shelby,www.neighborsbank.com,NM,03/31/1945,04/07/1945,108076,$108.08M,275
10178,Produce State Bank,109 Park Ave W,Hollandale,Minnesota,MN,56045,Freeborn,www.producestatebank.com,NM,08/02/1926,01/01/1934,108033,$108.03M,21
10906,The Baldwin State Bank,721 High St,Baldwin City,Kansas,KS,66006,Douglas,https://www.baldwinstatebank.com,NM,08/29/1892,01/01/1934,107923,$107.92M,15
30434,"Morganton Savings Bank, S.S.B.",100 S King St,Morganton,North Carolina,NC,28655,Burke,www.morgantonsavings.com,SI,01/01/1903,08/09/1989,107577,$107.58M,10
10871,First State Bank of Beecher City,101 S Charles St,Beecher City,Illinois,IL,62414,Effingham,www.fsbbc.com,NM,01/01/1910,01/01/1934,107482,$107.48M,14
3184,"Lone Oak Bank, National Association",100 Ne Main St,Eldorado,Texas,TX,76936,Schleicher,www.loneoakbank.com,N,01/01/1907,01/01/1934,107421,$107.42M,19
15092,Richland County Bank,195 W Court St,Richland Center,Wisconsin,WI,53581,Richland,www.richlandcountybank.com,NM,01/01/1881,04/12/1935,107419,$107.42M,26
3399,First Capital Bank,120 W 3rd St,Quanah,Texas,TX,79252,Hardeman,www.fcbqt.com,SM,01/01/1907,01/01/1934,107156,$107.16M,23
4796,Bank of Commerce and Trust Company,201 W Harvey Ave,Wellington,Kansas,KS,67152,Sumner,https://www.bankofcommerce.ws,NM,10/06/1906,01/01/1934,107010,$107.01M,20
26708,Spectra Bank,2000 Handley Ederville Rd,Fort Worth,Texas,TX,76118,Tarrant,www.spectra.bank,NM,06/30/1986,06/30/1986,106988,$106.99M,21
11411,Rushford State Bank (Incorporated),219 S Mill St,Rushford,Minnesota,MN,55971,Fillmore,www.rushfordstatebank.com,NM,03/07/1867,01/01/1934,106670,$106.67M,15
34857,Community Bank of Oelwein,150 1st St Se,Oelwein,Iowa,IA,50662,Fayette,www.bankoelwein.com,NM,10/01/1998,10/01/1998,106656,$106.66M,10
8532,Bank of Erath,105 W Edward St,Erath,Louisiana,LA,70533,Vermilion,www.bankoferath.com,NM,01/01/1910,01/01/1934,106552,$106.55M,26
30889,The Peoples Savings and Loan Company,110 N Detroit St,West Liberty,Ohio,OH,43357,Logan,www.peoplessavingsonline.com,SL,01/01/1890,08/09/1989,106333,$106.33M,12
22855,Oklahoma Heritage Bank,515 S Hickory,Roff,Oklahoma,OK,74865,Pontotoc,www.okheritage.com,SM,05/07/1979,05/07/1979,106167,$106.17M,19
4111,First National Bank,400 E 1st St,Heavener,Oklahoma,OK,74937,Le Flore,www.okfnb.com,N,01/01/1910,01/01/1934,105724,$105.72M,31
2300,The Bank of Magnolia Company,122 N Main St,Magnolia,Ohio,OH,44643,Stark,www.bankofmagnolia.com,NM,04/19/1899,01/01/1934,105418,$105.42M,19
21379,First Naturalstate Bank,500 N 2nd St,Mcgehee,Arkansas,AR,71654,Desha,www.fnsbank.com,SM,01/02/1974,01/02/1974,105365,$105.36M,20
16448,Security State Bank,450 Main St,Alexandria,South Dakota,SD,57311,Hanson,https://www.bankwithsecurity.com,NM,07/01/1946,07/01/1946,105285,$105.28M,15
27567,The Glen Burnie Mutual Savings Bank,1 Crain Hwy S,Glen Burnie,Maryland,MD,21061,Anne Arundel,,SI,05/05/1896,08/08/1989,105114,$105.11M,5
11764,Sibley State Bank,803 4th Ave,Sibley,Iowa,IA,51249,Osceola,http://www.sibleystatebank.com,NM,01/01/1894,01/01/1934,105001,$105.00M,11
34441,State Bank,30 Shoshone Ave,Green River,Wyoming,WY,82935,Sweetwater,statebankwy.com,NM,08/18/1997,08/18/1997,104830,$104.83M,19
8564,The Bank of Grain Valley,500 S Main St,Grain Valley,Missouri,MO,64029,Jackson,bankofgrainvalley.com,NM,05/11/1905,01/01/1934,104617,$104.62M,15
9818,Platte Valley Bank,606 Main St,North Bend,Nebraska,NE,68649,Dodge,www.pvbonline.com,NM,06/27/1891,01/01/1934,104447,$104.45M,10
18378,Security State Bank of Wanamingo,232 Main St,Wanamingo,Minnesota,MN,55983,Goodhue,http://www.ssbwanamingo.com,NM,12/05/1917,04/27/1961,104357,$104.36M,12
30121,Investment Savings Bank,900 S 16th St,Altoona,Pennsylvania,PA,16602,Blair,www.investmentsb.bank,SI,01/01/1939,08/09/1989,104319,$104.32M,14
16222,The Sherwood State Bank,105 N Harrison St,Sherwood,Ohio,OH,43556,Defiance,www.sherwood.bank,NM,01/08/1945,01/08/1945,104270,$104.27M,27
17073,The Peoples Bank,6 Fleetwood Ave E,Willacoochee,Georgia,GA,31650,Atkinson,http://www.thepeoplesbank.com,NM,09/24/1948,01/15/1952,104251,$104.25M,25
4482,FNNB Bank,100 N 2nd Ave W,Newton,Iowa,IA,50208,Jasper,www.fnnbbank.com,SM,03/28/1932,01/01/1934,104135,$104.14M,15
21998,Covington County Bank,102 S Dogwood Ave,Collins,Mississippi,MS,39428,Covington,www.covcobank.com,NM,05/01/1975,05/01/1975,104068,$104.07M,20
14556,"The Exchange State Bank of St. Paul, Kansas",408 5th Street,Saint Paul,Kansas,KS,66771,Neosho,www.esbks.com,NM,09/26/1914,07/06/1934,103990,$103.99M,17
12135,The Lyndon State Bank,817 Topeka Ave,Lyndon,Kansas,KS,66451,Osage,http://www.lyndonstatebank.com,NM,08/01/1901,01/01/1934,103957,$103.96M,22
26588,Dedicated Community Bank,202 Cashua St,Darlington,South Carolina,SC,29532,Darlington,http://www.dcbsc.com,NM,03/10/1986,03/10/1986,103777,$103.78M,18
12512,Community First Bank,275 W Grand Ave,Rosholt,Wisconsin,WI,54473,Portage,www.cfbwi.bank,NM,01/01/1904,01/01/1934,103764,$103.76M,26
10821,Clay County State Bank,111 N Church St,Louisville,Illinois,IL,62858,Clay,www.claycobank.com,NM,09/13/1905,01/01/1934,103486,$103.49M,15
19589,Northern State Bank of Virginia,600 Chestnut St,Virginia,Minnesota,MN,55792,St. Louis,www.nsbov.com,NM,05/19/1966,05/19/1966,103109,$103.11M,16
8833,Currie State Bank,141 Mill St,Currie,Minnesota,MN,56123,Murray,www.curriestatebank.com,NM,02/01/1931,01/01/1934,103104,$103.10M,18
14293,Citizens Bank & Trust,101 N Main St,Rock Port,Missouri,MO,64482,Atchison,www.cbtmo.com,NM,03/28/1902,04/26/1934,102932,$102.93M,19
30388,Gunnison Savings and Loan Association,303 N Main St,Gunnison,Colorado,CO,81230,Gunnison,www.gunnisonsl.com,SL,01/01/1911,08/09/1989,102688,$102.69M,14
30688,Peoples First Savings Bank,225 Reading Rd,Mason,Ohio,OH,45040,Warren,www.peoplesfirstohio.com,NM,01/01/1909,08/09/1989,102605,$102.61M,14
57952,Bank of Bozeman,875 Harmon Stream Blvd,Bozeman,Montana,MT,59718,Gallatin,www.bankofbozeman.com,NM,04/15/2005,04/15/2005,102255,$102.25M,22
16908,Spiro State Bank,1008 W Broadway St,Spiro,Oklahoma,OK,74959,Le Flore,www.spirostatebank.com,NM,05/15/1950,05/15/1950,102061,$102.06M,24
12980,The Corn City State Bank,201 W Main St,Deshler,Ohio,OH,43516,Henry,www.corncitystatebank.com,SM,10/11/1911,01/01/1934,101966,$101.97M,9
28217,Warsaw Federal Savings and Loan Association,3533 Warsaw Ave,Cincinnati,Ohio,OH,45205,Hamilton,www.warsawfederal.bank,SB,01/01/1893,08/09/1989,101744,$101.74M,17
28288,"Auburn Savings Bank, FSB",256 Court St,Auburn,Maine,ME,04210,Androscoggin,www.auburnsavings.com,SB,01/01/1887,08/09/1989,101622,$101.62M,15
29677,Nashville Savings Bank,209 E Lebanon St,Nashville,Illinois,IL,62263,Washington,www.nashvillesavingsbk.com,SI,01/01/1893,08/09/1989,101589,$101.59M,6
24085,Citizens National Bank,1320 E Loop 304,Crockett,Texas,TX,75835,Houston,http://www.cnbcrockett.com,N,09/07/1982,09/07/1982,101498,$101.50M,15
15152,Black River Country Bank,221 Main St,Black River Falls,Wisconsin,WI,54615,Jackson,www.brcbank.com,NM,01/01/1907,01/01/1934,100958,$100.96M,19
31329,West Plains Savings and Loan Association,417 W Broadway St,West Plains,Missouri,MO,65775,Howell,www.westplainssavingsandloan.com,SL,01/01/1919,08/09/1989,100415,$100.42M,16
3688,The First National Bank of Lacon,111 S Broad St,Lacon,Illinois,IL,61540,Marshall,http://www.fnblacon.com,N,04/11/1864,01/01/1934,100365,$100.36M,13
10162,First State Bank Minnesota,102 W Main St,Le Roy,Minnesota,MN,55951,Mower,www.fsbminnesota.com,NM,06/01/1893,01/04/1934,100232,$100.23M,13
899,The Gerber State Bank,110 E Elm St,Argenta,Illinois,IL,62501,Macon,www.gerberstatebank.com,NM,10/01/1887,01/01/1934,100128,$100.13M,15
4752,The First Security Bank,312 Maple St,Overbrook,Kansas,KS,66524,Osage,www.firstsecurityks.com,NM,04/03/1897,01/01/1934,100127,$100.13M,26
23373,United Orient Bank,10 Chatham Sq,New York,New York,NY,10038,New York,,NM,04/09/1981,04/09/1981,99881,$99.88M,22
5830,Citizens State Bank and Trust Company,610 Oregon St,Hiawatha,Kansas,KS,66434,Brown,www.csbkansas.com,NM,01/01/1907,01/01/1934,99809,$99.81M,22
17922,Strasburg State Bank,720 Main St,Strasburg,North Dakota,ND,58573,Emmons,www.strasburgstatebank.com,NM,11/12/1958,11/12/1958,99646,$99.65M,7
30878,Bar Harbor Savings and Loan Association,103 Main St,Bar Harbor,Maine,ME,04609,Hancock,www.bhsla.com,SL,01/01/1902,08/09/1989,99616,$99.62M,8
10197,Hometown Community Bank,100 E Main St,Cyrus,Minnesota,MN,56323,Pope,www.hcbmn.com,NM,10/07/1901,01/01/1934,99599,$99.60M,14
17878,Bank of Louisiana,300 Saint Charles Ave,New Orleans,Louisiana,LA,70130,Orleans,www.bankoflouisiana.com,NM,07/01/1958,07/01/1958,99593,$99.59M,32
9672,Owingsville Banking Company,49 W Main St,Owingsville,Kentucky,KY,40360,Bath,www.bankobc.com; www.bankobc.net,NM,05/10/1893,01/01/1934,99526,$99.53M,25
13798,First National Bank in Fredonia,730 Madison St,Fredonia,Kansas,KS,66736,Wilson,www.fnbfredonia.com,N,09/16/1871,01/31/1934,99229,$99.23M,15
12457,The Citizens Bank of Edina,117 S Main St,Edina,Missouri,MO,63537,Knox,http://www.cbofe.com,NM,09/10/1914,01/01/1934,99123,$99.12M,15
12757,First State Bank,106 N Dalton St,Valliant,Oklahoma,OK,74764,Mccurtain,www.fsbvalliant.com,NM,01/01/1911,01/01/1934,98907,$98.91M,29
15214,The First Central National Bank of St. Paris,103 S Springfield St,St. Paris,Ohio,OH,43072,Champaign,www.firststparis.com,N,08/08/1880,01/01/1934,98795,$98.80M,23
1745,The Farmers & Merchants Bank,320 Main St,Waterloo,Alabama,AL,35677,Lauderdale,www.fmbal.com,NM,07/01/1914,01/01/1934,98756,$98.76M,8
59262,Integrity Bank for Business,2901 S Lynnhaven Rd,Virginia Beach,Virginia,VA,23452,Virginia Beach City,www.integritybankva.com,SM,05/03/2021,05/03/2021,98706,$98.71M,11
27385,Port Richmond Savings,2522 E Allegheny Ave,Philadelphia,Pennsylvania,PA,19134,Philadelphia,www.prsbank.com,SI,01/01/1919,11/21/1988,98702,$98.70M,8
5792,Breda Savings Bank,105 Main St,Breda,Iowa,IA,51436,Carroll,http://www.bredasavingsbank.com,NM,01/01/1890,01/01/1934,98536,$98.54M,8
14907,The International Bank of Amherst,103 S Main St,Amherst,Wisconsin,WI,54406,Portage,www.ibamherst.com,NM,04/01/1893,06/30/1934,98272,$98.27M,12
23242,California Pacific Bank,24301 Southland Dr,Hayward,California,CA,94545,Alameda,www.calpacificbank.com,NM,10/16/1980,10/16/1980,98226,$98.23M,10
5699,Bank of Wrightsville,156 N Bradford St,Wrightsville,Georgia,GA,31096,Johnson,WWW.BANKOFWRIGHTSVILLE.COM,NM,01/01/1897,01/01/1934,98112,$98.11M,10
16167,Bank419,120 E Main St,Metamora,Ohio,OH,43540,Fulton,www.metamorabank.com,SM,05/25/1944,07/01/1944,98099,$98.10M,24
8519,White State Bank,209 Ives Street,South English,Iowa,IA,52335,Keokuk,www.whitestatebank.com,NM,01/01/1908,01/01/1934,98056,$98.06M,11
12388,Williamsville State Bank & Trust,512 W Main St,Williamsville,Illinois,IL,62693,Sangamon,www.wsbt.net,NM,01/01/1890,01/01/1934,97878,$97.88M,23
57640,Bank of Walker County,607 Highway 78 E,Jasper,Alabama,AL,35501,Walker,www.bankofwalkercounty.bank,NM,03/29/2004,03/29/2004,97800,$97.80M,23
12549,Bank of Calhoun County,204 W Main St,Hardin,Illinois,IL,62047,Calhoun,http://www.bankofcalhouncounty.com,NM,01/01/1898,01/01/1934,97799,$97.80M,14
29238,Woodruff Federal Savings and Loan Association,247 N Main St,Woodruff,South Carolina,SC,29388,Spartanburg,www.woodrufffederal.com,SB,12/14/1934,08/09/1989,97664,$97.66M,10
21219,"Bank of the Mountains, Inc.",204 Court St,West Liberty,Kentucky,KY,41472,Morgan,http://www.bankofthemountains.com,NM,09/15/1973,09/15/1973,97635,$97.64M,24
35558,Century Bank of Florida,716 W Fletcher Ave,Tampa,Florida,FL,33612,Hillsborough,www.centurybk.com,SM,09/11/2000,09/11/2000,97385,$97.39M,17
29471,Armstrong County Building and Loan Association,935 5th Ave,Ford City,Pennsylvania,PA,16226,Armstrong,www.acbla.com,SI,01/01/1925,08/09/1989,97236,$97.24M,6
59203,Scottsdale Community Bank,8767 E Via De Ventura,Scottsdale,Arizona,AZ,85258,Maricopa,www.scottsdalecommunitybank.com,NM,01/10/2022,01/10/2022,97200,$97.20M,13
3078,The First National Bank of Anson,1021 12th St,Anson,Texas,TX,79501,Jones,https://www.fnbanson.com,N,01/01/1902,01/01/1934,96879,$96.88M,15
23126,Huron State Bank,200 E Erie St,Rogers City,Michigan,MI,49779,Presque Isle,http://www.huronstatebank.com,SM,05/12/1980,05/12/1980,96853,$96.85M,13
4794,First National Bank of Kansas,600 N 4th St,Burlington,Kansas,KS,66839,Coffey,www.fnbofks.bank,N,01/14/1902,01/01/1934,96666,$96.67M,13
9777,Citizens Bank & Trust Co.,239 E Main St,Marks,Mississippi,MS,38646,Quitman,www.cbt-co.com,NM,08/17/1917,01/01/1934,96646,$96.65M,31
19087,Bank of Lindsay,102 Pine St,Lindsay,Nebraska,NE,68644,Platte,https://www.bankoflindsay.com,NM,04/15/1953,04/06/1964,96596,$96.60M,17
1427,United Security Bank,2050 N Bluff St,Fulton,Missouri,MO,65251,Callaway,WWW.UNITEDSECURITYBANKOFMO.COM,NM,01/25/1930,01/01/1934,96388,$96.39M,13
35442,"Citizens Bank of Cumberland County, Inc.",209 Keen St,Burkesville,Kentucky,KY,42717,Cumberland,www.cbcconline.com,NM,07/01/2000,07/01/2000,96142,$96.14M,22
8383,First State Bank of Harvey,700 Lincoln Ave,Harvey,North Dakota,ND,58341,Wells,www.firstharvey.com,NM,06/05/1913,01/01/1934,96004,$96.00M,14
15101,Senath State Bank,117 E Commercial St,Senath,Missouri,MO,63876,Dunklin,www.senathstatebank.com,NM,01/01/1935,04/24/1935,95767,$95.77M,15
5175,Global Innovations Bank,101 N Main St,Kiester,Minnesota,MN,56051,Faribault,www.gibank.com,NM,01/01/1889,01/01/1934,95624,$95.62M,24
70,Peoples Exchange Bank,2013 S Highway 21 Byp,Monroeville,Alabama,AL,36460,Monroe,www.peb.bank,NM,08/23/1907,01/01/1934,95594,$95.59M,24
28805,Sunnyside Federal Savings and Loan Association of Irvington,56 Main St,Irvington,New York,NY,10533,Westchester,www.sunnysidefederal.com,SB,01/01/1929,08/09/1989,95449,$95.45M,12
57468,Community Bank Owatonna,640 W Bridge St,Owatonna,Minnesota,MN,55060,Steele,WWW.CBOWATONNA.COM,NM,01/13/2003,01/13/2003,95435,$95.44M,11
26653,Bandera Bank,207 Main Street,Bandera,Texas,TX,78003,Bandera,www.banderabank.com,NM,04/24/1986,04/24/1986,95193,$95.19M,16
20026,Eastern National Bank,9700 S Dixie Hwy,Miami,Florida,FL,33156,Miami-Dade,www.enbfl.com,N,09/03/1969,09/03/1969,95177,$95.18M,52
428,American Exchange Bank,510 W Main St,Henryetta,Oklahoma,OK,74437,Okmulgee,americanexchange.bank,NM,01/01/1933,01/01/1934,95046,$95.05M,27
1865,The Kansas State Bank Overbrook Kansas,400 Maple St,Overbrook,Kansas,KS,66524,Osage,www.theksb.com,NM,01/01/1889,01/01/1934,94943,$94.94M,13
5221,The First National Bank of Osakis,211 Central Avenue,Osakis,Minnesota,MN,56360,Douglas,www.fnbosakis.com,N,06/08/1903,01/01/1934,94842,$94.84M,10
2328,"American Exchange Bank, Lindsay, Oklahoma",402 S Main St,Lindsay,Oklahoma,OK,73052,Garvin,,NM,01/01/1924,01/01/1934,94602,$94.60M,15
28302,Mutual Federal Bank,2212 W Cermak Rd,Chicago,Illinois,IL,60608,Cook,www.mutualfederalbank.com,SB,01/01/1905,08/09/1989,94561,$94.56M,13
9179,Union Bank & Trust Company,201 E Main St,Livingston,Tennessee,TN,38570,Overton,www.ubtconline.com,NM,01/01/1932,01/01/1934,94503,$94.50M,16
15621,First Farmers & Merchants State Bank of Grand Meadow,105 Main St N,Grand Meadow,Minnesota,MN,55936,Mower,www.ffmbank.com,NM,04/09/1938,10/04/1938,94477,$94.48M,13
8403,The Ottoville Bank Company,161 W 3rd St,Ottoville,Ohio,OH,45876,Putnam,www.ottovillebank.com,SM,01/01/1904,01/01/1934,94475,$94.47M,9
29710,First Federal Savings Bank of Washington,439 S State Road 57,Washington,Indiana,IN,47501,Daviess,WWW.FIRSTFEDERALWASHINGTON.COM,SI,01/01/1895,08/09/1989,94445,$94.44M,13
12899,Mayville State Bank,37 E Ohmer Rd,Mayville,Michigan,MI,48744,Tuscola,www.mayvillestatebank.com,NM,04/15/1885,01/01/1934,94146,$94.15M,23
5438,First Bank and Trust Company,315 E 4th St,Minden,Nebraska,NE,68959,Kearney,www.firstofminden.com,SM,09/04/1883,01/01/1934,93921,$93.92M,13
59292,Adelphi Bank,800 E Long St,Columbus,Ohio,OH,43203,Franklin,https://www.adelphibank.com,NM,01/18/2023,01/18/2023,93837,$93.84M,24
18164,Garfield County Bank,444 Main St,Jordan,Montana,MT,59337,Garfield,www.garfieldcountybank.com,NM,03/14/1960,03/14/1960,93699,$93.70M,13
13551,The State Exchange Bank,1280 Main St,Lamont,Oklahoma,OK,74643,Grant,www.stateexchangebank.com,NM,10/01/1901,01/01/1934,93596,$93.60M,14
16959,Bank of Billings,104 Ne Elm St,Billings,Missouri,MO,65610,Christian,www.thebankofbillings.com,NM,03/14/1889,12/01/1950,93571,$93.57M,25
28369,"Rockland Savings Bank, FSB",582 Main St,Rockland,Maine,ME,04841,Knox,www.rocklandsavingsbank.com,SB,01/01/1888,08/09/1989,93564,$93.56M,15
29268,Eureka Homestead,1922 Veterans Memorial Blvd,Metairie,Louisiana,LA,70005,Jefferson,www.eurekahomestead.com,SB,01/01/1884,08/09/1989,93559,$93.56M,10
18342,Boston Trust Walden Company,1 Beacon St,Boston,Massachusetts,MA,02108,Suffolk,www.bostontrustwalden.com,NM,12/14/1960,12/14/1960,93320,$93.32M,95
14178,Silex Banking Company,20 S 2nd St,Silex,Missouri,MO,63377,Lincoln,http://www.silexbank.com,NM,03/24/1934,03/30/1934,93255,$93.25M,11
30339,Beauregard Federal Savings Bank,122 Jefferson Ave,Deridder,Louisiana,LA,70634,Beauregard,www.beauregardfederal.com,SB,06/23/1948,08/09/1989,93253,$93.25M,18
34455,First National Bank,118 N Garfield Ave,Rotan,Texas,TX,79546,Fisher,www.fnbrotan.com,N,04/01/1997,04/01/1997,93187,$93.19M,14
15751,Flat Branch Bank,803 Wollard Blvd,Richmond,Missouri,MO,64085,Ray,www.flatbranchbank.com,NM,07/01/1940,07/01/1940,93148,$93.15M,20
1600,First Farmers & Merchants State Bank,106 W Main St,Brownsdale,Minnesota,MN,55918,Mower,www.ffmbank.com,NM,02/08/1908,01/01/1934,93061,$93.06M,12
6592,The First National Bank of Germantown,17 N Main St,Germantown,Ohio,OH,45327,Montgomery,www.fnbgermantown.com,N,09/19/1863,01/01/1934,93019,$93.02M,15
5559,The First National Bank of Trinity,145 S Robb St,Trinity,Texas,TX,75862,Trinity,www.fnbtrinity.com,N,09/11/1911,01/01/1934,92979,$92.98M,24
8197,Portage Bank,880 108th Avenue Ne,Bellevue,Washington,WA,98004,King,www.portage.bank,NM,04/01/1901,01/01/1934,92898,$92.90M,35
23099,The Bank of Protection,302 N Broadway,Protection,Kansas,KS,67127,Comanche,www.bankofprotection.com,NM,04/02/1980,04/02/1980,92775,$92.78M,15
28983,Ladysmith Federal Savings and Loan Association,119 W 4th St N,Ladysmith,Wisconsin,WI,54848,Rusk,www.ladysmithfederal.com,SB,06/01/1934,08/09/1989,92636,$92.64M,12
28314,"Riverside Savings Bank, SSB",325 Becker Dr,Roanoke Rapids,North Carolina,NC,27870,Halifax,www.riversidesavings.com,SI,01/01/1914,08/09/1989,92606,$92.61M,13
5141,The Miners National Bank of Eveleth,401 Grant Ave,Eveleth,Minnesota,MN,55734,St. Louis,http://www.mnbeveleth.com,N,10/10/1903,01/01/1934,92561,$92.56M,14
15078,Junction National Bank,701 Main St,Junction,Texas,TX,76849,Kimble,www.junctionnational.com,N,04/01/1935,04/01/1935,92360,$92.36M,11
29231,County Savings Bank,10 Powhattan Ave,Essington,Pennsylvania,PA,19029,Delaware,www.countysavingsbank.com,SB,01/01/1920,08/09/1989,92334,$92.33M,18
3248,The First National Bank of Hebbronville,305 N Smith Ave,Hebbronville,Texas,TX,78361,Jim Hogg,www.fnbhebb.com,N,01/01/1913,01/01/1934,92145,$92.14M,17
4094,Bank of Eufaula,102 N Main St,Eufaula,Oklahoma,OK,74432,Mcintosh,WWW.BANKOFEUFAULA.COM,SM,03/07/1911,01/01/1934,91766,$91.77M,24
23989,Miners Exchange Bank,483 Front St W,Coeburn,Virginia,VA,24230,Wise,www.mymeb.com,SM,07/08/1982,07/08/1982,91674,$91.67M,43
4123,The First National Bank of Hooker,119 N Broadway,Hooker,Oklahoma,OK,73945,Texas,www.hookerbank.com,N,06/23/1914,01/01/1934,91491,$91.49M,19
5422,The First National Bank of Johnson,125 Main St,Johnson,Nebraska,NE,68378,Nemaha,www.fnbjohnson.com,N,05/06/1906,01/01/1934,91438,$91.44M,10
10960,Janesville State Bank,201 N Main St,Janesville,Minnesota,MN,56048,Waseca,http://www.janesvillestatebank.com,NM,01/01/1898,01/01/1934,91405,$91.41M,10
29186,Lawrenceburg Federal Bank,118 W Gaines St,Lawrenceburg,Tennessee,TN,38464,Lawrence,lawrenceburgfederal.com,SI,10/01/1934,08/09/1989,91102,$91.10M,14
12722,Sicily Island State Bank,301 Newman St,Sicily Island,Louisiana,LA,71368,Catahoula,www.sibank.net,NM,02/01/1918,01/01/1934,90929,$90.93M,15
28790,Superior Savings Bank,1130 Tower Ave,Superior,Wisconsin,WI,54880,Douglas,www.ss-bank.com,SI,01/01/1924,08/09/1989,90876,$90.88M,15
9986,Farmers & Merchants Bank of Craig County,189 Main St,New Castle,Virginia,VA,24127,Craig,www.fmbankcraig.com,SM,05/02/1917,01/01/1934,90660,$90.66M,15
15904,The Four County Bank,959 Main St,Allentown,Georgia,GA,31017,Wilkinson,THEFOURCOUNTYBANK.COM,NM,09/15/1941,07/13/1942,90633,$90.63M,13
11352,Sanborn Savings Bank,219 Main St,Sanborn,Iowa,IA,51248,O'Brien,www.sanbornbank.com,NM,02/01/1899,01/01/1934,90391,$90.39M,10
6280,The First National Bank of Orwell,441 Main St,Orwell,Vermont,VT,05760,Addison,www.fnborwell.com,N,01/01/1863,01/01/1934,90180,$90.18M,14
6680,Home National Bank,502 Elm St,Racine,Ohio,OH,45771,Meigs,www.homenatlbank.com,N,04/10/1910,01/01/1934,89584,$89.58M,23
15784,"The Stock Exchange Bank, Caldwell, Kansas",103 S Main St,Caldwell,Kansas,KS,67022,Sumner,www.stockxbank.com,SM,11/12/1881,12/27/1940,89528,$89.53M,14
57974,"California International Bank, N.A.",15606 Brookhurst St,Westminster,California,CA,92683,Orange,www.cali.bank,N,11/30/2005,11/30/2005,89481,$89.48M,17
32018,"Angelina Savings Bank, SSB",1721 Tulane Dr,Lufkin,Texas,TX,75901,Angelina,www.angelinabank.com,SI,01/01/1978,08/09/1989,89420,$89.42M,19
15237,Johnson State Bank,106 N Main St,Johnson,Kansas,KS,67855,Stanton,www.johnsonstatebank.com,NM,11/14/1914,07/19/1935,89195,$89.19M,17
13715,The State Bank,1902 Hill Ave,Spirit Lake,Iowa,IA,51360,Dickinson,www.statebankspiritlake.com,NM,10/05/1928,01/20/1934,89151,$89.15M,11
9658,"The Citizens State Bank of Cheney, Kansas",306 N Main St,Cheney,Kansas,KS,67025,Sedgwick,www.csbcheneyks.com,NM,01/01/1884,01/01/1934,89087,$89.09M,14
9328,Peoples Bank,6689 Highway 34,Chatham,Louisiana,LA,71226,Jackson,www.thepeoplesbankla.com,NM,01/01/1908,01/01/1934,89031,$89.03M,10
11715,Bank of Yates City,107 E Main St,Yates City,Illinois,IL,61572,Knox,http://www.bankofyatescity.com,NM,01/01/1871,01/01/1934,88875,$88.88M,15
57141,Community Bank of Missouri,904 Walton Way,Richmond,Missouri,MO,64085,Ray,https://www.communitybankmissouri.com,NM,05/07/2001,05/07/2001,88790,$88.79M,21
5686,The Bank of Edison,476 Turner St,Edison,Georgia,GA,39846,Calhoun,www.bankofedison.com,NM,10/01/1904,01/01/1934,88361,$88.36M,18
24064,Atascosa Bank,1525 W Oaklawn Rd,Pleasanton,Texas,TX,78064,Atascosa,www.atascosabank.com,NM,09/07/1982,09/07/1982,88300,$88.30M,11
23270,Siouxland Bank,1001 W 29th St,South Sioux City,Nebraska,NE,68776,Dakota,WWW.SIOUXLANDBANK.COM,SM,12/01/1980,12/01/1980,88230,$88.23M,7
15578,Integrity Bank Plus,726 Main St,Wabasso,Minnesota,MN,56293,Redwood,www.integritybank.com,NM,10/01/1934,01/27/1938,87998,$88.00M,14
5730,State Bank of St. Jacob,102 W 4th St,Saint Jacob,Illinois,IL,62281,Madison,http://www.statebankofstjacob.com,NM,11/03/1903,01/01/1934,87822,$87.82M,11
18508,First Security State Bank,3600 Lafayette Rd,Evansdale,Iowa,IA,50707,Black Hawk,www.fssbonline.com,NM,04/23/1962,04/23/1962,87820,$87.82M,17
8535,First Community Bank,500 Central Ave,Lester Prairie,Minnesota,MN,55354,Mcleod,www.fcblpsl.com,NM,09/15/1913,01/01/1934,87474,$87.47M,13
1906,Triumph State Bank,519 Main St E,Trimont,Minnesota,MN,56176,Martin,http://www.triumphbanks.com,NM,10/01/1901,01/01/1934,86816,$86.82M,18
9070,First Bank of Pike,120 Spring Rd,Molena,Georgia,GA,30258,Pike,www.firstbankofpike.com,NM,01/01/1899,01/01/1934,86366,$86.37M,25
57884,Paramount Bank,90 Village Square Shop Ctr,Hazelwood,Missouri,MO,63042,St. Louis,www.paramountbank.com,NM,12/30/2004,12/30/2004,86274,$86.27M,42
13450,Integrity Bank,401 N Main St,Fowler,Kansas,KS,67844,Meade,www.integrityks.bank,NM,04/13/1906,01/01/1934,86128,$86.13M,16
3336,Menard  Bank,201 Ellis St,Menard,Texas,TX,76859,Menard,www.menardbank.com,SM,01/01/1919,01/01/1934,86106,$86.11M,9
3827,The Old Exchange National Bank of Okawville,110 E Walnut St,Okawville,Illinois,IL,62271,Washington,http://www.oenbokawville.com,N,01/01/1910,01/01/1934,85957,$85.96M,11
20479,First Security Bank of Roundup,401 Main St,Roundup,Montana,MT,59072,Musselshell,www.1stsecurityroundup.com,NM,09/03/1971,09/03/1971,85951,$85.95M,11
26567,North Cambridge Co-operative Bank,2360 Massachusetts Ave,Cambridge,Massachusetts,MA,02140,Middlesex,WWW.ASKNCCB.COM,SI,01/01/1912,02/05/1986,85869,$85.87M,9
3133,The First Bank of Celeste,301 N Us Highway 69,Celeste,Texas,TX,75423,Hunt,www.fbceleste.com,NM,01/01/1900,01/01/1934,85857,$85.86M,13
35394,"MassMutual Private Wealth & Trust, FSB",200 Great Pond Dr,Windsor,Connecticut,CT,06095,Capitol,www.massmutualtrust.com,SB,01/12/2000,01/12/2000,85841,$85.84M,43
10202,Lowry State Bank,400 Florence Ave,Lowry,Minnesota,MN,56349,Pope,www.lowrystate.bank,NM,10/04/1899,01/01/1934,85765,$85.77M,8
59326,Nova Bank,532 Madison St Se,Huntsville,Alabama,AL,35801,Madison,,NM,01/26/2024,01/26/2024,85621,$85.62M,24
25054,Summit National Bank,133 Main St,Hulett,Wyoming,WY,82720,Crook,http://www.summitnb.com,N,02/28/1984,02/28/1984,85593,$85.59M,26
15254,The Citizens State Bank and Trust Company,314 Main St,Council Grove,Kansas,KS,66846,Morris,extramilebank.com,NM,01/01/1921,08/15/1935,85489,$85.49M,27
6787,The First National Bank of Peterstown,380 Market Street,Peterstown,West Virginia,WV,24963,Monroe,www.fnbp.com,N,01/27/1910,01/01/1934,85424,$85.42M,13
28637,Milton Savings Bank,80 Broadway St,Milton,Pennsylvania,PA,17847,Northumberland,www.miltonsavingsbank.com,SB,01/01/1920,08/09/1989,85132,$85.13M,14
11324,Farmers and Merchants State Bank of Bushnell,484 E Main St,Bushnell,Illinois,IL,61422,Mcdonough,www.bushnellbank.com,NM,01/01/1914,01/01/1934,85076,$85.08M,17
14026,Scribner Bank,400 Main St,Scribner,Nebraska,NE,68057,Dodge,www.scribnerbank.com,NM,08/17/1917,03/09/1934,85018,$85.02M,13
16916,F & M Bank and Trust Company,142 W Main St,Manchester,Georgia,GA,31816,Meriwether,www.fmbankandtrust.com,NM,02/02/1948,06/15/1950,84869,$84.87M,21
18136,First National Bank of Wauchula,406 N 6th Ave,Wauchula,Florida,FL,33873,Hardee,www.fnbwauchula.com,N,01/12/1960,01/12/1960,84647,$84.65M,24
8191,The First State Bank of Red Wing,3209 S Service Dr,Red Wing,Minnesota,MN,55066,Goodhue,http://www.firststatebankredwing.com,NM,10/14/1915,01/01/1934,84527,$84.53M,13
16198,Mason City National Bank,104 W Pine St,Mason City,Illinois,IL,62664,Mason,onlinebanking.masoncitynationalbank.com,N,10/09/1944,10/09/1944,84393,$84.39M,12
11133,Farmers State Bank of Canton,220 E 5th St,Canton,South Dakota,SD,57013,Lincoln,www.cantonfarmersstatebank.com,NM,10/01/1901,01/01/1934,84230,$84.23M,10
4476,Logan State Bank,323 E 7th St,Logan,Iowa,IA,51546,Harrison,https://www.loganstatebank.com,SM,12/01/1888,01/01/1934,84173,$84.17M,12
16413,Bank of Stronghurst,108 E Main St,Stronghurst,Illinois,IL,61480,Henderson,www.bankofstronghurst.com,NM,04/27/1946,04/27/1946,84158,$84.16M,14
31197,First Federal Savings and Loan Association,479 Main St,Hazard,Kentucky,KY,41701,Perry,www.firstfederalhazard.com,SB,07/26/1960,08/09/1989,84133,$84.13M,10
10503,The First State Bank,206 N Pennsylvania Ave,Ness City,Kansas,KS,67560,Ness,http://www.fsbnesscity.com,SM,01/01/1916,01/01/1934,84124,$84.12M,11
9332,Bank of Maple Plain,4980 Highway 12,Maple Plain,Minnesota,MN,55359,Hennepin,www.bankofmapleplain.com,NM,05/29/1905,01/01/1934,84039,$84.04M,12
2157,First State Bank of Randolph County,81 Court St,Cuthbert,Georgia,GA,39840,Randolph,,NM,10/03/1900,01/01/1934,83992,$83.99M,17
24902,First National Bank of South Padre Island,709 Park Road 100,South Padre Island,Texas,TX,78597,Cameron,http://www.fnbspi.com,N,12/20/1983,12/20/1983,83926,$83.93M,13
15547,Bank of Lake Village,101 Main St,Lake Village,Arkansas,AR,71653,Chicot,www.bankoflakevillage.com,SM,01/01/1934,01/01/1934,83912,$83.91M,16
10741,Independence State Bank,23942 Senty Dr,Independence,Wisconsin,WI,54747,Trempealeau,www.independencestatebank.com,NM,01/01/1897,01/01/1934,83891,$83.89M,16
11475,Thayer County Bank,402 Lincoln Ave,Hebron,Nebraska,NE,68370,Thayer,http://www.thayercountybank.com,NM,07/01/1874,01/01/1934,83878,$83.88M,11
9273,Villa Grove State Bank,10 N Main St,Villa Grove,Illinois,IL,61956,Douglas,www.villagrovestatebank.com,NM,10/19/1919,12/16/1933,83672,$83.67M,17
13251,Chambers State Bank,104 E Main St,Chambers,Nebraska,NE,68725,Holt,"www,chambersbank.com",NM,11/01/1901,01/01/1934,83369,$83.37M,9
12417,Tri-Valley Bank,104 S Main St,Randolph,Iowa,IA,51649,Fremont,www.tri-valleycenters.com,NM,01/01/1917,01/01/1934,83351,$83.35M,20
18454,Zapata National Bank,703 Hidalgo Blvd,Zapata,Texas,TX,78076,Zapata,zapatanationalbank.com,N,11/16/1961,11/16/1961,83348,$83.35M,19
15817,Genesis Bank,202 Main St,Benoit,Mississippi,MS,38725,Bolivar,,NM,01/01/1904,05/06/1941,83336,$83.34M,18
4792,FNB Washington,101 C St,Washington,Kansas,KS,66968,Washington,www.fnbwashington.com,SM,01/01/1883,01/01/1934,83205,$83.20M,11
4654,The First National Bank of Dighton,105 E Long St,Dighton,Kansas,KS,67839,Lane,http://www.fnbdighton.com,N,05/02/1888,01/01/1934,83005,$83.00M,10
15362,Belt Valley Bank,111 Castner St,Belt,Montana,MT,59412,Cascade,www.beltvalleybank.com,SM,03/14/1936,03/14/1936,82921,$82.92M,13
21752,First State Bank,321 W Main St,Watonga,Oklahoma,OK,73772,Blaine,www.fsbwatonga.com,NM,09/05/1974,09/05/1974,82901,$82.90M,15
3818,The First Bank and Trust Company of Murphysboro,1403 Walnut St,Murphysboro,Illinois,IL,62966,Jackson,www.fb-t.com,NM,01/01/1889,01/01/1934,82699,$82.70M,20
5150,The First National Bank of Gilbert,2 N Broadway Ave,Gilbert,Minnesota,MN,55741,St. Louis,http://www.gilbertbank.com,N,10/26/1908,01/01/1934,82531,$82.53M,15
17621,Basile State Bank,3031 Stagg Ave,Basile,Louisiana,LA,70515,Acadia,www.basilebank.com,NM,07/02/1956,07/02/1956,82375,$82.38M,22
22263,American State Bank of Grygla,102 S Main Ave,Grygla,Minnesota,MN,56727,Marshall,http://www.asbgrygla.com,SM,04/30/1976,04/30/1976,81979,$81.98M,14
15792,Peoples Bank of Moniteau County,105 W Row St,Jamestown,Missouri,MO,65046,Moniteau,www.pbomc.com,NM,01/13/1941,01/13/1941,81784,$81.78M,13
1098,Root River State Bank,18 3rd St Se,Chatfield,Minnesota,MN,55923,Fillmore,www.rootriverstatebank.com,SM,11/25/1856,01/01/1934,81779,$81.78M,10
11261,McClave State Bank,101 E 1st St,Mcclave,Colorado,CO,81057,Bent,http://www.mcclavebank.com,NM,03/09/1920,01/01/1934,81763,$81.76M,12
20657,First Security Bank of Deer Lodge,311 Milwaukee Ave,Deer Lodge,Montana,MT,59722,Powell,www.1stsecuritydl.com,NM,04/10/1972,04/10/1972,81727,$81.73M,12
12444,State Bank of Cold Spring,401 Main St,Cold Spring,Minnesota,MN,56320,Stearns,www.statebankcoldspring.com,NM,01/01/1908,01/01/1934,81354,$81.35M,12
5107,First Security Bank - Canby,102 Saint Olaf Ave N,Canby,Minnesota,MN,56220,Yellow Medicine,www.firstsecuritybanks.com,NM,06/10/1890,01/01/1934,81282,$81.28M,10
6530,The First National Bank of Blanchester,121 E Main St,Blanchester,Ohio,OH,45107,Clinton,www.fnbblanchester.com,N,03/08/1907,01/01/1934,81274,$81.27M,16
18071,The Watkins Savings Bank,202 1st St,Watkins,Iowa,IA,52354,Benton,http://watkinsbank.com,NM,01/01/1892,09/01/1959,81270,$81.27M,7
27201,Community State Bank,525 N Main St,Hennessey,Oklahoma,OK,73742,Kingfisher,www.mycsb.com,NM,03/24/1988,03/24/1988,81263,$81.26M,18
18145,State Bank of Eagle Butte,305 S Main St,Eagle Butte,South Dakota,SD,57625,Dewey,www.statebankofeaglebutte.com,NM,02/01/1960,02/01/1960,81104,$81.10M,20
22448,First State Bank,1111 S Muskogee Ave,Tahlequah,Oklahoma,OK,74464,Cherokee,http://www.fsbtahlequah.com,NM,04/13/1977,04/13/1977,81080,$81.08M,20
8108,New Century Bank,1211 28th St,Belleville,Kansas,KS,66935,Republic,www.newcenturybankna.com,SM,05/05/1905,01/01/1934,81006,$81.01M,20
8268,"Farmers Bank of Lohman, Missouri",103 Lomo Dr,Jefferson City,Missouri,MO,65109,Cole,www.farmersbankoflohman.com,NM,02/23/1909,01/01/1934,80962,$80.96M,9
16154,Bank of Elgin,101 N 2nd St,Elgin,Nebraska,NE,68636,Antelope,www.bankofelgin.com,SM,08/27/1935,05/11/1944,80759,$80.76M,9
59352,Four States Bank,213 Lyon St,Carthage,Missouri,MO,64836,Jasper,www.4sb.com,NM,08/26/2024,08/26/2024,80713,$80.71M,22
10057,Bank of Hancock County,12855 Broad St,Sparta,Georgia,GA,31087,Hancock,www.bankofhancock.com,NM,09/01/1904,01/01/1934,80515,$80.52M,19
14574,Odin State Bank,101 E Main St,Odin,Minnesota,MN,56160,Watonwan,www.odinstatebank.com,NM,06/09/1904,03/28/1934,80478,$80.48M,11
28063,The Covington Savings and Loan Association,117 N High St,Covington,Ohio,OH,45318,Miami,www.covingtonsavingsandloan.com,SB,01/01/1886,08/09/1989,80474,$80.47M,19
16667,Washington State Bank,1110 Peoria St,Washington,Illinois,IL,61571,Tazewell,www.washingtonstatebank.com,NM,01/17/1948,01/17/1948,80453,$80.45M,9
21085,Bank of Ontario,315 Main St,Ontario,Wisconsin,WI,54651,Vernon,www.myvernoncountybank.com,NM,09/23/1911,05/15/1973,80293,$80.29M,16
9727,Concorde Bank,16 Sw Main Street,Blomkest,Minnesota,MN,56216,Kandiyohi,http://www.concordebanks.com,NM,01/01/1910,01/01/1934,80147,$80.15M,13
59305,Community Unity Bank,34040 Woodward Ave,Birmingham,Michigan,MI,48009,Oakland,www.communityunity.bank,NM,06/26/2023,06/26/2023,80105,$80.11M,17
5518,The City National Bank of San Saba,209 E Brown St,San Saba,Texas,TX,76877,San Saba,www.cnbss.com,N,01/01/1883,01/01/1934,80031,$80.03M,10
4690,The First National Bank of Hope,112 N Main St,Hope,Kansas,KS,67451,Dickinson,https://www.fnbks.com,N,01/01/1923,01/01/1934,79948,$79.95M,17
15105,Zavala County Bank,2300 N Us Highway 83,Crystal City,Texas,TX,78839,Zavala,www:zcbank.com,NM,01/01/1907,04/24/1935,79927,$79.93M,16
32908,Tustin Community Bank,"13891 Newport Avenue, Suites 100 & 130",Tustin,California,CA,92780,Orange,www.tustin.bank,NM,04/23/1981,02/16/1990,79797,$79.80M,21
32968,Bank47,415a Church St Nw,Huntsville,Alabama,AL,35801,Madison,www.bank-47.com,NM,05/18/1990,05/18/1990,79710,$79.71M,29
4051,AllNations Bank,114 East Main Street,Calumet,Oklahoma,OK,73014,Canadian,www.anbok.bank,SM,01/01/1901,01/01/1934,79600,$79.60M,10
4076,Southwest Bank of Weatherford,720 E Main St,Weatherford,Oklahoma,OK,73096,Custer,www.swnbank.com,SM,06/04/1907,01/01/1934,79369,$79.37M,13
4477,The First National Bank of Manning,401 Main St,Manning,Iowa,IA,51455,Carroll,http://www.fnbmanning.com,N,01/01/1886,01/01/1934,79350,$79.35M,9
59273,Gainey Business Bank,8501 N Scottsdale Rd,Scottsdale,Arizona,AZ,85253,Maricopa,gaineybusinessbank.com,NM,06/08/2022,06/08/2022,79248,$79.25M,15
1986,Commercial State Bank,20 Circle Dr,Republican City,Nebraska,NE,68971,Harlan,,NM,01/01/1903,01/01/1934,79186,$79.19M,4
13054,"Park Bank, National Association",1200 S Main St,Holmen,Wisconsin,WI,54636,La Crosse,www.parkbank.bank,N,01/01/1909,01/01/1934,79070,$79.07M,15
5619,COMMUNITY STATE BANK,208 W 4th St,Bradley,Arkansas,AR,71826,Lafayette,www.csbarkansas.com,NM,01/01/1933,01/01/1934,78797,$78.80M,13
12354,Hustisford State Bank,200 S Lake St,Hustisford,Wisconsin,WI,53034,Dodge,https://www.hustisfordstatebank.com,NM,01/06/1902,01/01/1934,78543,$78.54M,9
16609,Rochelle State Bank,800 Ashley St,Rochelle,Georgia,GA,31079,Wilcox,www.rochellestatebank.com,NM,01/01/1934,08/01/1947,78448,$78.45M,11
32307,Galion Building and Loan Bank,920 Bucyrus Rd,Galion,Ohio,OH,44833,Crawford,www.gblbank.com,NM,02/13/1884,08/09/1989,78308,$78.31M,15
35206,"Fidelity Personal Trust Company, FSB",2 Contra Way,Merrimack,New Hampshire,NH,03054,Hillsborough,www.fidelity.com,SB,05/15/2000,05/15/2000,78235,$78.23M,56
14785,Citizens Savings Bank,2414 S 2nd St,Marshalltown,Iowa,IA,50158,Marshall,www.citizenssavingsbank.com,NM,01/01/1907,10/03/1934,78106,$78.11M,13
13415,Farmers and Merchants Bank,225 E Renfrow Ave,Arnett,Oklahoma,OK,73832,Ellis,fmbankarnett.com,NM,12/28/1908,01/01/1934,78105,$78.11M,8
21635,The Bank of Bourbonnais,1 Heritage Dr,Bourbonnais,Illinois,IL,60914,Kankakee,http://www.bankofbourbonnais.bank,NM,06/21/1974,06/21/1974,77983,$77.98M,9
10437,First State Bank of Olmsted,185 N Front Street,Olmsted,Illinois,IL,62970,Pulaski,www.firststatebank-olmsted.com,NM,11/07/1921,01/01/1934,77782,$77.78M,15
492,Western Dakota Bank,803 Main Street,Timber Lake,South Dakota,SD,57656,Dewey,www.westerndakotabank.com,NM,01/01/1919,01/01/1934,77757,$77.76M,5
25744,Small Business Bank,13423 W 92nd St,Lenexa,Kansas,KS,66215,Johnson,www.smallbusinessbank.com,SM,11/07/1984,11/07/1984,77744,$77.74M,14
847,The Pleasants County Bank,215 Washington St,Saint Marys,West Virginia,WV,26170,Pleasants,www.pcbsm.com,SM,12/21/1896,01/01/1934,77714,$77.71M,15
9340,"Farmers & Merchants State Bank of New York Mills, Incorporated",11 Walker Ave N,New York Mills,Minnesota,MN,56567,Otter Tail,www.fmbanknym.com,NM,12/16/1916,01/01/1934,77645,$77.64M,11
16941,The Farmers State Bank,211 Saint Joseph St,Wathena,Kansas,KS,66090,Doniphan,www.fsbwathena.com,NM,05/03/1903,10/14/1950,77348,$77.35M,15
8632,The Citizens State Bank at Mohall,102 Main St W,Mohall,North Dakota,ND,58761,Renville,www.csbmsl.com,NM,06/01/1915,01/01/1934,77247,$77.25M,11
1374,The Bank of Commerce,32460 Bowie St,White Castle,Louisiana,LA,70788,Iberville,http://WWW.BKOFCOMMERCE.COM,NM,03/01/1927,01/01/1934,77238,$77.24M,15
4693,"The Howard State Bank, Howard, Kansas",100 S Wabash,Howard,Kansas,KS,67349,Elk,www.howardstatebank.com,NM,08/30/1877,01/01/1934,77185,$77.19M,19
14095,The First National Bank in Falfurrias,200 S Saint Marys St,Falfurrias,Texas,TX,78355,Brooks,www.fnbfal.com,N,01/01/1934,03/21/1934,77111,$77.11M,19
16581,Citizens State Bank,224 N Main St,Anton,Texas,TX,79313,Hockley,csbanton.com,NM,06/07/1947,06/07/1947,76652,$76.65M,18
31232,Highland Federal Savings and Loan Association,106 S Main St,Crossville,Tennessee,TN,38555,Cumberland,www.highlandfederal.com,SB,02/16/1961,08/09/1989,76650,$76.65M,12
29910,Scottsburg Building and Loan Association,306 W Mcclain Ave,Scottsburg,Indiana,IN,47170,Scott,www.sblaonline.com,SL,01/01/1889,08/09/1989,76605,$76.61M,8
1993,CerescoBank,130 Elm St,Ceresco,Nebraska,NE,68017,Saunders,WWW.CERESCOBANK.COM,NM,09/01/1911,01/01/1934,76595,$76.59M,10
35261,Twin City Bank,729 Vandercook Way,Longview,Washington,WA,98632,Cowlitz,www.twincitybank.com,NM,04/17/2000,04/17/2000,76550,$76.55M,13
16344,The State Bank of Pearl City,215 S Main St,Pearl City,Illinois,IL,61062,Stephenson,www.pearlcitybank.com,NM,12/08/1945,12/08/1945,76471,$76.47M,10
3761,The First National Bank of Ava,304 W Main St,Ava,Illinois,IL,62907,Jackson,www.fnbava.bank,N,01/01/1917,01/01/1934,76471,$76.47M,15
49,Bank of Evergreen,146 W Front St,Evergreen,Alabama,AL,36401,Conecuh,www.thebankofevergreen.com,NM,09/01/1932,01/01/1934,76420,$76.42M,12
16318,Marseilles Bank,101 E Bluff St,Marseilles,Illinois,IL,61341,Lasalle,www.marseillesbank.com,NM,09/24/1945,09/24/1945,76308,$76.31M,10
15364,First State Bank,102 E Broadway St,Randolph,Nebraska,NE,68771,Cedar,http://www.fsbrandolph.bank,NM,07/01/1935,03/14/1936,75902,$75.90M,10
9106,Farmers State Bank,201 Main St,Yale,Iowa,IA,50277,Guthrie,www.yalebankiowa.com,NM,03/21/1921,01/01/1934,75742,$75.74M,5
8503,The Farmers State Bank,106 E Cedar St,Marcus,Iowa,IA,51035,Cherokee,http://www.fsbmarcus.com,NM,12/28/1928,01/01/1934,75666,$75.67M,10
3601,The Atlanta National Bank,105 Ne Church St,Atlanta,Illinois,IL,61723,Logan,www.theatlantanationalbank.com,N,08/02/1887,01/01/1934,75587,$75.59M,17
8661,Farmers Bank,29 E Main St,Parsons,Tennessee,TN,38363,Decatur,www.farmers-bank.com,SM,03/09/1907,01/01/1934,75547,$75.55M,24
15258,The Farmers State Bank,209 Montana Ave,Holton,Kansas,KS,66436,Jackson,www.fsbks.bank,NM,10/30/1900,08/21/1935,75457,$75.46M,11
28949,"Amory First Savings And Loan Bank, Ssb",213 2nd Ave N,Amory,Mississippi,MS,38821,Monroe,www.amoryfederal.com,SM,06/01/1934,08/09/1989,75290,$75.29M,8
14281,First Bank of Utica,785 D St,Utica,Nebraska,NE,68456,Seward,,SM,01/01/1882,04/16/1934,75049,$75.05M,13
28860,Century Savings and Loan Association,233 E Main St,Trinidad,Colorado,CO,81082,Las Animas,www.centurysavings.com,SL,01/01/1903,08/09/1989,75038,$75.04M,12
9733,Vantage Bank,202 Main St,Kent,Minnesota,MN,56553,Wilkin,www.vantagebankmn.com,NM,07/14/1902,01/01/1934,74919,$74.92M,11
10969,Randall State Bank,307 Pacific Ave,Randall,Minnesota,MN,56475,Morrison,www.randallstatebank.com,NM,04/08/1908,01/01/1934,74847,$74.85M,13
28677,Conneaut Savings Bank,305 Main St,Conneaut,Ohio,OH,44030,Ashtabula,http://www.conneautsavings.com,SL,01/01/1888,08/09/1989,74524,$74.52M,15
24303,Pavillion Bank,1200 W Campbell Rd,Richardson,Texas,TX,75080,Dallas,www.pavillionbank.com,NM,01/17/1983,01/17/1983,74505,$74.50M,18
3158,Citizens National Bank of Crosbyton,202 W Main St,Crosbyton,Texas,TX,79322,Crosby,www.cnbcrosbyton.com,N,01/01/1907,01/01/1934,74182,$74.18M,8
14399,Haskell National Bank,601 N 1st St,Haskell,Texas,TX,79521,Haskell,www.haskellnationalbank.com,N,11/25/1890,01/01/1934,74012,$74.01M,20
16151,State Bank,728 Grand Ave,Spencer,Iowa,IA,51301,Clay,www.statebankspencer.com,SM,05/01/1944,05/01/1944,73729,$73.73M,12
1612,Sherwood Community Bank,202 D St,Creighton,Missouri,MO,64739,Cass,www.sherwoodbank.com,NM,06/06/1902,01/01/1934,73690,$73.69M,18
30585,Mayville Savings Bank,200 S Main St,Mayville,Wisconsin,WI,53050,Dodge,http://www.mayvillesavings.com,SI,01/01/1922,08/09/1989,73659,$73.66M,12
1929,Farmers State Bank of Trimont,220 Main St W,Trimont,Minnesota,MN,56176,Martin,www.trimontbank.com,NM,01/01/1912,01/01/1934,73392,$73.39M,8
14581,Clarkson Bank,243 Pine St,Clarkson,Nebraska,NE,68629,Colfax,www.clarksonbank.com,NM,05/17/1934,07/18/1934,73097,$73.10M,8
30043,Beardstown Savings s.b.,301 S State St,Beardstown,Illinois,IL,62618,Cass,www.beardstownsavings.com,SI,01/01/1911,08/09/1989,73074,$73.07M,11
34900,Preferred Bank,602 N Route 49,Casey,Illinois,IL,62420,Clark,,NM,07/19/1999,07/19/1999,72997,$73.00M,18
93,Riverside Bank,103 W Main St,Sparkman,Arkansas,AR,71763,Dallas,www.riversidebanc.com,NM,01/01/1916,01/01/1934,72501,$72.50M,12
21448,Redemption Bank,2020 E Murray Holladay Road,Salt Lake City,Utah,UT,84117,Salt Lake,www.redemptionbank.com,NM,02/20/1974,02/20/1974,72481,$72.48M,15
10993,Bonanza Valley State Bank,147 Central Ave S,Brooten,Minnesota,MN,56316,Stearns,www.bvsb.bank,NM,02/22/1894,01/01/1934,72389,$72.39M,5
15471,First State Bank of Cando,415 Main St,Cando,North Dakota,ND,58324,Towner,www.fsbcando.com,NM,01/01/1888,01/01/1937,72180,$72.18M,11
3805,Kinmundy Bank,201 S Madison St,Kinmundy,Illinois,IL,62854,Marion,www.kinmundybank.com,SM,02/02/1902,01/01/1934,72172,$72.17M,9
10185,Elysian Bank,121 Main St E,Elysian,Minnesota,MN,56028,Le Sueur,www.elysianbank.net,NM,09/24/1907,01/01/1934,72165,$72.17M,10
8333,First Tri County Bank,105 Main St,Swanton,Nebraska,NE,68445,Saline,www.ftcb1.com,NM,04/01/1894,01/01/1934,71954,$71.95M,8
33802,Tioga-Franklin Savings Bank,320 E Girard Ave,Philadelphia,Pennsylvania,PA,19125,Philadelphia,www.tiogafranklin.com,SI,03/31/1873,07/01/2000,71780,$71.78M,20
13196,Peoples State Bank,110 Main St,Westhope,North Dakota,ND,58793,Bottineau,,NM,06/12/1906,01/01/1934,71464,$71.46M,14
9812,Adams State Bank,649 Main St,Adams,Nebraska,NE,68301,Gage,www.adamsstate.com,NM,01/18/1918,01/01/1934,71381,$71.38M,8
28667,Homestead Savings Bank,415 S Superior St,Albion,Michigan,MI,49224,Calhoun,hsbank.bank,SB,01/01/1889,08/09/1989,71348,$71.35M,24
58426,West Valley National Bank,2440 N Litchfield Rd,Goodyear,Arizona,AZ,85395,Maricopa,www.wvnb.net,N,12/22/2006,12/22/2006,71244,$71.24M,22
8144,Bank of Gueydan,111 Main St,Gueydan,Louisiana,LA,70542,Vermilion,bankofgueydan.com/,SM,05/14/1927,01/01/1934,71114,$71.11M,10
2682,The First National Bank of Brooksville,105 Locust St,Brooksville,Kentucky,KY,41004,Bracken,www.fnbfirst.com,N,07/07/1907,01/01/1934,71080,$71.08M,16
8507,Sloan State Bank,302 4th St,Sloan,Iowa,IA,51055,Woodbury,www.sloanstatebank.com,NM,10/19/1889,01/01/1934,70639,$70.64M,11
15593,Ipswich State Bank,301 First Avenue,Ipswich,South Dakota,SD,57451,Edmunds,www.isbipswich.com,NM,04/13/1938,04/13/1938,70536,$70.54M,7
9422,Citizens State Bank of Lankin,401 Main Street,Lankin,North Dakota,ND,58250,Walsh,http://www.csb100.com,NM,05/15/1905,01/01/1934,70419,$70.42M,13
28266,Connect Community Bank,202 Duryea St,Raymond,Washington,WA,98577,Pacific,www.mycc.bank,SI,01/01/1925,08/09/1989,70396,$70.40M,21
8584,Bank of Iberia,841 Highway 42,Iberia,Missouri,MO,65486,Miller,www.bankofiberia.com,SM,10/01/1899,01/01/1934,70368,$70.37M,19
26416,Community State Bank of Canton,101 W Main St,Canton,Oklahoma,OK,73724,Blaine,www.csbcanton.com,NM,10/10/1985,10/10/1985,70312,$70.31M,16
26260,The First National Bank in Marlow,301 W Main St,Marlow,Oklahoma,OK,73055,Stephens,WWW.FNBMARLOW.COM,N,01/24/1985,01/24/1985,70287,$70.29M,28
21761,"JPMorgan Chase Bank, Dearborn",18800 Hubbard Dr,Dearborn,Michigan,MI,48126,Wayne,,SM,09/16/1974,09/16/1974,69891,$69.89M,0
16477,State Bank of Lakota,125 Main St N,Lakota,North Dakota,ND,58344,Nelson,www.statebankoflakota.com,NM,01/01/1900,09/16/1946,69703,$69.70M,11
304,Clinton Bank,220 E Clay St,Clinton,Kentucky,KY,42031,Hickman,WWW.CLINTONBANKKY.COM,NM,09/01/1887,01/01/1934,69607,$69.61M,13
10074,Apex Banking Company of Georgia,35 Jesse Mae Thurmond Conn,Cleveland,Georgia,GA,30528,White,www.apexga.bank,NM,07/16/1907,01/01/1934,69563,$69.56M,18
22502,First Citizens Bank of Butte,3220 Harrison Ave,Butte,Montana,MT,59701,Silver Bow,www.fcbob.com,SM,07/27/1977,07/27/1977,69376,$69.38M,15
3919,Heartland State Bank,401 Main St,Edgeley,North Dakota,ND,58433,Lamoure,www.heartlandstatebank.com,NM,01/01/1921,01/01/1934,69209,$69.21M,11
5105,B2 Bank National Association,8355 Unity Dr,Virginia,Minnesota,MN,55792,St. Louis,www.b2.bank,N,02/01/1902,01/01/1934,69207,$69.21M,27
19819,Southeast First National Bank,10144 Commerce St,Summerville,Georgia,GA,30747,Chattooga,WWW.SOUTHEASTFNB.COM,N,05/22/1968,05/22/1968,69113,$69.11M,15
17350,First State Bank of San Diego,209 E Gravis St,San Diego,Texas,TX,78384,Duval,www.fsbsandiego.com,NM,08/09/1954,08/09/1954,69098,$69.10M,18
16788,Union State Bank,204 Sherman St,Uniontown,Kansas,KS,66779,Bourbon,www.unionstbank.com,NM,08/01/1901,04/22/1949,68868,$68.87M,13
30128,Boonville Federal Savings Bank,123 N 3rd St,Boonville,Indiana,IN,47601,Warrick,www.boonville.bank,SI,01/01/1917,08/09/1989,68867,$68.87M,13
28507,Argentine Federal Savings,3004 Strong Ave,Kansas City,Kansas,KS,66106,Wyandotte,www.argentinefed.com,SB,01/01/1906,08/09/1989,68750,$68.75M,10
12107,Farmers State Bank,104 E Main St,Elmwood,Illinois,IL,61529,Peoria,www.fsbelmwood.com,NM,12/06/1864,01/01/1934,68720,$68.72M,11
4457,First Heritage Bank,801 S Fremont St,Shenandoah,Iowa,IA,51601,Page,http://www.fhbshen.com,SM,01/01/1903,01/01/1934,68568,$68.57M,9
10647,American Exchange Bank,151 N 4th St,Elmwood,Nebraska,NE,68349,Cass,www.aebank.com,SM,07/13/1889,01/01/1934,68152,$68.15M,9
5408,Genoa Community Bank,502 Willard Ave,Genoa,Nebraska,NE,68640,Nance,www.genoacb.com,NM,01/01/1903,01/01/1934,67934,$67.93M,8
10253,First Security Bank - West,100 E Main St,Beulah,North Dakota,ND,58523,Mercer,www.firstsecuritybanks.com,NM,01/01/1915,01/01/1934,67874,$67.87M,9
8121,Security Bank and Trust Co.,1 W 2nd St,Maysville,Kentucky,KY,41056,Mason,https://securitybankandtrustmaysvilleky.net,NM,01/01/1928,01/01/1934,67866,$67.87M,11
14999,The Port Austin State Bank,62 E State St,Port Austin,Michigan,MI,48467,Huron,www.portaustinbank.com,NM,01/01/1884,01/22/1935,67850,$67.85M,9
9819,Nebraska State Bank,218 Main St,Oshkosh,Nebraska,NE,69154,Garden,www.fsa-loans.com,NM,06/21/1921,01/01/1934,67820,$67.82M,8
9439,The Peoples Savings Bank,710 2nd St,New Matamoras,Ohio,OH,45767,Monroe,http://www.psb1911.com,NM,07/11/1911,01/01/1934,67800,$67.80M,16
10327,Citizens State Bank of Luling,200 S Magnolia Ave,Luling,Texas,TX,78648,Caldwell,www.csbsa.com,NM,01/02/1914,01/01/1934,67711,$67.71M,20
15597,Security State Bank of Kenyon,602 2nd St,Kenyon,Minnesota,MN,55946,Goodhue,www.ssbkenyon.com,NM,07/23/1934,04/21/1938,67511,$67.51M,13
1687,Community Bank,118 Main St N,Avon,South Dakota,SD,57315,Bon Homme,http://www.communitybankavon.com,NM,01/01/1914,01/01/1934,67460,$67.46M,8
8858,State Bank of Chandler,342 Main Ave,Chandler,Minnesota,MN,56122,Murray,www.statebankofchandler.bank,NM,01/01/1902,01/01/1934,67436,$67.44M,9
288,Farmers & Traders Bank of Campton,215 Mountain Parkway Spur Rd,Campton,Kentucky,KY,41301,Wolfe,www.farmersandtradersbank.com,NM,01/01/1902,01/01/1934,67120,$67.12M,14
13018,Miners & Merchants Bank,16000 Appalachian Highway,Thomas,West Virginia,WV,26292,Tucker,https://www.minersandmerchantsbank.com,NM,06/10/1902,01/01/1934,66929,$66.93M,13
31267,Homewood Federal Savings Bank,3228 Eastern Ave,Baltimore,Maryland,MD,21224,Baltimore City,www.homewoodfsb.com,SB,01/01/1916,08/09/1989,66780,$66.78M,6
22229,Commonwealth National Bank,2214 Saint Stephens Rd,Mobile,Alabama,AL,36617,Mobile,www.ecommonwealthbank.com,N,02/19/1976,02/19/1976,66582,$66.58M,18
30332,Abbeville Building & Loan (A State-Chartered Savings Bank),1212 Charity St,Abbeville,Louisiana,LA,70510,Vermilion,www.abbemae.com,SI,01/01/1890,08/09/1989,66508,$66.51M,18
4217,COMMUNITY BANK OF OKLAHOMA,101 West Highway 62,Verden,Oklahoma,OK,73092,Grady,http://bankofverden.com,NM,08/01/1907,01/01/1934,66406,$66.41M,16
30291,"First Federal Bank Littlefield, Texas",2313 Phelps Ave,Littlefield,Texas,TX,79339,Lamb,firstfedlfd.com,SI,06/01/1946,08/09/1989,66308,$66.31M,15
13960,The Bank of Houston,404 S Grand Ave,Houston,Missouri,MO,65483,Texas,www.thebankofhouston.com,NM,06/04/1889,03/03/1934,66156,$66.16M,24
18101,"The Farmers State Bank of Bucklin, Kansas",111 N Main St,Bucklin,Kansas,KS,67834,Ford,www.fsbbucklin.com,NM,01/01/1909,10/15/1959,66128,$66.13M,8
14260,Walters Bank and Trust Company,201 N Broadway St,Walters,Oklahoma,OK,73572,Cotton,http://waltersbt.com,NM,04/14/1934,04/14/1934,66042,$66.04M,15
57910,First State Bank,401 Main St,Nashua,Iowa,IA,50658,Chickasaw,WWW.FSB-NASHUA.COM,NM,02/21/2005,02/21/2005,65812,$65.81M,8
22839,Latimer State Bank,301 W Main St,Wilburton,Oklahoma,OK,74578,Latimer,,NM,04/09/1979,04/09/1979,65705,$65.70M,6
9336,"Battle Bank, National Association",105 S Main St,Upsala,Minnesota,MN,56384,Morrison,www.stearnsbank.com,N,05/11/1914,01/01/1934,65358,$65.36M,4
12893,First State Bank of Michigan,124 S Phelps St,Decatur,Michigan,MI,49045,Van Buren,www.fsbdecatur.com,SM,01/01/1870,01/02/1934,65298,$65.30M,20
19680,The Security State Bank,45 W Oak St,Mcrae,Georgia,GA,31055,Telfair,https://securitystate.net,NM,02/01/1950,03/01/1967,65202,$65.20M,11
19796,Midland Community Bank,112 Market St,Kincaid,Illinois,IL,62540,Christian,www.mcbbank.net,NM,03/29/1968,03/29/1968,65162,$65.16M,13
11706,1st Community Bank,407 3rd St,Sherrard,Illinois,IL,61281,Mercer,http://www.1stcommunitybanks.com,NM,01/01/1910,01/01/1934,64853,$64.85M,18
11681,Anchor State Bank,246 2nd St,Anchor,Illinois,IL,61720,Mclean,anchorstatebank.com,NM,12/27/1920,01/01/1934,64831,$64.83M,9
13959,CBW Bank,109 E Main St,Weir,Kansas,KS,66781,Cherokee,www.cbwbank.com,NM,01/01/1892,02/28/1934,64677,$64.68M,24
9661,Bank of Holyrood,100 S Main St,Holyrood,Kansas,KS,67450,Ellsworth,www.bankofholyrood.com,SM,01/01/1887,01/01/1934,64661,$64.66M,11
3826,The First National Bank of Okawville,203 E Walnut St,Okawville,Illinois,IL,62271,Washington,www.fnbokaw.com,N,06/26/1920,01/01/1934,64360,$64.36M,13
5838,Farmers State Bank,21 Ky 11 S,Booneville,Kentucky,KY,41314,Owsley,www.farmersstatebankky.com,NM,01/02/1931,01/01/1934,63846,$63.85M,17
30656,North County Savings Bank,411 W Market St,Red Bud,Illinois,IL,62278,Randolph,www.ncsbank.com,SI,01/01/1887,08/09/1989,63696,$63.70M,10
2308,Washita Valley Bank,204 N Hazlett St,Fort Cobb,Oklahoma,OK,73038,Caddo,,NM,07/09/1902,01/01/1934,63264,$63.26M,11
9875,BANK360,808 N Glenn L English St,Cordell,Oklahoma,OK,73632,Washita,https://bank360.bank,NM,05/29/1902,01/01/1934,63221,$63.22M,13
18719,Grand Timber Bank,204 N Maddy St,Mcgregor,Minnesota,MN,55760,Aitkin,www.grandtimberbank.com,NM,03/18/1963,03/18/1963,63202,$63.20M,12
13416,Oklahoma State Bank,122 South Hoy St,Buffalo,Oklahoma,OK,73834,Harper,www.osbbuffalo.com,NM,02/10/1930,01/02/1934,63185,$63.19M,15
15346,Commerce Bank Texas,112 Fordtran St,Stockdale,Texas,TX,78160,Wilson,www.commercebanktx.com,NM,02/01/1932,01/31/1936,62988,$62.99M,8
24367,City National Bank,1465 W 2nd Ave,Corsicana,Texas,TX,75110,Navarro,www.mycnbtx.com,N,02/28/1983,02/28/1983,62910,$62.91M,13
29399,GN Bank,4619 S Martin L King Dr,Chicago,Illinois,IL,60653,Cook,www.gnbank.net,SB,01/01/1934,08/09/1989,62900,$62.90M,11
22835,The Lauderdale County Bank,305 S Church St,Halls,Tennessee,TN,38040,Lauderdale,www.lauderdalecountybank.com,NM,04/04/1979,04/04/1979,62703,$62.70M,20
28703,Versailles Savings and Loan Company,10413 Kley Rd,Versailles,Ohio,OH,45380,Darke,www.versaillessavingsbank.com,SL,12/13/1887,08/09/1989,62102,$62.10M,7
10820,State Bank of Industry,101 W Main St,Industry,Illinois,IL,61440,Mcdonough,www.statebankofindustry.com,NM,03/25/1901,01/01/1934,62018,$62.02M,7
8397,The Waterford Commercial and Savings Bank,20115 State Route 339,Waterford,Ohio,OH,45786,Washington,www.waterfordbank.com,NM,01/01/1908,01/01/1934,61580,$61.58M,15
31972,First Western Federal Savings Bank,402 Main St,Rapid City,South Dakota,SD,57701,Pennington,www.fwfsb.com,SB,06/06/1979,08/09/1989,61433,$61.43M,7
16953,Bank of Clarks,301 N Green St,Clarks,Nebraska,NE,68628,Merrick,bankofclarks.net,NM,02/15/1937,11/24/1950,61422,$61.42M,12
3934,Aspire Bank,5195 45th St S,Fargo,North Dakota,ND,58104,Cass,aspirebanks.com,NM,09/19/1905,01/01/1934,61348,$61.35M,10
3237,State National Bank,99 Broadway Ave,Groom,Texas,TX,79039,Carson,www.snb.bank,N,05/01/1925,01/01/1934,61277,$61.28M,12
251,First Security Bank,401 Main St,Mapleton,Iowa,IA,51034,Monona,www.firstsecuritybanks.com,NM,10/03/1878,01/01/1934,61253,$61.25M,10
5478,Stanton State Bank,924 Ivy St,Stanton,Nebraska,NE,68779,Stanton,www.stantonstatebank.com,SM,01/01/1882,01/01/1934,61063,$61.06M,10
18892,Kress National Bank,101 W 4th St,Kress,Texas,TX,79052,Swisher,WWW.KNBKRESS.COM,N,09/17/1963,09/17/1963,60956,$60.96M,6
17813,Bank of Hazelton,363 Main St,Hazelton,North Dakota,ND,58544,Emmons,www.bankofhazelton.net,NM,08/22/1903,12/01/1957,60904,$60.90M,9
8681,Lamont Bank of St. John,6 E Front St,Saint John,Washington,WA,99171,Whitman,,NM,01/01/1908,01/01/1934,60805,$60.80M,6
8799,Jackson Parish Bank,201 Jimmie Davis Blvd,Jonesboro,Louisiana,LA,71251,Jackson,www.jacksonparishbank.com,NM,01/01/1904,01/01/1934,60800,$60.80M,15
4668,First National Bank in Frankfort,124 N Kansas Ave,Frankfort,Kansas,KS,66427,Marshall,www.fnbfrankfortks.com,N,03/02/1921,01/01/1934,60739,$60.74M,9
12139,Ford County State Bank,322 N Main St,Spearville,Kansas,KS,67876,Ford,http://fordcountystatebank.com,NM,01/01/1902,01/01/1934,60719,$60.72M,7
8594,Montrose Savings Bank,401 Missouri Ave,Montrose,Missouri,MO,64770,Henry,,NM,01/01/1895,01/01/1934,60637,$60.64M,7
5820,State Central Bank,612 1st St,Bonaparte,Iowa,IA,52620,Van Buren,www.statecentralbank.com,NM,03/17/1858,01/01/1934,60611,$60.61M,23
11465,Tri-County Trust Company,103 Commerce St,Glasgow,Missouri,MO,65254,Howard,www.tricountytrust.com,NM,01/01/1921,01/01/1934,60512,$60.51M,10
28463,Liberty Bank,314 Park Ave,Ironton,Ohio,OH,45638,Lawrence,www.libbk.com,SL,01/01/1896,08/09/1989,60196,$60.20M,12
14024,"Farmers and Merchants Bank of Mound City, Kansas",103 S 5th St,Mound City,Kansas,KS,66056,Linn,www.fmbankmc.com,NM,11/14/1893,03/09/1934,60161,$60.16M,7
15847,Sunrise Bank Dakota,201 S Main St,Onida,South Dakota,SD,57564,Sully,http://www.mysunrisebank.com,NM,01/01/1925,09/08/1941,60055,$60.05M,8
15749,The Security State Bank,117 N 3rd St,Emery,South Dakota,SD,57332,Hanson,www.thesecuritystatebank.com,NM,01/01/1920,07/01/1940,59760,$59.76M,7
35094,Community Bank of Memphis,112 E Madison St,Memphis,Missouri,MO,63555,Scotland,http://www.communitybankofmemphis.com,NM,03/20/1999,03/20/1999,59677,$59.68M,8
25591,Cedar Security Bank,117 Main St,Fordyce,Nebraska,NE,68736,Cedar,https://onlinebanking.cedarsecurity.com/,NM,09/04/1984,09/04/1984,59662,$59.66M,11
5278,First Financial Bank in Winnebago,1 Main St S,Winnebago,Minnesota,MN,56098,Faribault,www.1stbago.com,NM,01/01/1913,01/01/1934,59606,$59.61M,9
1829,The Fairmount State Bank,101 N Main St,Fairmount,Indiana,IN,46928,Grant,www.fairmountstatebank.com,SM,12/18/1902,01/01/1934,59555,$59.55M,15
8672,The Blue Grass Valley Bank,2583 Blue Grass Valley Rd,Blue Grass,Virginia,VA,24413,Highland,www.bluegrassvalleybank.com,NM,12/02/1915,01/01/1934,59539,$59.54M,10
8845,Farmers and Merchants State Bank of Appleton,239 N Miles St,Appleton,Minnesota,MN,56208,Swift,www.farmers-merchants.com,NM,02/20/1915,01/01/1934,59432,$59.43M,8
1622,First Security Bank,108 N 4th St,Union Star,Missouri,MO,64494,Dekalb,WWW.FIRSTSECURITYBANKMO.COM,NM,04/30/1890,01/01/1934,59195,$59.20M,9
9747,Vergas State Bank,106 E Main St,Vergas,Minnesota,MN,56587,Otter Tail,www.vergasstatebank.com,NM,09/01/1909,01/01/1934,59061,$59.06M,8
10471,Camp Grove State Bank,26 Main Street,Camp Grove,Illinois,IL,61424,Marshall,www.campgrovestatebank.com,SM,01/01/1902,01/01/1934,58549,$58.55M,6
16643,First State Bank,601 College St,Junction,Texas,TX,76849,Kimble,http://www.fsbjunction.com,SM,11/08/1947,11/08/1947,58516,$58.52M,11
28652,Fairview Savings and Loan Association,301 N Main St,Fairview,Oklahoma,OK,73737,Major,www.fairviewsavings.com,SB,01/01/1901,08/09/1989,58485,$58.48M,10
14069,State Bank of Scotia,104 S Main St,Scotia,Nebraska,NE,68875,Greeley,StateBankofScotia.Bank,NM,01/01/1934,04/01/1934,58484,$58.48M,5
33013,Asian Pacific National Bank,333 W Valley Blvd,San Gabriel,California,CA,91776,Los Angeles,www.asianpacificbank.com,N,07/25/1990,07/25/1990,58203,$58.20M,10
8840,Peoples State Bank of Wells,98 3rd St Se,Wells,Minnesota,MN,56097,Faribault,www.peoplesstatebankwells.com,NM,02/29/1924,01/01/1934,58164,$58.16M,10
14096,Generations Bank,139 S Exeter Ave,Exeter,Nebraska,NE,68351,Fillmore,generations.bank,NM,01/01/1934,03/21/1934,58133,$58.13M,10
22355,"Pinnacle Bank, Inc.",230 S Mayo Trl,Pikeville,Kentucky,KY,41501,Pike,www.pinnaclebank.co,NM,10/26/1976,10/26/1976,57970,$57.97M,17
29430,Compass Savings Bank,111 Westinghouse Ave,Wilmerding,Pennsylvania,PA,15148,Allegheny,www.compassbank.us,SI,01/01/1934,08/09/1989,57935,$57.94M,5
12246,Commercial Bank,401 S Main St,Nelson,Nebraska,NE,68961,Nuckolls,www.gotocb.net,NM,04/01/1894,01/01/1934,57887,$57.89M,6
6584,"Community First Bank, National Association",118 E Lima St,Forest,Ohio,OH,45843,Hardin,www.com1stbank.com,N,10/04/1904,01/01/1934,57878,$57.88M,14
8857,Grove Bank,110 Atlantic Ave W,Grove City,Minnesota,MN,56243,Meeker,http://www.grovebancorp.com,NM,12/07/1907,01/01/1934,57849,$57.85M,14
16110,Butte State Bank,510 Thayer St,Butte,Nebraska,NE,68722,Boyd,http://www.buttebank.com,SM,01/01/1944,01/03/1944,57602,$57.60M,8
389,The Peoples Bank,103 E Wiggin St,Gambier,Ohio,OH,43022,Knox,www.peoplesgambier.com,NM,06/01/1920,01/01/1934,57508,$57.51M,17
58188,"HSBC Trust Company (Delaware), National Association",300 Delaware Ave Ste 1401,Wilmington,Delaware,DE,19801,New Castle,http://www.hsbc.com,N,07/01/2005,11/24/2006,57422,$57.42M,2
29061,"Tarboro Savings Bank, SSB",501 N Main St,Tarboro,North Carolina,NC,27886,Edgecombe,www.tarborosavingsbank.com,SI,01/01/1906,08/09/1989,57348,$57.35M,7
27847,The Pioneer Savings Bank,6701 Detroit Ave,Cleveland,Ohio,OH,44102,Cuyahoga,www.psb1922.com,NM,01/01/1922,06/02/1938,57326,$57.33M,6
8893,America's Community Bank,1100 W Main St,Blue Springs,Missouri,MO,64015,Jackson,www.amcommbank.com,NM,02/27/1888,01/01/1934,57073,$57.07M,9
15348,First Bank and Trust Company,501 Frisco Ave,Clinton,Oklahoma,OK,73601,Custer,www.fbtok.com,SM,01/01/1903,02/01/1936,56988,$56.99M,11
30358,First Savings and Loan Association,206 W Center St,Mebane,North Carolina,NC,27302,Alamance,www.firstsandl.net,SB,01/01/1909,08/09/1989,56798,$56.80M,4
12422,The Security State Bank,101 N Washington Ave,Wellington,Kansas,KS,67152,Sumner,www.ssbwellington.com,NM,06/15/1897,01/01/1934,56731,$56.73M,12
4770,"Elevate Bank, National Association",101 W Main St,Sedan,Kansas,KS,67361,Chautauqua,www.elevate.bank,N,03/13/1874,01/01/1934,56679,$56.68M,20
966,Home State Bank,202 3rd Ave,Royal,Iowa,IA,51357,Clay,www.hsbroyal.com,NM,04/12/1915,01/01/1934,56635,$56.63M,5
4774,The First National Bank of Spearville,303 N Main St,Spearville,Kansas,KS,67876,Ford,www.fnbspearville.com,N,02/18/1908,01/01/1934,56391,$56.39M,6
9189,Brighton Bank,7663 Highway 51 S,Brighton,Tennessee,TN,38011,Tipton,www.bankbrighton.com,NM,10/10/1910,01/01/1934,56371,$56.37M,59
31090,Blue Grass Federal Savings and Loan Association,600 High St,Paris,Kentucky,KY,40361,Bourbon,bluegrassfederal.bank,SB,01/01/1914,08/09/1989,56193,$56.19M,8
11527,"The First State Bank of Pond Creek, Oklahoma",136 W Broadway St,Pond Creek,Oklahoma,OK,73766,Grant,http://www.fsbpondcreek.com,NM,09/16/1893,01/01/1934,55965,$55.97M,14
3770,The First National Bank of Brownstown,108 E Main St,Brownstown,Illinois,IL,62418,Fayette,www.fnbbrownstown.com,N,06/01/1913,01/01/1934,55899,$55.90M,8
12758,"Farmers State Bank, Allen, Oklahoma",201 E Broadway,Allen,Oklahoma,OK,74825,Pontotoc,http://www.fsballen.com,NM,09/08/1922,01/01/1934,55759,$55.76M,9
16282,Bank of Bearden,1 N 2nd St,Bearden,Arkansas,AR,71720,Ouachita,www.bankofbearden.com,NM,07/05/1945,07/05/1945,54888,$54.89M,8
21807,Lovelady State Bank,910 S Commerce St,Lovelady,Texas,TX,75851,Houston,www.loveladystatebank.com,NM,11/04/1974,11/04/1974,54829,$54.83M,11
17607,The City State Bank,1012 Highway 69,Fort Scott,Kansas,KS,66701,Bourbon,www.citysb.com,NM,08/01/1920,05/24/1956,54765,$54.77M,7
4222,The First Farmers National Bank of Waurika,319 E D Ave,Waurika,Oklahoma,OK,73573,Jefferson,https://www.ffnbank.com,N,03/26/1906,01/01/1934,54759,$54.76M,11
931,Citizens State Bank of Milford,36 E Jones St,Milford,Illinois,IL,60953,Iroquois,www.thefarmbank.com,NM,09/23/1907,01/01/1934,54687,$54.69M,13
15778,Grant County Bank,120 S Main St,Medford,Oklahoma,OK,73759,Grant,https://www.grantcobank.com,SM,01/01/1895,01/23/1940,54436,$54.44M,8
8822,Adrian State Bank,322 Maine Ave,Adrian,Minnesota,MN,56110,Nobles,www.adrianstatebank.com,NM,10/23/1889,01/01/1934,54436,$54.44M,10
12865,Swedish-American State Bank,324 Liberty St,Courtland,Kansas,KS,66939,Republic,www.mysasb.com,NM,03/13/1913,01/01/1934,54368,$54.37M,8
5076,The First National Bank of Wakefield,401 Sunday Lake St,Wakefield,Michigan,MI,49968,Gogebic,http://www.fnbwakefieldmi.com/,N,01/01/1910,01/01/1934,54215,$54.22M,13
3850,"First Community Bank, Xenia-Flora",260 Front St,Xenia,Illinois,IL,62899,Clay,www.fcbxeniaflora.com,SM,01/01/1922,01/01/1934,54129,$54.13M,11
1860,Montezuma State Bank,101 S 4th St,Montezuma,Iowa,IA,50171,Poweshiek,http://www.montestatebank.com,NM,01/10/1891,01/01/1934,54055,$54.05M,5
21255,Lakeside Bank of Salina,103 W Ferry St,Salina,Oklahoma,OK,74365,Mayes,lakesidebankofsalina.com,SM,10/09/1973,10/09/1973,53903,$53.90M,14
11343,Ashton State Bank,317 3rd St,Ashton,Iowa,IA,51232,Osceola,http://www.ashtonstatebank.com,NM,03/01/1884,01/01/1934,53834,$53.83M,6
1391,Arlington State Bank,230 W Main St,Arlington,Minnesota,MN,55307,Sibley,www.arlingtonstatebank.com,NM,06/04/1895,01/01/1934,53618,$53.62M,10
3149,The First National Bank in Cooper,11 W Side Sq,Cooper,Texas,TX,75432,Delta,www.fnbcooper.com,N,01/15/1891,01/01/1934,53560,$53.56M,8
4209,First  Bank of Thomas,301 W Broadway St,Thomas,Oklahoma,OK,73669,Custer,www.fnbthomas.com,SM,05/28/1904,01/01/1934,53477,$53.48M,7
30395,Tecumseh Federal Bank,160 N 4th St,Tecumseh,Nebraska,NE,68450,Johnson,www.tecfedbank.com,SB,01/01/1904,08/09/1989,53219,$53.22M,9
10352,Crowell State Bank,100 E Commerce St,Crowell,Texas,TX,79227,Foard,WWW.CROWELLSTATEBANK.COM,SM,12/28/1931,01/01/1934,53090,$53.09M,11
2794,Dozier Bank,7825 S Main St,Dozier,Alabama,AL,36028,Crenshaw,www.dozierbank.com,NM,03/10/1910,01/01/1934,53089,$53.09M,5
26658,Amistad Bank,1301 Veterans Blvd,Del Rio,Texas,TX,78840,Val Verde,www.amistadbank.com,NM,04/25/1986,04/25/1986,53027,$53.03M,14
8725,Cowboy State Bank,515 Us Highway 14,Ranchester,Wyoming,WY,82839,Sheridan,http://www.cowboystatebank.com,SM,01/01/1912,01/01/1934,52997,$53.00M,17
3351,The First National Bank of Moody,101 7th St,Moody,Texas,TX,76557,Mclennan,WWW.FNBTX.BANK,N,01/01/1893,01/01/1934,52665,$52.66M,11
30447,Rayne Building and Loan Association,200 N Adams Ave,Rayne,Louisiana,LA,70578,Acadia,www.raynebuildingloan.com,SL,01/01/1900,08/09/1989,52199,$52.20M,10
16094,The Exchange State Bank,253 Broadway St,Springville,Iowa,IA,52336,Linn,www.exchangestatebank.net,NM,01/01/1934,09/22/1943,52156,$52.16M,9
22954,"Citizens Bank of Morgantown, Inc.",265 High St,Morgantown,West Virginia,WV,26505,Monongalia,www.citizensbankwv.com,NM,09/20/1979,09/20/1979,52152,$52.15M,9
6064,Bryant State Bank,124 Main St W,Bryant,South Dakota,SD,57221,Hamlin,www.bryantstatebank.com,NM,03/01/1915,01/01/1934,52039,$52.04M,8
10469,Farmers & Merchants Bank of Hutsonville,108 S Main St,Hutsonville,Illinois,IL,62433,Crawford,,NM,12/20/1920,01/01/1934,51980,$51.98M,8
33183,Sound Banking Company,6107 Lake Grove St Sw,Lakewood,Washington,WA,98499,Pierce,www.soundbankingco.com,NM,11/01/1990,11/01/1990,51845,$51.84M,5
19230,Community National Bank in Monmouth,311 N Main St,Monmouth,Illinois,IL,61462,Warren,www.cnbmonmouth.com,N,09/10/1964,09/10/1964,51540,$51.54M,13
178,Talbot State Bank,76 E Main St,Woodland,Georgia,GA,31836,Talbot,www.talbotstatebank.com,NM,11/25/1907,01/01/1934,51350,$51.35M,15
26941,Peoples Bank of Deer Lodge,430 Main St,Deer Lodge,Montana,MT,59722,Powell,www.pbdl.net,NM,04/09/1987,04/09/1987,51309,$51.31M,8
15326,The Union Banking Company,105 East Center Street,West Mansfield,Ohio,OH,43358,Logan,www.bankatubc.com,NM,01/01/1928,12/23/1935,51168,$51.17M,9
9879,First State Bank,102 N Main St,Noble,Oklahoma,OK,73068,Cleveland,https://www.fsbnoble.com,NM,07/04/1902,01/01/1934,51138,$51.14M,12
4683,Vista National Bank & Trust,197 Main St,Harveyville,Kansas,KS,66431,Wabaunsee,www.myvista.bank,N,09/20/1920,01/01/1934,51088,$51.09M,10
33568,United Bank of Philadelphia,1501 N Broad St,Philadelphia,Pennsylvania,PA,19122,Philadelphia,http://www.ubphila.com,NM,03/23/1992,03/23/1992,51044,$51.04M,15
6156,Farmers State Bank,159 Riverside Ave,Winthrop,Washington,WA,98862,Okanogan,http://farmersstatebankwa.com,NM,01/01/1916,01/01/1934,50668,$50.67M,6
11817,Richton Bank & Trust Company,114 South Front Street,Richton,Mississippi,MS,39476,Perry,www.richtonbank.com,SM,01/01/1931,01/01/1934,50628,$50.63M,11
107,The Merchants & Planters Bank,297 Madison St,Clarendon,Arkansas,AR,72029,Monroe,,NM,01/01/1890,01/01/1934,50459,$50.46M,8
13774,Benton County State Bank,212 Locust St Ne,Blairstown,Iowa,IA,52209,Benton,http://www.bentoncountystatebank.com,NM,01/01/1869,01/29/1934,50210,$50.21M,8
3693,The Lemont National Bank,1201 State St,Lemont,Illinois,IL,60439,Cook,www.lemontnationalbank.com,N,01/01/1901,01/01/1934,49908,$49.91M,8
10567,United Minnesota Bank,105 Central Ave E,New London,Minnesota,MN,56273,Kandiyohi,www.umbnl.com,NM,05/05/1890,01/01/1934,49764,$49.76M,6
17629,The Farmers State Bank of Blue Mound,205 South Fifth Street,Blue Mound,Kansas,KS,66010,Linn,WWW.FSBKANSAS.COM,NM,08/01/1913,07/12/1956,49579,$49.58M,18
17995,Bank of Greeley,118 W Brown St,Greeley,Kansas,KS,66033,Anderson,https://bankofgreeley.com,NM,01/01/1888,05/04/1959,49315,$49.31M,7
12121,Buckley State Bank,102 S Railroad Ave,Buckley,Illinois,IL,60918,Iroquois,www.buckleystatebank.com,NM,11/19/1920,01/01/1934,49246,$49.25M,9
3232,The Granger National Bank,201 W Davilla St,Granger,Texas,TX,76530,Williamson,www.grangernationalbank.com,N,03/08/1920,01/01/1934,49099,$49.10M,6
11891,The Donley County State Bank,201 South Kearney St,Clarendon,Texas,TX,79226,Donley,donleybank.com,NM,01/01/1906,01/01/1934,49075,$49.08M,9
15469,The First State Bank of Ransom,306 S Vermont Ave,Ransom,Kansas,KS,67572,Ness,fsbransom.com,NM,01/01/1900,03/04/1937,48889,$48.89M,6
10075,Peoples State Bank of Colfax,101 W Main St,Colfax,Illinois,IL,61728,Mclean,http://www.psbofcolfax.com,NM,06/01/1892,01/01/1934,48864,$48.86M,8
18302,Producer Bank of Texas,100 Carr St,Powell,Texas,TX,75153,Navarro,POWELLSTATEBANK.NET,NM,01/01/1910,09/29/1960,48473,$48.47M,13
17062,State Bank of Bellingham,201 Main Ave,Bellingham,Minnesota,MN,56212,Lac Qui Parle,www.stbankbhm.com,NM,03/09/1942,12/08/1951,48376,$48.38M,6
29379,Sidney Federal Savings and Loan Association,1045 10th Ave,Sidney,Nebraska,NE,69162,Cheyenne,www.sidneyfederal.com,SB,01/01/1899,08/09/1989,48132,$48.13M,7
5605,Bank of Brewton,103 Belleville Ave,Brewton,Alabama,AL,36426,Escambia,www.bankofbrewton.com,NM,08/01/1889,01/01/1934,48082,$48.08M,18
10187,The Northern State Bank of Gonvick,283 Main St,Gonvick,Minnesota,MN,56644,Clearwater,www.nsbgonvick.com,NM,05/12/1928,01/01/1934,48080,$48.08M,5
9120,Rolette State Bank,209 Main Street,Rolette,North Dakota,ND,58366,Rolette,www.rolettestatebank.com,NM,01/01/1928,01/01/1934,47969,$47.97M,10
314,The Mer Rouge State Bank,102 Davenport Ave,Mer Rouge,Louisiana,LA,71261,Morehouse,www.merrougebank.com,NM,01/01/1903,01/01/1934,47850,$47.85M,11
16330,Battle Creek State Bank,202 W Main St,Battle Creek,Nebraska,NE,68715,Madison,http://www.battlecreekstatebank.com,SM,09/01/1943,10/24/1945,47489,$47.49M,9
17205,The Potter State Bank of Potter,301 Chestnut St,Potter,Nebraska,NE,69156,Cheyenne,www.potterstatebank.com,NM,03/19/1945,04/13/1953,47246,$47.25M,9
16906,State Bank of Taunton,101 N Main St,Taunton,Minnesota,MN,56291,Lyon,www.statebankoftaunton.com,NM,02/01/1905,05/01/1950,46885,$46.88M,5
57031,Champion Bank,16790 Centre Ct,Parker,Colorado,CO,80134,Douglas,http://www.thechampionbank.com,NM,06/17/2002,06/17/2002,46761,$46.76M,13
13990,Palo Savings Bank,2801 Hollenbeck Rd,Palo,Iowa,IA,52324,Linn,www.palosavingsbank.com,NM,01/01/1908,03/03/1934,46711,$46.71M,7
10982,Security State Bank of Oklee,201 Main St,Oklee,Minnesota,MN,56742,Red Lake,www.ssboklee.com,NM,01/01/1934,01/01/1934,46375,$46.38M,6
22430,Washita State Bank,701 State Highway 44,Burns Flat,Oklahoma,OK,73624,Washita,www.washitastatebank.com,NM,03/11/1977,03/11/1977,46277,$46.28M,7
30067,Cornerstone Bank,123 E Main St,Clarinda,Iowa,IA,51632,Page,www.cornerstonebankia.com,SM,01/01/1897,08/09/1989,45961,$45.96M,6
16394,Table Grove State Bank,121 S Broadway St,Table Grove,Illinois,IL,61482,Fulton,www.tgsbank.com,NM,03/05/1946,03/05/1946,45698,$45.70M,10
10463,Middletown State Bank,100 N Madison St,Middletown,Illinois,IL,62666,Logan,http://middletownstatebank.com,NM,06/05/1917,01/01/1934,45363,$45.36M,8
2331,Peoples Bank and Trust Company,517 Washington Street,Ryan,Oklahoma,OK,73565,Jefferson,www.peoplesbankusa.com,NM,03/05/1906,01/01/1934,45318,$45.32M,15
13832,The Trust Bank,50 W Central Ave,Lenox,Georgia,GA,31637,Cook,www.thetrustbank.net,NM,06/25/1907,02/05/1934,45212,$45.21M,17
15442,Robert Lee State Bank,621 Austin St,Robert Lee,Texas,TX,76945,Coke,www.robertleestatebank.com,NM,10/23/1936,12/10/1936,45078,$45.08M,12
9351,State Bank of Lake Park,2049 2nd Street,Lake Park,Minnesota,MN,56554,Becker,https://www.statebankoflakepark.com,NM,10/11/1926,01/01/1934,44726,$44.73M,7
8604,First State Bank,201 Main St,Hordville,Nebraska,NE,68846,Hamilton,FSBHORDVILLE.COM,NM,01/01/1906,01/01/1934,44666,$44.67M,7
12745,Bank of Prague,316 W Center Ave,Prague,Nebraska,NE,68050,Saunders,www.bankofprague1.com,NM,01/01/1906,01/01/1934,44010,$44.01M,8
6198,Highland State Bank,541 Main St,Highland,Wisconsin,WI,53543,Iowa,www.highlandstatebank.net,NM,06/01/1903,01/01/1934,43898,$43.90M,7
11417,Welcome State Bank,111 Guide St N,Welcome,Minnesota,MN,56181,Martin,www.welcomestatebank.com,SM,01/01/1913,01/01/1934,43818,$43.82M,7
28663,The Brookville Building and Savings Association,510 Arlington Rd,Brookville,Ohio,OH,45309,Montgomery,www.brookvillesavings.com,NM,01/01/1903,08/09/1989,43798,$43.80M,7
10809,First State Bank of Van Orin,27875 2600 E St,Van Orin,Illinois,IL,61374,Bureau,http://vanorinbank.com,NM,12/26/1919,01/01/1934,43718,$43.72M,6
10571,Farmers and Merchants State Bank of Alpha,210 Main St N,Alpha,Minnesota,MN,56111,Martin,famstatebankofalpha.com,NM,08/01/1911,01/01/1934,43675,$43.67M,6
18942,"The Bank of San Jacinto County, Coldspring, Texas",100 Hwy 150,Coldspring,Texas,TX,77331,San Jacinto,www.banksjc.com,NM,11/09/1963,11/09/1963,43482,$43.48M,13
29627,Second Federal Savings and Loan Association of Philadelphia,1727 Chestnut St,Philadelphia,Pennsylvania,PA,19103,Philadelphia,www.secondfed.com,SB,01/01/1924,08/09/1989,43046,$43.05M,4
29449,North Side Federal Savings and Loan Association of Chicago,5159 N Clark St,Chicago,Illinois,IL,60640,Cook,www.northsidefederal.com,SB,01/01/1934,08/09/1989,42791,$42.79M,8
4122,1st Bank in Hominy,117 N Price Ave,Hominy,Oklahoma,OK,74035,Osage,http://www.1stbankhominy.com,SM,04/12/1906,01/01/1934,42764,$42.76M,13
12225,FMB Bank,100 Veterans Memorial Pkwy,Wright City,Missouri,MO,63390,Warren,www.fmb-bank.com,NM,12/10/1910,01/01/1934,42750,$42.75M,13
9417,Grant County State Bank,202 N Main St,Carson,North Dakota,ND,58529,Grant,www.grantcountystatebank.com,NM,08/29/1913,01/01/1934,42677,$42.68M,7
17375,The State Exchange Bank,107 S Commercial St,Mankato,Kansas,KS,66956,Jewell,www.stateexchange.net,NM,11/01/1887,12/16/1954,42529,$42.53M,6
59339,Altos Bank,467 1st St,Los Altos,California,CA,94022,Santa Clara,www.altosbank.com,NM,11/25/2024,11/25/2024,42383,$42.38M,17
27897,"Black Mountain Savings Bank, SSB",200 E State St,Black Mountain,North Carolina,NC,28711,Buncombe,,SI,04/04/1923,08/09/1989,42364,$42.36M,5
4652,NINNESCAH VALLEY BANK,101 E 1st St,Cunningham,Kansas,KS,67035,Kingman,http://www.nvalleybank.com,NM,07/23/1925,01/01/1934,42319,$42.32M,6
30065,"Peoples Community Bank SB of Monticello, Indiana",126 Constitution Plz,Monticello,Indiana,IN,47960,White,www.peoplesmonticello.com,SL,01/01/1899,08/09/1989,42145,$42.15M,6
14344,Farmers State Bank,110 W State St,Phillipsburg,Kansas,KS,67661,Phillips,http://WWW.FSBPHILLIPSBURG.COM,SM,01/01/1909,05/08/1934,42017,$42.02M,5
9752,Marshall County State Bank,118 E Minnesota Ave,Newfolden,Minnesota,MN,56738,Marshall,www.mcsbnewfolden.com,NM,10/20/1922,01/01/1934,42013,$42.01M,5
27841,Citizens Federal Savings and Loan Association,433 Madison Ave,Covington,Kentucky,KY,41011,Kenton,www.citizens-federal.com,SB,01/01/1886,08/09/1989,41961,$41.96M,5
17551,Community State Bank,207 S Main St,Paton,Iowa,IA,50217,Greene,www.csbpaton.com,NM,02/15/1956,02/15/1956,41796,$41.80M,5
31409,First Federal Savings and Loan Association,211 W Main St,Morehead,Kentucky,KY,40351,Rowan,www.firstfederalmorehead.com,SB,08/12/1963,08/09/1989,41445,$41.45M,7
29774,Carrollton Federal Bank,2539 Highway 227,Carrollton,Kentucky,KY,41008,Carroll,www.carrolltonfederal.com,SB,01/01/1890,08/09/1989,41340,$41.34M,10
30176,Home Savings Bank of Wapakoneta,1 S Blackhoof St,Wapakoneta,Ohio,OH,45895,Auglaize,www.homesavings-wapak.com,NM,11/24/1941,08/09/1989,41185,$41.19M,7
5196,The First National Bank of McIntosh,260 Cleveland Ave Sw,Mcintosh,Minnesota,MN,56556,Polk,www.fnbmcintosh.com,N,08/22/1889,01/01/1934,41039,$41.04M,7
59330,Fortuna Bank,871 Goodale Blvd,Grandview Heights,Ohio,OH,43212,Franklin,www.fortunabank.com,NM,12/09/2024,12/09/2024,40798,$40.80M,10
1675,Richland State Bank,602 1st St,Bruce,South Dakota,SD,57220,Brookings,www.richlandstate.org,NM,01/01/1927,01/01/1934,40621,$40.62M,14
11731,Fairview State Banking Company,420 Carter St,Fairview,Illinois,IL,61432,Fulton,http://www.fairviewstate.com,NM,07/01/1915,01/01/1934,40561,$40.56M,5
6084,The Farmers State Bank of Turton,123 E Center St,Turton,South Dakota,SD,57477,Spink,www.fsbturtonsd.com,NM,08/13/1915,01/01/1934,40305,$40.30M,5
31774,Home Federal Savings and Loan Association,2990 Main Hwy,Bamberg,South Carolina,SC,29003,Bamberg,www.homefedbamberg.com,SL,01/01/1920,08/09/1989,39997,$40.00M,6
18568,Community Bank of Easton,202 W Main St,Easton,Illinois,IL,62633,Mason,,NM,08/01/1962,08/01/1962,39994,$39.99M,6
15098,Union State Bank,204 E Highway 16,Olsburg,Kansas,KS,66520,Pottawatomie,,NM,11/01/1910,04/24/1935,39883,$39.88M,8
18463,Heritage Bank,695 Marion Blvd,Marion,Iowa,IA,52302,Linn,www.heritagemarion.bank,NM,03/01/1899,12/07/1961,39413,$39.41M,7
23826,Bank Of Jackson Hole Trust,990 W Broadway,Jackson,Wyoming,WY,83001,Teton,www.bankofjacksonholetrust.com,SM,06/01/1982,06/01/1982,39377,$39.38M,13
9349,First State Bank of Fountain,101 Main St,Fountain,Minnesota,MN,55935,Fillmore,www.firststatebankoffountain.com,NM,01/01/1901,01/01/1934,39181,$39.18M,4
33855,Credit First National Association,6275 Eastland Rd,Brook Park,Ohio,OH,44142,Cuyahoga,,N,10/19/1993,10/19/1993,38973,$38.97M,92
17450,Defiance State Bank,201 Main Ave,Defiance,Iowa,IA,51527,Shelby,defiancestatebank.com,NM,09/01/1951,06/08/1955,38929,$38.93M,7
35602,Country Trust Bank,1711 General Electric Rd,Bloomington,Illinois,IL,61704,Mclean,www.countryfinancial.com/,SB,05/01/2000,05/01/2000,38791,$38.79M,125
17160,Cottonwood Valley Bank,106 Main St,Cedar Point,Kansas,KS,66843,Chase,www.cottonwoodvalleybank.com,SM,01/25/1914,12/08/1952,38679,$38.68M,5
13582,State Bank of Nauvoo,1205 Mulholland St,Nauvoo,Illinois,IL,62354,Hancock,www.statebankofnauvoo.com,NM,01/17/1893,01/08/1934,38472,$38.47M,7
8946,Kindred State Bank,411 Elm St,Kindred,North Dakota,ND,58051,Cass,http://www.kindredstatebank.com,NM,12/01/1898,01/01/1934,38440,$38.44M,6
13931,State Bank of Schaller,100 W 2nd St,Schaller,Iowa,IA,51053,Sac,www.statebankofschaller.com,NM,01/01/1898,02/24/1934,38259,$38.26M,4
13611,Bank of Mead,322 S Vine St,Mead,Nebraska,NE,68041,Saunders,WWW.BANKOFMEAD.COM,NM,09/01/1885,01/13/1934,37867,$37.87M,5
10704,Avana Bank,2118 S Treadaway Blvd,Abilene,Texas,TX,79602,Taylor,www.avana.bank,SM,06/03/1903,01/01/1934,37800,$37.80M,10
16868,Corn Growers State Bank,333 Nebraska St,Murdock,Nebraska,NE,68407,Cass,corngrowersbank.com,NM,01/03/1950,01/11/1950,37493,$37.49M,6
10077,Farmers State Bank of Emden,205 Lincoln St,Emden,Illinois,IL,62635,Logan,,NM,05/25/1891,01/01/1934,37470,$37.47M,5
10200,State Bank of Jeffers,104 E Whited St,Jeffers,Minnesota,MN,56145,Cottonwood,statebankofjeffers.com,NM,06/27/1900,01/01/1934,37388,$37.39M,4
29486,Kingstree Federal Savings and Loan Association,101 E Mill St,Kingstree,South Carolina,SC,29556,Williamsburg,www.kingstreefederal.com,SB,01/01/1926,08/09/1989,37168,$37.17M,6
29582,Pee Dee Federal Savings Bank,106 Ne Court St,Marion,South Carolina,SC,29571,Marion,,SB,12/11/1935,08/09/1989,37150,$37.15M,7
4494,The First National Bank of Primghar,108 S Hayes Ave,Primghar,Iowa,IA,51245,O'Brien,www.fnbprimghar.com,N,11/11/1889,01/01/1934,37129,$37.13M,7
57470,Members Trust Company,14055 Riveredge Dr,Tampa,Florida,FL,33637,Hillsborough,www.memberstrust.com,SB,10/30/2003,10/30/2003,37018,$37.02M,58
10843,Citizens Bank of Chatsworth,502 E Locust St,Chatsworth,Illinois,IL,60921,Livingston,www.bankatcbc.com,NM,12/07/1903,01/01/1934,36946,$36.95M,10
17174,"Peoples State Bank, Fairmount, N. D.",201 Main Ave,Fairmount,North Dakota,ND,58030,Richland,www.peoples-state.com,NM,01/02/1953,01/02/1953,36903,$36.90M,9
5142,The First National Bank of Fairfax,16 1st St Se,Fairfax,Minnesota,MN,55332,Renville,http://www.fnbfx.com,N,01/01/1910,01/01/1934,36784,$36.78M,7
29059,Tucumcari Federal Savings and Loan Association,301 S 1st St,Tucumcari,New Mexico,NM,88401,Quay,www.tucfed.com,SB,07/01/1934,08/09/1989,36554,$36.55M,6
27716,Mutual Savings and Loan Association,2900 Clearview Pkwy,Metairie,Louisiana,LA,70006,Jefferson,www.mutualsavings.com,SB,01/01/1910,08/09/1989,36150,$36.15M,8
13926,"The State Bank of Canton, Canton, Kansas",103 S Main St,Canton,Kansas,KS,67428,Mcpherson,www.statebankofcanton.com,NM,05/15/1895,02/21/1934,36026,$36.03M,6
14853,The First National Bank at St. James,202 1st Ave S,Saint James,Minnesota,MN,56081,Watonwan,www.fnbstjames.com,N,10/31/1934,10/31/1934,35936,$35.94M,12
15762,First American Bank,301 West Main Street,Stonewall,Oklahoma,OK,74871,Pontotoc,www.fabstonewall.com,NM,07/04/1940,07/04/1940,35195,$35.20M,11
59312,GS&L Municipal Bank,42 Church St,Gouverneur,New York,NY,13642,St. Lawrence,,NM,09/16/2022,09/16/2022,35099,$35.10M,0
9295,Farmers State Bank,401 Main St,Lake View,Iowa,IA,51450,Sac,www.fsblv.com,SM,01/01/1914,01/01/1934,34869,$34.87M,7
18724,Citizens State Bank,209 3rd St,Carleton,Nebraska,NE,68326,Thayer,www.carletonbank.com,NM,02/01/1890,03/14/1963,34866,$34.87M,5
5232,The First National Bank of Proctor,211 2nd St,Proctor,Minnesota,MN,55810,St. Louis,www.proctorbank.com,N,01/01/1902,01/01/1934,34451,$34.45M,7
9354,Farmers State Bank of Hoffman,103 W Main Ave,Hoffman,Minnesota,MN,56339,Grant,www.fsbhoffman.net,NM,03/21/1911,01/01/1934,34083,$34.08M,6
17122,Lake Country Community Bank,111 Division St N,Morristown,Minnesota,MN,55052,Rice,lccbank.com,NM,05/02/1928,07/01/1952,33965,$33.97M,8
5110,Western National Bank,210 2nd St Nw,Cass Lake,Minnesota,MN,56633,Cass,www.wbcasslake.com,N,07/01/1902,01/01/1934,33830,$33.83M,5
13999,The Farmers and Merchants State Bank,550 Main St,Scotland,South Dakota,SD,57059,Bon Homme,http://wwwfmsbscotland.com,NM,03/06/1934,03/06/1934,33249,$33.25M,6
33656,Metropolitan Bank and Trust Company,10 E 53rd St,New York,New York,NY,10022,New York,,OI,09/05/1962,06/01/1983,32752,$32.75M,
20454,Citizens Bank of Edinburg,100 E Washington St,Edinburg,Illinois,IL,62531,Christian,http://www.edinburgbank.net,NM,07/16/1971,07/16/1971,32477,$32.48M,5
399,First Summit Bank,527 Washington Street,Ryan,Oklahoma,OK,73565,Jefferson,www.fsbwford.com,NM,06/01/1894,01/01/1934,32319,$32.32M,11
9406,Bank of Cattaraugus,24 Main St,Cattaraugus,New York,NY,14719,Cattaraugus,www.BankofCattaraugus.com,SM,03/30/1882,01/01/1934,32251,$32.25M,8
12098,The First State Bank of Dongola,108 Ne Front St,Dongola,Illinois,IL,62926,Union,,SM,05/01/1906,01/01/1934,32247,$32.25M,9
29685,Martinsville First Savings Bank,25 W Church St,Martinsville,Virginia,VA,24112,Henry,www.martinsvillefirst.bank,SB,01/01/1924,08/09/1989,32072,$32.07M,4
24038,Brazos National Bank,2300 Brazosport Blvd N,Richwood,Texas,TX,77531,Brazoria,www.brazosbank.com,N,08/02/1982,08/02/1982,31829,$31.83M,26
22549,First Progressive Bank,312 Sowell St,Brewton,Alabama,AL,36426,Escambia,,SM,11/10/1977,11/10/1977,31757,$31.76M,6
10803,Dewey Bank,2994 County Road 900 E,Dewey,Illinois,IL,61840,Champaign,www.deweybank.com,NM,01/01/1902,01/01/1934,31554,$31.55M,8
526,Farmers State Bank,103 E 2nd St,Pine Bluffs,Wyoming,WY,82082,Laramie,www.farmersstatebankwyoming.com,SM,04/30/1915,01/01/1934,31445,$31.45M,6
12585,The Hopeton State Bank,19495 County Rd 440,Hopeton,Oklahoma,OK,73746,Woods,hopetonbank.com,NM,01/01/1919,01/01/1934,31381,$31.38M,6
4728,The Marion National Bank,302 E Main St,Marion,Kansas,KS,66861,Marion,bankwithmnb.com,N,01/01/1905,01/01/1934,31133,$31.13M,7
59345,Five Rivers Bank,81 E State Rt 4,Paramus,New Jersey,NJ,07652,Bergen,www.fiveriversbank.com,NM,05/12/2025,05/12/2025,31096,$31.10M,13
18094,Marquette Farmers State Bank of Marquette,205 N Washington St,Marquette,Kansas,KS,67464,Mcpherson,www.mfsb.com,NM,07/26/1906,10/15/1959,31069,$31.07M,5
31266,"Jackson Savings Bank, SSB",741 W Main St,Sylva,North Carolina,NC,28779,Jackson,www.jacksonsavingsbank.com,SI,01/01/1955,08/09/1989,31020,$31.02M,5
11302,First State Bank of St. Peter,200 E 3rd St,Saint Peter,Illinois,IL,62880,Fayette,www.fsbstpeter.com,SM,04/25/1908,01/01/1934,30881,$30.88M,5
420,Bank of Vici,121 W Broadway,Vici,Oklahoma,OK,73859,Dewey,http://www.bankofvici.com,NM,01/01/1902,01/01/1934,30596,$30.60M,12
34619,ITS Bank,6700 Pioneer Pkwy,Johnston,Iowa,IA,50131,Polk,,NM,01/01/2000,01/01/2000,30525,$30.52M,0
10120,American Trust and Savings Bank,309 Mckinley Ave,Lowden,Iowa,IA,52255,Cedar,www.atsb-lowden.com,NM,10/01/1913,01/01/1934,30365,$30.36M,5
57363,Cheyenne State Bank,101 W 19th St,Cheyenne,Wyoming,WY,82001,Laramie,http://www.cheyennestatebank.com,NM,08/08/2002,08/08/2002,30316,$30.32M,11
59358,Gala Bank,517 Sw 27th Ave,Ocala,Florida,FL,34471,Marion,,NM,12/30/2024,12/30/2024,30117,$30.12M,13
3018,The First National Bank of Fleming,201 N Logan Ave,Fleming,Colorado,CO,80728,Logan,www.fnbfleming.com,N,01/01/1917,01/01/1934,29744,$29.74M,7
18937,St. Martin National Bank,136 Maine St,Saint Martin,Minnesota,MN,56376,Stearns,www.stmartinnationalbank.com,N,11/12/1963,11/12/1963,28932,$28.93M,4
29857,"The Liberty Savings Association, FSA",24 S Judson St,Fort Scott,Kansas,KS,66701,Bourbon,www.libertysavingsfsa.com,SB,01/01/1919,08/09/1989,28197,$28.20M,4
16561,State Bank of Easton,50 Main St,Easton,Minnesota,MN,56025,Faribault,,NM,05/21/1934,04/09/1947,28165,$28.16M,4
26755,"Minnesota First Credit and Savings, Incorporated",1932 Viking Dr Nw,Rochester,Minnesota,MN,55901,Olmsted,www.mnfirst.com,NM,01/01/1956,08/07/1986,28059,$28.06M,7
14820,The Citizens National Bank of Hammond,19 Main St,Hammond,New York,NY,13646,St. Lawrence,,N,01/01/1913,10/15/1934,27986,$27.99M,7
35075,The Philadelphia Trust Company,1760 Market St Fl 2,Philadelphia,Pennsylvania,PA,19103,Philadelphia,www.philadelphiatrust.com,NM,04/01/1999,04/01/1999,27899,$27.90M,20
30152,Milford Building and Loan Association,131 E Jones St,Milford,Illinois,IL,60953,Iroquois,,SI,01/01/1883,08/09/1989,27725,$27.73M,5
3303,The First National Bank of Lipan,101 E Lipan Dr,Lipan,Texas,TX,76462,Hood,,N,01/01/1907,01/01/1934,27426,$27.43M,6
14400,First National Bank in Tigerton,140 Cedar St,Tigerton,Wisconsin,WI,54486,Shawano,http://www.bank1stnational.com,N,05/19/1934,05/25/1934,27399,$27.40M,8
5999,First State Bank in Temple,111 South Commercial,Temple,Oklahoma,OK,73568,Cotton,http://www.fstbank.com,SM,06/01/1919,01/01/1934,26863,$26.86M,8
31723,"Home Savings Bank, FSB",202 Elm St,Ludlow,Kentucky,KY,41016,Kenton,www.homesavingsbanknky.com,SB,01/01/1941,08/09/1989,26598,$26.60M,5
15930,Maxwell State Bank,122 Main St,Maxwell,Iowa,IA,50161,Story,www.maxwellstate.com,NM,02/01/1943,02/01/1943,26414,$26.41M,5
29490,First Federal Savings & Loan Association of Ravenswood,712 Washington St,Ravenswood,West Virginia,WV,26164,Jackson,,SB,01/01/1934,08/09/1989,26349,$26.35M,3
16585,Vermont State Bank,106 N Main St,Vermont,Illinois,IL,61484,Fulton,https://www.vermontstatebank.com,NM,06/09/1947,06/09/1947,26306,$26.31M,18
3985,The First National Bank of Frederick,314 Main St,Frederick,South Dakota,SD,57441,Brown,www.fnbfredericksd.com,N,05/18/1882,01/01/1934,25964,$25.96M,4
10840,Campus State Bank,206 Center St,Campus,Illinois,IL,60920,Livingston,www.campustatebank.com,NM,01/01/1899,01/01/1934,25694,$25.69M,4
16281,Bank of Lumber City,21 Main St,Lumber City,Georgia,GA,31549,Telfair,www.bankoflumbercity.com,NM,07/02/1945,07/02/1945,25420,$25.42M,11
18483,Andes State Bank,213 Main St,Lake Andes,South Dakota,SD,57356,Charles Mix,www.andesstatebank.com,NM,02/05/1962,02/05/1962,24986,$24.99M,3
12432,The Baxter State Bank,1401 Military Ave,Baxter Springs,Kansas,KS,66713,Cherokee,www.baxterstatebank.com,NM,01/01/1905,01/01/1934,24945,$24.95M,6
15853,The Farmers State Bank,412 W Commercial St,Fairview,Kansas,KS,66425,Brown,www.fsbfairview.com,NM,09/14/1929,10/11/1941,24856,$24.86M,5
19105,Peoples Bank of Macon,191 N Front St,Macon,Illinois,IL,62544,Macon,,NM,05/11/1964,05/11/1964,24736,$24.74M,4
8218,First State Bank of Swanville,306 Degraff Ave,Swanville,Minnesota,MN,56382,Morrison,www.fsbswanville.com,NM,05/01/1907,01/01/1934,24733,$24.73M,4
3600,The First National Bank of Assumption,141 N Chestnut St,Assumption,Illinois,IL,62510,Christian,www.FNBAssumption.com,N,01/01/1900,01/01/1934,24589,$24.59M,4
4144,Farmers and Merchants Bank,621 Main Street,Maysville,Oklahoma,OK,73057,Garvin,http://www.fmbokonline.com,NM,01/01/1908,01/01/1934,24243,$24.24M,7
10145,Hart County Bank and Trust Company,331 Main St,Munfordville,Kentucky,KY,42765,Hart,,NM,02/20/1890,01/01/1934,24020,$24.02M,6
17825,Boelus State Bank,523 Delaware St,Boelus,Nebraska,NE,68820,Howard,boelusbank.com,NM,01/01/1900,01/01/1958,23559,$23.56M,4
29005,First Federal Savings and Loan Association,5 E Main St,Centerburg,Ohio,OH,43011,Knox,,SB,06/01/1934,08/09/1989,23477,$23.48M,4
28480,Columbia Savings and Loan Association,2020 W Fond Du Lac Ave,Milwaukee,Wisconsin,WI,53205,Milwaukee,www.columbiasla.com,SL,01/01/1924,08/09/1989,23323,$23.32M,6
4098,The First National Bank of Fletcher,401 West Cole Ave,Fletcher,Oklahoma,OK,73541,Comanche,http://fletcherbank.com,N,11/13/1902,01/01/1934,23085,$23.09M,9
13696,Nebraska State Bank,301 Prairie St,Bristow,Nebraska,NE,68719,Boyd,,NM,11/14/1924,01/19/1934,23036,$23.04M,4
13902,Farmers State Bank of Medora,106 E Washington St,Medora,Illinois,IL,62063,Macoupin,,NM,09/09/1912,02/17/1934,22353,$22.35M,5
10635,The Bank of Steinauer,215 Main St,Steinauer,Nebraska,NE,68441,Pawnee,www.bankofsteinauer.com,NM,06/28/1888,01/01/1934,21970,$21.97M,6
10872,Chesterfield State Bank,25 S Main St,Chesterfield,Illinois,IL,62630,Macoupin,,NM,09/21/1898,01/01/1934,21727,$21.73M,5
9438,The Mt. Victory State Bank,103 S Main St,Mount Victory,Ohio,OH,43340,Hardin,www.mtvictorybank.com,NM,09/14/1929,01/01/1934,21510,$21.51M,5
12425,The Dickinson County Bank,101 S Factory,Enterprise,Kansas,KS,67441,Dickinson,www.dcbonline.net,NM,06/02/1894,01/01/1934,21057,$21.06M,4
17632,The Farmers State Bank,624 Main St,Dwight,Kansas,KS,66849,Morris,,NM,01/01/1921,07/18/1956,20836,$20.84M,5
16516,Nebraska State Bank,202 N Fourth St,Lynch,Nebraska,NE,68746,Boyd,,NM,12/09/1946,12/09/1946,20452,$20.45M,5
16744,The Peoples State Bank,200 W Main St,Cherryvale,Kansas,KS,67335,Montgomery,http://www.psbcherryvale.com,NM,01/01/1880,11/04/1948,19914,$19.91M,5
12284,Farmers & Merchants Bank,101 East Second Street,Duke,Oklahoma,OK,73532,Jackson,http://www.fmbok.com,NM,05/02/1910,01/01/1934,19173,$19.17M,4
31345,"Hertford Savings Bank, SSB",121 N Church St,Hertford,North Carolina,NC,27944,Perquimans,www.hertfordsavingsbank.com,SI,01/01/1923,08/09/1989,19125,$19.13M,3
35314,BHM Bank,2170 Highland Ave S,Birmingham,Alabama,AL,35205,Jefferson,BHM.bank,NM,01/28/2000,01/28/2000,19014,$19.01M,8
32306,New Foundation Savings Bank,8249 Clara Ave,Cincinnati,Ohio,OH,45239,Hamilton,www.newfoundationsavingsbank.com,SL,10/28/1891,08/09/1989,18199,$18.20M,5
17441,Dysart State Bank,301 Main St,Dysart,Iowa,IA,52224,Tama,WWW.DYSARTSTATEBANK.COM,NM,01/01/1934,05/31/1955,18082,$18.08M,6
57160,National Advisors Trust Company,11141 Overbrook Rd,Leawood,Kansas,KS,66211,Johnson,www.NationalAdvisors.com,N,10/01/2001,10/01/2001,17815,$17.82M,77
30031,Huntingdon Savings Bank,423 Penn St,Huntingdon,Pennsylvania,PA,16652,Huntingdon,,SI,01/01/1923,11/01/1998,17717,$17.72M,2
12086,Sainte Marie State Bank,103 North Main Street,Sainte Marie,Illinois,IL,62459,Jasper,,NM,01/01/1900,01/01/1934,17651,$17.65M,6
10816,Grand Rivers Community Bank,260 S Main St,Grand Chain,Illinois,IL,62941,Pulaski,www.grandriverscommunitybank.com,NM,01/01/1902,01/01/1934,17477,$17.48M,7
13729,Prescott State Bank,283 E Main St,Prescott,Kansas,KS,66767,Linn,HTTPS://ONLINEBANKING.PRESCOTTSTATEBANK.COM,NM,09/26/1904,01/01/1934,16991,$16.99M,5
11716,Hartsburg State Bank,101 N 2nd St,Hartsburg,Illinois,IL,62643,Logan,,SM,03/13/1901,01/01/1934,16515,$16.52M,3
27010,Young Americans Bank,3550 E 1st Ave,Denver,Colorado,CO,80206,Denver,www.yacenter.org,NM,08/03/1987,08/03/1987,15866,$15.87M,8
34478,Cedar Hill National Bank,8100 Denmark Rd,Charlotte,North Carolina,NC,28273,Mecklenburg,,N,02/02/1998,02/02/1998,15276,$15.28M,20
34799,Thrivent Trust Company,4321 N Ballard Rd,Appleton,Wisconsin,WI,54919,Outagamie,www.thriventtrust.com,SB,11/02/1998,11/02/1998,15167,$15.17M,22
57379,Independence Bank,1370 S County Trl,East Greenwich,Rhode Island,RI,02818,Kent,www.independence-bank.com,NM,03/25/2003,03/25/2003,14752,$14.75M,4
57109,Everence Trust Company,1110 N Main St,Goshen,Indiana,IN,46528,Elkhart,www.everence.com,SB,06/01/2001,06/01/2001,14029,$14.03M,36
17138,Peoples State Bank,117 East Main Street,Blair,Oklahoma,OK,73526,Jackson,http://www.psbokonline.com,NM,08/25/1952,08/25/1952,13361,$13.36M,5
35510,Davidson Trust Co.,8 3rd St N Ste 200,Great Falls,Montana,MT,59401,Cascade,,SB,01/01/2001,01/01/2001,13233,$13.23M,28
17982,The Walton State Bank,116 Main St,Walton,Kansas,KS,67151,Harvey,waltonstatebank.com,NM,05/27/1907,04/09/1959,13124,$13.12M,5
26816,"Liberty Bank, Inc.",79 S Main St,Salt Lake City,Utah,UT,84111,Salt Lake,www.libertybankofutah.com,NM,11/05/1956,10/20/1986,13063,$13.06M,4
16583,State Bank of Burrton,200 N Burrton Ave,Burrton,Kansas,KS,67020,Harvey,www.statebankofburrtononline.com,SM,05/22/1947,05/22/1947,9479,$9.48M,3
29966,The Equitable Savings and Loan Company,114 S Main St,Cadiz,Ohio,OH,43907,Harrison,www.equitablesavings.com,NM,01/01/1898,08/09/1989,9004,$9.00M,3
58216,BMO Harris Central National Association,110 E Irving Park Rd,Roselle,Illinois,IL,60172,Dupage,www.bmo.com,N,05/28/2005,05/28/2005,8188,$8.19M,0
13986,"Transact Bank, National Association",700 17th St,Denver,Colorado,CO,80202,Denver,www.transactbank.com,N,12/11/1905,02/27/1934,7259,$7.26M,9
34331,DSRM National Bank,5600 Wyoming Blvd Ne,Albuquerque,New Mexico,NM,87109,Bernalillo,,N,10/01/1996,10/01/1996,4400,$4.40M,2
57834,Emigrant Mercantile Bank,6 E 43rd St,New York,New York,NY,10017,New York,,NM,07/09/2004,07/09/2004,3493,$3.49M,0
28722,Kentland Federal Savings and Loan Association,116 N 3rd St,Kentland,Indiana,IN,47951,Newton,,SB,01/01/1920,08/09/1989,3330,$3.33M,2
0,The Bank of East Asia Ltd.,540 Madison Ave,New York,New York,NY,10022,New York,,NC,05/01/1984,12/31/9999,,N/A,
33652,Bank of China,4235 Main St,Flushing,New York,NY,11355,Queens,,OI,01/01/1912,09/26/1985,,N/A,
58500,Community Valley Bank,1443 W Main St,El Centro,California,CA,92243,Imperial,www.yourcvb.com,NM,10/01/2007,10/01/2007,,N/A,
59362,Solutions Plus Bank,700 Al Highway 75 N,Albertville,Alabama,AL,35951,Marshall,,NM,12/04/2025,12/04/2025,,N/A,
59369,Liberty Bank of New Jersey,725 Bloomfield Ave,Verona,New Jersey,NJ,07044,Essex,,NM,01/21/2026,01/21/2026,,N/A,
90709,Banco Cooperativo de Puerto Rico,"623 Ponce De Leon Avenue, Pda. 35",San Juan,Puerto Rico,PR,00936,San Juan,,NC,01/18/1974,12/31/9999,,N/A,
90846,French-American Banking Corporation (NYIC),120 Broadway,New York City,New York,NY,10005,New York,,NC,04/29/1919,12/31/9999,,N/A,