CU Number,Name,Street,City,State,ZIP,Year Opened,Charter Date,Peer Group,Is MDI,Total Assets,Total Assets (formatted),Member Count,Full-Time Employees,Part-Time Employees,Total Employees
5536,NAVY FEDERAL CREDIT UNION,820 FOLLIN LANE,VIENNA,VA,22180,1947,7/17/1947 0:00:00,6,false,194179276274,$194.18B,14998804,24482,632,25114
66310,STATE EMPLOYEES',119 N SALISBURY ST,RALEIGH,NC,27603,1937,6/4/1937 0:00:00,6,false,56788130278,$56.79B,2964865,7643,559,8202
24212,SCHOOLSFIRST,P.O. BOX 11547,SANTA ANA,CA,92711,1934,8/30/1985 0:00:00,6,false,34407962377,$34.41B,1526734,2790,169,2959
227,PENTAGON,7940 JONES BRANCH DR,MCLEAN,VA,22102,1935,3/25/1935 0:00:00,6,false,29352107429,$29.35B,2748653,2791,25,2816
62604,BOEING EMPLOYEES,12770 GATEWAY DR S,TUKWILA,WA,98168,1935,1/1/1935 0:00:00,6,false,28897413913,$28.90B,1541705,3220,89,3309
24694,AMERICA FIRST,"4774 SOUTH 1300 WEST, BUILDING # 3",RIVERDALE,UT,84405,1939,1/1/1939 0:00:00,6,false,23323084172,$23.32B,1537194,3311,203,3514
24692,MOUNTAIN AMERICA,P.O. BOX 2331,SANDY,UT,84091,1936,1/1/1936 0:00:00,6,false,21747928372,$21.75B,1381693,3385,430,3815
61650,THE GOLDEN 1,P.O. BOX 15966,SACRAMENTO,CA,95852,1933,1/1/1933 0:00:00,6,true,21083653160,$21.08B,1170482,2199,81,2280
67955,ALLIANT,11545 W TOUHY AVE,CHICAGO,IL,60666,1935,10/26/1935 0:00:00,6,false,20317844436,$20.32B,941349,907,1,908
68645,SUNCOAST,6801 E HILLSBOROUGH AVE,TAMPA,FL,33610,1978,4/13/1978 0:00:00,6,false,19059134709,$19.06B,1351821,2513,69,2582
8111,RANDOLPH-BROOKS,P.O. BOX 2097,UNIVERSAL CITY,TX,78148-2097,1952,1/1/1952 0:00:00,6,false,18910068078,$18.91B,1184741,2434,5,2439
19976,FIRST TECHNOLOGY,2702 ORCHARD PKWY,SAN JOSE,CA,95134-2012,1970,2/18/1970 0:00:00,6,false,16871126003,$16.87B,712057,1642,2,1644
62514,LAKE MICHIGAN,PO Box 2848,Grand Rapids,MI,49501,1933,1/1/1933 0:00:00,6,false,15210402425,$15.21B,517086,1692,97,1789
11065,SECURITY SERVICE,PO Box 691510,San Antonio,TX,78269-1510,1956,1/1/1956 0:00:00,6,false,14143875130,$14.14B,750086,2003,48,2051
4735,FOURLEAF,899 So. Oyster Bay Road,Bethpage,NY,11714,1941,1/1/1941 0:00:00,6,false,14059079975,$14.06B,512282,985,14,999
68490,VYSTAR,76 S Laura St,Jacksonville,FL,32202-3433,1952,1/1/1952 0:00:00,6,false,13900840817,$13.90B,1037027,2295,4,2299
63194,IDAHO CENTRAL,4400 Central Way,Chubbuck,ID,83202,1940,5/7/1940 0:00:00,6,false,13898276661,$13.90B,750520,1911,139,2050
5913,GLOBAL,PO Box 196613,Anchorage,AK,99519-6613,1948,12/6/1948 0:00:00,6,false,13041952177,$13.04B,795930,2009,37,2046
23521,DIGITAL,853 Donald Lynch Blvd,Marlborough,MA,01752,1979,10/10/1979 0:00:00,6,false,12863239970,$12.86B,1189016,1665,71,1736
60269,GREENSTATE,PO Box 800,North Liberty,IA,52317,1938,1/1/1938 0:00:00,6,false,10843432572,$10.84B,398403,961,22,983
5588,UNITED NATIONS,2401 44TH RD,LONG ISLAND CIT,NY,11101,1947,1/1/1947 0:00:00,6,false,10138522954,$10.14B,260307,803,0,803
8116,TEACHERS,PO Box 9005,Smithtown,NY,11787,1952,10/7/1952 0:00:00,6,false,9899488278,$9.90B,484208,863,31,894
24563,ESL,225 Chestnut St,Rochester,NY,14604,1995,2/1/1996 0:00:00,6,false,9896489120,$9.90B,462162,938,32,970
2551,POLICE & FIRE,901 Arch St,Philadelphia,PA,19107-2404,1938,1/20/1938 0:00:00,6,false,9800011036,$9.80B,439277,792,25,817
1999,LOGIX,27918 Franklin Pkwy,Valencia,CA,91355-6019,1937,1/21/1937 0:00:00,6,false,9730321984,$9.73B,256502,841,3,844
68095,EASTMAN,P. O. Box 1989,Kingsport,TN,37662,1934,12/10/1993 0:00:00,6,false,9724357087,$9.72B,356492,1079,10,1089
68671,ENT,P.O. Box 15819,Colorado Spring,CO,80935-5819,1957,3/7/1957 0:00:00,6,false,9712278392,$9.71B,581730,1486,21,1507
60793,REDWOOD,PO BOX 6104,SANTA ROSA,CA,95406,1950,1/1/1950 0:00:00,6,false,9678890746,$9.68B,404512,925,69,994
62745,ONPOINT COMMUNITY,PO Box 3750,Portland,OR,97208,1932,1/1/1932 0:00:00,6,false,9624934130,$9.62B,631292,1253,10,1263
68579,PATELCO,3 Park Pl,Dublin,CA,94568,1936,6/10/1936 0:00:00,6,false,9519174618,$9.52B,520989,839,19,858
68601,WINGS FINANCIAL,14985 Glazier Ave,Apple Valley,MN,55124,1938,6/15/1938 0:00:00,6,false,9390217225,$9.39B,381281,706,46,752
66328,"WRIGHT-PATT CREDIT UNION, INC.",3560 Pentagon Blvd,Beavercreek,OH,45431,1932,6/10/1932 0:00:00,6,false,9381555306,$9.38B,530264,1443,65,1508
61004,SAN DIEGO COUNTY,6545 Sequence Dr,San Diego,CA,92121,1938,1/1/1938 0:00:00,6,false,9262238325,$9.26B,413370,812,27,839
23957,AMERICAN AIRLINES,14050 FAA Blvd,Fort Worth,TX,76155,1982,11/23/1982 0:00:00,6,false,9238945210,$9.24B,381912,731,61,792
68713,DESERT FINANCIAL,148 N 48th St,Phoenix,AZ,85034,1939,5/4/1939 0:00:00,6,false,9174571054,$9.17B,497868,1338,26,1364
51,BROADVIEW,4 Winners Circle,Albany,NY,12205-1121,1934,1/1/1934 0:00:00,6,false,9024142199,$9.02B,510624,1293,47,1340
64131,PENNSYLVANIA STATE EMPLOYEES,PO BOX 67013,HARRISBURG,PA,17106,1933,1/1/1933 0:00:00,6,false,8998071229,$9.00B,563709,855,10,865
68465,STAR ONE,P.O. BOX 3643,SUNNYVALE,CA,94088-3643,1956,1/1/1956 0:00:00,6,false,8980742252,$8.98B,131454,259,0,259
67297,SPACE COAST,8045 N Wickham Rd,Melbourne,FL,32940-7920,1951,6/25/1951 0:00:00,6,false,8908419963,$8.91B,692562,1237,5,1242
66357,DELTA COMMUNITY,3250 Riverwood Pkwy SE,Atlanta,GA,30339-6419,1940,12/15/1940 0:00:00,6,false,8838377901,$8.84B,524276,1349,36,1385
68600,MIDFLORIDA,129 S Kentucky Ave,Lakeland,FL,33801,1954,5/20/1954 0:00:00,6,false,8767241458,$8.77B,487218,1240,228,1468
68437,BELLCO,"7600 E ORCHARD RD, STE 400N",GREENWOOD VILLA,CO,80111,1936,1/1/1936 0:00:00,6,false,8510010131,$8.51B,371658,458,2,460
64418,VERIDIAN,PO Box 6000,Waterloo,IA,50704-6000,1934,1/1/1934 0:00:00,6,false,8373412363,$8.37B,363770,1048,9,1057
7544,REDSTONE,220 WYNN DR,HUNTSVILLE,AL,35893,1951,1/1/1951 0:00:00,6,false,8276491470,$8.28B,649975,1352,22,1374
6694,MEMBERS 1ST,5000 Marketplace Way,Enola,PA,17025,1950,1/1/1950 0:00:00,6,false,8260601445,$8.26B,624987,1236,45,1281
23279,MICHIGAN STATE UNIVERSITY,3777 West Rd,East Lansing,MI,48823-8029,1979,1/2/1979 0:00:00,6,false,8235333167,$8.24B,389605,1361,61,1422
68448,CITIZENS EQUITY FIRST,PO Box 1715,Peoria,IL,61656-1715,1937,10/5/2000 0:00:00,6,false,8074736933,$8.07B,416558,1039,4,1043
67190,SUMMIT,PO Box 8046,Madison,WI,53708,1935,9/14/1935 0:00:00,6,false,7958777885,$7.96B,273364,838,61,899
68705,HUDSON VALLEY,P.O. Box 1071,Poughkeepsie,NY,12602-1071,1963,1/1/1963 0:00:00,6,false,7952829425,$7.95B,385907,1067,43,1110
66751,LANDMARK,555 S Executive Dr,Brookfield,WI,53005-4220,1933,2/8/1933 0:00:00,6,false,7324496826,$7.32B,403917,1003,48,1051
24962,VIRGINIA,P.O. Box 90010,Richmond,VA,23225-9010,1928,4/18/1928 0:00:00,6,false,7127399428,$7.13B,647446,1046,35,1081
14384,MISSION,10325 Meanley Dr,San Diego,CA,92131-3011,1961,1/1/1961 0:00:00,6,false,6978205382,$6.98B,323250,651,59,710
61844,DFCU FINANCIAL,PO Box 6048,Dearborn,MI,48121,1936,1/1/1936 0:00:00,6,false,6876642229,$6.88B,239484,547,88,635
5582,BANK FUND STAFF,1725 I St NW Ste 150,WASHINGTON,DC,20006,1947,1/1/1947 0:00:00,6,false,6784866723,$6.78B,104138,344,1,345
4142,KINECTA,1440 Rosecrans Ave,Manhattan Beach,CA,90266,1940,10/29/1940 0:00:00,6,false,6518274224,$6.52B,235136,663,17,680
2099,CITADEL,520 EAGLEVIEW BLVD,EXTON,PA,19341,1937,3/31/1937 0:00:00,6,false,6502911237,$6.50B,275891,631,4,635
68278,GESA,51 GAGE BLVD,RICHLAND,WA,99352,1953,1/1/1953 0:00:00,6,false,6409134260,$6.41B,312875,878,95,973
68203,SPOKANE TEACHERS,1620 N SIGNAL DR,LIBERTY LAKE,WA,99019,1934,5/21/1934 0:00:00,6,false,6391295740,$6.39B,306153,1004,24,1028
66703,WESCOM CENTRAL,123 S MARENGO AVE,PASADENA,CA,91101,1934,12/7/1934 0:00:00,6,false,6363294286,$6.36B,259450,920,9,929
24921,SERVICE,3003 LAFAYETTE RD,PORTSMOUTH,NH,03801,1957,1/1/1957 0:00:00,6,false,6300313580,$6.30B,377536,872,95,967
66642,COMMUNITY FIRST,PO Box 1487,Appleton,WI,54912-1487,1975,1/2/1975 0:00:00,6,false,6265398158,$6.27B,163614,549,67,616
68187,BAXTER,340 N Milwaukee Ave,Vernon Hills,IL,60061-1533,1980,10/16/1995 0:00:00,6,false,6235453851,$6.24B,364451,764,8,772
66492,UNIVERSITY OF WISCONSIN,PO Box 44963,Madison,WI,53744,1931,7/31/1931 0:00:00,6,false,6174111524,$6.17B,384480,830,72,902
24524,TINKER,PO Box 45750,Oklahoma City,OK,73145,1946,9/1/1946 0:00:00,6,false,6167614575,$6.17B,480438,916,106,1022
18297,COASTAL,1000 Saint Albans Dr,Raleigh,NC,27609,1967,1/1/1967 0:00:00,6,false,5827641702,$5.83B,342227,601,15,616
68536,GENISYS,2100 EXECUTIVE HILLS DR,AUBURN HILLS,MI,48326-2947,1964,10/15/1964 0:00:00,6,false,5804685098,$5.80B,294382,533,37,570
66834,ROYAL,200 RIVERFRONT TERRACE,EAU CLAIRE,WI,54703,1964,4/14/1964 0:00:00,6,false,5714685305,$5.71B,335126,806,63,869
66330,"STATE EMPLOYEES CU OF MARYLAND, INC",971 CORPORATE BOULEVARD,LINTHICUM,MD,21090,1951,10/17/1951 0:00:00,6,false,5689365518,$5.69B,269179,438,19,457
6328,NASA,500 Prince Georges Blvd,Upper Marlboro,MD,20774,1949,1/1/1949 0:00:00,6,false,5671862789,$5.67B,244076,370,16,386
68722,TRUSTONE FINANCIAL,"14601 27th Ave N, Suite 104",Plymouth,MN,55447,1939,6/20/1988 0:00:00,6,false,5669826366,$5.67B,219656,533,26,559
1261,LANGLEY,721 Lakefront Cmns,Newport News,VA,23606,1936,1/1/1936 0:00:00,6,false,5606468830,$5.61B,400170,718,0,718
60060,EVERWISE,110 S Main St,South Bend,IN,46601-1805,1931,1/1/1931 0:00:00,6,false,5538528007,$5.54B,298696,708,30,738
67664,COMMUNITYAMERICA,P.O. Box 15950,Lenexa,KS,66285,1940,3/19/1940 0:00:00,6,false,5443738279,$5.44B,380564,1028,23,1051
68429,TRAVIS,1 TRAVIS WAY,VACAVILLE,CA,95687,1951,1/1/1951 0:00:00,6,false,5415453135,$5.42B,264723,640,10,650
11307,APPLE,PO Box 1200,Fairfax,VA,22038,1956,1/1/1956 0:00:00,6,false,5333284748,$5.33B,268907,576,31,607
60784,CALIFORNIA,701 N BRAND BLVD,GLENDALE,CA,91203-1295,1933,1/1/1933 0:00:00,6,false,5249608986,$5.25B,201474,486,49,535
7840,TRULIANT,PO BOX 26000,Winston Salem,NC,27114-6000,1952,1/1/1952 0:00:00,6,false,5208352582,$5.21B,334571,959,4,963
17429,VISIONS,24 MCKINLEY AVE,ENDICOTT,NY,13760,1966,5/6/1966 0:00:00,6,false,5199428622,$5.20B,252760,797,71,868
5621,AMERICAN HERITAGE,2060 Red Lion Road,Philadelphia,PA,19115,1948,1/1/1948 0:00:00,6,false,5174375122,$5.17B,326668,653,38,691
60520,EDUCATIONAL EMPLOYEES,P.O. BOX 5242,FRESNO,CA,93755,1934,1/1/1934 0:00:00,6,false,5105969882,$5.11B,392631,571,22,593
1273,STATE FARM,"One State Farm Plaza, SA-1",Bloomington,IL,61710,1936,4/22/1936 0:00:00,6,false,5102453334,$5.10B,112919,139,1,140
68417,FAIRWINDS,"135 W CENTRAL BLVD, SUITE 1220",ORLANDO,FL,32801,1949,1/1/1949 0:00:00,6,false,5099497498,$5.10B,243453,590,14,604
60042,WASHINGTON STATE EMPLOYEES,PO BOX WSECU,OLYMPIA,WA,98507,1957,1/1/1957 0:00:00,6,false,5088250231,$5.09B,319868,776,55,831
5561,KEESLER,P O BOX 7001,BILOXI,MS,39534-7001,1947,1/1/1947 0:00:00,6,false,5071215482,$5.07B,382513,908,22,930
24326,CHEVRON,2300 Clayton Rd Ste 700,Concord,CA,94520,1935,1/1/1935 0:00:00,6,false,5039623535,$5.04B,139185,342,3,345
24063,FOUNDERS,737 Plantation Rd,Lancaster,SC,29720,1961,11/4/1983 0:00:00,6,false,4986168116,$4.99B,285807,875,19,894
68085,KNOXVILLE TVA EMPLOYEES,P.O. Box 36027,Knoxville,TN,37930,1934,12/8/1934 0:00:00,6,false,4973647935,$4.97B,298362,631,29,660
60705,TEXAS DOW EMPLOYEES,1001 FM 2004 Rd,Lake Jackson,TX,77566,1954,1/1/1954 0:00:00,6,false,4899101281,$4.90B,392797,766,26,792
64778,CANVAS,9990 PARK MEADOWS DRIVE,LONE TREE,CO,80124,1938,1/1/1938 0:00:00,6,false,4866847764,$4.87B,316443,699,23,722
948,NUSENDA,PO BOX 8530,ALBUQUERQUE,NM,87198,1936,1/1/1936 0:00:00,6,false,4826234595,$4.83B,288896,924,29,953
67619,FIRST COMMUNITY,17151 Chesterfield Airport Rd,Chesterfield,MO,63005-1411,1934,11/1/1934 0:00:00,6,false,4777120271,$4.78B,408271,694,16,710
8333,TOWER,PO BOX 1280,LAUREL,MD,20725,1953,1/1/1953 0:00:00,6,false,4761469723,$4.76B,221992,607,8,615
68670,ROBINS FINANCIAL,PO Box 6849,Warner Robins,GA,31095-6849,1954,1/1/1954 0:00:00,6,false,4719366929,$4.72B,272649,545,0,545
24362,AFFINITY PLUS,175 W Lafayette Frontage Rd,Saint Paul,MN,55107-1420,1934,6/22/1988 0:00:00,6,false,4700879369,$4.70B,291157,594,14,608
60153,MUNICIPAL,22 CORTLANDT ST,NEW YORK,NY,10007-3107,1917,1/1/1917 0:00:00,6,true,4679237109,$4.68B,636774,628,30,658
68615,RALLY,PO Box 81349,Corpus Christi,TX,78468-1349,1955,1/1/1955 0:00:00,6,true,4663237636,$4.66B,235887,756,43,799
7397,ASCEND,PO BOX 1210,TULLAHOMA,TN,37388,1951,1/1/1951 0:00:00,6,false,4617346461,$4.62B,262097,611,18,629
13392,STANFORD,1860 Embarcadero Road,Palo Alto,CA,94303-3335,1959,1/1/1959 0:00:00,6,false,4548600943,$4.55B,95345,250,5,255
5797,ORNL,P.O. Box 365,Oak Ridge,TN,37831,1948,1/1/1948 0:00:00,6,false,4544737207,$4.54B,225234,560,16,576
68383,TECHNOLOGY,2010 N 1ST ST,SAN JOSE,CA,95131-2018,1960,1/1/1960 0:00:00,6,false,4532072785,$4.53B,181137,347,3,350
5851,SUNWARD,P.O. Box 23040,Albuquerque,NM,87192-1040,1948,10/18/1948 0:00:00,6,false,4518048071,$4.52B,172336,560,13,573
1682,LIBERTY,4401 Theater Dr,Evansville,IN,47715-1967,1936,10/6/1936 0:00:00,6,false,4509746126,$4.51B,258276,874,18,892
67928,EECU,1617 W 7th St,Fort Worth,TX,76102,1934,12/20/1934 0:00:00,6,false,4502046296,$4.50B,297774,412,5,417
2760,JOVIA FINANCIAL,1000 CORPORATE DR,WESTBURY,NY,11590,1938,1/1/1938 0:00:00,6,false,4474876680,$4.47B,239440,481,41,522
68651,BLAZE,2025 Larpenteur Ave W,Falcon Heights,MN,55113,1934,6/22/1988 0:00:00,6,false,4467575718,$4.47B,252422,621,26,647
5500,NORTHWEST,200 Spring St,Herndon,VA,20170,1947,1/1/1947 0:00:00,6,false,4442201069,$4.44B,274970,539,8,547
24382,CREDIT HUMAN,1703 Broadway,San Antonio,TX,78215,1935,6/30/1989 0:00:00,6,false,4432412638,$4.43B,259848,853,3,856
24941,GECU,PO Box 20998,El Paso,TX,79998,1932,1/1/1932 0:00:00,6,true,4428874931,$4.43B,439679,794,40,834
68588,CONSUMERS,300 N Field Dr,lake Forest,IL,60045-2513,1930,1/1/1970 0:00:00,6,false,4385634052,$4.39B,276500,579,10,589
68366,SAFE,"2295 IRON POINT RD, STE 100",FOLSOM,CA,95630,1940,1/1/1940 0:00:00,6,false,4378462379,$4.38B,244211,643,7,650
67390,GEORGIA'S OWN,P.O. Box 105205,Atlanta,GA,30348,1934,3/18/1934 0:00:00,6,false,4330518140,$4.33B,240147,537,2,539
857,AFFINITY,73 Mountainview Blvd,Basking Ridge,NJ,07920-3849,1935,1/1/1935 0:00:00,6,false,4318681802,$4.32B,240589,502,28,530
68271,PEAK,PO Box 718,OLYMPIA,WA,98507,1938,1/5/1938 0:00:00,6,false,4312969923,$4.31B,265315,842,4,846
6288,UNITED,150 Hilltop Road,St Joseph,MI,49085,1949,8/23/1949 0:00:00,6,false,4254536491,$4.25B,190355,684,8,692
68574,GENERAL ELECTRIC,10485 Reading Rd,Cincinnati,OH,45241-2523,1954,6/21/1954 0:00:00,6,false,4252507832,$4.25B,306711,493,6,499
1367,UNIVERSITY,PO BOX 9350,AUSTIN,TX,78766,1936,1/1/1936 0:00:00,6,false,4194366215,$4.19B,414629,743,14,757
66841,NUMERICA,P O Box 4000,Spokane Valley,WA,99037,1937,1/8/1937 0:00:00,6,false,4168376914,$4.17B,176769,622,12,634
62049,MICHIGAN SCHOOLS AND GOVERNMENT,40400 Garfield Road,Clinton Townshi,MI,48038,1954,1/1/1954 0:00:00,6,false,4166423140,$4.17B,160138,459,16,475
66538,CONNEXUS,PO Box 8026,Wausau,WI,54402,1935,4/19/1935 0:00:00,6,false,4154357349,$4.15B,452190,592,7,599
62882,NAVIGANT,1005 Douglas Pike,Smithfield,RI,02917,1915,3/15/1915 0:00:00,6,false,4094148599,$4.09B,166465,418,14,432
3025,EMPOWER,1 Member Way,Syracuse,NY,13212,1939,1/1/1939 0:00:00,6,false,4073800479,$4.07B,299402,560,2,562
66848,COVANTAGE,PO Box 107,Antigo,WI,54409,1953,1/5/1953 0:00:00,6,false,4024238616,$4.02B,180821,446,47,493
62574,PREMIER MEMBERS,360 Interlocken Blvd,Broomfield,CO,80021-3440,1950,1/1/1950 0:00:00,6,false,3972181385,$3.97B,204543,625,6,631
68712,VALLEY STRONG,P.O. BOX 9506,BAKERSFIELD,CA,93389-9506,1940,4/18/1940 0:00:00,6,false,3941996654,$3.94B,351876,551,56,607
566,NUVISION,7812 EDINGER AVE,HUNTINGTON BEAC,CA,92647,1935,9/5/1935 0:00:00,6,false,3928998843,$3.93B,213989,580,3,583
24693,GOLDENWEST,P O Box 1111,Ogden,UT,84402,1936,5/13/1936 0:00:00,6,false,3869052489,$3.87B,206499,605,182,787
68660,ROGUE,P. O. Box 4550,Medford,OR,97501,1956,1/1/1956 0:00:00,6,false,3796183344,$3.80B,216482,619,69,688
9976,GROW FINANCIAL,1242 E 5th Ave Fl 4,Tampa,FL,33605,1955,1/1/1955 0:00:00,6,false,3770681343,$3.77B,291812,587,37,624
61503,ADVIA,6400 W Main St,Kalamazoo,MI,49009-8925,1935,1/1/1935 0:00:00,6,false,3727708975,$3.73B,194140,570,62,632
68391,CAMPUS USA,PO Box 147029,Gainesville,FL,32614,1935,1/1/1935 0:00:00,6,false,3720920157,$3.72B,172264,456,1,457
68730,ARIZONA FINANCIAL,PO Box 60070,Phoenix,AZ,85082,1936,1/1/1936 0:00:00,6,false,3710827156,$3.71B,178151,679,5,684
10709,UTAH COMMUNITY,360 W 4800 N,Provo,UT,84604,1955,12/15/1955 0:00:00,6,false,3702007038,$3.70B,264599,368,214,582
66448,EDUCATORS,P O Box 081040,Racine,WI,53408-1040,1937,4/28/1937 0:00:00,6,false,3673832342,$3.67B,231991,476,21,497
61315,ONEAZ,2355 W Pinnacle Peak Rd,Phoenix,AZ,85027-1261,1972,1/1/1972 0:00:00,6,false,3652441455,$3.65B,215912,472,47,519
68456,CREDIT UNION OF SOUTHERN CALIFORNIA,PO Box 76000,Anaheim,CA,92809,1954,1/1/1954 0:00:00,6,false,3645329468,$3.65B,183092,471,32,503
66343,PROVIDENT,303 TWIN DOLPHIN DRIVE,REDWOOD CITY,CA,94065,1950,6/9/1950 0:00:00,6,false,3616856304,$3.62B,135577,311,18,329
17642,ALL IN,PO DRAWER 8,DALEVILLE,AL,36322,1966,1/1/1966 0:00:00,6,false,3592634638,$3.59B,209048,460,29,489
64049,DUPACO COMMUNITY,PO Box 179,Dubuque,IA,52004-0179,1948,1/1/1948 0:00:00,6,false,3586671369,$3.59B,177135,619,18,637
62728,SOUTHERN ENERGY,750 17TH ST N,BIRMINGHAM,AL,35203,1953,1/1/1953 0:00:00,6,false,3564928358,$3.56B,90616,166,14,180
24003,CIVIC,3600 WAKE FOREST RD,RALEIGH,NC,27609-7309,1983,5/27/1983 0:00:00,6,false,3513605846,$3.51B,366134,457,1,458
65856,OREGON COMMUNITY,2880 Chad Dr,EUGENE,OR,97408,1981,12/23/1981 0:00:00,6,false,3506891775,$3.51B,283487,632,36,668
66158,TRUMARK FINANCIAL,335 Commerce Drive,Fort Washington,PA,19034,1939,11/1/1939 0:00:00,6,false,3468584709,$3.47B,147270,413,21,434
24224,ROCKLAND,241 UNION ST,ROCKLAND,MA,02370,1985,12/5/1985 0:00:00,6,false,3432092815,$3.43B,206717,224,10,234
68259,INDIANA MEMBERS,P.O. BOX 47769,INDIANAPOLIS,IN,46247,1956,4/10/1997 0:00:00,6,false,3430530500,$3.43B,163665,444,33,477
15732,UNIFY FINANCIAL,PO Box 10018,Manhattan Beach,CA,90267,1963,1/1/1963 0:00:00,6,false,3427820010,$3.43B,241455,448,0,448
68565,ELEVATIONS,PO Box 9004,Boulder,CO,80301,1952,1/1/1952 0:00:00,6,false,3415724695,$3.42B,179745,508,31,539
67278,COASTAL1,1200 Central Ave,Pawtucket,RI,02861-2200,1926,9/23/1928 0:00:00,6,false,3413073781,$3.41B,144318,287,6,293
66584,CALIFORNIA COAST,P.O. BOX 502080,San Diego,CA,92150-2080,1929,4/13/1929 0:00:00,6,false,3360884082,$3.36B,208804,533,25,558
68558,VANTAGE WEST,2480 N. ARCADIA AVE,TUCSON,AZ,85712-5735,1955,3/25/1955 0:00:00,6,false,3352075290,$3.35B,209351,470,19,489
68428,PREMIER AMERICA,19867 Prairie St,Chatsworth,CA,91311-6532,1957,11/5/1957 0:00:00,6,false,3309835693,$3.31B,116338,422,14,436
17587,USALLIANCE,"411 Theodore Fremd Ave, Suite 350",Rye,NY,10580,1966,7/11/1966 0:00:00,6,false,3274004514,$3.27B,190669,262,8,270
66331,SOUND,PO Box 1595,Tacoma,WA,98401,1940,6/13/1985 0:00:00,6,false,3258214153,$3.26B,176108,415,22,437
66731,FOX COMMUNITIES,2201 E Enterprise Ave,Appleton,WI,54913,1937,10/15/1937 0:00:00,6,false,3234995509,$3.23B,139167,454,44,498
66364,METRO,200 Revere Beach Pkwy,Chelsea,MA,02150-1608,1926,11/3/1926 0:00:00,6,false,3230203668,$3.23B,219006,306,9,315
65644,RIVERMARK COMMUNITY,14405 Meyers Rd,Oregon City,OR,97045,1951,2/23/1951 0:00:00,6,false,3209079399,$3.21B,172439,583,2,585
13242,CHARTWAY,5700 Cleveland St,Virginia Beach,VA,23462-1752,1959,1/1/1959 0:00:00,6,false,3203979401,$3.20B,270071,575,13,588
66373,WHATCOM EDUCATIONAL,PO Box 9750,Bellingham,WA,98227,1936,6/1/1936 0:00:00,6,false,3138826391,$3.14B,169401,427,4,431
19263,EASTRISE,P.O. Box 527,Williston,VT,05495,1961,2/18/1969 0:00:00,6,false,3116194532,$3.12B,174268,452,6,458
60087,ACHIEVA CREDIT UNION,PO Box 1500,Dunedin,FL,34697,1937,1/1/1937 0:00:00,6,false,3012814054,$3.01B,211662,530,35,565
68239,HAPO COMMUNITY,601 Williams Blvd,Richland,WA,99354,1953,1/1/1953 0:00:00,6,false,3012503999,$3.01B,215995,606,19,625
24077,ALTRA,1700 OAK FOREST DR,ONALASKA,WI,54650,1931,1/1/1984 0:00:00,6,false,3010625934,$3.01B,157770,471,27,498
9788,EGLIN,838 Eglin Pkwy NE,Fort Walton Bea,FL,32547-2530,1954,1/1/1954 0:00:00,6,false,2987972335,$2.99B,123744,426,30,456
68702,ADDITION FINANCIAL,1000 Primera Blvd.,Lake Mary,FL,32746,1937,1/1/1937 0:00:00,6,false,2975541418,$2.98B,193663,452,97,549
1520,TENNESSEE VALLEY,PO Box 23967,Chattanooga,TN,37422-3967,1936,1/1/1936 0:00:00,6,false,2972480611,$2.97B,174210,534,43,577
1493,F & A,2625 CORPORATE PL,MONTEREY PARK,CA,91754,1936,1/1/1936 0:00:00,6,false,2926530766,$2.93B,44421,105,3,108
196,GTE,711 E HENDERSON AVE,TAMPA,FL,33602,1935,1/1/1935 0:00:00,6,false,2914499508,$2.91B,229159,530,7,537
66399,HARBORSTONE,PO BOX 4207,TACOMA,WA,98438,1955,10/10/1955 0:00:00,6,false,2905820644,$2.91B,106577,410,3,413
435,STATE DEPARTMENT,1630 KING STREET,ALEXANDRIA,VA,22314-2763,1935,1/1/1935 0:00:00,6,false,2895924653,$2.90B,85755,228,0,228
67290,COMMUNITY FIRST CREDIT UNION OF FLO,637 NORTH LEE STREET,JACKSONVILLE,FL,32204,1961,2/20/1991 0:00:00,6,false,2885201271,$2.89B,186039,446,21,467
63196,SELCO COMMUNITY,P.O. Box 7487,Springfield,OR,97475,1936,1/1/1936 0:00:00,6,false,2881590879,$2.88B,151722,464,11,475
66818,FIRST COMMUNITY,PO Box 840129,Houston,TX,77284-0129,1954,2/4/1954 0:00:00,6,false,2874634335,$2.87B,176970,350,71,421
68416,ORANGE COUNTY'S,1701 E Saint Andrew Pl,Santa Ana,CA,92705,1938,1/1/1938 0:00:00,6,false,2861477178,$2.86B,142578,350,5,355
68656,OREGON STATE,PO Box 306,Corvallis,OR,97339-0306,1954,4/16/1954 0:00:00,6,false,2852738974,$2.85B,152860,337,13,350
10920,ARKANSAS,P.O. BOX 24410,Little Rock,AR,72221,1956,1/1/1956 0:00:00,6,false,2837224029,$2.84B,171603,442,0,442
1718,HAWAII STATE,333 Queen St,Honolulu,HI,96813-4726,1936,10/26/1936 0:00:00,6,true,2828543144,$2.83B,138286,377,1,378
68433,AMERICU,1916 Black River Blvd,Rome,NY,13440,1978,2/17/1978 0:00:00,6,false,2819348398,$2.82B,196038,438,19,457
66865,CAPITAL,PO Box 2526,Green Bay,WI,54306,1934,9/24/1934 0:00:00,6,false,2738983790,$2.74B,127200,439,27,466
6775,Y-12,501 Lafayette Drive,Oak Ridge,TN,37831,1950,1/1/1950 0:00:00,6,false,2721104619,$2.72B,137291,436,0,436
159,THREE RIVERS,PO BOX 2573,FORT WAYNE,IN,46801,1935,2/28/1935 0:00:00,6,false,2717550747,$2.72B,137381,489,7,496
24979,BAYPORT,"1 BAYPORT WAY, SUITE 350",NEWPORT NEWS,VA,23606,1928,1/1/1928 0:00:00,6,false,2715906644,$2.72B,156892,481,28,509
62047,LAKE TRUST,4605 S Old US Highway 23,Brighton,MI,48114-7521,1944,1/1/1944 0:00:00,6,false,2706100337,$2.71B,177907,488,2,490
22592,POLISH & SLAVIC,100 McGuinness Blvd,Brooklyn,NY,11222,1976,12/27/1976 0:00:00,6,false,2691197181,$2.69B,125645,371,15,386
66327,CREDIT UNION OF TEXAS,P.O. Box 7000,Allen,TX,75013-1305,1931,1/29/1931 0:00:00,6,false,2670082522,$2.67B,177246,500,47,547
14762,JSC,PO Box 58346,Houston,TX,77258,1961,1/1/1961 0:00:00,6,false,2663854104,$2.66B,124883,420,16,436
68734,PEN AIR,1495 E Nine Mile Road,Pensacola,FL,32514,1936,1/1/1936 0:00:00,6,false,2660664584,$2.66B,133994,394,4,398
24970,COMMONWEALTH,PO Box 978,Frankfort,KY,40602-0978,1951,1/1/1951 0:00:00,6,false,2657854604,$2.66B,137411,374,10,384
18708,PARTNERS,"100 North First Street, Suite 400",Burbank,CA,91502,1968,1/1/1968 0:00:00,6,false,2653330407,$2.65B,178768,428,10,438
24973,ARROWHEAD,"PO Box 4100, Mail Code #100",Rancho Cucamong,CA,91729-9998,1949,1/1/1949 0:00:00,6,false,2648392825,$2.65B,226646,475,44,519
24887,TTCU,PO Box 4999,Tulsa,OK,74159-0999,1934,1/1/1934 0:00:00,6,false,2647269876,$2.65B,149736,434,8,442
62715,TOGETHER,423 Lynch St,Saint Louis,MO,63118-1902,1939,1/1/1939 0:00:00,6,false,2641033103,$2.64B,145136,423,6,429
24534,AMERICA'S FIRST,P.O. BOX 11349,BIRMINGHAM,AL,35203,1936,12/19/1994 0:00:00,6,false,2625201585,$2.63B,195598,433,23,456
1815,HAWAIIUSA,1226 College Walk,Honolulu,HI,96817,1936,1/1/1936 0:00:00,6,true,2621690954,$2.62B,131882,360,2,362
7531,HUGHES,PO Box 11900,Tucson,AZ,85734,1951,1/1/1951 0:00:00,6,false,2591487184,$2.59B,188559,323,7,330
62172,CONSUMERS,P.O. Box 525,Oshtemo,MI,49077,1964,1/1/1964 0:00:00,6,false,2583116913,$2.58B,151033,454,20,474
24854,"CREDIT UNION OF COLORADO, A",PO Box 5906,Denver,CO,80217-5906,1934,1/1/1934 0:00:00,6,false,2582765898,$2.58B,167990,395,17,412
65728,CONNECTICUT STATE EMPLOYEES,84 WADSWORTH ST,HARTFORD,CT,06106,1946,1/1/1946 0:00:00,6,false,2582124253,$2.58B,69494,72,1,73
68604,MAGNIFI FINANCIAL,20 4TH AVE SE,MELROSE,MN,56352,1939,1/1/1939 0:00:00,6,false,2573714464,$2.57B,84930,418,2,420
7000,ABOUND,P.O. Box 900,Radcliff,KY,40159-0900,1950,1/1/1950 0:00:00,6,false,2571819502,$2.57B,122259,380,9,389
68659,AMERICAN EAGLE FINANCIAL,PO BOX 280128,EAST HARTFORD,CT,06128-0128,1935,1/1/1935 0:00:00,6,false,2556306763,$2.56B,170351,344,19,363
67389,ATLANTA POSTAL,400 Porsche Avenue,Atlanta,GA,30354,1925,11/3/1925 0:00:00,6,false,2554686222,$2.55B,119414,313,3,316
1644,CORNING,PO Box 1450,Corning,NY,14830-1050,1936,9/11/1936 0:00:00,6,false,2549523080,$2.55B,164782,419,20,439
4584,AUSTIN TELCO,11149 Research Blvd,Austin,TX,78759,1941,1/1/1941 0:00:00,6,false,2540235239,$2.54B,94184,231,35,266
24969,ALTURA,2847 Campus Pkwy,Riverside,CA,92507-0906,1957,1/1/1957 0:00:00,6,true,2538611569,$2.54B,211817,403,72,475
6178,A+,PO Box 14867,Austin,TX,78761-4867,1949,1/1/1949 0:00:00,6,false,2534595067,$2.53B,191924,500,34,534
60497,FLORIDA,P.O. BOX 5549,GAINESVILLE,FL,32627-5549,1954,1/1/1954 0:00:00,6,false,2531262143,$2.53B,174618,306,17,323
2540,ABERDEEN PROVING GROUND,PO BOX 1176,ABERDEEN,MD,21001,1938,1/1/1938 0:00:00,6,false,2526409531,$2.53B,180743,406,9,415
1022,SOUTH CAROLINA,PO BOX 190012,NORTH CHARLESTO,SC,29419-9012,1936,1/1/1936 0:00:00,6,false,2525304563,$2.53B,157164,550,16,566
68186,COLUMBIA COMMUNITY,P.O. BOX 324,VANCOUVER,WA,98666,1952,1/1/1952 0:00:00,6,false,2509973140,$2.51B,121550,304,2,306
5754,ANDREWS FEDERAL CREDIT UNION,5711 Allentown Rd,Suitland,MD,20746,1948,1/1/1948 0:00:00,6,true,2507551595,$2.51B,146260,317,2,319
60137,DOW,PO Box 1649,Midland,MI,48641-1649,1937,1/1/1937 0:00:00,6,false,2491872995,$2.49B,83478,170,22,192
24923,WORKERS,119 Russell St,Littleton,MA,01460-1274,1914,4/17/1914 0:00:00,6,false,2460739081,$2.46B,122885,339,8,347
22468,ELEMENTS FINANCIAL,PO BOX 7123,INDIANAPOLIS,IN,46202,1976,8/1/1976 0:00:00,6,false,2442360891,$2.44B,98725,183,2,185
68576,KITSAP,PO BOX 990,BREMERTON,WA,98337-5606,1934,11/1/1934 0:00:00,6,false,2438592352,$2.44B,162341,324,8,332
9260,L & N,9115 Smyrna Pkwy,Louisville,KY,40229-1578,1954,1/1/1954 0:00:00,6,false,2425291283,$2.43B,119731,293,9,302
24438,ALLEGACY,PO Box 26043,Winston Salem,NC,27114,1967,4/2/1992 0:00:00,6,false,2408421062,$2.41B,180690,415,8,423
24877,FIREFIGHTERS FIRST,PO Box 60890,Los Angeles,CA,90060-0890,1935,1/1/1935 0:00:00,6,false,2405489365,$2.41B,74209,297,0,297
60806,TEXANS,PO BOX 853912,RICHARDSON,TX,75085-3912,1953,1/1/1953 0:00:00,6,false,2392255451,$2.39B,137855,278,16,294
68607,GEORGIA UNITED,6705 SUGARLOAF PKWY,DULUTH,GA,30097-4356,1958,1/1/1958 0:00:00,6,false,2377235443,$2.38B,155782,336,4,340
2285,ADVANCIAL,10000 N Central Expy Ste 1400,Dallas,TX,75231-2319,1937,1/1/1937 0:00:00,6,false,2375049187,$2.38B,138256,307,2,309
9589,BARKSDALE,PO BOX 9,BARKSDALE AFB,LA,71110-0009,1954,1/1/1954 0:00:00,6,false,2366132770,$2.37B,160712,477,10,487
61623,KEMBA FINANCIAL,PO Box 307370,Gahanna,OH,43230-5314,1933,1/1/1933 0:00:00,6,false,2360615154,$2.36B,137293,336,8,344
24802,SELF-HELP,301 W Main Street,Durham,NC,27701,2008,7/11/2008 0:00:00,6,true,2343602607,$2.34B,136214,393,23,416
68581,LGE COMMUNITY,PO Box 1188,Marietta,GA,30060,1951,1/1/1951 0:00:00,6,false,2310249592,$2.31B,123971,336,2,338
68727,CREDIT UNION 1,"450 E 22nd St Ste 250, Ste 250",Lombard,IL,60148-6176,1958,2/12/1990 0:00:00,6,false,2293617968,$2.29B,160552,464,14,478
4365,BLACK HILLS,PO Box 1420,Rapid City,SD,57709-1420,1941,1/1/1941 0:00:00,6,false,2291314119,$2.29B,108390,404,0,404
68663,ITHINK FINANCIAL,P O Box 5090,Boca Raton,FL,33487,1969,1/1/1969 0:00:00,6,false,2280401479,$2.28B,116143,385,11,396
62367,COAST CENTRAL,2650 Harrison Ave,Eureka,CA,95501,1974,1/1/1974 0:00:00,6,false,2275937036,$2.28B,79843,250,29,279
68248,FORUM,P.O. BOX 50738,INDIANAPOLIS,IN,46250,1941,4/10/1997 0:00:00,6,false,2270291791,$2.27B,164012,417,7,424
68575,MAX,P.O. Box 244040,Montgomery,AL,36124-4040,1955,1/1/1955 0:00:00,6,false,2264851299,$2.26B,129899,287,10,297
68287,CENTRA,"1430 N NATIONAL RD, PO BOX 789",COLUMBUS,IN,47202,1940,6/19/1997 0:00:00,6,false,2260428277,$2.26B,152084,425,12,437
3454,COMMUNICATION,"4141 NW EXPRESSWAY, SUITE 200",OKLAHOMA CITY,OK,73116-1682,1939,1/1/1939 0:00:00,6,false,2254565754,$2.25B,130700,282,0,282
68708,DORT FINANCIAL,9048 HOLLY RD,GRAND BLANC,MI,48439,1951,12/19/1951 0:00:00,6,false,2253725528,$2.25B,118633,364,12,376
60484,ASSOCIATED CREDIT UNION,6251 CROOKED CREEK ROAD,NORCROSS,GA,30092-3107,1930,1/1/1930 0:00:00,6,false,2227972075,$2.23B,157053,383,14,397
67352,JEANNE D'ARC,658 MERRIMACK ST,LOWELL,MA,01854-3913,1911,6/1/1911 0:00:00,6,false,2223055819,$2.22B,103920,236,35,271
68457,FINANCIAL PARTNERS,7800 IMPERIAL HWY,DOWNEY,CA,90242-3457,1937,1/1/1937 0:00:00,6,false,2218417956,$2.22B,93682,291,5,296
60337,I. H. MISSISSIPPI VALLEY,P.O. Box 1010,Moline,IL,61266,1936,1/1/1936 0:00:00,6,false,2215085470,$2.22B,150015,399,23,422
68598,EMPEOPLE,3950 38th Ave,Moline,IL,61265-6471,1935,1/1/1935 0:00:00,6,false,2197130269,$2.20B,77135,270,4,274
68693,BRIGHTBRIDGE,500 MERRIMACK ST,LAWRENCE,MA,01843,1955,1/1/1955 0:00:00,6,false,2192587700,$2.19B,115027,291,9,300
60438,IQ,PO BOX 1739,VANCOUVER,WA,98668,1940,1/1/1940 0:00:00,6,false,2151898489,$2.15B,104439,339,19,358
619,LAFAYETTE,2701 TOWER OAKS BLVD,ROCKVILLE,MD,20852,1935,1/1/1935 0:00:00,6,false,2151447282,$2.15B,57584,227,1,228
66258,SELF-HELP,301 W. MAIN ST,DURHAM,NC,27701-3227,1983,9/27/1983 0:00:00,6,true,2145568023,$2.15B,100668,309,9,318
66742,WESTCONSIN,PO Box 160,Menomonie,WI,54751,1939,3/7/1939 0:00:00,6,false,2137023875,$2.14B,126934,408,23,431
68394,MERIWEST,P O BOX 530953,SAN JOSE,CA,95153-5353,1961,1/1/1961 0:00:00,6,false,2131349413,$2.13B,77409,225,0,225
7361,BLUE,2401 E. Pershing Blvd,Cheyenne,WY,82001,1951,1/1/1951 0:00:00,6,false,2128293480,$2.13B,142898,348,12,360
68700,POTLATCH NO. 1 FINANCIAL,1025 WARNER AVE,LEWISTON,ID,83501,1938,1/1/1938 0:00:00,6,false,2125515550,$2.13B,127998,360,9,369
6681,CALTECH EMPLOYEES,P.O. Box 11001,La Canada,CA,91012,1950,1/1/1950 0:00:00,6,false,2116018444,$2.12B,34260,76,0,76
68460,LBS FINANCIAL,PO Box 4860,Long Beach,CA,90804-0860,1935,1/1/1935 0:00:00,6,false,2115225184,$2.12B,137390,226,31,257
65788,WESTERRA,3700 E Alameda Ave,Denver,CO,80209,1934,1/1/1934 0:00:00,6,false,2101503342,$2.10B,115824,297,5,302
9007,CLEARVIEW,8805 University Blvd.,Moon Township,PA,15108,1953,1/1/1953 0:00:00,6,false,2089735740,$2.09B,142278,416,22,438
24710,CANYON VIEW,3450 S Highland Dr,Salt Lake City,UT,84106-3375,1956,7/18/1956 0:00:00,6,false,2083994524,$2.08B,118336,418,5,423
60823,ALABAMA,P. O. BOX 862998,TUSCALOOSA,AL,35486-2998,1956,1/1/1956 0:00:00,6,false,2059953361,$2.06B,154650,381,17,398
68373,FIRST ENTERTAINMENT,6735 Forest Lawn Dr,Hollywood,CA,90068,1967,1/1/1967 0:00:00,6,false,2058823832,$2.06B,85219,222,0,222
19307,PURDUE,1551 WIN HENTSCHEL BLVD,WEST LAFAYETTE,IN,47906,1969,3/7/1969 0:00:00,6,false,2055748008,$2.06B,110680,273,19,292
68434,TEXAS TRUST,PO Box 2260,Mansfield,TX,76063,1936,1/1/1936 0:00:00,6,false,2043744550,$2.04B,135470,332,4,336
67264,HORIZON,PO Box 15128,Spokane Valley,WA,99215,1948,1/1/1948 0:00:00,6,false,2035747396,$2.04B,108019,363,9,372
17914,SUFFOLK,3681 Horseblock Rd,Medford,NY,11763-2242,1967,1/1/1967 0:00:00,6,false,2008019314,$2.01B,79176,199,13,212
24964,LIGHTHOUSE,100 Lighthouse Dr,Dover,NH,03820,1936,1/1/1936 0:00:00,6,false,2000570965,$2.00B,165616,377,8,385
61949,WHITEFISH CREDIT UNION ASSOCIATION,PO Box 37,Whitefish,MT,59937,1934,1/1/1934 0:00:00,6,false,1991742133,$1.99B,63672,220,1,221
64880,COMMUNITY CHOICE,31155 Northwestern Hwy,Farmington Hill,MI,48334-2502,1935,1/1/1935 0:00:00,6,false,1982291561,$1.98B,115548,360,75,435
24410,SRP,PO BOX 6730,NORTH AUGUSTA,SC,29861,1960,4/29/1991 0:00:00,6,false,1978673502,$1.98B,199864,410,11,421
62474,DUPONT COMMUNITY,P.O. Box 1365,Waynesboro,VA,22980,1959,1/1/1959 0:00:00,6,false,1973625281,$1.97B,122650,344,12,356
82794,INTERRA,PO Box 727,Goshen,IN,46527-0727,1932,1/1/1932 0:00:00,6,false,1954426145,$1.95B,89628,313,12,325
68577,INDIANA UNIVERSITY,PO BOX 368,BLOOMINGTON,IN,47402,1956,2/15/1956 0:00:00,6,false,1940864651,$1.94B,71384,217,4,221
1941,SHELL,PO Box 578,Deer Park,TX,77536,1937,1/1/1937 0:00:00,6,false,1906252321,$1.91B,160102,450,44,494
24688,CYPRUS,PO BOX 9002,WEST JORDAN,UT,84084,1935,1/1/1935 0:00:00,6,false,1902636075,$1.90B,147499,371,101,472
10754,TYNDALL,PO Box 59760,Panama City,FL,32412,1956,1/1/1956 0:00:00,6,false,1888924322,$1.89B,111093,222,2,224
9988,SAFE,P. O. Box 2008,Sumter,SC,29151,1955,1/1/1955 0:00:00,6,false,1882069021,$1.88B,142913,337,16,353
20042,FRANKLIN MINT,"5 HILLMAN DR, STE 100",CHADDS FORD,PA,19317,1970,1/1/1970 0:00:00,6,false,1875768836,$1.88B,149973,320,7,327
7238,PHILADELPHIA,12800 Townsend Rd,Philadelphia,PA,19154-1003,1951,1/1/1951 0:00:00,6,false,1862311409,$1.86B,121533,276,19,295
62736,MONTERRA,350 Convention Way,Redwood City,CA,94063,1952,1/1/1952 0:00:00,6,false,1856033569,$1.86B,98214,219,4,223
61077,SEVEN SEVENTEEN,3181 LARCHMONT AVE NE,WARREN,OH,44483-2435,1957,1/1/1957 0:00:00,6,false,1847440778,$1.85B,123389,316,4,320
9095,HANSCOM,1610 Eglin St,Hanscom AFB,MA,01731,1953,1/1/1953 0:00:00,6,false,1843644394,$1.84B,102784,235,4,239
12067,BAY,3333 CLARES ST,CAPITOLA,CA,95010-2546,1957,11/18/1957 0:00:00,6,false,1817011045,$1.82B,95228,253,5,258
68665,"SUPERIOR CREDIT UNION, INC",4230 ELIDA RD,LIMA,OH,45807,1954,1/1/1954 0:00:00,6,false,1808314939,$1.81B,102628,257,23,280
1454,MERCK EMPLOYEES,126 E LINCOLN AVE,RAHWAY,NJ,07065-4607,1936,1/1/1936 0:00:00,6,false,1808262266,$1.81B,24317,18,1,19
63004,HONOR,8385 EDGEWOOD ROAD,BERRIEN SPRINGS,MI,49103,1934,4/3/1934 0:00:00,6,false,1786565900,$1.79B,107343,481,10,491
66370,SCOTT,101 Credit Union Way,Edwardsville,IL,62025,1943,6/3/1943 0:00:00,6,false,1773500732,$1.77B,134916,342,3,345
24957,COASTHILLS,P. O. Box 8000,Santa Maria,CA,93456,1958,8/8/1958 0:00:00,6,false,1769887118,$1.77B,82257,261,39,300
61797,ELGA,6065 Grand Pointe Dr,Grand Blanc,MI,48439,1968,1/1/1968 0:00:00,6,false,1762415556,$1.76B,109101,339,15,354
2191,FIBRE,P.O.BOX 1234,LONGVIEW,WA,98632,1937,1/1/1937 0:00:00,6,false,1755271807,$1.76B,120092,341,6,347
67535,DATCU,PO BOX 827,DENTON,TX,76202,1936,8/7/1936 0:00:00,6,false,1738190125,$1.74B,111016,226,11,237
68530,FIRST COMMUNITY,200 N ADAMS ST,COQUILLE,OR,97423-1804,1957,1/1/1957 0:00:00,6,false,1734093187,$1.73B,86689,367,4,371
62562,CREDIT UNION ONE,400 E. Nine Mile Road,Ferndale,MI,48220-1774,1938,1/1/1938 0:00:00,6,false,1730971303,$1.73B,108401,310,19,329
61810,KEMBA,5600 Chappell Crossing Blvd,West Chester,OH,45069,1934,1/1/1934 0:00:00,6,false,1728750624,$1.73B,130227,272,25,297
176,EDUCATIONAL,7800 SW 117TH AVE,MIAMI,FL,33183-3825,1935,1/1/1935 0:00:00,6,false,1728331833,$1.73B,116191,307,19,326
63440,UNITUS COMMUNITY,7632 SW Durham Rd,Tigard,OR,97224,1937,1/1/1937 0:00:00,6,false,1713255472,$1.71B,106458,307,15,322
60062,CREDIT UNION OF AMERICA,PO Box 47528,Wichita,KS,67201-7528,1935,1/1/1935 0:00:00,6,false,1713175574,$1.71B,104094,297,21,318
63829,ST. MARY'S BANK,200 McGregor St,Manchester,NH,03102,1909,4/6/1909 0:00:00,6,false,1712612845,$1.71B,99886,287,13,300
82791,BEACON,586 S Wabash St,Wabash,IN,46992,1931,6/2/1931 0:00:00,6,false,1702269111,$1.70B,53277,285,30,315
68228,GREATER NEVADA,451 EAGLE STATION LN,CARSON CITY,NV,89701,1949,1/1/1949 0:00:00,6,false,1686580672,$1.69B,88687,301,0,301
24560,GREYLOCK,150 West Street,Pittsfield,MA,01201,1935,11/16/1995 0:00:00,6,false,1652773188,$1.65B,106182,267,13,280
63832,TRUWEST,P.O. Box 3489,Scottsdale,AZ,85271,1952,1/1/1952 0:00:00,6,false,1651112277,$1.65B,89948,267,6,273
68251,UNITED HERITAGE,PO Box 202020,Austin,TX,78720,1957,4/21/1997 0:00:00,6,false,1650042367,$1.65B,82181,225,1,226
65299,KEYPOINT,2150 Trade Zone Blvd,San Jose,CA,95131-1730,1979,1/1/1979 0:00:00,6,false,1649756934,$1.65B,54791,182,2,184
23020,PUBLIX EMPLOYEES,P.O. BOX 1000,LAKELAND,FL,33802-1000,1978,3/24/1978 0:00:00,6,false,1641291370,$1.64B,121710,254,9,263
3413,CHARTER OAK,1055 HARTFORD TPKE,WATERFORD,CT,06385-4005,1939,1/1/1939 0:00:00,6,false,1638907920,$1.64B,88364,193,10,203
24235,OPERATING ENGINEERS LOCAL UNION #3,P O BOX 5073,LIVERMORE,CA,94551,1963,2/6/1986 0:00:00,6,false,1623150890,$1.62B,119249,204,2,206
15766,MID-HUDSON VALLEY,PO Box 1429,Kingston,NY,12402,1963,8/12/1963 0:00:00,6,false,1621444185,$1.62B,94984,254,27,281
24808,SKYLA,"3700 South Blvd, Suite 400",Charlotte,NC,28209,1962,1/1/1962 0:00:00,6,false,1608280362,$1.61B,111034,302,2,304
24292,NORTHROP GRUMMAN,Box 47009,Gardena,CA,90247,1946,2/24/1987 0:00:00,6,false,1608201763,$1.61B,81880,246,0,246
68353,WESTMARK,P.O. Box 2869,Idaho Falls,ID,83403,1954,3/22/1984 0:00:00,6,false,1601758823,$1.60B,81910,261,7,268
10174,FIRSTLIGHT,9983 Kenworthy St,El Paso,TX,79924,1955,1/1/1955 0:00:00,6,true,1592381540,$1.59B,99291,337,1,338
66777,"VERVE, A CREDIT UNION",PO Box 3046,Oshkosh,WI,54903-3046,1938,2/3/1938 0:00:00,6,false,1586895546,$1.59B,62598,259,17,276
24165,UNIVERSITY OF KENTUCKY,1730 Alysheba Way,Lexington,KY,40509,1937,11/15/1937 0:00:00,6,false,1586333594,$1.59B,110916,278,23,301
97069,SAN FRANCISCO FIRE,3201 California Street,San Francisco,CA,94118,1959,11/10/1959 0:00:00,6,false,1582428398,$1.58B,72099,168,0,168
62504,UNIVERSITY OF VA COMMUNITY CU,3300 Berkmar Dr,Charlottesville,VA,22901-1491,1954,1/1/1954 0:00:00,6,false,1568273352,$1.57B,84368,261,1,262
5029,RED RIVER EMPLOYEES,PO Box 5909,Texarkana,TX,75505,1943,1/1/1943 0:00:00,6,false,1550898108,$1.55B,123510,365,10,375
62969,COLLINS COMMUNITY,P. O. Box 10500,Cedar Rapids,IA,52410-0500,1940,1/1/1940 0:00:00,6,false,1546485494,$1.55B,82127,199,9,208
86752,CLARK COUNTY,PO BOX 36490,LAS VEGAS,NV,89133,1951,1/1/1951 0:00:00,6,false,1541346350,$1.54B,59063,215,5,220
68646,FINANCIAL PLUS,G3381 Van Slyke Rd,Flint,MI,48507-3263,1952,10/22/1952 0:00:00,6,false,1536473387,$1.54B,83014,275,7,282
7316,PIMA,6850 N ORACLE RD,TUCSON,AZ,85704-4223,1951,1/1/1951 0:00:00,6,false,1536343419,$1.54B,72983,167,0,167
61522,VIBE,44575 W 12 Mile Rd,Novi,MI,48377-2505,1953,1/1/1953 0:00:00,6,false,1521985150,$1.52B,74791,238,12,250
68494,FRONTWAVE,1278 Rocky Point Dr,Oceanside,CA,92056,1952,1/1/1952 0:00:00,6,false,1515675814,$1.52B,130089,245,11,256
1040,CAPITAL EDUCATORS,P.O. BOX 570,MERIDIAN,ID,83680,1936,1/1/1936 0:00:00,6,false,1502406430,$1.50B,101584,286,2,288
624,UNITED STATES SENATE,1310 Braddock Pl,Alexandria,VA,22314-1691,1935,1/1/1935 0:00:00,6,false,1501466372,$1.50B,52773,162,0,162
66157,CREDIT UNION 1,1941 Abbott Rd,Anchorage,AK,99507,1982,11/30/1982 0:00:00,6,false,1501152358,$1.50B,95084,371,7,378
61755,FRANKENMUTH,PO Box 209,Frankenmuth,MI,48734,1964,1/1/1964 0:00:00,6,false,1499509368,$1.50B,76433,378,36,414
68053,SIERRA CENTRAL,1351 Harter Parkway,Yuba City,CA,95993,1955,5/14/1955 0:00:00,6,false,1495731731,$1.50B,85762,219,10,229
64896,UTILITIES EMPLOYEES,P.O. BOX 14864,READING,PA,19612,1934,1/1/1934 0:00:00,6,false,1492551302,$1.49B,64428,124,3,127
60103,FIRST COMMUNITY,PO Box 2180,Jamestown,ND,58402-2180,1939,1/1/1939 0:00:00,6,false,1488851728,$1.49B,46777,252,15,267
64166,MARION AND POLK SCHOOLS,PO Box 12398,Salem,OR,97309,1936,1/15/1936 0:00:00,6,false,1487702867,$1.49B,81369,323,20,343
68631,COMMUNITY FINANCIAL,PO BOX 8050,PLYMOUTH,MI,48170-1759,1951,5/10/1951 0:00:00,6,false,1482056487,$1.48B,83545,336,6,342
24557,WEBSTER FIRST,"271 Greenwood St, P O Box 70505",Worcester,MA,01607-1733,1934,10/19/1995 0:00:00,6,false,1476649789,$1.48B,89394,197,17,214
24508,DADE COUNTY,1500 NW 107th Ave,Sweetwater,FL,33172-2706,1991,6/27/1994 0:00:00,6,true,1473910016,$1.47B,109384,251,4,255
68613,ONE NEVADA,2645 S MOJAVE RD,LAS VEGAS,NV,89121-1238,1950,1/1/1950 0:00:00,6,false,1469113466,$1.47B,74890,185,1,186
24899,WEOKIE,Box 26090,Oklahoma City,OK,73126,1969,1/1/1969 0:00:00,6,false,1463945328,$1.46B,67851,229,1,230
808,U.S. EAGLE,P.O. Box 129,Albuquerque,NM,87103,1935,1/1/1935 0:00:00,6,false,1458533858,$1.46B,97106,311,13,324
7217,SELF RELIANCE NY,108 2nd Ave,New York,NY,10003-8302,1951,4/24/1951 0:00:00,6,false,1453599985,$1.45B,14773,33,11,44
68322,BEGINNINGS,1030 Craft Road,Ithaca,NY,14850,1953,9/21/1953 0:00:00,6,false,1453396332,$1.45B,77088,229,0,229
68595,ALABAMA ONE,1215 VETERANS MEMORIAL PKWY,TUSCALOOSA,AL,35404-5842,1951,1/1/1951 0:00:00,6,false,1452649253,$1.45B,96912,315,9,324
24748,MAYO EMPLOYEES,130 23RD AVE SW,ROCHESTER,MN,55902,1934,1/1/1934 0:00:00,6,false,1452148247,$1.45B,75015,117,10,127
60522,MICHIGAN FIRST,27000 Evergreen Road,Lathrup Village,MI,48076,1926,1/1/1926 0:00:00,6,false,1450379694,$1.45B,164201,509,2,511
28,CENTRIS,13120 Pierce St,Omaha,NE,68144,1934,1/1/1934 0:00:00,6,false,1445646687,$1.45B,137351,309,26,335
60816,COMMUNITY CREDIT UNION OF FLORIDA,1030  US Highway 1,Rockledge,FL,32955,1953,1/1/1953 0:00:00,6,false,1444981016,$1.44B,55626,186,1,187
24542,SAN FRANCISCO,770 Golden Gate Avenue,San Francisco,CA,94102-3120,1954,11/12/1954 0:00:00,6,true,1442118831,$1.44B,51478,110,0,110
13828,ALLSOUTH,730 Elmwood Ave,Columbia,SC,29201-2002,1960,1/1/1960 0:00:00,6,false,1437965587,$1.44B,118997,323,0,323
61170,FIRST FLORIDA,500 W 1st St,Jacksonville,FL,32202-3939,1950,1/1/1950 0:00:00,6,false,1432994780,$1.43B,62918,204,4,208
68458,VENTURA COUNTY,"2575 Vista Del Mar Dr, Suite 100",Ventura,CA,93001,1950,1/1/1950 0:00:00,6,false,1432898708,$1.43B,77435,175,26,201
68605,FIRST SERVICE,PO Box 941914,Houston,TX,77094,1977,12/9/1977 0:00:00,6,false,1429791649,$1.43B,104821,256,16,272
68716,LAUNCH CREDIT UNION,300 S PLUMOSA ST,MERRITT ISLAND,FL,32952,1963,1/1/1963 0:00:00,6,false,1425707611,$1.43B,86176,315,0,315
2441,AMOCO,P O BOX 889,TEXAS CITY,TX,77592-0889,1937,11/30/1937 0:00:00,6,false,1425618594,$1.43B,106634,304,16,320
60275,FREEDOM,"626 JACKSONVILLE RD, STE 250",WARMINSTER,PA,18974-4862,1934,1/1/1934 0:00:00,6,false,1423508271,$1.42B,62199,93,0,93
60238,GREAT LAKES,P.O. BOX 1289,BANNOCKBURN,IL,60015,1938,1/1/1938 0:00:00,6,false,1422909203,$1.42B,110606,261,5,266
1472,PALMETTO CITIZENS,P.O. Box 5846,Columbia,SC,29250,1936,1/1/1936 0:00:00,6,false,1421857031,$1.42B,85933,283,18,301
4580,THE SUMMIT,100 MARINA DR,ROCHESTER,NY,14626-5104,1941,1/1/1941 0:00:00,6,false,1414495940,$1.41B,106075,257,4,261
1845,ALOHA PACIFIC,3465 Waialae Ave. Ste 400,Honolulu,HI,96816-2664,1936,12/2/1936 0:00:00,6,true,1413559398,$1.41B,70882,174,15,189
12765,FIRST COMMONWEALTH,PO Box 20450,Lehigh Valley,PA,18002,1959,1/23/1959 0:00:00,6,false,1410583003,$1.41B,96532,242,3,245
10023,ISLAND,120 Motor Pkwy,Hauppauge,NY,11788-5107,1955,1/1/1955 0:00:00,6,false,1410058032,$1.41B,51448,115,15,130
63057,LISTERHILL,P.O. BOX 566,SHEFFIELD,AL,35660,1952,1/1/1952 0:00:00,6,false,1407169925,$1.41B,91761,276,20,296
24824,S. C. STATE,P.O. Box 726,Columbia,SC,29202,1952,1/1/1952 0:00:00,6,false,1401450224,$1.40B,91694,287,1,288
64759,DEL NORTE,PO Box 1180,Los Alamos,NM,87544,1954,1/1/1954 0:00:00,6,true,1393245039,$1.39B,67054,209,6,215
67605,ST. ANNE'S,"PO Box O, So. Station",Fall River,MA,02724,1936,4/24/1936 0:00:00,6,false,1389171446,$1.39B,61603,126,6,132
24955,MULTIPLI,3124 W Edgewood Dr,Jefferson City,MO,65109,1954,1/1/1954 0:00:00,6,false,1385906568,$1.39B,75575,209,11,220
24931,PARK,2515 Blankenbaker Pkwy,Louisville,KY,40299-2465,1955,1/1/1955 0:00:00,6,false,1385651343,$1.39B,79076,264,9,273
67836,SHARON & CRESCENT UNITED,30 POND STREET,SHARON,MA,02067,1956,4/14/1956 0:00:00,6,false,1385502043,$1.39B,73213,149,6,155
61552,UNIVERSITY OF MICHIGAN,PO Box 7850,Ann Arbor,MI,48107,1954,1/1/1954 0:00:00,6,false,1381901663,$1.38B,121675,233,4,237
68583,AVADIAN,PO Box 360287,Birmingham,AL,35236,1934,1/1/1934 0:00:00,6,false,1377835914,$1.38B,86725,270,4,274
24553,LOS ANGELES POLICE,16150 Sherman Way,Van Nuys,CA,91406,1959,1/1/1959 0:00:00,6,false,1376450214,$1.38B,48376,158,2,160
67761,EAST TEXAS PROFESSIONAL,PO Box 6750,Longview,TX,75608,1953,4/17/1953 0:00:00,6,false,1375778978,$1.38B,103391,238,72,310
22458,SHARONVIEW,PO Box 2070,Fort Mill,SC,29716,1976,7/21/1976 0:00:00,6,false,1361162941,$1.36B,84410,264,0,264
62848,TELHIO,PO BOX 1298,Columbus,OH,43216,1935,1/4/1935 0:00:00,6,false,1355280275,$1.36B,68029,267,4,271
11316,SANDIA AREA,P.O. Box 18044,Albuquerque,NM,87185-0044,1956,1/1/1956 0:00:00,6,false,1352519098,$1.35B,68226,197,9,206
24552,NOBLE,7 E River Park Pl E Ste 110,Fresno,CA,93720-1669,1941,1/24/1941 0:00:00,6,false,1349042526,$1.35B,119086,202,18,220
68453,SIKORSKY FINANCIAL,1000 Oronoque Lane,Stratford,CT,06614,1948,1/1/1948 0:00:00,6,false,1340520203,$1.34B,67405,128,3,131
60978,DIRECTIONS,"200 N St Clair St, Suite 1600",Toledo,OH,43604,1953,1/1/1953 0:00:00,6,false,1338245932,$1.34B,94708,287,6,293
1074,FARMERS INSURANCE,PO Box 36911,Los Angeles,CA,90036,1936,1/1/1936 0:00:00,6,false,1334022899,$1.33B,66070,228,3,231
68421,CREDIT UNION WEST,PO Box 7600,Glendale,AZ,85312,1951,1/1/1951 0:00:00,6,false,1333353859,$1.33B,94881,239,13,252
9229,NEIGHBORS,PO BOX 2831,BATON ROUGE,LA,70821,1954,1/1/1954 0:00:00,6,false,1333212181,$1.33B,81621,224,11,235
8554,FIRST FINANCIAL OF MARYLAND,72 Loveton Cir,Sparks,MD,21152-9202,1953,1/1/1953 0:00:00,6,false,1326130118,$1.33B,77094,180,0,180
68413,PACIFIC SERVICE,"1355 Willow Way, STE 200",Concord,CA,94520,1936,1/1/1936 0:00:00,6,false,1317013876,$1.32B,70503,150,5,155
24917,COBALT,7148 Towne Center Pkwy,Papillion,NE,68046,1946,11/25/1946 0:00:00,6,false,1310587869,$1.31B,115753,244,3,247
65513,STATE EMPLOYEES,1611 Calle Lorca,Santa Fe,NM,87505,1958,9/10/1958 0:00:00,6,true,1303730732,$1.30B,53600,190,5,195
24223,USF FEDERAL CREDIT UNION,PO Box 47989,Tampa,FL,33646-0017,1985,12/5/1985 0:00:00,6,false,1290083787,$1.29B,78350,218,9,227
24831,ORION,400 Monroe Ave,Memphis,TN,38103,1957,1/1/1957 0:00:00,6,false,1287287686,$1.29B,67877,179,1,180
68415,SOUTHLAND,P. O. BOX 3003,LOS ALAMITOS,CA,90720-1303,1944,1/1/1944 0:00:00,6,false,1282588721,$1.28B,70752,168,14,182
10696,EDUCATIONAL SYSTEMS,PO Box 179,Greenbelt,MD,20768-0179,1955,1/1/1955 0:00:00,6,false,1281987518,$1.28B,92890,221,0,221
68471,FORT WORTH COMMUNITY,PO Box 210848,Bedford,TX,76095-7848,1940,1/1/1940 0:00:00,6,false,1278002024,$1.28B,74799,173,8,181
1207,LOS ANGELES,300 S Glendale Avenue,Glendale,CA,91205,1936,3/31/1936 0:00:00,6,true,1273612138,$1.27B,75746,175,4,179
61185,LEADERS CREDIT UNION,87 Murray Guard Dr Ste A,Jackson,TN,38305-3775,1957,1/1/1957 0:00:00,6,false,1272683120,$1.27B,87038,216,2,218
97085,SILVER STATE SCHOOLS,630 Trade Center Dr,Las Vegas,NV,89119-3712,1951,1/1/1951 0:00:00,6,false,1271695628,$1.27B,66091,198,7,205
68681,AMPLIFY,PO BOX 85300,Austin,TX,78708,1967,1/1/1967 0:00:00,6,false,1271284187,$1.27B,47637,210,2,212
5648,GULF COAST EDUCATORS,5953 Fairmont Pkwy,Pasadena,TX,77505,1948,1/1/1948 0:00:00,6,false,1264964769,$1.26B,61416,170,14,184
8797,WRIGHT PATMAN CONGRESSIONAL,P O BOX 23267,WASHINGTON,DC,20026-3267,1953,1/1/1953 0:00:00,6,false,1262776843,$1.26B,49276,154,2,156
16574,PATRIOT,P.O. BOX 778,CHAMBERSBURG,PA,17201-3810,1965,1/1/1965 0:00:00,6,false,1251772881,$1.25B,80838,209,12,221
24034,NOTRE DAME,P.O. Box 7878,Notre Dame,IN,46556,1983,6/29/1983 0:00:00,6,false,1249077174,$1.25B,65683,235,6,241
7835,RIZE,PO BOX 8017,EL MONTE,CA,91734-2317,1952,1/1/1952 0:00:00,6,false,1245553128,$1.25B,78142,178,10,188
66787,MUNICIPAL EMPL.CREDIT UNION OF BALT,1 SOUTH ST,BALTIMORE,MD,21202,1936,10/2/1936 0:00:00,6,true,1242577454,$1.24B,95236,279,11,290
68694,GULF WINDS,220 E NINE MILE RD,PENSACOLA,FL,32534-3145,1954,1/1/1954 0:00:00,6,false,1235543639,$1.24B,72992,235,4,239
63958,1ST UNITED,P.O. Box 11746,Pleasanton,CA,94588-1746,1932,3/29/1932 0:00:00,6,false,1234607427,$1.23B,60965,159,9,168
3130,TRUITY,P.O. Box 1358,Bartlesville,OK,74005-1358,1939,1/1/1939 0:00:00,6,false,1226323361,$1.23B,74424,222,6,228
68302,FIVE STAR,PO BOX 2028,Dothan,AL,36302-2028,1964,1/1/1964 0:00:00,6,false,1224840309,$1.22B,66407,229,4,233
22769,QUORUM,"2500 Westchester Ave, Suite 113",Purchase,NY,10577-2587,1977,7/15/1977 0:00:00,6,false,1224134020,$1.22B,69218,155,3,158
62509,FIRSTMARK,P.O. Box 701650,San Antonio,TX,78270-1650,1932,11/25/1932 0:00:00,6,false,1220850029,$1.22B,89026,232,2,234
24708,DESERET FIRST,3999 W Parkway Blvd,West Valley Cit,UT,84120,1955,1/1/1955 0:00:00,6,false,1218894662,$1.22B,85969,213,6,219
24959,HARVARD,104 Mount Auburn St Ste4,Cambridge,MA,02138-5019,1939,6/1/1939 0:00:00,6,false,1218555497,$1.22B,58545,140,2,142
13,EFCU FINANCIAL,3232 S Sherwood Forest Blvd,Baton Rouge,LA,70816-2218,1934,1/1/1934 0:00:00,6,false,1216552344,$1.22B,70187,144,0,144
68710,SUNMARK,PO Box 16370,Albany,NY,12212-6370,1937,1/1/1937 0:00:00,6,false,1208918975,$1.21B,89943,261,8,269
68741,SESLOC,P.O. BOX 5360,SAN LUIS OBISPO,CA,93403,1942,1/1/1942 0:00:00,6,false,1192851195,$1.19B,55640,188,3,191
17623,HONDA,19701 Hamilton Ave ste 130,Torrance,CA,90502-1368,1966,1/1/1966 0:00:00,6,false,1184439862,$1.18B,60930,189,5,194
64342,CREDIT UNION OF DENVER,PO BOX 261420,LAKEWOOD,CO,80226,1931,1/1/1931 0:00:00,6,false,1182731718,$1.18B,75413,153,2,155
6011,SIDNEY,42 Union St,Sidney,NY,13838,1949,1/1/1949 0:00:00,6,false,1179882908,$1.18B,75245,206,14,220
11111,FREEDOM FIRST,5240 Valleypark Dr,Roanoke,VA,24019-3002,1956,1/1/1956 0:00:00,6,false,1176446345,$1.18B,62965,217,6,223
64471,DUTRAC COMMUNITY,P O BOX 3250,DUBUQUE,IA,52004-3250,1946,1/1/1946 0:00:00,6,false,1172485337,$1.17B,53594,180,11,191
60255,CITY & COUNTY,144 11TH ST E,SAINT PAUL,MN,55101,1928,1/1/1928 0:00:00,6,false,1167046088,$1.17B,62303,161,7,168
68735,RAVE FINANCIAL,P.O. Box 12849,Beaumont,TX,77726,1935,1/1/1935 0:00:00,6,false,1164372684,$1.16B,84842,278,2,280
68196,RED CANOE,PO BOX 3020,LONGVIEW,WA,98632,1937,1/1/1937 0:00:00,6,false,1163216160,$1.16B,59797,234,6,240
60216,MEMBERS COOPERATIVE,215 N 40TH AVE W,DULUTH,MN,55807,1936,1/1/1936 0:00:00,6,false,1162745310,$1.16B,58339,198,5,203
68374,GUARDIAN,1 Guardian Way,Prattville,AL,36066,1958,1/1/1958 0:00:00,6,false,1161135620,$1.16B,93421,244,3,247
60057,WILDFIRE,PO Box 3285,Saginaw,MI,48605,1937,1/1/1937 0:00:00,6,false,1152230445,$1.15B,49766,179,25,204
61093,VIBRANT,PO Box 1550,Moline,IL,61265,1935,1/1/1935 0:00:00,6,false,1151880248,$1.15B,49815,145,1,146
68301,FIRST COMMERCE,PO Box 6416,Tallahassee,FL,32314,1940,1/1/1940 0:00:00,6,false,1149967833,$1.15B,71850,196,10,206
66349,SALAL,9706 4th Ave NE Ste 400,Seattle,WA,98115-2199,1948,11/30/1948 0:00:00,6,false,1146941024,$1.15B,61552,225,3,228
68485,AMERICAN FIRST,6 POINTE DR STE 400,BREA,CA,92821-6322,1989,5/22/1989 0:00:00,6,false,1146332953,$1.15B,48235,117,7,124
64171,UNIVERSITY,1500 S Sepulveda Blvd,Los Angeles,CA,90025,1950,12/12/1950 0:00:00,6,false,1145417313,$1.15B,58940,120,4,124
9986,REV,PO BOX 118000,CHARLESTON,SC,29423,1955,1/1/1955 0:00:00,6,false,1145014941,$1.15B,67129,264,0,264
60801,BLUPEAK,10120 Pacific Heights Blvd Ste 100,San Diego,CA,92121-4205,1936,1/1/1936 0:00:00,6,false,1142571451,$1.14B,53604,118,0,118
68632,LAFCU,P.O. BOX 26188,LANSING,MI,48909-6188,1936,2/12/1936 0:00:00,6,false,1139990300,$1.14B,73562,179,12,191
68241,DIAMOND,1600 Medical Dr,Pottstown,PA,19464-3242,1947,1/1/1947 0:00:00,6,false,1137825723,$1.14B,69963,208,11,219
528,UTAH FIRST,200 E SOUTH TEMPLE,SALT LAKE CITY,UT,84111,1935,1/1/1935 0:00:00,6,false,1134830796,$1.13B,44331,138,16,154
14692,ONPATH,3131 N. I-10 Service Rd. E.,Metairie,LA,70002-6053,1961,1/1/1961 0:00:00,6,true,1132848272,$1.13B,87350,248,0,248
68672,CRANE,ONE WEST GATE DRIVE,ODON,IN,47562,1955,9/26/1955 0:00:00,6,false,1131725347,$1.13B,68122,189,23,212
68628,FAMILY SAVINGS,205 Rescia Ave,Rainbow City,AL,35906-5932,1951,1/1/1951 0:00:00,6,false,1128689149,$1.13B,78123,295,12,307
151,JUSTICE,5175 Parkstone Drive Suite 200,Chantilly,VA,20151,1935,1/1/1935 0:00:00,6,false,1126871745,$1.13B,69541,176,1,177
11300,CLEARWATER,3600 Brooks St,Missoula,MT,59801,1956,1/1/1956 0:00:00,6,false,1125980847,$1.13B,65939,192,3,195
7346,SELFRELIANCE,2332 W Chicago Ave,Chicago,IL,60622,1951,6/20/1951 0:00:00,6,false,1125430132,$1.13B,48929,147,11,158
67681,NEIGHBORHOOD,PO Box 803476,Dallas,TX,75380-3476,1930,4/12/1930 0:00:00,6,false,1124348506,$1.12B,68102,184,6,190
67804,VANTAGE,19 Research Park CT,Saint Charles,MO,63304-5616,1957,10/30/1957 0:00:00,6,false,1112459731,$1.11B,68312,251,1,252
96071,ABBOTT LABORATORIES,325 Tri State Pkwy,Gurnee,IL,60031,0,3/15/1990 0:00:00,6,false,1109027190,$1.11B,32867,110,0,110
68731,TOPLINE FINANCIAL,9353 Jefferson Hwy,Maple Grove,MN,55369,1935,2/27/1996 0:00:00,6,false,1101806530,$1.10B,69348,165,17,182
4281,ATLANTIC REGIONAL,600 Sable Oaks Dr Suite 100,South Portland,ME,04106,1941,1/1/1941 0:00:00,6,false,1094262001,$1.09B,49054,201,3,204
2658,FIRST SOURCE,4451 Commercial Dr,New Hartford,NY,13413-6207,1938,1/1/1938 0:00:00,6,false,1093994631,$1.09B,63579,229,13,242
68315,SEATTLE METROPOLITAN,1910 1st Ave S,Seattle,WA,98134-1406,1933,1/1/1933 0:00:00,6,false,1091936752,$1.09B,50628,178,2,180
62978,IDEAL,8499 TAMARACK RD,WOODBURY,MN,55125-9201,1926,1/1/1926 0:00:00,6,false,1090349730,$1.09B,49087,164,3,167
14676,PEACH STATE,1505 Lakes Pkwy Ste 100,Lawrenceville,GA,30043-5883,1961,1/1/1961 0:00:00,6,false,1089115852,$1.09B,77916,246,8,254
24312,NORTH COUNTRY,PO BOX 64709,BURLINGTON,VT,05406-4709,1950,8/6/1987 0:00:00,6,false,1087987025,$1.09B,77144,212,1,213
7916,NECHES,PO Box 1118,Port Neches,TX,77651,1952,1/1/1952 0:00:00,6,false,1083039720,$1.08B,80657,222,21,243
61598,SAFE 1,1400 MILL ROCK WAY,BAKERSFIELD,CA,93311,1952,1/1/1952 0:00:00,6,false,1082730423,$1.08B,87778,137,6,143
68244,FIRST FINANCIAL,PO Box 25587,Albuquerque,NM,87125-0587,1937,1/1/1937 0:00:00,6,true,1081530666,$1.08B,99563,276,9,285
12199,KIRTLAND,6440 GIBSON BLVD SE,ALBUQUERQUE,NM,87108,1958,1/1/1958 0:00:00,6,false,1080090227,$1.08B,50839,187,17,204
68643,FIVEPOINT,3700 Skyline Dr,Nederland,TX,77642,1935,1/1/1935 0:00:00,6,false,1079542695,$1.08B,56964,202,13,215
60931,MICHIGAN EDUCATIONAL,9200 N Haggerty Road,Plymouth,MI,48170-4633,1942,1/1/1942 0:00:00,6,false,1074197260,$1.07B,47820,84,3,87
66752,MARINE,300 2nd St N Ste 400,La Crosse,WI,54601,1949,12/5/1949 0:00:00,6,false,1068456993,$1.07B,75462,398,20,418
63805,CHRISTIAN FINANCIAL,35100 Van Dyke Ave,Sterling Height,MI,48312,1967,9/25/1967 0:00:00,6,false,1062851530,$1.06B,61822,190,13,203
60968,THE POLICE,1250 GRUNDY LN,SAN BRUNO,CA,94066,1958,1/1/1958 0:00:00,6,false,1058791956,$1.06B,38847,133,1,134
68430,LATINO COMMUNITY,PO Box 14647,Durham,NC,27709,2000,2/8/2000 0:00:00,6,true,1055569826,$1.06B,128420,318,1,319
12977,MARINE,P.O. Box 1551,Jacksonville,NC,28541-1551,1959,1/1/1959 0:00:00,6,false,1051184214,$1.05B,78264,239,12,251
68511,CONNEX,412 Washington Ave,North Haven,CT,06473-0477,1940,1/1/1940 0:00:00,6,false,1050308099,$1.05B,75152,147,10,157
7448,1ST ADVANTAGE,PO Box 2116,Newport News,VA,23609-0116,1951,1/1/1951 0:00:00,6,false,1048649774,$1.05B,71966,218,2,220
68359,VELOCITY,P O BOX 1089,Austin,TX,78767,1947,1/1/1947 0:00:00,6,false,1048219456,$1.05B,71607,197,10,207
1717,HAWAIIAN FINANCIAL,1138 N King St,Honolulu,HI,96817,1936,1/1/1936 0:00:00,6,true,1044022864,$1.04B,52883,93,4,97
68402,VALLEY FIRST,PO Box 1411,Modesto,CA,95353,1956,1/1/1956 0:00:00,6,false,1043373733,$1.04B,79996,167,0,167
68510,COMMUNITY 1ST,1100 Hutchinson Ave,Ottumwa,IA,52501,1936,1/1/1936 0:00:00,6,false,1042673037,$1.04B,72447,288,22,310
67132,UTAH POWER,957 E 6600 S,Murray,UT,84121-2444,1935,1/1/1935 0:00:00,6,false,1040227890,$1.04B,30953,51,16,67
60605,FAMILY SECURITY,2204 Family Security Pl SW,Decatur,AL,35603,1953,1/1/1953 0:00:00,6,false,1037966113,$1.04B,88747,222,8,230
1829,HFS,632 KINOOLE ST,HILO,HI,96720-3828,1937,1/4/1937 0:00:00,6,false,1032358932,$1.03B,55316,122,4,126
64084,MAZUMA,7260 W 135th St,Overland Park,KS,66223,1948,11/13/1948 0:00:00,6,false,1032311774,$1.03B,73698,251,1,252
61365,4FRONT,PO Box 795,Traverse City,MI,49685,1954,1/1/1954 0:00:00,6,false,1030613983,$1.03B,103685,270,3,273
24405,VERMONT,PO Box 2147,So Burlington,VT,05407-2147,1953,12/19/1990 0:00:00,6,false,1023338675,$1.02B,58570,165,9,174
16626,HERITAGE,PO Box 189,Newburgh,IN,47629,1965,1/29/1965 0:00:00,6,false,1021488835,$1.02B,64940,214,9,223
1409,RAIZ,12020 ROJAS DR,EL PASO,TX,79936,1936,1/1/1936 0:00:00,6,true,1017491638,$1.02B,77493,240,1,241
5924,MATANUSKA VALLEY,1020 S BAILEY ST,PALMER,AK,99645-6924,1948,1/1/1948 0:00:00,6,false,1015052007,$1.02B,64628,175,0,175
63932,1ST MIDAMERICA,731 E Bethalto Dr,Bethalto,IL,62010,1934,8/18/1934 0:00:00,6,false,1008207502,$1.01B,64054,164,21,185
67864,ST. MARY'S,"46 LIZOTTE DR., PO BOX 729",MARLBOROUGH,MA,01752,1913,7/9/1913 0:00:00,6,false,1004346776,$1.00B,57536,121,3,124
68493,WATER AND POWER COMMUNITY,1053 W SUNSET BLVD,LOS ANGELES,CA,90012-2134,1936,1/1/1936 0:00:00,6,false,1000962486,$1.00B,44948,110,3,113
9915,MCCOY,PO BOX 593806,ORLANDO,FL,32859-3806,1954,1/1/1954 0:00:00,6,false,1000909377,$1.00B,80927,207,5,212
67347,BRIGHTSTAR,PO Box 8966,Fort Lauderdale,FL,33310-8966,1946,2/26/1946 0:00:00,6,false,994401389,$994.40M,59314,178,5,183
66353,BRAZOS VALLEY SCHOOLS,25525 Katy Mills Pkwy,Katy,TX,77494,1954,5/13/1954 0:00:00,6,false,994134122,$994.13M,64383,163,8,171
68476,TROPICAL FINANCIAL,3050 CORPORATE WAY,MIRAMAR,FL,33025,1935,1/1/1935 0:00:00,6,false,992159491,$992.16M,63200,175,6,181
24299,MIRASTAR,"2099 Gateway Place, Suite 140",San Jose,CA,95110,1950,3/31/1987 0:00:00,6,true,982701845,$982.70M,47949,136,0,136
62542,GOLDEN PLAINS,P.O. Box 459,Garden City,KS,67846-6235,1951,1/1/1951 0:00:00,6,false,978931365,$978.93M,86622,203,13,216
67208,WESTBY CO-OP,P O BOX 70,WESTBY,WI,54667,1939,9/8/1939 0:00:00,6,false,972871024,$972.87M,41290,189,28,217
13605,ABNB,830 Greenbrier Cir,Chesapeake,VA,23320-2624,1960,1/1/1960 0:00:00,6,false,968610527,$968.61M,76485,219,3,222
24812,WESTREET,PO Box 267,Tulsa,OK,74101,1943,2/24/2009 0:00:00,6,false,967745094,$967.75M,60333,234,0,234
2357,HOUSTON POLICE,1600 Memorial Dr,Houston,TX,77007-7702,1937,1/1/1937 0:00:00,6,false,965136132,$965.14M,32077,86,11,97
5612,ALTAONE,PO Box 1209,Ridgecrest,CA,93556,1947,11/26/1947 0:00:00,6,false,962540768,$962.54M,59059,176,2,178
66585,POINT BREEZE,11104 McCormick Rd,Hunt Valley,MD,21031-1404,1935,8/6/1935 0:00:00,6,false,960300567,$960.30M,67900,122,5,127
6885,PEOPLE FIRST,740 W Hamilton St Ste 300,Allentown,PA,18101-2474,1950,1/1/1950 0:00:00,6,false,958345667,$958.35M,76360,154,12,166
7590,GREATER TEXAS,12544 Riata Vista Circle,AUSTIN,TX,78727,1952,1/1/1952 0:00:00,6,false,957315128,$957.32M,75501,203,7,210
1427,MIDWEST AMERICA,1104 Medical Park Dr,Fort Wayne,IN,46825-5826,1936,5/29/1936 0:00:00,6,false,957000422,$957.00M,51598,189,9,198
14091,HOUSTON,16320 Kensington Dr,Sugar Land,TX,77479-4097,1960,1/1/1960 0:00:00,6,false,952923383,$952.92M,60366,181,10,191
6778,ENRICHMENT,P O BOX 883,OAK RIDGE,TN,37831-0883,1950,1/1/1950 0:00:00,6,false,945447055,$945.45M,48224,139,0,139
68445,POWER FINANCIAL,2020 NW 150th Avenue,Pembroke Pines,FL,33028,1951,1/1/1951 0:00:00,6,false,945105404,$945.11M,33817,162,1,163
68256,BELCO COMMUNITY CREDIT UNION,449 EISENHOWER BLVD,HARRISBURG,PA,17111,1939,1/1/1939 0:00:00,6,false,931864644,$931.86M,73538,218,5,223
10465,UNIVERSITY OF HAWAII,PO Box 22070,Honolulu,HI,96823,1955,1/1/1955 0:00:00,6,true,930570881,$930.57M,34962,74,2,76
6574,MERCK SHARP & DOHME,335 W BUTLER AVE,CHALFONT,PA,18914,1950,1/1/1950 0:00:00,6,false,929941001,$929.94M,33277,87,5,92
68503,FIRST CITY,PO Box 93727,Pasadena,CA,91109-3727,1937,1/1/1937 0:00:00,6,true,927556129,$927.56M,57028,111,0,111
68678,KELLOGG COMMUNITY,PO BOX 140,BATTLE CREEK,MI,49016,1941,10/10/1941 0:00:00,6,false,925496908,$925.50M,50540,154,5,159
62035,ALPENA-ALCONA AREA,PO Box 515,Alpena,MI,49707,1953,1/1/1953 0:00:00,6,false,918804314,$918.80M,48818,131,15,146
6248,SKYONE,14600 Aviation Blvd,Hawthorne,CA,90250,1949,7/25/1949 0:00:00,6,false,917987488,$917.99M,63146,97,2,99
60768,HOOSIER HILLS,630 LINCOLN AVE,BEDFORD,IN,47421-2116,1934,1/1/1934 0:00:00,6,false,917087785,$917.09M,39826,182,4,186
9759,FORTERA,2050 Lowes Dr,Clarksville,TN,37040-1620,1954,1/1/1954 0:00:00,6,false,914329945,$914.33M,83068,187,1,188
24726,GRANITE,3675 S 900 E,SALT LAKE CITY,UT,84106,1986,4/18/1986 0:00:00,6,false,913630758,$913.63M,39050,134,6,140
61667,COMMUNITY FIRST,PO Box 6004,Santa Rosa,CA,95406,1959,1/1/1959 0:00:00,6,false,913120853,$913.12M,59821,168,9,177
68718,TRUE COMMUNITY,1100 Clinton Rd,Jackson,MI,49202-2060,1953,5/20/1953 0:00:00,6,false,910371410,$910.37M,82805,210,4,214
68021,COMMUNITY RESOURCE,PO BOX 3181,Baytown,TX,77522,1935,8/9/1935 0:00:00,6,false,906250405,$906.25M,57680,196,13,209
66998,BLACKHAWK COMMUNITY,PO Box 5366,Janesville,WI,53547,1965,6/18/1965 0:00:00,6,false,905943494,$905.94M,44476,175,36,211
60509,TLC COMMUNITY,PO Box 927,Adrian,MI,49221,1956,1/1/1956 0:00:00,6,false,899807906,$899.81M,56606,134,5,139
9230,CERTIFIED,4455 Arden Dr,El Monte,CA,91731,1954,2/19/1954 0:00:00,6,false,898582455,$898.58M,66925,119,3,122
61708,ARBOR FINANCIAL,1551 S 9TH ST,KALAMAZOO,MI,49009-9404,1935,1/1/1935 0:00:00,6,false,898138077,$898.14M,46909,176,17,193
3850,N C P D,777 Old Country Rd,Plainview,NY,11803-4992,1940,1/1/1940 0:00:00,6,false,897017116,$897.02M,16420,33,1,34
67625,SCHLUMBERGER EMPLOYEES,205 Industrial Blvd,Sugar Land,TX,77478-3168,1946,12/9/1946 0:00:00,6,false,896694181,$896.69M,28164,37,0,37
79,CAMPUS,P.O. Box 98036,Baton Rouge,LA,70898,1934,1/1/1934 0:00:00,6,false,895459823,$895.46M,43824,180,1,181
68723,RADIANT,4440 NW 25th Pl,Gainesville,FL,32606-6563,1957,1/1/1957 0:00:00,6,false,895123083,$895.12M,49621,185,1,186
66594,GREENWOOD,2700 Post Rd,Warwick,RI,02886-3003,1948,1/1/1948 0:00:00,6,false,894725695,$894.73M,60212,77,3,80
68223,QUALSTAR,PO BOX 3050,Bothell,WA,98041-3050,1952,1/1/1952 0:00:00,6,false,891431367,$891.43M,68046,124,1,125
68658,FINANCIAL CENTER FIRST,7101 E 56th St,Indianapolis,IN,46226,1953,4/22/1953 0:00:00,6,false,889269023,$889.27M,59008,189,4,193
9381,GATHER,4493 Pahee St,Lihue,HI,96766,1954,3/30/1954 0:00:00,6,true,888623980,$888.62M,39996,97,0,97
24953,OKLAHOMA'S,PO BOX 24027,OKLAHOMA CITY,OK,73124,1954,1/1/1954 0:00:00,6,false,885272230,$885.27M,56199,148,12,160
61447,NUMARK,PO Box 2729,Joliet,IL,60434,1954,1/1/1954 0:00:00,6,false,879803291,$879.80M,62350,183,5,188
62076,MEMBERS FIRST,PO Box 2165,Midland,MI,48641-2165,1936,1/1/1936 0:00:00,6,false,878441517,$878.44M,67375,237,5,242
66699,ALL ONE,20 Adams St.,Leominster,MA,01453,1954,4/4/1954 0:00:00,6,false,877264911,$877.26M,36759,130,9,139
97068,CHRISTIAN COMMUNITY,PO BOX 9001,SAN DIMAS,CA,91773-9001,1957,1/1/1957 0:00:00,6,false,875854756,$875.85M,34847,114,2,116
2157,TUCSON,PO BOX 42435,TUCSON,AZ,85733-2435,1937,1/1/1937 0:00:00,6,false,875508211,$875.51M,52070,170,4,174
67465,TEXAS BAY,12611 Fuqua St,Houston,TX,77034,1936,5/12/1936 0:00:00,6,false,874892055,$874.89M,60104,179,10,189
66835,DAY AIR,PO Box 292980,Kettering,OH,45429,1944,11/20/1944 0:00:00,6,false,873006293,$873.01M,53817,112,4,116
22637,ARDENT,"1601 Cherry St, Ste 2000",Phila,PA,19102-1320,1977,1/14/1977 0:00:00,6,false,871659169,$871.66M,34213,110,1,111
65078,COMMUNITY CHOICE,6163 NW 86TH ST,JOHNSTON,IA,50131,1953,1/1/1953 0:00:00,6,false,865341850,$865.34M,53383,183,4,187
62426,ZEAL,17250 Newburgh Road,Livonia,MI,48152-2618,1954,1/1/1954 0:00:00,6,false,864143264,$864.14M,65510,131,11,142
7608,OCEANAIR,2151 E. Gonzales Rd.,Oxnard,CA,93036,1952,1/28/1952 0:00:00,6,false,862968418,$862.97M,27746,132,4,136
6160,SUN EAST,4500 Pennell Rd,Aston,PA,19014-1862,1949,1/1/1949 0:00:00,6,false,861419479,$861.42M,49610,138,6,144
18336,COMMUNITYWIDE,1555 W Western Ave,South Bend,IN,46619-3742,1967,9/27/1967 0:00:00,6,false,858901596,$858.90M,69938,83,1,84
68210,TRIANGLE,33 Franklin St,Nashua,NH,03064,1939,12/30/1996 0:00:00,6,false,857382491,$857.38M,55379,147,9,156
96084,BOULDER DAM,PO BOX 61530,BOULDER CITY,NV,89006-1530,1940,1/1/1940 0:00:00,6,false,855829730,$855.83M,19990,46,0,46
61637,CAPITAL,PO Box 2096,Bismarck,ND,58502,1939,1/1/1939 0:00:00,6,false,854331927,$854.33M,32607,142,9,151
9119,MERCED SCHOOL EMPLOYEES,P O BOX 1349,MERCED,CA,95341,1954,1/1/1954 0:00:00,6,false,853862193,$853.86M,50449,114,24,138
5234,CEDAR POINT,22745 MAPLE RD,LEXINGTON PARK,MD,20653,1945,1/1/1945 0:00:00,6,false,852982527,$852.98M,46980,146,1,147
68215,CORPORATE AMERICA FAMILY,2075 Big Timber Rd,Elgin,IL,60123-1140,1976,1/1/1997 0:00:00,6,false,840288072,$840.29M,64138,154,0,154
12084,MID OREGON,63088 18th St,Bend,OR,97701-7102,1957,1/1/1957 0:00:00,6,false,839830729,$839.83M,51251,159,6,165
14565,MAINE SAVINGS,PO Box 347,Hampden,ME,04444,1961,9/14/1961 0:00:00,6,false,837837376,$837.84M,42637,165,2,167
8218,CENTRAL ONE,714 Main St,Shrewsbury,MA,01545,1952,12/1/1952 0:00:00,6,false,835942465,$835.94M,39525,119,11,130
22157,SOUTHWEST AIRLINES,PO Box 35708,Dallas,TX,75235,1975,10/8/1975 0:00:00,6,false,831133902,$831.13M,59674,117,0,117
67329,ENVISION,P.O. Box 5198,Tallahassee,FL,32314-5198,1954,1/26/1954 0:00:00,6,false,829353275,$829.35M,63238,286,19,305
9296,SUN COMMUNITY,1068 Broadway Ave,El Centro,CA,92243-2315,1954,1/1/1954 0:00:00,6,true,826004570,$826.00M,53105,145,8,153
21930,CINFED,4801 Kennedy Avenue,Cincinnati,OH,45209,1975,2/27/1975 0:00:00,6,false,825467492,$825.47M,38132,145,1,146
68061,SOLARITY,PO Box 2922,Yakima,WA,98907,1951,6/1/1951 0:00:00,6,false,824575797,$824.58M,46866,121,1,122
61823,AZURA,PO Box 1128,Topeka,KS,66601-1128,1956,1/1/1956 0:00:00,6,false,824357437,$824.36M,63020,191,5,196
14176,IDB GLOBAL,1300 NEW YORK AVE NW,WASHINGTON,DC,20577-0001,1961,1/1/1961 0:00:00,6,true,821487863,$821.49M,13001,54,0,54
68690,PFCU,9077 Charlotte Hwy,Portland,MI,48875,1947,1/1/1947 0:00:00,6,false,819853531,$819.85M,56814,183,4,187
62710,PELICAN,P.O. Box 40088,Baton Rouge,LA,70835,1956,11/15/1956 0:00:00,6,false,819660982,$819.66M,85358,339,4,343
24934,TRUE SKY,P.O. Box 26406,Oklahoma City,OK,73126,1946,12/16/1946 0:00:00,6,false,819044713,$819.04M,64892,131,14,145
62641,SACRAMENTO,P.O. Box 2351,Sacramento,CA,95812,1935,1/1/1935 0:00:00,6,false,817183102,$817.18M,30109,98,3,101
10600,AIR ACADEMY,PO Box 62910,Colorado Spring,CO,80962-2910,1955,10/25/1955 0:00:00,6,false,816880827,$816.88M,44073,139,9,148
67541,LIBERTY BAY,300 Granite St Fl 3,Braintree,MA,02184-3909,1917,3/1/1917 0:00:00,6,false,815731308,$815.73M,22082,69,0,69
3601,NATIONAL INSTITUTES OF HEALTH,PO Box 6475,Rockville,MD,20849,1940,1/1/1940 0:00:00,6,false,814324424,$814.32M,42690,128,1,129
24742,HERITAGE FAMILY,26 Allen St,Rutland,VT,05701,1956,1/1/1956 0:00:00,6,false,812319410,$812.32M,53979,193,2,195
65861,THE PEOPLES,858 W Main Rd,Middletown,RI,02842,1922,1/1/1922 0:00:00,6,false,810409210,$810.41M,41834,115,2,117
24963,FIRST SOUTH FINANCIAL,2723 Summer Oaks Dr,Bartlett,TN,38134,1957,12/31/1957 0:00:00,6,false,809063213,$809.06M,71826,131,2,133
68505,INTOUCH,PO BOX 250169,PLANO,TX,75025-0169,1974,5/21/1974 0:00:00,6,false,808458768,$808.46M,71424,139,1,140
1476,ERIE,3503 Peach St,Erie,PA,16508,1936,1/1/1936 0:00:00,6,false,805944692,$805.94M,80294,220,1,221
20194,MID MINNESOTA,13283 Isle Dr,Baxter,MN,56425-8554,1970,1/1/1970 0:00:00,6,false,800733198,$800.73M,66504,179,1,180
67927,SMART FINANCIAL,PO Box 920719,Houston,TX,77292,1934,4/3/1934 0:00:00,6,false,800553489,$800.55M,59542,192,4,196
68668,1ST NORTHERN CALIFORNIA,PO Box 509,Martinez,CA,94553,1949,1/1/1949 0:00:00,6,false,800033624,$800.03M,33325,94,0,94
68711,HERITAGE FINANCIAL,25 Rykowski Lane,Middletown,NY,10941,1940,6/22/1940 0:00:00,6,false,789569277,$789.57M,55666,150,7,157
9604,FIRST HERITAGE,202 Dension Pkwy E,Corning,NY,14830,1954,1/1/1954 0:00:00,6,false,787517551,$787.52M,49934,145,1,146
9071,DIRECT,"50 Cabot St, PO Box 9123",Needham,MA,02494,1953,1/1/1953 0:00:00,6,false,784188722,$784.19M,23561,70,2,72
63532,ATOMIC,711 Beaver Creek Rd,Piketon,OH,45661,1955,12/17/1955 0:00:00,6,false,783547684,$783.55M,85202,257,42,299
11836,BAYER HERITAGE,788 N State Route 2,New Martinsvill,WV,26155,1957,6/15/1957 0:00:00,6,false,781365383,$781.37M,44213,146,10,156
24829,HOPE,4 OLD RIVER PL,JACKSON,MS,39202-3431,1995,8/22/1995 0:00:00,6,true,779444194,$779.44M,41017,250,28,278
9089,UNIWYO,2020 E Grand Ave,Laramie,WY,82070,1953,1/1/1953 0:00:00,6,false,775670043,$775.67M,60086,116,7,123
68517,VERITY,11027 Meridian Ave N,Seattle,WA,98133,1933,7/15/1970 0:00:00,6,false,774657998,$774.66M,35326,131,4,135
12697,COMPLEX COMMUNITY,4519 E 51ST ST,ODESSA,TX,79762,1958,1/1/1958 0:00:00,6,false,774374177,$774.37M,43943,154,4,158
12425,FOOTHILL,"250 W Colorado Blvd, Ste 250",Arcadia,CA,91007,1958,1/1/1958 0:00:00,6,false,774070419,$774.07M,33978,107,1,108
68608,TEXELL,PO Box 983,Temple,TX,76503,1948,1/1/1948 0:00:00,6,false,771178714,$771.18M,53927,210,1,211
64482,UNCLE,2100 LAS POSITAS CT,LIVERMORE,CA,94551-7301,1957,2/18/1957 0:00:00,6,false,770959093,$770.96M,40083,100,8,108
68444,FIRST,25 S Arizona Pl Ste 111,Chandler,AZ,85225,1935,3/25/1935 0:00:00,6,false,770916628,$770.92M,44593,143,0,143
68062,AMERICA'S CHRISTIAN,PO Box 5100,Glendora,CA,91740-0808,1973,1/17/1973 0:00:00,6,false,770360206,$770.36M,125015,92,2,94
1719,HAWAII COMMUNITY,73-5611 Olowalu St,Kailua Kona,HI,96740-2689,1936,1/1/1936 0:00:00,6,false,769765400,$769.77M,45947,119,22,141
16410,DEPARTMENT OF COMMERCE,P.O. Box 14720,Washington,DC,20044,1964,1/1/1964 0:00:00,6,false,768561605,$768.56M,29774,80,0,80
22128,SERVICE 1ST,"1985 Montour Blvd, PO Box 159",Danville,PA,17821,1975,8/25/1975 0:00:00,6,false,766413710,$766.41M,49748,136,16,152
11554,FAMILY TRUST,PO Drawer 10233,Rock Hill,SC,29731,1957,1/1/1957 0:00:00,6,false,766294944,$766.29M,58210,141,2,143
14568,LA CAPITOL,P.O. BOX 3398,BATON ROUGE,LA,70821-3398,1961,1/1/1961 0:00:00,6,false,762979120,$762.98M,52703,152,2,154
8822,DOVER-PHILA,129 Fillmore Ave,Dover,OH,44622-2061,1953,8/5/1953 0:00:00,6,false,762804078,$762.80M,34131,79,17,96
66597,POLISH NATIONAL,923 Front Street,Chicopee,MA,01020,1921,7/19/1921 0:00:00,6,false,761082498,$761.08M,28711,125,22,147
66376,PATHWAYS FINANCIAL,5665 N Hamilton Rd,Columbus,OH,43230,1973,1/9/1973 0:00:00,6,false,758502129,$758.50M,54844,118,7,125
63377,MAINE STATE,P.O. Box 5659,Augusta,ME,04332-5659,1935,3/22/1935 0:00:00,6,false,753336929,$753.34M,37266,135,5,140
62141,TEAM ONE,520 HAYDEN ST,SAGINAW,MI,48606,1935,1/1/1935 0:00:00,6,false,751810553,$751.81M,47504,145,12,157
7345,CARIBE,195 Calle Oneill,San Juan,PR,00918-2404,1951,1/1/1951 0:00:00,6,true,750559993,$750.56M,64492,163,2,165
24279,GFA,229 Parker St,Gardner,MA,01440-3703,1938,10/24/1986 0:00:00,6,false,749989559,$749.99M,32918,96,2,98
24875,THE FIRST FINANCIAL,2900 Bradley St,Pasadena,CA,91107-1560,1974,3/20/1974 0:00:00,6,false,749714392,$749.71M,33783,118,2,120
66824,FREEDOM,PO BOX 3009,SPRINGFIELD,MA,01101-3009,1986,2/21/1986 0:00:00,6,false,748782561,$748.78M,31618,103,10,113
15672,SEA COMM,30 STEARNS STREET,MASSENA,NY,13662,1963,1/1/1963 0:00:00,6,false,747181176,$747.18M,56241,126,7,133
66872,KOHLER,5727 Superior Ave,Sheboygan,WI,53083-3329,1938,4/20/1938 0:00:00,6,false,745784362,$745.78M,55199,171,27,198
4015,GENERATIONS COMMUNITY,PO Box 791870,San Antonio,TX,78279-1870,1940,1/1/1940 0:00:00,6,true,745226371,$745.23M,47175,167,3,170
9164,CARTER,PO BOX 814,SPRINGHILL,LA,71075,1954,1/1/1954 0:00:00,6,false,743143082,$743.14M,34797,115,5,120
60583,UNIVERSITY OF ILLINOIS COMMUNITY,2201 S First St,Champaign,IL,61820,1932,1/1/1932 0:00:00,6,false,741769068,$741.77M,64826,172,8,180
13919,DEL-ONE,270 Beiser Blvd,Dover,DE,19904-7790,1960,8/30/1960 0:00:00,6,false,739770760,$739.77M,96741,177,8,185
60790,TOWN AND COUNTRY,615 S BROADWAY,MINOT,ND,58701-4473,1939,1/1/1939 0:00:00,6,false,736604333,$736.60M,26457,143,9,152
68376,FRONTIER,PO Box 1865,Idaho Falls,ID,83403,1935,1/1/1935 0:00:00,6,false,736363962,$736.36M,51698,199,6,205
9247,PIONEER,250 W 3RD S,MOUNTAIN HOME,ID,83647,1954,1/1/1954 0:00:00,6,false,736116706,$736.12M,48760,183,0,183
17012,PROFED,PO Box 5466,Fort Wayne,IN,46895-5466,1933,9/29/1965 0:00:00,6,false,736012573,$736.01M,64025,175,4,179
63272,GRANITE STATE,PO Box 6420,Manchester,NH,03108,1945,3/9/1945 0:00:00,6,false,730744843,$730.74M,53381,150,5,155
3830,MASS. INSTITUTE OF TECH.,70 Westview St.,Lexington,MA,02421-3142,1940,1/1/1940 0:00:00,6,false,728989323,$728.99M,34821,91,0,91
67508,MEMBERS CHOICE,18211 Katy Fwy,Houston,TX,77094-1395,1941,10/2/1941 0:00:00,6,false,727684909,$727.68M,46097,120,0,120
24421,LEGACY COMMUNITY,100 CORPORATE RDG STE 200,BIRMINGHAM,AL,35242-2994,1955,1/2/1992 0:00:00,6,false,725662471,$725.66M,40222,128,8,136
63602,CORDA,3015 Blairs Ferry Rd NE,Cedar Rapids,IA,52402,1935,1/1/1935 0:00:00,6,false,723995975,$724.00M,26343,108,2,110
62881,ARIZONA CENTRAL,PO Box 11650,Phoenix,AZ,85061,1939,7/1/1975 0:00:00,6,false,722743433,$722.74M,63554,158,5,163
20258,RELIANT COMMUNITY,"10 Benton Pl, PO Box 40",Sodus,NY,14551-0040,1970,8/3/1970 0:00:00,6,false,722516605,$722.52M,48596,172,5,177
2131,PRIMEWAY,PO BOX 53088,Houston,TX,77052,1937,4/8/1937 0:00:00,6,true,720971263,$720.97M,48909,141,0,141
61525,WE FLORIDA FINANCIAL,PO Box 14548,Fort Lauderdale,FL,33302,1953,1/1/1953 0:00:00,6,false,719471613,$719.47M,41036,113,0,113
62322,OKLAHOMA CENTRAL,4956 S Peoria Ave,Tulsa,OK,74105,1941,9/15/1941 0:00:00,6,false,718218402,$718.22M,42928,124,6,130
68657,NUTMEG STATE FINANCIAL,"500 Enterprise Dr Ste 4A, PO Box 66",Rocky Hill,CT,06067,1935,1/1/1935 0:00:00,6,false,716802798,$716.80M,55418,110,1,111
67709,QUINCY,100 Quincy Ave,Quincy,MA,02169-6714,1937,8/4/1937 0:00:00,6,false,713978744,$713.98M,38461,76,6,82
68571,CREDIT UNION OF GEORGIA,3048 Eagle Dr,Woodstock,GA,30189-5531,1960,1/1/1960 0:00:00,6,false,712454720,$712.45M,36269,106,0,106
12443,DOVER,1075 SILVER LAKE BLVD,DOVER,DE,19904-2411,1958,6/19/1958 0:00:00,6,false,709879697,$709.88M,43844,142,0,142
11723,CORNERSTONE COMMUNITY,PO BOX 830,LOCKPORT,NY,14095-0830,1957,1/1/1957 0:00:00,6,false,709619315,$709.62M,43823,151,1,152
68683,COOSA VALLEY,2010 Redmond CIR NW,Rome,GA,30165,1954,1/1/1954 0:00:00,6,false,709608499,$709.61M,50794,128,2,130
1199,BMI,6165 Emerald Pkwy,Dublin,OH,43016-3248,1936,1/1/1936 0:00:00,6,false,709446098,$709.45M,46644,102,6,108
167,DAKOTALAND,"2297 Kansas Ave SE, Suite 1",Huron,SD,57350,1935,1/1/1935 0:00:00,6,false,709354074,$709.35M,41669,168,6,174
9160,MERIDIAN TRUST,4349 E Lincolnway,Cheyenne,WY,82001,1954,1/27/1954 0:00:00,6,false,709069218,$709.07M,43436,124,2,126
68459,USC,PO Box 512718,Los Angeles,CA,90051-0718,1973,8/30/1973 0:00:00,6,true,708282281,$708.28M,73178,95,11,106
340,RADIFI,PO Box 2357,Jacksonville,FL,32232,1935,1/1/1935 0:00:00,6,false,704913184,$704.91M,41974,132,1,133
9373,"AMERICA'S CREDIT UNION, A",P.O. Box 5060,DuPont,WA,98327-5060,1954,3/26/1954 0:00:00,6,false,704378880,$704.38M,29041,148,2,150
18181,UMASSFIVE COLLEGE,PO Box 1060,Hadley,MA,01035,1967,1/1/1967 0:00:00,6,false,703682743,$703.68M,51515,114,5,119
11979,NORTHLAND AREA,1161 N Bagley St,Alpena,MI,49707-8221,1957,9/17/1957 0:00:00,6,false,700984763,$700.98M,46015,152,4,156
65291,ARMCO,P.O. BOX 1589,BUTLER,PA,16003-1589,1935,1/1/1935 0:00:00,6,false,700537600,$700.54M,45634,98,11,109
67173,SUPERIOR CHOICE,2817 Tower Avenue,Superior,WI,54880-5320,1932,2/18/1932 0:00:00,6,false,699303040,$699.30M,38156,135,22,157
24858,MAINSTREET,13001 W 95th St,Lenexa,KS,66215-3726,1953,1/1/1953 0:00:00,6,false,694160740,$694.16M,56115,140,2,142
361,SPERO FINANCIAL,PO Box 10708,Greenville,SC,29603,1935,1/1/1935 0:00:00,6,false,694082272,$694.08M,47585,169,0,169
68298,TAPCO,6312 19th St W,Fircrest,WA,98466-6226,1934,6/4/1934 0:00:00,6,false,690008499,$690.01M,31674,99,4,103
1733,LOKAHI,P.O. Box 30025,Honolulu,HI,96820,1936,10/30/1936 0:00:00,6,true,688672996,$688.67M,45910,102,2,104
9292,CONSOLIDATED,1033 NE 6TH AVE,PORTLAND,OR,97232-2017,1954,1/1/1954 0:00:00,6,false,687721844,$687.72M,33279,91,2,93
24254,FIRST CITIZENS',200 Mill Rd Ste 100,FAIRHAVEN,MA,02719,1937,6/30/1986 0:00:00,6,false,687401866,$687.40M,53393,133,1,134
9475,APL,P.O. Box 418,Laurel,MD,20725,1954,1/1/1954 0:00:00,6,false,680753653,$680.75M,30900,57,0,57
21971,CPM,1066 E MONTAGUE AVE,NORTH CHARLESTO,SC,29405,1955,4/4/1975 0:00:00,6,false,680589437,$680.59M,66406,186,15,201
3264,FIRST CHOICE AMERICA COMMUNITY,P.O. Box 762 Cove Station,Weirton,WV,26062,1939,5/17/1939 0:00:00,6,false,679502405,$679.50M,31538,56,28,84
62776,SOOPER CU DBA CLIMB CU,5005 W 60TH AVE,ARVADA,CO,80003,1951,12/21/1951 0:00:00,6,false,678127702,$678.13M,40677,124,8,132
64203,GREATER IOWA,1509 Baltimore Dr,Ames,IA,50010,1932,1/1/1932 0:00:00,6,false,675440122,$675.44M,38530,138,4,142
62031,HEARTLAND,PO BOX 1387,HUTCHINSON,KS,67504-1387,1948,1/1/1948 0:00:00,6,false,673563356,$673.56M,39989,147,6,153
7064,SUN,1627 Holland Rd,Maumee,OH,43537,1951,1/11/1951 0:00:00,6,false,670081376,$670.08M,34341,140,0,140
9607,APCI,PO Box 20147,Lehigh Valley,PA,18002-0147,1954,1/1/1954 0:00:00,6,false,665671456,$665.67M,17481,54,1,55
13690,FORT BRAGG,1638 Skibo Rd,Fayetteville,NC,28303,1960,1/1/1960 0:00:00,6,false,663929705,$663.93M,36381,66,0,66
4968,INOVA,358 S ELKHART AVE,ELKHART,IN,46516,1942,10/27/1942 0:00:00,6,false,663003009,$663.00M,47509,132,8,140
68439,RESOURCE ONE,PO Box 660077,Dallas,TX,75266-0077,1936,1/1/1936 0:00:00,6,true,662839996,$662.84M,72244,154,20,174
62573,RIO GRANDE,301 Rio Bravo Blvd,Albuquerque,NM,87105,1952,1/1/1952 0:00:00,6,true,659507011,$659.51M,49928,153,0,153
68696,NORTHERN,138 FACTORY ST,WATERTOWN,NY,13601-1958,1955,1/1/1955 0:00:00,6,false,657957093,$657.96M,45324,157,1,158
97103,ALLIANCE,6219 Spur 327,Lubbock,TX,79424,1940,1/1/1940 0:00:00,6,false,656243278,$656.24M,55808,195,21,216
24945,ENVISTA,3626 SW Wanamaker Rd,Topeka,KS,66614-4528,1957,1/1/1957 0:00:00,6,false,656107227,$656.11M,48854,153,32,185
67344,INSIGHT,270 WINDING HOLLOW BLVD,WINTER SPRINGS,FL,32708,1991,2/26/1991 0:00:00,6,false,654803458,$654.80M,43641,130,0,130
61759,ALLIANCE CATHOLIC,28800 Orchard Lake Rd,Farmington Hill,MI,48334,1956,1/1/1956 0:00:00,6,false,653924270,$653.92M,32848,142,6,148
67972,CORNERSTONE FINANCIAL,P.O. Box 120729,Nashville,TN,37212-0729,1962,11/30/1992 0:00:00,6,false,653738548,$653.74M,49552,105,1,106
6743,ABILENE TEACHERS,PO Box 5706,Abilene,TX,79608,1950,1/1/1950 0:00:00,6,false,650459620,$650.46M,56059,141,2,143
65595,AMERICAN 1,718 E MICHIGAN AVE,JACKSON,MI,49201,1980,9/1/1980 0:00:00,6,false,649692585,$649.69M,67235,286,4,290
60059,O BEE,PO Box 5000,Lacey,WA,98509-5000,1955,1/1/1955 0:00:00,6,false,649100480,$649.10M,35860,141,9,150
66365,ALIGN,87 Hale St,Lowell,MA,01851,1922,11/8/1922 0:00:00,6,false,647315253,$647.32M,27762,95,14,109
65722,FREEDOM NORTHWEST,PO BOX 68,KAMIAH,ID,83536,1963,2/27/1963 0:00:00,6,false,645929815,$645.93M,12767,44,3,47
68377,MYPOINT,9420 Farnham St,San Diego,CA,92123,1948,1/1/1948 0:00:00,6,false,645872954,$645.87M,27200,119,9,128
17117,R.I.A.,PO Box 4750,Rock Island,IL,61204-4750,1935,11/24/1965 0:00:00,6,false,641550132,$641.55M,40206,135,4,139
60747,BELLWETHER COMMUNITY,425 HOOKSETT RD,MANCHESTER,NH,03104,1921,1/1/1921 0:00:00,6,false,641470775,$641.47M,24774,82,9,91
67669,CITY,7474 FERGUSON RD,DALLAS,TX,75228,1942,8/1/1942 0:00:00,6,false,640268880,$640.27M,34298,106,0,106
68540,PREMIER ONE,6640 Via Del Oro,San Jose,CA,95119,1968,1/1/1968 0:00:00,6,false,639492367,$639.49M,35232,86,4,90
24780,WASATCH PEAKS,4723 HARRISON BLVD,OGDEN,UT,84403-4304,1930,12/21/2006 0:00:00,6,false,637212560,$637.21M,31660,80,36,116
60056,CONSUMER,3634 E Andrew Johnson Hwy,Greeneville,TN,37745,1953,1/1/1953 0:00:00,6,false,634772927,$634.77M,31521,81,7,88
20623,JOHNS HOPKINS,1501 S Clinton St Ste 1200,Baltimore,MD,21224-5732,1971,1/1/1971 0:00:00,6,false,633432365,$633.43M,45480,116,0,116
68502,COPPER STATE,15458 N 28th Ave,Phoenix,AZ,85053,1951,1/1/1951 0:00:00,6,false,631949909,$631.95M,38148,142,7,149
13345,FIRST PEOPLES COMMUNITY,PO BOX 1377,CUMBERLAND,MD,21501-1377,1959,1/1/1959 0:00:00,6,false,631291323,$631.29M,34521,139,12,151
66710,HEARTLAND,5325 High Crossing Blvd,Madison,WI,53718-2301,1936,2/20/1936 0:00:00,6,false,629155739,$629.16M,33483,121,12,133
68609,OUR COMMUNITY,PO Box 1670,Shelton,WA,98584,1941,12/3/1941 0:00:00,6,false,629064824,$629.06M,32095,95,6,101
61159,SECURITY,P.O. BOX 5255,GRAND BLANC,MI,48480-5255,1955,1/1/1955 0:00:00,6,false,628546730,$628.55M,53663,156,10,166
60936,ADVENTURE,P.O. BOX 895,Grand Rapids,MI,49518,1936,1/1/1936 0:00:00,6,false,627649735,$627.65M,43596,162,5,167
10866,KINETIC,P.O. Box 9818,Columbus,GA,31908-0818,1956,1/1/1956 0:00:00,6,false,627496979,$627.50M,45104,129,1,130
68038,EVERGREEN,PO Box 1038,Portland,ME,04104,1951,4/6/1993 0:00:00,6,false,625573580,$625.57M,32293,122,3,125
68732,INNOVATIONS FINANCIAL,P. O. Box 15529,Panama City,FL,32406,1952,4/14/1952 0:00:00,6,false,625332972,$625.33M,26822,102,1,103
21751,FEDEX EMPLOYEES CREDIT ASSOCIATION,2731 S Nonconnah Blvd,Memphis,TN,38132-2110,1974,8/8/1974 0:00:00,6,false,625113709,$625.11M,103127,118,2,120
13741,BEEHIVE,PO Box 40,Rexburg,ID,83440,1960,1/1/1960 0:00:00,6,false,624983479,$624.98M,33375,102,28,130
62903,PARTNER COLORADO,P.O. Box 1346,Arvada,CO,80001,1931,12/23/1931 0:00:00,6,false,619134976,$619.13M,34196,98,3,101
68441,EXCITE,265 Curtner Avenue,San Jose,CA,95125,1952,1/1/1952 0:00:00,6,false,615417655,$615.42M,45745,107,0,107
61741,COMMONWEALTH CENTRAL,5890 Silver Creek Valley Rd,San Jose,CA,95138,1958,1/1/1958 0:00:00,6,false,615312801,$615.31M,38965,95,0,95
6275,ALTANA,3212 Central Ave,Billings,MT,59102-6646,1949,8/17/1949 0:00:00,6,false,615096046,$615.10M,39710,130,2,132
8486,TOWN & COUNTRY,PO BOX 9420,SOUTH PORTLAND,ME,04116,1953,1/1/1953 0:00:00,6,false,610890974,$610.89M,38818,126,1,127
15222,COAST360,450 Route 8,Maite,GU,96910,1962,9/27/1962 0:00:00,6,false,610003151,$610.00M,49750,138,0,138
62665,CENTRAL WILLAMETTE,PO Box 1899,Albany,OR,97321,1955,1/1/1955 0:00:00,6,false,609100934,$609.10M,37946,148,2,150
6665,FINANCIAL RESOURCES,3040 US Highway 22 Bldg 2,Branchburg,NJ,08876-3594,1950,1/1/1950 0:00:00,6,false,608669428,$608.67M,29767,89,2,91
60105,OMNI COMMUNITY,PO Box 1537,Battle Creek,MI,49016,1952,11/2/1966 0:00:00,6,false,607049650,$607.05M,46468,121,31,152
61089,HOMELAND,P O BOX 1974,CHILLICOTHE,OH,45601,1932,1/1/1932 0:00:00,6,false,606264816,$606.26M,24322,63,24,87
68664,UNION SQUARE,1401 Holliday,Wichita Falls,TX,76301,1957,1/1/1957 0:00:00,6,false,604858522,$604.86M,35601,136,9,145
7091,METRO CU,P.O. BOX 390696,OMAHA,NE,68139,1951,1/1/1951 0:00:00,6,false,603969960,$603.97M,43893,95,9,104
11793,EMBOLD,PO Box 2020,Oregon City,OR,97045,1957,1/1/1957 0:00:00,6,false,597891792,$597.89M,36736,129,4,133
67668,FLORIDACENTRAL,P.O. Box 18605,Tampa,FL,33679-8605,1954,1/10/1954 0:00:00,6,false,592879613,$592.88M,43181,125,14,139
67252,EMBLEM,P O BOX 1400,GADSDEN,AL,35902,1959,9/26/1989 0:00:00,6,false,592503307,$592.50M,32649,99,0,99
22931,G.P.O.,4311 MIDDLE SETTLEMENT RD,NEW HARTFORD,NY,13413,1978,1/4/1978 0:00:00,6,false,591348318,$591.35M,42498,118,1,119
2876,NATIONAL POLICE,1407 W. WASHINGTON,CHICAGO,IL,60607,1938,8/10/1938 0:00:00,6,false,590609637,$590.61M,42746,71,5,76
24470,EDUCATION FIRST,7025 Eastex Freeway,Beaumont,TX,77706-6515,1952,5/28/1993 0:00:00,6,false,590523115,$590.52M,32346,144,0,144
15146,DUGOOD,PO BOX 12899,BEAUMONT,TX,77726,1962,1/1/1962 0:00:00,6,false,585605863,$585.61M,37211,135,2,137
68667,SOUTHPOINT FINANCIAL,924 MAIN ST E,SLEEPY EYE,MN,56085-4380,1936,1/1/1936 0:00:00,6,false,582922048,$582.92M,33811,98,9,107
67611,EDUCATORS,P O BOX 20728,WACO,TX,76702,1938,1/17/1938 0:00:00,6,false,582814449,$582.81M,27490,39,8,47
63837,ADELFI,135 S State College Blvd Ste 500,Brea,CA,92821-5819,1964,10/20/1964 0:00:00,6,false,581332749,$581.33M,17084,84,2,86
5380,SPECTRA,5440 CHEROKEE AVE STE 200,ALEXANDRIA,VA,22312,1946,1/1/1946 0:00:00,6,false,579650889,$579.65M,29498,74,2,76
63639,MINNCO,2215 3rd Ave NE,Cambridge,MN,55008,1935,1/1/1935 0:00:00,6,false,577374606,$577.37M,36979,106,9,115
68572,VIA CREDIT UNION,4505 S Adams ST,Marion,IN,46953-5351,1936,4/22/1936 0:00:00,6,false,576276349,$576.28M,37491,104,4,108
2769,SECURITYPLUS,7135 Windsor Blvd,Baltimore,MD,21244,1938,1/1/1938 0:00:00,6,true,576182104,$576.18M,35849,95,1,96
62038,EMBERS,601 S McClellan Ave,Marquette,MI,49855,1953,1/1/1953 0:00:00,6,false,575192440,$575.19M,32834,109,28,137
66983,CO-OP,PO Box 157,Black River Fal,WI,54615,1938,7/27/1938 0:00:00,6,false,573175116,$573.18M,23563,87,17,104
62339,DIVERSIFIED MEMBERS,1480 E Jefferson Ave,Detroit,MI,48207,1929,1/1/1929 0:00:00,6,true,571183292,$571.18M,30691,93,2,95
63268,ASCENTRA,PO Box 1107,Bettendorf,IA,52722,1950,1/1/1950 0:00:00,6,false,566495369,$566.50M,43245,172,6,178
62905,NEIGHBORS,6300 S Lindbergh Blvd,Saint Louis,MO,63123-7804,1928,3/21/1928 0:00:00,6,false,566395477,$566.40M,48433,123,4,127
97084,DUPAGE,P.O. Box 3930,Naperville,IL,60567,1955,1/1/1955 0:00:00,6,false,566125233,$566.13M,47306,129,2,131
68225,TECH,10110 Randolph St,Crown Point,IN,46307-9469,1936,2/13/1997 0:00:00,6,false,565954786,$565.95M,38059,142,5,147
8169,SOARION,1560 CABLE RANCH RD STE 200,SAN ANTONIO,TX,78245,1952,1/1/1952 0:00:00,6,false,563745908,$563.75M,58035,133,0,133
60666,SOVITA,PO Box 320830,Flint,MI,48532,1934,1/1/1934 0:00:00,6,false,563307314,$563.31M,17882,48,27,75
3439,FAIRMONT,PO BOX 2139,FAIRMONT,WV,26555-2139,1939,9/22/1939 0:00:00,6,false,562474071,$562.47M,45297,112,0,112
67841,CITY OF BOSTON,455 West Broadway,South Boston,MA,02127,1915,11/5/1915 0:00:00,6,false,562147387,$562.15M,32060,69,0,69
24916,I.L.W.U.,P.O. Box 7629,Long Beach,CA,90807,1972,6/9/1972 0:00:00,6,false,561460096,$561.46M,30671,83,0,83
68661,MEMBERS HERITAGE,440 Park Pl,Lexington,KY,40511-1829,1960,1/1/1960 0:00:00,6,false,558500664,$558.50M,54565,89,2,91
68666,TRANSCEND,P. O. Box 18303,Louisville,KY,40261-0303,1934,1/1/1934 0:00:00,6,false,557242539,$557.24M,49615,65,5,70
68689,VALLEY FINANCIAL,PO Box 20417,Billings,MT,59104,1949,1/1/1949 0:00:00,6,false,556805181,$556.81M,38396,130,1,131
8550,FREEDOM OF MARYLAND,2019 Emmorton Rd,Bel Air,MD,21015,1953,1/1/1953 0:00:00,6,false,554748547,$554.75M,42676,118,4,122
60721,CHAMPION,PO Box 1389,Canton,NC,28716,1932,1/1/1932 0:00:00,6,false,554689456,$554.69M,36431,115,0,115
19448,U. T.,P.O. Box 51848,Knoxville,TN,37950,1969,1/1/1969 0:00:00,6,false,551768645,$551.77M,25779,103,1,104
68638,THE SOUTHERN,PO Box 1509,Fayetteville,GA,30214,1963,1/1/1963 0:00:00,6,false,550186333,$550.19M,30414,77,0,77
61231,FINANCIAL PLUS,800 CHESTNUT ST.,OTTAWA,IL,61350,1951,1/1/1951 0:00:00,6,false,548770873,$548.77M,45563,102,12,114
66924,VALLEYSTAR,PO Box 5511,Martinsville,VA,24115,1953,3/23/1953 0:00:00,6,false,545891777,$545.89M,37245,154,0,154
7875,UKRAINIAN SELFRELIANCE,221 W. Street Road,Feasterville,PA,19053,1952,1/1/1952 0:00:00,6,false,544692980,$544.69M,16805,61,3,64
68474,FIRST U.S. COMMUNITY,580 University Ave,Sacramento,CA,95825,1936,3/25/1936 0:00:00,6,false,544599182,$544.60M,27965,68,2,70
68409,CABRILLO,3710 Ruffin RD,San Diego,CA,92123,1955,1/1/1955 0:00:00,6,false,544113849,$544.11M,28202,75,1,76
60608,ASSOCIATED CREDIT UNION OF TEXAS,PO Box 9004,League City,TX,77574,1968,1/1/1968 0:00:00,6,false,543678477,$543.68M,44043,148,11,159
60279,SIU,P.O. Box 2888,Carbondale,IL,62902,1938,1/1/1938 0:00:00,6,false,543197494,$543.20M,45632,99,23,122
11674,FIRELANDS,PO Box 8005,Bellevue,OH,44811,1957,1/1/1957 0:00:00,6,false,541034072,$541.03M,36593,97,19,116
15209,CALL,4605 Commerce Rd,Richmond,VA,23234-2233,1962,1/1/1962 0:00:00,6,false,538521801,$538.52M,27680,116,5,121
68682,MY COMMUNITY,600 W Louisiana Ave,Midland,TX,79701-1610,1952,1/1/1952 0:00:00,6,false,538098789,$538.10M,42472,119,5,124
19085,PITTSFORD,PO BOX 346,PITTSFORD,NY,14534,1968,1/1/1968 0:00:00,6,false,534334470,$534.33M,20098,57,4,61
64441,HEARTLAND,2213 W White Oaks Dr,Springfield,IL,62704-6498,1946,1/1/1946 0:00:00,6,false,534171011,$534.17M,35403,77,2,79
24250,I-C,300 BEMIS RD,FITCHBURG,MA,01420,1934,6/10/1986 0:00:00,6,false,529725445,$529.73M,36594,104,5,109
60457,DUTCH POINT,195 Silas Deane Hwy,Wethersfield,CT,06109-1240,1960,1/1/1960 0:00:00,6,false,529582657,$529.58M,24392,70,2,72
7688,PARTNERS 1ST,1330 Directors Row,Fort Wayne,IN,46808,1952,2/29/1952 0:00:00,6,false,529446461,$529.45M,44751,170,17,187
7573,ARLINGTON COMMUNITY,PO Box 40070,Arlington,VA,22204-7070,1951,1/1/1951 0:00:00,6,false,527555000,$527.55M,25135,96,1,97
24313,ARGENT,POST OFFICE BOX 72,CHESTERFIELD,VA,23832,1987,12/31/1987 0:00:00,6,false,525219939,$525.22M,35265,90,0,90
66678,SIMPLICITY,222 E Upham St,Marshfield,WI,54449-1543,1949,11/14/1949 0:00:00,6,false,522043740,$522.04M,28554,114,8,122
5134,COMMONWEALTH ONE,PO BOX 9997,ALEXANDRIA,VA,22304,1944,1/1/1944 0:00:00,6,false,521280242,$521.28M,39829,82,3,85
61048,"OUCU FINANCIAL CREDIT UNION, INC.",944 E State St,Athens,OH,45701,1955,1/1/1955 0:00:00,6,false,520423761,$520.42M,26360,111,5,116
63133,UNIVERSITY,15 Main St,Orono,ME,04473,1967,10/31/1967 0:00:00,6,false,517560728,$517.56M,31600,101,4,105
5547,SECURITY FIRST,P.O. Box 4829,MCALLEN,TX,78502,1947,1/1/1947 0:00:00,6,true,517540747,$517.54M,42309,116,12,128
2226,SUNWEST,5323 N 99th Ave Ste 220,Glendale,AZ,85305-2224,1937,6/18/1937 0:00:00,6,false,515978658,$515.98M,40916,116,1,117
15394,PEAKE,23 W Susquehanna Ave,Towson,MD,21204,1963,1/1/1963 0:00:00,6,false,515720486,$515.72M,28794,62,3,65
61090,SHAREFAX,604 IVY GATEWAY,CINCINNATI,OH,45245,1960,1/1/1960 0:00:00,6,false,513848015,$513.85M,29751,72,10,82
15882,DESCO,P.O. BOX 1546,PORTSMOUTH,OH,45662,1963,1/1/1963 0:00:00,6,false,510908273,$510.91M,25202,117,0,117
67874,CHAMPIONS FIRST,PO Box 182499,Tallahassee,FL,32318,1991,4/14/1992 0:00:00,6,false,510189176,$510.19M,32540,86,1,87
8475,OTERO,P.O. Box 2800,Alamogordo,NM,88311-2800,1953,1/1/1953 0:00:00,6,false,508682580,$508.68M,33951,96,1,97
20448,PROPONENT,"100 Metro Blvd, 4th Floor",Nutley,NJ,07110,1971,1/1/1971 0:00:00,6,false,508623831,$508.62M,18691,62,0,62
68482,COASTLIFE,6810 Saratoga Blvd,Corpus Christi,TX,78414,1965,1/12/1993 0:00:00,6,true,508590833,$508.59M,34666,126,14,140
19510,LEBANON,120 S 16TH ST,LEBANON,PA,17042,1969,1/1/1969 0:00:00,6,false,507920033,$507.92M,35618,85,12,97
63757,LIBERTY FIRST,501 North 46th,Lincoln,NE,68503-3718,1935,1/1/1935 0:00:00,6,false,507404167,$507.40M,34921,89,8,97
23494,CAROLINAS TELCO,PO Box 668467,Charlotte,NC,28266,1979,8/29/1979 0:00:00,6,false,506558109,$506.56M,32455,89,0,89
2440,FIRST NEW YORK,2 Wall Street,Albany,NY,12205,1937,11/18/1937 0:00:00,6,false,504456473,$504.46M,38763,131,13,144
67270,WESTERLY COMMUNITY,4979 Tower Hill Road,Wakefield,RI,02879-2283,1948,6/21/1948 0:00:00,6,false,502961393,$502.96M,22210,79,0,79
1961,PEARL HAWAII,94-449 UKEE ST,WAIPAHU,HI,96797,1937,1/1/1937 0:00:00,6,true,502957434,$502.96M,31699,67,7,74
65378,MID AMERICAN,8404 W Kellogg Dr,Wichita,KS,67209-1845,1936,1/1/1936 0:00:00,6,false,501080299,$501.08M,46606,110,1,111
68623,REVITY,3970 Maryville Road,Granite City,IL,62040-4179,1941,3/3/1941 0:00:00,5,false,498931758,$498.93M,36950,106,1,107
18710,GARDEN SAVINGS,129 LITTLETON ROAD,PARSIPPANY,NJ,07054-1869,1968,1/1/1968 0:00:00,5,false,498764212,$498.76M,31495,80,5,85
66424,PCM,PO Box 28500,Green Bay,WI,54324-0500,1958,5/20/1958 0:00:00,5,false,498320989,$498.32M,15308,47,3,50
61758,WESTERN COOPERATIVE,PO Box 2237,Williston,ND,58802-2237,1938,1/1/1938 0:00:00,5,false,497796023,$497.80M,18219,95,7,102
60,LEVO,PO Box 5735,Sioux Falls,SD,57117-5735,1934,1/1/1934 0:00:00,5,false,497781951,$497.78M,37177,121,7,128
24703,TRAX,3710 50th St N,Tampa,FL,33619,1935,1/1/1935 0:00:00,5,false,495449300,$495.45M,45049,91,8,99
10933,SERVU,87 Victory Hwy,Painted Post,NY,14870-1006,1956,1/1/1956 0:00:00,5,false,495120283,$495.12M,39170,131,3,134
97109,RIVER VALLEY,505 Earl Blvd,Miamisburg,OH,45342,1949,6/10/1949 0:00:00,5,false,491964683,$491.96M,26542,87,3,90
10794,THE COUNTY,110 Carmichael St,Presque Isle,ME,04769,1956,2/8/1956 0:00:00,5,false,491719395,$491.72M,31744,107,5,112
24948,MUTUAL,PO Box 25,Vicksburg,MS,39181,1931,1/1/1931 0:00:00,5,false,491361106,$491.36M,43075,128,5,133
62801,WEST COMMUNITY,4161 Highway K,O Fallon,MO,63368-8294,1936,6/5/1936 0:00:00,5,false,491109871,$491.11M,32415,116,1,117
24202,TELCOE,PO BOX 34200,LITTLE ROCK,AR,72203,1950,7/16/1985 0:00:00,5,false,489338117,$489.34M,22435,25,6,31
61068,PEOPLE DRIVEN,24333 Lahser Rd,Southfield,MI,48033-6041,1928,1/1/1928 0:00:00,5,false,489296953,$489.30M,25545,114,2,116
60239,MEMPHIS CITY EMPLOYEES,2686 MOUNT MORIAH TER,MEMPHIS,TN,38115,1959,1/1/1969 0:00:00,5,false,487088775,$487.09M,43798,88,7,95
24181,ADVANTAGE,70 Metro Park,Rochester,NY,14623,1975,3/5/1985 0:00:00,5,false,485943803,$485.94M,34576,98,6,104
14754,TOPSIDE,PO BOX 519,DAHLGREN,VA,22448,1961,1/1/1961 0:00:00,5,false,481865786,$481.87M,41958,96,26,122
19116,GREENVILLE,1501 Wade Hampton Blvd,Greenville,SC,29609,1968,1/1/1968 0:00:00,5,false,481419190,$481.42M,35232,95,7,102
12458,VELOCITY COMMUNITY,PO BOX 30669,PALM BEACH GARD,FL,33420-0669,1958,1/1/1958 0:00:00,5,false,480748002,$480.75M,25157,88,1,89
19401,TEG,1 COMMERCE STREET,POUGHKEEPSIE,NY,12603,1969,1/1/1969 0:00:00,5,false,480074420,$480.07M,35572,122,2,124
18175,HENRICO,9401 W Broad St,Henrico,VA,23294,1967,1/1/1967 0:00:00,5,false,476778167,$476.78M,31472,84,3,87
9500,CUMBERLAND COUNTY,101 Gray Rd,Falmouth,ME,04105,1954,1/1/1954 0:00:00,5,false,476747635,$476.75M,22310,62,3,65
67494,EDUCATION,6203 Hillside Rd,Amarillo,TX,79109-7193,1935,3/7/1935 0:00:00,5,false,476316770,$476.32M,41439,148,14,162
8585,GENCO,P. O. Box 7246,Waco,TX,76714,1953,1/1/1953 0:00:00,5,false,475688142,$475.69M,38606,92,9,101
352,TAMPA BAY,3815 N Nebraska Avenue,Tampa,FL,33603,1935,1/1/1935 0:00:00,5,false,475635359,$475.64M,36616,92,11,103
63716,LAND OF LINCOLN,P O BOX 3310,DECATUR,IL,62524,1947,1/11/1947 0:00:00,5,false,475412790,$475.41M,35517,134,10,144
24927,"CREDIT UNION OF NEW JERSEY, A",1301 Parkway Ave,Ewing,NJ,08628,1943,6/3/1943 0:00:00,5,false,475297740,$475.30M,38892,82,1,83
1866,MAUI COUNTY,224 Kehalani Drive,Wailuku,HI,96793,1937,1/1/1937 0:00:00,5,false,473797171,$473.80M,21024,64,2,66
65421,HEALTHCARE ASSOCIATES,2441 Warrenville Rd Ste 400,Lisle,IL,60532-0927,1979,1/1/1979 0:00:00,5,false,473546134,$473.55M,30317,61,0,61
24543,MILLBURY,50 Main St,Millbury,MA,01527,1934,6/14/1995 0:00:00,5,false,473198872,$473.20M,30343,85,12,97
14723,AEROSPACE,PO Box 90735,Los Angeles,CA,90009,1961,11/30/1961 0:00:00,5,false,473009803,$473.01M,9477,23,1,24
1410,MIDSOUTH COMMUNITY,4810 Mercer University Dr,Macon,GA,31210-5675,1936,1/1/1936 0:00:00,5,false,472829437,$472.83M,43664,108,5,113
65088,HOLY ROSARY,PO Box 2078,Rochester,NH,03866-2078,1962,1/1/1962 0:00:00,5,false,471411091,$471.41M,25109,80,2,82
68703,JOLT,PO BOX 6338,SAGINAW,MI,48608-6338,1956,2/28/1956 0:00:00,5,false,471059599,$471.06M,27635,103,11,114
24384,NIZARI PROGRESSIVE,14090 SW Freeway Suite 260,Sugar Land,TX,77478-3678,1989,7/20/1989 0:00:00,5,true,470615405,$470.62M,18537,71,0,71
68599,SOUTHEAST FINANCIAL,220 SOUTH ROYAL OAKS,FRANKLIN,TN,37064,1936,12/2/1993 0:00:00,5,false,468202621,$468.20M,38404,129,6,135
5852,CENTURY,4600 Rockside Road,Independence,OH,44131,1948,10/18/1948 0:00:00,5,false,468121940,$468.12M,29976,83,0,83
11144,DIRIGO,PO Box 741,Lewiston,ME,04243-0741,1956,1/1/1956 0:00:00,5,false,467877729,$467.88M,28247,72,2,74
294,CME,150 E MOUND ST,COLUMBUS,OH,43215,1935,4/25/1935 0:00:00,5,false,465620204,$465.62M,38572,85,1,86
64606,LEHIGH VALLEY EDUCATORS,3720 Hamilton Blvd,Allentown,PA,18103,1934,1/1/1934 0:00:00,5,false,463380817,$463.38M,15255,27,5,32
1117,WIDGET,2154 East Lake Road,Erie,PA,16511,1936,1/1/1936 0:00:00,5,false,463154271,$463.15M,48973,114,4,118
3291,PICATINNY,100 MINERAL SPRINGS RD,DOVER,NJ,07801,1939,1/1/1939 0:00:00,5,false,462594485,$462.59M,19881,65,0,65
61404,LOC,22981 Farmington Road,Farmington,MI,48336-3915,1935,1/1/1935 0:00:00,5,false,462494318,$462.49M,27694,85,7,92
60002,MEMBERS,PO BOX 5297,WINSTON SALEM,NC,27113-5297,1953,1/1/1953 0:00:00,5,false,461257397,$461.26M,47600,116,1,117
62563,NORTH STAR COMMUNITY,PO Box 10,Maddock,ND,58348,1940,1/1/1940 0:00:00,5,false,458718257,$458.72M,22145,99,10,109
13121,TIDEMARK,1941 Bridgeville Hwy,Seaford,DE,19973,1959,7/14/1959 0:00:00,5,false,458088597,$458.09M,21969,58,1,59
5086,CSE,4321 Nelson Rd,Lake Charles,LA,70605-4119,1943,1/1/1943 0:00:00,5,false,454613388,$454.61M,35581,122,4,126
68744,WINSOUTH,110 S 26TH ST,GADSDEN,AL,35904-1935,1951,11/13/1989 0:00:00,5,false,451253728,$451.25M,36133,108,20,128
1726,BATON ROUGE TELCO,13404 Airline Hwy,Baton Rouge,LA,70817-5917,1936,1/1/1936 0:00:00,5,false,450842123,$450.84M,34464,85,1,86
3951,FIRST HARVEST,PO BOX 5530,DEPTFORD,NJ,08096,1940,1/1/1940 0:00:00,5,false,450617510,$450.62M,48368,114,11,125
16360,SUMA,125 Corporate Blvd,Yonkers,NY,10701,1964,1/1/1964 0:00:00,5,false,449046169,$449.05M,9418,39,6,45
20061,SIGNATURE,12 HERBERT ST,ALEXANDRIA,VA,22305,1970,1/1/1970 0:00:00,5,false,448651332,$448.65M,27179,55,4,59
6680,AOD,PO BOX 608,BYNUM,AL,36253,1950,1/1/1950 0:00:00,5,false,447352304,$447.35M,37672,86,0,86
97059,EARTHMOVER,P.O. Box 2937,Aurora,IL,60507-2937,1958,4/17/1998 0:00:00,5,false,447315041,$447.32M,31333,84,8,92
150,FEDCHOICE,10001 Willowdale Road,Lanham,MD,20706,1935,1/1/1935 0:00:00,5,false,447073952,$447.07M,25416,79,0,79
5652,CASCADE COMMUNITY,PO Box 1166,Roseburg,OR,97470,1948,1/1/1948 0:00:00,5,false,446256699,$446.26M,19279,42,0,42
68641,CORNERSTONE COMMUNITY FINANCIAL,2955 University Dr,Auburn Hills,MI,48326,1951,5/11/1951 0:00:00,5,false,444989763,$444.99M,25460,92,1,93
10223,EVERENCE,2160 Lincoln Hwy E Ste 20,Lancaster,PA,17602,1955,1/1/1955 0:00:00,5,false,444686723,$444.69M,24738,64,14,78
15741,TRONA VALLEY COMMUNITY,840 HITCHING POST DR,GREEN RIVER,WY,82935-5554,1963,7/29/1963 0:00:00,5,false,442339859,$442.34M,30620,100,1,101
18716,MID-ATLANTIC,12820 Wisteria Dr,Germantown,MD,20874-2627,1968,1/1/1968 0:00:00,5,false,439499928,$439.50M,17902,59,3,62
67837,BOSTON FIREFIGHTERS,60 Hallet St,Dorchester,MA,02124-5408,1947,11/25/1947 0:00:00,5,false,438898570,$438.90M,11998,40,5,45
24567,TEXAR,2301 RICHMOND RD,TEXARKANA,TX,75503,1951,2/16/1996 0:00:00,5,false,438741380,$438.74M,29175,70,0,70
2535,CANTON SCHOOL EMPLOYEES,4101 Shuffel St NW,North Canton,OH,44720,1938,1/6/1938 0:00:00,5,false,437505058,$437.51M,49432,125,5,130
62347,WMCU,1720 Michigan St NE,Grand Rapids,MI,49503,1956,1/1/1956 0:00:00,5,false,437444529,$437.44M,30411,101,18,119
6053,CDC,P O Box 49169,Atlanta,GA,30359,1949,1/1/1949 0:00:00,5,false,435762173,$435.76M,23010,45,0,45
67428,PUBLIC EMPLOYEES,PO Box 2205,Austin,TX,78768-2205,1952,10/16/1952 0:00:00,5,false,435432145,$435.43M,21514,63,3,66
12858,TEXAS TECH,Box 41072,Lubbock,TX,79409,1959,1/1/1959 0:00:00,5,false,435430390,$435.43M,35467,138,10,148
97101,GLENDALE AREA SCHOOLS,1800 BROADVIEW DR,GLENDALE,CA,91208,1937,1/1/1937 0:00:00,5,false,433926193,$433.93M,11751,23,6,29
60683,PUBLIC SERVICE,7665 Merriman Rd,Romulus,MI,48174,1951,1/1/1956 0:00:00,5,false,433609463,$433.61M,32240,111,15,126
62897,ASSEMBLIES OF GOD,1535 N Campbell Ave,Springfield,MO,65803,1951,7/10/1951 0:00:00,5,false,432274117,$432.27M,18402,63,1,64
10181,OUACHITA VALLEY,P O Box 1477,West Monroe,LA,71294-1477,1955,1/1/1955 0:00:00,5,false,432092988,$432.09M,36260,119,5,124
62983,802,PO Box 745,Barre,VT,05641,1953,1/1/1953 0:00:00,5,false,431712998,$431.71M,37546,110,4,114
24974,INFUZE,Post Office Box 80,Fort Leonard Wo,MO,65473-0080,1954,1/28/1954 0:00:00,5,false,430441202,$430.44M,35651,114,3,117
24630,CU HAWAII,476 Hinano St,Hilo,HI,96720,1955,1/1/1955 0:00:00,5,true,429999520,$430.00M,29607,87,16,103
3943,GAIN,1800 W. Magnolia Blvd,Burbank,CA,91506,1940,1/1/1940 0:00:00,5,false,428878838,$428.88M,20491,68,1,69
68443,COLORADO,PO Box 270010,Littleton,CO,80127-0001,1973,6/26/1973 0:00:00,5,false,428580668,$428.58M,27198,69,2,71
12805,MOCSE,3600 Coffee Rd,Modesto,CA,95355-1163,1959,2/19/1959 0:00:00,5,false,427840075,$427.84M,29485,73,0,73
67195,ARSENAL,3780 Vogel Rd,Arnold,MO,63010,1948,8/25/1948 0:00:00,5,false,427643254,$427.64M,30244,90,7,97
60400,ST. LOUIS COMMUNITY,3651 Forest Park Ave,Saint Louis,MO,63108,1942,1/1/1942 0:00:00,5,true,427433269,$427.43M,51594,156,3,159
64598,ALABAMA STATE EMPLOYEES,4217 Lomac St,Montgomery,AL,36106,1954,1/1/1954 0:00:00,5,false,426341251,$426.34M,39423,122,2,124
61003,WHEELHOUSE,PO BOX 719099,SAN DIEGO,CA,92171-9099,1934,1/1/1934 0:00:00,5,false,424965298,$424.97M,31922,85,1,86
97107,UNITED TEXAS,5500 UTSA Blvd,San Antonio,TX,78249,1955,1/1/1955 0:00:00,5,false,423809923,$423.81M,20848,56,13,69
5636,CHESSIE,PO BOX 689,CUMBERLAND,MD,21502,1948,1/1/1948 0:00:00,5,false,421549513,$421.55M,34035,95,3,98
64970,UNIVERSAL 1,1 River Park Dr,Dayton,OH,45409-2104,1937,1/1/1937 0:00:00,5,false,419488961,$419.49M,39768,73,0,73
67470,AMERICA'S,PO BOX 469046,GARLAND,TX,75046,1934,11/6/1934 0:00:00,5,false,418134591,$418.13M,31404,132,2,134
5602,TAUNTON,14 Church Green,Taunton,MA,02780,1947,11/19/1947 0:00:00,5,false,417944714,$417.94M,19179,77,0,77
2187,DEXSTA,"300 Foulk Rd, Suite 100",Wilmington,DE,19803,1937,5/12/1937 0:00:00,5,false,417478862,$417.48M,34860,66,11,77
1982,CENTRIC,213 Expo Cir,West Monroe,LA,71292-9414,1937,1/29/1937 0:00:00,5,false,416713072,$416.71M,36957,123,1,124
68673,SOUTHEASTERN,PO Box 2067,Valdosta,GA,31604,1953,1/1/1953 0:00:00,5,false,416116385,$416.12M,24278,98,1,99
63828,CPORT,PO Box 777,Portland,ME,04104,1931,8/6/1931 0:00:00,5,false,415153923,$415.15M,36516,105,5,110
64913,ON TAP,816 Washington Avenue,Golden,CO,80401,1950,1/1/1950 0:00:00,5,false,415060883,$415.06M,19327,64,1,65
9293,YOLO,PO Box 657,Woodland,CA,95776,1954,1/1/1954 0:00:00,5,false,414663304,$414.66M,23027,74,0,74
8854,UKRAINIAN,824 E RIDGE RD,ROCHESTER,NY,14621,1953,8/21/1953 0:00:00,5,false,414116673,$414.12M,28625,82,9,91
68736,ESSENTIAL,PO Box  66278,Baton Rouge,LA,70896,1972,5/4/1972 0:00:00,5,false,414095877,$414.10M,36811,94,2,96
606,COMTRUST,1020 RIVERFRONT PKWY,CHATTANOOGA,TN,37402,1935,1/1/1935 0:00:00,5,false,413980445,$413.98M,18121,56,2,58
67538,MEMBERSFIRST,PO Box 33189,Decatur,GA,30033,1953,4/26/1991 0:00:00,5,false,413934054,$413.93M,26154,83,14,97
68567,AMERICAN SOUTHWEST,PO Box 370,Sierra Vista,AZ,85636-0370,1955,1/1/1955 0:00:00,5,false,413296818,$413.30M,33668,69,9,78
63545,TELCO COMMUNITY CREDIT UNION,1137 Smokey Park Hwy,Candler,NC,28715-8240,1935,1/1/1935 0:00:00,5,false,413115870,$413.12M,35140,70,13,83
66734,NORTH COAST,1100 Dupont Street,Bellingham,WA,98225,1938,1/1/1938 0:00:00,5,false,412344342,$412.34M,20445,67,1,68
97110,ROCKY MOUNTAIN,3400 N Montana Ave,Helena,MT,59602,1940,1/1/1940 0:00:00,5,false,412060267,$412.06M,24460,86,8,94
62026,MEMBERS CHOICE,145 RUSSELL RD,ASHLAND,KY,41101,1932,1/1/1932 0:00:00,5,false,411328391,$411.33M,23218,85,0,85
67269,RHODE ISLAND,160 Francis Street,Providence,RI,02903-1118,1946,8/27/1946 0:00:00,5,false,410085873,$410.09M,27479,85,0,85
21083,HIGH POINT,234 Homer St,Olean,NY,14760,1972,10/6/1972 0:00:00,5,false,410057092,$410.06M,20950,81,3,84
68616,DENVER COMMUNITY CU D.B.A. ZING CU,"1075 Acoma St, Suite 100",Denver,CO,80204-4326,1934,1/13/1934 0:00:00,5,false,409853657,$409.85M,30710,94,0,94
61792,ASHLAND,P O BOX 391,ASHLAND,KY,41105,1942,1/1/1942 0:00:00,5,false,409455860,$409.46M,45915,85,2,87
68697,ST. CLOUD FINANCIAL,1716 Pine Cone Rd S,Sartell,MN,56377,1934,9/19/1996 0:00:00,5,false,408853600,$408.85M,27804,78,3,81
12361,CAROLINA TRUST,"1010 21ST AVE N, P.O.BOX 780004",MYRTLE BEACH,SC,29578-7804,1958,1/1/1958 0:00:00,5,false,408623308,$408.62M,40816,96,4,100
8715,1ST COMMUNITY,3505 WILDEWOOD DR,SAN ANGELO,TX,76904,1953,1/1/1953 0:00:00,5,false,408489279,$408.49M,23746,97,16,113
17990,WAUNA,PO Box 67,Clatskanie,OR,97016,1967,1/1/1967 0:00:00,5,false,408426842,$408.43M,26632,110,5,115
1509,ALCOA TENN,P.O. Box 9001,Alcoa,TN,37701,1936,1/1/1936 0:00:00,5,false,407427445,$407.43M,22233,72,2,74
24698,JORDAN,1750 West 11400 South #200,South Jordan,UT,84095,1950,1/1/1950 0:00:00,5,false,405410388,$405.41M,25793,85,7,92
68559,TVA COMMUNITY CREDIT UNION,1405 SOUTH WILSON DAM RD,MUSCLE SHOALS,AL,35661,1936,1/1/1936 0:00:00,5,false,405277508,$405.28M,19921,46,33,79
7960,WHITE SANDS,PO BOX 99,LAS CRUCES,NM,88004,1952,7/9/1952 0:00:00,5,false,402747435,$402.75M,24415,89,6,95
9094,WYHY,P.O. BOX 20050,CHEYENNE,WY,82003,1953,1/1/1953 0:00:00,5,false,400082896,$400.08M,22721,57,0,57
68226,STREATOR ONIZED,912 N Shabbona St,Streator,IL,61364,1940,2/3/1997 0:00:00,5,false,399797823,$399.80M,38109,117,16,133
67184,FORT COMMUNITY,800 MADISON AVE,FORT ATKINSON,WI,53538,1940,9/18/1940 0:00:00,5,false,398145725,$398.15M,21801,69,5,74
19269,OCEAN FINANCIAL,45 Atlantic Avenue,Oceanside,NY,11572,1969,2/25/1969 0:00:00,5,false,397938662,$397.94M,14120,37,8,45
1830,HONOLULU,P.O. Box 235862,Honolulu,HI,96823-3515,1936,11/23/1936 0:00:00,5,true,397464347,$397.46M,19938,54,7,61
67214,FIRST COMMUNITY CU OF BELOIT,1702 PARK AVE,BELOIT,WI,53511,1933,10/23/1933 0:00:00,5,false,396964333,$396.96M,31373,85,29,114
66337,INDUSTRIAL CU OF WHATCOM COUNTY,PO Box 1767,Bellingham,WA,98227,1941,1/27/1941 0:00:00,5,false,395972152,$395.97M,33592,104,6,110
63789,ALLIANCE,1280 S Highway Dr,Fenton,MO,63026-1913,1948,4/22/1948 0:00:00,5,false,395573350,$395.57M,21126,83,0,83
66886,TEN,1400 8TH AVENUE SOUTH,NASHVILLE,TN,37203,1950,5/20/1950 0:00:00,5,false,395275889,$395.28M,18942,81,0,81
67993,ANCORUM,PO Box 598,Bath,ME,04530,1956,12/21/1992 0:00:00,5,false,394864161,$394.86M,30820,129,2,131
10699,SAN ANTONIO CITIZENS,12542 CURLEY ST,SAN ANTONIO,FL,33576,1955,1/1/1955 0:00:00,5,false,394529653,$394.53M,18938,58,0,58
258,HOUSTON TEXAS FIRE FIGHTERS,PO Box 70009,Houston,TX,77270-0009,1935,1/1/1935 0:00:00,5,false,394485870,$394.49M,17584,58,4,62
23004,POPA,13304 Alondra Blvd,Cerritos,CA,90703-2205,1978,3/15/1978 0:00:00,5,false,394345230,$394.35M,20488,55,0,55
6774,COOSA PINES,33710 US Highway 280,Childersburg,AL,35044-9000,1950,1/1/1950 0:00:00,5,false,393094498,$393.09M,25811,59,1,60
68717,INTERSTATE,705 West Cherry Street,Jesup,GA,31545,1968,1/1/1968 0:00:00,5,false,392542239,$392.54M,35532,87,1,88
15619,ACADIA,9 EAST MAIN STREET,FORT KENT,ME,04743,1963,1/1/1963 0:00:00,5,false,392362262,$392.36M,18099,82,5,87
68423,IAA,PO Box 2901,Bloomington,IL,61702-2901,1951,12/1/1999 0:00:00,5,false,390697604,$390.70M,18012,48,4,52
4915,AVENIR FINANCIAL,1780 S FIRST AVE,YUMA,AZ,85364,1942,4/21/1942 0:00:00,5,true,389926021,$389.93M,34306,85,10,95
16408,NYMEO,5210 CHAIRMANS CT,FREDERICK,MD,21703,1964,1/1/1964 0:00:00,5,false,389846172,$389.85M,21166,75,4,79
19541,PARK VIEW,1675 Virginia Ave,Harrisonburg,VA,22802,1969,1/1/1969 0:00:00,5,false,389614494,$389.61M,14221,81,3,84
62419,CO-OP CREDIT UNION OF MONTEVIDEO,PO Box 447,Montevideo,MN,56265-0447,1940,1/1/1940 0:00:00,5,false,389066501,$389.07M,17639,44,6,50
8187,AMERICAN UNITED,2687 W 7800 S,West Jordan,UT,84088,1952,11/19/1952 0:00:00,5,false,387765095,$387.77M,21751,89,7,96
61908,CASE,PO Box 22158,Lansing,MI,48909,1936,1/1/1936 0:00:00,5,false,386511789,$386.51M,27820,85,2,87
12814,SEA WEST COAST GUARD,P. O. BOX 4949,OAKLAND,CA,94605,1959,1/1/1959 0:00:00,5,false,385891002,$385.89M,11487,33,3,36
60160,PIEDMONT ADVANTAGE CREDIT UNION,3530 Advantage Way,Winston Salem,NC,27103,1949,1/1/1949 0:00:00,5,false,385849170,$385.85M,28287,95,2,97
62854,PARTNERSHIP FINANCIAL,5940 LINCOLN AVE,MORTON GROVE,IL,60053,1958,3/11/1958 0:00:00,5,false,385550058,$385.55M,14424,40,6,46
8694,SINGING RIVER,6006 Highway 63,MOSS POINT,MS,39563,1953,1/1/1953 0:00:00,5,false,385356732,$385.36M,32213,102,7,109
61748,MONROE COMMUNITY,715 N Telegraph Rd,Monroe,MI,48162-5130,1954,1/1/1954 0:00:00,5,false,385130555,$385.13M,31909,69,8,77
10832,FORT SILL,PO Box 1527,Lawton,OK,73502,1956,1/1/1956 0:00:00,5,false,384749463,$384.75M,23106,84,6,90
24954,NAVIGATOR,PO Box 1647,Pascagoula,MS,39568-1647,1939,1/1/1939 0:00:00,5,false,384196799,$384.20M,47356,139,3,142
97089,MCT,PO Box 279,Port Neches,TX,77651,1953,3/27/1953 0:00:00,5,false,383424486,$383.42M,21822,80,1,81
61790,BLUCURRENT,4520 S NATIONAL AVE,SPRINGFIELD,MO,65810,1929,1/1/1929 0:00:00,5,false,383245742,$383.25M,23895,84,8,92
24774,ALLTRU,1232 WENTZVILLE PKWY,WENTZVILLE,MO,63385-3868,1968,1/1/1968 0:00:00,5,false,382775388,$382.78M,40706,131,6,137
95071,CAHP,PO BOX 276507,SACRAMENTO,CA,95827-6507,1969,12/31/1984 0:00:00,5,false,382598719,$382.60M,22722,35,0,35
63300,SKYWARD,PO Box 771069,Wichita,KS,67277-1069,1941,7/16/1941 0:00:00,5,false,379182185,$379.18M,21794,69,1,70
960,PACIFIC CREST,PO Box 1179,Klamath Falls,OR,97601,1936,1/7/1936 0:00:00,5,false,378330434,$378.33M,25609,93,4,97
67959,ST. JEAN'S,250 maple st,lynn,MA,01904,1910,9/29/1910 0:00:00,5,false,378094644,$378.09M,18233,51,14,65
68647,PARK SIDE FINANCIAL,1300 Baker Ave,Whitefish,MT,59937-2988,1965,1/1/1965 0:00:00,5,false,378080039,$378.08M,30308,76,3,79
6685,WEPCO,P.O. BOX 157,BLOOMINGTON,MD,21523,1950,1/1/1950 0:00:00,5,false,376961006,$376.96M,42033,70,0,70
67196,PARK CITY,501 S Pine Ridge Ave,Merrill,WI,54452,1938,6/16/1938 0:00:00,5,false,376803899,$376.80M,25430,91,5,96
11452,CY-FAIR,"9601 Jones Rd, Suite 200",Houston,TX,77065,1956,1/1/1956 0:00:00,5,false,375514520,$375.51M,25185,69,8,77
1759,INSPIRE,3 Friends Ln,Newtown,PA,18940,1936,1/1/1936 0:00:00,5,false,374870112,$374.87M,17580,47,0,47
62072,IGNITE,115 Riverside Dr,Battle Creek,MI,49015,1936,1/1/1936 0:00:00,5,false,374089978,$374.09M,30559,132,0,132
61795,TBA,PO BOX 1049,TRAVERSE CITY,MI,49685-1049,1955,1/1/1955 0:00:00,5,false,372815256,$372.82M,20413,77,2,79
5571,SIGNAL FINANCIAL,3015 University Blvd W,Kensington,MD,20895-1936,1947,1/1/1947 0:00:00,5,false,372480055,$372.48M,22492,76,0,76
60125,MY,9550 LYNDALE AVE S,BLOOMINGTON,MN,55420,1957,1/1/1957 0:00:00,5,false,371138769,$371.14M,22560,75,3,78
594,PASADENA,100 W Walnut St Fl 8,Pasadena,CA,91124-0001,1935,9/14/1935 0:00:00,5,false,370071863,$370.07M,25140,53,0,53
66847,EAGLE COMMUNITY,P.O. Box 5196,Lake Forest,CA,92609-8696,1937,2/18/1937 0:00:00,5,false,369715871,$369.72M,22458,101,5,106
97086,ABRI,1350 W Renwick Rd,Romeoville,IL,60446-5345,1949,1/1/1949 0:00:00,5,false,367821673,$367.82M,28410,79,9,88
23949,SIGNET,PO Box 426,Paducah,KY,42002,1982,10/21/1982 0:00:00,5,false,367794401,$367.79M,22601,46,13,59
66652,PROSPERA,4830 N BALLARD RD,APPLETON,WI,54913,1934,6/20/1934 0:00:00,5,false,367450051,$367.45M,21499,72,9,81
63098,SHAREPOINT,5300 Hyland Greens Drive,Bloomington,MN,55437,1933,1/1/1933 0:00:00,5,false,366326199,$366.33M,24824,72,0,72
68483,MATADORS COMMUNITY,PO Box 1052,Northridge,CA,91328,1963,1/1/1963 0:00:00,5,false,366196558,$366.20M,18791,38,0,38
6233,WEST-AIRCOMM,P. O. Box 568,Beaver,PA,15009,1949,1/1/1949 0:00:00,5,false,364863737,$364.86M,21854,46,4,50
66851,UNISON,PO Box 260,Kaukauna,WI,54130-0260,1932,11/26/1932 0:00:00,5,false,364736101,$364.74M,18950,59,6,65
24626,TRUSTAR,601 4TH ST,INTERNATIONAL F,MN,56649-2436,1960,1/1/1960 0:00:00,5,false,363557274,$363.56M,19018,86,0,86
68606,MOBILITY CREDIT UNION,8384 N Belt Line Rd,Irving,TX,75063-6006,1965,1/1/1965 0:00:00,5,false,362870691,$362.87M,21646,40,2,42
5431,FORT FINANCIAL,8815 Lima Rd,Fort Wayne,IN,46818-1856,1946,2/5/1947 0:00:00,5,false,362741467,$362.74M,23953,80,12,92
63020,SUMMIT,8210 W Market St,Greensboro,NC,27409,1935,1/1/1935 0:00:00,5,false,361989264,$361.99M,37582,102,5,107
67748,HERITAGE SOUTH COMMUNITY CU,P. O. Box 1219,Shelbyville,TN,37162,1957,11/22/1991 0:00:00,5,false,361698594,$361.70M,35203,84,3,87
68137,MASS BAY,147 W 4TH ST,SOUTH BOSTON,MA,02127,1936,2/22/1936 0:00:00,5,false,361590986,$361.59M,18222,48,4,52
5370,FREMONT,315 Croghan St,Fremont,OH,43420-3013,1946,9/30/1946 0:00:00,5,false,361366052,$361.37M,22167,84,9,93
68531,MOUNTAIN,1700 Russ Ave,Waynesville,NC,28786,1963,1/1/1963 0:00:00,5,false,359620724,$359.62M,31082,76,2,78
67739,MISSOURI ELECTRIC COOPERATIVES EMPL,P.O. Box 1586,Jefferson City,MO,65102,1975,2/26/1975 0:00:00,5,false,359383276,$359.38M,13605,17,3,20
68442,PEOPLESCHOICE,P. Bo Box 463,Biddeford,ME,04005,1963,1/1/1963 0:00:00,5,false,359141061,$359.14M,20458,65,0,65
97104,"IH CREDIT UNION, INC.",5000 URBANA ROAD,SPRINGFIELD,OH,45502-9069,1934,1/1/1934 0:00:00,5,false,359109704,$359.11M,20306,54,1,55
62677,MEMBERS 1ST,PO BOX 492395,Redding,CA,96049-2395,1936,1/1/1936 0:00:00,5,false,358942168,$358.94M,23918,59,1,60
68479,MUTUAL SECURITY,1000 Bridgeport Ave Ste 503,SHELTON,CT,06484-4602,1982,6/16/1982 0:00:00,5,false,358766301,$358.77M,26388,76,2,78
24936,ALLEGIANCE,PO Box 57020,Oklahoma City,OK,73157-7020,1963,3/15/1963 0:00:00,5,false,358428079,$358.43M,23800,70,7,77
2645,OXFORD,225 RIVER RD,MEXICO,ME,04257,1938,1/1/1938 0:00:00,5,false,357084613,$357.08M,19990,48,0,48
24490,FIRST CAPITAL,PO Box 7746,York,PA,17404-0746,1954,11/15/1993 0:00:00,5,false,356597246,$356.60M,21273,69,5,74
68706,ORLANDO,945 S Orange Ave,Orlando,FL,32806-1212,1936,1/1/1936 0:00:00,5,false,356480557,$356.48M,27355,69,0,69
64271,PREMIER,800 9th St,Des Moines,IA,50309,1933,1/1/1933 0:00:00,5,false,355233339,$355.23M,17629,62,1,63
62028,OUR,3070 Normandy Rd,Royal Oak,MI,48073,1959,1/1/1959 0:00:00,5,false,353683612,$353.68M,23668,73,12,85
67609,FIRST BASIN,7100 E Highway 191,Odessa,TX,79765,1965,2/25/1965 0:00:00,5,false,352776708,$352.78M,29489,96,0,96
97071,MONTEREY,PO BOX 3288,MONTEREY,CA,93942,1968,1/1/1968 0:00:00,5,false,352616122,$352.62M,20142,69,2,71
62160,MARSHALL COMMUNITY,839 W Green St,Marshall,MI,49068,1951,1/1/1951 0:00:00,5,false,351229248,$351.23M,16225,66,2,68
2847,AFFIDIAN,700 W 39th Ave,Denver,CO,80216,1938,1/1/1938 0:00:00,5,false,351148663,$351.15M,14205,40,0,40
7063,GREAT BASIN,9770 S Virginia St,Reno,NV,89511-5941,1951,1/1/1951 0:00:00,5,false,351032479,$351.03M,27223,64,2,66
22,WATERBURY CONNECTICUT TEACHERS,P.O. BOX 2121,WATERBURY,CT,06722,1934,1/1/1934 0:00:00,5,false,350964379,$350.96M,22102,33,0,33
24631,PLATINUM,1815 Satellite Blvd Ste 200,Duluth,GA,30097,1999,12/2/1999 0:00:00,5,true,350479129,$350.48M,13314,70,1,71
16400,AGRICULTURE,P.O. BOX 2225,MERRIFIELD,VA,22116,1934,8/11/1964 0:00:00,5,false,350277797,$350.28M,23980,43,0,43
64332,ALPINE,1510 N STATE ST,Orem,UT,84057-2548,1955,1/1/1955 0:00:00,5,false,349584837,$349.58M,20117,54,11,65
68720,PANHANDLE,2718 Martin Luther King Jr Blvd,Panama City,FL,32405-4408,1957,1/1/1957 0:00:00,5,false,349126786,$349.13M,16220,74,1,75
4291,PENINSULA,2929 3rd Ave N,Escanaba,MI,49829-4203,1941,2/5/1941 0:00:00,5,false,349016315,$349.02M,17651,75,9,84
1148,COREPLUS,202 Salem Tpke,Norwich,CT,06360,1936,1/1/1936 0:00:00,5,false,347579782,$347.58M,30972,73,3,76
24818,PIONEER MUTUAL,1521 LAKE POINTE PKWY,SUGAR LAND,TX,77478,1981,11/25/1981 0:00:00,5,true,346832221,$346.83M,11754,51,1,52
66965,"BEACON CREDIT UNION, INCORPORATED",PO Box 4319,Lynchburg,VA,24502,1939,9/24/1939 0:00:00,5,false,346574294,$346.57M,29507,87,5,92
96723,FIREFIGHTERS COMMUNITY CU,4664 E 71st ST,Cleveland,OH,44125-1020,0,4/1/1936 0:00:00,5,false,346438790,$346.44M,29155,86,4,90
15317,SAG-AFTRA,PO Box 11419,Burbank,CA,91510,1962,1/1/1962 0:00:00,5,false,346250684,$346.25M,21035,46,0,46
3140,TRANSPORTATION,P.O.Box 25947,Alexandria,VA,22313,1939,1/1/1939 0:00:00,5,true,346156180,$346.16M,15304,52,0,52
12164,AERO,5811 W Talavi Blvd,Glendale,AZ,85306,1958,1/7/1958 0:00:00,5,false,345659397,$345.66M,24420,52,1,53
9923,SOLIDARITY COMMUNITY,P.O. Box 2499,Kokomo,IN,46904-2499,1954,12/14/1954 0:00:00,5,false,345473573,$345.47M,24131,63,0,63
4746,NEW HAMPSHIRE,70 Airport Rd,Concord,NH,03301-5205,1941,1/1/1941 0:00:00,5,false,345191599,$345.19M,15302,38,1,39
66706,MEMBERS PLUS,29 High St,Medford,MA,02155-3801,1940,12/1/1940 0:00:00,5,false,344564369,$344.56M,13782,42,8,50
7524,C-PLANT,P.O. BOX 9250,PADUCAH,KY,42002,1951,1/1/1951 0:00:00,5,false,344224432,$344.22M,15949,41,4,45
4164,MONTANA,PO Box 5027,Great Falls,MT,59403,1940,1/1/1940 0:00:00,5,false,344073050,$344.07M,25833,74,0,74
7748,CASCADE,18020 80th Ave S,Kent,WA,98032,1952,1/1/1952 0:00:00,5,false,343839954,$343.84M,10906,47,1,48
68342,HUDSON RIVER COMMUNITY,One Third Street,Corinth,NY,12822,1954,1/1/1954 0:00:00,5,false,342199433,$342.20M,33369,73,2,75
3945,UME,P.O. Box 7767,Burbank,CA,91510-7767,1940,6/18/1940 0:00:00,5,false,340177295,$340.18M,17452,37,1,38
66973,DOMINION ENERGY CREDIT UNION,1100 Boulders Pkwy Ste 601,North Chesterfi,VA,23225,1940,10/5/1940 0:00:00,5,false,340164613,$340.16M,21014,34,1,35
266,LIBRARY OF CONGRESS,PO Box 23766,WASHINGTON,DC,20026-3766,1935,1/1/1935 0:00:00,5,false,339868830,$339.87M,10083,25,2,27
6853,GREAT PLAINS,P O BOX 2968,JOPLIN,MO,64803,1950,8/10/1950 0:00:00,5,false,339434062,$339.43M,28677,79,10,89
61657,UNITED FINANCIAL,P.O. Box 6430,Saginaw,MI,48608,1964,1/1/1964 0:00:00,5,false,339431807,$339.43M,21599,60,25,85
96755,MYUSA,3600 Towne Blvd,Middletown,OH,45005-5543,0,11/30/1933 0:00:00,5,false,338338495,$338.34M,18668,73,2,75
68669,OREGONIANS,6915 SE Lake Rd,Milwaukie,OR,97267,1937,1/1/1937 0:00:00,5,false,338309175,$338.31M,18348,67,0,67
67982,OLD HICKORY,PO Box 140478,Nashville,TN,37214,1934,12/16/1934 0:00:00,5,false,338058370,$338.06M,21571,81,1,82
96768,"PSE CREDIT UNION, INC.",5255 Regency Drive,Parma,OH,44129,0,10/31/1955 0:00:00,5,false,337556546,$337.56M,25854,63,7,70
5718,TUCOEMAS,PO BOX 5011,VISALIA,CA,93278,1948,1/1/1948 0:00:00,5,true,337464534,$337.46M,25038,75,3,78
8905,SUNBELT,6885 U S Highway 49,Hattiesburg,MS,39402,1953,1/1/1953 0:00:00,5,false,337261678,$337.26M,35775,107,1,108
9106,CLASS ACT,3620 Fern Valley Rd,Louisville,KY,40219-1917,1954,1/1/1954 0:00:00,5,false,336745000,$336.75M,22896,76,13,89
6032,STRATA,PO BOX 1667,BAKERSFIELD,CA,93302,1949,1/1/1949 0:00:00,5,false,336554813,$336.55M,24384,73,0,73
18195,UNITED TELETECH FINANCIAL,205 HANCE AVE,TINTON FALLS,NJ,07724,1967,1/1/1967 0:00:00,5,false,336446715,$336.45M,17822,62,3,65
68707,"CARDINAL CREDIT UNION, INC.",8500 Westport Dr,Mentor,OH,44060,0,3/31/1953 0:00:00,5,false,335813203,$335.81M,23304,72,8,80
66149,GUADALUPE,3601 Mimbres Ln,Santa Fe,NM,87507,1948,9/11/1948 0:00:00,5,true,335317417,$335.32M,30999,100,0,100
62380,DAKOTA WEST,PO BOX 1496,WATFORD CITY,ND,58854,1941,1/1/1941 0:00:00,5,false,335016044,$335.02M,7217,51,1,52
66844,CLOVERBELT,PO Box 659,Wausau,WI,54402-0659,1936,1/2/1936 0:00:00,5,false,334435510,$334.44M,16323,55,5,60
66595,OCEAN STATE,2006 NOOSENECK HILL ROAD,COVENTRY,RI,02816,1950,5/19/1950 0:00:00,5,false,334320981,$334.32M,21954,53,4,57
24026,INDUSTRIAL,1115 Sagamore Pkwy S,Lafayette,IN,47905,1983,6/10/1983 0:00:00,5,false,333637019,$333.64M,31825,95,2,97
67720,US COMMUNITY,PO Box 140570,Nashville,TN,37214,1968,10/21/1991 0:00:00,5,false,332997145,$333.00M,25740,79,14,93
60428,EXTRA,6611 CHICAGO ROAD,WARREN,MI,48092,1954,5/25/1954 0:00:00,5,false,332490408,$332.49M,18952,91,5,96
61698,MICHIGAN UNITED,3501 Hamlin Rd,Auburn Hills,MI,48326,1931,1/1/1931 0:00:00,5,false,332308615,$332.31M,24022,81,5,86
1404,NASSAU FINANCIAL,"2575 Hempstead Tpke, Suite 300",East Meadow,NY,11554-2156,1936,1/1/1936 0:00:00,5,false,331771883,$331.77M,14560,69,0,69
15358,ACTORS,"165 W 46TH ST, 14TH FL.",NEW YORK,NY,10036-2508,1962,12/5/1962 0:00:00,5,false,331727172,$331.73M,29962,56,0,56
9099,PINAL COUNTY,1000 E Florence Blvd,Casa Grande,AZ,85122,1954,1/1/1954 0:00:00,5,false,331553483,$331.55M,28325,86,6,92
2730,INROADS,PO Box 537,Saint Helens,OR,97051,1938,1/1/1938 0:00:00,5,false,331381830,$331.38M,16217,79,4,83
68560,RED ROCKS,8195 Southpark Ln,Littleton,CO,80120-4520,1979,12/13/1979 0:00:00,5,false,331171417,$331.17M,17927,48,1,49
24327,SIOUXLAND,3000 Plaza Dr,South Sioux Cit,NE,68776,1967,1/22/1988 0:00:00,5,false,329671966,$329.67M,27441,80,1,81
19304,FAMILY FIRST OF NY,2520 BROWNCROFT BLVD,ROCHESTER,NY,14625,1969,1/1/1969 0:00:00,5,false,329284322,$329.28M,14742,52,4,56
60205,GULF,P. O. Box 848,Groves,TX,77619,1941,1/1/1955 0:00:00,5,false,328098364,$328.10M,24283,78,6,84
11870,DOWNEY,P.O. BOX 4639,DOWNEY,CA,90241-1639,1957,7/16/1957 0:00:00,5,false,326781547,$326.78M,19064,56,7,63
24566,MASSMUTUAL,1295 STATE ST,SPRINGFIELD,MA,01111,1962,2/8/1996 0:00:00,5,false,326756862,$326.76M,13533,33,0,33
60406,FREESTAR FINANCIAL,PO Box 2800,Mount Clemens,MI,48046,1957,1/1/1957 0:00:00,5,false,325539971,$325.54M,22551,72,0,72
24029,SCIENT,60 Colver Avenue,Groton,CT,06340,1983,6/22/1983 0:00:00,5,false,325117955,$325.12M,19234,53,0,53
63116,TELCOMM,2155 E Sunshine St,Springfield,MO,65804-1816,1940,6/14/1940 0:00:00,5,false,323948217,$323.95M,24933,84,4,88
66359,FIRST NORTHERN,"230 W Monroe St, Suite 2850",Chicago,IL,60606,1944,3/1/1944 0:00:00,5,false,322432773,$322.43M,21347,72,0,72
4792,NET,119 Mulberry St,Scranton,PA,18503,1941,1/1/1941 0:00:00,5,false,322388259,$322.39M,19354,52,4,56
60543,COMMUNITY TRUST,1313 N Skokie Hwy,Gurnee,IL,60031,1933,1/1/1933 0:00:00,5,false,321844289,$321.84M,13458,43,6,49
1792,EVOLVE,8840 Gazelle Dr,El Paso,TX,79925,1936,1/1/1936 0:00:00,5,true,321505192,$321.51M,14384,77,0,77
6464,PAHO/WHO,P.O. Box 17460,Arlington,VA,22216,1949,1/1/1949 0:00:00,5,true,321021368,$321.02M,7084,36,0,36
67248,UNITEDONE,1117 S 10th St,Manitowoc,WI,54220-5211,1938,2/21/1938 0:00:00,5,false,321013161,$321.01M,19060,84,10,94
67532,FORT WORTH CITY,PO Box 100099,Fort Worth,TX,76185-0099,1934,10/4/1929 0:00:00,5,false,319990484,$319.99M,16066,45,0,45
3633,PEOPLE'S ALLIANCE,125 Wireless Blvd,Hauppauge,NY,11788-3971,1940,1/1/1940 0:00:00,5,false,319830855,$319.83M,32596,77,7,84
13800,ELKO,2397 MOUNTAIN CITY HWY,ELKO,NV,89801,1960,1/1/1960 0:00:00,5,false,319828161,$319.83M,18391,39,12,51
24888,WEST VIRGINIA CENTRAL,1306 Murdoch Avenue,Parkersburg,WV,26101,1969,12/18/1991 0:00:00,5,false,318622629,$318.62M,23513,40,2,42
24286,NEBRASKA ENERGY,P.O. BOX 499,COLUMBUS,NE,68602,1944,1/9/1987 0:00:00,5,false,318429937,$318.43M,12206,26,1,27
18271,PRINCE GEORGE'S COMMUNITY,15201 Hall RD,Bowie,MD,20721,1967,1/1/1967 0:00:00,5,true,317315717,$317.32M,19730,58,3,61
4878,PACIFIC N W,12005 NE ERIN WAY,PORTLAND,OR,97220,1942,1/1/1942 0:00:00,5,false,315392023,$315.39M,22922,58,0,58
5856,RIVERFRONT,2609 Keiser Blvd,Wyomissing,PA,19610,1948,1/1/1948 0:00:00,5,false,314362874,$314.36M,23232,51,7,58
17127,TRUGROCER,P. O. BOX 8145,BOISE,ID,83707,1965,1/1/1965 0:00:00,5,false,313943225,$313.94M,22153,74,0,74
23605,SYNERGY,PO Box 691730,San Antonio,TX,78269,1980,2/21/1980 0:00:00,5,false,313872590,$313.87M,12194,41,0,41
11293,VACATIONLAND,2911 Hayes Ave,Sandusky,OH,44870-7206,1956,1/1/1956 0:00:00,5,false,313743135,$313.74M,20753,71,1,72
67262,NORTHWEST PLUS,2821 Hewitt Ave,Everett,WA,98201,1939,8/31/1939 0:00:00,5,false,313116333,$313.12M,15654,51,1,52
19440,MINNESOTA VALLEY,PO Box 4399,Mankato,MN,56002,1934,1/31/1934 0:00:00,5,false,312140925,$312.14M,18407,33,4,37
68685,CENTRICITY,4477 LAVAQUE RD,HERMANTOWN,MN,55811,1943,1/1/1943 0:00:00,5,false,311866406,$311.87M,22094,83,19,102
82,FIRST ATLANTIC,468 INDUSTRIAL WAY W,EATONTOWN,NJ,07724-2210,1935,1/1/1935 0:00:00,5,false,311470628,$311.47M,22876,44,7,51
5495,GLASS CITY,1340 Arrowhead Dr,Maumee,OH,43537,1947,5/8/1947 0:00:00,5,false,311162007,$311.16M,26501,53,12,65
9109,FAMILIES AND SCHOOLS TOGETHER,312 W 7th St,Hanford,CA,93230,1954,1/1/1954 0:00:00,5,false,309981223,$309.98M,18519,43,6,49
68495,INTREPID,PO Box 159,Helena,MT,59624,1936,1/1/1936 0:00:00,5,false,309469508,$309.47M,19255,74,1,75
68563,DOWNEAST,"PO Box 130, 23 Third Ave",Baileyville,ME,04694,1941,1/1/1941 0:00:00,5,false,308786001,$308.79M,24511,87,3,90
62325,SOO CO-OP,4489 I 75 Business Spur,Sault Sainte Ma,MI,49783,1958,1/1/1958 0:00:00,5,false,308461190,$308.46M,24466,67,24,91
12473,DANNEMORA,342 TOM MILLER RD,PLATTSBURGH,NY,12901,1958,1/1/1958 0:00:00,5,false,308260050,$308.26M,22425,49,3,52
7723,360,"191 Ella Grasso Tpke, P.o. Box 273",Windsor Locks,CT,06096-1026,1952,1/1/1952 0:00:00,5,false,307676045,$307.68M,18990,70,1,71
97106,GENFED FINANCIAL,"2492 Wedgewood Dr, Suite G",Akron,OH,44312,1937,12/21/1937 0:00:00,5,false,307263100,$307.26M,24810,83,5,88
61160,MEMBERS FIRST CREDIT UNION OF FLORI,P. O. Box 12983,Pensacola,FL,32591,1954,1/1/1954 0:00:00,5,false,306424953,$306.42M,19848,71,9,80
20496,SECNY,"4727 WEST SENECA TURNPIKE, P.O. BOX",SYRACUSE,NY,13215,1971,2/22/1971 0:00:00,5,false,306243813,$306.24M,15943,63,0,63
5168,ACFCU,PO Box 2026,Amarillo,TX,79105,1945,1/1/1945 0:00:00,5,false,305893941,$305.89M,28820,92,2,94
24047,FOREST AREA,PO Box 118,Fife Lake,MI,49633,1983,8/30/1983 0:00:00,5,false,305876792,$305.88M,20872,70,1,71
67894,FALL RIVER MUNICIPAL,333 Milliken Blvd,Fall River,MA,02721,1930,2/6/1930 0:00:00,5,false,305257954,$305.26M,13349,44,5,49
62340,PREFERRED,3767 Sparks Dr SE,Grand Rapids,MI,49546,1968,1/1/1968 0:00:00,5,false,304880810,$304.88M,23620,74,1,75
12012,OLD WEST,650 W MAIN ST,JOHN DAY,OR,97845,1957,10/15/1957 0:00:00,5,false,304128892,$304.13M,15443,84,3,87
67481,ALLTRUST,123 Alden Rd,Fairhaven,MA,02719,1922,11/8/1922 0:00:00,5,false,303791667,$303.79M,12019,43,4,47
24860,RIVERLAND,639 LOYOLA AVE STE 220,NEW ORLEANS,LA,70113-3130,1978,1/1/1978 0:00:00,5,false,303681001,$303.68M,16339,56,3,59
665,PENINSULA COMMUNITY,PO BOX 2150,SHELTON,WA,98584,1935,1/1/1935 0:00:00,5,false,303264216,$303.26M,22173,72,4,76
1909,SANTA BARBARA TEACHERS,3970 La Colina Rd,Santa Barbara,CA,93110,1937,1/1/1937 0:00:00,5,false,302726327,$302.73M,9192,20,0,20
63597,UNITED,PO Box 858,Mexico,MO,65265,1935,5/2/1935 0:00:00,5,false,302673193,$302.67M,28434,97,8,105
86755,FINANCIAL HORIZONS,P.O. BOX 2288,HAWTHORNE,NV,89415,1947,1/1/1947 0:00:00,5,false,302143018,$302.14M,14306,51,2,53
5579,ACCESS,"6 FRANKLIN AVE, PO BOX 308",CLINTON,NY,13323,1947,1/1/1947 0:00:00,5,false,301243131,$301.24M,23300,42,7,49
9208,OC,13623 ROCKSIDE RD,GARFIELD HTS,OH,44125-5173,1954,2/16/1954 0:00:00,5,false,299513927,$299.51M,13849,61,0,61
67970,BOWATER EMPLOYEES,PO Box 359,Calhoun,TN,37309-0359,1954,11/30/1954 0:00:00,5,false,299400454,$299.40M,20571,64,9,73
67521,GUARDIANS,3469 SUMMIT BLVD,WEST PALM BEACH,FL,33406,1991,4/24/1991 0:00:00,5,false,299045598,$299.05M,36684,93,5,98
6918,VAPR,P.O.Box 33017,San Juan,PR,00933-3017,1950,1/1/1950 0:00:00,5,true,298246753,$298.25M,20568,67,0,67
68597,DECATUR EARTHMOVER,260 W Marion Ave,Forsyth,IL,62535,1956,1/1/1956 0:00:00,5,false,297941935,$297.94M,20873,101,5,106
3738,BENCHMARK,PO Box 2387,West Chester,PA,19380,1940,1/1/1940 0:00:00,5,false,297752692,$297.75M,9330,29,8,37
61527,TEXOMA COMMUNITY,PO Box 1320,Wichita Falls,TX,76307,1953,1/1/1953 0:00:00,5,false,297422245,$297.42M,26057,88,2,90
61186,UNITED BAY COMMUNITY,1309 N Lincoln St,Bay City,MI,48708-6172,1949,1/1/1949 0:00:00,5,false,296190019,$296.19M,18836,67,9,76
24839,HAWAII CENTRAL,681 S King St,Honolulu,HI,96813-3016,1937,1/1/1937 0:00:00,5,true,296115564,$296.12M,16213,35,3,38
62417,LOYALTY,P O Box 17048,Pensacola,FL,32522,1962,1/1/1962 0:00:00,5,false,295244067,$295.24M,19842,86,0,86
62918,MEMBERS1ST COMMUNITY,PO Box 777,Marshalltown,IA,50158,1964,1/1/1964 0:00:00,5,false,292493805,$292.49M,17749,67,4,71
24967,HARVESTERS,P.O. Box 5,Cantonment,FL,32533,1948,1/1/1948 0:00:00,5,false,291950363,$291.95M,32854,66,8,74
66430,VALLEY COMMUNITIES,888 State Highway 153,Mosinee,WI,54455-9684,1935,4/11/1935 0:00:00,5,false,291710417,$291.71M,16430,58,9,67
67875,HOLYOKE,490 Westfield Rd,Holyoke,MA,01040-1600,1911,9/7/1911 0:00:00,5,false,291293795,$291.29M,21077,34,6,40
4060,GULF COAST,P O BOX 8849,CORPUS CHRISTI,TX,78468-8849,1940,1/1/1940 0:00:00,5,true,291179579,$291.18M,18701,100,0,100
62872,FIRST ALLIANCE,501 16th St SE,Rochester,MN,55904,1932,1/1/1932 0:00:00,5,false,290642282,$290.64M,21253,74,2,76
256,ENERGY ONE,PO Box 701107,Tulsa,OK,74170,1935,1/1/1935 0:00:00,5,false,289815129,$289.82M,17427,55,1,56
66638,GUARDIAN,7801 S Howell Ave,Oak Creek,WI,53154,1934,6/25/1934 0:00:00,5,false,289721394,$289.72M,25735,89,1,90
7776,LOOKOUT,"275 S. 5th Ave, Suite 210",Pocatello,ID,83201,1952,1/1/1952 0:00:00,5,false,289233447,$289.23M,26041,77,1,78
1352,CENTURY HERITAGE,700 REGIS AVE,PITTSBURGH,PA,15236-1425,1936,1/1/1936 0:00:00,5,false,287117111,$287.12M,18632,53,5,58
18473,NORTH SHORE,85 Outer Drive,Silver Bay,MN,55614,1967,1/1/1967 0:00:00,5,false,286773958,$286.77M,13753,67,6,73
81402,MEMBERSALLIANCE,2550 S Alpine,Rockford,IL,61108,1938,1/1/1938 0:00:00,5,false,284197794,$284.20M,21740,86,2,88
7722,HOMEBASE,4495 Crossings Blvd,Prince George,VA,23875,1952,1/1/1952 0:00:00,5,false,284116739,$284.12M,16575,57,1,58
12957,TCT,416 ROWLAND ST,BALLSTON SPA,NY,12020,1959,1/1/1959 0:00:00,5,false,283732191,$283.73M,14531,63,3,66
9349,OTIS,PO Box 27,Jay,ME,04239-0027,1954,1/1/1954 0:00:00,5,false,283184126,$283.18M,12371,29,0,29
61219,KALSEE,PO Box 3006,Kalamazoo,MI,49003-3006,1954,1/1/1954 0:00:00,5,false,282732062,$282.73M,21984,88,3,91
205,ALLEGENT COMMUNITY,"1001 Liberty Ave, Suite 100",Pittsburgh,PA,15222,1935,1/1/1935 0:00:00,5,false,281757565,$281.76M,22850,53,0,53
16402,U S POSTAL SERVICE,"7905 MALCOLM ROAD, SUITE 311",CLINTON,MD,20735,1934,1/1/1964 0:00:00,5,false,280898157,$280.90M,25186,50,3,53
21669,HOME TOWN,2400 W. Bridge St.,Owatonna,MN,55060-5003,1974,5/21/1974 0:00:00,5,false,280873793,$280.87M,25672,57,3,60
15000,O.A.S. STAFF,1889 F St NW,Washington,DC,20006,1962,1/1/1962 0:00:00,5,true,279909630,$279.91M,8852,37,0,37
67316,ALIVE,9790 Touchton Rd,Jacksonville,FL,32246,1991,2/22/1991 0:00:00,5,false,279750843,$279.75M,18665,57,10,67
4616,BRONCO,135 STEWART DR,FRANKLIN,VA,23851,1941,1/1/1941 0:00:00,5,false,279521663,$279.52M,19172,53,2,55
10939,BANGOR,P.O. Box 1161,Bangor,ME,04402-1161,1956,1/1/1956 0:00:00,5,false,279341616,$279.34M,15761,40,0,40
6,THE NEW ORLEANS FIREMEN'S,P O Box 689,Metairie,LA,70004,1934,1/1/1934 0:00:00,5,false,278852542,$278.85M,25961,93,7,100
2644,MAINE FAMILY,555 Sabattus St,Lewiston,ME,04240,1938,1/1/1938 0:00:00,5,false,278150739,$278.15M,18762,44,1,45
68589,UNITY ONE,6701 Burlington Blvd,Fort Worth,TX,76131,1934,5/24/1993 0:00:00,5,false,277819689,$277.82M,24948,69,12,81
22520,MTC,PO Box 1944,Greenville,SC,29602-1944,1976,9/23/1976 0:00:00,5,false,277737146,$277.74M,16102,87,3,90
68395,HERITAGE COMMUNITY,P.O. Box 790,Rancho Cordova,CA,95741-0790,1953,1/1/1953 0:00:00,5,false,277558043,$277.56M,10274,42,2,44
61624,GREATER COMMUNITY,711 6th St,Dawson,MN,56232,1961,1/1/1961 0:00:00,5,false,277210226,$277.21M,8662,22,4,26
61088,OKLAHOMA EDUCATORS,PO BOX 22222,OKLAHOMA CITY,OK,73123,1960,1/1/1960 0:00:00,5,false,276402036,$276.40M,12168,68,4,72
60799,NEW HORIZONS,P. O. BOX 2966,MOBILE,AL,36652,1950,1/1/1950 0:00:00,5,false,275465840,$275.47M,23112,84,1,85
4261,NORSTATE,78 Fox St,Madawaska,ME,04756,1941,1/1/1941 0:00:00,5,false,274743322,$274.74M,14200,75,6,81
4960,COTTONWOOD COMMUNITY,PO Box 507,Cottonwood,ID,83522,1942,1/1/1942 0:00:00,5,false,274717108,$274.72M,9979,45,2,47
319,DEPARTMENT OF THE INTERIOR,1849 C ST NW RM B038,Washington,DC,20240,1935,1/1/1935 0:00:00,5,false,274684674,$274.68M,19480,37,2,39
1438,LONG BEACH CITY EMPLOYEES,2845 Temple Ave,Signal Hill,CA,90755-2212,1936,1/1/1936 0:00:00,5,false,274542406,$274.54M,9701,20,6,26
65491,MEMBERS FIRST CREDIT UNION OF N.H.,P.O. Box 896,Manchester,NH,03105-0896,1949,1/1/1949 0:00:00,5,false,273770564,$273.77M,13080,38,2,40
68386,LEWIS CLARK,604 Bryden Ave,Lewiston,ID,83501,1939,1/1/1939 0:00:00,5,false,273279361,$273.28M,22498,42,0,42
24713,PEOPLE'S COMMUNITY,PO BOX 764,VANCOUVER,WA,98666,1952,1/1/1952 0:00:00,5,false,272299424,$272.30M,10469,38,0,38
62484,SERVICE ONE,PO Box 51770,Bowling Green,KY,42102-6770,1963,1/1/1963 0:00:00,5,false,272043307,$272.04M,17301,60,8,68
24637,LORMET COMMUNITY,2051 Cooper Foster Park Rd,Amherst,OH,44001-1208,1936,2/22/2000 0:00:00,5,false,271610905,$271.61M,19391,37,3,40
8428,ADVANTAGE PLUS,PO BOX 4610,POCATELLO,ID,83205,1953,2/26/1953 0:00:00,5,false,270933050,$270.93M,21409,72,15,87
67012,1ST COMMUNITY,P.O. Box 167,Sparta,WI,54656,1961,6/26/1961 0:00:00,5,false,270883751,$270.88M,15761,49,5,54
19228,CROSS VALLEY,640 Baltimore Dr,Wilkes Barre,PA,18702-7943,1969,1/1/1969 0:00:00,5,false,270750900,$270.75M,17116,56,8,64
4043,GENERAL ELECTRIC EMPLOYEES,265 Sub Way,Milford,CT,06461-3048,1940,1/1/1940 0:00:00,5,false,270346515,$270.35M,25853,49,10,59
24718,JETSTREAM,P.O. Box 5487,Miami Lakes,FL,33014-1487,1948,12/28/1948 0:00:00,5,true,269717811,$269.72M,14181,60,2,62
67238,GLACIER HILLS,2150 S MAIN ST,WEST BEND,WI,53095,1934,10/25/1988 0:00:00,5,false,269542840,$269.54M,16984,48,10,58
14830,EDWARDS,10 S Muroc Dr,Edwards,CA,93524-8002,1962,1/1/1962 0:00:00,5,false,268485210,$268.49M,12902,38,0,38
2742,PENN EAST,441 N 7TH AVE,SCRANTON,PA,18503,1938,1/1/1938 0:00:00,5,false,268334905,$268.33M,22026,50,10,60
3458,VOYAGE,PO Box 88538,Sioux Falls,SD,57105,1939,1/1/1939 0:00:00,5,false,267601259,$267.60M,19836,48,2,50
68714,MARSHLAND,PO Box 1957,Brunswick,GA,31521-1957,1953,1/1/1953 0:00:00,5,false,267347877,$267.35M,17987,69,0,69
8548,ENCOMPASS,221 N Main St,Tipton,IN,46072-1636,1953,4/7/1958 0:00:00,5,false,265244350,$265.24M,17440,56,1,57
68639,HAR-CO,30 N HICKORY AVE,BEL AIR,MD,21014-3249,1955,1/1/1955 0:00:00,5,false,264779082,$264.78M,13773,59,6,65
7870,FIRST FLIGHT,"1815 KILDAIRE FARM RD, SUITE A",CARY,NC,27518,1952,1/1/1952 0:00:00,5,false,264775974,$264.78M,20186,61,7,68
68227,WESTSTAR,2775 S RAINBOW BLVD,Las Vegas,NV,89146,1975,10/17/1975 0:00:00,5,false,264775741,$264.78M,19635,63,0,63
10898,MIDCOAST,186 Lower Main Street,Freeport,ME,04032,1956,3/15/1956 0:00:00,5,false,264576032,$264.58M,15962,69,1,70
3972,WESTERN VISTA,PO BOX 20105,Cheyenne,WY,82003,1940,1/1/1940 0:00:00,5,false,264551175,$264.55M,17196,62,2,64
61387,BHCU,501 INDUSTRIAL HWY,RIDLEY PARK,PA,19078,1952,1/1/1952 0:00:00,5,false,261824293,$261.82M,8744,33,1,34
68349,TREMONT,P.O. Box 220730,Boston,MA,02122,1952,1/1/1952 0:00:00,5,false,260846208,$260.85M,13025,38,14,52
24606,GREAT NORTHWEST,301 West Wishkah Street,Aberdeen,WA,98520,1955,8/23/1955 0:00:00,5,false,260724483,$260.72M,18759,63,2,65
68240,MINNEQUA WORKS,4700 Eagleridge Circle,Pueblo,CO,81008-2120,1937,1/1/1937 0:00:00,5,false,260317557,$260.32M,12608,45,3,48
7219,ST. FRANCIS X,2140 M 119,Petoskey,MI,49770,1951,4/5/1951 0:00:00,5,false,259846761,$259.85M,9951,27,0,27
63923,ONE,380 RIVER ST,SPRINGFIELD,VT,05156,1952,5/23/1952 0:00:00,5,false,259791742,$259.79M,18546,63,0,63
68701,AUBURN UNIVERSITY,PO BOX 1610,AUBURN,AL,36831-1610,1960,1/1/1960 0:00:00,5,false,259633963,$259.63M,17740,40,6,46
967,GOLD COAST,2226 S CONGRESS AVE,PALM SPRINGS,FL,33406-7606,1936,1/1/1936 0:00:00,5,false,259003003,$259.00M,19840,65,1,66
24358,ST. PAUL,1330 Conway St Ste 200,Saint Paul,MN,55106,1953,6/22/1988 0:00:00,5,false,258706642,$258.71M,14969,30,0,30
68204,PUGET SOUND COOPERATIVE,"11201 SE 8th St, Suite 208",Bellevue,WA,98004-6420,1936,1/1/1936 0:00:00,5,false,257466827,$257.47M,17471,29,1,30
60533,SOUTHWEST HERITAGE,PO Box 4898,Odessa,TX,79760,1949,1/1/1949 0:00:00,5,true,256999897,$257.00M,12984,69,1,70
4122,HIGHMARK,PO BOX 2506,RAPID CITY,SD,57709-2506,1940,1/1/1940 0:00:00,5,false,256770578,$256.77M,13673,59,5,64
61953,NORTH CENTRAL AREA,PO Box 817,Houghton Lake,MI,48629,1956,1/1/1956 0:00:00,5,false,256324552,$256.32M,19635,63,4,67
8693,NIAGARA'S CHOICE,3619 Packard Rd,Niagara Falls,NY,14303-2224,1953,1/1/1953 0:00:00,5,false,255976867,$255.98M,22101,59,1,60
60467,ZIA,P.O. Box 490,Los Alamos,NM,87544,1955,1/1/1955 0:00:00,5,true,255070008,$255.07M,13789,65,1,66
24304,BORDER,PO Box 420728,Del Rio,TX,78842-0728,1986,5/21/1987 0:00:00,5,true,254853028,$254.85M,27647,104,17,121
12729,PENN STATE,123 AMBERLEIGH LN,BELLEFONTE,PA,16823,1959,1/1/1959 0:00:00,5,false,254639787,$254.64M,14400,43,0,43
61936,ENERGY CAPITAL,18540 Northwest Fwy,Houston,TX,77065,1935,1/1/1935 0:00:00,5,false,254373933,$254.37M,19131,47,0,47
66555,NORTHWESTERN MUTUAL,720 E Wisconsin Ave,Milwaukee,WI,53202,1933,7/5/1933 0:00:00,5,false,254248848,$254.25M,6691,17,0,17
68629,BLUE EAGLE,2121 Electric Rd,Roanoke,VA,24018,1948,1/1/1948 0:00:00,5,false,253816670,$253.82M,18776,65,0,65
1584,MEMBERS TRUST OF THE SOUTHWEST,2315 MANGUM RD,HOUSTON,TX,77092,1936,8/7/1936 0:00:00,5,false,253720776,$253.72M,8705,28,1,29
2585,RED CROWN,5001 E 91st St,Tulsa,OK,74137,1938,1/1/1938 0:00:00,5,false,253179959,$253.18M,18158,69,3,72
2740,USX,P.O. Box 1728,Cranberry Twp,PA,16066,1938,1/1/1938 0:00:00,5,false,252953945,$252.95M,19329,60,1,61
12679,EDIFI,P.O. Box 247,Rancocas,NJ,08073,1958,1/1/1958 0:00:00,5,false,252842479,$252.84M,25965,67,2,69
68425,ILLIANA FINANCIAL,PO BOX 1249,CALUMET CITY,IL,60409-5404,1936,12/31/1999 0:00:00,5,false,252656439,$252.66M,21004,53,2,55
68257,CONNECTIONS,1110 n 8th ave,pocatello,ID,83201,1937,1/1/1937 0:00:00,5,false,252607527,$252.61M,19630,81,3,84
9871,SAINT LAWRENCE,800 Commerce Park Dr,Ogdensburg,NY,13669-2208,1954,1/1/1954 0:00:00,5,false,252266642,$252.27M,13279,57,4,61
62937,LANDINGS,2800 S MILL AVE,TEMPE,AZ,85282,1953,1/1/1953 0:00:00,5,false,251401461,$251.40M,15147,52,3,55
60686,SPC,P.O. BOX 1355,HARTSVILLE,SC,29551,1949,1/1/1961 0:00:00,5,false,250886958,$250.89M,25911,77,3,80
68679,ADVANTAGE ONE,23670 Telegraph Rd,Brownstown,MI,48134,1952,1/24/1952 0:00:00,5,false,250309067,$250.31M,17859,61,2,63
4135,KEYS,3022 N Roosevelt Blvd,Key West,FL,33040,1940,1/1/1940 0:00:00,5,false,250029093,$250.03M,18316,50,7,57
24239,SOMERSET,740 County Street,Somerset,MA,02726,1936,2/28/1986 0:00:00,5,false,249609653,$249.61M,11586,34,4,38
15523,TONGASS,2000 Tongass Ave,Ketchikan,AK,99901-6046,1963,3/29/1963 0:00:00,5,false,249605896,$249.61M,14295,77,8,85
62010,FILER,PO Box 375,Manistee,MI,49660,1951,1/1/1951 0:00:00,5,false,249502967,$249.50M,13077,50,0,50
2182,GREATER ALLIANCE,40 West Century Road,Paramus,NJ,07652,1937,1/1/1937 0:00:00,5,false,249046654,$249.05M,21413,52,6,58
10100,TRUCHOICE,PO BOX 10659,PORTLAND,ME,04104,1955,1/1/1955 0:00:00,5,false,248939952,$248.94M,12667,53,0,53
6832,GERBER,PO Box 116,Fremont,MI,49412,1950,7/20/1950 0:00:00,5,false,248796179,$248.80M,16119,43,4,47
24464,KNOXVILLE TEACHERS,711 N. HALL OF FAME DRIVE,KNOXVILLE,TN,37917-6722,1934,4/22/1993 0:00:00,5,false,248646715,$248.65M,6645,32,5,37
9163,ELEVATE,1023 MEDICAL DR,BRIGHAM CITY,UT,84302-3049,1954,1/27/1954 0:00:00,5,false,248521056,$248.52M,15182,40,6,46
1015,NORTH JERSEY,711 Union Blvd.,Totowa,NJ,07512-2207,1936,1/1/1936 0:00:00,5,false,248323364,$248.32M,27604,66,3,69
18022,FINGER LAKES,PO BOX 433,GENEVA,NY,14456,1967,1/1/1967 0:00:00,5,false,248252608,$248.25M,20188,44,1,45
24826,PYRAMID,PO Box 12100,Tucson,AZ,85732,1929,3/18/2010 0:00:00,5,false,247997039,$248.00M,17716,60,0,60
9522,MIDWEST COMMUNITY,8770 N State Route 66,Defiance,OH,43512-8254,1954,5/21/1954 0:00:00,5,false,247981726,$247.98M,14145,59,2,61
61677,COMMUNITY WEST,PO Box 8069,Kentwood,MI,49518-8069,1967,1/1/1967 0:00:00,5,false,247662881,$247.66M,18262,63,2,65
5974,SOUTHERN SECURITY,P O Box 310,Collierville,TN,38027,1949,1/1/1949 0:00:00,5,false,246943156,$246.94M,18945,56,1,57
63315,NW PRIORITY,PO BOX 16640,Portland,OR,97292-0640,1928,1/1/1928 0:00:00,5,false,246015383,$246.02M,11991,44,0,44
62406,BRIDGE,10567 Sawmill Parkway,Powell,OH,43065,1967,1/1/1967 0:00:00,5,false,245680545,$245.68M,18891,65,2,67
3212,ANECA,4361 Youree Dr,Shreveport,LA,71105,1939,1/1/1939 0:00:00,5,false,245206932,$245.21M,10425,49,0,49
4271,CHIEF FINANCIAL,200 Diversion St Ste 200,Rochester Hills,MI,48307-2245,1941,1/28/1941 0:00:00,5,false,244859101,$244.86M,22049,44,4,48
15669,MOOG EMPLOYEES,SENECA STREET,EAST AURORA,NY,14052,1963,1/1/1963 0:00:00,5,false,244733704,$244.73M,8635,12,0,12
15483,JERSEY SHORE,1434 New Rd,Northfield,NJ,08225,1963,1/1/1963 0:00:00,5,false,244025992,$244.03M,16475,54,11,65
489,PRIMETRUST FINANCIAL,3700 W BETHEL AVE,MUNCIE,IN,47304,1935,7/30/1935 0:00:00,5,false,244017060,$244.02M,18652,70,9,79
9643,MERITUS,515 GUILBEAU RD,LAFAYETTE,LA,70506-6089,1954,1/1/1954 0:00:00,5,false,243856446,$243.86M,23641,75,1,76
60728,THE FAMILY,1530 W 53rd St,Davenport,IA,52806,1935,1/1/1935 0:00:00,5,false,243643623,$243.64M,20256,63,5,68
477,THE ATLANTIC,P.O. Box 618,Kenilworth,NJ,07033,1935,1/1/1935 0:00:00,5,false,243332557,$243.33M,14925,40,0,40
24929,MC,230 Walnut Street,Danville,PA,17821,1954,1/1/1954 0:00:00,5,false,243156431,$243.16M,13610,42,4,46
3655,TOP TIER,144 Holiday Inn Rd,Clarion,PA,16214,1940,1/1/1940 0:00:00,5,false,242847038,$242.85M,16964,52,0,52
4714,UNITED SOUTHEAST,1545 Bluff City Highway,Bristol,TN,37620,1941,1/1/1941 0:00:00,5,false,242453366,$242.45M,22976,54,0,54
9300,BOSSIER,1961 AIRLINE DRIVE,BOSSIER CITY,LA,71112-2448,1954,1/1/1954 0:00:00,5,false,242094727,$242.09M,28766,67,3,70
66592,CITIZENS COMMUNITY,2012 1st Ave S,Fort Dodge,IA,50501,1940,3/25/1940 0:00:00,5,false,240661832,$240.66M,14074,50,11,61
64932,HIDDEN RIVER,60 Westwood Rd,Pottsville,PA,17901-1834,1953,1/1/1953 0:00:00,5,false,240573497,$240.57M,19671,41,1,42
60501,MUTUAL SAVINGS,PO Box 362045,Birmingham,AL,35236,1936,1/1/1936 0:00:00,5,false,240435436,$240.44M,19132,81,1,82
65063,NOVATION,500 IMPERIAL AVE N,OAKDALE,MN,55128-7151,1954,1/1/1954 0:00:00,5,false,240191019,$240.19M,14681,32,4,36
4024,TRUECORE,215 DEO DR,NEWARK,OH,43055-3048,1940,7/29/1940 0:00:00,5,false,239817644,$239.82M,16591,57,4,61
68602,MYGEORGIA,PO Box 908237,Gainesville,GA,30501,1971,5/31/1971 0:00:00,5,false,239372345,$239.37M,20307,62,0,62
97112,INVESTEX,8404 FM 1960 Rd W,Humble,TX,77338,1952,11/5/1952 0:00:00,5,false,239080431,$239.08M,21415,62,4,66
16168,GEOVISTA,PO Box 132,Hinesville,GA,31310,1964,1/1/1964 0:00:00,5,false,238831159,$238.83M,22002,82,0,82
20600,LUSO,599 East St,Ludlow,MA,01056,1971,1/1/1971 0:00:00,5,false,238766184,$238.77M,7906,25,6,31
64835,F3,1040 LEIGH AVE,SAN JOSE,CA,95126,1931,1/1/1931 0:00:00,5,false,238745250,$238.75M,12911,34,1,35
11872,SRI,PO BOX 2284,MENLO PARK,CA,94026-2284,1957,1/1/1957 0:00:00,5,false,238009495,$238.01M,5071,15,1,16
3571,PANTEX,PO Box 5206,Borger,TX,79008,1940,1/1/1940 0:00:00,5,false,237926249,$237.93M,14647,40,1,41
8523,CACL,1800 W Market St,Pottsville,PA,17901,1953,1/1/1953 0:00:00,5,false,237837480,$237.84M,16767,54,0,54
24909,OHIO VALLEY COMMUNITY,52775 BOSTON HILL ROAD,CLARINGTON,OH,43915,1960,1/1/1960 0:00:00,5,false,237113496,$237.11M,15537,37,8,45
5892,TRUE NORTH,PO Box 34157,Juneau,AK,99803,1948,11/24/1948 0:00:00,5,false,236789061,$236.79M,13200,64,3,67
4118,SEABOARD,PO BOX G,BUCKSPORT,ME,04416,1940,1/1/1940 0:00:00,5,false,235603808,$235.60M,13283,35,3,38
18868,BULL DOG,580 NORTHERN AVE,HAGERSTOWN,MD,21742,1968,1/1/1968 0:00:00,5,false,235198841,$235.20M,21191,50,3,53
67348,UNIVERSITY,13241 SW 136th St,MIAMI,FL,33186-5822,1947,2/26/1947 0:00:00,5,false,234893420,$234.89M,15903,42,2,44
24414,BUILDING TRADES,12080 73RD AVE N,MAPLE GROVE,MN,55369,1959,6/25/1991 0:00:00,5,false,233872773,$233.87M,18860,32,0,32
5866,SABINE,PO Box 3000,Orange,TX,77631-3000,1948,1/1/1948 0:00:00,5,false,233715099,$233.72M,13120,59,0,59
2840,STERLING,PO BOX 1086,STERLING,CO,80751,1938,6/30/1938 0:00:00,5,false,233709333,$233.71M,10282,28,2,30
15051,COMMUNITY FIRST GUAM,"231 Route 4, Hagatna, GU 96910-5210",Hagatna,GU,96910-5219,1962,5/31/1962 0:00:00,5,true,233695736,$233.70M,16210,78,16,94
67434,COMMUNITY SOUTH,PO BOX 623,CHIPLEY,FL,32428,1991,4/3/1991 0:00:00,5,false,233274184,$233.27M,14996,55,0,55
3576,PIONEER APPALACHIA,1316 Kanawha Blvd E,Charleston,WV,25301,1940,1/23/1940 0:00:00,5,false,232784081,$232.78M,15354,38,1,39
13601,SHREWSBURY,P.O. BOX 227,SHREWSBURY,MA,01545-3949,1960,1/1/1960 0:00:00,5,false,232141686,$232.14M,9572,17,10,27
62352,C E S,P.O. BOX 631,MOUNT VERNON,OH,43050,1952,1/1/1952 0:00:00,5,false,231931998,$231.93M,17537,49,10,59
18917,SKYPOINT,"19785 CRYSTAL ROCK DR, SUITE 201",GERMANTOWN,MD,20874,1968,1/1/1968 0:00:00,5,false,231744693,$231.74M,13742,46,0,46
66374,SOUTHBRIDGE,155 Main St,Southbridge,MA,01550,1938,1/26/1938 0:00:00,5,false,230899793,$230.90M,11476,40,2,42
20041,AMERICHOICE,2175 Bumble Bee Hollow Rd,Mechanicsburg,PA,17055-5563,1970,1/1/1970 0:00:00,5,false,230694197,$230.69M,15773,57,2,59
60363,CENTRAL STATE,919 N Center St,Stockton,CA,95202,1936,1/1/1936 0:00:00,5,false,230384610,$230.38M,14738,42,6,48
67902,GREATER SPRINGFIELD,1030 WILBRAHAM RD,SPRINGFIELD,MA,01109,1927,3/2/1927 0:00:00,5,false,230181370,$230.18M,11077,24,5,29
16030,CHAFFEY,PO Box 700,Upland,CA,91785,1964,1/1/1964 0:00:00,5,false,229390144,$229.39M,11852,43,1,44
11162,CANOPY,PO BOX 2519,SPOKANE,WA,99220,1956,1/1/1956 0:00:00,5,false,229379777,$229.38M,13425,58,0,58
11253,NEW DIMENSIONS,94 Silver St,Waterville,ME,04901,1956,1/1/1956 0:00:00,5,false,229077798,$229.08M,16053,58,0,58
65565,CEDAR FALLS COMMUNITY,Po Box 1009,Cedar Falls,IA,50613,1958,3/10/1958 0:00:00,5,false,228973241,$228.97M,8812,30,4,34
64920,ILLINOIS STATE,1309 S Center,Normal,IL,61761-3458,1960,1/1/1960 0:00:00,5,false,228238982,$228.24M,18092,59,4,63
62965,FINANCIAL PLUS,1831 25th St,West Des Moines,IA,50266-1416,1929,1/1/1929 0:00:00,5,false,227963443,$227.96M,11778,32,1,33
1870,HAWAII LAW ENFORCEMENT,1936 S King St,Honolulu,HI,96826,1937,1/4/1937 0:00:00,5,true,227885021,$227.89M,14254,31,2,33
3841,GHS,910 Upper Front St,Binghamton,NY,13905-1337,1940,1/1/1940 0:00:00,5,false,227775742,$227.78M,15981,39,4,43
8110,NEW CUMBERLAND,P O BOX 658,NEW CUMBERLAND,PA,17070,1952,1/1/1952 0:00:00,5,false,227026620,$227.03M,22142,54,1,55
62169,MICHIGAN ONE COMMUNITY,510 S Dexter St,Ionia,MI,48846,1954,1/1/1954 0:00:00,5,false,226651011,$226.65M,18697,44,12,56
65082,SUNWEST,4141 Sovereign Cir,Pueblo,CO,81005,1935,1/1/1935 0:00:00,5,false,226294773,$226.29M,11972,38,0,38
67865,CAPITOL,PO Box 81647,Austin,TX,78708,1954,8/24/1954 0:00:00,5,false,224586108,$224.59M,13706,47,3,50
18935,CAL-COM,P O Box 1005,Port Lavaca,TX,77979-1005,1968,1/1/1968 0:00:00,5,false,224296744,$224.30M,16139,35,1,36
11170,FIRST SERVICE,100 Main Street,Groveport,OH,43125-1198,1956,7/11/1956 0:00:00,5,false,223584837,$223.58M,14582,39,4,43
19867,URW COMMUNITY,314 LOWES DR,DANVILLE,VA,24540-5927,1970,1/1/1970 0:00:00,5,true,223236264,$223.24M,35805,56,0,56
3907,WICHITA,7325 W 33rd St N,Wichita,KS,67205-9368,1940,1/1/1940 0:00:00,5,false,222399102,$222.40M,15685,67,3,70
61800,FORT MCCLELLAN,1010 Golden Springs Rd,Anniston,AL,36207,1953,1/1/1953 0:00:00,5,false,221452541,$221.45M,15393,68,1,69
62964,EXPEDITION,1270 Northand Dr Ste 350,Mendota Heights,MN,55120-1178,1957,1/1/1957 0:00:00,5,false,221247954,$221.25M,14632,30,0,30
18204,NORTHERN SKIES,1001 E BENSON BLVD,ANCHORAGE,AK,99508,1967,1/1/1967 0:00:00,5,false,220712006,$220.71M,13912,60,0,60
17398,MAINE HIGHLANDS,PO Box 233,Dexter,ME,04930,1966,1/1/1966 0:00:00,5,false,220543721,$220.54M,14251,55,2,57
18765,LOUVIERS,185 S Main St,Newark,DE,19711,1968,4/25/1968 0:00:00,5,false,220275194,$220.28M,16594,23,4,27
65735,CATHOLIC & COMMUNITY,1109 Hartman Lane,Shiloh,IL,62221,1938,2/21/1938 0:00:00,5,false,220110125,$220.11M,13468,30,5,35
68356,CORAZO,P O Box 3247,El Centro,CA,92244,1942,1/1/1942 0:00:00,5,true,219647617,$219.65M,23381,58,9,67
81416,STALEY,3330 N WOODFORD ST,DECATUR,IL,62526,1930,7/7/1930 0:00:00,5,false,219575364,$219.58M,17553,43,13,56
24709,EASTERN UTAH COMMUNITY,PO Box 719,Price,UT,84501,1968,1/1/1968 0:00:00,5,false,219482804,$219.48M,12611,36,10,46
20558,CHROME,PO Box 658,Canonsburg,PA,15317,1971,1/1/1971 0:00:00,5,false,218228732,$218.23M,15680,56,1,57
8733,SUNLIGHT,PO BOX 190,CODY,WY,82414,1953,1/1/1953 0:00:00,5,false,218089594,$218.09M,8757,45,1,46
8290,THE PEOPLE'S,P.O. BOX 9335,AMARILLO,TX,79105,1953,1/1/1953 0:00:00,5,false,217958926,$217.96M,18849,57,11,68
67915,WESTEX COMMUNITY,200 E Austin St,Kermit,TX,79745,1960,12/2/1960 0:00:00,5,false,217392946,$217.39M,17319,50,1,51
68295,CLARITY,PO Box 500,Nampa,ID,83653,1948,1/1/1948 0:00:00,5,false,217149503,$217.15M,19087,58,1,59
24731,WESTERN DIVISION,6750 MAIN ST,WILLIAMSVILLE,NY,14221,1937,7/24/1937 0:00:00,5,false,216238995,$216.24M,11328,30,1,31
20727,CAMPCO,PO BOX 3169,GILLETTE,WY,82717,1971,9/29/1971 0:00:00,5,false,216114694,$216.11M,19502,44,1,45
9971,SANTA FE,PO Box 15088,Amarillo,TX,79105,1955,1/1/1955 0:00:00,5,false,216002077,$216.00M,13525,51,0,51
7552,HARRIS COUNTY,1400 Franklin St,Houston,TX,77002-2147,1951,1/1/1951 0:00:00,5,false,215505501,$215.51M,19731,32,11,43
18965,OKUNITY,311 E McElroy,Stillwater,OK,74075,1968,1/1/1968 0:00:00,5,false,214933305,$214.93M,12905,36,8,44
2881,DENVER FIRE DEPARTMENT,12 Lakeside Lane,Denver,CO,80212,1938,1/1/1938 0:00:00,5,false,214741723,$214.74M,6262,16,0,16
62661,NAHEOLA,P.O. Box 102,Pennington,AL,36916,1959,1/1/1959 0:00:00,5,false,214662434,$214.66M,12635,31,4,35
9556,CLEARPATH,"300 E Magnolia Blvd, Suite 401",Burbank,CA,91502,1954,1/1/1954 0:00:00,5,false,214469480,$214.47M,10635,30,6,36
62642,MICHIGAN LEGACY,269 Oak St.,Wyandotte,MI,48192,1946,1/1/1946 0:00:00,5,false,214369872,$214.37M,19949,66,3,69
887,BILLINGS,PO Box 1779,Billings,MT,59103,1935,12/17/1935 0:00:00,5,false,213901567,$213.90M,12931,48,0,48
16009,GRAND ALTITUDE,1005 11th St,Lander,WY,82520-2663,1964,1/2/1964 0:00:00,5,false,213495728,$213.50M,12832,35,4,39
19508,QUEST,12837 US Highway 68,Kenton,OH,43326,1969,6/11/1969 0:00:00,5,false,213415661,$213.42M,16817,54,1,55
68410,UNITED CONSUMERS,1111 E 23RD ST S,INDEPENDENCE,MO,64055,1941,8/16/1999 0:00:00,5,false,213340713,$213.34M,16710,51,6,57
2322,TEXASGULF,2101 N Fulton st,Wharton,TX,77488,1937,1/1/1937 0:00:00,5,false,213317708,$213.32M,14843,30,1,31
61318,ISABELLA COMMUNITY,PO Box 427,MT Pleasant,MI,48804,1958,1/1/1958 0:00:00,5,false,213242110,$213.24M,13512,37,11,48
64531,ALTA VISTA,1425 W LUGONIA AVE,REDLANDS,CA,92374,1943,3/23/1973 0:00:00,5,false,212450769,$212.45M,11968,43,0,43
16500,ACIPCO,PO BOX 2727,BIRMINGHAM,AL,35202,1964,1/1/1964 0:00:00,5,false,212135130,$212.14M,8848,20,0,20
11780,SANTA ROSA COUNTY,P.O. BOX 841,MILTON,FL,32572,1957,1/1/1957 0:00:00,5,false,211462260,$211.46M,13730,44,0,44
68684,MIDWEST MEMBERS,101 Wesley Drive,Wood River,IL,62095,1935,1/14/1935 0:00:00,5,false,211300928,$211.30M,17618,48,2,50
61648,HOMETOWN,PO BOX 310,KULM,ND,58456,1949,1/1/1949 0:00:00,5,false,211049692,$211.05M,3354,32,11,43
13476,CAROLINA FOOTHILLS,PO Box 1411,Spartanburg,SC,29304,1960,1/1/1960 0:00:00,5,true,211041048,$211.04M,19619,58,5,63
199,MEMBERS CHOICE OF CENTRAL TEXAS,PO BOX 20248,WACO,TX,76702,1935,1/1/1935 0:00:00,5,false,210784132,$210.78M,18562,51,0,51
60934,ALATRUST,1810 MERCHANTS DR,HOOVER,AL,35244-1005,1935,1/1/1935 0:00:00,5,false,210735256,$210.74M,13306,36,2,38
12808,SUCCESS,PO BOX 467,BLYTHEVILLE,AR,72316-0467,1959,1/1/1959 0:00:00,5,false,210473505,$210.47M,23209,42,2,44
21686,PARDA,2601 Cambridge Ct Ste 210,Auburn Hills,MI,48326-2580,1974,6/6/1974 0:00:00,5,false,210310489,$210.31M,14748,59,2,61
10572,FITZSIMONS,2201 N FITZSIMONS PKWY,AURORA,CO,80045-7505,1955,1/1/1955 0:00:00,5,false,210264301,$210.26M,13773,40,2,42
1364,U S #1364,8400 BROADWAY,MERRILLVILLE,IN,46410,1936,5/14/1936 0:00:00,5,false,210244387,$210.24M,12991,33,1,34
15650,H E B,4630 N Loop 1604 W Ste 101,San Antonio,TX,78249,1963,1/1/1963 0:00:00,5,false,209925510,$209.93M,12252,33,0,33
60712,ALABAMA CENTRAL,3601 4th Ave S,Birmingham,AL,35222,1938,1/1/1938 0:00:00,5,false,209396282,$209.40M,20037,52,6,58
10375,1ST LIBERTY,P. O. Box 5002,Great Falls,MT,59403,1955,1/1/1955 0:00:00,5,false,209205358,$209.21M,14604,51,6,57
68587,ASSOCIATED SCHOOL EMPLOYEES,1690 S. Canfiled Niles Rd,Youngstown,OH,44515-4055,1958,4/30/1959 0:00:00,5,false,208517178,$208.52M,15275,30,5,35
10170,CITIZENS,P.O. Box 425,Big Spring,TX,79721,1955,1/1/1955 0:00:00,5,false,208047583,$208.05M,10580,33,0,33
14120,STARK,4100 dressler rd nw,canton,OH,44718,1961,1/16/1961 0:00:00,5,false,206969112,$206.97M,16396,32,5,37
63201,FRONTIER COMMUNITY,690 Eisenhower Rd,Leavenworth,KS,66048-4800,1954,4/6/1954 0:00:00,5,false,206965486,$206.97M,18265,50,11,61
17017,COCA-COLA,P. O. BOX 1734,ATLANTA,GA,30301,1965,1/1/1965 0:00:00,5,false,206108141,$206.11M,14313,41,0,41
2744,U. S. EMPLOYEES O. C.,4301 S. INTERSTATE 44 SERVICE RD,OKLAHOMA CITY,OK,73119,1938,1/1/1938 0:00:00,5,false,206102393,$206.10M,14711,51,0,51
60798,ACCENTRA,PO BOX 657,AUSTIN,MN,55912,1930,1/1/1930 0:00:00,5,false,206045318,$206.05M,17060,42,4,46
4401,SOUTHWEST MONTANA COMMUNITY,1035 West Park,Anaconda,MT,59711,1941,1/1/1941 0:00:00,5,false,205713399,$205.71M,11715,35,3,38
67921,LONG BEACH FIREMEN S,2245 Argonne Ave,Long Beach,CA,90815,1936,4/16/1936 0:00:00,5,false,205587071,$205.59M,3266,7,0,7
96658,TOWPATH,2969 Smith Rd,Fairlawn,OH,44333,0,12/30/1899 0:00:00,5,false,205557062,$205.56M,26369,64,2,66
61778,RED WING,3303 N Service Dr,Red Wing,MN,55066,1954,1/1/1954 0:00:00,5,false,205346979,$205.35M,9710,23,7,30
68617,AUTOTRUCK FINANCIAL,7651 Jefferson Green Way,Louisville,KY,40219,1965,1/1/1965 0:00:00,5,false,205316695,$205.32M,17770,45,3,48
60024,PRIORITY ONE,1631 Huntington Dr,South Pasadena,CA,91030-4746,1929,3/26/1929 0:00:00,5,true,205213972,$205.21M,16860,41,0,41
62217,AAC,177 Wilson Ave NW,Grand Rapids,MI,49534,1937,1/1/1937 0:00:00,5,false,204608001,$204.61M,15002,40,5,45
2874,BLUESTONE,PO Box 90240,Sioux Falls,SD,57109-0240,1938,1/1/1938 0:00:00,5,false,203702272,$203.70M,11724,62,2,64
13190,LISBON COMMUNITY,P.O. Box 878,Lisbon,ME,04250,1959,1/1/1959 0:00:00,5,false,203196331,$203.20M,10421,36,3,39
68561,CREDIT UNION OF OHIO,5500 Britton Pkwy,Hilliard,OH,43026-7456,0,11/30/1966 0:00:00,5,false,202907587,$202.91M,22457,44,0,44
64766,MERCO,1911 M ST,Merced,CA,95340,1966,1/1/1966 0:00:00,5,false,202892444,$202.89M,15883,40,1,41
761,SKY,PO Box 1690,Livingston,MT,59047,1935,11/21/1935 0:00:00,5,false,202802344,$202.80M,12713,56,8,64
77,SERVICE FIRST,3901 East 10th Street,Sioux Falls,SD,57103,1934,1/1/1934 0:00:00,5,false,202766423,$202.77M,16780,56,1,57
62085,U.P. STATE,123 S Lincoln Road,Escanaba,MI,49829-1339,1955,1/1/1955 0:00:00,5,false,202362788,$202.36M,15409,56,4,60
14066,FIRESTONE,31 Hanna Pkwy,Akron,OH,44319,1960,12/2/1960 0:00:00,5,false,202222302,$202.22M,7260,7,1,8
68440,MEMBERSOURCE,10100 Richmond Ave,Houston,TX,77042,1958,6/30/2000 0:00:00,5,false,202004928,$202.00M,14833,54,1,55
60041,VICINITY,4444 S Pulaski Rd,Chicago,IL,60632,1931,1/1/1931 0:00:00,5,true,201733066,$201.73M,18713,43,0,43
6269,TRI COUNTY AREA,1550 MEDICAL DR,POTTSTOWN,PA,19464-3225,1949,1/1/1949 0:00:00,5,false,201494479,$201.49M,12672,39,4,43
18616,DUKE UNIVERSITY,2200 West Main Street Suite L100,Durham,NC,27705,1968,1/1/1968 0:00:00,5,false,201068690,$201.07M,15604,35,0,35
4480,PALISADES,"1 Blue Hill Plz, P.O. Box 1529",Pearl River,NY,10965-3104,1941,5/7/1941 0:00:00,5,false,201017754,$201.02M,13691,36,2,38
21593,FIRE POLICE CITY COUNTY,3306 N CLINTON ST,FORT WAYNE,IN,46805,1974,4/1/1974 0:00:00,5,false,200484896,$200.48M,11378,58,1,59
68150,"IMPACT CREDIT UNION, INC.",1455 W McPherson Hwy,Clyde,OH,43410,1994,6/14/1994 0:00:00,5,false,200459011,$200.46M,14217,49,5,54
4038,SERVICE 1,P.O Box 810,Muskegon,MI,49443-0810,1940,8/7/1940 0:00:00,5,false,200247856,$200.25M,21962,54,11,65
6062,BEACON,PO Box 1704,La Porte,TX,77572,1949,1/1/1949 0:00:00,5,false,199910937,$199.91M,14119,44,1,45
63783,COOPERATIVE CHOICE NETWORK,3927 N UNIVERSITY STREET,PEORIA,IL,61614,1935,12/13/1935 0:00:00,5,false,198779465,$198.78M,12486,26,3,29
96761,AURGROUP,8811 Holden Blvd,Fairfield,OH,45014,0,12/30/1899 0:00:00,5,false,198771524,$198.77M,13192,46,2,48
67153,MEMBERS FIRST,120 East 1000 South,Brigham City,UT,84302,1958,1/1/1958 0:00:00,5,false,197569816,$197.57M,13731,25,15,40
7465,AWAKON,PO BOX 420,ONAWAY,MI,49765,1951,10/8/1951 0:00:00,5,false,197451641,$197.45M,14786,50,2,52
6369,STATEWIDE,P O Box 320483,Flowood,MS,39232-0483,1949,1/1/1949 0:00:00,5,false,196782660,$196.78M,23510,45,12,57
67178,ACCESS COMMUNITY,PO Box 7407,Amarillo,TX,79114,1953,3/26/1953 0:00:00,5,false,196772935,$196.77M,13169,58,0,58
3360,EMERY,7890 E KEMPER RD,CINCINNATI,OH,45249-1656,1939,7/13/1939 0:00:00,5,false,196491089,$196.49M,12915,35,1,36
5487,KAUAI,PO Box 711,Lihue,HI,96766,1947,5/5/1947 0:00:00,5,true,195820972,$195.82M,7832,35,1,36
60787,RAILWAY,1006 E MAIN ST,MANDAN,ND,58554-3762,1954,1/1/1954 0:00:00,5,false,193950547,$193.95M,8419,29,0,29
7151,OKLAHOMA,517 NE 36TH ST,OKLAHOMA CITY,OK,73105,1951,1/1/1951 0:00:00,5,false,193597742,$193.60M,9610,18,2,20
13583,SPIRIT OF ALASKA,1417 Gillam Way,Fairbanks,AK,99701,1960,3/10/1960 0:00:00,5,false,193259867,$193.26M,9359,45,0,45
6332,TRUNORTH,1419 N Second St,Ishpeming,MI,49849-1149,1949,9/30/1949 0:00:00,5,false,193176905,$193.18M,15464,36,3,39
10257,SENTINEL,PO BOX 700,BOX ELDER,SD,57719,1955,1/1/1955 0:00:00,5,false,193160397,$193.16M,9798,55,0,55
22307,CENTRAL VIRGINIA,PO BOX 1660,LYNCHBURG,VA,24505,1976,3/1/1976 0:00:00,5,false,192911622,$192.91M,13060,45,11,56
67951,ALDEN,710 Grattan St,Chicopee,MA,01020-1255,1939,8/18/1939 0:00:00,5,false,192079711,$192.08M,13085,25,2,27
14462,ONTARIO SHORES,PO Box 9,Newfane,NY,14108-0009,1961,1/1/1961 0:00:00,5,false,191472206,$191.47M,11652,27,1,28
67330,MIAMI POSTAL SERVICE,2190 NW 72 Avenue,Miami,FL,33122,1991,2/23/1991 0:00:00,5,true,191305076,$191.31M,13063,41,4,45
60079,COMMUNITY 1ST,PO BOX 870,DUPONT,WA,98327,1934,1/1/1934 0:00:00,5,false,190960734,$190.96M,11027,46,0,46
68449,LONE STAR,7508 Ferguson Rd,Dallas,TX,75228,1967,1/1/1967 0:00:00,5,false,190111981,$190.11M,11696,40,0,40
63299,EMPLOYEES,2714 Central Ave,Estherville,IA,51334,1947,1/1/1947 0:00:00,5,false,190058821,$190.06M,9122,15,0,15
97094,ACHIEVE,340 GRISWOLD RD,ELYRIA,OH,44035,1958,1/1/1958 0:00:00,5,false,189981388,$189.98M,11187,41,2,43
60942,RIVERFALL,P.O. Box 1756,Tuscaloosa,AL,35403,1953,1/1/1953 0:00:00,5,false,189952831,$189.95M,14287,39,2,41
233,INFIRST,6222 Little River Tpke,Alexandria,VA,22312-1714,1935,1/1/1935 0:00:00,5,false,189931006,$189.93M,15076,41,8,49
3526,SCHOOLS,20101 Hamilton Ave Ste150,Torrance,CA,90502-1306,1939,11/24/1939 0:00:00,5,true,189771364,$189.77M,16797,34,1,35
690,CHATTANOOGA AREA SCHOOLS,PO BOX 3529,CHATTANOOGA,TN,37404-2806,1935,1/1/1935 0:00:00,5,false,189348442,$189.35M,12412,13,0,13
8725,COLORAMO,516 28 Road,Grand Junction,CO,81501,1953,1/1/1953 0:00:00,5,false,188929856,$188.93M,12738,40,2,42
61457,PRIORITY TRUST,9998 Almeda Genoa Rd,Houston,TX,77075-2416,1929,1/1/1929 0:00:00,5,true,188909418,$188.91M,28230,70,1,71
1407,DEMOCRACY,P O Box 25516,Alexandria,VA,22313-5516,1936,1/1/1936 0:00:00,5,true,188795666,$188.80M,12065,34,1,35
97111,ABBEY,800 Falls Creek Dr,Vandalia,OH,45377,1937,11/11/1937 0:00:00,5,false,188453114,$188.45M,14392,45,7,52
274,AREA,PO BOX 1495,ABERDEEN,SD,57402-1495,1935,1/1/1935 0:00:00,5,false,188213622,$188.21M,11719,32,4,36
65464,ECO,PO Box 2385,Birmingham,AL,35201,1979,1/1/1979 0:00:00,5,false,188148420,$188.15M,16268,36,2,38
1607,BIG ISLAND,66 LONO ST,HILO,HI,96720-4144,1936,1/1/1936 0:00:00,5,true,188146045,$188.15M,9642,28,0,28
24753,FOUR POINTS,PO Box 541030,Omaha,NE,68154,1934,1/1/1934 0:00:00,5,false,187820755,$187.82M,10421,22,1,23
4202,WESTERN SUN,4620 W Kenosha,Broken Arrow,OK,74012,1940,1/1/1940 0:00:00,5,false,187497050,$187.50M,25573,66,0,66
60791,GEORGETOWN KRAFT,1379 N Fraser St,Georgetown,SC,29440-2825,1952,1/1/1952 0:00:00,5,false,187340305,$187.34M,17191,72,3,75
6870,FINANCIAL TRUST,3333 Harlem Rd,Cheektowaga,NY,14225,1950,1/1/1950 0:00:00,5,false,187237847,$187.24M,13738,26,3,29
1911,MON VALLEY COMMUNITY,PO BOX 189,ALLENPORT,PA,15412-0189,1937,1/1/1937 0:00:00,5,false,187057882,$187.06M,8977,11,2,13
4853,DOWNRIVER COMMUNITY,4320 West Jefferson,Ecorse,MI,48229,1942,2/28/1942 0:00:00,5,false,186954089,$186.95M,12459,40,4,44
63189,WHITE EAGLE,PO Box 86,Augusta,KS,67010,1935,8/12/1935 0:00:00,5,false,186848986,$186.85M,16126,40,10,50
64886,AIM,1200 Associates Dr Ste 102,Dubuque,IA,52002-2283,1933,1/1/1933 0:00:00,5,false,186277197,$186.28M,14296,25,0,25
68324,SACO VALLEY,PO Box 740,Saco,ME,04072,1947,1/1/1947 0:00:00,5,false,186222672,$186.22M,9200,28,5,33
62812,PUBLIC SAFETY,PO Box 270020,Kansas City,MO,64127-0020,1934,2/4/1934 0:00:00,5,false,185756447,$185.76M,13356,41,8,49
12935,DISCOVERY,2744 CENTURY BLVD,WYOMISSING,PA,19610,1959,1/1/1959 0:00:00,5,false,185511798,$185.51M,8952,23,3,26
24197,MIL-WAY,2000 ARKANSAS BLVD,TEXARKANA,AR,71854-1616,1956,11/1/1956 0:00:00,5,false,185497925,$185.50M,12846,35,0,35
67658,MEMBERS FIRST,5444 S Staples St,Corpus Christi,TX,78411,1938,12/6/1938 0:00:00,5,false,185444490,$185.44M,12634,38,3,41
66346,RIVER WORKS,947 Western Ave,Lynn,MA,01905-2640,1936,2/13/1936 0:00:00,5,false,185329722,$185.33M,5497,23,2,25
13939,PUERTO RICO,"55 Resolucion Street,Esq., Roosevel",Caparra,PR,00920,1960,1/1/1960 0:00:00,5,true,185079432,$185.08M,24052,41,0,41
61988,SAFE HARBOR,PO Box 980,Ludington,MI,49431,1952,1/1/1952 0:00:00,5,false,184827807,$184.83M,9034,39,0,39
16218,XCEL,1460 Broad St,Bloomfield,NJ,07003,1964,1/1/1964 0:00:00,5,false,184823347,$184.82M,12073,36,1,37
13898,ENDURANCE,2019 N Highway 81,Duncan,OK,73533,1960,1/1/1960 0:00:00,5,false,184733555,$184.73M,13415,35,1,36
67021,NORTHEAST COMMUNITY,980 JASON WITTEN WAY,ELIZABETHTON,TN,37643,1952,10/31/1952 0:00:00,5,false,184441986,$184.44M,12403,42,4,46
20394,BEACH MUNICIPAL,4164 Virginia Beach Blvd,Virginia Beach,VA,23452,1970,1/1/1970 0:00:00,5,false,184393640,$184.39M,9031,32,1,33
389,CINCINNATI OHIO POLICE,959 W 8TH ST,CINCINNATI,OH,45203,1935,6/17/1935 0:00:00,5,false,184373126,$184.37M,11284,35,3,38
872,MIAMI FIREFIGHTERS,1111 NW 7TH ST,MIAMI,FL,33136,1935,1/1/1935 0:00:00,5,false,184094851,$184.09M,6102,20,0,20
61256,ACHIEVE FINANCIAL,P O Box 7030,Berlin,CT,06037,1954,1/1/1954 0:00:00,5,false,183924819,$183.92M,16499,32,0,32
67558,COMMUNITY CREDIT UNION OF LYNN,1 ANDREW STREET,LYNN,MA,01901,1955,8/24/1955 0:00:00,5,false,183771303,$183.77M,6490,29,2,31
24465,GOVERNMENT EMPLOYEES,PO Box 81535,Austin,TX,78708-1535,1934,4/23/1993 0:00:00,5,false,182411184,$182.41M,9625,28,1,29
1000,SIERRA PACIFIC,PO BOX 10100,RENO,NV,89511,1936,1/1/1936 0:00:00,5,false,182317647,$182.32M,10663,19,1,20
15072,REGIONAL,10909 Randolph St,Winfield,IN,46307-7753,1962,6/12/1962 0:00:00,5,false,182304182,$182.30M,25840,46,6,52
20943,JOURNEY,1200 ZEEB DR,SAINT JOHNS,MI,48879-1150,1972,4/1/1972 0:00:00,5,false,182139814,$182.14M,17173,39,0,39
64199,CONSERVATION EMPLOYEES,PO Box 180,Jefferson City,MO,65102,1955,2/8/1955 0:00:00,5,false,181967383,$181.97M,9403,15,2,17
3853,NW PREFERRED,PO BOX 231269,TIGARD,OR,97281-1269,1940,5/3/1940 0:00:00,5,false,181522611,$181.52M,8268,33,1,34
24746,HORIZON UTAH,P.O. Box 687,Farmington,UT,84025,1956,4/1/1956 0:00:00,5,false,181465503,$181.47M,12380,42,7,49
67183,RIPCO,PO Box 278,Rhinelander,WI,54501,1932,9/24/1932 0:00:00,5,false,181089491,$181.09M,12757,52,7,59
20861,P & G MEHOOPANY EMPLOYEES,PO Box 210,Tunkhannock,PA,18657,1972,1/1/1972 0:00:00,5,false,180921872,$180.92M,16490,35,0,35
66633,MEMBERS' ADVANTAGE,PO Box 1208,Wisconsin Rapid,WI,54495-1208,1935,9/9/1935 0:00:00,5,false,180886408,$180.89M,11316,26,8,34
65398,FIRST NEBRASKA,10655 BEDFORD AVE,OMAHA,NE,68134,1964,1/1/1964 0:00:00,5,false,180772026,$180.77M,16706,44,12,56
68596,FIRST TRUST,950 E US Highway 20,Michigan City,IN,46360-7470,1959,12/31/1959 0:00:00,5,false,180609674,$180.61M,14743,34,3,37
8936,SEBASTICOOK VALLEY,POB 10,PITTSFIELD,ME,04967,1953,10/12/1953 0:00:00,5,false,180479466,$180.48M,12123,26,2,28
68586,HERITAGE SOUTH,P.O. BOX 128,SYLACAUGA,AL,35150,1937,1/1/1937 0:00:00,5,false,180161201,$180.16M,15544,58,6,64
67789,EMPLOYEE RESOURCES,P O BOX 987,LAWRENCEBURG,TN,38464-4455,1964,12/23/1991 0:00:00,5,false,179975933,$179.98M,24300,54,3,57
60735,MID CAROLINA,PO Box 549,Lugoff,SC,29078,1961,1/1/1961 0:00:00,5,false,179933447,$179.93M,14088,47,2,49
24673,FIRST,1035 N Center Point Rd,Hiawatha,IA,52233,1926,6/5/2002 0:00:00,5,false,179851146,$179.85M,10369,24,2,26
24495,APPALACHIAN COMMUNITY,201 E New St,Kingsport,TN,37660-4334,1993,12/28/1993 0:00:00,5,false,179494598,$179.49M,12383,50,1,51
64029,SANTA CRUZ COMMUNITY,55 River St,Santa Cruz,CA,95060-4568,1977,3/28/1977 0:00:00,5,false,179229445,$179.23M,14439,47,1,48
3306,SJP,341 Englewood Ave,Buffalo,NY,14223-2819,1939,1/1/1939 0:00:00,5,false,179047238,$179.05M,7282,15,0,15
61734,RIO GRANDE VALLEY CREDIT UNION,1221 Morgan Blvd,Harlingen,TX,78550-5154,1954,1/1/1954 0:00:00,5,false,178436884,$178.44M,17583,44,3,47
65503,MUNICIPAL EMPS CU OF OKLAHOMA CITY,101 N WALKER,OKLAHOMA CITY,OK,73102,1934,1/1/1934 0:00:00,5,false,178297053,$178.30M,9766,37,6,43
68046,NAVEO,493 SOMERVILLE AVE,SOMERVILLE,MA,02143,1928,3/2/1928 0:00:00,5,false,178223673,$178.22M,6872,31,2,33
17389,ALLEGIUS,244 Allegius Dr,Burns Harbor,IN,46304,1966,4/15/1966 0:00:00,5,false,177758096,$177.76M,11424,41,2,43
67644,FIRST CENTRAL,PO Box 21809,Waco,TX,76702,1937,10/5/1937 0:00:00,5,false,177518420,$177.52M,20461,58,13,71
61604,LIBERTYONE,2221 E Lamar Blvd Ste 110,Arlington,TX,76006,1935,1/1/1935 0:00:00,5,false,177414889,$177.41M,9340,22,1,23
14775,FRICK FINANCIAL,235 Pittsburgh St,Uniontown,PA,15401-2751,1962,1/1/1962 0:00:00,5,false,177379009,$177.38M,10400,27,1,28
4633,CAMINO,PO BOX 849,MONTEBELLO,CA,90640,1941,1/1/1941 0:00:00,5,true,177364967,$177.36M,12581,35,0,35
6986,NORTHERN HILLS,PO BOX 759,STURGIS,SD,57785,1950,1/1/1950 0:00:00,5,false,177352134,$177.35M,12038,38,1,39
3711,OMEGA,10455 Perry Hwy,Wexford,PA,15090-9204,1940,1/1/1940 0:00:00,5,false,177241205,$177.24M,15722,32,6,38
66788,SAN JOAQUIN POWER EMPLOYEES,PO BOX 16039,FRESNO,CA,93755,1934,12/17/1934 0:00:00,5,false,177123810,$177.12M,6556,6,0,6
62756,SOUTHWEST LOUISIANA,2255 E McNeese St,Lake Charles,LA,70607,1952,9/29/1952 0:00:00,5,false,177120456,$177.12M,19167,66,3,69
1888,ASPIRE COMMUNITY,PO BOX 3160,MINOT,ND,58701-5933,1937,1/1/1937 0:00:00,5,false,176622711,$176.62M,6340,22,0,22
24187,ARIZE,1145 Benner Pike,State College,PA,16801,1978,3/28/1985 0:00:00,5,false,176617824,$176.62M,11841,35,0,35
21012,FIRST CHOICE FINANCIAL,PO Box 232,Gloversville,NY,12078,1972,6/9/1972 0:00:00,5,false,176597458,$176.60M,13279,26,9,35
64168,HEARTLAND,5500 S Robert Trl,Inver Grove Hei,MN,55077,1939,1/1/1939 0:00:00,5,false,176580196,$176.58M,10902,30,3,33
162,TREASURY DEPARTMENT,PO BOX 27301,WASHINGTON,DC,20038,1935,1/1/1935 0:00:00,5,false,176444163,$176.44M,11758,33,0,33
22280,POLISH-AMERICAN,2889 E Maple Rd,Troy,MI,48083,1976,2/3/1976 0:00:00,5,false,176062938,$176.06M,7353,22,3,25
62323,E-CENTRAL,990 S FAIR OAKS AVE,PASADENA,CA,91105,1943,1/1/1943 0:00:00,5,false,175554987,$175.55M,9102,31,0,31
9219,TRAILNORTH,1172 NYS Route 9N,Ticonderoga,NY,12883-3106,1954,1/1/1954 0:00:00,5,false,175549643,$175.55M,11062,38,0,38
61933,COMPASS COMMUNITY,PO Box 1268,Eureka,CA,95502,1951,1/1/1951 0:00:00,5,false,175373846,$175.37M,6253,19,2,21
7129,CHEMCEL,5740 COUNTY ROAD 4,BISHOP,TX,78343,1951,1/1/1951 0:00:00,5,false,175220490,$175.22M,9348,35,2,37
22241,LONG REACH,315 Main St,Middlebourne,WV,26149-9602,1975,1/8/1976 0:00:00,5,false,175120282,$175.12M,10668,35,0,35
8080,MAC,541 10th Ave,Fairbanks,AK,99701,1952,1/1/1952 0:00:00,5,false,174984984,$174.98M,18223,63,5,68
62847,NORTHWOODS,1702 Avenue B,Cloquet,MN,55720,1936,1/1/1936 0:00:00,5,false,174878041,$174.88M,11903,53,2,55
63199,LINCOLN COUNTY,PO Box 1586,Libby,MT,59923,1957,1/1/1957 0:00:00,5,false,174865767,$174.87M,5692,12,1,13
16401,POLICE,9100 PRESIDENTIAL PARKWAY,UPPER MARLBORO,MD,20772,1935,1/1/1964 0:00:00,5,false,174428963,$174.43M,13939,38,2,40
854,ELLAFI,524 South Main Street,Middletown,CT,06457,1935,1/1/1935 0:00:00,5,false,174329284,$174.33M,11761,41,2,43
20007,HEALTH ADVANTAGE,PO BOX 6160,SAGINAW,MI,48608,1970,3/3/1970 0:00:00,5,false,174043653,$174.04M,10839,34,8,42
224,MAGNOLIA,240 Briarwood Dr,Jackson,MS,39206,1935,1/1/1935 0:00:00,5,false,173872773,$173.87M,21438,57,0,57
24797,GATEWAY METRO,1001 Pine St,Saint Louis,MO,63101,1935,1/1/1935 0:00:00,5,false,173455630,$173.46M,9775,59,0,59
68057,HOMEFIELD,86 WORCESTER ST,NORTH GRAFTON,MA,01536-1020,1966,5/19/1966 0:00:00,5,false,173313547,$173.31M,7080,29,1,30
1021,FIRST FINANCIAL,391 US Highway 9,Freehold,NJ,07728-8562,1936,1/1/1936 0:00:00,5,false,173147088,$173.15M,15028,49,3,52
66840,CODE,355 W Monument Ave,Dayton,OH,45402,1940,4/29/1940 0:00:00,5,false,172393885,$172.39M,13100,26,2,28
7825,EXCEL,5070 Peachtree Industrial Blvd,Norcross,GA,30071-1587,1952,1/1/1952 0:00:00,5,false,172213959,$172.21M,11370,34,1,35
10585,LINCONE,PO BOX 30659,LINCOLN,NE,68503-0659,1955,1/1/1955 0:00:00,5,false,171948083,$171.95M,17631,44,0,44
10880,PINELLAS,350 E Bay Drive,Largo,FL,33770,1956,1/1/1956 0:00:00,5,false,171004881,$171.00M,11065,25,0,25
60435,CENTURY,1540 LEMAY FERRY RD,SAINT LOUIS,MO,63125-2405,1954,1/1/1954 0:00:00,5,false,170702518,$170.70M,9321,23,11,34
61336,COMMUNITY,20 1ST ST N,NEW ROCKFORD,ND,58356-2201,1942,1/1/1942 0:00:00,5,false,170526788,$170.53M,4145,11,0,11
3574,VALLEY ISLE COMMUNITY,160 Paahana St,Kahului,HI,96732,1940,1/1/1940 0:00:00,5,true,170499179,$170.50M,13051,25,0,25
21009,PRINCETON,"600 ALEXANDER PARK, SUITE 203",PRINCETON,NJ,08540,1972,6/1/1972 0:00:00,5,false,170435661,$170.44M,8730,28,4,32
24482,SOUTH METRO,2573 CREDIT UNION DR,PRIOR LAKE,MN,55372,1993,8/26/1993 0:00:00,5,false,170334144,$170.33M,4913,38,1,39
11520,ASCENT,4140 HARRISON BLVD,OGDEN,UT,84403,1957,1/1/1957 0:00:00,5,false,169807934,$169.81M,9265,42,5,47
60466,ASSOCIATED HEALTHCARE,6789 Upper Afton Rd,Woodbury,MN,55125,1953,1/1/1953 0:00:00,5,false,169673651,$169.67M,12420,24,0,24
14135,DIAMOND VALLEY,1334 N Cullen Avenue,Evansville,IN,47715,1961,1/26/1961 0:00:00,5,false,169364751,$169.36M,22264,41,1,42
68739,44 NORTH,PO BOX 265,LEBANON,OR,97355,1956,1/1/1956 0:00:00,5,false,169145948,$169.15M,10538,38,0,38
4400,GREENVILLE HERITAGE,PO Box 2564,Greenville,SC,29602,1941,1/1/1941 0:00:00,5,false,168712296,$168.71M,11536,34,1,35
10973,UFCW COMMUNITY,PO Box 4258,Wyoming,PA,18644,1956,1/1/1956 0:00:00,5,false,168663384,$168.66M,15971,45,2,47
60345,JOHNSONVILLE TVA EMPLOYEES,209 HIGHWAY 641 N,CAMDEN,TN,38320,1952,1/1/1952 0:00:00,5,false,168144840,$168.14M,10523,35,0,35
65238,CENT,25 W State ST,Mason City,IA,50401-3219,1965,1/1/1965 0:00:00,5,false,167752254,$167.75M,11517,34,0,34
12219,USSCO JOHNSTOWN,532 OAKRIDGE DR,JOHNSTOWN,PA,15904,1958,1/1/1958 0:00:00,5,false,167662304,$167.66M,14149,31,4,35
15467,KELLY COMMUNITY,2105 W Grande Blvd. Bldg B,Tyler,TX,75703,1963,1/1/1963 0:00:00,5,false,167649004,$167.65M,10406,43,0,43
16476,NUVISTA,PO BOX 1085,Montrose,CO,81402,1964,1/1/1964 0:00:00,5,false,167361969,$167.36M,7136,23,8,31
21658,GENESEE VALLEY,4621 MILLENNIUM DR,GENESEO,NY,14454,1974,5/20/1974 0:00:00,5,false,167309021,$167.31M,9596,27,3,30
14542,VIDA,PO Box 1697,Ontario,CA,91762,1961,1/1/1961 0:00:00,5,true,167116177,$167.12M,10101,33,1,34
68687,ROCK VALLEY,1201 Clifford Ave,Loves Park,IL,61111,1968,6/13/1968 0:00:00,5,false,167097051,$167.10M,15654,48,7,55
66437,WINNEBAGO COMMUNITY,567 E Snell Rd,Oshkosh,WI,54901,1954,6/3/1954 0:00:00,5,false,166990101,$166.99M,7212,22,12,34
21694,ULSTER,PO Box 2310,Kingston,NY,12402,1974,6/10/1974 0:00:00,5,false,166837075,$166.84M,7056,32,0,32
10283,THE FOCUS,420 NE 10TH ST,OKLAHOMA CITY,OK,73104,1955,1/1/1955 0:00:00,5,false,166764539,$166.76M,12515,49,0,49
67431,CALHOUN LIBERTY,16076 State Road 71 S,Blountstown,FL,32424-5100,1991,4/3/1991 0:00:00,5,false,166656500,$166.66M,9181,38,1,39
66733,NEW BEDFORD,1150 Purchase Street,New Bedford,MA,02740,1932,10/18/1932 0:00:00,5,false,166437666,$166.44M,10692,36,8,44
23283,ALTERNATIVES,125 N Fulton Street,Ithaca,NY,14850-3301,1978,1/12/1979 0:00:00,5,false,166425790,$166.43M,12792,56,2,58
19655,PRIORITY FIRST,364 MIDWAY DR,DU BOIS,PA,15801,1969,1/1/1969 0:00:00,5,false,165854101,$165.85M,16709,38,6,44
13944,RIEGEL,515 Milford Warren Glen Rd,Milford,NJ,08848-1881,1960,1/1/1960 0:00:00,5,false,164751303,$164.75M,8233,27,8,35
24902,HERCULES FIRST,3141 W 4700 S,SALT LAKE CITY,UT,84129-2525,1973,1/1/1973 0:00:00,5,false,164491032,$164.49M,8707,24,1,25
60189,CORNERSTONE,550 W Meadows Dr,Freeport,IL,61032-7610,1939,1/1/1939 0:00:00,5,false,164477558,$164.48M,12137,36,2,38
67747,SCENIC COMMUNITY,4503 Hixson Pike,Hixson,TN,37343,1954,1/1/1954 0:00:00,5,false,164164091,$164.16M,14689,52,2,54
404,EPIC,PO Box 6708,Metairie,LA,70009,1935,1/1/1935 0:00:00,5,false,163764311,$163.76M,14050,55,1,56
68737,SPACE AGE,"3033 S. Parker Rd., Tower 1, Suite",Aurora,CO,80014,1952,1/1/1952 0:00:00,5,false,163713191,$163.71M,14059,30,1,31
11154,BLUE COAST,1825 S. Jefferson St.,Perry,FL,32348,1956,1/1/1956 0:00:00,5,false,163524790,$163.52M,11224,34,5,39
61189,ARRHA,145 Industry Avenue,Springfield,MA,01104,1929,1/1/1929 0:00:00,5,false,163197118,$163.20M,9851,28,5,33
97102,LATAH,PO BOX 9286,MOSCOW,ID,83843,1969,1/1/1969 0:00:00,5,false,162980992,$162.98M,8157,24,0,24
62203,WOLVERINE STATE,1381 N Bagley St,Alpena,MI,49707-7941,1966,1/1/1966 0:00:00,5,false,162959624,$162.96M,9681,43,4,47
20053,MOUNTAIN LAUREL,"413 S MICHAEL ST, PO BOX 193",SAINT MARYS,PA,15857,1970,1/1/1970 0:00:00,5,false,162870325,$162.87M,18035,29,10,39
61633,FAMILY FINANCIAL,3575 Henry St,Norton Shores,MI,49441,1959,1/1/1959 0:00:00,5,false,162679090,$162.68M,16695,37,13,50
16113,HERITAGE GROVE,PO Box 2227,Salem,OR,97309,1964,3/4/1964 0:00:00,5,false,162643179,$162.64M,8531,31,0,31
473,RIVERTRUST,PO BOX 97997,PEARL,MS,39288,1935,1/1/1935 0:00:00,5,false,162523214,$162.52M,7593,14,1,15
67444,PRIORITY ONE CREDIT UNION,3000 N University Dr,Sunrise,FL,33322-1611,1991,4/4/1991 0:00:00,5,false,162522654,$162.52M,9645,36,3,39
13271,JEFFERSON PARISH EMPLOYEES,"1221 ELMWOOD PARK BLVD, ROOM 207",HARAHAN,LA,70123,1959,1/1/1959 0:00:00,5,false,162443068,$162.44M,14089,55,4,59
95802,TRUPARTNER,1717 WESTERN AVE,CINCINNATI,OH,45214,0,4/30/1937 0:00:00,5,false,162147101,$162.15M,14240,49,3,52
62066,HARBORLIGHT,2151 COGSWELL DR,WHITEHALL,MI,49461,1954,1/1/1954 0:00:00,5,false,162059710,$162.06M,11556,40,0,40
18800,GREATER WOODLAWN,3811 LAKE SHORE RD,BLASDELL,NY,14219,1968,1/1/1968 0:00:00,5,false,161677807,$161.68M,12593,14,2,16
63124,1ST GATEWAY,Po Box 110,Camanche,IA,52730,1953,1/1/1953 0:00:00,5,false,161614272,$161.61M,10479,44,3,47
67974,COMMUNITY SERVICE,250 FM 2821 Rd W,Huntsville,TX,77320-8422,1954,4/6/1954 0:00:00,5,false,161539616,$161.54M,11227,34,0,34
511,BFG,445 SOUTH MAIN ST,AKRON,OH,44311-1056,1935,8/9/1935 0:00:00,5,false,161377346,$161.38M,20456,26,1,27
66449,PRIME FINANCIAL,5656 S Packard Avenue,Cudahy,WI,53110-2657,1923,10/3/1923 0:00:00,5,false,160538063,$160.54M,16329,59,4,63
17224,ASPEN,4956 5th st.,Rapid City,SD,57701,1966,1/1/1966 0:00:00,5,false,160421386,$160.42M,7795,26,1,27
12330,WYMAR,PO BOX 457,GEISMAR,LA,70734,1958,1/1/1958 0:00:00,5,false,160245307,$160.25M,5141,17,0,17
67181,FOOTHILLS,3550 Clear Creek Dr,Wheat Ridge,CO,80401,1946,9/3/1987 0:00:00,5,false,160227988,$160.23M,11298,33,3,36
13131,MISSION CITY,1391 Franklin St,Santa Clara,CA,95050-4710,1959,1/1/1959 0:00:00,5,false,159766368,$159.77M,4431,17,0,17
24443,PIONEER VALLEY,246 Brookdale Dr,Springfield,MA,01104,1923,5/19/1992 0:00:00,5,false,159555515,$159.56M,11491,29,3,32
15307,HOPEWELL,PO Box 2157,Heath,OH,43056,1962,11/9/1962 0:00:00,5,false,159394422,$159.39M,9027,25,12,37
24920,BEST REWARD,5681 Smith Rd,Brook Park,OH,44142,1949,11/9/1949 0:00:00,5,false,159301750,$159.30M,10426,21,1,22
1558,KERR COUNTY,500 Main St,Kerrville,TX,78028-5380,1936,1/1/1936 0:00:00,5,false,158727015,$158.73M,13781,47,1,48
62638,NORTH STAR COMMUNITY,PO BOX 556,Cherokee,IA,51012,1972,1/1/1972 0:00:00,5,false,158615107,$158.62M,12298,32,3,35
63262,HELLO,P O Box 2239,Panama City,FL,32402,1952,1/1/1952 0:00:00,5,false,158610321,$158.61M,11126,38,2,40
9107,SOUTHERN CHAUTAUQUA,168 E Fairmount Ave,Lakewood,NY,14750,1954,1/5/1954 0:00:00,5,false,158486681,$158.49M,20766,69,4,73
66439,SENTRY,1800 N Point Dr,Stevens Point,WI,54481-1253,1935,4/3/1935 0:00:00,5,false,158409805,$158.41M,7127,16,2,18
67017,N.E.W.,301 Jackson St.,Oconto Falls,WI,54154-1120,1962,7/27/1962 0:00:00,5,false,158262300,$158.26M,12187,40,6,46
60377,MINNESOTA POWER EMPLOYEES,30 W SUPERIOR ST STE 126,DULUTH,MN,55802-2191,1933,1/1/1933 0:00:00,5,false,158153914,$158.15M,4952,18,2,20
63859,GREEN MOUNTAIN,1250 Shelburne Rd,South Burlingto,VT,05403-7783,1959,7/23/1959 0:00:00,5,false,158148333,$158.15M,9977,35,2,37
63218,TELCO TRIAD COMMUNITY,3098 Floyd Blvd,Sioux City,IA,51108,1945,1/1/1945 0:00:00,5,false,157995017,$158.00M,15969,46,7,53
22167,TONAWANDA VALLEY,P O Box 398,Batavia,NY,14021-0398,1975,10/17/1975 0:00:00,5,false,157879064,$157.88M,13021,35,0,35
1309,CROSSPOINT,105 Sanford St,Hamden,CT,06514,1936,1/1/1936 0:00:00,5,false,157836415,$157.84M,10260,28,4,32
12082,RED RIVER,PO Box 638,Altus,OK,73522,1957,1/1/1957 0:00:00,5,false,157132096,$157.13M,9151,32,2,34
911,STAR USA,1 Cantley Dr,Charleston,WV,25314-1089,1936,1/9/1936 0:00:00,5,false,156966928,$156.97M,14351,35,5,40
12543,TORRANCE COMMUNITY,P.O. BOX 4327,TORRANCE,CA,90510-4327,1958,1/1/1958 0:00:00,5,false,156963362,$156.96M,8032,17,2,19
10395,KINGS,1415 W Lacey Blvd,Hanford,CA,93230,1955,6/28/1955 0:00:00,5,false,156920781,$156.92M,9550,18,0,18
7717,INNER LAKES,19-21 E MAIN ST,WESTFIELD,NY,14787-1319,1952,1/1/1952 0:00:00,5,false,156900943,$156.90M,10462,27,1,28
64110,ARAPAHOE,7201 S Broadway,Littleton,CO,80122,1938,5/26/1938 0:00:00,5,false,155888734,$155.89M,9952,33,0,33
10706,COMMUNITIES OF ABILENE,3661 N 6th St,Abilene,TX,79603,1955,1/1/1955 0:00:00,5,false,155795557,$155.80M,11192,34,2,36
62219,H.P.C.,1234 W CHISHOLM ST,ALPENA,MI,49707,1950,1/1/1950 0:00:00,5,false,155775976,$155.78M,7554,25,4,29
62783,ARTESIA,PO Box 406,Artesia,NM,88210,1955,1/1/1955 0:00:00,5,false,155684226,$155.68M,9762,19,0,19
67076,UTAH HERITAGE,PO Box 50,Moroni,UT,84646,1969,1/1/1969 0:00:00,5,false,155476594,$155.48M,8866,20,7,27
3800,GEORGIA HERITAGE,P O BOX 1920,SAVANNAH,GA,31402,1940,1/1/1940 0:00:00,5,false,155456488,$155.46M,15226,44,0,44
17107,UKRAINIAN NATIONAL,"PO BOX 160, COOPER STATION",NEW YORK,NY,10276,1965,11/22/1965 0:00:00,5,false,155315400,$155.32M,6601,24,8,32
19853,ADVANZ,P.O. Box 22289,Louisville,KY,40252-0289,1969,1/1/1969 0:00:00,5,false,154084094,$154.08M,9465,37,2,39
95107,OHIO EDUCATIONAL,P.O. Box 93079,Cleveland,OH,44101-5079,1900,11/30/1932 0:00:00,5,false,153866208,$153.87M,15033,41,0,41
8445,JACKSON AREA,PO Box 1403,Jackson,MS,39215,1953,1/1/1953 0:00:00,5,true,153702442,$153.70M,15543,30,3,33
42,FD COMMUNITY,601 Watertown Ave,Waterbury,CT,06708,1934,1/1/1934 0:00:00,5,false,153412037,$153.41M,13873,26,2,28
14584,LAKEVIEW,P O Box 2609,Ashtabula,OH,44005-2609,1961,9/6/1961 0:00:00,5,false,153146824,$153.15M,8209,22,0,22
95052,SOUTH BAY,312 N Pacific Coast Hwy,Redondo Beach,CA,90277-2837,1953,1/1/1953 0:00:00,5,false,153120332,$153.12M,9788,26,0,26
644,TRAILHEAD,PO BOX 2788,PORTLAND,OR,97208-2788,1935,1/1/1935 0:00:00,5,false,152610336,$152.61M,8603,34,1,35
14369,THE DISTRICT,751 Chambers Road,Aurora,CO,80011-7151,1961,5/18/1961 0:00:00,5,false,152607242,$152.61M,6124,23,3,26
68253,MOUNTAINCREST,3710 168TH ST NE STE A108,Arlington,WA,98223-8462,1934,7/12/1934 0:00:00,5,false,152237576,$152.24M,10439,24,0,24
5928,WAYNE-WESTLAND,500 S Wayne Rd,Westland,MI,48186-4361,1948,12/10/1948 0:00:00,5,false,152082089,$152.08M,10855,33,1,34
67725,FIRST CHOICE,1055 S CONGRESS AVE,WEST PALM BEACH,FL,33406-5195,1929,10/24/1991 0:00:00,5,false,151971418,$151.97M,8409,27,1,28
60207,HARBOR POINTE,"11 W 2ND ST, PO BOX 161558",DULUTH,MN,55816,1933,1/1/1933 0:00:00,5,false,151171913,$151.17M,8036,26,3,29
15143,CHOCOLATE BAYOU COMMUNITY,P.O. Box 1694,Alvin,TX,77512-1694,1962,1/1/1962 0:00:00,5,false,151139939,$151.14M,11732,47,2,49
16213,FINANCIAL BUILDERS,2828 S LAFOUNTAIN ST,KOKOMO,IN,46902-3706,1964,4/20/1964 0:00:00,5,false,150520424,$150.52M,10297,25,0,25
13439,NOVA UA,851 ALLWOOD RD,CLIFTON,NJ,07012,1960,1/1/1960 0:00:00,5,false,150270122,$150.27M,3737,14,2,16
68524,FIRST COAST COMMUNITY,306 S Palm Ave,Palatka,FL,32177,1948,1/1/1948 0:00:00,5,false,149676226,$149.68M,11834,32,2,34
62829,AFFINITY,475 NW Hoffman Ln,Des Moines,IA,50313-2261,1949,1/1/1949 0:00:00,5,false,148838879,$148.84M,12629,37,0,37
10994,NAFT,PO Box 771,Pharr,TX,78577,1956,1/1/1956 0:00:00,5,true,148392006,$148.39M,12025,31,6,37
96672,BUCKEYE STATE,197 E. Thornton St.,Akron,OH,44311,0,12/30/1899 0:00:00,5,false,148108610,$148.11M,16307,61,1,62
64834,CALIFORNIA LITHUANIAN,2806 Santa Monica Blvd.,Santa Monica,CA,90404,1969,1/1/1969 0:00:00,5,false,148102561,$148.10M,1885,9,0,9
24199,COMMUNITY FIRST,9637 N GREENVILLE,LAKEVIEW,MI,48850,1985,6/27/1985 0:00:00,5,false,147995052,$148.00M,13573,58,9,67
11304,ARC,1919 7th Ave,Altoona,PA,16602-2237,1956,1/1/1956 0:00:00,5,false,147914148,$147.91M,14438,30,1,31
15539,TOWN OF HEMPSTEAD EMPLOYEES,1830 GRAND AVE,NORTH BALDWIN,NY,11510,1963,1/1/1963 0:00:00,5,false,147855862,$147.86M,9632,14,2,16
926,RIVER CITY,PO Box 681029,San Antonio,TX,78268,1936,1/1/1936 0:00:00,5,true,147834406,$147.83M,13136,48,7,55
7925,GREAT ERIE,4000 N BUFFALO ST,ORCHARD PARK,NY,14127,1952,1/1/1952 0:00:00,5,false,147697261,$147.70M,9496,26,2,28
24501,WAVE,480 GREENWICH AVE,WARWICK,RI,02886-1606,1938,3/18/1994 0:00:00,5,false,147611559,$147.61M,6886,20,3,23
14388,HARTFORD,964 Asylum Ave,Hartford,CT,06105,1961,1/1/1961 0:00:00,5,false,147551601,$147.55M,16339,37,1,38
10687,HORIZON,2849 Reach Rd,Williamsport,PA,17701,1955,1/1/1955 0:00:00,5,false,147495874,$147.50M,14910,67,7,74
9810,FIDELIS CATHOLIC,6320 Wadsworth Blvd,Arvada,CO,80003-4838,1954,10/1/1954 0:00:00,5,false,147265870,$147.27M,4619,22,5,27
3218,TULARE COUNTY,300 N. K Street,Tulare,CA,93274,1939,1/1/1939 0:00:00,5,true,147128430,$147.13M,10956,33,2,35
67371,CORE,P.O. Box 1987,Statesboro,GA,30459-1987,1991,3/13/1991 0:00:00,5,false,146967374,$146.97M,15599,41,6,47
68447,"EDUCATION FIRST CREDIT UNION, INC.",510 E. Mound St.,Columbus,OH,43215,1936,9/15/2000 0:00:00,5,false,146899802,$146.90M,12217,33,6,39
4963,DEPT OF LABOR,"200 CONSTITUTION AVE NW, ROOM S-322",WASHINGTON,DC,20210,1935,1/1/1942 0:00:00,5,true,146557520,$146.56M,8528,44,1,45
65208,NATCO,P O BOX 817,RICHMOND,IN,47375-0817,1945,1/1/1945 0:00:00,5,false,146297443,$146.30M,17518,72,3,75
24110,SAN DIEGO FIREFIGHTERS,4926 La Cuenta Drive,San Diego,CA,92124-2609,1984,4/23/1984 0:00:00,5,false,146287126,$146.29M,3519,15,0,15
66447,SHORELINE,PO Box 27,Two Rivers,WI,54241,1941,3/5/1941 0:00:00,5,false,146030178,$146.03M,7917,35,3,38
23017,XPLORE,5500 Veterans Memorial Blvd Ste 100,Metairie,LA,70003-1746,1978,3/23/1978 0:00:00,5,false,146027687,$146.03M,7877,41,1,42
60947,CONSUMERS PROFESSIONAL,525 W WILLOW ST,LANSING,MI,48906-4745,1953,1/1/1953 0:00:00,5,false,146023920,$146.02M,7205,23,14,37
68698,GO ENERGY FINANCIAL,2100 E EXCHANGE PLACE STE 101,TUCKER,GA,30084-5313,1969,1/1/1969 0:00:00,5,false,145549203,$145.55M,11284,33,0,33
11057,FIRST FAMILY,PO BOX 170,Henryetta,OK,74437,1956,1/1/1956 0:00:00,5,false,145462519,$145.46M,18803,71,8,79
61682,SISKIYOU,P O Box 1125,Yreka,CA,96097-1125,1962,1/1/1962 0:00:00,5,false,145216553,$145.22M,11371,32,5,37
67146,NEBO,730 East 300 South,Springville,UT,84663,1956,1/1/1956 0:00:00,5,false,144883462,$144.88M,12976,32,8,40
13737,ARKANSAS BEST,PO BOX 17020,FORT SMITH,AR,72917,1960,1/1/1960 0:00:00,5,false,144655311,$144.66M,11693,29,1,30
365,GP,906 N Broad St SE,Rome,GA,30161-5231,1935,1/1/1935 0:00:00,5,false,144578826,$144.58M,9575,23,0,23
11067,4U,1312 Lawrence St,Gainesville,TX,76240,1956,1/1/1956 0:00:00,5,false,144547211,$144.55M,8309,33,0,33
23709,JM ASSOCIATES,9987 Pritchard Rd,Jacksonville,FL,32219-2894,1980,10/21/1980 0:00:00,5,false,144062097,$144.06M,8808,29,0,29
6679,ACT 1ST,"1313 National Highway, STE 7, PMB 3",LaVale,MD,21502,1950,1/1/1950 0:00:00,5,false,143813817,$143.81M,11945,42,0,42
21927,OSWEGO COUNTY,P.O. BOX 310,OSWEGO,NY,13126,1975,2/20/1975 0:00:00,5,false,143120781,$143.12M,13591,53,1,54
15185,COMMUNITY POWERED,1758 PULASKI HIGHWAY,BEAR,DE,19701,1962,8/29/1962 0:00:00,5,false,142780070,$142.78M,11302,23,3,26
5660,IRON MOUNTAIN KINGSFORD COMMUNITY,POB 2247,KINGSFORD,MI,49802,1948,2/25/1948 0:00:00,5,false,142759879,$142.76M,10184,28,5,33
17362,LINCOLN MAINE,"171 W BROADWAY, PO BOX220",LINCOLN,ME,04457,1966,1/1/1966 0:00:00,5,false,142615845,$142.62M,6751,16,4,20
18550,R T P,P O Box 12807,RTP,NC,27709,1968,1/1/1968 0:00:00,5,false,142576208,$142.58M,9597,30,1,31
60928,KIMBERLY CLARK,1520 N 2ND ST,MEMPHIS,TN,38107-1004,1971,1/1/1971 0:00:00,5,false,142562138,$142.56M,8317,23,1,24
15159,FRANKLIN-SOMERSET,114 E MADISON RD,MADISON,ME,04950-3027,1962,1/1/1962 0:00:00,5,false,142224061,$142.22M,10156,33,1,34
7101,CHENEY,PO BOX 160,CHENEY,WA,99004-0160,1951,1/1/1951 0:00:00,5,false,142064413,$142.06M,6428,18,0,18
11962,R G,421 REMINGTON PLAZA CT,RAYMORE,MO,64083,1957,9/12/1957 0:00:00,5,false,141767817,$141.77M,7937,36,2,38
62027,BEST FINANCIAL,1888 E SHERMAN,MUSKEGON,MI,49444,1955,1/1/1955 0:00:00,5,false,141760783,$141.76M,13754,43,2,45
68328,WCLA,PO Box 207,Olympia,WA,98507,1984,12/11/1984 0:00:00,5,false,141672496,$141.67M,1386,10,0,10
2209,BUFFALO METROPOLITAN,62 S ELMWOOD AVE,BUFFALO,NY,14202-2609,1937,6/3/1937 0:00:00,5,false,141672017,$141.67M,15465,43,5,48
11254,CELCO COMMUNITY,"3381 VIRGINIA AVE, PO BOX 361",NARROWS,VA,24124,1956,1/1/1956 0:00:00,5,false,141506700,$141.51M,7297,21,1,22
13649,IRONWORKERS USA,11620 NE Ainsworth Cir,Portland,OR,97220,1960,1/1/1960 0:00:00,5,false,141167360,$141.17M,17502,25,2,27
66867,LEADING EDGE,P.O. Box 307,Worthington,MN,56187,1986,7/21/1986 0:00:00,5,false,141128087,$141.13M,11617,43,1,44
17999,TRIUS,3811 29th Ave Suite 1,Kearney,NE,68845,1967,1/1/1967 0:00:00,5,false,140334932,$140.33M,19936,56,6,62
24668,CENTURYFIRST,3318 HARDY ST,HATTIESBURG,MS,39401-6962,1956,1/1/1956 0:00:00,5,false,140194526,$140.19M,16306,49,3,52
11099,EAST COUNTY SCHOOLS,1069 GRAVES AVE STE 100,EL CAJON,CA,92021-4573,1956,1/1/1956 0:00:00,5,false,140104594,$140.10M,4710,17,2,19
2562,MAUI,107 E WAKEA AVE,KAHULUI,HI,96732,1938,1/28/1938 0:00:00,5,true,140035009,$140.04M,7302,17,2,19
13791,DELAWARE STATE POLICE,700 N Bedford St,Georgetown,DE,19947,1960,6/13/1960 0:00:00,5,false,139885597,$139.89M,8750,22,2,24
4731,METROWEST COMMUNITY,200 CONCORD ST,FRAMINGHAM,MA,01701,1941,1/1/1941 0:00:00,5,false,139855560,$139.86M,7000,12,1,13
6722,GROVE CITY AREA,1600 S CENTER STREET EXT,GROVE CITY,PA,16127,1950,1/1/1950 0:00:00,5,false,139754766,$139.75M,9537,23,0,23
66351,TELCO PLUS,PO BOX 3099,LONGVIEW,TX,75606,1951,6/26/1951 0:00:00,5,false,139620708,$139.62M,9270,48,4,52
24965,TENDTO,1129 State Street,Erie,PA,16501,1976,1/1/1976 0:00:00,5,false,139591786,$139.59M,11756,32,0,32
67452,TEXAS HEALTH,4800 GROVER AVE,AUSTIN,TX,78756,1956,8/2/1956 0:00:00,5,false,139296224,$139.30M,4849,18,1,19
65412,1ST ED CREDIT UNION,1156 Kennebec Dr,Chambersburg,PA,17201,1938,1/1/1938 0:00:00,5,false,139051370,$139.05M,7053,27,1,28
13794,MEDINA COUNTY,PO Box 1010,Wadsworth,OH,44282,1960,6/14/1960 0:00:00,5,false,139051046,$139.05M,10065,20,5,25
1784,HAWAII COUNTY EMPLOYEES,131 Puuhonu Way,Hilo,HI,96720,1936,1/1/1936 0:00:00,5,true,138502678,$138.50M,5908,17,0,17
10164,HEART OF LOUISIANA,P O BOX 4030,PINEVILLE,LA,71360,1955,1/1/1955 0:00:00,5,false,138296269,$138.30M,16391,42,0,42
24952,MEMBERS EXCHANGE,P O Box 31049,Jackson,MS,39286-1049,1954,1/1/1954 0:00:00,5,true,138243958,$138.24M,12070,42,0,42
6627,SYRACUSE FIRE DEPARTMENT EMPLOYEES,211 WILKINSON ST,SYRACUSE,NY,13204,1950,1/1/1950 0:00:00,5,false,137978235,$137.98M,6690,15,2,17
67337,FLORIDA WEST COAST,1225 MILLENNIUM PARKWAY,BRANDON,FL,33511,1991,2/25/1991 0:00:00,5,false,137915108,$137.92M,11139,28,3,31
14074,CITYMARK,225 S River St,Plains,PA,18705,1960,1/1/1960 0:00:00,5,false,137903388,$137.90M,7720,21,2,23
9003,MARKET USA,"8871 GORMAN RD, STE 100",LAUREL,MD,20723-5877,1953,1/1/1953 0:00:00,5,false,137883533,$137.88M,20073,39,0,39
2141,CAMPBELL,494 Route 38 E,Maple Shade,NJ,08052-2036,1937,1/1/1937 0:00:00,5,false,137875826,$137.88M,10781,21,3,24
24484,UPSTATE,123 Broadbent Way,Anderson,SC,29625,1965,10/13/1993 0:00:00,5,false,137686825,$137.69M,17175,58,9,67
60500,NORTH ALABAMA EDUCATORS,PO BOX 128,HUNTSVILLE,AL,35804,1957,1/1/1957 0:00:00,5,false,137611814,$137.61M,10851,30,5,35
67147,PACIFIC HORIZON,96 E Center St,Springville,UT,84663,1954,1/1/1954 0:00:00,5,false,137308155,$137.31M,8706,15,9,24
2227,EMPORIA STATE,310 W 12TH AVE,EMPORIA,KS,66801,1937,1/1/1937 0:00:00,5,false,137109096,$137.11M,8124,27,3,30
6936,CENTRAL MAINE,P.O. Box 1746,Lewiston,ME,04240-5721,1950,1/1/1950 0:00:00,5,false,136853614,$136.85M,6500,17,1,18
16096,AFLAC,1932 WYNNTON RD,COLUMBUS,GA,31999-0001,1964,1/1/1964 0:00:00,5,false,136709494,$136.71M,9734,8,1,9
14545,PACIFIC CASCADE,1075 OAK ST,EUGENE,OR,97401,1961,9/6/1961 0:00:00,5,false,136658080,$136.66M,9282,40,1,41
20516,KAIPERM NORTHWEST,"7505 NE AMBASSADOR PL, SUTE A",Portland,OR,97220-1377,1971,1/1/1971 0:00:00,5,false,136425774,$136.43M,5648,12,0,12
7641,OZARK,2438 Katy LN,Poplar Bluff,MO,63901-2304,1952,2/13/1952 0:00:00,5,false,136414737,$136.41M,19585,54,2,56
97105,DAY-MET,P.O. Box 13087,Dayton,OH,45413,1957,1/1/1957 0:00:00,5,false,136373910,$136.37M,8337,28,1,29
67187,QUANTUM,6300 W 21st St N,Wichita,KS,67205,1938,10/9/1938 0:00:00,5,false,136240941,$136.24M,11127,37,5,42
61619,FINANCIALEDGE,PO Box 446,Bay City,MI,48707,1950,1/1/1950 0:00:00,5,false,136223177,$136.22M,8769,31,3,34
10684,MERIDIA COMMUNITY,4500 SOUTHWESTERN BLVD,HAMBURG,NY,14075,1955,1/1/1955 0:00:00,5,false,136088694,$136.09M,10134,17,2,19
60383,CENTRAL MISSOURI COMMUNITY,620 N MAGUIRE ST,WARRENSBURG,MO,64093,1961,1/1/1961 0:00:00,5,false,136040037,$136.04M,14658,40,4,44
68691,TRU FI,602 S 6th St,Macclenny,FL,32063-2608,1967,1/1/1967 0:00:00,5,false,135501091,$135.50M,7882,30,3,33
60991,LENCO,615 W Maple Ave,Adrian,MI,49221-1630,1970,1/1/1970 0:00:00,5,false,135488348,$135.49M,7665,18,1,19
24564,HEALTHCARE SYSTEMS,3300 Gallows Rd,Falls Church,VA,22042,1966,1/22/1996 0:00:00,5,false,135355825,$135.36M,13865,27,6,33
5257,KANSAS STATE UNIVERSITY,601 McCall Rd,Manhattan,KS,66502,1946,1/1/1946 0:00:00,5,false,135234041,$135.23M,9746,28,7,35
11011,LAREDO,1119 Corpus Christi St,Laredo,TX,78040-5258,1956,1/1/1956 0:00:00,5,true,135177933,$135.18M,18026,38,3,41
67642,MTCU,PO Box 7309,Midland,TX,79708,1955,2/10/1955 0:00:00,5,true,134983238,$134.98M,7224,32,1,33
6613,WALLED LAKE SCHOOLS,3095 S Commerce Rd,Wolverine Lake,MI,48390-1418,1950,3/17/1950 0:00:00,5,false,134721981,$134.72M,5063,13,1,14
66532,ARCADIA,PO Box 187,Arcadia,WI,54612,1963,4/8/1963 0:00:00,5,false,134648829,$134.65M,6950,19,3,22
18574,AURORA,610 S Abilene St,Aurora,CO,80012,1968,1/1/1968 0:00:00,5,false,134285130,$134.29M,7462,21,1,22
7244,UNITED BUSINESS & INDUSTRY,120 Woodford Ave,Plainville,CT,06062-2335,1951,1/1/1951 0:00:00,5,false,134238886,$134.24M,11379,21,5,26
68662,FINEX,616 Burnside Ave,East Hartford,CT,06108,1938,1/1/1938 0:00:00,5,false,134078414,$134.08M,16582,33,0,33
66593,FIRST PRIORITY,25 DORCHESTER AVE,BOSTON,MA,02205,1924,3/10/1924 0:00:00,5,false,134067350,$134.07M,6319,26,3,29
13616,INDIANA STATE UNIVERSITY,444 N 3rd St,Terre Haute,IN,47807,1960,3/25/1960 0:00:00,5,false,134058947,$134.06M,9932,33,3,36
96722,GREATER CINCINNATI SCHOOL,7221 Montgomery Rd,Cincinnati,OH,45236,0,11/30/1934 0:00:00,5,false,133667445,$133.67M,8193,26,3,29
61831,FAMILY FIRST,3604 ATLANTA AVE,HAPEVILLE,GA,30354,1930,1/1/1930 0:00:00,5,false,133607853,$133.61M,10646,32,5,37
24629,TRUST,7386 Applegate Lane,Chattanooga,TN,37421,1934,6/6/1991 0:00:00,5,false,133422321,$133.42M,7932,31,1,32
832,UPPER CUMBERLAND,PO Box 529,Crossville,TN,38557,1935,1/1/1935 0:00:00,5,false,133388124,$133.39M,9141,37,2,39
8530,KRAFTMAN,P O Drawer 10,Bastrop,LA,71221-0010,1953,1/1/1953 0:00:00,5,false,132903137,$132.90M,6682,25,1,26
7184,LIBERTY SAVINGS,666 Newark Avenue,Jersey City,NJ,07306,1951,1/1/1951 0:00:00,5,false,132861966,$132.86M,18233,48,7,55
5816,INTERFAITH,9040 BENSON AVE,MONTCLAIR,CA,91763,1948,1/1/1948 0:00:00,5,false,132798312,$132.80M,5295,24,5,29
17057,WEST VIRGINIA,318 5th Ave,South Charlesto,WV,25303-1240,1965,10/26/1965 0:00:00,5,false,132483399,$132.48M,7275,21,8,29
8000,UKRAINIAN SELFRELIANCE MICHIGAN,26791 Ryan Rd,Warren,MI,48091-4073,1952,7/29/1952 0:00:00,5,false,132393876,$132.39M,4388,16,1,17
67892,WORKMEN'S CIRCLE INCORPORATED,"527 Stephenson Ave, Ste 1",Savannah,GA,31405-5922,1988,5/15/1992 0:00:00,5,false,132361688,$132.36M,1687,8,0,8
7297,PHEPLE,230 Theobold Ave,Greensburg,PA,15601-5536,1951,1/1/1951 0:00:00,5,false,132117767,$132.12M,19086,46,19,65
8212,BREAKWATER,700 E SHARON AVE,HOUGHTON,MI,49931-1618,1952,11/28/1952 0:00:00,5,false,131463035,$131.46M,10433,27,2,29
17100,ALLIED,200 SE GREEN OAKS BLVD,ARLINGTON,TX,76018-1642,1965,1/1/1965 0:00:00,5,false,131284769,$131.28M,8256,26,0,26
11670,TEXOMA EDUCATORS,506 W. LAMAR ST.,SHERMAN,TX,75090-5840,1957,1/1/1957 0:00:00,5,false,130963932,$130.96M,8588,13,10,23
24613,GREEN COUNTRY,202 E Morrow Rd,Sand Springs,OK,74063-6532,1970,1/1/1970 0:00:00,5,false,130920190,$130.92M,9495,32,2,34
5748,INTEGRA FIRST,PO BOX 604,Powers,MI,49874,1948,6/11/1948 0:00:00,5,false,130796249,$130.80M,11470,29,6,35
13534,OKALOOSA COUNTY TEACHERS,1126 N FERDON BLVD,CRESTVIEW,FL,32536-1710,1960,1/1/1960 0:00:00,5,false,130629066,$130.63M,9775,30,9,39
15328,K V,316 W River RD,Augusta,ME,04330-3992,1962,1/1/1962 0:00:00,5,false,130349252,$130.35M,10952,21,1,22
5549,CLINCHFIELD,P.O. Box 310,Erwin,TN,37650,1947,1/1/1947 0:00:00,5,false,130212256,$130.21M,6538,23,2,25
61995,SUNRISE FAMILY,404 S Euclid Ave,Bay City,MI,48706-3206,1956,1/1/1956 0:00:00,5,false,130091314,$130.09M,11218,39,1,40
62976,CONNECTED,PO BOX 1096,AUGUSTA,ME,04330,1967,8/14/1967 0:00:00,5,false,130013299,$130.01M,7747,21,3,24
2384,UNIVERSITY OF NEBRASKA,PO Box 82847,Lincoln,NE,68501-2847,1937,1/1/1937 0:00:00,5,false,129761450,$129.76M,11521,33,8,41
1115,COASTLINE,4651 Emerson St,Jacksonville,FL,32207,1936,1/1/1936 0:00:00,5,false,129740066,$129.74M,10562,34,0,34
68242,MEMBERS ADVANTAGE,3064 S. OHIO STREET,MICHIGAN CITY,IN,46360,1962,3/13/1997 0:00:00,5,false,129436850,$129.44M,7887,22,0,22
24150,HEALTHCARE EMPLOYEES,"29 EMMONS DRIVE, SUITE C-40",PRINCETON,NJ,08540-5971,1984,9/10/1984 0:00:00,5,false,129123888,$129.12M,14601,19,3,22
66760,PREMIER FINANCIAL,"2017 Main Street, PO Box 158",New Holstein,WI,53061,1962,2/15/1962 0:00:00,5,false,129087578,$129.09M,8437,36,7,43
66423,FIREFIGHTERS,2707 MIDWEST DR,ONALASKA,WI,54650-6758,1931,1/13/1931 0:00:00,5,false,129072538,$129.07M,4979,25,6,31
6187,THE ONE,300 Arch St,Meadville,PA,16335,1949,1/1/1949 0:00:00,5,false,129008484,$129.01M,12113,35,1,36
8915,ST. MICHAELS FALL RIVER,775 Davol St,Fall River,MA,02720-1005,1953,1/1/1953 0:00:00,5,false,128328175,$128.33M,3215,11,1,12
2574,MEMBERS 1ST OF NJ,37 West Landis Ave,Vineland,NJ,08360,1938,1/1/1938 0:00:00,5,false,128302281,$128.30M,13089,28,3,31
7955,BRAGG MUTUAL,2917 Village Dr,Fayetteville,NC,28304-3814,1952,1/1/1952 0:00:00,5,false,128274937,$128.27M,9608,25,1,26
2625,PENNSYLVANIA CENTRAL,959 East Park Drive,Harrisburg,PA,17111-2810,1938,1/1/1938 0:00:00,5,false,127849469,$127.85M,12590,29,1,30
66369,ENERGY,156 Spring St,West Roxbury,MA,02132,1931,1/16/1931 0:00:00,5,false,127782357,$127.78M,5818,13,2,15
68266,PIKES PEAK,1616 N Circle Dr,Colorado Spring,CO,80909-2408,1932,2/10/1932 0:00:00,5,false,127518851,$127.52M,9774,21,0,21
20613,UFIRST,274 Rugar St,Plattsburgh,NY,12901,1971,1/1/1971 0:00:00,5,false,127481092,$127.48M,10253,32,1,33
303,HERITAGE VALLEY,"P.O. Box 3617, 2400 Pleasant Valley",York,PA,17402-9624,1935,1/1/1935 0:00:00,5,false,127384988,$127.38M,13559,26,3,29
9639,F A A,3920 WHITEBROOK DR,MEMPHIS,TN,38118-3717,1954,1/1/1954 0:00:00,5,false,127172622,$127.17M,7940,29,5,34
68274,HORIZONS NORTH,13559 Huron Street,Westminster,CO,80234,1960,1/1/1960 0:00:00,5,false,127104204,$127.10M,6858,19,1,20
14391,BAPTIST HEALTH SOUTH FLORIDA,"13200 SW 128th St, Building C-1",Miami,FL,33186,1961,1/1/1961 0:00:00,5,true,127017074,$127.02M,13795,41,11,52
395,FIREFIGHTERS & COMPANY,338 S PATTERSON BLVD,DAYTON,OH,45402-2845,1935,6/17/1935 0:00:00,5,false,126909471,$126.91M,7224,17,3,20
794,TRI BORO,600 East Eighth Ave,Munhall,PA,15120,1935,1/1/1935 0:00:00,5,false,126719018,$126.72M,7625,25,5,30
2252,UTICA GAS & ELECTRIC EMP,215 OLD CAMPION RD,NEW HARTFORD,NY,13413-4953,1937,1/1/1937 0:00:00,5,false,126653390,$126.65M,3730,9,0,9
687,STAGEPOINT,365 N 3rd St,Laramie,WY,82072,1935,1/1/1935 0:00:00,5,false,126518927,$126.52M,8937,32,2,34
7428,STRAITS AREA,PO Box 367,Cheboygan,MI,49721,1951,8/29/1951 0:00:00,5,false,126375085,$126.38M,12067,32,0,32
68369,UNITED COMMUNITY,13700 E Sam Houston Parkway N,Houston,TX,77044,1950,1/1/1950 0:00:00,5,true,126306138,$126.31M,13456,50,4,54
16706,N A E,755 Battlefield Blvd N,Chesapeake,VA,23320-5038,1965,1/1/1965 0:00:00,5,false,126045672,$126.05M,11477,37,3,40
9924,WAILUKU,133 MAA STREET,KAHULUI,HI,96732,1954,1/1/1954 0:00:00,5,true,126016441,$126.02M,5288,14,0,14
67332,SUN,4205 Hollywood Blvd,Hollywood,FL,33021,1991,2/23/1991 0:00:00,5,false,125911956,$125.91M,6451,19,0,19
62628,COMMUNITY ONE CREDIT UNION OF OHIO,6583 Frank Ave NW,North Canton,OH,44720,1936,1/1/1936 0:00:00,5,false,125873831,$125.87M,8278,24,3,27
65003,GAS AND ELECTRIC,2300 4TH AVE,ROCK ISLAND,IL,61201,1935,1/1/1935 0:00:00,5,false,125731670,$125.73M,5564,16,1,17
7415,UNITED COMMUNITY,6010 Mountain View Dr,West Mifflin,PA,15122-2425,1951,1/1/1951 0:00:00,5,false,125726485,$125.73M,8699,19,3,22
16993,PEOPLES,419 1st Ave S,Nitro,WV,25143-2313,1965,9/17/1965 0:00:00,5,false,125587265,$125.59M,10849,30,0,30
8100,ALASKA AIR GROUP,2800 S 192nd St Ste 106,SEATAC,WA,98188-5164,1952,10/2/1952 0:00:00,5,false,125516744,$125.52M,8579,17,0,17
1133,TRADEMARK,PO Box 1056,Augusta,ME,04332-0156,1936,1/1/1936 0:00:00,5,false,125378865,$125.38M,8386,27,2,29
60095,UNITED COMMUNITY,1001 Vermont St,Quincy,IL,62301,1941,1/1/1941 0:00:00,5,false,125021994,$125.02M,10434,30,13,43
4240,CHOICE ONE COMMUNITY,501 E Main St,Plains Township,PA,18702-6920,1941,1/1/1941 0:00:00,5,false,124987796,$124.99M,10908,29,5,34
15602,CENLA,708 Jackson St,Alexandria,LA,71301,1963,1/1/1963 0:00:00,5,false,124981700,$124.98M,9448,20,5,25
24404,CARO,4480 ROSEWOOD DRIVE,COLUMBIA,SC,29209-2629,1967,10/4/1990 0:00:00,5,false,124967832,$124.97M,7137,24,0,24
11374,C-B-W SCHOOLS,"PO BOX 400, 460 LOCUST STREET",SIDMAN,PA,15955-0400,1956,1/1/1956 0:00:00,5,false,124891581,$124.89M,7322,9,3,12
86756,PLUS,P.O. BOX 26597,LAS VEGAS,NV,89126,1952,1/1/1952 0:00:00,5,false,124769174,$124.77M,8595,24,0,24
67200,OAKDALE,P.O. Box 115,Oakdale,WI,54649,1953,10/19/1953 0:00:00,5,false,124708230,$124.71M,11402,23,2,25
66350,BROTHERHOOD,75 Market St,Lynn,MA,01901,1934,4/23/1934 0:00:00,5,false,124443453,$124.44M,5303,20,4,24
67890,LUSO-AMERICAN,37 Tremont St,Peabody,MA,01960,1960,11/30/1960 0:00:00,5,false,124426321,$124.43M,9228,16,4,20
16657,LANCO,349 W Roseville Rd,Lancaster,PA,17601,1965,1/1/1965 0:00:00,5,false,124363417,$124.36M,9900,33,2,35
3323,TRUENERGY,6801 INDUSTRIAL RD,SPRINGFIELD,VA,22151,1939,1/1/1939 0:00:00,5,false,124109669,$124.11M,7915,22,0,22
2115,ONE SOURCE,8870 GAZELLE DR,EL PASO,TX,79925,1937,1/1/1937 0:00:00,5,false,124032776,$124.03M,10823,34,0,34
24661,EAGLE LOUISIANA,PO BOX 64630,BATON ROUGE,LA,70896,1942,1/1/1942 0:00:00,5,false,123945198,$123.95M,15276,47,0,47
10335,COCONINO,2800 S Woodlands Village Blvd,Flagstaff,AZ,86001,1955,1/1/1955 0:00:00,5,false,123838374,$123.84M,9719,25,0,25
64036,MISSOURI CENTRAL,P O Box 6617,Lees Summit,MO,64064,1931,12/30/1931 0:00:00,5,false,123825777,$123.83M,8091,27,1,28
67995,KANSAS TEACHERS COMMUNITY,P O Box 1296,Pittsburg,KS,66762,1949,11/1/1949 0:00:00,5,false,123741078,$123.74M,12502,32,4,36
120,COUNTY EXCELLENCE,16 E Lincoln Ave,Roselle Park,NJ,07204-1743,1935,1/1/1935 0:00:00,5,false,123639979,$123.64M,8814,21,0,21
6785,LESCO,2613 Ligonier Street,Latrobe,PA,15650,1950,1/1/1950 0:00:00,5,false,123518068,$123.52M,7910,9,6,15
242,GULF COAST COMMUNITY,12364 HIGHWAY 49,GULFPORT,MS,39503,1935,1/1/1935 0:00:00,5,false,123501733,$123.50M,12053,56,0,56
11030,GRASSLANDS,PO BOX 79,CIRCLE,MT,59215,1956,1/1/1956 0:00:00,5,false,123392755,$123.39M,3855,16,2,18
66967,JACKSON RIVER COMMUNITY,347 North Court Ave,Covington,VA,24426,1953,12/20/1986 0:00:00,5,false,123252964,$123.25M,6771,18,0,18
5387,RUSSELL COUNTRY,PO Box 2605,Great Falls,MT,59403,1946,1/1/1946 0:00:00,5,false,123090083,$123.09M,9853,30,3,33
24445,BP,13501 Katy Fwy Ste 1150,Houston,TX,77079-1319,1937,6/2/1992 0:00:00,5,false,123044730,$123.04M,6499,21,0,21
64037,POWER,1615 East Evans,Pueblo,CO,81004,1938,1/1/1938 0:00:00,5,false,122977235,$122.98M,11773,35,1,36
62808,DEPARTMENT OF CORRECTIONS,P O Box 4789,Baton Rouge,LA,70821-4789,1957,9/13/1957 0:00:00,5,false,122964960,$122.96M,14386,43,2,45
60852,CENTRAL CREDIT UNION OF ILLINOIS,1001 Mannheim Rd,Bellwood,IL,60104,1936,1/1/1936 0:00:00,5,false,122715711,$122.72M,10660,27,2,29
97098,EASTEX,P.O. Box 627,Evadale,TX,77615,1955,1/1/1955 0:00:00,5,false,122693249,$122.69M,11407,32,1,33
320,F R B,PO Box 9867,Washington,DC,20016,1935,1/1/1935 0:00:00,5,false,122555780,$122.56M,5742,16,0,16
10015,ALLENTOWN,1325 Oxford Dr,Allentown,PA,18103,1955,1/1/1955 0:00:00,5,false,122351691,$122.35M,7092,19,0,19
6095,HERSHEY,232 Hershey Rd,Hummelstown,PA,17036,1949,1/1/1949 0:00:00,5,false,122320703,$122.32M,9355,26,3,29
24078,ADVANCE FINANCIAL,31 W US HIGHWAY 30,SCHERERVILLE,IN,46375-2108,1937,1/1/1984 0:00:00,5,false,122303503,$122.30M,7344,33,1,34
65305,ILLINOIS EDUCATORS,3101 Montvale Drive,Springfield,IL,62704,1938,1/1/1938 0:00:00,5,false,121933956,$121.93M,10016,21,4,25
60051,TARRANT COUNTY'S CREDIT UNION,200 Taylor St Ste 215,Fort Worth,TX,76196,1956,1/1/1956 0:00:00,5,false,121735763,$121.74M,11206,39,0,39
24796,GARDEN ISLAND,2973 Kele St,Lihue,HI,96766,1938,11/6/2007 0:00:00,5,true,121129124,$121.13M,7221,23,0,23
65578,UNITED SAVINGS,PO BOX 2308,FARGO,ND,58102,1935,5/23/1935 0:00:00,5,false,121103412,$121.10M,7167,33,1,34
12334,NESC,248 PLEASANT ST,METHUEN,MA,01844,1958,1/1/1958 0:00:00,5,false,121077124,$121.08M,7869,23,4,27
60436,BRAINERD B. N.,804 Laurel St Ste 101,Brainerd,MN,56401-3799,1940,1/1/1940 0:00:00,5,false,120925496,$120.93M,6712,19,2,21
61324,PILLAR,300 BARKS ROAD EAST,MARION,OH,43302,1960,1/1/1960 0:00:00,5,false,120790862,$120.79M,10049,24,6,30
64191,NORTH IOWA COMMUNITY,PO BOX 1248,MASON CITY,IA,50402-1248,1956,1/1/1956 0:00:00,5,false,120734443,$120.73M,11422,27,1,28
67349,ADVENTHEALTH,"351 S. State Road 434, Suite 1009",Altamonte Sprin,FL,32714,1991,2/26/1991 0:00:00,5,false,120653283,$120.65M,12949,29,0,29
60408,UNITED LOCAL,3650 E Ashlan Ave,Fresno,CA,93726,1953,1/1/1953 0:00:00,5,false,120643126,$120.64M,7890,23,0,23
17335,ILLINOIS STATE POLICE,730 Engineering Ave,Springfield,IL,62703,1966,3/24/1966 0:00:00,5,false,120464340,$120.46M,6166,17,0,17
14425,INGERSOLL-RAND,1970 Elmira St,Sayre,PA,18840-9246,1961,1/1/1961 0:00:00,5,false,120128948,$120.13M,8169,27,2,29
24705,SOUND,37 North Ave,Norwalk,CT,06851,1953,12/17/1984 0:00:00,5,false,120021937,$120.02M,8922,21,0,21
61840,METRO,447 S Campbell Ave,Springfield,MO,65806-2009,1935,1/1/1935 0:00:00,5,false,119699664,$119.70M,9304,27,2,29
10800,THE HEALTH & EDUCATION,424 Park Pl,Lexington,KY,40511-1829,1956,1/1/1956 0:00:00,5,false,119438659,$119.44M,12173,16,12,28
9327,CASCO,PO Box 87,Gorham,ME,04038-1309,1954,1/1/1954 0:00:00,5,false,119247502,$119.25M,9060,22,1,23
7770,THINKWISE,599 N E St,San Bernardino,CA,92401,1952,1/1/1952 0:00:00,5,false,119243133,$119.24M,6147,26,1,27
67507,PRESTIGE COMMUNITY,P.O. Box 802631,Dallas,TX,75380,1936,6/19/1936 0:00:00,5,false,118588330,$118.59M,7962,26,2,28
23394,GUTHRIE COMMUNITY,104 N ELMER AVE,SAYRE,PA,18840,1979,5/12/1979 0:00:00,5,false,118477540,$118.48M,7356,24,0,24
7817,SEA AIR,PO Box 2648,Seal Beach,CA,90740,1952,1/1/1952 0:00:00,5,false,118267546,$118.27M,6214,16,1,17
62123,RIVER VALLEY,PO Box 493,Ada,MI,49301,1965,1/1/1965 0:00:00,5,false,117845986,$117.85M,9372,26,4,30
63425,NOVA,3601 MULBERRY CHURCH RD,CHARLOTTE,NC,28208,1934,1/1/1934 0:00:00,5,false,117685056,$117.69M,10985,44,5,49
22114,CIRCLE,507 E Main St,Niles,MI,49120-2617,1975,8/7/1975 0:00:00,5,false,117340715,$117.34M,5979,35,2,37
64655,NORTHERN COMMUNITIES,3311 WEST ARROWHEAD ROAD,DULUTH,MN,55811,1928,1/1/1928 0:00:00,5,false,117329303,$117.33M,6825,30,1,31
60532,LANDMARK,506 W Fairchild St,Danville,IL,61832,1935,1/1/1935 0:00:00,5,false,117249086,$117.25M,9773,28,4,32
988,AUBURN COMMUNITY,PO BOX 867,AUBURN,NY,13021,1936,1/1/1936 0:00:00,5,false,117159880,$117.16M,7750,24,1,25
68042,POWERNET,5619 Harney Rd,Tampa,FL,33610,1961,3/31/1961 0:00:00,5,false,117070853,$117.07M,3216,14,2,16
60648,A.A.E.C.,1104 S Arlington Heights Rd,Arlington Heigh,IL,60005-3141,1955,1/1/1955 0:00:00,5,false,117068634,$117.07M,4396,10,3,13
24540,MUTUAL FIRST,14510 F. St,Omaha,NE,68137,1949,5/2/1995 0:00:00,5,false,116951589,$116.95M,10497,31,2,33
67778,CITY EMPLOYEES,1720 WESTERN AVE,KNOXVILLE,TN,37921,1932,12/16/1991 0:00:00,5,false,116929321,$116.93M,8491,20,1,21
67201,WHITE RIVER,PO Box 35,Enumclaw,WA,98022,1952,2/13/1952 0:00:00,5,false,116888066,$116.89M,8473,15,10,25
5721,TWO HARBORS,801 11TH ST,TWO HARBORS,MN,55616,1948,1/1/1948 0:00:00,5,false,116613734,$116.61M,4308,14,2,16
12271,SOUTHWEST OKLAHOMA,1806 NW LIBERTY AVE,LAWTON,OK,73507,1958,1/1/1958 0:00:00,5,false,116567046,$116.57M,4912,16,0,16
97095,COMMONWEALTH,PO Box 380,Bourbonnais,IL,60914-0380,1951,1/1/1951 0:00:00,5,false,116146588,$116.15M,9733,21,3,24
66615,TOMAH AREA,"940 N Superior Ave, PO Box 940",Tomah,WI,54660,1939,8/15/1939 0:00:00,5,false,116115238,$116.12M,6720,18,5,23
24904,RIVERVIEW,403 Main Street,Belpre,OH,45714,1968,1/1/1968 0:00:00,5,false,116066312,$116.07M,8303,20,1,21
13334,TRIANGLE,P. O. Box 8300,Columbus,MS,39705,1959,1/1/1959 0:00:00,5,false,115779489,$115.78M,11874,39,1,40
63373,NORTH BAY,"397 Aviation Blvd, Suite L",Santa Rosa,CA,95403,1948,1/1/1948 0:00:00,5,false,115036866,$115.04M,2947,50,0,50
68229,TACOMA LONGSHOREMEN,3602 E Alexander Ave,Tacoma,WA,98424-1110,1963,1/31/1963 0:00:00,5,false,114981279,$114.98M,3379,7,0,7
68296,WHITE ROSE,3498 Industrial Drive,York,PA,17402-9050,1950,1/1/1950 0:00:00,5,false,114881156,$114.88M,10997,37,3,40
12890,RIVERWAYS,PO Box 8,Rolla,MO,65402,1959,3/26/1959 0:00:00,5,false,114683023,$114.68M,10201,37,1,38
8299,ESTACADO,2220 N DAL PASO,HOBBS,NM,88240,1953,1/1/1953 0:00:00,5,false,114627775,$114.63M,8644,29,2,31
60689,NORTH STAR,PO BOX 1058,COOK,MN,55723-1058,1939,1/1/1939 0:00:00,5,false,114612677,$114.61M,5997,31,3,34
67367,CGR,2040 Ingleside Ave,Macon,GA,31204,1991,3/13/1991 0:00:00,5,false,114604892,$114.60M,11400,32,0,32
24918,DESERT RIVERS,P.O. Box 1047,Moab,UT,84532,1957,1/1/1957 0:00:00,5,false,114566031,$114.57M,8309,28,4,32
770,COMMUNITY RESOURCE,20 Wade Rd,Latham,NY,12110-3520,1935,1/1/1935 0:00:00,5,false,114513483,$114.51M,7193,30,0,30
66529,GOVERNMENTAL EMPLOYEES,225 La Crosse St,La Crosse,WI,54601-3253,1931,9/4/1931 0:00:00,5,false,114457274,$114.46M,6662,14,2,16
68389,CROW WING POWER,PO Box 962,Brainerd,MN,56401,1999,1/15/1999 0:00:00,5,false,114397671,$114.40M,4599,11,2,13
62431,EXPREE,100 Moore Dr,Frankfort,KY,40601-8295,1938,1/1/1938 0:00:00,5,false,114032238,$114.03M,9086,25,1,26
135,OMAHA,3001 S 82ND AVE,OMAHA,NE,68124,1935,3/13/1935 0:00:00,5,false,113974076,$113.97M,8359,20,2,22
14934,SMW 104,3156 Constitution Dr,Livermore,CA,94551-7570,1962,1/1/1962 0:00:00,5,false,113855947,$113.86M,10019,6,2,8
850,VALLEY,P.O. Box 4700,Brownsville,TX,78523-4700,1935,1/1/1935 0:00:00,5,true,113848276,$113.85M,9371,35,3,38
62716,FIRST MISSOURI,1690 Lemay Ferry Rd,Saint Louis,MO,63125,1927,1/1/1927 0:00:00,5,false,113763274,$113.76M,7923,29,4,33
24889,CLEAN ENERGY,PO Box 4233,Englewood,CO,80155,2017,9/6/2017 0:00:00,5,false,113733939,$113.73M,13230,38,2,40
67395,NORTH GEORGIA,P.O. Box 280,Toccoa,GA,30577,1991,3/18/1991 0:00:00,5,false,113686392,$113.69M,12175,48,2,50
3391,RICHLAND,201 W Holly St,Sidney,MT,59270-3626,1939,1/1/1939 0:00:00,5,false,113641660,$113.64M,4866,12,1,13
18273,AMERICAN BROADCAST EMPLOYEES,7 Front St,Rockville Centr,NY,11570,1967,1/1/1967 0:00:00,5,false,113633078,$113.63M,6804,24,0,24
9483,IBEW & UNITED WORKERS,PO BOX 16877,PORTLAND,OR,97292,1954,1/1/1954 0:00:00,5,false,113314891,$113.31M,14192,29,0,29
306,MADISON COUNTY,621 E 8th St,Anderson,IN,46012-4018,1935,5/1/1935 0:00:00,5,false,113310567,$113.31M,9040,31,8,39
8881,FERGUS,106 E Janeaux St,Lewistown,MT,59457-3033,1953,1/1/1953 0:00:00,5,false,113304288,$113.30M,6442,22,1,23
61664,RIVER VALLEY,"2811 E 13TH ST, PO BOX 747",AMES,IA,50010,1961,1/1/1961 0:00:00,5,false,113046001,$113.05M,6679,14,1,15
67416,CENTEX CITIZENS,P. O. Box 1252,Mexia,TX,76667,1954,5/17/1954 0:00:00,5,false,112772303,$112.77M,11173,34,0,34
67226,CREDIT UNION OF THE ROCKIES,PO Box 19129,Golden,CO,80402-6002,1937,11/18/1937 0:00:00,5,false,112667677,$112.67M,8335,33,0,33
2815,HANCOCK,1701 E MELROSE AVE,FINDLAY,OH,45840-4415,1938,6/4/1938 0:00:00,5,false,112422306,$112.42M,9137,31,1,32
62393,MEIJER,"2410 GAYNOR AVE NW, PO BOX 141607",GRAND RAPIDS,MI,49514-1607,1958,1/1/1958 0:00:00,5,false,112100932,$112.10M,15118,31,1,32
63447,COMMUNITY,144 Pine St,Lewiston,ME,04240,1945,6/11/1945 0:00:00,5,false,112085208,$112.09M,13486,36,7,43
66324,WEYCO COMMUNITY,PO BOX 69,PLYMOUTH,NC,27962,1959,6/8/1959 0:00:00,5,false,111824161,$111.82M,5601,22,1,23
64169,VALLEY,PO BOX 12903,SALEM,OR,97309,1957,2/5/1957 0:00:00,5,false,111495759,$111.50M,6094,19,0,19
10351,LA LOMA,PO Box 906,Loma Linda,CA,92354,1955,1/1/1955 0:00:00,5,false,111468915,$111.47M,7096,23,1,24
11891,MERCER COUNTY COMMUNITY,559 N Hermitage Rd,Hermitage,PA,16148-3227,1957,1/1/1957 0:00:00,5,false,111420445,$111.42M,12208,25,8,33
3796,L G & W,1616 WHITTEN RD,MEMPHIS,TN,38134,1940,1/1/1940 0:00:00,5,false,111337905,$111.34M,5739,13,0,13
12643,CORRY,728 Worth St,Corry,PA,16407,1958,1/1/1958 0:00:00,5,false,111231182,$111.23M,10702,26,4,30
13682,BREWER,PO BOX 189,BREWER,ME,04412,1960,4/20/1960 0:00:00,5,false,110866558,$110.87M,8485,21,1,22
67550,SOUTHWEST 66,PO BOX 12010,ODESSA,TX,79768,1949,5/18/1949 0:00:00,5,false,110708660,$110.71M,9434,40,0,40
10958,FIRST EAGLE,P.O. Box 1585,Owings Mills,MD,21117,1956,1/1/1956 0:00:00,5,false,110624231,$110.62M,8205,21,1,22
5422,CHIPHONE,710 N WILDWOOD AVE,ELKHART,IN,46514-1876,1947,1/10/1947 0:00:00,5,false,110575584,$110.58M,8993,36,3,39
7873,MARQUETTE COMMUNITY,1230 West Washington St,Marquette,MI,49855,1952,5/26/1952 0:00:00,5,false,110424393,$110.42M,8250,14,11,25
67649,MEMBERS,833 N Nolan River Rd,Cleburne,TX,76033,1954,9/8/1954 0:00:00,5,false,110354621,$110.35M,8589,22,0,22
430,DEEPWATER INDUSTRIES,PO Box 42,Deepwater,NJ,08023,1935,1/1/1935 0:00:00,5,false,110316265,$110.32M,7907,14,1,15
17464,PEOPLES ADVANTAGE,P O Box 3180,Petersburg,VA,23805-9303,1966,1/1/1966 0:00:00,5,false,110042568,$110.04M,9206,39,0,39
61257,NORTHRIDGE COMMUNITY,921 17th St S,Virginia,MN,55792,1957,1/1/1957 0:00:00,5,false,109970801,$109.97M,7710,31,0,31
9943,KSW,222 COLLEGE AVE,WATERVILLE,ME,04901-6226,1954,1/1/1954 0:00:00,5,false,109552123,$109.55M,9579,20,0,20
63122,WELD COMMUNITY,2555 47th Ave,Greeley,CO,80634-3722,1936,5/25/1936 0:00:00,5,false,109482947,$109.48M,7213,22,5,27
1204,RANCHO,12620 ERICKSON AVE STE H,DOWNEY,CA,90242-3456,1936,1/1/1936 0:00:00,5,false,109104136,$109.10M,7051,21,0,21
61286,MOBILE EDUCATORS,3150 AIRPORT BLVD,MOBILE,AL,36606,1954,1/1/1954 0:00:00,5,false,109092595,$109.09M,8215,16,1,17
11718,GRAND JUNCTION,633 24 Rd,Grand Junction,CO,81505,1957,1/1/1957 0:00:00,5,false,109073186,$109.07M,6889,15,0,15
16785,ADVANCED FINANCIAL,785 CENTRAL AVE,NEW PROVIDENCE,NJ,07974,1965,1/1/1965 0:00:00,5,false,108908166,$108.91M,6544,24,4,28
60930,VALLEY,P.O. BOX 388,TUSCUMBIA,AL,35674,1956,1/1/1956 0:00:00,5,false,108807718,$108.81M,6007,23,9,32
61220,GEAUGA,"PO Box 839, 14499 N Cheshire St",burton,OH,44021,1956,1/1/1956 0:00:00,5,false,108625819,$108.63M,6875,9,3,12
23964,FIRST CALIFORNIA,2525 E SHIELDS AVE,FRESNO,CA,93726,1982,12/27/1982 0:00:00,5,false,108454282,$108.45M,9265,19,3,22
96750,FRIENDS AND FAMILY CREDIT UNION INC,3920 ERIE ST. S,MASSILLON,OH,44646,0,3/31/1958 0:00:00,5,false,108218643,$108.22M,9776,24,3,27
2403,HAWAII,P.O. Box 30207,Honolulu,HI,96820,1937,11/6/1937 0:00:00,5,true,108060978,$108.06M,11670,25,3,28
2112,WICHITA FALLS TEACHERS,PO Box 4516,Wichita Falls,TX,76308,1937,1/1/1937 0:00:00,5,false,108005622,$108.01M,6313,23,6,29
64412,FIRST AMERICAN,1001 N Pinal Ave,Casa Grande,AZ,85122,1962,11/29/1962 0:00:00,5,false,107925554,$107.93M,12029,29,4,33
17232,LASSEN COUNTY,2605 Riverside Dr,Susanville,CA,96130,1966,1/1/1966 0:00:00,5,false,107621142,$107.62M,4454,15,0,15
60716,ONE CREDIT UNION OF NY,3517 Union Rd,Cheektowaga,NY,14225-5127,1933,1/1/1933 0:00:00,5,false,107612384,$107.61M,8946,20,2,22
66707,SOUTHERN LAKES,3000 80TH STREET,KENOSHA,WI,53142,1935,3/19/1935 0:00:00,5,false,107507362,$107.51M,9683,26,9,35
11944,KAIPERM,325 N Wiget Ln Ste130,Walnut Creek,CA,94598-2435,1957,8/29/1957 0:00:00,5,false,107421180,$107.42M,7659,17,0,17
62018,ASCENSION,PO BOX 248,GONZALES,LA,70707-0248,1974,6/3/1974 0:00:00,5,false,107378187,$107.38M,10540,35,5,40
12143,ONE COMMUNITY,531 5th St,Parkersburg,WV,26101,1958,1/2/1958 0:00:00,5,false,107064310,$107.06M,8362,23,8,31
14874,EXPLORERS,609 W 21ST ST,YANKTON,SD,57078,1962,1/1/1962 0:00:00,5,false,106820015,$106.82M,9035,28,1,29
7264,MONEY ONE,PO BOX 6398,LARGO,MD,20792,1951,1/1/1951 0:00:00,5,false,106804615,$106.80M,7117,22,0,22
21026,TRUNORTHERN,494 E Main St,Malone,NY,12953-2100,1972,7/12/1972 0:00:00,5,false,106672346,$106.67M,5770,23,2,25
9348,KATAHDIN,1000 Central Street,Millinocket,ME,04462,1954,1/1/1954 0:00:00,5,false,106524028,$106.52M,7924,21,8,29
66268,MEMBERSOWN,1391 S 33rd St,Lincoln,NE,68510-4508,1984,1/27/1984 0:00:00,5,false,106523635,$106.52M,8967,23,3,26
946,MUSKOGEE,PO BOX 129,MUSKOGEE,OK,74402-0129,1936,1/1/1936 0:00:00,5,false,106506588,$106.51M,8305,30,0,30
3631,THRIVE,4501 S DELAWARE DR,MUNCIE,IN,47302-9405,1940,2/2/1940 0:00:00,5,false,106476082,$106.48M,8150,29,2,31
62422,METRUM COMMUNITY,6980 S Holly Cir,Centennial,CO,80112-1018,1946,1/1/1946 0:00:00,5,false,106474550,$106.47M,5777,18,0,18
24725,OHIO HEALTHCARE,3955 W DUBLIN GRANVILLE RD,DUBLIN,OH,43017,1973,3/8/1973 0:00:00,5,false,106409448,$106.41M,11174,24,1,25
6434,HERITAGE USA,5507 W Wadley Ave,Midland,TX,79707,1949,1/1/1949 0:00:00,5,false,106207504,$106.21M,6880,31,0,31
240,GREATER PITTSBURGH POLICE,1338 Chartiers Ave,Pittsburgh,PA,15220-4800,1935,1/1/1935 0:00:00,5,false,106058621,$106.06M,9485,15,0,15
62245,TOTAL COMMUNITY,"25155 GODDARD RD, P.O. BOX 547",TAYLOR,MI,48180-3923,1960,1/1/1960 0:00:00,5,false,106044231,$106.04M,6584,21,3,24
1049,MEMBERSFIRST CT,285 Broad Street,Meriden,CT,06450-5847,1936,2/13/1936 0:00:00,5,false,105977175,$105.98M,6181,14,6,20
8512,SALT CITY,PO Box 188,Solvay,NY,13209-0188,1953,1/1/1953 0:00:00,5,false,105798531,$105.80M,6974,20,2,22
24520,SANTA ANA,800 W Santa Ana Blvd,Santa Ana,CA,92701,1950,2/21/1950 0:00:00,5,false,105632371,$105.63M,5326,13,1,14
9486,NEXT STEP,150 Defreest Dr,Troy,NY,12180,1954,1/1/1954 0:00:00,5,false,105551711,$105.55M,4617,14,1,15
24402,ONENEBRASKA,PO Box 585,Columbus,NE,68602-0585,1949,7/30/1990 0:00:00,5,false,105523775,$105.52M,8828,30,3,33
60164,HIBBING COOPERATIVE,P O Box 908,Hibbing,MN,55746,1938,1/1/1938 0:00:00,5,false,105488330,$105.49M,8097,12,0,12
16416,ADVANTAGE FINANCIAL,PO Box 50480,WASHINGTON,DC,20091-0480,1964,1/1/1964 0:00:00,5,false,105392740,$105.39M,9190,29,0,29
21305,THE UNITED,3 Sunset Beach Rd,Morgantown,WV,26508-4431,1973,6/7/1973 0:00:00,5,false,105324225,$105.32M,5957,25,4,29
61239,GOLDEN CIRCLE,4118 Lincoln Way E,Massillon,OH,44646-3348,1940,1/1/1940 0:00:00,5,false,105114491,$105.11M,7035,27,1,28
6670,CONNECTS,7700 Shrader Rd,Richmond,VA,23228,1950,1/1/1950 0:00:00,5,false,104832578,$104.83M,15558,22,2,24
63971,POINT WEST,PO Box 11999,Portland,OR,97211,1934,2/15/1934 0:00:00,5,false,104577120,$104.58M,8372,25,0,25
3061,FORMATION,P O Box 15745,Baton Rouge,LA,70895,1939,1/1/1939 0:00:00,5,false,104394680,$104.39M,10295,25,0,25
10424,LAS COLINAS,PO Box 630347,Irving,TX,75063,1955,1/1/1955 0:00:00,5,false,104304899,$104.30M,10188,26,1,27
4726,RARITAN BAY,491 Raritan Street,Sayreville,NJ,08872,1941,1/1/1941 0:00:00,5,false,104224026,$104.22M,7651,20,5,25
19926,ROCKDALE,1821 W Cameron,Rockdale,TX,76567,1970,1/1/1970 0:00:00,5,false,104186996,$104.19M,8012,22,0,22
66270,ARCHER COOPERATIVE,2121 Archer Rd,Archer,NE,68816,1984,1/27/1984 0:00:00,5,false,104134749,$104.13M,4857,27,1,28
22119,AMERICAN PARTNERS,618 N Scales St,Reidsville,NC,27320-2941,1975,8/12/1975 0:00:00,5,false,103937191,$103.94M,11415,33,4,37
63342,THE LOCAL,39139 Mound Road,Sterling Height,MI,48310-2737,1949,7/22/1949 0:00:00,5,false,103854978,$103.85M,9689,21,0,21
68231,STRAIT VIEW,P O BOX 339,PORT ANGELES,WA,98362-3003,1939,6/30/1939 0:00:00,5,false,103825290,$103.83M,7213,12,0,12
2959,PALCO FCU,PO BOX 330,MUNCY,PA,17756,1938,1/1/1938 0:00:00,5,false,103472769,$103.47M,6185,14,2,16
64030,ADVANTAGE,"121 W 3rd St N, PO Box 822",Newton,IA,50208-3040,1937,1/1/1937 0:00:00,5,false,103150537,$103.15M,7198,20,0,20
64408,VUE COMMUNITY,PO BOX 2336,BISMARCK,ND,58502-2336,1961,1/1/1961 0:00:00,5,false,103064585,$103.06M,3680,15,2,17
2301,WINTHROP AREA,PO BOX 55,WINTHROP,ME,04364-0055,1937,1/1/1937 0:00:00,5,false,103031599,$103.03M,7994,15,1,16
63368,MEMBERS FIRST COMMUNITY,1201 NORTH 24TH,QUINCY,IL,62301,1954,2/11/1954 0:00:00,5,false,102706841,$102.71M,7341,26,2,28
68680,AMERICA'S FIRST NETWORK,92 Pitkin St,East Hartford,CT,06108-3318,1976,2/18/1976 0:00:00,5,false,102493772,$102.49M,9548,34,2,36
61793,U. S. EMPLOYEES,"230 S. Dearborn, Suite #2962",Chicago,IL,60604-1592,1953,1/1/1953 0:00:00,5,false,102314908,$102.31M,6059,15,1,16
649,VALLEY 1ST COMMUNITY,815 SCHOONMAKER AVE,MONESSEN,PA,15062-1008,1935,1/1/1935 0:00:00,5,false,102309895,$102.31M,7444,18,2,20
24516,CLEVELAND SELFRELIANCE,6108 STATE RD,PARMA,OH,44134-3702,1994,8/9/1994 0:00:00,5,false,102242229,$102.24M,3246,9,4,13
16951,CONSUMERS,425 Neptune Ave,Brooklyn,NY,11224-4559,1965,1/1/1965 0:00:00,5,false,101984905,$101.98M,3231,11,1,12
5604,ROANOKE VALLEY COMMUNITY,P.O. BOX 13045,ROANOKE,VA,24030,1947,1/1/1947 0:00:00,5,false,101949839,$101.95M,9077,23,2,25
2713,MCBRYDE,P. O. Box 477,Eleele,HI,96705,1938,1/1/1938 0:00:00,5,true,101929188,$101.93M,3200,5,0,5
21873,COMMODORE PERRY,1016 S STATE ROUTE 19,OAK HARBOR,OH,43449,1975,1/9/1975 0:00:00,5,false,101917372,$101.92M,6672,29,1,30
19185,SEAPORT,5080 MCLESTER ST,ELIZABETH,NJ,07201,1969,1/1/1969 0:00:00,5,false,101891029,$101.89M,5636,26,1,27
64144,WORCESTER,520 W Boylston St,Worcester,MA,01606-2026,1976,2/3/1976 0:00:00,5,false,101802778,$101.80M,6423,15,0,15
373,NEW ALLIANCE,835 MERCHANT ST,AMBRIDGE,PA,15003,1935,1/1/1935 0:00:00,5,false,101613552,$101.61M,7230,22,1,23
61909,FAMILY FIRST,1011 N MICHIGAN AVE,SAGINAW,MI,48602-4326,1939,1/1/1939 0:00:00,5,false,101543542,$101.54M,5408,23,7,30
97073,NORTHWEST CHRISTIAN,716 E COLORADO AVE,NAMPA,ID,83686,1954,1/1/1954 0:00:00,5,false,101323864,$101.32M,5189,24,2,26
7557,GLENDALE,500 E Wilson Ave,Glendale,CA,91206,1951,1/1/1951 0:00:00,5,false,100938574,$100.94M,7944,15,1,16
68688,RAILROAD,P O BOX 100185,IRONDALE,AL,35210,1956,1/1/1956 0:00:00,5,false,100918537,$100.92M,4765,8,0,8
95008,COMMUNITY STAR,832 Cleveland St,Elyria,OH,44035-4141,1938,1/15/1938 0:00:00,5,false,100792625,$100.79M,7855,25,2,27
67856,CREDIT UNION OF DODGE CITY,PO Box 1028,Dodge City,KS,67801-1028,1940,1/4/1940 0:00:00,5,false,100481773,$100.48M,10180,29,0,29
68293,SNO FALLS,P.O. Box 2510,North Bend,WA,98045,1957,11/1/1957 0:00:00,5,false,100217859,$100.22M,5243,23,0,23
17665,COMPASS,131 George St,Oswego,NY,13126-2915,1966,9/12/1966 0:00:00,4,false,99937914,$99.94M,8107,24,1,25
63374,FARMWAY,PO BOX 446,BELOIT,KS,67420-0446,1950,12/15/1950 0:00:00,4,false,99875801,$99.88M,7429,27,6,33
6102,GREAT LAKES FIRST,2110 3RD AVE N,ESCANABA,MI,49829-2333,1949,3/24/1949 0:00:00,4,false,99832148,$99.83M,7455,27,3,30
20341,LUFTHANSA EMP.,1065 OLD COUNTRY RD STE 215,WESTBURY,NY,11590,1970,1/1/1970 0:00:00,4,false,99747381,$99.75M,1486,3,2,5
62598,CIVIC CENTRAL,PO Box 1828,Jefferson City,MO,65102,1939,8/18/1939 0:00:00,4,false,99708690,$99.71M,5129,9,2,11
61918,MIDLAND,2891 106TH ST,URBANDALE,IA,50322-3772,1933,1/1/1933 0:00:00,4,false,99659312,$99.66M,6668,20,1,21
67511,TEXAS DPS,PO Box 15346,Austin,TX,78761,1954,7/16/1954 0:00:00,4,false,99594890,$99.59M,5735,20,2,22
13290,FIRST WATCH,1118 Pine St,Abilene,TX,79601-3529,1959,1/1/1959 0:00:00,4,false,99404545,$99.40M,9376,29,1,30
16174,UNIVERSITY OF TOLEDO,5248 Hill Ave,Toledo,OH,43615-5868,1964,3/31/1964 0:00:00,4,false,99048028,$99.05M,5169,16,1,17
22625,LEATHERSTOCKING REGION,24 GLEN AVENUE,COOPERSTOWN,NY,13326,1977,1/28/1977 0:00:00,4,false,99042187,$99.04M,5912,14,2,16
4395,TAMPA POSTAL,PO BOX 17659,TAMPA,FL,33682,1941,1/1/1941 0:00:00,4,false,98647451,$98.65M,6161,22,1,23
11273,STERLING UNITED,1330 W. FRANKLIN STREET,EVANSVILLE,IN,47710-1028,1956,9/11/1956 0:00:00,4,false,98553090,$98.55M,8215,23,1,24
15659,MARIN COUNTY,30 N. SAN PEDRO RD. #115,SAN RAFAEL,CA,94903,1963,1/1/1963 0:00:00,4,false,98382793,$98.38M,4137,6,1,7
5318,TENNESSEE MEMBERS 1ST,PO Box 6828,Oak Ridge,TN,37831,1946,1/1/1946 0:00:00,4,false,98081353,$98.08M,4534,19,0,19
65013,HEALTHCARE FIRST CREDIT UNION,1152 FRANKLIN STREET,JOHNSTOWN,PA,15905-4310,1979,1/1/1979 0:00:00,4,false,97970596,$97.97M,8166,21,4,25
68073,HOLLEY,P.O. BOX 398,PARIS,TN,38242,1952,12/3/1993 0:00:00,4,false,97831094,$97.83M,8993,20,1,21
65150,SERVE,423 E COURT AVE,DES MOINES,IA,50309-2010,1932,1/1/1932 0:00:00,4,false,97804172,$97.80M,5005,17,0,17
7822,CANNON,PO BOX 2080,CLOVIS,NM,88102-2080,1952,1/1/1952 0:00:00,4,false,97799931,$97.80M,9350,27,1,28
8435,KO`OLAU,6699 Mokapu Rd,KAILUA,HI,96734,1953,2/26/1953 0:00:00,4,false,97791762,$97.79M,6343,10,2,12
3759,GREATER CHAUTAUQUA,51 E MAIN ST,FALCONER,NY,14733,1940,1/1/1940 0:00:00,4,false,97511751,$97.51M,9586,29,1,30
67342,CONNECT CREDIT UNION,3400 W Commercial Blvd,Fort lauderdale,FL,33309,1909,2/26/1991 0:00:00,4,false,97490237,$97.49M,5226,21,0,21
24670,I AM,498 Fashion Ave Fl 2,New York,NY,10018-6708,1940,6/20/1940 0:00:00,4,true,97264954,$97.26M,15398,20,0,20
11927,COASTAL COMMUNITY,2302 Church Street,Galveston,TX,77550,1957,1/1/1957 0:00:00,4,false,97139427,$97.14M,11138,28,2,30
4684,CONCHO EDUCATORS,PO BOX 60976,SAN ANGELO,TX,76906,1941,1/1/1941 0:00:00,4,false,97046951,$97.05M,6677,27,4,31
64281,CHEROKEE STRIP,1508 East Prospect,Ponca City,OK,74604-1909,1933,1/1/1933 0:00:00,4,false,96832983,$96.83M,8868,36,1,37
62040,COMPASS,485 S State St,Sparta,MI,49345-1549,1956,1/1/1956 0:00:00,4,false,96832343,$96.83M,7538,17,3,20
12004,NORTH CAROLINA COMMUNITY,2401 EAST ASH STREET,GOLDSBORO,NC,27534,1957,1/1/1957 0:00:00,4,false,96785072,$96.79M,5806,24,3,27
16373,WINDTHORST,PO Box 127,WINDTHORST,TX,76389,1964,1/1/1964 0:00:00,4,false,96752880,$96.75M,3502,13,0,13
5982,ROUTE 31,"715 Terrace Street, Suite 101",Muskegon,MI,49440,1949,1/6/1949 0:00:00,4,false,96745326,$96.75M,9594,29,4,33
5419,RIDGEDALE,124 S Ridgedale AVe,East Hanover,NJ,07936,1947,1/1/1947 0:00:00,4,false,96682516,$96.68M,3745,16,1,17
12305,FAIRFIELD,P. O. BOX 5700,PINE BLUFF,AR,71611-5700,1958,1/1/1958 0:00:00,4,false,96513622,$96.51M,9672,27,0,27
4966,UNITY CATHOLIC,5839 Ridge Road,Parma,OH,44129,1942,1/1/1942 0:00:00,4,false,96377269,$96.38M,9203,21,5,26
11746,BROWARD HEALTHCARE,2350 W COMMERCIAL BLVD,FORT LAUDERDALE,FL,33309,1957,1/1/1957 0:00:00,4,false,96268608,$96.27M,8338,16,1,17
7002,CROSSROADS FINANCIAL,"1102 W Votaw ST, PO Box 806",Portland,IN,47371,1950,11/29/1950 0:00:00,4,false,96219592,$96.22M,8987,19,7,26
24603,FAMILY ADVANTAGE,P.O. Box 39,Spring Hill,TN,37174,1997,9/18/1997 0:00:00,4,false,96186317,$96.19M,7324,28,0,28
66434,INDIANHEAD,PO BOX 100,SPOONER,WI,54801,1961,3/16/1961 0:00:00,4,false,96178980,$96.18M,7240,17,3,20
66012,COMMUNITY CHOICE,6921 E 72nd Av,Commerce City,CO,80022,1952,1/1/1952 0:00:00,4,false,95847850,$95.85M,6384,14,0,14
18090,ST. PIUS X CHURCH,2998 CHILI AVENUE,ROCHESTER,NY,14624,1967,1/1/1967 0:00:00,4,false,95819073,$95.82M,5230,12,3,15
66366,EDINBURG TEACHERS,900 W University Dr,Edinburg,TX,78539,1955,5/2/1955 0:00:00,4,true,95616886,$95.62M,6154,18,0,18
65323,UPWARD,1860 El Camino Real Ste 100,Burlingame,CA,94010-3106,1956,1/1/1956 0:00:00,4,false,95546817,$95.55M,4333,13,1,14
61094,COMMUNITY FIRST,2043 E Prospect Rd,Ashtabula,OH,44004,1955,1/1/1955 0:00:00,4,false,95527212,$95.53M,5032,16,0,16
785,UNIVERSAL,317 31st ST,Huntington,WV,25702-1417,1935,11/30/1935 0:00:00,4,false,95457014,$95.46M,6025,17,6,23
20641,LAKE CHEM COMMUNITY,35 US Highway 68 E,Benton,KY,42025,1971,1/1/1971 0:00:00,4,false,95347313,$95.35M,12114,23,0,23
3764,TRANSIT EMPLOYEES,6404 Ivy Ln Ste 510,Greenbelt,MD,20770-1426,1940,1/1/1940 0:00:00,4,true,95326741,$95.33M,10741,20,0,20
17636,SOUTH CAROLINA NATIONAL GUARD,PO BOX 9366,Columbia,SC,29290,1966,1/1/1966 0:00:00,4,false,95242868,$95.24M,5636,18,0,18
12153,AFENA,935 N Baldwin Ave,Marion,IN,46952,1958,1/3/1958 0:00:00,4,false,95216370,$95.22M,9053,30,1,31
67576,COOPERATIVE TEACHERS,1424 W Southwest Loop 323,Tyler,TX,75701-9347,1953,5/26/1953 0:00:00,4,false,95067605,$95.07M,4633,16,2,18
16479,FOUR SEASONS,2915 PEPPERELL PKWY,OPELIKA,AL,36801-6127,1964,1/1/1964 0:00:00,4,false,94828826,$94.83M,9521,26,0,26
24131,UNION YES,P O BOX 1849,ORANGE,CA,92856,1981,9/11/1981 0:00:00,4,true,94798050,$94.80M,24980,12,1,13
1172,CORNER POST,566 South Main Street,Wilkes Barre,PA,18701,1936,1/1/1936 0:00:00,4,false,94773497,$94.77M,5341,12,1,13
5530,VA DESERT PACIFIC,5901 E 7th St Bldg2,Long Beach,CA,90822,1947,6/20/1947 0:00:00,4,true,94739530,$94.74M,6226,17,0,17
18515,FERGUSON,1026 E Broad St,Monticello,MS,39654,1968,1/1/1968 0:00:00,4,false,94614568,$94.61M,10676,49,1,50
64231,FIRST CLASS COMMUNITY,2051 WESTOWN PARKWAY,WEST DES MOINES,IA,50265-1541,1925,1/1/1925 0:00:00,4,false,94540763,$94.54M,7253,20,0,20
13495,COUNTY SCHOOLS,3954 E Main St,Ventura,CA,93003,1960,1/1/1960 0:00:00,4,false,94469402,$94.47M,4691,11,0,11
66819,ATHOL,P.O. Box 389,Athol,MA,01331,1930,7/9/1930 0:00:00,4,false,94419386,$94.42M,6211,23,2,25
66854,WNC COMMUNITY  CU,27 Kent Ln,Waynesville,NC,28786-6099,1946,4/2/1946 0:00:00,4,false,94304131,$94.30M,4009,13,0,13
10904,GRANCO,PO Box 127,Ephrata,WA,98823,1956,1/1/1956 0:00:00,4,false,93927562,$93.93M,5063,19,0,19
63613,DAKOTA PLAINS,212 5th Ave,Edgeley,ND,58433,1941,1/1/1941 0:00:00,4,false,93916477,$93.92M,4298,27,0,27
9289,LOWER COLUMBIA LONGSHOREMEN,629 14TH AVE,LONGVIEW,WA,98632,1954,1/1/1954 0:00:00,4,false,93588427,$93.59M,4240,11,9,20
4374,SHERIDAN COMMUNITY,P.O. Box 708,Sheridan,WY,82801,1941,1/1/1941 0:00:00,4,false,93517837,$93.52M,6128,12,0,12
68562,MEMBERS SOURCE,8580 Virginia St,Merrillville,IN,46410,1935,8/17/1935 0:00:00,4,false,93265029,$93.27M,6067,19,1,20
13926,TEWKSBURY,752 Main St,Tewksbury,MA,01876,1960,1/1/1960 0:00:00,4,false,93138554,$93.14M,5902,19,7,26
12319,OMAHA POLICE,3003 S 82nd Ave,Omaha,NE,68124,1958,1/1/1958 0:00:00,4,false,93057646,$93.06M,5373,16,0,16
67240,NORTHWOODS COMMUNITY,PO Box 369,Park Falls,WI,54552,1953,4/22/1953 0:00:00,4,false,93025190,$93.03M,8156,26,5,31
6353,WASHINGTON COUNTY TEACHERS,"19638 LEITERSBURG PIKE, SUITE 100",HAGERSTOWN,MD,21742,1949,1/1/1949 0:00:00,4,false,93007573,$93.01M,4461,9,0,9
1127,SALEM VA MEDICAL CENTER,112 W Main St,Salem,VA,24153,1936,1/1/1936 0:00:00,4,false,92993479,$92.99M,7850,24,3,27
21413,TIMBERLAND,821 BEAVER DR,DUBOIS,PA,15801,1973,10/9/1973 0:00:00,4,false,92940056,$92.94M,9265,27,1,28
62683,MEMBERS COMMUNITY,159 Colorado St. P O Box 467,Muscatine,IA,52761,1957,1/1/1957 0:00:00,4,false,92840010,$92.84M,8057,22,3,25
871,ZELLCO,520 AVENUE V,BOGALUSA,LA,70427-4414,1935,1/1/1935 0:00:00,4,false,92762249,$92.76M,8058,22,0,22
20749,WESLA,P. O. Box 17770,Shreveport,LA,71138,1971,1/1/1971 0:00:00,4,false,92529675,$92.53M,6451,16,5,21
68255,PROGRESSIONS,2919 E Mission AVE,Spokane,WA,99202-3624,1933,11/27/1933 0:00:00,4,false,92385650,$92.39M,5769,15,0,15
3487,FREEDOM UNITED,283 Adams St.,ROCHESTER,PA,15074-2143,1939,1/1/1939 0:00:00,4,false,92282213,$92.28M,6878,14,2,16
2508,CROSSROADS COMMUNITY,3031 WILLIAM STREET,CHEEKTOWAGA,NY,14227,1938,1/1/1938 0:00:00,4,false,92281356,$92.28M,5296,11,2,13
8367,GARDINER,420 Brunswick Ave,Gardiner,ME,04345-2836,1953,1/1/1953 0:00:00,4,false,92164301,$92.16M,5449,14,1,15
3541,BAY ATLANTIC,101 W ELMER ROAD,VINELAND,NJ,08360,1939,1/1/1939 0:00:00,4,false,92053798,$92.05M,9235,26,6,32
13416,SUNSET SCIENCE PARK,1100 NW MURRAY RD STE 200,PORTLAND,OR,97229-1148,1960,1/1/1960 0:00:00,4,false,91910854,$91.91M,3544,13,0,13
63834,JEFFERSON CREDIT UNION,5261 Ross Bridge Pkwy,Hoover,AL,35226,1941,1/1/1941 0:00:00,4,false,91765155,$91.77M,8294,23,0,23
16178,WATERFRONT,6419 Fauntleroy Way SW,Seattle,WA,98136,1964,4/2/1964 0:00:00,4,false,91718775,$91.72M,6654,14,0,14
68738,MEMORIAL EMPLOYEES FINANCIAL,3501 JOHNSON STREET,HOLLYWOOD,FL,33021,1971,1/1/1971 0:00:00,4,false,91705237,$91.71M,8932,18,0,18
64361,JOURNEY,PO Box 1496,Des Moines,IA,50305-1496,1954,1/1/1954 0:00:00,4,false,91655658,$91.66M,5162,15,1,16
119,TRIBORO POSTAL,"14202 20TH AVE, P.O. BOX 520487",FLUSHING,NY,11352-0487,1935,1/1/1935 0:00:00,4,false,91614353,$91.61M,3739,8,0,8
17395,IRCO COMMUNITY,450 Hillcrest Blvd,Phillipsburg,NJ,08865,1966,1/1/1966 0:00:00,4,false,91424543,$91.42M,6625,17,5,22
68686,BAYLANDS FAMILY,PO BOX 392,WEST POINT,VA,23181,1946,1/1/1946 0:00:00,4,false,91411603,$91.41M,5652,29,2,31
64942,FAMILY HORIZONS,6665 E 21st St,Indianapolis,IN,46219,1954,1/1/1954 0:00:00,4,false,91357440,$91.36M,9286,22,7,29
67222,THE STATE,"2200 WASHINGTON STREET EAST, P.O. B",CHARLESTON,WV,25305-0919,1988,5/18/1988 0:00:00,4,false,91331263,$91.33M,8399,15,0,15
11685,ARKANSAS SUPERIOR,P.O. BOX 479,WARREN,AR,71671,1957,1/1/1957 0:00:00,4,false,91127079,$91.13M,9991,25,3,28
68104,KINGSPORT PRESS CU,528 W CENTER STREET,KINGSPORT,TN,37660,1930,12/13/1993 0:00:00,4,false,91002653,$91.00M,6267,21,0,21
8774,MCKESSON & HEALTHCARE PROVIDERS,1785 Arnold Drive,Martinez,CA,94553-4110,1953,1/1/1953 0:00:00,4,false,90963878,$90.96M,6983,14,0,14
67911,PRIMESOURCE,P O Box 48275,Spokane,WA,99228,1935,3/1/1935 0:00:00,4,false,90857631,$90.86M,6777,19,0,19
64140,PEOPLES,Po Box 545,Webster City,IA,50595,1962,1/1/1962 0:00:00,4,false,90850854,$90.85M,6501,22,0,22
14733,SHELBY COUNTY,"160 N Main, Suite 401",Memphis,TN,38103-1866,1961,1/1/1961 0:00:00,4,false,90842389,$90.84M,9640,31,1,32
18635,PORT WASHINGTON,157 main st,port washington,NY,11050,1968,3/4/1968 0:00:00,4,false,90793580,$90.79M,3020,4,6,10
1108,CENTRAL JERSEY,34 B Main Street,WOODBRIDGE,NJ,07095,1936,1/1/1936 0:00:00,4,false,90746992,$90.75M,6144,15,0,15
24807,WELCOME,PO BOX 830,MORRISVILLE,NC,27560,1974,1/1/1974 0:00:00,4,false,90301779,$90.30M,6399,20,0,20
16411,DC,20 M St SE Ste 280,Washington,DC,20003-3548,1954,1/1/1964 0:00:00,4,true,90087362,$90.09M,9985,22,0,22
67066,MARSHFIELD MEDICAL CENTER,PO Box 279,Marshfield,WI,54449,1965,10/21/1965 0:00:00,4,false,90084387,$90.08M,3702,11,1,12
4969,MEMBERS CHOICE WV,P O Box 20040,Charleston,WV,25362,1942,11/10/1942 0:00:00,4,false,89947198,$89.95M,5999,14,2,16
63137,VISION ONE,3279 Ramos Cir,Sacramento,CA,95827-2500,1951,1/1/1951 0:00:00,4,false,89920884,$89.92M,1532,10,0,10
68676,SMW FINANCIAL,700 APOLLO DRIVE,LINO LAKES,MN,55014,1954,6/22/1988 0:00:00,4,false,89879275,$89.88M,4664,15,0,15
7970,ST. THOMAS,P.O. Box 1138,Charlotte Amali,VI,00804-1138,1952,1/1/1952 0:00:00,4,true,89685144,$89.69M,8817,20,1,21
11663,GOOD NEIGHBORS,30 Brunswick Rd,Depew,NY,14043,1957,1/1/1957 0:00:00,4,false,89617349,$89.62M,10429,37,3,40
18393,POLICEMEN'S,1130  S  MAIN ST,SOUTH BEND,IN,46601-3338,1967,10/26/1967 0:00:00,4,false,89326525,$89.33M,4771,10,3,13
13432,STATE HIGHWAY PATROL,1900 POLARIS PKWY STE 400,COLUMBUS,OH,43240-4035,1960,1/14/1960 0:00:00,4,false,89269910,$89.27M,6681,11,0,11
12181,WELLSPRING,150 East Roundbunch Road,Bridge City,TX,77611,1958,1/1/1958 0:00:00,4,false,89215003,$89.22M,8309,30,1,31
24171,INDEPENDENT,3737 S SCATTERFIELD RD,ANDERSON,IN,46013,1971,12/6/1984 0:00:00,4,false,89030309,$89.03M,6183,26,1,27
5366,DESERT VALLEYS,PO Box 367,Ridgecrest,CA,93556,1946,9/10/1946 0:00:00,4,false,88904014,$88.90M,5992,19,0,19
6844,TRAVERSE CATHOLIC,3797 VETERANS DR,TRAVERSE CITY,MI,49684-4516,1950,8/2/1950 0:00:00,4,false,88858342,$88.86M,6763,21,1,22
8988,OWENSBORO,717 Harvard Drive,Owensboro,KY,42301,1953,1/1/1953 0:00:00,4,false,88835362,$88.84M,6082,16,2,18
1880,HONOLULU FIRE DEPARTMENT,1200 N School S,Honolulu,HI,96817-2013,1937,1/6/1937 0:00:00,4,false,88664649,$88.66M,6213,9,0,9
61306,TEXAS BRIDGE,3131 HOLLY RD,CORPUS CHRISTI,TX,78415,1951,1/1/1951 0:00:00,4,true,88598752,$88.60M,6690,22,0,22
16042,WESTERN NEW YORK,1937 Union Rd,West Seneca,NY,14224,1964,1/1/1964 0:00:00,4,false,88497641,$88.50M,9134,14,2,16
64103,FORRIT,"12550 SE 93rd Ave., Suite 400",Clackamas,OR,97015,1936,10/19/1936 0:00:00,4,false,88420674,$88.42M,4594,22,1,23
63541,THE CREDIT UNION FOR ALL,1811 Eastland Dr,Bloomington,IL,61704,1940,1/19/1940 0:00:00,4,false,88115978,$88.12M,8109,18,0,18
12752,AMERICO,4101 MAIN ST,ERIE,PA,16511,1959,1/1/1959 0:00:00,4,false,88085154,$88.09M,7421,17,0,17
14562,EVANSVILLE,PO Box 0651,Evansville,IN,47704-0651,1961,9/12/1961 0:00:00,4,false,88020835,$88.02M,5897,20,1,21
62228,"GREATER KENTUCKY CU, INC.",1001 RED MILE ROAD,LEXINGTON,KY,40504,1953,1/1/1953 0:00:00,4,false,87987779,$87.99M,9271,20,0,20
464,EAGLE ONE,P O Box 543,Claymont,DE,19703,1935,1/1/1935 0:00:00,4,false,87784305,$87.78M,8427,18,0,18
24715,RADIUS,PO Box 4130,Kenmore,NY,14217,1942,1/1/1942 0:00:00,4,false,87629904,$87.63M,8075,15,0,15
66372,U. S. EMPLOYEES,24909 Kuykendahl Rd,Tomball,TX,77375-3295,1933,12/30/1933 0:00:00,4,false,87318100,$87.32M,7508,18,0,18
64145,POSTAL & COMMUNITY,3921 Oakland Ave,Saint Joseph,MO,64506,1922,3/8/1928 0:00:00,4,false,87208526,$87.21M,11097,13,2,15
63606,GOETZ,1905 HOWARD,ST JOSEPH,MO,64501,1937,4/17/1937 0:00:00,4,false,87138150,$87.14M,13447,13,0,13
14003,TORRINGTON MUNICIPAL AND TEACHERS,777 EAST MAIN ST,TORRINGTON,CT,06790,1960,1/1/1960 0:00:00,4,false,87132559,$87.13M,10909,16,3,19
61260,CURIS FINANCIAL,PO Box 100167,Columbia,SC,29202-3167,1964,1/1/1964 0:00:00,4,true,87122385,$87.12M,9510,24,1,25
62571,MEMORIAL,7789 SW FRWY SUITE 175,Houston,TX,77074,1953,12/8/1953 0:00:00,4,false,87101455,$87.10M,9861,28,0,28
5665,CITY,901 S LINCOLN ST,AMARILLO,TX,79101-3637,1948,1/1/1948 0:00:00,4,true,87067208,$87.07M,3077,15,1,16
8230,TECHNICOLOR,434 W Alameda Avenue,Burbank,CA,91506,1952,1/1/1952 0:00:00,4,false,86972834,$86.97M,4126,17,2,19
10913,SOUTHWEST RESEARCH CENTER,7215 Culebra Rd,San Antonio,TX,78251-1305,1956,1/1/1956 0:00:00,4,false,86931689,$86.93M,5337,13,1,14
8442,MY PENSACOLA,108 S REUS ST,PENSACOLA,FL,32502-5718,1953,1/1/1953 0:00:00,4,false,86890350,$86.89M,4666,22,0,22
66616,SHEBOYGAN AREA,1707 Indiana Ave,Sheboygan,WI,53081,1954,6/3/1954 0:00:00,4,false,86790156,$86.79M,6863,18,3,21
3757,RIVERBANK,516 Spring St,Windsor Locks,CT,06096,1940,1/1/1940 0:00:00,4,false,86602535,$86.60M,4265,17,2,19
15175,T M H,345 S MAGNOLIA DR,TALLAHASSEE,FL,32301,1962,1/1/1962 0:00:00,4,false,86541287,$86.54M,8659,21,1,22
60646,COAST LINE,333 Cottage Rd,South Portland,ME,04106-3919,1927,1/1/1927 0:00:00,4,false,86244600,$86.24M,3307,7,0,7
17847,COMMON TRUST,8 Cedar St,Woburn,MA,01801-7246,1966,1/1/1966 0:00:00,4,false,86124390,$86.12M,4882,13,3,16
24232,LOWER EAST SIDE PEOPLE'S,37 AVENUE B,NEW YORK,NY,10009,1986,1/23/1986 0:00:00,4,true,85872068,$85.87M,8882,28,1,29
15327,SOUTHWEST FINANCIAL,1750 Valley View Lane #110,Farmers Branch,TX,75234-9024,1962,1/1/1962 0:00:00,4,false,85729892,$85.73M,7765,29,0,29
15815,SOUTHLAND,2601 S John Redditt Dr,Lufkin,TX,75904-5624,1963,1/1/1963 0:00:00,4,false,85693311,$85.69M,7018,13,1,14
97052,FIREFIGHTERS,726 Massachusetts Ave,Indianapolis,IN,46204,1956,1/1/1956 0:00:00,4,false,85595055,$85.60M,4914,13,0,13
63375,BAY AREA,4202 Navarre Ave,Oregon,OH,43616-3562,1934,11/24/1934 0:00:00,4,false,85459840,$85.46M,5399,21,1,22
68622,SNOCOPE,3130 Rockefeller,Everett,WA,98201-4029,1959,1/1/1959 0:00:00,4,false,85423355,$85.42M,6003,14,0,14
60745,SANTEE COOPER CREDIT UNION,612 REMBERT C DENNIS BLVD,MONCKS CORNER,SC,29461,1953,1/1/1953 0:00:00,4,false,85262082,$85.26M,7064,20,0,20
63389,VOLT,P O Box 1217,Springfield,MO,65801,1935,10/15/1935 0:00:00,4,false,85241546,$85.24M,6934,23,0,23
5373,WESTEX,901 Avenue Q,Lubbock,TX,79401,1946,1/1/1946 0:00:00,4,false,85222205,$85.22M,6791,15,0,15
15563,BAYCEL,2320 6TH ST,BAY CITY,TX,77414-5240,1963,1/1/1963 0:00:00,4,false,85155501,$85.16M,5484,12,2,14
21630,EASTERN OPERATING ENGINEERS,1616 WHITESTONE EXPY,WHITESTONE,NY,11357,1974,4/24/1974 0:00:00,4,false,85129481,$85.13M,2289,9,2,11
60335,TAYLORVILLE COMMUNITY,422 W Main Cross St,Taylorville,IL,62568-2156,1956,1/1/1956 0:00:00,4,false,85041855,$85.04M,7361,26,1,27
5546,ADIRONDACK REGIONAL,280 PARK ST,TUPPER LAKE,NY,12986-1909,1947,1/1/1947 0:00:00,4,false,85031324,$85.03M,7025,16,0,16
66388,TAYLOR,"825 East Allman Street, PO Box 427",Medford,WI,54451,1951,3/28/1951 0:00:00,4,false,84668456,$84.67M,7361,18,4,22
62143,SOUTH CENTRAL,P.O. BOX 27,JACKSON,MI,49204,1954,1/1/1954 0:00:00,4,false,84651615,$84.65M,6777,19,1,20
67666,TNCONNECT,P.O. BOX 52990,KNOXVILLE,TN,37950,1924,1/1/1924 0:00:00,4,false,84646078,$84.65M,6386,22,1,23
5465,FIRST EDUCATION,PO Box 20030,Cheyenne,WY,82003,1947,1/1/1947 0:00:00,4,false,84613477,$84.61M,5583,14,4,18
15015,FOOTHILLS,956 MULBERRY ST,LOUDON,TN,37774,1962,1/1/1962 0:00:00,4,false,84456129,$84.46M,5275,20,0,20
21244,UNION BUILDING TRADES,PO Box 6270,Parsippany,NJ,07054,1973,4/23/1973 0:00:00,4,false,84313309,$84.31M,24791,17,0,17
63306,MULTI-STATES,1444 E Sunshine St,SPRINGFIELD,MO,65804-1238,1975,10/30/1975 0:00:00,4,false,84289190,$84.29M,14892,20,1,21
61209,CHICAGO FIREFIGHTER'S,6230 S Central Ave,Chicago,IL,60638,1937,1/1/1937 0:00:00,4,false,84155089,$84.16M,6386,7,0,7
60645,NEW SOUTH CREDIT UNION,3261 N Mall Rd,Knoxville,TN,37924,1952,1/1/1952 0:00:00,4,false,84148867,$84.15M,6745,20,3,23
12604,FRANKLIN FIRST,57 Newton Street,Greenfield,MA,01301,1958,1/1/1958 0:00:00,4,false,84103874,$84.10M,7398,17,2,19
5063,DANIELS-SHERIDAN,PO BOX 1160,SCOBEY,MT,59263-1160,1943,1/1/1943 0:00:00,4,false,83888357,$83.89M,3156,14,3,17
67741,CREDIT UNION FOR ROBERTSON COUNTY,3564 Tom Austin Hwy,Springfield,TN,37172,1968,11/18/1991 0:00:00,4,false,83587013,$83.59M,9946,40,9,49
24971,PWC EMPLOYEES,12715 Ridgefield Village Dr STE 101,Woodbridge,VA,22193-8911,1971,1/21/1971 0:00:00,4,false,83555519,$83.56M,7101,17,2,19
18623,CALCOM,3748 BAYER AVE STE 104,LONG BEACH,CA,90808-1884,1968,1/1/1968 0:00:00,4,true,83531626,$83.53M,7454,23,1,24
66798,FORWARD FINANCIAL,1250 ROOSEVELT,NIAGARA,WI,54151,1948,9/8/1948 0:00:00,4,false,83527542,$83.53M,7959,31,2,33
6084,FRONT ROYAL,230 N ROYAL AVE,FRONT ROYAL,VA,22630-2616,1949,1/1/1949 0:00:00,4,false,83179253,$83.18M,5497,15,0,15
62701,CSD,8510 E. BANNISTER RD,KANSAS CITY,MO,64134,1959,3/5/1959 0:00:00,4,false,83147243,$83.15M,5824,14,3,17
16946,UARK,P. O. Box 10260,Fayetteville,AR,72703,1965,1/1/1965 0:00:00,4,false,83020352,$83.02M,7116,20,1,21
64062,SABATTUS REGIONAL,P.O. Box 250,Sabattus,ME,04280,1957,12/9/1957 0:00:00,4,false,82953468,$82.95M,4658,14,1,15
68584,HARVESTER FINANCIAL,7020 Brookville Rd,Indianapolis,IN,46239,1954,3/18/1954 0:00:00,4,false,82923331,$82.92M,8501,25,0,25
18242,SUSQUEHANNA VALLEY,3850 Hartzdale Dr,Camp Hill,PA,17011-7809,1967,1/1/1967 0:00:00,4,false,82712794,$82.71M,5692,13,0,13
19732,RAVALLI COUNTY,PO Box 598,Hamilton,MT,59840,1969,1/1/1969 0:00:00,4,false,82712067,$82.71M,6129,16,2,18
68205,SPOKANE FIREFIGHTERS,2002 N Atlantic St,Spokane,WA,99205-4805,1934,5/31/1934 0:00:00,4,false,82550817,$82.55M,2519,12,0,12
9931,BAYOU,5880 FLORIDA BLVD,BATON ROUGE,LA,70806-4247,1954,1/1/1954 0:00:00,4,false,82350080,$82.35M,7766,20,2,22
64275,PUBLIC SERVICE #3,4025 W Jefferson Blvd,Fort Wayne,IN,46804,1932,1/1/1932 0:00:00,4,false,82335723,$82.34M,5034,18,3,21
21383,DOMINO,PO Box 7509,Texarkana,TX,75505,1973,8/23/1973 0:00:00,4,false,82286358,$82.29M,5230,21,0,21
60906,MID-KANSAS,P. O. BOX 608,MOUNDRIDGE,KS,67107-0608,1972,1/1/1972 0:00:00,4,false,82161199,$82.16M,4190,18,1,19
24481,IRVING CITY EMPLOYEES,1408 W Pioneer Dr,Irving,TX,75061,1961,8/10/1993 0:00:00,4,false,82072666,$82.07M,5016,10,1,11
61638,LAKE HURON,P.O. Box 5385,Saginaw,MI,48603,1959,1/1/1959 0:00:00,4,false,82041356,$82.04M,6325,19,6,25
67599,ALLCOM,36 Park Ave,Worcester,MA,01609,1922,11/8/1922 0:00:00,4,false,82034382,$82.03M,3893,13,3,16
3551,JAMESTOWN AREA COMMUNITY,915 E 2ND ST,Jamestown,NY,14701,1940,1/1/1940 0:00:00,4,false,81940412,$81.94M,6304,19,4,23
19788,CAROLINA,1200 E CHURCH STREET,CHERRYVILLE,NC,28021,1969,1/1/1969 0:00:00,4,false,81878397,$81.88M,7393,16,0,16
67517,METRO MEDICAL,8200 Brookriver Dr Ste N110,Dallas,TX,75247,1965,8/10/1965 0:00:00,4,false,81824918,$81.82M,6176,14,0,14
64122,VALLEY OAK,PO Box 279,Three Rivers,CA,93271,1944,6/27/1944 0:00:00,4,false,81758149,$81.76M,5930,20,0,20
1542,GNC COMMUNITY,201 S Jefferson St,New Castle,PA,16101,1936,1/1/1936 0:00:00,4,false,81710024,$81.71M,11634,17,2,19
65639,WEXFORD COMMUNITY,1015 Wilcox St,Cadillac,MI,49601,1953,2/26/1953 0:00:00,4,false,81666687,$81.67M,8110,34,6,40
67176,FOND DU LAC,91 N Pioneer Rd,Fond du Lac,WI,54935,1954,3/22/1954 0:00:00,4,false,81596163,$81.60M,5867,17,1,18
8349,SHORE TO SHORE COMMUNITY,4550 Division St,Trenton,MI,48183,1953,2/9/1953 0:00:00,4,false,81524403,$81.52M,5398,15,1,16
23162,ELEMENT,3418 MacCorkle Ave SE,Charleston,WV,25304,1978,8/7/1978 0:00:00,4,false,81456446,$81.46M,4424,13,5,18
14415,SONOMA,917 College Ave,Santa Rosa,CA,95404-4110,1961,6/7/1961 0:00:00,4,false,81243049,$81.24M,1811,12,1,13
7652,WESTPORT,P.O. Box 288,Westport,MA,02790,1952,1/1/1952 0:00:00,4,false,81127546,$81.13M,6289,11,3,14
63896,CREDIT UNION OF VERMONT,2 S Main St,Rutland,VT,05701-4262,1958,9/18/1958 0:00:00,4,false,81022678,$81.02M,3434,8,0,8
234,PITTSBURGH FIREFIGHTERS',P.O. BOX 8577,PITTSBURGH,PA,15220,1935,1/1/1935 0:00:00,4,false,80626819,$80.63M,4506,9,0,9
11678,TIMBERLINE,PO Box 929,Crossett,AR,71635-0929,1957,1/1/1957 0:00:00,4,false,80585973,$80.59M,10906,35,1,36
9146,B-M S,1 Squibb Dr,New Brunswick,NJ,08901-1588,1954,1/1/1954 0:00:00,4,false,80578833,$80.58M,3704,12,0,12
67383,CREDIT UNION OF ATLANTA,670 Metropolitan Parkway SW,Atlanta,GA,30310,1928,3/14/1928 0:00:00,4,true,80413160,$80.41M,14368,25,0,25
13902,FICARE,26644 Silver Maple Pkwy,Wesley Chapel,FL,33544,1960,1/1/1960 0:00:00,4,false,80371611,$80.37M,8113,25,1,26
8344,KBR HERITAGE,PO BOX 4557,HOUSTON,TX,77210-4557,1953,1/1/1953 0:00:00,4,false,80219428,$80.22M,4375,10,0,10
3963,RIO GRANDE,760 Rood Ave,Grand Junction,CO,81501-3408,1940,6/24/1940 0:00:00,4,false,80099023,$80.10M,4927,11,0,11
68546,EVERGREENDIRECT,6001 Capitol Blvd SW,Tumwater,WA,98501-5290,1977,12/20/1977 0:00:00,4,false,80029998,$80.03M,4843,25,1,26
9237,RUTGERS,98 College Ave,New Brunswick,NJ,08901-1149,1954,1/1/1954 0:00:00,4,false,79876093,$79.88M,6535,7,5,12
67554,POSTEL FAMILY,4400 Maplewood Ave,Wichita Falls,TX,76308,1929,9/29/1929 0:00:00,4,false,79827403,$79.83M,5749,22,2,24
19879,COVE,577 Dudley Rd,Edgewood,KY,41017-3248,1970,1/1/1970 0:00:00,4,false,79787631,$79.79M,6511,17,0,17
65059,NIKKEI,18425 S WESTERN AVE,GARDENA,CA,90248,1951,1/1/1951 0:00:00,4,true,79680275,$79.68M,3874,16,1,17
15248,LAMPCO,5411 DR MARTIN LUTHER KING JR BLVD,ANDERSON,IN,46013,1962,10/15/1962 0:00:00,4,false,79482137,$79.48M,7665,20,3,23
67544,BAYLOR HEALTH CARE SYSTEM,4005 Crutcher St Ste 130,Dallas,TX,75246-1780,1957,7/12/1957 0:00:00,4,false,79337699,$79.34M,4917,12,0,12
82793,KEMBA INDIANAPOLIS,444 S Shortridge Rd,Indianapolis,IN,46219,1933,1/1/1933 0:00:00,4,false,79332351,$79.33M,5060,14,2,16
21073,1ST MISSISSIPPI,600 19th Ave,Meridian,MS,39301,1972,9/15/1972 0:00:00,4,false,79224129,$79.22M,10689,39,0,39
60048,STATE POLICE CREDIT UNION INC.,321 Research Pkwy Ste 202,Meriden,CT,06450,1960,1/1/1960 0:00:00,4,false,79168604,$79.17M,2841,5,2,7
24840,REVITY,217 N GREENE ST,GREENSBORO,NC,27401,1937,12/3/1937 0:00:00,4,false,79138375,$79.14M,5916,19,0,19
8113,WESTEDGE,2501 JAMES STREET,BELLINGHAM,WA,98225-3529,1952,10/6/1952 0:00:00,4,false,78937350,$78.94M,4182,15,0,15
68321,CALIFORNIA COMMUNITY,8815 Folsom Blvd,Sacramento,CA,95826,1939,5/16/1939 0:00:00,4,false,78860801,$78.86M,4202,14,1,15
7509,MUSKEGON,65 W LAKETON AVE,MUSKEGON,MI,49441,1951,11/6/1951 0:00:00,4,false,78713262,$78.71M,5028,14,1,15
60780,CRANSTON MUNICIPAL EMPLOYEES,1615 PONTIAC AVE,CRANSTON,RI,02920,1946,1/1/1946 0:00:00,4,false,78711987,$78.71M,3147,11,2,13
9335,OU,PO BOX GG,NORMAN,OK,73070,1954,1/1/1954 0:00:00,4,false,78304619,$78.30M,13900,13,5,18
68743,LIMESTONE FINANCIAL,131 River St,Manistique,MI,49854,1954,3/3/1954 0:00:00,4,false,78266166,$78.27M,4904,23,6,29
8229,FIRST CHOICE,2209 W State St,New Castle,PA,16101-1138,1952,1/1/1952 0:00:00,4,false,78123778,$78.12M,7825,16,2,18
1257,BATON ROUGE FIRE DEPARTMENT,PO Box 40118,Baton Rouge,LA,70835,1936,1/1/1936 0:00:00,4,false,78054068,$78.05M,6358,12,1,13
10399,KAHULUI,25 WEST KAMEHAMEHA AVENUE,KAHULUI,HI,96732,1955,1/1/1955 0:00:00,4,true,78008233,$78.01M,3447,12,0,12
68746,CHRISTIAN FAMILY,PO BOX 2800,NORTH CANTON,OH,44720,0,12/30/1899 0:00:00,4,false,77962635,$77.96M,3524,14,2,16
11548,COLUMBINE,4902 E Dry Creek Rd,Centennial,CO,80122,1957,1/1/1957 0:00:00,4,false,77797530,$77.80M,6850,15,1,16
613,EMPIRE ONE,3020 Orchard Park Rd,West Seneca,NY,14224,1935,1/1/1935 0:00:00,4,false,77747243,$77.75M,5062,13,1,14
68316,BAY CITIES,P.O. Box 30,Hayward,CA,94543,1953,3/27/1953 0:00:00,4,false,77694162,$77.69M,6797,15,4,19
20382,GREATER METRO,3110 37TH AVE,LONG ISLAND CIT,NY,11101-2128,1970,1/1/1970 0:00:00,4,false,77691151,$77.69M,3824,10,0,10
13941,SM,P. O. BOX 498,MISSION,KS,66201,1960,1/1/1960 0:00:00,4,false,77688618,$77.69M,2383,3,1,4
11402,GREAT MEADOW,PO Box 389,Hudson Falls,NY,12839,1956,1/1/1956 0:00:00,4,false,77686282,$77.69M,7117,21,1,22
14499,CAL STATE L.A.,2445 MARIONDALE AVE,LOS ANGELES,CA,90032,1961,1/1/1961 0:00:00,4,true,77673311,$77.67M,4867,13,1,14
86063,POSTCITY FINANCIAL,P.O. Box 91643,Long Beach,CA,90809-1643,1933,1/1/1933 0:00:00,4,false,77627431,$77.63M,4633,10,0,10
17254,FANNIN,1737 N STATE HIGHWAY 121,BONHAM,TX,75418,1966,1/1/1966 0:00:00,4,false,77508601,$77.51M,6752,11,0,11
21502,POLAM,770 Marshall St,Redwood City,CA,94063-1846,1973,1/7/1974 0:00:00,4,false,77506060,$77.51M,3839,13,7,20
68354,EATON FAMILY,333 Babbitt Road,Euclid,OH,44123-1647,1937,4/28/1998 0:00:00,4,false,77380736,$77.38M,11030,20,2,22
9214,SOUTHERN,P.O. Box 2765,Houston,TX,77252-2765,1954,1/1/1954 0:00:00,4,false,77320768,$77.32M,3695,10,0,10
13762,DIAMOND LAKES,PO Box1080,Malvern,AR,72104-2078,1960,1/1/1960 0:00:00,4,false,76984065,$76.98M,9170,30,0,30
9518,EASTMILL,60 MAIN ST,EAST MILLINOCKE,ME,04430-1128,1954,1/1/1954 0:00:00,4,false,76886623,$76.89M,4095,20,0,20
107,KEMBA ROANOKE,2812 W MAIN ST,SALEM,VA,24153,1935,1/1/1935 0:00:00,4,false,76836001,$76.84M,4733,11,0,11
68148,ENBRIGHT,2340 Jackson Downs Blvd,Nashville,TN,37214,1951,5/26/1994 0:00:00,4,false,76766367,$76.77M,8316,21,2,23
13035,WASHINGTON AREA TEACHERS,75 Landings Drive,Washington,PA,15301,1959,1/1/1959 0:00:00,4,false,76695653,$76.70M,3327,13,4,17
3938,TEXAN SKY,PO Box 400,Dumas,TX,79029,1940,1/1/1940 0:00:00,4,false,76689742,$76.69M,9135,16,1,17
22657,CAMC,3400 MacCorkle Avenue SE,Charleston,WV,25304,1977,3/4/1977 0:00:00,4,false,76568064,$76.57M,5109,14,1,15
216,FEDFINANCIAL,10903 New Hampshire Avenue Bldg 2,Silver Spring,MD,20903-1058,1935,1/1/1935 0:00:00,4,false,76452030,$76.45M,3879,10,0,10
1785,HAWAII SCHOOLS,233 Vineyard St,Honolulu,HI,96813-2446,1936,1/1/1936 0:00:00,4,true,76349932,$76.35M,3447,8,1,9
67922,NASHVILLE POST OFFICE,PO BOX 291233,NASHVILLE,TN,37229,1925,7/30/1992 0:00:00,4,false,76298355,$76.30M,4309,14,1,15
6878,RVA FINANCIAL,1700 Robin Hood Rd,Richmond,VA,23220,1950,1/1/1950 0:00:00,4,true,75947936,$75.95M,8819,27,1,28
66126,OMAHA FIREFIGHTERS,4630 S 143rd St,Omaha,NE,68137-4511,1946,3/21/1946 0:00:00,4,false,75936812,$75.94M,3673,8,0,8
61920,POWER CO-OP EMPLOYEES,1208 N 13th St,Humboldt,IA,50548,1956,1/1/1956 0:00:00,4,false,75901951,$75.90M,2811,7,0,7
11905,CASTPARTS EMPLOYEES,8120 SE Luther Rd.,Portland,OR,97206,1957,1/1/1957 0:00:00,4,false,75900851,$75.90M,4809,14,0,14
21507,NEW ENGLAND TEAMSTERS,548 Main St,Charlestown,MA,02129-1109,1973,1/11/1974 0:00:00,4,false,75884726,$75.88M,4106,6,0,6
12438,ARMSTRONG ASSOCIATES,PO Box 191,Ford City,PA,16226,1958,1/1/1958 0:00:00,4,false,75682304,$75.68M,7982,20,3,23
2918,JEEP COUNTRY,7030 Spring Meadows Dr W,Holland,OH,43528,1938,9/24/1938 0:00:00,4,true,75582109,$75.58M,14720,20,4,24
490,RAILS WEST,PO BOX 1450,POCATELLO,ID,83204-1450,1935,1/1/1935 0:00:00,4,false,75565796,$75.57M,7653,21,3,24
68742,TEAMSTERS COUNCIL #37,1866 NE 162nd Ave,Portland,OR,97230,1961,1/1/1961 0:00:00,4,false,75529502,$75.53M,5353,8,1,9
61847,MIDWEST COALITION OF LABOR,6240 Joliet Rd,Countryside,IL,60525,1974,1/1/1974 0:00:00,4,false,75499743,$75.50M,8398,9,1,10
63249,HEALTH CARE FAMILY,2114 S Big Bend Blvd,Saint Louis,MO,63117-2406,1969,5/30/1969 0:00:00,4,false,75225172,$75.23M,5156,14,1,15
19608,TRI-CITIES COMMUNITY,3213 W 19th Ave,Kennewick,WA,99337,1969,6/4/1969 0:00:00,4,false,75208034,$75.21M,5603,14,0,14
64380,DES MOINES METRO,100 University Avenue,Des Moines,IA,50314,1938,1/1/1938 0:00:00,4,false,75081248,$75.08M,7101,13,0,13
11526,DAKOTA PLAINS,PO Box 389,Lemmon,SD,57638-0389,1957,1/1/1957 0:00:00,4,false,75005453,$75.01M,4858,19,2,21
2405,G.A.P.,111 FRANKLIN ST RM 224,JOHNSTOWN,PA,15901,1937,1/1/1937 0:00:00,4,false,74965054,$74.97M,6490,15,3,18
65775,NORTHERN COLORADO,2901 S 27TH AVE,GREELEY,CO,80631,1935,5/4/1935 0:00:00,4,false,74939109,$74.94M,3141,13,2,15
66700,VIRGINIA EDUCATORS CREDIT UNION,12626 Nettles Dr,Newport News,VA,23606,1954,10/24/1954 0:00:00,4,false,74812358,$74.81M,3761,5,4,9
62841,RAILROAD EMPLOYEES,300 N 6th St,Belen,NM,87002,1955,8/10/1955 0:00:00,4,true,74615692,$74.62M,3633,11,1,12
62589,EDUCATIONAL COMMUNITY,1221 E Grand St,Springfield,MO,65804,1938,1/1/1938 0:00:00,4,false,74580582,$74.58M,7933,19,1,20
24381,DELTA COUNTY,100 CIRCLE DR,DELTA,CO,81416,1958,1/1/1958 0:00:00,4,false,74431798,$74.43M,4357,13,1,14
8831,BLAIR COUNTY,3001 SIXTH AVENUE,ALTOONA,PA,16602,1953,1/1/1953 0:00:00,4,false,74064274,$74.06M,4519,9,0,9
19678,MIAMI UNIVERSITY COMMUNITY,31 Lynn Ave,Oxford,OH,45056,1969,10/26/1969 0:00:00,4,false,73995314,$74.00M,4609,13,1,14
19739,POLAM,589 N LARCHMONT BLVD,LOS ANGELES,CA,90004-1305,1969,1/1/1969 0:00:00,4,false,73821243,$73.82M,2105,11,1,12
11867,A.C.P.E.,2835 E Grand Ave,Laramie,WY,82070-5276,1957,1/1/1957 0:00:00,4,false,73818853,$73.82M,4751,14,1,15
20684,DAVIESS COUNTY TEACHERS,P O  Box 1986,Owensboro,KY,42302,1971,8/3/1971 0:00:00,4,false,73755151,$73.76M,5404,12,2,14
63398,ELY AREA,2 E CHAPMAN ST,ELY,MN,55731,1938,1/1/1938 0:00:00,4,false,73645515,$73.65M,4645,8,1,9
67730,DILLON,2704 N Lorraine St,Hutchinson,KS,67502,1958,2/10/1958 0:00:00,4,false,73564875,$73.56M,4488,12,1,13
68361,IDAHO UNITED,PO Box 2268,Boise,ID,83701,1978,6/28/1978 0:00:00,4,false,73483391,$73.48M,5880,15,0,15
14677,CLEVELAND-BRADLEY CTY TEACHER,P.O. BOX 4168,CLEVELAND,TN,37320-4168,1961,1/1/1961 0:00:00,4,false,73481024,$73.48M,4338,9,2,11
66956,"NORTHERN STAR CREDIT UNION, INC.",5100 George Washington Hwy,Portsmouth,VA,23702,1929,6/7/1929 0:00:00,4,false,73461593,$73.46M,7450,16,2,18
68005,FREESTONE,P.O. Box 210,Teague,TX,75860-0210,1952,12/1/1952 0:00:00,4,false,73445997,$73.45M,5009,17,0,17
11824,CHURCHILL COUNTY,667 S MAINE ST,FALLON,NV,89406-3801,1957,1/1/1957 0:00:00,4,false,73433865,$73.43M,3023,3,0,3
5484,SHELL WESTERN STATES,1700 Pacheco Blvd,Martinez,CA,94553-1976,1947,1/1/1947 0:00:00,4,false,73378628,$73.38M,2261,7,2,9
4951,NORSTAR,P O Box 917,Britton,SD,57430,1942,1/1/1942 0:00:00,4,false,73208063,$73.21M,2790,8,1,9
64893,UNIVERSAL CITY STUDIOS,175 E Olive Ave,Burbank,CA,91502-1853,1927,1/1/1927 0:00:00,4,false,73153053,$73.15M,5278,16,0,16
7674,YOUR LEGACY,P O Box 280,Tiffin,OH,44883,1952,2/29/1952 0:00:00,4,false,73104827,$73.10M,6524,16,0,16
60151,COCHISE,PO Box 1154,Willcox,AZ,85644,1958,1/1/1958 0:00:00,4,false,73083792,$73.08M,5773,12,0,12
5554,MICHIGAN COLUMBUS,30419 6 Mile Rd,Livonia,MI,48152-3460,1947,8/6/1947 0:00:00,4,false,73010283,$73.01M,4000,11,3,14
62196,THORNAPPLE,PO Box 289,Hastings,MI,49058,1964,1/1/1964 0:00:00,4,false,72989138,$72.99M,8345,34,4,38
60346,REDBRAND,P.O. Box 4128,Bartonville,IL,61607,1952,1/1/1952 0:00:00,4,false,72940451,$72.94M,7410,19,4,23
62537,CHATTANOOGA FEDERAL EMPLOYEES,P.O. Box 22205,Chattanooga,TN,37422-2205,1925,1/1/1925 0:00:00,4,false,72860087,$72.86M,2872,9,0,9
66155,PEOPLES,125 MAIN ST,SPRINGFIELD,CO,81073,1956,11/16/1956 0:00:00,4,false,72801282,$72.80M,3627,17,0,17
23958,NEW YORK UNIVERSITY,726  Broadway Ste 110,New York,NY,10003-9616,1982,12/3/1982 0:00:00,4,true,72799017,$72.80M,10803,14,0,14
60531,SELECT EMPLOYEES,P.O. Box 636,Sterling,IL,61081-7626,1957,1/1/1957 0:00:00,4,false,72701478,$72.70M,5830,12,0,12
1401,HEREFORD TEXAS,330 Schley Ave,Hereford,TX,79045-5539,1936,1/1/1936 0:00:00,4,false,72697230,$72.70M,8214,22,1,23
6747,DYNAMIC,900 E WAYNE ST,CELINA,OH,45822,1950,1/1/1950 0:00:00,4,false,72679239,$72.68M,6231,15,2,17
17327,LAN-FAIR,926 Prestige Blvd,LANCASTER,OH,43130-9669,1966,3/23/1966 0:00:00,4,false,72658828,$72.66M,4023,8,0,8
24649,FIRST PRIORITY,PO Box 9408,Huntington,WV,25704,1925,2/9/2001 0:00:00,4,false,72588705,$72.59M,7322,16,3,19
68620,ALBRIGHT,14 Research Dr,Bethel,CT,06801,1980,5/29/1980 0:00:00,4,false,72520751,$72.52M,5728,14,0,14
262,EP,P.O. Box 23393,Washington,DC,20026,1935,1/1/1935 0:00:00,4,false,72342003,$72.34M,4210,12,0,12
10671,GREATER PITTSBURGH,"4415 Fifth Avenue, Webster Hall",Pittsburgh,PA,15213,1955,1/1/1955 0:00:00,4,false,72337985,$72.34M,10714,14,0,14
63100,CHAMPION,4140 W Laskey Rd,Toledo,OH,43623-3758,1942,1/5/1942 0:00:00,4,false,72288057,$72.29M,5535,14,1,15
2155,HOBOKEN SCHOOL EMPLOYEES,522 ADAMS ST,HOBOKEN,NJ,07030-2002,1937,1/1/1937 0:00:00,4,false,72178486,$72.18M,1524,3,0,3
9358,NEW YORK TIMES EMPLOYEES,620 8TH AVE FL 28,NEW YORK,NY,10018-1618,1954,1/1/1954 0:00:00,4,false,72156143,$72.16M,4257,7,2,9
62249,INTANDEM,1619 Plainfield AVE NE,Grand Rapids,MI,49505-4703,1956,1/1/1956 0:00:00,4,false,72084743,$72.08M,4973,19,2,21
8132,SAFEWAY,529 E North Foothills Dr,Spokane,WA,99207,1952,10/16/1952 0:00:00,4,false,72051355,$72.05M,4297,12,1,13
1034,OLIVE VIEW EMPLOYEES,P O BOX 923071,SYLMAR,CA,91392,1936,1/1/1936 0:00:00,4,false,72034703,$72.03M,6165,9,2,11
61101,ACCESS,23 COMMERCE CIRCLE,BRISTOL,PA,19007,1972,2/3/1972 0:00:00,4,false,72019293,$72.02M,4166,8,2,10
10241,MAPLE,P O Box 61001,Lafayette,LA,70596,1955,1/1/1955 0:00:00,4,false,71983787,$71.98M,9317,16,0,16
21326,METRO,2440 E Rand Rd,Arlington Heigh,IL,60004-5802,1973,6/18/1973 0:00:00,4,false,71979802,$71.98M,3267,12,1,13
2051,LA PORTE COMMUNITY,1800 E LINCOLNWAY,LA PORTE,IN,46350,1937,2/27/1937 0:00:00,4,false,71979701,$71.98M,8473,28,0,28
10433,BOPTI,1451 S SEASIDE AVE,SAN PEDRO,CA,90731-7365,1955,1/1/1955 0:00:00,4,false,71754355,$71.75M,4261,5,0,5
3828,TEXAS PLAINS,PO Box 19550,Amarillo,TX,79114,1940,1/1/1940 0:00:00,4,false,71665603,$71.67M,9882,33,0,33
475,INTEGRITY,971 WOOSTER RD W,BARBERTON,OH,44203,1935,6/26/1935 0:00:00,4,false,71658286,$71.66M,5732,11,1,12
67770,MEMBERS 1ST,4702 Mattis Rd,Saint Louis,MO,63128,1951,12/15/1951 0:00:00,4,false,71632954,$71.63M,4219,16,0,16
60037,MIDWEST REGIONAL,PO BOX 12217,Kansas City,KS,66112,1938,1/1/1938 0:00:00,4,false,71599630,$71.60M,7472,15,1,16
1969,EDUCATION PERSONNEL,1102 N Walnut St,Danville,IL,61832,1937,1/28/1937 0:00:00,4,false,71572685,$71.57M,4234,14,2,16
67645,SERVICE 1ST,PO Box 8155,Greenville,TX,75404,1954,5/13/1954 0:00:00,4,false,71419452,$71.42M,4685,13,0,13
10262,ALTAMAHA,PO Box 490,Jesup,GA,31598,1955,1/1/1955 0:00:00,4,false,70937970,$70.94M,10700,27,0,27
24523,BLACKSTONE RIVER,10 Monument Sq,Woonsocket,RI,02895,1961,8/29/1994 0:00:00,4,false,70839628,$70.84M,4327,11,4,15
2643,LINCOLN PUBLIC SCHOOL EMPLOYEES,5621 N St,Lincoln,NE,68510,1938,1/1/1938 0:00:00,4,false,70823348,$70.82M,3661,6,1,7
67612,SCOTT AND WHITE EMPLOYEES,P O Box 246,Temple,TX,76503-0246,1962,5/11/1962 0:00:00,4,false,70765825,$70.77M,4631,10,1,11
64059,BENTON COUNTY SCHOOLS,PO Box 1012,Corvallis,OR,97339,1953,3/17/1953 0:00:00,4,false,70695805,$70.70M,2220,9,0,9
18649,EVER $ GREEN,2215 E HENRIETTA RD,ROCHESTER,NY,14623,1968,1/1/1968 0:00:00,4,false,70682837,$70.68M,5328,19,1,20
15426,AMERICAN SPIRIT,1110 ELKTON RD,NEWARK,DE,19711,1963,2/5/1963 0:00:00,4,true,70515507,$70.52M,12114,12,3,15
19552,LANIER,3718 Mundy Mill Rd,Oakwood,GA,30566-3417,1969,1/1/1969 0:00:00,4,false,70254706,$70.25M,8608,21,0,21
716,BETHLEHEM 1ST,2317 Easton Ave,Bethlehem,PA,18017-5009,1935,1/1/1935 0:00:00,4,false,70136962,$70.14M,4338,8,1,9
10938,HAWAII FIRST,PO Box 446,Kamuela,HI,96743,1956,3/29/1956 0:00:00,4,true,70055906,$70.06M,6012,25,0,25
15393,STONEHAM MUNICIPAL EMPLOYEES,40 Pine St,Stoneham,MA,02180-2048,1963,1/1/1963 0:00:00,4,false,70039316,$70.04M,4290,7,7,14
68284,AVISTA CORP.,P.O. Box 3727,Spokane,WA,99220,1934,6/2/1934 0:00:00,4,false,70024857,$70.02M,3634,5,0,5
16577,UNITED POLES,412 NEW BRUNSWICK AVE,PERTH AMBOY,NJ,08861,1965,1/1/1965 0:00:00,4,false,69831889,$69.83M,2163,8,1,9
1245,COTTON BELT,1703 RIVER PINES BLVD,PINE BLUFF,AR,71601,1936,1/1/1936 0:00:00,4,false,69753823,$69.75M,5820,22,2,24
62337,PROFESSIONAL FIRE FIGHTERS,9410 HEALTHPLEX DRIVE,SHREVEPORT,LA,71106,1939,1/1/1939 0:00:00,4,false,69443042,$69.44M,2684,7,0,7
13766,M. C. T.,4883 State Highway 30,AMSTERDAM,NY,12010,1960,1/1/1960 0:00:00,4,false,69410481,$69.41M,2763,7,2,9
3819,UPPER DARBY BELLTELCO,1410 BYWOOD AVENUE,UPPER DARBY,PA,19082,1940,1/1/1940 0:00:00,4,false,69389475,$69.39M,3571,6,1,7
61157,FOUNDATION,1726 W. Elfindale St,Springfield,MO,65807-1289,1933,1/1/1933 0:00:00,4,false,69178530,$69.18M,3454,12,3,15
11913,ALCOA COMMUNITY,P O BOX 1269,BENTON,AR,72018-1269,1957,1/1/1957 0:00:00,4,false,69116824,$69.12M,6078,20,1,21
9148,PATHFINDER,400 E. 1st St Ste 100,Casper,WY,82601-2559,1954,1/1/1954 0:00:00,4,false,69106654,$69.11M,4397,17,5,22
60369,SPIRIT FINANCIAL,8535 NEW FALLS RD,LEVITTOWN,PA,19054-1601,1953,1/1/1953 0:00:00,4,false,69044100,$69.04M,3794,8,2,10
67000,BROKAW,PO BOX 199,Weston,WI,54476-2381,1986,1/22/1986 0:00:00,4,false,69022500,$69.02M,5764,14,4,18
97113,"KH CREDIT UNION, INC.",7740 Paragon Rd,Dayton,OH,45459,1964,6/16/1964 0:00:00,4,false,69019472,$69.02M,7827,14,0,14
4116,GALAXY,1313 Liberty St,Franklin,PA,16323,1940,1/1/1940 0:00:00,4,false,68948549,$68.95M,4560,10,1,11
64234,LENNOX EMPLOYEES,1004 E. Main St.,Marshalltown,IA,50158-2136,1948,1/1/1948 0:00:00,4,false,68829610,$68.83M,6572,13,3,16
81688,UNITED EQUITY,1130 E Pershing Rd,Decatur,IL,62526,0,12/30/1899 0:00:00,4,false,68819207,$68.82M,6110,15,4,19
13028,167TH TFR,P O Box 1897,Martinsburg,WV,25402,1959,5/27/1959 0:00:00,4,false,68809465,$68.81M,7944,12,5,17
10184,FRIENDLY,2000 Main St,Aliquippa,PA,15001-2760,1955,1/1/1955 0:00:00,4,false,68765509,$68.77M,4743,11,0,11
60883,BEACON COMMUNITY,7910 National Turnpike,Louisville,KY,40214,1947,1/1/1947 0:00:00,4,false,68489947,$68.49M,9238,27,4,31
9919,CAPITAL AREA,2010 N Belfast ave,Augusta,ME,04330,1954,1/1/1954 0:00:00,4,false,68408911,$68.41M,4006,14,0,14
1658,WHEATLAND,611 CENTERVILLE RD,LANCASTER,PA,17601,1936,1/1/1936 0:00:00,4,false,68068152,$68.07M,5019,14,5,19
67512,STAR OF TEXAS,114 E huntland dr,austin,TX,78752,1952,9/24/1952 0:00:00,4,true,67973086,$67.97M,2994,12,0,12
66929,CREDIT UNION OF RICHMOND INCORPORAT,1601 Ownby Ln,Richmond,VA,23220,1923,11/22/1923 0:00:00,4,false,67657277,$67.66M,4298,10,1,11
9537,GREATER NIAGARA,2901 MILITARY RD,NIAGARA FALLS,NY,14304-1251,1954,1/1/1954 0:00:00,4,false,67508839,$67.51M,7877,10,4,14
19700,MIDDLE TENNESSEE,P.O BOX 3238,COOKEVILLE,TN,38502-3238,1969,1/1/1969 0:00:00,4,false,67430599,$67.43M,5583,8,6,14
67079,FIREFIGHTERS,PO BOX 46,Draper,UT,84020,1929,1/1/1929 0:00:00,4,false,67328914,$67.33M,3454,10,0,10
11786,HURRICANE CREEK,P O BOX 417,BENTON,AR,72018,1957,1/1/1957 0:00:00,4,false,67230898,$67.23M,5309,11,0,11
8059,LATITUDE 32,1845 SAM RITTENBERG,CHARLESTON,SC,29407,1952,1/1/1952 0:00:00,4,false,67216451,$67.22M,6314,18,1,19
67129,FREEDOM,815 N Freedom Blvd,Provo,UT,84604-3315,1956,1/1/1956 0:00:00,4,false,67130284,$67.13M,3913,10,2,12
13167,FLORENCE,"1505 N Pine St, P.O. Box 2817",Florence,AL,35630-2285,1959,1/1/1959 0:00:00,4,false,67102617,$67.10M,3982,17,0,17
16773,COPPER BASIN,771 Ocoee Street,Copperhill,TN,37317,1965,1/1/1965 0:00:00,4,false,66979977,$66.98M,6050,19,1,20
96756,MILLSTREAM AREA,1007 Western Ave,Findlay,OH,45840,0,4/5/1966 0:00:00,4,false,66842745,$66.84M,7712,23,1,24
20661,DOY,1500 Gypsy Ln,Youngstown,OH,44505-1832,1971,7/16/1971 0:00:00,4,false,66840881,$66.84M,2117,2,3,5
8237,SOUTH TEXAS,2121 W Dove Ave,McALLEN,TX,78504-4064,1952,1/1/1952 0:00:00,4,true,66777267,$66.78M,6234,13,12,25
12980,AFFINITY FIRST,811 South Broadway,Minot,ND,58701,1959,1/1/1959 0:00:00,4,false,66746402,$66.75M,2579,11,1,12
21628,TRU,617 Durst Ave E,Greenwood,SC,29649-2713,1974,4/24/1974 0:00:00,4,false,66576773,$66.58M,7196,19,0,19
5241,SYCAMORE,PO Box 423,Sycamore,AL,35149,1945,1/1/1945 0:00:00,4,false,66536383,$66.54M,2814,13,1,14
1077,TOBACCO VALLEY TEACHERS,182 South Rd,Enfield,CT,06082-4454,1936,1/1/1936 0:00:00,4,false,66532091,$66.53M,3246,9,2,11
13885,L C E,77 N SAINT CLAIR ST,PAINESVILLE,OH,44077,1960,8/3/1960 0:00:00,4,false,66474814,$66.47M,5713,15,0,15
60423,TAHQUAMENON AREA,PO Box 485,Newberry,MI,49868,1955,1/1/1955 0:00:00,4,false,66332020,$66.33M,4636,19,3,22
6711,SANTA BARBARA COUNTY,2623 DE LA VINA ST.,SANTA BARBARA,CA,93105,1950,1/1/1950 0:00:00,4,false,66308997,$66.31M,3933,7,2,9
23371,HEALTHCARE PLUS,PO Box 1857,Aberdeen,SD,57402-1857,1979,4/23/1979 0:00:00,4,false,66300300,$66.30M,5057,13,1,14
1882,TITAN,114 Mack Ave,Pleasant Gap,PA,16823-3104,1937,1/1/1937 0:00:00,4,false,66268002,$66.27M,4520,5,0,5
66117,LOCO,P. O. BOX 1743,ALAMOGORDO,NM,88311,1953,1/22/1953 0:00:00,4,false,66175612,$66.18M,4224,14,0,14
5885,A.B.D.,27850 MOUND RD,WARREN,MI,48092,1948,11/17/1948 0:00:00,4,true,66157062,$66.16M,6170,23,4,27
24977,CORNERSTONE,1515 BLACK ROCK TPKE,FAIRFIELD,CT,06825,1934,1/1/1934 0:00:00,4,false,66103014,$66.10M,4542,13,1,14
4708,EMBARRASS VERMILLION,600 W 3rd Ave N,Aurora,MN,55705-1269,1941,1/1/1941 0:00:00,4,false,65773129,$65.77M,4856,18,0,18
97079,"POSTAL FAMILY CREDIT UNION, INC.",P O BOX 14403,CINCINNATI,OH,45250-0403,1932,1/1/1932 0:00:00,4,false,65699789,$65.70M,4109,11,0,11
67592,WEST TEXAS,4301 Mission Blvd,Odessa,TX,79765,1953,12/8/1953 0:00:00,4,false,65698536,$65.70M,5000,21,4,25
9662,ROCKET CITY,2200 CLINTON AVE W,HUNTSVILLE,AL,35805-3000,1954,1/1/1954 0:00:00,4,false,65557392,$65.56M,5834,11,2,13
68181,EDUCATIONAL COMMUNITY ALLIANCE,3845 ANGOLA RD,TOLEDO,OH,43615,1934,3/22/1995 0:00:00,4,false,65511899,$65.51M,5288,12,0,12
60327,GALE,631 N Henderson St,Galesburg,IL,61401,1947,1/1/1947 0:00:00,4,false,65433918,$65.43M,4735,20,2,22
19320,GP LOUISIANA,PO BOX 520,ZACHARY,LA,70791,1969,1/1/1969 0:00:00,4,false,65396399,$65.40M,5097,10,2,12
15021,MORTON LANE,388 ENGLEWOOD AVE,BUFFALO,NY,14223-2812,1962,1/1/1962 0:00:00,4,false,65331613,$65.33M,3153,6,2,8
66207,NEW HAMPSHIRE POSTAL,PO Box 4444,Manchester,NH,03108-4444,1940,6/1/1940 0:00:00,4,false,65313203,$65.31M,3075,8,1,9
14098,COMMUNITY FOCUS,18925 Telegraph Rd,Brownstown,MI,48174-9546,1960,12/28/1960 0:00:00,4,false,65210974,$65.21M,4657,21,1,22
24851,NEIGHBORS UNITED,PO Box 50777,Greenwood,SC,29649,1961,1/1/1961 0:00:00,4,false,65028051,$65.03M,7163,24,0,24
12,FRANKLIN TRUST,624 Franklin Ave,Hartford,CT,06114,1934,1/1/1934 0:00:00,4,false,64991643,$64.99M,8972,25,4,29
858,KENMORE N. Y. TEACHERS,2265 Sheridan Dr,Buffalo,NY,14223-1531,1935,12/13/1935 0:00:00,4,false,64977754,$64.98M,3802,9,1,10
68283,SPOKANE CITY,PO Box 9639,Spokane,WA,99209-6939,1934,1/1/1934 0:00:00,4,false,64937660,$64.94M,4301,11,0,11
8433,MERIDIAN MUTUAL,PO Box 310,Meridian,MS,39302,1953,1/1/1953 0:00:00,4,false,64913710,$64.91M,7302,23,2,25
61028,NUCOR EMPLOYEE'S,PO Box 6469,Florence,SC,29502,1962,1/1/1962 0:00:00,4,false,64857805,$64.86M,8430,11,12,23
66537,AVESTAR,125 W Madison St,Waterloo,WI,53594,1964,3/10/1964 0:00:00,4,false,64853094,$64.85M,5873,23,4,27
97108,NORTHWEST COMMUNITY,8930 WAUKEGAN RD,MORTON GROVE,IL,60053,1939,1/1/1939 0:00:00,4,false,64759631,$64.76M,2499,7,1,8
61128,ROLLING F,2101 GEER RD STE 401,TURLOCK,CA,95382-2471,1948,1/1/1948 0:00:00,4,false,64740405,$64.74M,4956,12,0,12
66333,DESTINATIONS CREDIT UNION,8767 SATYR HILL RD,BALTIMORE,MD,21234,1935,7/19/1935 0:00:00,4,false,64731652,$64.73M,5776,16,2,18
11680,BANNER,"9321 W Thomas Rd, Ste 125",Phoenix,AZ,85037-3389,1957,1/1/1957 0:00:00,4,false,64531081,$64.53M,6824,14,0,14
14850,CRANBERRY,PO Box 189,West Wareham,MA,02576,1962,1/1/1962 0:00:00,4,false,64525301,$64.53M,3483,11,1,12
14650,PARISHIONERS,2355 Crenshaw Blvd Ste 100,Torrance,CA,90501,1961,1/1/1961 0:00:00,4,false,64443321,$64.44M,3652,8,0,8
24819,ELECTEL COOPERATIVE,3400 Sumner Blvd,Raleigh,NC,27616,1969,6/24/1969 0:00:00,4,false,64414140,$64.41M,7465,11,1,12
3388,EMERALD COAST,PO BOX 128,PORT ST JOE,FL,32457-0128,1939,1/1/1939 0:00:00,4,false,64324259,$64.32M,5276,18,1,19
62446,DOCHES,920 NW STALLINGS DR,NACOGDOCHES,TX,75964,1951,11/7/1951 0:00:00,4,false,64308860,$64.31M,11563,27,1,28
13402,ESCONDIDO,PO Box 1957,Escondido,CA,92033-1957,1959,1/1/1959 0:00:00,4,false,64283481,$64.28M,2070,7,2,9
48,EAGLE EXPRESS,P O BOX 567,JACKSON,MS,39205,1935,1/1/1935 0:00:00,4,false,64204652,$64.20M,3961,9,2,11
9097,ONE VISION,PO Box 2007,Clarksville,IN,47131-2007,1954,1/4/1954 0:00:00,4,false,64004136,$64.00M,3517,13,2,15
10221,GREAT FALLS REGIONAL,34 Bates St,Lewiston,ME,04240-7606,1955,1/1/1955 0:00:00,4,false,63961030,$63.96M,4858,16,4,20
68719,PERFECT CIRCLE,PO Box 29,Hagerstown,IN,47346,1932,3/28/1932 0:00:00,4,false,63903933,$63.90M,5347,23,1,24
1167,FORT BILLINGS,"900 BILLINGSPORT RD, P O BOX 369",PAULSBORO,NJ,08066,1936,1/1/1936 0:00:00,4,false,63740554,$63.74M,3494,18,3,21
12654,SRU,100 Arrowhead Drive,Slippery Rock,PA,16057,1958,1/1/1958 0:00:00,4,false,63719774,$63.72M,4375,11,1,12
66130,NEW JERSEY LAW AND PUBLIC SAFETY,PO Box 550,Trenton,NJ,08604-0550,1955,3/31/1955 0:00:00,4,false,63626755,$63.63M,7463,7,0,7
96674,SOUTHEASTERN OHIO,115 Market Street,Cambridge,OH,43725,0,6/12/1967 0:00:00,4,false,63460052,$63.46M,6457,16,2,18
60186,MOLINE MUNICIPAL,1618 15th St,Moline,IL,61265-3982,1936,1/1/1936 0:00:00,4,false,63368944,$63.37M,2901,10,0,10
6079,SELECT SEVEN,181 Marketplace Blvd,Johnson City,TN,37604,1949,1/1/1949 0:00:00,4,false,63288331,$63.29M,5352,16,1,17
13852,THE BRIDGEWAY,1810 Opelika Road,Phenix City,AL,36867,1960,1/1/1960 0:00:00,4,true,63257273,$63.26M,7195,31,1,32
13279,SOUTH BEND FIREFIGHTERS,1122 S MAIN ST,SOUTH BEND,IN,46601-3338,1959,10/27/1959 0:00:00,4,false,63096246,$63.10M,3319,8,1,9
60215,SUPERIOR CREDIT UNION,PO Box 26159,Collegeville,PA,19426,1956,1/1/1956 0:00:00,4,false,62963102,$62.96M,6336,19,0,19
24491,PALMETTO FIRST,PO Box 3989,Florence,SC,29502,1953,11/19/1993 0:00:00,4,false,62957984,$62.96M,6409,14,1,15
12601,PINE,5100 JEFFERSON PARKWAY,PINE BLUFF,AR,71602,1958,1/1/1958 0:00:00,4,false,62812940,$62.81M,4867,15,1,16
68745,HEALTHCARE FINANCIAL,"20 York St, Rm 80CB",New Haven,CT,06510,1950,1/1/1950 0:00:00,4,true,62668138,$62.67M,9604,16,1,17
8812,RIVER VALLEY COMMUNITY,340 CASH ROAD S.W.,CAMDEN,AR,71701-3705,1953,1/1/1953 0:00:00,4,false,62567191,$62.57M,6899,21,0,21
64703,FEDERATED EMPLOYEES,1929 S CEDAR AVE,OWATONNA,MN,55060-4301,1934,1/15/1934 0:00:00,4,false,62490865,$62.49M,4936,8,1,9
4884,ST. JOSEPHS CANTON PARISH,1811 Whipple Ave NW,Canton,OH,44708,1942,3/30/1942 0:00:00,4,false,62473345,$62.47M,5849,12,6,18
61495,ONE DETROIT,PO Box 32584,Detroit,MI,48232,1935,1/1/1935 0:00:00,4,true,62437581,$62.44M,12588,47,0,47
66395,EVERGREEN,1500 W AMERICAN DR,NEENAH,WI,54956,1958,3/21/1958 0:00:00,4,false,62369376,$62.37M,3407,14,1,15
14611,WVU EMPLOYEES,448 Harding Ave,Morgantown,WV,26505,1961,10/12/1961 0:00:00,4,false,62352984,$62.35M,5980,8,0,8
60263,UNITED EMPLOYEES,P.O. BOX 729,ALBERT LEA,MN,56007,1932,1/1/1932 0:00:00,4,false,62289102,$62.29M,4016,8,0,8
24492,DELTA SCHOOLS,PO BOX 2566,ANTIOCH,CA,94531,1953,6/25/1953 0:00:00,4,false,62208348,$62.21M,2991,9,1,10
12033,PANHANDLE,403 N Washington Ave,Wellington,KS,67152,1957,1/1/1957 0:00:00,4,false,62164704,$62.16M,3843,18,0,18
68222,MILL TOWN,3102 BROADWAY,EVERETT,WA,98201-2730,1939,8/29/1939 0:00:00,4,false,62111728,$62.11M,3594,11,2,13
4022,MODESTO'S FIRST,430 12TH STREET,MODESTO,CA,95354,1940,1/1/1940 0:00:00,4,false,61990375,$61.99M,3378,9,0,9
23070,MOREHEAD COMMUNITY,503 West Main St.,Morehead,KY,40351,1978,5/12/1978 0:00:00,4,false,61761076,$61.76M,4388,12,0,12
19668,FIVE STAR OF MARYLAND,"716 MAIDEN CHOICE LANE, SUITE 101",BALTIMORE,MD,21228,1969,1/1/1969 0:00:00,4,false,61736910,$61.74M,5763,16,0,16
22754,C C S E,417 BROAD ST,SALAMANCA,NY,14779,1977,6/24/1977 0:00:00,4,false,61711645,$61.71M,5819,10,0,10
66431,MADISON,949 E WASHINGTON AVE,MADISON,WI,53703,1936,3/16/1936 0:00:00,4,false,61681386,$61.68M,3113,10,1,11
9213,CENTRAL KEYSTONE,1000 Market St,Sunbury,PA,17801-2403,1954,1/1/1954 0:00:00,4,false,61610213,$61.61M,2902,4,3,7
3755,ATLANTIC CITY ELECTRIC CO EMP,P.O. BOX 368,MAYS LANDING,NJ,08330,1940,1/1/1940 0:00:00,4,false,61603874,$61.60M,3901,8,1,9
66477,GUNDERSEN,1910 SOUTH AVE,LA CROSSE,WI,54601,1971,5/27/1971 0:00:00,4,false,61579833,$61.58M,3632,9,0,9
67924,CITY,2550 S State Route 291,Independence,MO,64057-1226,1960,11/10/1960 0:00:00,4,false,61448221,$61.45M,4165,11,2,13
62452,FINANCIAL SECURITY,1105 WEST PIERCE STREET,CARLSBAD,NM,88220,1954,10/5/1954 0:00:00,4,false,61428815,$61.43M,5183,18,0,18
24813,LION'S SHARE,P.O. Box 278,Salisbury,NC,28145-0278,1982,1/1/1982 0:00:00,4,false,61286452,$61.29M,12478,29,0,29
19355,DFCU TULSA,11310 E PINE ST,TULSA,OK,74116-2017,1969,1/1/1969 0:00:00,4,false,61185083,$61.19M,8012,7,1,8
66451,FOCUS,N88W14930 Main St,Menomonee Falls,WI,53051-3130,1964,9/22/1964 0:00:00,4,false,61068149,$61.07M,6548,11,1,12
53,MOTION,360 N Wood Ave,Linden,NJ,07036,1934,1/1/1934 0:00:00,4,false,60950141,$60.95M,5106,14,4,18
61701,LINCOLN PARK COMMUNITY,1400 Emmons Blvd,Lincoln Park,MI,48146-3836,1936,1/1/1936 0:00:00,4,false,60948758,$60.95M,3068,8,2,10
12000,MOHAVE COMMUNITY,2809 N STOCKTON HILL RD,KINGMAN,AZ,86401-4139,1957,1/1/1957 0:00:00,4,false,60725959,$60.73M,5330,14,1,15
14734,LA JOYA AREA,P.O. Box 1300,La Joya,TX,78560,1961,1/1/1961 0:00:00,4,true,60674554,$60.67M,14533,26,8,34
2577,KAUAI OHANA,2969 Umi St,Lihue,HI,96766-1345,1938,1/1/1938 0:00:00,4,true,60515985,$60.52M,3877,7,0,7
7672,BARAGA COUNTY,PO BOX 38,LANSE,MI,49946,1952,2/29/1952 0:00:00,4,false,60455477,$60.46M,4848,10,3,13
60494,MILLARD COUNTY,"45 S Main St, PO BOX 230",FILLMORE,UT,84631-5505,1956,1/1/1956 0:00:00,4,false,60433596,$60.43M,4640,10,2,12
66637,BREWERY,1351 N DR MARTIN LUTHER KING JR DR,MILWAUKEE,WI,53212-4024,1934,12/13/1934 0:00:00,4,false,60289568,$60.29M,7949,25,0,25
62815,RAYTOWN-LEE'S SUMMIT COMMUNITY,10021 E 66TH TER,RAYTOWN,MO,64133,1958,9/2/1958 0:00:00,4,false,60256654,$60.26M,7131,15,4,19
66954,LOUDOUN CREDIT UNION,801 Sycolin Rd SE Ste 101,Leesburg,VA,20175,1978,2/3/1978 0:00:00,4,false,60144968,$60.14M,5351,9,0,9
24712,POST OFFICE EMPLOYEES,P. O. Box 3871,Shreveport,LA,71133-3871,1934,1/1/1934 0:00:00,4,false,60137183,$60.14M,5070,16,0,16
67160,KINGS PEAK,180 N 300 E,Roosevelt,UT,84066,1960,1/1/1960 0:00:00,4,false,60104230,$60.10M,3699,9,0,9
67127,EDUCATION 1ST,1250 COUNTRY HILLS DR,OGDEN,UT,84403-2560,1932,1/1/1932 0:00:00,4,false,60024677,$60.02M,2615,7,3,10
63183,RIMROCK,952 CENTRAL AVE,BILLINGS,MT,59102-5845,1949,1/1/1949 0:00:00,4,false,60013166,$60.01M,3354,4,0,4
6039,LM,101 CHESAPEAKE PARK PLZ,BALTIMORE,MD,21220,1949,1/1/1949 0:00:00,4,false,59867510,$59.87M,3608,10,0,10
63142,CALCASIEU TEACHERS AND EMPLOYEES,PO Box 16134,Lake Charles,LA,70616,1954,12/1/1954 0:00:00,4,false,59845953,$59.85M,4627,13,0,13
24874,GREAT LAKES,415 Washington Avenue,Bay City,MI,48708,1963,1/1/1963 0:00:00,4,false,59673680,$59.67M,4521,17,1,18
1750,COSDEN,400 EAST MARCY,BIG SPRING,TX,79720,1936,1/1/1936 0:00:00,4,false,59641240,$59.64M,4184,16,1,17
9566,EDDY,909 W PIERCE ST,CARLSBAD,NM,88220-5268,1954,1/1/1954 0:00:00,4,false,59622059,$59.62M,4920,16,0,16
1399,PITNEY BOWES EMPLOYEES,"27 Waterview Dr, Mail Code 27-1A",Shelton,CT,06484,1936,1/1/1936 0:00:00,4,false,59610493,$59.61M,3449,7,2,9
21226,PROMEDICA,245 N Summit St,Toledo,OH,43604-1577,1973,4/5/1973 0:00:00,4,false,59597080,$59.60M,6687,21,0,21
13492,VISION FINANCIAL,PO Box 15818,Durham,NC,27704,1960,1/1/1960 0:00:00,4,false,59571065,$59.57M,6234,17,3,20
12570,UNIVERSITY OF LOUISIANA,PO Box 43635,Lafayette,LA,70504,1958,1/1/1958 0:00:00,4,false,59510027,$59.51M,6564,19,0,19
8975,ALCO,2859 Lindy Lane,Wellsville,NY,14895-9337,1953,1/1/1953 0:00:00,4,false,59301908,$59.30M,6806,22,3,25
68138,HORIZON,1201 N Eastman Rd,Kingsport,TN,37664-3163,1932,4/19/1994 0:00:00,4,false,59111511,$59.11M,4133,20,3,23
20921,MERHO,15 IRENE ST,JOHNSTOWN,PA,15905-4124,1972,3/1/1972 0:00:00,4,false,59058896,$59.06M,4846,7,5,12
15438,TOPMARK,609 E Main Street,Cridersville,OH,45806,1963,2/15/1963 0:00:00,4,false,58985066,$58.99M,9074,21,0,21
68371,AMERICAN LAKE,PO box 98979,Lakewood,WA,98496,1948,1/1/1948 0:00:00,4,false,58983955,$58.98M,4807,11,1,12
9189,TOLEDO METRO,1212 ADAMS ST,TOLEDO,OH,43604,1954,2/9/1954 0:00:00,4,false,58899401,$58.90M,4905,15,1,16
24783,FIRST PIONEERS,PO BOX 80799,LAFAYETTE,LA,70598,1949,1/1/1949 0:00:00,4,false,58841339,$58.84M,6770,20,1,21
7182,SUMMIT,P O BOX 1460,AKRON,OH,44309-1460,1951,3/16/1951 0:00:00,4,false,58777280,$58.78M,4699,15,2,17
22426,SOUTHCOAST,271 Union St,New Bedford,MA,02740,1976,6/22/1976 0:00:00,4,false,58648640,$58.65M,4378,14,4,18
62358,KEMBA LOUISVILLE,4017 Poplar Level Rd,Louisville,KY,40213-1523,1934,1/1/1934 0:00:00,4,false,58632390,$58.63M,4092,8,4,12
5252,SARATOGA'S COMMUNITY,189 Ballston Ave,Saratoga Spring,NY,12866-4715,1945,1/1/1945 0:00:00,4,false,58539406,$58.54M,5441,15,3,18
97097,ACCESS,1807 W CERMAK RD,BROADVIEW,IL,60155,1939,7/20/1998 0:00:00,4,false,58403479,$58.40M,4910,13,0,13
60110,SAN JUAN MOUNTAINS,1400 E Main St,Montrose,CO,81401,1958,1/1/1958 0:00:00,4,false,58380655,$58.38M,3393,10,0,10
3946,SACRED HEART PARISH HALLETTSVILLE,1206 N Texana St,Hallettsville,TX,77964-2019,1940,1/1/1940 0:00:00,4,false,58282855,$58.28M,2770,8,0,8
12877,SECURED ADVANTAGE,PO Box 1539,Simpsonville,SC,29681,1959,1/1/1959 0:00:00,4,false,58123277,$58.12M,6413,11,0,11
1239,PITTSBURGH CITY HALL EMPLOYEES,"414 Grant St, Ste 911",Pittsburgh,PA,15219-5404,1936,1/1/1936 0:00:00,4,false,58087876,$58.09M,2621,6,0,6
12852,GREEN RIVER AREA,3000 Highway 144,OWENSBORO,KY,42303-0215,1959,1/1/1959 0:00:00,4,false,57917507,$57.92M,4965,12,1,13
3064,SELECT,1914 N INTERSTATE 35,SAN ANTONIO,TX,78208,1939,1/1/1939 0:00:00,4,true,57873914,$57.87M,5553,11,4,15
2008,REMINGTON,PO Box 388,Ilion,NY,13357,1937,1/1/1937 0:00:00,4,false,57628071,$57.63M,3675,9,2,11
9681,MORRISONS COVE 1ST,7533 WOODBURY PIKE,ROARING SPRING,PA,16673,1954,1/1/1954 0:00:00,4,false,57534063,$57.53M,4354,10,0,10
15516,MOUNTAIN VALLEY,PO Box 565,Peru,NY,12972,1963,1/1/1963 0:00:00,4,false,57530535,$57.53M,4611,16,0,16
10577,BIG SPRING EDUCATION EMPLOYEES,PO BOX 1110,BIG SPRING,TX,79721,1955,1/1/1955 0:00:00,4,false,57525890,$57.53M,4272,13,0,13
20823,MOHAWK VALLEY,9212 RIVER RD,MARCY,NY,13403,1971,1/1/1971 0:00:00,4,false,57431855,$57.43M,3225,9,2,11
63844,HORIZON,PO Box 554,Macon,MO,63552,1954,7/12/1954 0:00:00,4,false,57430669,$57.43M,6226,17,1,18
23386,ACCLAIM,PO BOX 29527,GREENSBORO,NC,27429,1979,5/11/1979 0:00:00,4,false,57370789,$57.37M,5029,17,0,17
1788,NORDSTROM,2701 Hoyt Ave,Everett,WA,98201,1936,1/1/1936 0:00:00,4,false,57327482,$57.33M,5187,9,0,9
60013,METCO,115 8th Ave SW,Cedar Rapids,IA,52404,1957,1/1/1957 0:00:00,4,false,57134797,$57.13M,3271,7,1,8
68305,RESPONDERS EMERGENCY SERVICES,924 W SINTO AVE,SPOKANE,WA,99201-2531,1966,12/5/1966 0:00:00,4,false,57128151,$57.13M,2681,11,0,11
12624,RT,924 TURIN ST,ROME,NY,13440,1958,1/1/1958 0:00:00,4,false,57105783,$57.11M,3139,11,2,13
96707,FALLS CATHOLIC,33 Graham Rd,Cuyahoga Falls,OH,44223,0,12/30/1899 0:00:00,4,false,56886976,$56.89M,4690,9,0,9
2819,YONKERS TEACHERS,PO Box 1066,Yonkers,NY,10703,1938,1/1/1938 0:00:00,4,false,56882262,$56.88M,2594,3,1,4
47,FARGO PUBLIC SCHOOLS,1609 32nd Ave S,Fargo,ND,58103,1934,1/1/1934 0:00:00,4,false,56849610,$56.85M,2361,9,0,9
6339,BATON ROUGE CITY PARISH EMP,P.O. BOX 3521,BATON ROUGE,LA,70821,1949,1/1/1949 0:00:00,4,false,56807019,$56.81M,5847,12,0,12
13265,MOKELUMNE,P.O. Box 1717,Lodi,CA,95241,1959,1/1/1959 0:00:00,4,false,56750424,$56.75M,5950,14,1,15
62894,ARK VALLEY,1515 N Summit St,Arkansas City,KS,67005,1955,6/17/1955 0:00:00,4,false,56735494,$56.74M,9293,12,3,15
63405,SIMPLOT,PO BOX 2519,POCATELLO,ID,83201-5113,1955,12/31/1955 0:00:00,4,false,56684368,$56.68M,5584,14,0,14
1251,NEW CENTURY,291 Springfield Avenue,Joliet,IL,60435,1936,4/13/1936 0:00:00,4,false,56681103,$56.68M,4529,12,0,12
20417,FIRST STREET,709 W FIRST STREET,DERIDDER,LA,70634,1970,1/1/1970 0:00:00,4,false,56637026,$56.64M,3336,8,0,8
16619,FINANCIAL PARTNERS,"22440 Main St, PO Box 125",Woodburn,IN,46797,1965,1/25/1965 0:00:00,4,false,56618394,$56.62M,3381,9,2,11
2792,NOTRE DAME COMMUNITY,659 EASTERN AVE,FALL RIVER,MA,02723,1938,1/1/1938 0:00:00,4,false,56599491,$56.60M,3216,10,2,12
68286,TLCU FINANCIAL,PO BOX 804,MISHAWAKA,IN,46546,1953,6/19/1997 0:00:00,4,false,56350089,$56.35M,3938,14,1,15
3775,RIVERSIDE COMMUNITY,101 N Washington St,Marion,IN,46952,1940,4/6/1940 0:00:00,4,false,56291722,$56.29M,5885,19,1,20
67319,PRIORITY,301 East Michigan Street,Orlando,FL,32806,1930,2/22/1930 0:00:00,4,false,56225441,$56.23M,4578,16,1,17
61986,GRATIOT COMMUNITY,211 W Center St,Alma,MI,48801-2206,1955,1/1/1955 0:00:00,4,false,56200720,$56.20M,6645,20,4,24
82769,PROFESSIONAL POLICE OFFICERS,1502 E Washington St,Indianapolis,IN,46201-3849,1931,1/1/1931 0:00:00,4,false,56136269,$56.14M,3270,6,2,8
8418,STRIP STEEL COMMUNITY,3316 MAIN ST,WEIRTON,WV,26062-4704,1953,2/26/1953 0:00:00,4,false,56111118,$56.11M,3535,6,1,7
68545,MY,13016 Highway 287,Haslet,TX,76052-2618,1975,8/25/1975 0:00:00,4,false,56056045,$56.06M,5421,22,0,22
60242,SHARE ADVANTAGE,2502 Maple Grove Rd,Duluth,MN,55811-1864,1926,1/1/1926 0:00:00,4,false,56016859,$56.02M,3459,12,0,12
6214,UNITED NORTHWEST,P.O. BOX 176,NORTON,KS,67654-1404,1949,1/1/1949 0:00:00,4,false,55945576,$55.95M,2411,13,2,15
2346,EDUCATIONAL AND GOVERNMENTAL,333 North Central Ave Fl 2,Hartsdale,NY,10530-1811,1937,1/1/1937 0:00:00,4,false,55916593,$55.92M,6409,10,3,13
13760,PENNSTAR,4139 E State St,Hermitage,PA,16148-3402,1960,1/1/1960 0:00:00,4,false,55845548,$55.85M,4079,10,1,11
21354,VERITAS,PO BOX 2659,Smyrna,TN,37167,1973,7/13/1973 0:00:00,4,false,55773449,$55.77M,4990,22,0,22
6012,LIFETIME,P.O. Box 833937,Richardson,TX,75083,1949,1/1/1949 0:00:00,4,false,55756165,$55.76M,4313,10,0,10
82547,MEMBERS PREFERRED,P.O. BOX 2200,IDAHO FALLS,ID,83403,1968,6/1/1968 0:00:00,4,false,55707720,$55.71M,4187,11,0,11
24901,FRATERNAL ORDER OF POLICE,P O BOX 691090,TULSA,OK,74169-1090,1941,5/26/1941 0:00:00,4,false,55700147,$55.70M,3168,8,0,8
10442,UNITED TRADES,PO BOX 2293,TUALATIN,OR,97062,1955,1/1/1955 0:00:00,4,false,55672973,$55.67M,6123,11,0,11
66970,NEWPORT NEWS MUN. EMP CREDIT UNION,502 Operations Drive,Newport News,VA,23602-6989,1950,11/21/1950 0:00:00,4,false,55641272,$55.64M,3746,6,3,9
67701,GREATER EASTERN,PO Box 5130,Johnson City,TN,37602,1952,10/2/1991 0:00:00,4,false,55634436,$55.63M,4009,20,0,20
68280,BLUE MOUNTAIN,520 S COLLEGE AVE,COLLEGE PLACE,WA,99324,1959,1/27/1959 0:00:00,4,false,55624606,$55.62M,4504,11,1,12
14436,OSWEGO TEACHERS EMPLOYEES,"90 W UTICA ST, PO BOX 878",OSWEGO,NY,13126,1961,1/1/1961 0:00:00,4,false,55557246,$55.56M,2545,7,1,8
11032,HEART O' TEXAS,P. O. Box 11,Waco,TX,76703-0011,1956,1/1/1956 0:00:00,4,true,55384713,$55.38M,5651,20,0,20
24642,BROOKLYN COOPERATIVE,1474 Myrtle Ave,Brooklyn,NY,11237-5128,2000,10/18/2000 0:00:00,4,true,55298614,$55.30M,7348,23,0,23
13659,UNIVERSITY OF SOUTH ALABAMA,103 HILLCREST RD,MOBILE,AL,36608,1960,1/1/1960 0:00:00,4,false,55274887,$55.27M,8427,8,0,8
845,BUFFALO CONRAIL,1481 Harlem Rd,Cheektowaga,NY,14206,1935,1/1/1935 0:00:00,4,false,55069381,$55.07M,2563,5,3,8
22369,TOTAL CHOICE,PO Box 560,Hahnville,LA,70057-2517,1976,4/16/1976 0:00:00,4,false,55038203,$55.04M,4619,16,1,17
63589,JACOM,3037 w jefferson blvd,los angeles,CA,90018,1951,1/1/1951 0:00:00,4,true,54944421,$54.94M,7844,8,0,8
5286,KELLOGG MIDWEST,9618 Brentwood Dr,LaVista,NE,68128,1946,1/1/1946 0:00:00,4,false,54899769,$54.90M,2567,10,0,10
60967,HUNTINGTON BEACH,PO Box E910,Huntington Beac,CA,92648-0857,1953,1/1/1953 0:00:00,4,false,54867529,$54.87M,2015,6,0,6
9994,HEALTHNET,1591 Chickering Ln,Cordova,TN,38016-8698,1955,1/1/1955 0:00:00,4,false,54798476,$54.80M,4513,11,0,11
22478,KUE,1 Quality St,Lexington,KY,40507-1461,1976,8/10/1976 0:00:00,4,false,54774214,$54.77M,2853,5,0,5
24575,RESOURCE,525 Old Hickory Blvd,Jackson,TN,38305,1963,5/17/1996 0:00:00,4,false,54638348,$54.64M,3997,11,2,13
20207,PENN,3131 Walnut St,Philadelphia,PA,19104-3415,1970,1/1/1970 0:00:00,4,false,54477236,$54.48M,6632,10,2,12
24204,EVERGLADES,1099 W Ventura Ave,Clewiston,FL,33440-3416,1985,7/30/1985 0:00:00,4,false,54406935,$54.41M,5429,15,2,17
1125,VAN CORTLANDT COOPERATIVE,3960B HILLMAN AVENUE,BRONX,NY,10463,1936,1/1/1936 0:00:00,4,false,54224731,$54.22M,2009,4,3,7
64852,FELLOWSHIP,"803 East Olive Street, PO Box 876",Lamar,CO,81052,1959,1/1/1959 0:00:00,4,false,54132611,$54.13M,5878,16,3,19
3710,CITY PUBLIC SERVICE/IBEW,1002 Camden St,San Antonio,TX,78215-1452,1940,1/1/1940 0:00:00,4,false,54087248,$54.09M,3888,8,0,8
68331,OLYMPIA,PO Box 7549,Olympia,WA,98507-7549,1965,6/29/1965 0:00:00,4,false,54054447,$54.05M,3756,16,0,16
3720,TOLEDO POLICE,2340 S. Reynolds Road,Toledo,OH,43614,1940,3/18/1940 0:00:00,4,false,53963396,$53.96M,3157,7,1,8
60325,FIELDSTONE,395 N Bradley Blvd,Bradley,IL,60915,1953,1/1/1953 0:00:00,4,false,53958418,$53.96M,4800,14,0,14
67197,JACK DANIEL EMPLOYEES,PO BOX 199,LYNCHBURG,TN,37352,1987,12/15/1987 0:00:00,4,false,53899135,$53.90M,3230,9,1,10
13233,FEDTRUST,"167 N MAIN ST., STE 102",MEMPHIS,TN,38103-1867,1959,1/1/1959 0:00:00,4,false,53742633,$53.74M,2916,13,0,13
24724,SPIRIT OF AMERICA,PO BOX 5556,LINCOLN,NE,68505-0556,1943,1/1/1943 0:00:00,4,false,53659624,$53.66M,3713,9,0,9
60113,LANCASTER RED ROSE,PA BOX 629,Leola,PA,17540-0629,1948,1/1/1948 0:00:00,4,false,53649531,$53.65M,4874,5,5,10
2657,WYOMING VALLEY EDUCATIONAL EMPL,P.O. Box 1194,Wilkes Barre,PA,18703,1938,1/1/1938 0:00:00,4,false,53617433,$53.62M,1612,3,2,5
63069,POST OFFICE EMPLOYEES',4624 W NAPOLEON AVE,METAIRIE,LA,70001-2492,1924,11/19/1924 0:00:00,4,false,53574554,$53.57M,4279,16,0,16
15080,ROCKLAND EMPLOYEES,"170 East Central Avenue, Route 59",Spring Valley,NY,10977,1962,1/1/1962 0:00:00,4,true,53517964,$53.52M,7044,19,0,19
9622,FORGE,1400 Bywood Ave,Upper Darby,PA,19082,1954,1/1/1954 0:00:00,4,false,53508009,$53.51M,4100,6,0,6
61230,ACME CONTINENTAL,13601 S Perry Ave,Riverdale,IL,60827-1655,1937,1/1/1937 0:00:00,4,false,53496717,$53.50M,5266,9,4,13
64691,JOPLIN METRO,3301 TEXAS AVE,JOPLIN,MO,64804,1950,1/1/1950 0:00:00,4,false,53465853,$53.47M,5720,17,0,17
60295,EMPOWER BLUE,PO BOX 1975,TOPEKA,KS,66601,1953,1/1/1953 0:00:00,4,false,53249821,$53.25M,3489,9,0,9
1725,SEVENFOLD,4705 Cypress St,West Monroe,LA,71291-7511,1936,1/1/1936 0:00:00,4,false,53237261,$53.24M,3619,15,1,16
64421,WHITE RIVER,96 N Main St,Rochester,VT,05767-9704,1947,7/9/1947 0:00:00,4,false,53218687,$53.22M,3925,10,1,11
63566,CHARLOTTE FIRE DEPARTMENT,2121 Commonwealth Ave,Charlotte,NC,28205-5126,1955,1/1/1955 0:00:00,4,false,53218587,$53.22M,3005,10,0,10
65712,GALESBURG BURLINGTON,476 E South St,Galesburg,IL,61401,1937,8/17/1937 0:00:00,4,false,53163921,$53.16M,3329,5,0,5
60755,L. A. ELECTRICAL WORKERS CREDIT UN.,3820 E Colorado Blvd,Pasadena,CA,91107-3937,1953,1/1/1953 0:00:00,4,false,53154262,$53.15M,8343,8,0,8
8317,CUTTING EDGE,PO Box 22192,Milwaukie,OR,97269,1953,1/1/1953 0:00:00,4,false,53116017,$53.12M,3810,12,0,12
68358,BAPTIST,5815 IH 10 West,San Antonio,TX,78201,1955,1/1/1955 0:00:00,4,false,53077713,$53.08M,7778,3,21,24
66513,CENTRAL WISCONSIN,1301 Post Rd,Plover,WI,54467,1948,2/20/1948 0:00:00,4,false,53019369,$53.02M,3660,9,0,9
17040,BAR-CONS,1142 N MARR RD,COLUMBUS,IN,47201,1965,10/15/1965 0:00:00,4,false,52965761,$52.97M,4801,12,1,13
68119,VANDERBILT,P. O. Box 128426,Nashville,TN,37212,1959,12/20/1993 0:00:00,4,false,52919662,$52.92M,6912,10,1,11
68491,SILVERADO,"P O BOX 330, 1 ANGWIN PLAZA",ANGWIN,CA,94508-0330,1953,1/1/1953 0:00:00,4,false,52907979,$52.91M,2973,13,5,18
198,WHITING REFINERY,1339 119th St,Whiting,IN,46394,1935,4/1/1935 0:00:00,4,false,52779368,$52.78M,2048,4,1,5
390,ELLIOTT COMMUNITY,920 NORTH FOURTH STREET,JEANNETTE,PA,15644,1935,1/1/1935 0:00:00,4,false,52764269,$52.76M,6896,20,5,25
7992,AFL CIO EMPLOYEES,"555 New Jersey Ave NW, Ste 100",Washington,DC,20001,1952,1/1/1952 0:00:00,4,false,52688558,$52.69M,5444,12,0,12
62497,MAROON FINANCIAL,5525C S Ellis Ave,Chicago,IL,60637,1957,1/1/1957 0:00:00,4,true,52429980,$52.43M,7013,13,1,14
17449,WAYNE COUNTY COMMUNITY,PO BOX 214,Smithville,OH,44677,1966,5/16/1966 0:00:00,4,false,52378297,$52.38M,4430,10,1,11
62079,COUNTRY HERITAGE,P O BOX 406,BUCHANAN,MI,49107-9201,1932,1/1/1932 0:00:00,4,false,52350309,$52.35M,1204,8,0,8
67835,TRANS TEXAS SOUTHWEST,3401 Loop 306,San Angelo,TX,76904,1954,5/13/1954 0:00:00,4,false,52331884,$52.33M,2557,16,1,17
16605,HOPEWELL CHEMICAL,PO Box 449,Hopewell,VA,23860,1965,1/1/1965 0:00:00,4,false,52292213,$52.29M,3245,9,3,12
5684,INLAND VALLEY,po box 547,fontana,CA,92334,1948,4/7/1948 0:00:00,4,false,52259074,$52.26M,3236,11,0,11
24390,TRUSERVICE COMMUNITY,P. O. BOX 25636,LITTLE ROCK,AR,72221,1976,12/18/1989 0:00:00,4,false,51953871,$51.95M,5282,15,4,19
8701,ELECTRICAL,5080 W 60TH AVE,ARVADA,CO,80003-6919,1953,1/1/1953 0:00:00,4,false,51830139,$51.83M,4026,7,0,7
13842,WESTMINSTER,9053 Harlan St Ste 10,Westminster,CO,80031-2908,1960,1/1/1960 0:00:00,4,false,51814760,$51.81M,3151,7,0,7
4524,SOMERVILLE MUNICIPAL,236 Holland St,Somerville,MA,02144,1941,1/1/1941 0:00:00,4,false,51739700,$51.74M,2268,4,1,5
839,FIRSTENERGY CHOICE,"161 OLD ROUTE 30, SUITE 2",GREENSBURG,PA,15601,1935,1/1/1935 0:00:00,4,false,51697270,$51.70M,3597,8,1,9
12068,WALKER COUNTY,1802 Normal Park,Huntsville,TX,77340,1957,1/1/1957 0:00:00,4,false,51676288,$51.68M,4992,11,0,11
4148,HIGHWAY DISTRICT 21,PO BOX 4402,MCALLEN,TX,78502,1940,1/1/1940 0:00:00,4,true,51655902,$51.66M,3410,9,0,9
63943,GLATCO,PO Box 197,Spring Grove,PA,17362,1977,1/1/1977 0:00:00,4,false,51597002,$51.60M,3009,5,4,9
22566,MONEY,100 Madison St,Syracuse,NY,13202,1976,11/26/1976 0:00:00,4,false,51514619,$51.51M,3455,7,1,8
66750,BADGER-GLOBE,260 N GREEN BAY RD,NEENAH,WI,54956,1947,8/25/1947 0:00:00,4,false,51513597,$51.51M,2516,11,0,11
66319,TELCO,PO BOX 4002,TARBORO,NC,27886,1941,8/26/1941 0:00:00,4,false,51491343,$51.49M,6524,17,2,19
68677,VOCAL,PO BOX 7449,HELENA,MT,59604,1954,10/25/1954 0:00:00,4,false,51486223,$51.49M,4390,13,0,13
64878,5 STAR COMMUNITY,P.O. BOX 28,MOUNT PLEASANT,IA,52641,1950,1/1/1950 0:00:00,4,false,51471831,$51.47M,6628,9,2,11
3947,QSIDE,21131 Jamaica Ave,Queens Village,NY,11428-1621,1940,1/1/1940 0:00:00,4,false,51436574,$51.44M,6904,12,0,12
13591,CHEROKEE COUNTY,144 N Henderson St,Rusk,TX,75785,1960,1/1/1960 0:00:00,4,false,51374999,$51.37M,4840,17,2,19
24978,MOONLIGHT,Po Box 427,Worthington,PA,16262,1947,1/1/1947 0:00:00,4,false,51369293,$51.37M,3831,10,0,10
62508,TRI-CITIES,905 Pennoyer Ave,Grand Haven,MI,49417,1955,1/1/1955 0:00:00,4,false,51293850,$51.29M,3590,8,5,13
6424,YUMA COUNTY,P.O. BOX 271,YUMA,CO,80759,1949,1/1/1949 0:00:00,4,false,51271905,$51.27M,2392,9,0,9
12938,WV NATIONAL GUARD,1512 COONSKIN DRIVE,CHARLESTON,WV,25311,1959,4/13/1959 0:00:00,4,false,51172409,$51.17M,1840,5,0,5
7628,SOUTHEAST MICHIGAN STATE EMPLOYEES,"6230 Orchard Lake Road, 290",West Bloomfield,MI,48322,1952,2/11/1952 0:00:00,4,true,50817142,$50.82M,3288,12,1,13
67441,CAPROCK SANTA FE,PO BOX 100,SLATON,TX,79364,1954,9/16/1954 0:00:00,4,false,50792715,$50.79M,4311,10,0,10
65803,NORTHWEST HILLS,339 N Elm St,Torrington,CT,06790,1954,1/1/1954 0:00:00,4,false,50652449,$50.65M,3721,9,0,9
24951,INSTEP,"400 Russell Ave., Bldg. #509",New Orleans,LA,70143,1948,1/1/1948 0:00:00,4,false,50607542,$50.61M,4939,21,3,24
16248,NORTH MEMORIAL,3300 OAKDALE AVE N,ROBBINSDALE,MN,55422-2926,1964,1/1/1964 0:00:00,4,false,50548092,$50.55M,4516,12,1,13
61405,AEROQUIP,901 PLYMOUTH ST,JACKSON,MI,49201,1949,1/1/1949 0:00:00,4,false,50269122,$50.27M,3983,12,0,12
3316,ALTONIZED COMMUNITY,P.O. BOX 246,ALTON,IL,62002,1939,6/16/1939 0:00:00,4,false,50257771,$50.26M,5604,9,2,11
5641,CENSUS,PO BOX 733,SUITLAND,MD,20752-0733,1948,1/1/1948 0:00:00,4,false,50230699,$50.23M,2123,5,0,5
67185,FIRST CHOICE COMMUNITY,100 N 17th St,Knoxville,TN,37921-6750,1934,3/19/1934 0:00:00,3,false,49908667,$49.91M,3689,11,3,14
7532,TUSCALOOSA V A,P.O. Box 70400,Tuscaloosa,AL,35407,1951,1/1/1951 0:00:00,3,false,49867626,$49.87M,3442,12,1,13
82789,WESTERN INDIANA CREDIT UNION,949 W State Road 154,Sullivan,IN,47882-7115,1932,1/1/1932 0:00:00,3,false,49809455,$49.81M,3037,8,3,11
63614,CHAMPION COMMUNITY,16601 County Road 150,Courtland,AL,35618,1971,1/1/1971 0:00:00,3,false,49787565,$49.79M,3069,8,5,13
63058,METRO PLUS,1306 VERSAILLES RD STE 140,Lexington,KY,40504-1795,1940,1/1/1940 0:00:00,3,false,49746419,$49.75M,4702,14,1,15
24526,BRECO,5711 S. Sherwood Forest Blvd.,Baton Rouge,LA,70816,1934,9/27/1994 0:00:00,3,false,49531756,$49.53M,5407,13,2,15
68297,3HILL,1407 Erbs Mill Road,Blue Bell,PA,19422-3579,1940,1/1/1940 0:00:00,3,false,49514014,$49.51M,3367,11,1,12
9093,ROSWELL COMMUNITY,2514 N Main St,Roswell,NM,88201,1953,1/1/1953 0:00:00,3,false,49492328,$49.49M,3635,8,1,9
63157,PIPEFITTERS-STEAMFITTERS,6445 LAKE ROAD TER STE 100,WOODBURY,MN,55125-1495,1957,1/1/1957 0:00:00,3,false,49406561,$49.41M,3722,8,0,8
1821,DISTRICT OF COLUMBIA TEACHERS,5656 3rd St NE,Washington,DC,20011,1936,1/1/1936 0:00:00,3,true,49388795,$49.39M,3860,8,2,10
7821,WEST BRANCH VALLEY,1640 HIGH STREET,WILLIAMSPORT,PA,17701,1952,1/1/1952 0:00:00,3,false,49329185,$49.33M,4641,16,2,18
68332,GR CONSUMERS,1073 Gezon Pkwy SW,Wyoming,MI,49509-9542,1941,1/1/1998 0:00:00,3,false,49276933,$49.28M,2843,11,3,14
23986,UMATILLA COUNTY,PO Box 1305,Pendleton,OR,97801,1983,2/18/1983 0:00:00,3,false,49181375,$49.18M,2460,4,0,4
9812,NORTH TOWNS,PO Box 657,Clarence,NY,14031,1954,1/1/1954 0:00:00,3,false,49125276,$49.13M,3039,6,3,9
60378,LUBRIZOL EMPLOYEES',PO Box 158,Deer Park,TX,77536,1954,1/1/1954 0:00:00,3,false,49065099,$49.07M,3453,8,0,8
66317,HEALTHSHARE,"HealthShare Credit Union, 1200 Nort",Greensboro,NC,27401,1955,1/1/1955 0:00:00,3,false,49035676,$49.04M,5762,11,3,14
5291,HASTINGS,707 N Marian Rd,Hastings,NE,68901-3435,1946,1/1/1946 0:00:00,3,false,48776666,$48.78M,4228,11,0,11
3476,BRIDGETON ONIZED,339 Main St,Cedarville,NJ,08311-2542,1939,1/1/1939 0:00:00,3,false,48753799,$48.75M,7306,17,0,17
68300,STAR FINANCIAL,PO Box 10324,Corpus Christi,TX,78460,1959,1/1/1959 0:00:00,3,true,48690249,$48.69M,3366,19,0,19
6974,CONSUMERS COOPERATIVE,PO Box 836,Alliance,NE,69301,1950,1/1/1950 0:00:00,3,false,48660218,$48.66M,3426,7,0,7
61123,LOUISVILLE GAS AND ELECTRIC COMPANY,PO Box 32040,Louisville,KY,40232,1934,1/1/1934 0:00:00,3,false,48421676,$48.42M,2799,8,0,8
9469,MARISOL,PO Box 20525,Phoenix,AZ,85036,1954,1/1/1954 0:00:00,3,true,48390873,$48.39M,6267,16,1,17
97096,FRESNO POLICE DEPARTMENT,1004 N Van Ness Ave,fresno,CA,93728-3430,1954,1/1/1954 0:00:00,3,false,48370750,$48.37M,2527,6,1,7
68008,CENTRAL VALLEY FIREFIGHTERS,5300 N FRESNO ST,FRESNO,CA,93710-6828,1935,1/1/1935 0:00:00,3,false,48338175,$48.34M,2492,8,0,8
67340,BROOKLINE MUNICIPAL,334 WASHINGTON ST,BROOKLINE,MA,02445,1939,1/1/1939 0:00:00,3,false,48332048,$48.33M,2508,5,0,5
67938,OCALA COMMUNITY,2675 SE 36th Ave,Ocala,FL,34471,1953,8/19/1953 0:00:00,3,false,48298344,$48.30M,2651,9,0,9
66545,FIRST CHOICE,1614 E 4TH,MARSHFIELD,WI,54449-4601,1967,3/31/1967 0:00:00,3,false,48143507,$48.14M,3264,9,2,11
24801,CAROLINA COOPERATIVE,6502 MCMAHON DRIVE,CHARLOTTE,NC,28226,1962,1/1/1962 0:00:00,3,false,48131745,$48.13M,9466,16,0,16
11400,GOLDMARK,155 Pleasant Street,Attleboro,MA,02703,1956,1/1/1956 0:00:00,3,false,48054639,$48.05M,2978,5,2,7
21532,U.P.S. EMPLOYEES,3110  INLAND EMPIRE BLVD STE A,ONTARIO,CA,91764-6572,1974,2/12/1974 0:00:00,3,true,48052626,$48.05M,5207,9,1,10
67243,ATHENS AREA,PO BOX 98,ATHENS,WI,54411,1959,5/18/1959 0:00:00,3,false,47980060,$47.98M,2989,8,2,10
9715,EMPLOYEES,1120 W 17TH ST,TULSA,OK,74107,1954,1/1/1954 0:00:00,3,false,47698626,$47.70M,3496,19,1,20
5867,VANTAGE TRUST,247 WILKES-BARRE TOWNSHIP BLVD,WILKES BARRE,PA,18702-6705,1948,1/1/1948 0:00:00,3,false,47695122,$47.70M,5188,8,1,9
64503,DOW GREAT WESTERN,"3457 Deer Valley Rd, PO Box 2059",Antioch,CA,94531-6665,1938,9/1/1938 0:00:00,3,false,47672930,$47.67M,2018,6,0,6
8791,METRO COMMUNITY,P O Box 5438,Huntington,WV,25703,1953,7/21/1953 0:00:00,3,false,47584960,$47.58M,4628,10,1,11
1351,MERCER COUNTY NJ TEACHERS,2271 HIGHWAY 33 STE 108,HAMILTON SQUARE,NJ,08690,1936,1/1/1936 0:00:00,3,false,47467248,$47.47M,3723,5,0,5
2818,HOLYOKE COMMUNITY,101 West Denver,Holyoke,CO,80734,1938,6/20/1938 0:00:00,3,false,47381237,$47.38M,2937,12,1,13
3202,CENTRAL JERSEY POLICE & FIRE,2430 Hamilton Ave,Hamilton,NJ,08619,1939,1/1/1939 0:00:00,3,false,47313958,$47.31M,2890,5,2,7
2049,WAIALUA,PO BOX 800,Waialua,HI,96791,1937,1/1/1937 0:00:00,3,true,47262214,$47.26M,2976,4,0,4
12029,UNITED CATHOLICS,PO BOX 4946,COVINA,CA,91723-4946,1957,10/24/1957 0:00:00,3,false,47238163,$47.24M,3566,9,2,11
60696,FIRE FIGHTERS,9200 E 41ST ST,TULSA,OK,74145,1939,1/1/1939 0:00:00,3,false,47228133,$47.23M,2710,9,0,9
909,PRR SOUTH FORK,220 Main St,South Fork,PA,15956,1936,1/1/1936 0:00:00,3,false,47191354,$47.19M,2483,7,1,8
24238,CALIFORNIA ADVENTIST,1441 E Chevy Chase Dr,Glendale,CA,91206,1952,2/27/1986 0:00:00,3,true,47153833,$47.15M,2044,4,3,7
3438,HUNTINGTONIZED,481 8th Ave West,Huntington,WV,25701,1939,9/22/1939 0:00:00,3,false,47121989,$47.12M,4821,19,0,19
5569,DIXIES,501 RUSSELL ST,DARLINGTON,SC,29532,1947,1/1/1947 0:00:00,3,false,47015109,$47.02M,4942,14,0,14
18749,705,1455 W Willow St,Lafayette,LA,70506-1026,1968,1/1/1968 0:00:00,3,false,46566398,$46.57M,3735,14,0,14
22464,TONAWANDA COMMUNITY,257 Highland Pkwy,Buffalo,NY,14223-1407,1976,7/26/1976 0:00:00,3,false,46475642,$46.48M,5287,3,5,8
9287,MIAMI,"51 SW 1ST AVENUE, SUITE 604",MIAMI,FL,33130,1954,1/1/1954 0:00:00,3,false,46455303,$46.46M,2607,11,0,11
13456,METHODIST HEALTHCARE,"7130 Goodlett Farms Pkwy, Ste 105W",Cordova,TN,38016,1960,1/1/1960 0:00:00,3,false,46438824,$46.44M,5639,10,0,10
63388,KANSAS CITY,5110 ARARAT DR,KANSAS CITY,MO,64129-1852,1940,10/21/1940 0:00:00,3,true,46280437,$46.28M,5163,14,4,18
12333,EARNING TREE,PO Box 1234,Wilkes Barre,PA,18703,1958,1/1/1958 0:00:00,3,false,46255679,$46.26M,1898,2,3,5
9370,EVERYONE'S,P. O. Box 1023,Tucumcari,NM,88401,1954,1/1/1954 0:00:00,3,false,46234877,$46.23M,4565,13,6,19
13321,RAVENSWOOD,PO BOX 67,RAVENSWOOD,WV,26164,1959,11/17/1959 0:00:00,3,false,46215048,$46.22M,5404,16,0,16
63679,PAINESVILLE CREDIT UNION,280 N Saint Clair St,Painesville,OH,44077,1942,1/8/1942 0:00:00,3,false,46214129,$46.21M,6020,13,1,14
9897,SOUTHEASTERN ARIZONA,PO Box 1059,Douglas,AZ,85608,1954,1/1/1954 0:00:00,3,true,46160616,$46.16M,5493,12,5,17
67334,JACKSON COUNTY 1ST,PO BOX 954,MARIANNA,FL,32447,1991,2/25/1991 0:00:00,3,false,46092141,$46.09M,2824,8,2,10
4982,BESSEMER SYSTEM,106 Woodfield Dr,Greenville,PA,16125,1943,1/1/1943 0:00:00,3,false,46053663,$46.05M,3153,6,1,7
66549,BAY SHORE,P.O. BOX 655,MARINETTE,WI,54143,1953,4/1/1953 0:00:00,3,false,46043038,$46.04M,3316,10,0,10
24036,STEWART'S,PO Box 435,Saratoga Spring,NY,12866,1983,7/11/1983 0:00:00,3,false,46041796,$46.04M,4298,6,0,6
24108,INDIANA HEARTLAND,402 S BERKLEY RD,KOKOMO,IN,46901,1972,4/19/1984 0:00:00,3,false,45858866,$45.86M,5111,8,1,9
12470,MOUNTAIN HERITAGE,1822 7TH  ST,PARKERSBURG,WV,26101,1958,7/11/1958 0:00:00,3,false,45835035,$45.84M,8784,16,0,16
12813,BAPTIST HEALTH,9000 Kanis Rd,Little Rock,AR,72205,1959,1/1/1959 0:00:00,3,false,45813162,$45.81M,7164,16,1,17
17569,H. E. TELEPHONE,201 W Passaic St Ste 304,Rochelle Park,NJ,07662-3126,1966,1/1/1966 0:00:00,3,false,45700729,$45.70M,2706,6,4,10
24579,WAKOTA,1151 Southview Blvd,South St Paul,MN,55075,1931,6/19/1996 0:00:00,3,false,45639513,$45.64M,3790,9,2,11
63286,FOX VALLEY,575 N. Broadway,Aurora,IL,60505,1937,4/27/1937 0:00:00,3,false,45598980,$45.60M,3434,10,1,11
20805,DUBOIS-PIKE,P.O. BOX 841,JASPER,IN,47547-0841,1971,12/10/1971 0:00:00,3,false,45510917,$45.51M,2981,8,5,13
67627,HOUSTON HIGHWAY,PO Box 2248,Houston,TX,77252,1952,12/19/1952 0:00:00,3,false,45509909,$45.51M,3281,7,0,7
62878,CAPITOL VIEW,623 E 12th St,Des Moines,IA,50309,1944,1/1/1944 0:00:00,3,false,45496603,$45.50M,1777,6,0,6
4037,HUD,P O BOX 23273,WASHINGTON,DC,20026,1940,1/1/1940 0:00:00,3,true,45481042,$45.48M,4991,7,1,8
23848,GENESEE CO-OP,395 GREGORY ST,ROCHESTER,NY,14620,1981,12/2/1981 0:00:00,3,false,45423493,$45.42M,4584,13,0,13
8921,WILLIS KNIGHTON,PO BOX 17585,SHREVEPORT,LA,71118,1953,1/1/1953 0:00:00,3,false,45421663,$45.42M,8152,13,0,13
16207,STATE CS EMPLOYEES,317 WASHINGTON ST,WATERTOWN,NY,13601,1964,1/1/1964 0:00:00,3,false,45274520,$45.27M,2844,10,0,10
12478,ELECTRICAL WORKERS NO 558,P.O. BOX 806,SHEFFIELD,AL,35660-0806,1958,1/1/1958 0:00:00,3,false,45240249,$45.24M,2631,4,0,4
6920,NEPHI WESTERN EMPLOYEES,PO Box 252,Nephi,UT,84648,1950,1/1/1950 0:00:00,3,false,45225398,$45.23M,2950,4,1,5
68224,AZALEA CITY,5662 COTTAGE HILL RD,MOBILE,AL,36609,1954,1/1/1954 0:00:00,3,false,45140082,$45.14M,4562,15,1,16
20974,B.O.N.D. COMMUNITY,P. O. Box 5286,Atlanta,GA,31107,1972,5/1/1972 0:00:00,3,false,45056238,$45.06M,3219,11,2,13
16351,LUFKIN,PO BOX 150940,LUFKIN,TX,75915,1964,1/1/1964 0:00:00,3,false,45050919,$45.05M,5042,10,1,11
67683,WORCESTER FIRE DEPT.,34 GLENNIE ST,WORCESTER,MA,01605,1937,7/6/1937 0:00:00,3,false,45045098,$45.05M,2075,4,3,7
21851,SUNY FREDONIA,"280 CENTRAL AVE, G139 WILLIAMS CENT",FREDONIA,NY,14063-1127,1974,12/18/1974 0:00:00,3,false,45029067,$45.03M,3364,6,0,6
108,KEMBA CHARLESTON,1830 Roxalana Road,Dunbar,WV,25064-2705,1935,1/19/1936 0:00:00,3,false,44953689,$44.95M,3922,8,0,8
66503,IRON COUNTY COMMUNITY,5702 W US Highway 2,Hurley,WI,54534,1950,4/11/1950 0:00:00,3,false,44940472,$44.94M,3826,8,1,9
20186,CHILDREN'S MEDICAL CENTER,3333 Burnet Ave,Cincinnati,OH,45229-3026,1970,6/10/1970 0:00:00,3,true,44927144,$44.93M,5931,4,0,4
65458,ENERGY PLUS,1230 W Morris St,Indianapolis,IN,46221-1710,1925,1/1/1925 0:00:00,3,false,44926465,$44.93M,3888,14,1,15
856,MOUNTAIN STAR,2229 E Yandell Dr,El Paso,TX,79903-3612,1935,12/13/1935 0:00:00,3,true,44889718,$44.89M,4575,17,0,17
13940,BUSINESS AND INDUSTRIAL,740 N MARR RD,COLUMBUS,IN,47201,1960,9/15/1960 0:00:00,3,false,44868887,$44.87M,3955,11,1,12
11942,ST. TAMMANY,550 PONTCHARTRAIN DR,SLIDELL,LA,70458,1957,1/1/1957 0:00:00,3,false,44825606,$44.83M,7175,19,0,19
64690,HOLY ROSARY,533 CAMPBELL ST,KANSAS CITY,MO,64106-1274,1943,1/1/1943 0:00:00,3,true,44804124,$44.80M,6886,23,6,29
66913,HAMPTON ROADS EDUC CREDIT UNION INC,2130 CUNNINGHAM DR,HAMPTON,VA,23666,1954,4/6/1954 0:00:00,3,false,44700957,$44.70M,4595,13,2,15
452,SKYLINE FINANCIAL,3528 E Main St,Waterbury,CT,06705,1935,1/1/1935 0:00:00,3,false,44611779,$44.61M,3837,8,0,8
6584,LES,PO BOX 44201,BATON ROUGE,LA,70804-4201,1950,1/1/1950 0:00:00,3,false,44583608,$44.58M,4918,11,0,11
16556,SOLUTIONS FIRST,PO BOX 311990,ENTERPRISE,AL,36331,1964,1/1/1964 0:00:00,3,false,44555765,$44.56M,4958,8,1,9
66466,MARATHON COUNTY EMPLOYEES,400 E THOMAS ST,WAUSAU,WI,54403,1965,6/9/1965 0:00:00,3,false,44530285,$44.53M,2852,7,1,8
8709,LAKESHORE,2182 Lakeshore Dr,Muskegon,MI,49441-1414,1953,6/9/1953 0:00:00,3,false,44523597,$44.52M,2600,5,3,8
5785,AFFINITY ONE,545 EAST SECOND ST,JAMESTOWN,NY,14701,1948,7/21/1948 0:00:00,3,false,44513911,$44.51M,3291,13,0,13
18559,STARR COUNTY TEACHERS,P. O. Box 367,Rio Grande City,TX,78582,1968,1/1/1968 0:00:00,3,true,44490667,$44.49M,4637,13,0,13
1729,ENFIELD COMMUNITY,11 CRANBROOK BLVD,ENFIELD,CT,06082,1936,10/29/1936 0:00:00,3,false,44290036,$44.29M,3532,8,1,9
61636,NORTH DISTRICTS,101 NORTHTOWNE SQ,GIBSONIA,PA,15044-9505,1942,1/1/1942 0:00:00,3,false,44236210,$44.24M,3316,7,1,8
13790,DESERTVIEW,PO BOX 580,HUNTINGTON,UT,84528,1960,1/1/1960 0:00:00,3,false,44163250,$44.16M,3553,10,0,10
2705,HELCO,1437 KILAUEA AVE STE 105,HILO,HI,96720,1938,4/1/1938 0:00:00,3,false,44147007,$44.15M,1377,4,0,4
4845,ALL SAINTS,6740 Broadview Rd,Parma,OH,44134-4886,1942,1/1/1942 0:00:00,3,false,44145642,$44.15M,4060,10,5,15
9408,SAVANNAH SCHOOLS,4673 E. HIGHWAY 80,SAVANNAH,GA,31410,1954,1/1/1954 0:00:00,3,true,44117430,$44.12M,4028,11,2,13
817,ROCHESTER & MONROE CO EMP,460 N Goodman St,Rochester,NY,14609-6135,1935,1/1/1935 0:00:00,3,false,44018174,$44.02M,4209,7,2,9
63791,RIVERSIDE COMMUNITY,185 N FRASER AVE,KANKAKEE,IL,60901,1976,10/20/1976 0:00:00,3,false,44006963,$44.01M,3549,9,0,9
19429,YORK EDUCATIONAL,1601 S Queen St,York,PA,17403-4630,1969,1/1/1969 0:00:00,3,false,44003482,$44.00M,3738,12,2,14
61620,FIRSTENERGY FAMILY,575 White Pond Dr Ste E,Akron,OH,44320-1184,1936,1/1/1936 0:00:00,3,false,43995500,$44.00M,4319,4,1,5
1904,UNIVERSITY,1575 17th Ave S,Grand Forks,ND,58201,1937,1/1/1937 0:00:00,3,false,43955825,$43.96M,3614,8,1,9
19593,SAINT FRANCIS EMPLOYEES,P.O. Box 350,Tulsa,OK,74101-0350,1969,1/1/1969 0:00:00,3,false,43872254,$43.87M,5942,11,0,11
383,ON THE GRID FINANCIAL,5901 Peachtree Dunwoody Rd Ste A275,Atlanta,GA,30328-7173,1935,1/1/1935 0:00:00,3,false,43852007,$43.85M,4057,6,1,7
13733,GLASS CAP,241 N Pittsburgh St,Connellsville,PA,15425-3209,1960,1/1/1960 0:00:00,3,false,43835480,$43.84M,4747,7,3,10
4805,NORTHERN NEW MEXICO SCHOOL EMPLOYEE,614 ALTA VISTA ST,SANTA FE,NM,87505,1942,1/1/1942 0:00:00,3,true,43791828,$43.79M,1605,5,3,8
8609,EDU,P.O. Box 232,New Castle,DE,19720,1953,4/27/1953 0:00:00,3,false,43779361,$43.78M,8501,8,3,11
3748,TOLEDO FIRE FIGHTERS,2800 W Laskey Rd,Toledo,OH,43613-3248,1940,3/26/1940 0:00:00,3,false,43716793,$43.72M,2774,7,0,7
3126,SOUTHERN MIDDLESEX CO TCHRS,39 Brunswick Woods Dr,East Brunswick,NJ,08816-5601,1939,1/1/1939 0:00:00,3,false,43701319,$43.70M,2939,4,1,5
24771,FAMILY FOCUS,7310 N PLZ,OMAHA,NE,68127,1931,5/30/2006 0:00:00,3,false,43609560,$43.61M,3115,11,3,14
138,VIGO COUNTY,126 S 3rd St,Terre Haute,IN,47807-3407,1935,4/25/1935 0:00:00,3,false,43565157,$43.57M,9353,12,0,12
11470,SWEET HOME,1960 SWEET HOME RD,AMHERST,NY,14228-3346,1957,1/1/1957 0:00:00,3,false,43514307,$43.51M,2871,6,2,8
10243,OAHE,PO Box 818,Pierre,SD,57501,1955,1/1/1955 0:00:00,3,false,43459462,$43.46M,3587,7,0,7
2237,CALCOE,1209 N 16TH AVE,YAKIMA,WA,98902,1937,1/1/1937 0:00:00,3,false,43440936,$43.44M,3625,9,1,10
7066,EASTERN INDIANA,801 SOUTH MEMORIAL DRIVE,NEW CASTLE,IN,47362,1950,11/12/1951 0:00:00,3,false,43434473,$43.43M,5310,7,5,12
67717,JAX FIRE,2205 Haines St,Jacksonville,FL,32206-3301,1933,2/11/1933 0:00:00,3,false,43375244,$43.38M,2461,10,0,10
63965,VIRGINIA COOP,811 4th St N,Virginia,MN,55792,1937,1/1/1937 0:00:00,3,false,43360682,$43.36M,2814,7,2,9
24676,CARPENTERS,720 Olive St,Saint Paul,MN,55130-4405,1953,1/1/1953 0:00:00,3,true,43322371,$43.32M,15594,9,0,9
11640,BOULEVARD,2787 Niagara Falls Blvd,Amherst,NY,14228,1957,1/1/1957 0:00:00,3,false,43194576,$43.19M,3573,9,0,9
17630,VANTAGE POINT,P.O. BOX 727,HOPEWELL,VA,23860,1966,1/1/1966 0:00:00,3,false,43183220,$43.18M,3026,8,2,10
23865,SYRACUSE COOPERATIVE,1816 Erie Blvd E,Syracuse,NY,13210,1982,2/18/1982 0:00:00,3,true,43173687,$43.17M,3614,30,2,32
68167,COLLEGEDALE,PO Box 2098,Collegedale,TN,37315,1952,7/8/1952 0:00:00,3,false,43131757,$43.13M,4513,9,4,13
19216,N Y TEAM,4155 Veterans Memorial Hwy Ste 7,Ronkonkoma,NY,11779,1969,1/28/1969 0:00:00,3,false,43081597,$43.08M,5194,16,0,16
67604,TRAVIS COUNTY,1101 N Interstate 35,Austin,TX,78702-1901,1954,5/26/1954 0:00:00,3,false,43073370,$43.07M,3343,11,0,11
65371,MCPHERSON CO-OP,P. O. 904,MCPHERSON,KS,67460,1946,1/1/1946 0:00:00,3,false,43068292,$43.07M,3139,11,0,11
6628,POLICE CREDIT UNION OF CONNECTICUT,253 High Street,Hartford,CT,06103,1950,1/1/1950 0:00:00,3,false,43056945,$43.06M,2891,10,0,10
14805,MISSISSIPPI NATIONAL GUARD,142 MILITARY DR,JACKSON,MS,39232-8861,1962,1/1/1962 0:00:00,3,false,43019403,$43.02M,2946,4,0,4
7067,FT RANDALL,PO BOX 297,WAGNER,SD,57380,1951,1/1/1951 0:00:00,3,false,43018662,$43.02M,3332,9,2,11
2454,FIRST OHIO COMMUNITY,8200 Cleveland Ave NW,North Canton,OH,44720-5666,1937,11/30/1937 0:00:00,3,false,43011316,$43.01M,3393,8,0,8
7520,GULF COAST,1001 SPRINGHILL AVE,MOBILE,AL,36604,1951,1/1/1951 0:00:00,3,true,43001081,$43.00M,6872,17,0,17
63103,BLOOMINGTON MUNICIPAL,602 S Gridley,Bloomington,IL,61701,1953,1/13/1953 0:00:00,3,false,42801776,$42.80M,2265,5,3,8
24878,NORTHERN LIGHTS,1004 Memorial Dr,Saint Johnsbury,VT,05819,1951,12/22/1988 0:00:00,3,false,42711463,$42.71M,4953,11,2,13
12745,LOCAL 697,7200 MISSISSIPPI ST STE 400,MERRILLVILLE,IN,46410,1958,1/14/1958 0:00:00,3,false,42582514,$42.58M,3218,4,0,4
68487,MEMBERS,612 Bedford ST,Stamford,CT,06901,1935,1/1/1935 0:00:00,3,false,42568682,$42.57M,4002,14,0,14
62588,CLEVELAND POLICE,2301 PAYNE AVENUE,CLEVELAND,OH,44114,1938,1/1/1938 0:00:00,3,false,42480698,$42.48M,4751,9,3,12
67608,UPS EMPLOYEES,1814 E BROOKS RD,MEMPHIS,TN,38116,1980,6/17/1991 0:00:00,3,false,42454865,$42.45M,6208,10,0,10
7149,BISON,2 W MACARTHUR ST,SHAWNEE,OK,74804-2026,1951,1/1/1951 0:00:00,3,false,42412257,$42.41M,3949,10,0,10
7020,M O,1730 Dakota Ave S,Huron,SD,57350,1950,1/1/1950 0:00:00,3,false,42410299,$42.41M,1783,6,0,6
8752,SIOUX VALLEY COOP,PO Box 344,Watertown,SD,57201,1953,1/1/1953 0:00:00,3,false,42408825,$42.41M,3379,6,1,7
10353,ACCESS OF LOUISIANA,PO Box 1690,Lake Charles,LA,70602-1690,1955,1/1/1955 0:00:00,3,false,42315983,$42.32M,3707,12,0,12
21339,NORTHERN KENTUCKY,2805 Alexandria Pike,Highland Height,KY,41076,1973,6/28/1973 0:00:00,3,false,42312328,$42.31M,7021,10,2,12
23620,GEISMAR COMPLEX,35294 Highway 30,Geismar,LA,70734,1980,3/12/1980 0:00:00,3,false,42273765,$42.27M,2524,7,0,7
1499,PUEBLO GOVERNMENT AGENCIES,720 N Greenwood St,Pueblo,CO,81003-3014,1936,1/1/1936 0:00:00,3,false,42242472,$42.24M,2998,10,1,11
67713,LAKESIDE,1008 Broadway,New Johnsonvill,TN,37134,1965,10/15/1991 0:00:00,3,false,42162340,$42.16M,2619,11,1,12
12892,BCM,"1 Baylor Plz Ste 59E, Mail Stop BCM",Houston,TX,77030-3411,1959,1/1/1959 0:00:00,3,false,42035758,$42.04M,4733,9,0,9
63598,B&V,11401 LAMAR AVENUE,OVERLAND PARK,KS,66211,1954,6/1/1954 0:00:00,3,false,42019601,$42.02M,4532,3,1,4
8039,DAKOTA STAR,3122 W SAINT LOUIS ST,RAPID CITY,SD,57702-2354,1952,1/1/1952 0:00:00,3,false,41987067,$41.99M,2991,8,4,12
66340,"CENTRAL CREDIT UNION OF MARYLAND,IN",8501 LaSalle Road,Baltimore,MD,21286,1950,6/1/1950 0:00:00,3,false,41984053,$41.98M,4482,8,1,9
22530,PEE DEE,PO BOX 1391,FLORENCE,SC,29503,1976,10/8/1976 0:00:00,3,true,41870832,$41.87M,4654,12,0,12
61383,ADVANTAGE,P.O. BOX 2674,MANSFIELD,OH,44906-0674,1961,1/1/1961 0:00:00,3,false,41861720,$41.86M,3687,13,0,13
67581,CABOT COMMUNITY,PO Box 2217,Pampa,TX,79066-2217,1931,6/6/1931 0:00:00,3,false,41839863,$41.84M,4357,11,0,11
6116,VALEX,1767 Jackson St,Alexandria,LA,71301-6433,1949,1/1/1949 0:00:00,3,false,41834082,$41.83M,2915,9,1,10
18067,MANISTIQUE,121 EAST ELK STREET,MANISTIQUE,MI,49854,1967,4/18/1967 0:00:00,3,false,41831605,$41.83M,3080,9,0,9
18192,MEAD COATED BOARD,P. O. Box 99,Eufaula,AL,36072-0099,1967,1/1/1967 0:00:00,3,false,41729849,$41.73M,1505,2,1,3
65528,NORTH PLATTE UNION PACIFIC EMPLOYEE,420 Rodeo Rd,North Platte,NE,69101-2240,1941,6/26/1941 0:00:00,3,false,41624181,$41.62M,3995,8,0,8
63159,FORT DODGE FAMILY,407 2nd Ave S,Fort Dodge,IA,50501,1940,1/1/1940 0:00:00,3,false,41362846,$41.36M,3509,12,1,13
6871,CHIROPRACTIC,23617 LIBERTY ST,FARMINGTON,MI,48335,1950,8/25/1950 0:00:00,3,false,41307502,$41.31M,2617,4,4,8
66456,COUNTY - CITY,"COUNTY CITY CREDIT UNION, 106 E JOH",JEFFERSON,WI,53549-2039,1963,5/21/1963 0:00:00,3,false,41273888,$41.27M,3019,13,4,17
6208,OMAHA DOUGLAS,8251 W CENTER RD,OMAHA,NE,68124,1949,1/1/1949 0:00:00,3,false,41255172,$41.26M,3588,9,4,13
8588,COMMUNITY 1ST,2905 Main St,Miles City,MT,59301,1953,1/1/1953 0:00:00,3,false,41222706,$41.22M,3911,11,0,11
61368,SHERWIN WILLIAMS EMP.,16230 Prince Dr,South Holland,IL,60473-3233,1936,1/1/1936 0:00:00,3,true,41194531,$41.19M,3117,9,2,11
11689,WYROPE WILLIAMSPORT,1536 Riverside Dr,S Williamsport,PA,17702,1957,1/1/1957 0:00:00,3,false,41154646,$41.15M,4759,8,0,8
67516,HOCKLEY COUNTY,504 Clubview Dr,Levelland,TX,79336,1954,12/21/1954 0:00:00,3,false,41094644,$41.09M,3990,12,3,15
7846,SOLUTIONS,907 BROADWAY,ELMIRA,NY,14904,1952,1/1/1952 0:00:00,3,false,41094110,$41.09M,3420,8,0,8
14670,H E A,121 OSIGIAN BLVD,WARNER ROBINS,GA,31088,1961,1/1/1961 0:00:00,3,false,40967772,$40.97M,2911,7,0,7
67323,CITY-COUNTY EMPLOYEES,1810 N BELCHER RD,CLEARWATER,FL,33765-1448,1941,2/23/1991 0:00:00,3,false,40936350,$40.94M,3898,8,1,9
65471,GUADALUPE PARISH,P.O. Box 97,Antonito,CO,81120,1941,1/1/1941 0:00:00,3,true,40915822,$40.92M,3793,7,2,9
20302,HARVEST,P.O. Box 2216,Heath,OH,43056,1970,9/9/1970 0:00:00,3,false,40907135,$40.91M,2286,7,0,7
63940,RED OAK,1008 VETERANS MEMORIAL PKWY,TUSCALOOSA,AL,35404,1955,1/1/1955 0:00:00,3,false,40905107,$40.91M,4629,11,0,11
11533,KNOXVILLE LAW ENFORCEMENT,501 E. Summit Hill Drive,Knoxville,TN,37915,1957,1/1/1957 0:00:00,3,false,40875709,$40.88M,1678,6,0,6
21644,TORO EMPLOYEES,8111 Lyndale Ave S,Bloomington,MN,55420,1974,5/9/1974 0:00:00,3,false,40858817,$40.86M,2977,6,0,6
616,NEW HORIZON,180 2nd St SW,Barberton,OH,44203,1935,9/10/1935 0:00:00,3,false,40854367,$40.85M,3141,12,5,17
61453,HI-LAND,965 E WOODOAK LANE,SALT LAKE CITY,UT,84117,1957,1/1/1957 0:00:00,3,false,40827391,$40.83M,2681,4,1,5
9398,LU 354 I B E W,3405 W 1987 S,SALT LAKE CITY,UT,84104-4942,1954,1/1/1954 0:00:00,3,false,40785074,$40.79M,2695,6,0,6
13763,RIVER REGION,P O DRAWER 309,LUTCHER,LA,70071,1960,1/1/1960 0:00:00,3,false,40759977,$40.76M,2442,6,1,7
64417,SIOUX VALLEY COMMUNITY,PO BOX 387,SIOUX CITY,IA,51102,1952,1/1/1952 0:00:00,3,false,40752312,$40.75M,3676,13,4,17
62726,WEST METRO SCHOOLS,1001 Highway 7,Hopkins,MN,55305,1954,1/1/1954 0:00:00,3,false,40737716,$40.74M,2615,6,1,7
16954,FOX,PO BOX 641849,LOS ANGELES,CA,90064,1965,1/1/1965 0:00:00,3,false,40720394,$40.72M,3066,8,0,8
62543,AUTO-OWNERS ASSOCIATES,6101 ANACAPRI BLVD,LANSING,MI,48917,1948,1/1/1948 0:00:00,3,false,40570275,$40.57M,2572,5,1,6
5439,AMHERST,"6470 MAIN STREET, SUITE 5",AMHERST,NY,14221,1947,1/1/1947 0:00:00,3,false,40561476,$40.56M,3850,7,0,7
220,HOPE,925 White Oaks Blvd.,Bridgeport,WV,26330,1935,4/3/1935 0:00:00,3,false,40550467,$40.55M,2596,4,0,4
67869,KEYSTONE,P.O Box 4970,Tyler,TX,75712,1964,3/5/1964 0:00:00,3,false,40524946,$40.52M,2970,9,1,10
5256,600 ATLANTIC,600 ATLANTIC AVE,BOSTON,MA,02210,1946,1/1/1946 0:00:00,3,false,40492300,$40.49M,1464,4,0,4
66640,TRI-COUNTY,"2205 Hall Ave, Suite 107",Marinette,WI,54143,1936,6/24/1936 0:00:00,3,false,40491583,$40.49M,2982,10,2,12
64850,CREDIT UNION ONE OF OKLAHOMA,PO Box 53005,Oklahoma City,OK,73152,1949,1/1/1949 0:00:00,3,false,40489602,$40.49M,3642,12,0,12
67436,MESQUITE,1510 N GALLOWAY AVE,MESQUITE,TX,75149,1968,4/30/1968 0:00:00,3,false,40381240,$40.38M,2886,8,1,9
66677,WEA,33 Nob Hill Rd,Madison,WI,53713,1931,4/15/1931 0:00:00,3,false,40357012,$40.36M,2813,6,1,7
7958,LAKEHURST NAVAL,60 LANSDOWNE RD,LAKEHURST NAEC,NJ,08733-5021,1952,1/1/1952 0:00:00,3,false,40314304,$40.31M,1846,5,1,6
6175,OLD OCEAN,PO Box 867,Sweeny,TX,77480,1949,1/1/1949 0:00:00,3,false,40303910,$40.30M,3002,10,0,10
8925,ADVANTAGEPLUS OF INDIANA,P.O. Box 5261,Terre Haute,IN,47805,1953,10/6/1953 0:00:00,3,false,40286716,$40.29M,7805,10,1,11
14884,SPENCERPORT,PO Box 86,Spencerport,NY,14559,1962,1/1/1962 0:00:00,3,false,40283458,$40.28M,4470,6,3,9
67096,GOLDEN RULE COMMUNITY,PO BOX 97,RIPON,WI,54971,1938,9/28/1938 0:00:00,3,false,40252959,$40.25M,3053,10,10,20
22159,CORAL COMMUNITY,1930 NE 47th St Ste 120,Ft Lauderdale,FL,33308,1975,10/16/1975 0:00:00,3,false,40212492,$40.21M,3636,8,0,8
14409,DIABLO VALLEY,1051 Detroit Ave Ste A,Concord,CA,94518-2457,1961,1/1/1961 0:00:00,3,false,40174444,$40.17M,2269,7,0,7
8540,R-S BELLCO,710 Third Avenue,New Brighton,PA,15066,1953,1/1/1953 0:00:00,3,false,40170575,$40.17M,3144,9,2,11
11779,PUBLIC SERVICE,619 Union Ave,Middlesex,NJ,08846,1957,1/1/1957 0:00:00,3,false,40078701,$40.08M,3729,6,1,7
4936,PATENT AND TRADEMARK OFFICE,501 DULANY ST,ALEXANDRIA,VA,22314,1942,1/1/1942 0:00:00,3,false,40030588,$40.03M,2822,9,0,9
3080,SAN ANGELO,235 W 1ST ST,SAN ANGELO,TX,76903-5704,1939,1/1/1939 0:00:00,3,false,39911978,$39.91M,3910,11,0,11
16756,VALLEY ONE COMMUNITY,2990 Johnson Rd,Steubenville,OH,43952,1965,4/8/1965 0:00:00,3,false,39712060,$39.71M,3720,5,5,10
11652,GOLDEN VALLEY,409 W Center St,Manteca,CA,95336,1957,1/1/1957 0:00:00,3,false,39677075,$39.68M,3351,7,2,9
5773,HAYNES COMMUNITY,PO BOX 2148,KOKOMO,IN,46904-2148,1948,7/15/1948 0:00:00,3,false,39667202,$39.67M,4071,8,1,9
5116,PORT CITY,460 W LAKETON AVE,MUSKEGON,MI,49441-2632,1944,5/29/1944 0:00:00,3,false,39647716,$39.65M,2678,6,1,7
65843,MWRD EMPLOYEES,100 E ERIE ST,CHICAGO,IL,60611-2829,1953,5/14/1953 0:00:00,3,false,39644451,$39.64M,2143,6,1,7
168,NORTHERN INDIANA,8121 Grand Blvd,Merrillville,IN,46410,1935,2/19/1935 0:00:00,3,false,39629936,$39.63M,5703,8,0,8
14018,VISIONARY,201 Beram Ave,Bridgeville,PA,15017-2941,1960,1/1/1960 0:00:00,3,false,39563031,$39.56M,3117,6,1,7
9115,HOTEL AND TRAVEL INDUSTRY,1600 Kapiolani Blvd Ste 110,Honolulu,HI,96814-3802,1954,1/7/1954 0:00:00,3,true,39560050,$39.56M,4557,8,0,8
11643,FREEDOM 1ST,57915 LEAVENWORTH ST,MCCONNELL AFB,KS,67221,1957,1/1/1957 0:00:00,3,false,39531079,$39.53M,2321,3,0,3
60731,CAMPUS,4960 E 21st St N,Wichita,KS,67208,1952,1/1/1952 0:00:00,3,false,39504562,$39.50M,4815,11,4,15
16813,CAPROCK,PO BOX 300,LAMESA,TX,79331,1965,1/1/1965 0:00:00,3,true,39470374,$39.47M,4365,12,3,15
11157,UTICA DISTRICT TELEPHONE EMPLOYEES,2812 GENESEE ST,UTICA,NY,13502,1956,1/1/1956 0:00:00,3,false,39466521,$39.47M,1686,5,1,6
23355,SHELTER INSURANCE,1817 West Broadway,Columbia,MO,65218,1979,3/26/1979 0:00:00,3,false,39430154,$39.43M,2941,4,1,5
61942,ORGANIZED LABOR,2112 McHenry Ave,Modesto,CA,95350,1974,1/1/1974 0:00:00,3,false,39266293,$39.27M,3172,4,1,5
60619,EPB EMPLOYEES,1500 MCCALLIE AVE,CHATTANOOGA,TN,37404-2937,1954,1/1/1954 0:00:00,3,false,39260168,$39.26M,2498,6,0,6
5170,GRAND TRUNK BATTLE CREEK EMP,1275 RAYMOND RD N,BATTLE CREEK,MI,49014,1945,2/1/1945 0:00:00,3,false,39106706,$39.11M,2520,11,3,14
63319,CREDIT UNION OF EMPORIA,2711 W 15TH AVE,EMPORIA,KS,66801,1953,11/11/1953 0:00:00,3,false,39099819,$39.10M,3830,6,3,9
110,ITALO-AMERICAN,6652 Myrtle Ave,Glendale,NY,11385-7057,1935,1/1/1935 0:00:00,3,false,39058829,$39.06M,599,3,1,4
11943,BEFIT FINANCIAL,PO Box 5760,Vacaville,CA,95696,1957,1/1/1957 0:00:00,3,false,38987699,$38.99M,2441,8,0,8
61643,PLANITES,"300 E Randolph ST, CAL 419",Chicago,IL,60601-7408,1955,1/1/1955 0:00:00,3,false,38981635,$38.98M,4019,7,0,7
68071,ST. THOMAS,4230 Harding Pike Ste 103,Nashville,TN,37205,1959,12/3/1993 0:00:00,3,false,38842959,$38.84M,2438,9,1,10
61808,AFFILIATED TRADES,3900 RIDGE PIKE,COLLEGEVILLE,PA,19426,1974,1/1/1974 0:00:00,3,false,38834901,$38.83M,2290,3,1,4
11353,EAST RIVER,PO Box 31,Madison,SD,57042,1956,1/1/1956 0:00:00,3,false,38832268,$38.83M,3178,9,1,10
3741,A & S,2090 Brodhead Rd,Aliquippa,PA,15001,1940,1/1/1940 0:00:00,3,false,38829453,$38.83M,2340,6,0,6
17752,NORTHWEST MUNICIPAL,"1420 Miner St, Room 405",Des Plaines,IL,60016,1966,10/25/1966 0:00:00,3,false,38811668,$38.81M,1776,4,2,6
62344,DETOUR DRUMMOND COMMUNITY,34857 S TOWNLINE RD,DRUMMOND ISLAND,MI,49726-9486,1960,1/1/1960 0:00:00,3,false,38805865,$38.81M,2037,11,0,11
10954,METHUEN,248 Broadway,Methuen,MA,01844,1956,1/1/1956 0:00:00,3,false,38741404,$38.74M,2523,5,3,8
9532,WESTCHESTER SCHOOLS',"118 South Ridge Street, #3",Rye Brook,NY,10573-2848,1954,1/1/1954 0:00:00,3,false,38691263,$38.69M,2739,3,0,3
96808,WIREMEN'S,5800 State Rd,Parma,OH,44134,0,10/17/1955 0:00:00,3,false,38688683,$38.69M,5313,4,0,4
4227,BADLANDS,PO Box 1382,Glendive,MT,59330,1941,1/1/1941 0:00:00,3,false,38622866,$38.62M,2182,6,0,6
67005,NATIONAL J. A. C. L.,3776 S Highland Dr,Salt Lake City,UT,84106-3270,1987,3/20/1987 0:00:00,3,true,38602273,$38.60M,3078,4,5,9
2263,FIRST NRV,PO Box 2963,Radford,VA,24143-2963,1937,1/1/1937 0:00:00,3,false,38598533,$38.60M,2780,8,1,9
66877,TEACHERS,2315 PRAIRIE AVENUE,BELOIT,WI,53511,1934,4/9/1934 0:00:00,3,false,38528073,$38.53M,2189,6,3,9
67979,M.P.D. COMMUNITY,2711 Old Lebanon Pike,Nashville,TN,37214,1966,12/15/1992 0:00:00,3,false,38496819,$38.50M,2947,9,0,9
67489,ASPIRE,900 Pershing Ave,Lufkin,TX,75904,1952,11/4/1952 0:00:00,3,false,38469817,$38.47M,2596,8,0,8
68254,CONNECTION,PO Box 3990,Silverdale,WA,98383,1958,9/4/1958 0:00:00,3,false,38411103,$38.41M,3363,12,3,15
17955,AUSTIN,1900 WOODWARD ST,AUSTIN,TX,78741,1967,1/1/1967 0:00:00,3,false,38336427,$38.34M,2561,11,0,11
23421,LOYOLA UNIVERSITY EMPLOYEES,2160 S 1st Ave Building 105,Maywood,IL,60153-3328,1979,6/15/1979 0:00:00,3,false,38317580,$38.32M,3853,3,1,4
65411,BUCKS COUNTY EMPLOYEES,55 E Court St,Doylestown,PA,18901-4318,1966,1/1/1966 0:00:00,3,false,38284895,$38.28M,1599,1,3,4
16933,PARKS HERITAGE,5 MURRAY ST,GLENS FALLS,NY,12801,1965,1/1/1965 0:00:00,3,false,38251520,$38.25M,3962,9,1,10
60483,NASHVILLE FIREMEN'S,908 WOODLAND ST,NASHVILLE,TN,37206,1932,1/1/1932 0:00:00,3,false,38086788,$38.09M,3213,7,2,9
62939,STREATOR COMMUNITY,302 N Park S,Streator,IL,61364-2229,1950,4/18/1950 0:00:00,3,false,38067628,$38.07M,2397,9,3,12
10695,MORGANTOWN A E S,1133 Van Voorhis Rd,Morgantown,WV,26505,1955,12/8/1955 0:00:00,3,false,37994125,$37.99M,4251,6,1,7
15007,MIDWEST FAMILY,PO BOX 48,PORTAGE,IN,46368-0048,1962,5/10/1962 0:00:00,3,false,37964746,$37.96M,2596,9,0,9
10799,LONGSHOREMEN'S LOCAL 4,PO Box 61629,Vancouver,WA,98666,1956,1/1/1956 0:00:00,3,false,37964547,$37.96M,1025,4,3,7
14015,GARDEN STATE,PO BOX 680,MOORESTOWN,NJ,08057,1960,1/1/1960 0:00:00,3,false,37944905,$37.94M,3304,0,0,0
65356,NEW DIRECTIONS COMMUNITY,777 Allegheny Blvd,Franklin,PA,16323,1974,1/1/1974 0:00:00,3,false,37884903,$37.88M,5865,19,1,20
13602,MANCHESTER MUNICIPAL,479 MAIN STR,MANCHESTER,CT,06040-4101,1960,1/1/1960 0:00:00,3,false,37860618,$37.86M,2215,5,1,6
20290,TWIN RIVERS,23 Phillips St,Massena,NY,13662,1970,1/1/1970 0:00:00,3,false,37859189,$37.86M,2617,8,0,8
63977,MINNESOTA CATHOLIC,400 Little Canada Rd E,Little Canada,MN,55117,1946,1/1/1946 0:00:00,3,false,37795988,$37.80M,3047,8,1,9
2299,GSA,1800 F St NW # 1211,Washington,DC,20405-0001,1937,1/1/1937 0:00:00,3,false,37724717,$37.72M,5526,7,0,7
16063,BVA,608 Rostraver Rd,Belle Vernon,PA,15012-1941,1964,1/1/1964 0:00:00,3,false,37535332,$37.54M,2233,7,1,8
68549,MEDIA CITY,1020 WEST OLIVE AVENUE,BURBANK,CA,91506,1936,1/1/1936 0:00:00,3,false,37431364,$37.43M,2093,6,0,6
24549,HANIN,"3500 W 6th St, Ste 201",Los Angeles,CA,90020-5801,1995,8/15/1995 0:00:00,3,true,37411660,$37.41M,2334,12,0,12
61944,LAUDERDALE COUNTY TEACHERS,103 Mangum St,Florence,AL,35630,1956,1/1/1956 0:00:00,3,false,37339076,$37.34M,1989,4,2,6
23717,TOWN OF CHEEKTOWAGA,3251 BROADWAY ST,CHEEKTOWAGA,NY,14227-1033,1980,11/13/1980 0:00:00,3,false,37325308,$37.33M,1486,3,3,6
61756,FIRST AREA,193 CAMPBELL LN,SAGINAW,MI,48609,1961,1/1/1961 0:00:00,3,false,37317870,$37.32M,2896,6,2,8
5510,CATHOLIC FAMILY,717 N Socora St,Wichita,KS,67212-3670,1947,1/1/1947 0:00:00,3,false,37232175,$37.23M,3583,9,2,11
95042,BLACKHAWK AREA,PO Box 328,Savanna,IL,61074-1628,1935,1/2/1935 0:00:00,3,false,37227496,$37.23M,3792,13,4,17
62121,ILLINOIS VALLEY,1311 Shooting Park Rd,Peru,IL,61354,1955,1/1/1955 0:00:00,3,false,37211022,$37.21M,4196,11,0,11
6527,BRIGHTVIEW,"713 S PEAR ORCHARD RD, STE 101",RIDGELAND,MS,39157-4823,1950,1/1/1950 0:00:00,3,false,37171862,$37.17M,4893,15,0,15
60149,MCDOWELL CORNERSTONE,PO BOX 519,MARION,NC,28752,1967,1/1/1967 0:00:00,3,false,37156146,$37.16M,2673,6,0,6
66143,CHAVES COUNTY SCHOOL EMPLOYEES,1401 N Lea Ave,Roswell,NM,88201,1952,12/11/1952 0:00:00,3,false,37132504,$37.13M,2419,5,0,5
68469,CATHOLIC UNITED FINANCIAL,3499 LEXINGTON AVE N,SAINT PAUL,MN,55126,2001,4/10/2001 0:00:00,3,false,37131615,$37.13M,2994,6,1,7
24545,THEORY,1595 MENTOR AVE,PAINESVILLE,OH,44077,1995,6/27/1995 0:00:00,3,false,37079884,$37.08M,3555,8,3,11
8298,GOLDEN TRIANGLE,5211 E Parkway St,Groves,TX,77619,1953,1/1/1953 0:00:00,3,false,37069947,$37.07M,2328,9,1,10
12616,ERIE COMMUNITY,1109 E Strub Rd,Sandusky,OH,44870,1958,10/23/1958 0:00:00,3,false,36987232,$36.99M,3459,7,0,7
9723,N.J.T. EMPLOYEES,7 Richard Drive,Waldwick,NJ,07463,1954,1/1/1954 0:00:00,3,true,36986302,$36.99M,2531,0,3,3
68172,KOIN,215 Centerview Dr Ste 3-111,Brentwood,TN,37027,1954,8/25/1994 0:00:00,3,false,36922740,$36.92M,2097,8,0,8
62218,LAMOURE,PO BOX 178,LAMOURE,ND,58458,1940,1/1/1940 0:00:00,3,false,36864088,$36.86M,1123,4,0,4
20824,HOPESOUTH,807 W Greenwood St,Abbeville,SC,29620-2552,1971,1/1/1971 0:00:00,3,false,36831989,$36.83M,3781,9,0,9
22213,HEALTH CARE PROFESSIONALS,1810 Williamsburg Pike,Richmond,IN,47374,1975,12/5/1975 0:00:00,3,false,36827892,$36.83M,3313,8,6,14
3012,CITY OF FIRSTS COMMUNITY,PO BOX 187,KOKOMO,IN,46903,1938,12/14/1938 0:00:00,3,false,36791800,$36.79M,3613,8,3,11
15788,COMMON CENTS,PO BOX 20396,BEAUMONT,TX,77720-0396,1963,1/1/1963 0:00:00,3,false,36777838,$36.78M,3586,13,4,17
24793,SETTLERS,PO BOX 260,BRUCE CROSSING,MI,49912,1932,10/26/2007 0:00:00,3,false,36700218,$36.70M,3929,8,3,11
7644,GOGEBIC COUNTY,600 W LEAD ST,BESSEMER,MI,49911,1952,2/13/1952 0:00:00,3,false,36621053,$36.62M,3768,6,1,7
8616,ST. ANTHONY OF PADUA,806 Bedford St,Fall River,MA,02723,1953,1/1/1953 0:00:00,3,false,36611418,$36.61M,1669,4,2,6
24454,MID-TEX,P.O. BOX 338,BROWNWOOD,TX,76804,1961,11/19/1992 0:00:00,3,false,36584077,$36.58M,3173,9,1,10
6723,FRANKLIN JOHNSTOWN,310 BLOOMFIELD ST,JOHNSTOWN,PA,15904-3202,1950,1/1/1950 0:00:00,3,false,36581461,$36.58M,4030,13,0,13
16067,THE ANDOVERS,19C Lupine Rd,Andover,MA,01810-3909,1964,1/1/1964 0:00:00,3,false,36563583,$36.56M,2115,6,0,6
13305,LAWRENCE MEMORIAL HOSPITAL EMPLOYEE,365 Montauk Ave,New London,CT,06320,1959,1/1/1959 0:00:00,3,false,36539740,$36.54M,2944,6,0,6
62960,SHOW-ME,P.O. Box 477,Mexico,MO,65265,1954,6/1/1954 0:00:00,3,false,36520165,$36.52M,3164,8,2,10
3285,NIAGARA REGIONAL,1285 Erie Ave,North Tonawanda,NY,14120,1939,1/1/1939 0:00:00,3,false,36487542,$36.49M,2386,7,1,8
19433,SOFTITE COMMUNITY,1201 S Zane Hwy,Martins Ferry,OH,43935-1965,1969,1/1/1969 0:00:00,3,false,36455791,$36.46M,3798,11,3,14
24770,COMMUNITY LINK,325 ETNA AVE,HUNTINGTON,IN,46750,1997,1/14/1997 0:00:00,3,false,36447297,$36.45M,2635,10,2,12
11168,AUDUBON,P O Box 1009,Owensboro,KY,42302-1009,1956,1/1/1956 0:00:00,3,false,36407515,$36.41M,2591,8,2,10
61391,SOCIAL SECURITY,PO Box 937,Birmingham,AL,35201,1947,1/1/1947 0:00:00,3,false,36399454,$36.40M,2732,5,0,5
12686,PAHRANAGAT VALLEY,P.O. Box 419,Alamo,NV,89001,1958,1/1/1958 0:00:00,3,false,36391656,$36.39M,2232,4,3,7
8413,PORT ARTHUR TEACHERS,3001 JIMMY JOHNSON BLVD,PORT ARTHUR,TX,77642,1953,1/1/1953 0:00:00,3,true,36390747,$36.39M,3077,9,0,9
5741,CHIVAHO,190 N Bridge St,Chillicothe,OH,45601-2620,1948,6/2/1948 0:00:00,3,false,36341967,$36.34M,2329,6,1,7
62733,NSP,"2303 White Bear Ave N, Suite A",Maplewood,MN,55109,1933,1/1/1933 0:00:00,3,false,36281277,$36.28M,2731,7,0,7
66683,RIPPLE,P O Box 2346,Oshkosh,WI,54903-2346,1960,5/3/1960 0:00:00,3,false,36156222,$36.16M,2442,6,2,8
20842,UNO,"UNIVERSITY OF NEW ORLEANS, 2000 LAK",NEW ORLEANS,LA,70148,1972,1/1/1972 0:00:00,3,false,36147395,$36.15M,4320,11,1,12
2953,LANAI,PO Box 631377,Lanai City,HI,96763-1377,1938,1/1/1938 0:00:00,3,true,36084519,$36.08M,2032,4,0,4
6674,HOME,131 W Pike St,Clarksburg,WV,26301,1950,4/21/1950 0:00:00,3,false,36030296,$36.03M,3015,9,0,9
9873,KNOXVILLE FIREFIGHTERS,P.O.Box 12209,Knoxville,TN,37912,1954,1/1/1954 0:00:00,3,false,36026373,$36.03M,1824,5,1,6
7471,MOLOKAI COMMUNITY,P.O. Box 1888,Kaunakakai,HI,96748,1951,1/1/1951 0:00:00,3,true,35973339,$35.97M,4331,8,0,8
68097,HAPPY VALLEY,P.O. BOX 1838,ELIZABETHTON,TN,37644,1934,12/10/1993 0:00:00,3,false,35899385,$35.90M,3246,6,1,7
67648,HOOSIER UNITED,1828 N Meridian St Ste 102,Indianapolis,IN,46202-1452,1931,5/26/1931 0:00:00,3,false,35896887,$35.90M,3309,5,1,6
5144,MILESTONES,291 Pine St,Lewiston,ME,04240,1944,1/1/1944 0:00:00,3,false,35870009,$35.87M,1801,9,1,10
67545,MATAGORDA COUNTY,3700 Avenue F,Bay City,TX,77414,1961,12/21/1961 0:00:00,3,false,35843183,$35.84M,2445,6,1,7
11902,PATTERSON,124 WP MALONE DR,ARKADELPHIA,AR,71923,1957,1/1/1957 0:00:00,3,false,35785049,$35.79M,3870,7,0,7
64833,HAZLETON SCHOOL EMPLOYEES,1049 WILBUR COURT,HAZLETON,PA,18202,1948,1/1/1948 0:00:00,3,false,35698648,$35.70M,1406,2,7,9
67336,ECU,P.O. BOX 4818,SEMINOLE,FL,33775,1991,2/25/1991 0:00:00,3,false,35676701,$35.68M,2413,10,2,12
24811,SHUFORD,882 16th St NE,Hickory,NC,28601,1967,1/1/1967 0:00:00,3,false,35639311,$35.64M,4463,8,1,9
13300,SCHOOL DISTRICT 3,1180 Crawford Ave,Colorado Spring,CO,80911,1959,1/1/1959 0:00:00,3,false,35618390,$35.62M,1625,6,1,7
1621,HOMETOWN,151 N Broadway,Peru,IN,46970-2233,1936,8/31/1936 0:00:00,3,false,35534962,$35.53M,3971,10,2,12
96711,MEMBERS CHOICE,725 PINE ST,GREENVILLE,OH,45331,0,10/19/1954 0:00:00,3,false,35520298,$35.52M,3328,5,3,8
14180,CENTRAL SUSQUEHANNA COMMUNITY,530 E MARKET ST,DANVILLE,PA,17821,1961,1/1/1961 0:00:00,3,false,35441933,$35.44M,1784,4,4,8
14786,NORTHWEST ADVENTIST,10333 SE Main St,Portland,OR,97216-2940,1962,1/12/1962 0:00:00,3,false,35317143,$35.32M,3189,8,0,8
1817,MAUI TEACHERS,2145 Wells St Ste 101,Wailuku,HI,96793,1936,1/1/1936 0:00:00,3,true,35025026,$35.03M,1290,3,1,4
1869,HAWAIIAN ELECTRIC EMPLOYEES,"770 Kapiolani Blvd, Suite 514",Honolulu,HI,96813-5258,1937,1/1/1937 0:00:00,3,true,35008752,$35.01M,1837,4,1,5
65816,NEBRASKA STATE EMPLOYEES,PO BOX 95084,LINCOLN,NE,68509,1941,1/1/1941 0:00:00,3,false,34986177,$34.99M,3091,7,0,7
13254,CORRECTIONS,Post Office Box 12,Soledad,CA,93960,1959,1/1/1959 0:00:00,3,true,34908918,$34.91M,3581,10,0,10
6225,STEUBEN CITIZENS,2 WILSON AVE,BATH,NY,14810-1634,1949,1/1/1949 0:00:00,3,false,34887693,$34.89M,2565,6,0,6
4427,U S P L K EMPLOYEES,16055 SANTA FE TRAIL,LEAVENWORTH,KS,66048,1941,1/1/1941 0:00:00,3,false,34853049,$34.85M,2059,4,1,5
1263,EVANSVILLE FIREFIGHTERS,312 N 4TH AVE,EVANSVILLE,IN,47710,1936,4/17/1936 0:00:00,3,false,34800617,$34.80M,2039,4,2,6
11995,GREATER CENTRAL TEXAS,3305 E ELMS RD,KILLEEN,TX,76542,1957,1/1/1957 0:00:00,3,false,34731492,$34.73M,2092,8,0,8
67872,ALPHA,One Deaconess Rd,Boston,MA,02215,1942,3/25/1942 0:00:00,3,false,34531621,$34.53M,3818,7,0,7
13391,FLAGSHIP COMMUNITY,3910 Lapeer Rd,Port Huron,MI,48060-2402,1959,12/22/1959 0:00:00,3,false,34523069,$34.52M,3208,8,4,12
18301,VASCO,432 Depot St,Latrobe,PA,15650,1967,1/1/1967 0:00:00,3,false,34498242,$34.50M,1830,4,1,5
13261,ANTIOCH COMMUNITY,301 G St,Antioch,CA,94509-1254,1959,1/1/1959 0:00:00,3,false,34459388,$34.46M,1296,4,1,5
62264,ALPENA COMMUNITY,710 W Miller St,Alpena,MI,49707-1875,1970,1/1/1970 0:00:00,3,false,34438028,$34.44M,2260,7,3,10
24861,LUTHERAN,10733 Sunset Office Dr Ste 406,Saint Louis,MO,63127-1024,2014,12/22/2014 0:00:00,3,false,34410829,$34.41M,4514,7,3,10
16268,W S S C,PO Box 1187,Laurel,MD,20707,1964,1/1/1964 0:00:00,3,true,34396823,$34.40M,3360,9,0,9
23425,ACADEMIC,425 N STATE RD,BRIARCLIFF MANO,NY,10510-1469,1979,6/15/1979 0:00:00,3,false,34371519,$34.37M,2544,4,0,4
68016,TRANSPORT,8916 Sabal Industrial Blvd,Tampa,FL,33619,1991,1/12/1993 0:00:00,3,false,34339040,$34.34M,1721,5,1,6
16367,COMANCHE COUNTY,PO Box 143,Lawton,OK,73502,1964,1/1/1964 0:00:00,3,false,34319443,$34.32M,3424,7,1,8
66618,MEADOWLAND,PO BOX 133,SHEBOYGAN FALLS,WI,53085,1957,4/30/1957 0:00:00,3,false,34301461,$34.30M,2646,8,2,10
67408,BRAZOS STAR,701 Harvey Rd,College Station,TX,77840,1961,5/12/1961 0:00:00,3,false,34284799,$34.28M,2007,5,1,6
24862,THE FINEST,"215 Park Row, Suite 2",New York,NY,10038,2015,1/9/2015 0:00:00,3,false,34181036,$34.18M,11553,8,5,13
61693,RURAL COOPERATIVES,PO Box 32170,Louisville,KY,40232-2170,1964,1/1/1964 0:00:00,3,false,34119285,$34.12M,3176,10,1,11
6317,WICHITA FALLS,3410 McNiel Ave,Wichita Falls,TX,76308,1949,1/1/1949 0:00:00,3,false,34114518,$34.11M,2730,13,4,17
9777,EWEB EMPLOYEES,PO BOX 12000,Eugene,OR,97440,1954,1/1/1954 0:00:00,3,false,34037224,$34.04M,1421,6,1,7
8611,CAPSTONE,3 POLARIS WAY STE 31B,ALISO VIEJO,CA,92656,1953,4/29/1953 0:00:00,3,false,34020476,$34.02M,1815,4,1,5
4120,RELIANCE,20102 Valley Forge Cir,King of Prussia,PA,19406-1179,1940,1/1/1940 0:00:00,3,false,33992548,$33.99M,2513,7,1,8
8922,OUTREACH,3904 CENTRAL PIKE,HERMITAGE,TN,37076-3709,1953,1/1/1953 0:00:00,3,false,33880173,$33.88M,2168,7,1,8
64660,GREATER VALLEY,1185 W HEDGES AVENUE,FRESNO,CA,93728,1939,1/1/1939 0:00:00,3,false,33835015,$33.84M,2097,5,0,5
4020,MEMBERS FINANCIAL,PO Box 9609,Midland,TX,79708,1940,1/1/1940 0:00:00,3,false,33830074,$33.83M,3318,8,2,10
65205,CINCINNATI EMPLOYEES,"1003 Harrison Ave., Suite 200",Harrison,OH,45030,1979,1/1/1979 0:00:00,3,false,33788763,$33.79M,1729,4,3,7
21609,NORTHWESTERN ENERGY EMPLOYEES,PO BOX 3529,BUTTE,MT,59702,1974,4/15/1974 0:00:00,3,false,33745084,$33.75M,2921,9,0,9
19896,BUTTE COMMUNITY,2901 Grand Ave,Butte,MT,59701-5172,1970,1/7/1970 0:00:00,3,false,33722000,$33.72M,2754,7,0,7
62673,FIRST CAROLINA PEOPLE'S,PO BOX 1637,GOLDSBORO,NC,27533,1952,1/1/1952 0:00:00,3,false,33715131,$33.72M,2253,9,1,10
61150,WCU CREDIT UNION,2505 HIGHWAY 31 S,DECATUR,AL,35603-1503,1948,1/1/1948 0:00:00,3,false,33701580,$33.70M,3386,14,0,14
367,PEPCO,701 NINTH STREET NW SUITE 6230,WASHINGTON,DC,20001,1935,1/1/1935 0:00:00,3,false,33664492,$33.66M,1927,7,0,7
7423,SCHOFIELD,PO BOX 860669,WAHIAWA,HI,96786,1951,1/1/1951 0:00:00,3,true,33635866,$33.64M,2166,6,1,7
65817,METROPOLITAN DISTRICT EMPLOYEES,PO BOX 1348,HARTFORD,CT,06143,1955,1/1/1955 0:00:00,3,false,33623983,$33.62M,1878,5,1,6
10676,KNOX COUNTY TEACHERS,6821 Maynardville Pike,Knoxville,TN,37918-5310,1955,1/1/1955 0:00:00,3,false,33542345,$33.54M,2139,6,1,7
4461,NODA,720 ROBERT BLVD,SLIDELL,LA,70458,1941,1/1/1941 0:00:00,3,false,33541858,$33.54M,2921,8,1,9
932,OTEEN V. A.,1100 TUNNEL RD UNIT 24,ASHEVILLE,NC,28805-2577,1936,1/1/1936 0:00:00,3,false,33498008,$33.50M,2064,5,0,5
21294,FINGER LAKES HEALTH CARE,519 HART ST,ELMIRA,NY,14905-1614,1973,5/23/1973 0:00:00,3,false,33487827,$33.49M,2491,6,0,6
60082,PATRIOT EQUITY,1450 UNION UNIVERSITY DR,JACKSON,TN,38305,1929,1/1/1929 0:00:00,3,false,33485713,$33.49M,2207,7,0,7
67574,BEAUMONT COMMUNITY,660 South M L King Jr Pkwy,Beaumont,TX,77701,1956,7/12/1956 0:00:00,3,true,33474477,$33.47M,3434,8,0,8
61085,UTILITY DISTRICT,375 11TH ST STE 203,OAKLAND,CA,94607,1935,1/1/1935 0:00:00,3,true,33450138,$33.45M,2264,3,2,5
7989,CHRISTIANSTED,P.O. BOX 490,CHRISTIANSTED,VI,00821,1952,1/1/1952 0:00:00,3,true,33420424,$33.42M,3389,5,0,5
6733,CENCAP,443 FRANKLIN AVe,HARTFORD,CT,06114,1950,1/1/1950 0:00:00,3,true,33373296,$33.37M,7955,15,2,17
15304,GRACO,835 W Warwick Drive,Alma,MI,48801,1962,11/8/1962 0:00:00,3,false,33350438,$33.35M,3401,8,1,9
21100,UNION TRADES,P.O. Box 1682,Parkersburg,WV,26102,1972,11/6/1972 0:00:00,3,false,33312706,$33.31M,2810,9,0,9
64882,POSTAL EMPLOYEES,4248 S Broad St,YARDVILLE,NJ,08620-2105,1928,1/1/1928 0:00:00,3,false,33271358,$33.27M,1829,3,4,7
68508,CANALS & TRAILS,838 S State St,Lockport,IL,60441-3434,1959,11/12/2002 0:00:00,3,false,33265330,$33.27M,3159,5,5,10
66942,PFD FIREFIGHTERS CREDIT UNION INC.,3209 Cedar Lane,Portsmouth,VA,23703,1955,5/24/1955 0:00:00,3,false,33232994,$33.23M,2290,7,4,11
20885,MEDISYS EMPLOYEES,8900 VAN WYCK EXPY,JAMAICA,NY,11418,1972,1/1/1972 0:00:00,3,false,33227332,$33.23M,3485,6,0,6
64212,MERIDIAN,1206 N Jefferson St,Ottumwa,IA,52501-2020,1952,1/1/1952 0:00:00,3,false,33214908,$33.21M,2097,6,0,6
62432,WHITESVILLE COMMUNITY,P O Box 83,Whitesville,KY,42378,1962,1/1/1962 0:00:00,3,false,33179788,$33.18M,2315,6,0,6
6498,CT FIREFIGHTERS,776 MAPLE AVENUE,HARTFORD,CT,06114,1950,1/1/1950 0:00:00,3,false,33179029,$33.18M,2108,4,0,4
95072,EL MONTE COMMUNITY,11718 RAMONA BLVD,EL MONTE,CA,91732,1956,12/31/1984 0:00:00,3,true,33144504,$33.14M,2610,5,3,8
4098,U.P. CONNECTION,6707 GROVER ST,OMAHA,NE,68106-3611,1940,1/1/1940 0:00:00,3,false,33136817,$33.14M,2408,6,2,8
11445,BREWSTER,PO Box 115,Brewster,OH,44613,1956,12/14/1956 0:00:00,3,false,33132076,$33.13M,2843,8,2,10
8828,NORFOLK COMMUNITY,18 Union St Ste 104,Norfolk,MA,02056-1855,1953,1/1/1953 0:00:00,3,false,33122175,$33.12M,3590,3,1,4
20691,HIGHWAY,405 Laurel St,Hughestown,PA,18640,1971,1/1/1971 0:00:00,3,false,33095224,$33.10M,2501,7,0,7
9517,CHEN-DEL-O,PO BOX 102,FRANKLIN,NY,13775,1954,1/1/1954 0:00:00,3,false,33066368,$33.07M,2741,6,0,6
23700,O AND R UTILITIES EMPLOYEES,P.O. Box 470,Monroe,NY,10949,1980,9/9/1980 0:00:00,3,false,33003312,$33.00M,1938,4,0,4
62930,COLUMBIA,PO Box 1487,Columbia,MO,65205-1487,1935,2/19/1935 0:00:00,3,false,32991492,$32.99M,2082,10,0,10
6326,SAN MATEO CITY EMPLOYEES,"CREDIT UNION, 330 W 20TH AVE",SAN MATEO,CA,94403,1949,1/1/1949 0:00:00,3,false,32978276,$32.98M,1042,0,6,6
68190,MONTANA EDUCATORS',PO Box 2668,Missoula,MT,59806-2668,1995,1/2/1996 0:00:00,3,false,32935274,$32.94M,1704,5,0,5
24422,UP,PO Box 736,North Little Ro,AR,72115,1971,1/16/1992 0:00:00,3,false,32877982,$32.88M,2850,8,0,8
13186,ED-MED,601 FORD ST,OGDENSBURG,NY,13669,1959,1/1/1959 0:00:00,3,false,32855753,$32.86M,2103,3,0,3
517,SEI,PO BOX 1466,POCATELLO,ID,83204,1935,1/1/1935 0:00:00,3,false,32853986,$32.85M,3166,10,1,11
7842,NORWIN TEACHERS,183 Clay Pike,North Huntingdo,PA,15642,1952,1/1/1952 0:00:00,3,false,32838377,$32.84M,2991,5,3,8
62433,LOUISVILLE FEDERAL,PO Box 33303,Louisville,KY,40232-3303,1924,1/1/1924 0:00:00,3,false,32834297,$32.83M,2226,4,2,6
65770,SERVICE PLUS,2110 53rd St,Moline,IL,61265,1950,2/24/1950 0:00:00,3,false,32833651,$32.83M,1607,5,1,6
14571,LOGAN MEDICAL,500 E 1400 N,LOGAN,UT,84341,1961,9/8/1961 0:00:00,3,false,32833008,$32.83M,2005,3,3,6
2507,OMAHA PUBLIC POWER DIST EMP,"E/AR/EP 5, 444 S 16th St",Omaha,NE,68102,1938,1/1/1938 0:00:00,3,false,32824131,$32.82M,2993,3,0,3
24928,FINANTA,51 S Duke St,Lancaster,PA,17602-3573,2021,6/30/2021 0:00:00,3,false,32796709,$32.80M,1434,11,0,11
21794,THE INFIRMARY,PO Box 2183,Mobile,AL,36652,1974,9/30/1974 0:00:00,3,false,32769343,$32.77M,4509,12,0,12
61165,LOS ALAMOS SCHOOLS,P.O. Box 887,Los Alamos,NM,87544,1955,1/1/1955 0:00:00,3,false,32733217,$32.73M,2210,5,3,8
14163,FIRST COUNTY,1100 W 11TH ST,MUNCIE,IN,47302,1961,2/15/1961 0:00:00,3,false,32681780,$32.68M,3304,9,3,12
7724,JESSOP COMMUNITY,1100 Green St,Washington,PA,15301-2338,1952,1/1/1952 0:00:00,3,false,32646228,$32.65M,2702,5,1,6
65954,NORWALK HOSPITAL,31 1/2 STEVENS STREET,NORWALK,CT,06850,1975,12/16/1975 0:00:00,3,false,32601105,$32.60M,2163,3,2,5
14170,NORTHEAST TEXAS TEACHERS,3320 Lamar Ave,Paris,TX,75460-5024,1961,1/1/1961 0:00:00,3,false,32560348,$32.56M,2219,7,2,9
15386,WESTAR,"2565 HAMBLETONIAN WAY, P.O. BOX 60",CAMILLUS,NY,13031,1963,1/1/1963 0:00:00,3,false,32460818,$32.46M,1836,6,0,6
60165,ALHAMBRA,7339 N 35th Ave,Phoenix,AZ,85051,1956,1/1/1956 0:00:00,3,false,32365323,$32.37M,4021,11,2,13
97077,"EMERALD CREDIT UNION, INC.",13201 GRANGER RD STE 1,GARFIELD HTS,OH,44125,1955,1/1/1955 0:00:00,3,false,32339977,$32.34M,3532,13,0,13
8801,AVANTI,PO BOX 534,WATERTOWN,SD,57201,1953,1/1/1953 0:00:00,3,false,32011763,$32.01M,2987,6,1,7
23503,KOREAN AMERICAN CATHOLICS,14419 33RD AVE,FLUSHING,NY,11354-3143,1979,9/17/1979 0:00:00,3,true,31938784,$31.94M,1669,6,1,7
17687,NEW CASTLE COUNTY DELAWARE EM,100 CHURCHMANS RD,NEW CASTLE,DE,19720,1966,9/22/1966 0:00:00,3,false,31929695,$31.93M,2372,3,0,3
13704,FAITH CONNECTION,P O Box 6448,Marietta,GA,30065-0448,1960,1/1/1960 0:00:00,3,false,31895148,$31.90M,2901,8,1,9
11242,PINPOINT,37 FERRY LN,MILTON,PA,17847-2601,1956,1/1/1956 0:00:00,3,false,31783303,$31.78M,2951,5,3,8
4127,ELEKTRA,124 W 30th St Rm 211,New York,NY,10001,1940,1/1/1940 0:00:00,3,false,31704023,$31.70M,5820,3,0,3
20063,MATERION,14710 W PORTAGE RIVER SOUTH RD,ELMORE,OH,43416,1970,4/13/1970 0:00:00,3,false,31695622,$31.70M,2196,6,0,6
4828,STEEL STRONG COMMUNITY,1125 Swiss Way,Elizabeth,PA,15037,1942,1/1/1942 0:00:00,3,false,31691032,$31.69M,2327,7,0,7
16065,HOWARD COUNTY SCHOOL EM,105 W SOUTHWAY BLVD,KOKOMO,IN,46902,1964,2/14/1964 0:00:00,3,false,31647554,$31.65M,2440,3,0,3
65809,NEW HAVEN COUNTY,2 Broadway,North Haven,CT,06473,1963,1/1/1963 0:00:00,3,false,31607282,$31.61M,3274,4,1,5
60475,TANGIPAHOA PARISH TEACHERS,P.O. BOX 427,AMITE,LA,70422,1946,1/1/1946 0:00:00,3,false,31598795,$31.60M,2890,6,1,7
62500,AREA EDUCATIONAL,812 CHARLESTON AVE,MATTOON,IL,61938,1960,9/20/1960 0:00:00,3,false,31555020,$31.56M,2362,4,2,6
67634,TRINITY VALLEY TEACHERS,P O Box 303,Palestine,TX,75802-0303,1966,11/28/1966 0:00:00,3,false,31534544,$31.53M,2978,6,0,6
7088,CINCINNATI INTERAGENCY,26 Martin Luther King Dr #G4,Cincinnati,OH,45220-2242,1951,1/30/1951 0:00:00,3,false,31472223,$31.47M,2050,5,0,5
63704,MOUNTAIN RIVER,205 E 3RD STREET,SALIDA,CO,81201,1960,1/1/1960 0:00:00,3,false,31439795,$31.44M,3056,8,1,9
6179,COMMUNITY FINANCIAL SERVICES,149 ST. GEORGE AVE.,ROSELLE,NJ,07203-2936,1949,1/1/1949 0:00:00,3,false,31416278,$31.42M,2768,7,2,9
62923,ERIE COUNTY EMPLOYEES,"95 FRANKLIN ST, ROOM 111",BUFFALO,NY,14202-3927,1940,3/14/1940 0:00:00,3,false,31371018,$31.37M,3860,6,1,7
7307,CHEYENNE-LARAMIE COUNTY EMPLOYEES,4523 Driftwood Dr,Cheyenne,WY,82009-7301,1951,1/1/1951 0:00:00,3,false,31337685,$31.34M,1922,4,0,4
20793,FINANCIAL HEALTH,P.O. Box 1367,Indianapolis,IN,46202,1971,10/18/1971 0:00:00,3,true,31324254,$31.32M,7349,17,1,18
62438,ALEXANDRIA MUNICIPAL EMPLOYEES,1032 Wisteria St,Alexandria,LA,71301-6859,1951,1/3/1951 0:00:00,3,false,31303447,$31.30M,1877,6,0,6
6859,ARTESIAN,1221 US Highway 82 W,Leesburg,GA,31763,1950,1/1/1950 0:00:00,3,false,31300559,$31.30M,3169,9,0,9
19203,GREENWICH MUNICIPAL EMPLOYEES,439 West Putnam Avenue,Greenwich,CT,06830,1969,1/1/1969 0:00:00,3,false,31291650,$31.29M,2090,3,1,4
1810,ROME,937 Seneca St,Rome,NY,13440,1936,1/1/1936 0:00:00,3,false,31284403,$31.28M,1815,5,3,8
67309,1ST STREET,1558 1ST STREET,SARASOTA,FL,34236,1951,7/17/1951 0:00:00,3,false,31215843,$31.22M,1886,5,1,6
7610,SUNFLOWER COMMUNITY,PO Box 190,Marysville,KS,66508,1952,1/1/1952 0:00:00,3,false,31129097,$31.13M,3468,7,2,9
13067,RIVERFORK,711 N WASHINGTON ST,GRAND FORKS,ND,58203,1959,1/1/1959 0:00:00,3,false,31125138,$31.13M,2156,4,1,5
15532,PAGODA,833 WASHINGTON STREET,READING,PA,19601,1963,1/1/1963 0:00:00,3,false,31112805,$31.11M,2633,5,0,5
16746,LEHIGH COUNTY EMPLOYEES,455 Hamilton Street,Allentown,PA,18101,1965,1/1/1965 0:00:00,3,false,31086495,$31.09M,1778,3,1,4
4369,GREATER WAYNE COMMUNITY,"328 N MAIN STREET, PO BOX 115",RITTMAN,OH,44270-1143,1941,3/21/1941 0:00:00,3,false,30949542,$30.95M,3201,11,1,12
818,GOWANDA AREA,PO Box 29,Gowanda,NY,14070,1935,1/1/1935 0:00:00,3,false,30907146,$30.91M,1877,3,0,3
24730,COMMUNITY & TEACHERS,1169 S Broadway,East Providence,RI,02914-4931,1961,4/5/1961 0:00:00,3,false,30850297,$30.85M,1620,4,6,10
65243,HOLY GHOST PARISH,66 W 32ND ST,DUBUQUE,IA,52001,1935,1/1/1935 0:00:00,3,false,30833588,$30.83M,873,1,1,2
12351,PORT CONNEAUT,1002 Broad St,Conneaut,OH,44030,1958,4/21/1958 0:00:00,3,false,30746693,$30.75M,3850,11,0,11
24396,NEIGHBORHOOD COMMUNITY,4848 S 120th St,Omaha,NE,68137,1982,3/16/1990 0:00:00,3,false,30715957,$30.72M,2006,4,2,6
10640,CUSA,50 Louis Prima Dr Ste A,Covington,LA,70433,1955,1/1/1955 0:00:00,3,false,30707853,$30.71M,2615,5,0,5
21774,GHA,5 Perryridge Rd,Greenwich,CT,06830-4608,1974,9/11/1974 0:00:00,3,false,30668170,$30.67M,2409,4,0,4
13329,BALDWIN COUNTY,PO BOX 1149,BAY MINETTE,AL,36507,1959,1/1/1959 0:00:00,3,false,30641362,$30.64M,2099,6,0,6
67505,1ST CHOICE,315 AUBURN AVE,ATLANTA,GA,30312,1991,4/19/1991 0:00:00,3,true,30607233,$30.61M,6844,8,1,9
23545,CHHE,1204 Hal Greer Blvd,Huntington,WV,25701,1979,12/13/1979 0:00:00,3,false,30600609,$30.60M,3992,9,0,9
24220,KEMBA DELTA,"3108 N Germantown Rd, Ste 106",Bartlett,TN,38133,1934,11/4/1985 0:00:00,3,false,30464434,$30.46M,4998,6,0,6
12666,MILLS42,83 Merrimack St,Lowell,MA,01852,1958,1/1/1958 0:00:00,3,false,30456292,$30.46M,2967,6,1,7
66252,QUESTA,P. O. Box 500,Questa,NM,87556,1959,6/1/1959 0:00:00,3,true,30427360,$30.43M,2084,7,2,9
68101,TENNESSEE EMPLOYEES,220 French Landing,Nashville,TN,37243,1969,12/10/1993 0:00:00,3,false,30395344,$30.40M,2939,6,1,7
63420,DISTRICT ONE HIGHWAY,3011 N BELT HWY STE B,SAINT JOSEPH,MO,64506,1954,5/21/1954 0:00:00,3,false,30388276,$30.39M,2123,3,0,3
24236,HUNTINGTON C & O RAILWAY EMPLOYEES,PO Box 4127,Huntington,WV,25729,1934,2/12/1986 0:00:00,3,false,30352094,$30.35M,4427,9,0,9
16236,GATES CHILI,2870 Buffalo Rd,Rochester,NY,14624-1340,1964,1/1/1964 0:00:00,3,false,30329003,$30.33M,2221,6,0,6
14623,LYNCHBURG MUNICIPAL EMPLOYEES,3176 Fort Ave,Lynchburg,VA,24501,1961,1/1/1961 0:00:00,3,false,30314430,$30.31M,2920,8,0,8
5845,ALLWEALTH,6 S 2nd St,Hamilton,OH,45011-2828,1948,10/12/1948 0:00:00,3,false,30274730,$30.27M,2217,9,0,9
66878,MCU FINANCIAL CENTER,PO Box 085300,Racine,WI,53408-5300,1939,8/31/1939 0:00:00,3,false,30244881,$30.24M,2744,9,1,10
23015,PRESTON,434 E MAIN ST,KINGWOOD,WV,26537,1978,3/16/1978 0:00:00,3,false,30198668,$30.20M,1902,4,1,5
97063,JACKSON COUNTY CO-OP,705 WEST SECOND STREET,SEYMOUR,IN,47274,1955,1/1/1955 0:00:00,3,false,30136247,$30.14M,1045,6,2,8
61779,SLO,1220 Osos Street,San Luis Obispo,CA,93401,1953,1/1/1953 0:00:00,3,false,30134741,$30.13M,1463,6,1,7
17861,BEAUREGARD SCHOOL EMPLOYEES,902 W 1ST ST,DERIDDER,LA,70634-3702,1967,1/1/1967 0:00:00,3,false,30128330,$30.13M,2146,3,2,5
4152,CENTRAL SOYA,1200 N 2ND STREET,DECATUR,IN,46733,1940,11/6/1940 0:00:00,3,false,30093509,$30.09M,1752,5,1,6
24924,MASSACHUSETTS FAMILY,PO BOX 615,LYNN,MA,01903,1926,8/1/1926 0:00:00,3,false,30083690,$30.08M,1403,3,1,4
67403,SOUTHERN PINE,P. O. Box 1029,Lake Park,GA,31636,1991,3/19/1991 0:00:00,3,false,30006304,$30.01M,1249,5,1,6
62822,LATVIAN CLEVELAND,1385 ANDREWS AVENUE,LAKEWOOD,OH,44107-2405,1960,10/26/1960 0:00:00,3,false,29973128,$29.97M,937,2,2,4
951,POSTAL FAMILY,"2730 12TH AVE S, PO BOX 9318",FARGO,ND,58106-9318,1936,1/1/1936 0:00:00,3,false,29856467,$29.86M,2259,6,2,8
63476,GATEWAY,PO Box 7245,Springfield,OR,97475,1963,1/1/1963 0:00:00,3,false,29754287,$29.75M,2024,4,1,5
66856,CS,6519 Comm Scope Rd,Catawba,NC,28609,1986,7/22/1986 0:00:00,3,false,29753035,$29.75M,2867,8,0,8
67318,POMPANO BEACH CITY EMP.,420 NE 19TH AVE,POMPANO BEACH,FL,33060,1991,2/22/1991 0:00:00,3,false,29731856,$29.73M,2150,7,1,8
8119,KENOWA COMMUNITY,"1905 28TH STREET ST SW, SW",WYOMING,MI,49519-2507,1952,10/10/1952 0:00:00,3,false,29719557,$29.72M,2527,5,3,8
60388,DEER RIVER COOPERATIVE,PO BOX 158,DEER RIVER,MN,56636,1938,1/1/1938 0:00:00,3,false,29705212,$29.71M,1994,5,1,6
9799,ROCKET,PO Box 235,McGregor,TX,76657,1954,1/1/1954 0:00:00,3,true,29674093,$29.67M,3005,10,2,12
24976,MISSISSIPPI PUBLIC EMPLOYEES,613 S West St,Jackson,MS,39201-5506,1966,1/1/1966 0:00:00,3,true,29630667,$29.63M,5124,10,0,10
64986,RIVER COMMUNITY,644 W 2nd Street,Ottumwa,IA,52501,1928,1/1/1928 0:00:00,3,false,29628626,$29.63M,3643,6,0,6
5359,SUN PACIFIC,PO Box 4043,Richmond,CA,94804-0043,1946,1/1/1946 0:00:00,3,false,29569160,$29.57M,1542,5,1,6
67163,SAN JUAN,792 S 200 W,BLANDING,UT,84511,1963,1/1/1963 0:00:00,3,false,29475600,$29.48M,4088,13,2,15
15377,MERIDIAN MISSISSIPPI ANG,PO BOX 4232 WSS,MERIDIAN,MS,39304,1963,1/1/1963 0:00:00,3,false,29457480,$29.46M,1587,4,0,4
2168,MANVILLE AREA,43 S MAIN ST,MANVILLE,NJ,08835-1801,1937,1/1/1937 0:00:00,3,false,29445852,$29.45M,1883,4,2,6
14346,FIRST AREA,23 S Dorcas St,Lewistown,PA,17044,1961,1/1/1961 0:00:00,3,false,29429178,$29.43M,2692,5,3,8
63519,BLUE FLAME,PO Box 12400,Charlotte,NC,28220,1954,1/1/1954 0:00:00,3,false,29410099,$29.41M,2969,7,0,7
21737,ATLANTIC HEALTH EMPLOYEES,"99 Beauvoir Avenue, 2nd Floor",Summit,NJ,07901,1974,7/17/1974 0:00:00,3,false,29401246,$29.40M,5498,6,0,6
11949,IBEW 76,"3049 S 36TH ST, STE 103",TACOMA,WA,98409,1957,8/30/1957 0:00:00,3,false,29389208,$29.39M,1426,3,0,3
65046,SIUE,Box 1069 SIUE,Edwardsville,IL,62026,1959,1/1/1959 0:00:00,3,false,29339677,$29.34M,1656,6,2,8
23184,TEXAS ASSOCIATIONS OF PROFESSIONALS,9110 W Interstate 10 Ste 100,San Antonio,TX,78230-3121,1978,8/31/1978 0:00:00,3,false,29323529,$29.32M,1375,11,1,12
538,GOVERNMENT PRINTING OFFICE,P.O. Box 77119,Washington,DC,20013,1935,1/1/1935 0:00:00,3,true,29291040,$29.29M,4038,8,0,8
20990,ALCON EMPLOYEES,6201 South Fwy,Fort Worth,TX,76134,1972,5/1/1972 0:00:00,3,false,29286995,$29.29M,2602,7,0,7
1339,BAKERSFIELD CITY EMPLOYEES,2817 16TH ST,BAKERSFIELD,CA,93301-3210,1936,1/1/1936 0:00:00,3,false,29247777,$29.25M,2072,6,1,7
24763,NEW HEIGHTS,72 E 700 N,LOGAN,UT,84321,1963,1/1/1963 0:00:00,3,false,29208672,$29.21M,2231,3,1,4
67638,TYLER CITY EMPLOYEES,3711 Frankston Hwy,Tyler,TX,75701,1953,8/13/1953 0:00:00,3,false,29197474,$29.20M,3046,6,0,6
62702,K.U.M.C.,12510 W 62nd Ter Ste 104,Shawnee,KS,66216-1869,1954,7/8/1954 0:00:00,3,false,29137103,$29.14M,2085,8,0,8
2068,SOUTHERN TEACHERS & PARENTS,728 HARDING BLVD,BATON ROUGE,LA,70807,1937,1/1/1937 0:00:00,3,true,29093772,$29.09M,3845,12,0,12
65640,HEIGHTS AUTO WORKERS,13912 S Torrence Ave,Burnham,IL,60633-2127,1961,2/14/1961 0:00:00,3,false,29029452,$29.03M,5643,5,1,6
11152,ETMA,1828 AIRBASE RD,LOUISVILLE,TN,37777,1956,1/1/1956 0:00:00,3,false,29010809,$29.01M,1502,5,1,6
10323,I B E W 26,4371 PARLIAMENT PL STE C,LANHAM,MD,20706,1955,1/1/1955 0:00:00,3,false,28991928,$28.99M,2838,7,1,8
67776,BEACON FINANCIAL,1102 W Market St Ste 20,Johnson City,TN,37604,1953,12/16/1991 0:00:00,3,false,28942315,$28.94M,2185,10,0,10
18150,CAMP SHELBY,"Warehouse Ave, Bldg 82",Hattiesburg,MS,39407,1967,1/1/1967 0:00:00,3,false,28920941,$28.92M,3023,6,1,7
11721,NSPIRE,501 W. Merriman,Sinton,TX,78387,1957,1/1/1957 0:00:00,3,false,28918898,$28.92M,2601,8,2,10
60718,IOWA HEARTLAND,1602 S MONROE AVE,MASON CITY,IA,50401,1932,1/1/1932 0:00:00,3,false,28897493,$28.90M,3191,6,0,6
9090,FIRST OKLAHOMA,14912 S Broadway St,Glenpool,OK,74033,1953,1/1/1953 0:00:00,3,false,28881171,$28.88M,2260,8,1,9
64868,CASEBINE COMMUNITY,485 W Burlington Ave,Burlington,IA,52601,1949,1/1/1949 0:00:00,3,false,28846642,$28.85M,3301,8,1,9
67587,UNITED,4901 Old Jacksonville Hwy,Tyler,TX,75703-3373,1932,10/5/1932 0:00:00,3,false,28761342,$28.76M,2099,6,0,6
4472,MALDEN,"10 Holden St, Suite 6",Malden,MA,02148,1941,1/1/1941 0:00:00,3,false,28622445,$28.62M,1561,3,2,5
1739,MILE HIGH,"3410 MONROE AVE, P.O. BOX 3152",BUTTE,MT,59701,1936,1/1/1936 0:00:00,3,false,28524962,$28.52M,1735,6,1,7
95826,CHICAGO POST OFFICE EMPLOYEES,10027 S Western Ave,Chicago,IL,60643-1925,1928,12/21/1988 0:00:00,3,true,28453171,$28.45M,4924,12,0,12
3810,PAAC TRANSIT DIVISION,219 Fort Pitt Boulevard,Pittsburgh,PA,15222,1940,1/1/1940 0:00:00,3,false,28368746,$28.37M,3057,3,3,6
9582,BRIDGEPORT POLICE,3590 MAIN STREET,BRIDGEPORT,CT,06606,1954,1/1/1954 0:00:00,3,false,28352213,$28.35M,2178,5,2,7
9877,EMERALD EMPIRE,850 Beltline Rd,Springfield,OR,97477,1954,11/23/1954 0:00:00,3,false,28345009,$28.35M,2528,6,2,8
3085,BUTLER COUNTY TEACHERS,112 Campus Ln,Butler,PA,16001,1939,1/1/1939 0:00:00,3,false,28326410,$28.33M,1805,4,2,6
62664,HEALTH,1400 6TH Ave S,Birmingham,AL,35233,1955,1/1/1955 0:00:00,3,false,28299021,$28.30M,2101,5,0,5
6636,CAREY POVERELLO,201 N Vance St,Carey,OH,43316-1038,1950,3/28/1950 0:00:00,3,false,28225752,$28.23M,1687,7,0,7
16176,CANANDAIGUA,3210 EASTERN BLVD,CANANDAIGUA,NY,14424,1964,1/1/1964 0:00:00,3,false,28221324,$28.22M,2027,5,0,5
14186,WALTON COUNTY TEACHERS,"WALTON COUNTY TEACHERS FCU, 1586 US",DEFUNIAK SPRING,FL,32433-1416,1961,1/1/1961 0:00:00,3,false,28155044,$28.16M,2537,7,0,7
21853,LABOR MANAGEMENT,"8225 U S HIGHWAY 60 W, PO BOX 475",LEWISPORT,KY,42351-6967,1974,12/18/1974 0:00:00,3,false,28032811,$28.03M,2833,7,0,7
10381,FERKO MD,PO Box 1478,Frederick,MD,21702,1955,1/1/1955 0:00:00,3,false,28026460,$28.03M,3603,4,3,7
14030,IBEW 317,P O BOX 9275,HUNTINGTON,WV,25701,1960,11/8/1960 0:00:00,3,false,28016403,$28.02M,1378,4,0,4
22028,VAH LYONS EMPLOYEES,PO Box 187,Lyons,NJ,07939,1975,5/19/1975 0:00:00,3,false,28005061,$28.01M,1544,3,1,4
67493,UNITED ENERGY,8790 F.M. 1960 Bypass W. Ste 500A,Humble,TX,77338,1934,10/19/1934 0:00:00,3,false,27942065,$27.94M,3338,7,2,9
19454,NJ GATEWAY,P. O. Box 420,Dayton,NJ,08810,1969,1/1/1969 0:00:00,3,false,27888830,$27.89M,2396,4,1,5
24883,ECM,P O BOX 3300,RIDGELAND,MS,39158,1967,1/1/1967 0:00:00,3,false,27879260,$27.88M,2322,3,0,3
61152,RIVER TO RIVER,P.O. Box 516,Vienna,IL,62995,1972,1/1/1972 0:00:00,3,false,27875834,$27.88M,2392,5,1,6
23803,TAUPA LITHUANIAN,P.O. Box 95,South Boston,MA,02127,1981,7/15/1981 0:00:00,3,false,27855740,$27.86M,1779,3,1,4
67700,HIGHWAY ALLIANCE,2010 William St,Jefferson city,MO,65109,1958,3/13/1958 0:00:00,3,false,27853860,$27.85M,1645,3,3,6
16444,RUSHMORE ELECTRIC,1805 Cambell St,Rapid City,SD,57701,1964,1/1/1964 0:00:00,3,false,27845290,$27.85M,1432,3,0,3
20324,ALLOY,PO Box 323,Alloy,WV,25002,1970,9/21/1970 0:00:00,3,false,27840656,$27.84M,4826,6,3,9
66354,EMERGENCY RESPONDERS,1777 Link Rd,Winston Salem,NC,27103-4625,1940,4/1/1940 0:00:00,3,false,27834052,$27.83M,3372,6,0,6
8890,DEPARTMENT OF PUBLIC SAFETY,3650 N MARTIN LUTHER KING AVE,OKLAHOMA CITY,OK,73111-4223,1953,1/1/1953 0:00:00,3,false,27769762,$27.77M,2383,7,0,7
20509,COWETA CITIES & COUNTY EMPLOYEES,P O Box 71063,Newnan,GA,30271-1063,1971,1/1/1971 0:00:00,3,false,27761747,$27.76M,3300,5,1,6
95742,"POST OFFICE CU OF MD, INC.",900 E Fayette St Rm 606,Baltimore,MD,21233-1050,0,1/1/1900 0:00:00,3,false,27752333,$27.75M,2776,6,0,6
16702,YOUR HOMETOWN,2338 State Route 45 N,Mayfield,KY,42066,1965,1/1/1965 0:00:00,3,false,27737611,$27.74M,2499,5,2,7
1879,TEXAS COMMUNITY,605 E CAESAR AVE,KINGSVILLE,TX,78363,1937,1/1/1937 0:00:00,3,true,27736190,$27.74M,2833,11,0,11
62370,LEXINGTON POSTAL COMMUNITY,124 Louie Pl,Lexington,KY,40511,1928,1/1/1928 0:00:00,3,false,27733281,$27.73M,2187,3,6,9
7716,GLENDIVE BN,PO BOX 600,GLENDIVE,MT,59330,1952,1/1/1952 0:00:00,3,false,27701918,$27.70M,1650,5,0,5
1461,LEOMINSTER EMPLOYEES,24 CHURCH ST,LEOMINSTER,MA,01453,1936,1/1/1936 0:00:00,3,false,27613623,$27.61M,1778,4,1,5
7546,RIDGELINE,564 E 300 S,SALT LAKE CITY,UT,84102,1951,1/1/1951 0:00:00,3,false,27611135,$27.61M,1518,4,0,4
2442,GULF SHORE,P. O. Box 1499,Texas City,TX,77592-1499,1937,1/1/1937 0:00:00,3,false,27565094,$27.57M,3144,6,2,8
10502,YANTIS,PO BOX 267,YANTIS,TX,75497,1955,1/1/1955 0:00:00,3,false,27548030,$27.55M,1811,9,1,10
24657,NONE SUFFER LACK,4929 ALLENTOWN RD,SUITLAND,MD,20746-3934,2001,7/30/2001 0:00:00,3,true,27524017,$27.52M,1947,4,0,4
65988,KASKASKIA VALLEY,401 S Poplar St,Centralia,IL,62801,1982,1/27/1982 0:00:00,3,false,27498585,$27.50M,3588,11,5,16
9644,CIT-CO,PO Box 4067,Sheridan,WY,82801,1954,1/1/1954 0:00:00,3,false,27473962,$27.47M,2070,4,0,4
63507,DE SOTO MO PAC,2082 Rock Rd,De Soto,MO,63020-1052,1939,3/28/1939 0:00:00,3,false,27424879,$27.42M,1728,5,2,7
187,FLORIDA A & M UNIVERSITY,1610 S Monroe St,Tallahassee,FL,32301-5524,1935,1/1/1935 0:00:00,3,true,27347620,$27.35M,3813,7,2,9
62637,JEMEZ VALLEY,PO BOX 120,JEMEZ SPRINGS,NM,87025,1966,11/1/1966 0:00:00,3,false,27347057,$27.35M,1855,9,1,10
22005,ENGAGE,256 HIGHWAY 3175 BYP,NATCHITOCHES,LA,71457-9601,1975,4/23/1975 0:00:00,3,false,27341879,$27.34M,4134,11,0,11
67946,HIWASSEE RIVER,PO BOX 828,CHARLESTON,TN,37310,1969,11/10/1992 0:00:00,3,false,27298480,$27.30M,1980,5,1,6
5028,EQT,"603 Stanwix Street, Suite 1776, Two",Pittsburgh,PA,15222,1943,1/1/1943 0:00:00,3,false,27285839,$27.29M,880,2,0,2
21788,VALWOOD PARK,1001 E Crosby Rd.,Carrollton,TX,75006-7260,1974,9/30/1974 0:00:00,3,false,27275539,$27.28M,2399,7,0,7
18068,MT. RAINIER,303 W Meeker,Puyallup,WA,98371,1967,1/1/1967 0:00:00,3,false,27251139,$27.25M,1163,2,3,5
64294,AREA COMMUNITY,2800 S WASHINGTON ST,GRAND FORKS,ND,58201,1964,1/1/1964 0:00:00,3,false,27123190,$27.12M,1916,8,1,9
5922,SUBIACO,P.O. Box 84,Subiaco,AR,72865,1948,1/1/1948 0:00:00,3,false,27120068,$27.12M,2227,7,1,8
67547,DALLAS U.P. EMPLOYEES,PO Box 41025,Dallas,TX,75241,1953,5/20/1953 0:00:00,3,false,27110957,$27.11M,1410,4,0,4
67749,HTM,P.O. Box 383,Haverhill,MA,01831,1937,4/22/1937 0:00:00,3,false,27069015,$27.07M,1792,4,1,5
7039,MONROE COUNTY TEACHERS,1442 Kennedy Dr,Key West,FL,33040,1950,1/1/1950 0:00:00,3,false,27064265,$27.06M,2094,5,0,5
8261,MATTEL,333 Continental Blvd,El Segundo,CA,90245,1952,1/1/1952 0:00:00,3,false,27036992,$27.04M,1902,3,2,5
67263,BELL,1601 N LORRAINE,HUTCHINSON,KS,67501,1938,10/19/1938 0:00:00,3,false,27002303,$27.00M,2121,6,0,6
17733,SYLVANIA AREA,6613 MAPLEWOOD AVE,SYLVANIA,OH,43560,1966,10/11/1966 0:00:00,3,false,26999818,$27.00M,1829,4,0,4
6638,HARRISON POLICE & FIREMEN'S,PO Box 31,Harrison,NJ,07029,1950,1/1/1950 0:00:00,3,false,26983383,$26.98M,1346,1,3,4
24751,COMMUNITY PLUS,PO Box 255,Rantoul,IL,61866-0255,1943,1/1/1943 0:00:00,3,false,26927104,$26.93M,3629,8,2,10
15049,UNION FIDELITY,1415 North Loop W Ste 110,Houston,TX,77008,1962,1/1/1962 0:00:00,3,false,26776729,$26.78M,5411,5,0,5
1086,SUWANNEE RIVER,"203 PINEWOOD WAY, SW",LIVE OAK,FL,32064,1936,1/1/1936 0:00:00,3,false,26732416,$26.73M,2365,5,4,9
24816,PRECISION,P. O. Box 607,Keene,NH,03431-4320,1953,1/1/1953 0:00:00,3,false,26720532,$26.72M,1744,7,2,9
13132,U. S. I.,PO Box D,Deer Park,TX,77536,1959,1/1/1959 0:00:00,3,false,26664385,$26.66M,2036,5,1,6
61065,COLUMBIA POST OFFICE,P. O. BOX 985,COLUMBIA,SC,29202,1927,1/1/1927 0:00:00,3,false,26646832,$26.65M,1229,0,7,7
23198,TRI-LAKES,197 BROADWAY,SARANAC LAKE,NY,12983,1978,9/12/1978 0:00:00,3,false,26644304,$26.64M,2150,6,1,7
67767,LOWELL FIREFIGHTERS,642 CHELMSFORD ST,LOWELL,MA,01851,1936,12/8/1936 0:00:00,3,false,26613092,$26.61M,1750,1,5,6
11576,TEXHILLCO SCHOOL EMPLOYEES,1018 Sidney Baker St,Kerrville,TX,78028-3355,1957,1/1/1957 0:00:00,3,false,26569820,$26.57M,2149,9,0,9
9413,MERCER COUNTY W VA TEACHERS,P.O. Box 1294,Bluefield,WV,24701-9672,1954,4/8/1954 0:00:00,3,false,26536823,$26.54M,2501,5,1,6
3746,NORFOLK FIRE DEPARTMENT,4100 E Virginia Beach Blvd,Norfolk,VA,23502-3331,1940,1/1/1940 0:00:00,3,false,26504209,$26.50M,2011,3,1,4
4163,FRESNO GRANGERS,3434 W SHAW AVE,FRESNO,CA,93711-3216,1940,1/1/1940 0:00:00,3,false,26498234,$26.50M,594,2,0,2
22704,INDIANA LAKES,P.O. BOX 1064,WARSAW,IN,46581,1977,4/28/1977 0:00:00,3,false,26462054,$26.46M,1745,5,1,6
65521,AEGIS,1200 N 2nd St,Clinton,IA,52732,1979,11/28/1979 0:00:00,3,false,26382886,$26.38M,3686,7,0,7
60994,ENERGIZE,PO BOX 54309,OKLAHOMA CITY,OK,73154,1967,1/1/1967 0:00:00,3,false,26360291,$26.36M,3334,4,0,4
61631,MICHIGAN COASTAL,1086 Creston St,Muskegon,MI,49442,1958,1/1/1958 0:00:00,3,false,26289930,$26.29M,2502,9,0,9
20543,CAPITAL AREA REALTORS,"15201 Diamondback Dr, Ste 150",Rockville,MD,20850-3312,1971,1/1/1971 0:00:00,3,true,26232202,$26.23M,1039,3,2,5
14725,CHATTANOOGA FIRST,3120 BROAD STREET,CHATTANOOGA,TN,37408-3095,1961,1/1/1961 0:00:00,3,false,26148965,$26.15M,1728,4,1,5
2834,PENLANCO,20E East Roseville Rd,Lancaster,PA,17601,1938,1/1/1938 0:00:00,3,false,26107279,$26.11M,1708,5,0,5
10065,MYCOM,101 Fenn St,Pittsfield,MA,01201,1955,1/1/1955 0:00:00,3,false,26096278,$26.10M,2663,5,0,5
65186,CENTRAL ILLINOIS,2106 W JOHN ST,CHAMPAIGN,IL,61821,1948,1/1/1948 0:00:00,3,false,26083922,$26.08M,3520,8,0,8
8549,CECIL COUNTY SCHOOL EMPLOYEES,203 BOOTH STREET,ELKTON,MD,21921,1953,1/1/1953 0:00:00,3,false,26050496,$26.05M,2527,4,2,6
21713,MARSHALL COUNTY,910 third Street,Moundsville,WV,26041,1974,6/25/1974 0:00:00,3,false,26044262,$26.04M,2551,6,0,6
22688,OHIO VALLEY,2091 James E Sauls Sr Dr,Batavia,OH,45103-3255,1977,4/8/1977 0:00:00,3,false,26023945,$26.02M,2114,5,1,6
7656,OLEAN TEACHERS' AND POSTAL,1700 CONSTITUTION AVE,OLEAN,NY,14760,1952,1/1/1952 0:00:00,3,false,25963606,$25.96M,1696,4,2,6
24908,GULF TRUST,2533 DENNY AVE,PASCAGOULA,MS,39567,1972,1/1/1973 0:00:00,3,false,25923093,$25.92M,2754,10,0,10
24192,BEVERLY MUNICIPAL,139 Cabot St,Beverly,MA,01915,1985,5/29/1985 0:00:00,3,false,25919719,$25.92M,1875,2,2,4
10319,FIRST POINT,"2430 HAMILTON AVE, SUITE 2",HAMILTON,NJ,08619,1955,1/1/1955 0:00:00,3,false,25915931,$25.92M,1633,3,2,5
67710,HAVERHILL FIRE DEPARTMENT,75 Kenoza Ave,Haverhill,MA,01830-4132,1933,8/5/1933 0:00:00,3,false,25889187,$25.89M,1201,4,1,5
11172,COMMUNITY CONNECT,1050 E Spring St,Titusville,PA,16354-7826,1956,1/1/1956 0:00:00,3,false,25865670,$25.87M,2871,8,0,8
9479,VA PITTSBURGH EMPLOYEES,1010 Delafield Rd,Pittsburgh,PA,15215,1954,1/1/1954 0:00:00,3,false,25859969,$25.86M,2949,6,1,7
3050,ONOMEA,P.O. BOX 19,PAPAIKOU,HI,96781,1939,1/1/1939 0:00:00,3,false,25820411,$25.82M,1824,4,0,4
5811,KENNEDY VA EMPLOYEES,1030 Jefferson Ave,Memphis,TN,38104,1948,1/1/1948 0:00:00,3,false,25809614,$25.81M,3347,7,0,7
14257,WEE,3312 Dudley Ave,Parkersburg,WV,26104-1812,1961,3/31/1961 0:00:00,3,false,25808891,$25.81M,1778,5,0,5
7331,LOUISIANA CATHOLIC,814 Jordan St,Shreveport,LA,71101,1951,1/1/1951 0:00:00,3,false,25802119,$25.80M,2225,7,1,8
68273,EXPRESS,PO Box 94286,Seattle,WA,98124,1934,6/24/1934 0:00:00,3,false,25772419,$25.77M,3825,14,0,14
63169,RELIANCE,540 Minnesota Ave,Kansas City,KS,66101,1931,3/12/1931 0:00:00,3,false,25730018,$25.73M,1848,5,0,5
16190,RIM COUNTRY,216 S Main St,Snowflake,AZ,85937,1964,1/1/1964 0:00:00,3,false,25726876,$25.73M,2038,7,2,9
7154,OK MEMBERS FIRST,10832 E 31ST ST,TULSA,OK,74146,1951,1/1/1951 0:00:00,3,false,25657851,$25.66M,3294,4,3,7
24866,ELCA,"8765 W Higgins Rd, Suite 675",Chicago,IL,60631,2015,7/7/2015 0:00:00,3,false,25646259,$25.65M,2381,5,3,8
20002,LA TERRE,701 BARROW ST,HOUMA,LA,70360-4701,1970,1/1/1970 0:00:00,3,false,25541429,$25.54M,4982,9,4,13
9880,ANDERSON COUNTY,P O Box 222,Palestine,TX,75802,1954,1/1/1954 0:00:00,3,false,25531551,$25.53M,2024,5,0,5
10772,LAKES,106 Rickey Rd,Monticello,IN,47960-1537,1956,1/24/1956 0:00:00,3,false,25522937,$25.52M,3038,7,0,7
64056,COUNTY,PO BOX 16590,Clayton,MO,63105-1090,1970,2/20/1970 0:00:00,3,false,25506449,$25.51M,1952,6,1,7
68052,CENTER CITY COMMUNITY,"6281 Beach Blvd., Suite 87",Buena Park,CA,90621,1936,1/1/1936 0:00:00,3,false,25487102,$25.49M,2841,5,0,5
24868,WORCESTER POLICE DEPARTMENT,805 West Boylston Street,Worcester,MA,01606,1947,2/1/1947 0:00:00,3,false,25416204,$25.42M,1256,5,2,7
97100,AURORA POLICEMEN,1200 E INDIAN TRL,AURORA,IL,60505,1941,1/1/1941 0:00:00,3,false,25408376,$25.41M,1658,3,0,3
21070,DOWAGIAC AREA,473 E DIVISION ST,DOWAGIAC,MI,49047-1541,1972,9/8/1972 0:00:00,3,false,25367105,$25.37M,1833,5,1,6
8077,NORTHWEST CONSUMERS,2948 GARFIELD RD  N,TRAVERSE CITY,MI,49686-5008,1952,9/26/1952 0:00:00,3,false,25363428,$25.36M,2350,6,1,7
64067,FAMILY COMMUNITY,1211 N Grand Ave,Charles City,IA,50616-1320,1960,1/1/1960 0:00:00,3,false,25337244,$25.34M,2032,6,0,6
62330,FARM BUREAU FAMILY,7373 W SAGINAW HWY,LANSING,MI,48917-1124,1934,1/1/1934 0:00:00,3,false,25294138,$25.29M,2283,5,0,5
10158,OK,3900 SE Adams Rd,Bartlesville,OK,74006,1955,1/1/1955 0:00:00,3,false,25280671,$25.28M,3522,6,0,6
67477,SHARED RESOURCES,P.O. Box 888,Pasadena,TX,77501,1949,6/21/1949 0:00:00,3,false,25171971,$25.17M,2871,6,0,6
2935,PARISH,5138 N SUMMIT ST,TOLEDO,OH,43611,1938,10/10/1938 0:00:00,3,false,25169553,$25.17M,1779,4,1,5
11744,AUGUSTA COUNTY,P O BOX 590,VERONA,VA,24482,1957,1/1/1957 0:00:00,3,false,25123377,$25.12M,2394,4,1,5
67473,CONCHO VALLEY,1002 S Abe St,San Angelo,TX,76903-7240,1930,9/3/1930 0:00:00,3,false,25122334,$25.12M,1411,5,1,6
15324,WESTSIDE COMMUNITY,"P.O. BOX 316, 125 EAST BUFFALO STRE",CHURCHVILLE,NY,14428,1962,1/1/1962 0:00:00,3,false,25113690,$25.11M,1853,3,1,4
61999,MONTCALM PUBLIC EMPLOYEES,PO BOX 469,EDMORE,MI,48829,1966,1/1/1966 0:00:00,3,false,25093290,$25.09M,1849,5,0,5
8642,HOWARD COUNTY EDUCATION,3458 Ellicott Center Dr Ste 106,Ellicott City,MD,21043-4178,1953,1/1/1953 0:00:00,3,false,24986063,$24.99M,3976,7,0,7
64708,LEGACY,3202 Indiana Ave,Joplin,MO,64804-4037,1952,1/1/1952 0:00:00,3,false,24930330,$24.93M,3191,4,2,6
16011,ATTLEBORO M E,138 S MAIN St,Attleboro,MA,02703-3909,1964,1/1/1964 0:00:00,3,false,24855645,$24.86M,1504,4,0,4
7405,SEG,PO BOX 69,LAUREL,MT,59044-3307,1951,1/1/1951 0:00:00,3,false,24823309,$24.82M,1983,5,0,5
60167,HIGHWAY CROSSROADS,741 York Dr,Sikeston,MO,63801,1953,1/1/1953 0:00:00,3,false,24800563,$24.80M,2423,7,0,7
67056,P & S,2250 S REDWOOD RD STE 6,SALT LAKE CITY,UT,84119-1356,1980,1/1/1980 0:00:00,3,false,24794221,$24.79M,2178,4,3,7
66622,RACINE MUNICIPAL EMPLOYEES,1907 Lathrop Avenue,Racine,WI,53405,1953,11/6/1953 0:00:00,3,false,24671770,$24.67M,1889,3,2,5
67762,MARTIN COUNTY COOPERATIVE,201 mill st,loogootee,IN,47553,1948,5/19/1948 0:00:00,3,false,24600410,$24.60M,1193,4,0,4
5337,TEXAS PEOPLE,4613 Wellesley Ave,Fort Worth,TX,76107,1946,1/1/1946 0:00:00,3,false,24488314,$24.49M,1950,9,1,10
22747,THE LOCAL,P.O. Box 560303,Dallas,TX,75356,1977,6/13/1977 0:00:00,3,false,24438638,$24.44M,4214,12,0,12
60304,ELITE COMMUNITY,515 S Main St,Bourbonnais,IL,60914-2016,1957,1/1/1957 0:00:00,3,false,24359204,$24.36M,2269,5,3,8
2493,JERSEY CENTRAL,PO BOX 661,CRANFORD,NJ,07016,1937,1/1/1937 0:00:00,3,false,24299781,$24.30M,4000,7,0,7
8069,FREDERIKSTED,PO Box 7,Frederiksted,VI,00841,1952,1/1/1952 0:00:00,3,true,24272546,$24.27M,2975,8,0,8
609,NY FIREFIGHTERS BRAVEST,532 central ave,albany,NY,12206,1935,1/1/1935 0:00:00,3,false,24255387,$24.26M,4623,10,1,11
68343,ADVANTAGE ONE,204 N Jackson St,Morrison,IL,61270,1960,3/16/1998 0:00:00,3,false,24189850,$24.19M,2400,5,2,7
68173,HEALTHCARE SERVICES,946 E 3RD ST,CHATTANOOGA,TN,37403-2101,1952,9/29/1994 0:00:00,3,false,24079978,$24.08M,3114,9,1,10
9776,N.F.G. #2,"1303 PENNSYLVANIA AVENUE, WEST",WARREN,PA,16365,1954,1/1/1954 0:00:00,3,false,24073817,$24.07M,1978,4,0,4
60307,GRAND PRAIRIE,209 N CENTER ST,GRAND PRAIRIE,TX,75050,1960,1/1/1960 0:00:00,3,false,24051588,$24.05M,1679,4,0,4
62564,PEOPLE'S,PO BOX 290,RAYNE,LA,70578,1942,1/1/1942 0:00:00,3,false,24023459,$24.02M,3739,7,0,7
67573,TEMPLE SANTA FE COMMUNITY,1750 W avenue A,Temple,TX,76504,1954,2/4/1954 0:00:00,3,false,24010700,$24.01M,1676,5,0,5
21586,U. H. S. EMPLOYEES,33-57 Harrison St,Johnson City,NY,13790,1974,3/26/1974 0:00:00,3,false,24001589,$24.00M,3102,9,0,9
10362,NORTHERN REDWOOD,1270 Giuntoli Ln,Arcata,CA,95521-4415,1955,1/1/1955 0:00:00,3,false,23990939,$23.99M,3180,6,1,7
22883,ALLEGANY FIRST,PO Box 300,Fillmore,NY,14735,1977,11/17/1977 0:00:00,3,false,23986755,$23.99M,2162,4,0,4
17372,LOCKPORT SCHOOLS & COMMUNITY,360 S TRANSIT ST,LOCKPORT,NY,14094-4848,1966,1/1/1966 0:00:00,3,false,23986431,$23.99M,1693,4,1,5
23582,BAYOU CITY,6414 FANNIN ST STE G50,HOUSTON,TX,77030-1500,1980,1/24/1980 0:00:00,3,false,23983462,$23.98M,2282,8,0,8
1068,COMPASS FINANCIAL,PO Box 160580,Hialeah,FL,33016,1936,1/1/1936 0:00:00,3,true,23978502,$23.98M,4022,10,1,11
66336,BILLERICA MUNICIPAL EMPLOYEES,365 BOSTON RD,BILLERICA,MA,01821,1971,10/18/1971 0:00:00,3,false,23966454,$23.97M,1255,2,0,2
67364,SAVANNAH POSTAL,PO Box 13807,Savannah,GA,31416,1991,3/11/1991 0:00:00,3,true,23937664,$23.94M,2083,5,1,6
62827,2 RIVERS AREA,296 W JEFFERY ST,KANKAKEE,IL,60901,1951,9/4/1951 0:00:00,3,false,23934169,$23.93M,3989,6,7,13
21268,DILLARD'S,PO BOX 3335,LITTLE ROCK,AR,72203,1973,5/7/1973 0:00:00,3,false,23861112,$23.86M,3527,4,0,4
21115,HANCOCK SCHOOL EMP.,384 Penco Rd,Weirton,WV,26062,1972,11/24/1972 0:00:00,3,false,23853724,$23.85M,1398,4,4,8
12185,THIOKOL ELKTON,PO Box 825,Elkton,MD,21921,1958,1/1/1958 0:00:00,3,false,23789435,$23.79M,1673,3,1,4
1080,DISTRICT #6,107 Broadway,Hornell,NY,14843,1936,1/1/1936 0:00:00,3,false,23720979,$23.72M,1692,5,0,5
11975,ANG,PO BOX 170204,BIRMINGHAM,AL,35217-0204,1957,1/1/1957 0:00:00,3,false,23702045,$23.70M,1790,5,1,6
16732,WEATHERHEAD C C,POB 431,Columbia City,IN,46725,1965,3/26/1965 0:00:00,3,false,23690236,$23.69M,2025,5,2,7
16672,COBBLESTONE COUNTRY,299 West Ave,Albion,NY,14411,1965,1/1/1965 0:00:00,3,false,23666458,$23.67M,2695,4,2,6
13526,EMPLOYEES CHOICE,266 S Magnolia Ave Ste 101,El Cajon,CA,92020,1960,1/1/1960 0:00:00,3,false,23646906,$23.65M,1067,4,1,5
14052,LIBERTY COUNTY TEACHERS,3712 North Main Street,Liberty,TX,77575-3929,1960,1/1/1960 0:00:00,3,false,23645760,$23.65M,2583,7,0,7
8687,NORTH EAST WELCH,PO Box 597,North East,PA,16428-0597,1953,1/1/1953 0:00:00,3,false,23616935,$23.62M,2662,8,2,10
16435,FIRST NESHOBA,P.O. Box 685,Philadelphia,MS,39350,1964,1/1/1964 0:00:00,3,false,23568244,$23.57M,3900,9,1,10
6466,MIDWEST LIBERTY,PO Box 385,McCook,NE,69001,1949,1/1/1949 0:00:00,3,false,23553758,$23.55M,2581,6,2,8
15874,MEMBERS TRUST,4000 Luxottica Pl,Mason,OH,45040,1963,10/8/1963 0:00:00,3,false,23521500,$23.52M,3149,8,0,8
4095,ALLEGHENY LUDLUM BRACKENRIDGE,"1131 BRACKENRIDGE AVE, P.O. BOX 4",BRACKENRIDGE,PA,15014,1940,1/1/1940 0:00:00,3,false,23502004,$23.50M,2269,4,3,7
60390,TEE-PAK,3591 N Vermilion St,Danville,IL,61832-1337,1949,1/1/1949 0:00:00,3,false,23475153,$23.48M,2328,7,0,7
1397,EDISTO,1880 RUSSELL ST,ORANGEBURG,SC,29115-6107,1936,1/1/1936 0:00:00,3,true,23468723,$23.47M,2799,9,0,9
13044,ONTARIO PUBLIC EMPLOYEES,P.O. BOX 830,ONTARIO,CA,91762,1959,1/1/1959 0:00:00,3,false,23465337,$23.47M,2247,4,1,5
2374,HONEYWELL PHILADELPHIA DIV,512 Virginia Dr,Ft Washington,PA,19034,1937,1/1/1937 0:00:00,3,false,23452802,$23.45M,1374,5,2,7
13687,FELICIANA,PO BOX 1130,ZACHARY,LA,70791,1960,1/1/1960 0:00:00,3,false,23412349,$23.41M,1850,5,0,5
24221,CHATTAHOOCHEE,P.O. BOX 8,VALLEY,AL,36854,1985,11/18/1985 0:00:00,3,false,23404840,$23.40M,2781,6,1,7
66097,CUBA,PO 1660,CUBA,NM,87013,1972,3/2/1972 0:00:00,3,true,23399846,$23.40M,1439,5,0,5
6739,MID-STATE,217 Roosevelt Ave,Carteret,NJ,07008,1950,1/1/1950 0:00:00,3,false,23390014,$23.39M,1160,5,2,7
9042,WESTMORELAND WATER,1900 Franklin St.,Greensburg,PA,15601,1953,1/1/1953 0:00:00,3,false,23339202,$23.34M,1533,2,2,4
21798,CONSTRUCTION,"30400 TELEGRAPH RD STE 122, BINGHAM",BINGHAM FARMS,MI,48025,1974,10/9/1974 0:00:00,3,false,23315506,$23.32M,1176,3,0,3
20222,EIGHT,PO Box 60319,Rossford,OH,43460,1970,7/7/1970 0:00:00,3,false,23307284,$23.31M,2469,3,0,3
66002,STAMFORD HEALTHCARE,"4 HOSPITAL PLAZA, Tandet Center Ste",Stamford,CT,06902-3633,1978,2/22/1978 0:00:00,3,false,23270497,$23.27M,2187,3,1,4
67936,LEADCO COMMUNITY,820 E Main St,Park Hills,MO,63601-2716,1953,6/27/1953 0:00:00,3,false,23199033,$23.20M,3221,6,2,8
24873,ENCOMPASS NIAGARA,2525 Military Rd,Niagara Falls,NY,14304,1934,5/3/1934 0:00:00,3,false,23167074,$23.17M,2833,6,2,8
663,PRIORITY PLUS,6 LYNAM ST,WILMINGTON,DE,19804,1935,10/15/1935 0:00:00,3,false,23160384,$23.16M,1916,5,1,6
23952,UNITED ARKANSAS,8405 Interstate 30,Little Rock,AR,72209,1982,11/1/1982 0:00:00,3,true,23154735,$23.15M,2856,8,0,8
7072,ASHLAND COMMUNITY,PO Box 682,Ashland,OH,44805,1951,1/1/1951 0:00:00,3,false,23079140,$23.08M,2667,4,2,6
14845,RAH,45 DIAUTO DR,RANDOLPH,MA,02368-4501,1962,1/1/1962 0:00:00,3,false,22968610,$22.97M,1867,4,1,5
21319,STRATEGIC,22110 Pacific Blvd Ste 100,Sterling,VA,20166,1973,6/12/1973 0:00:00,3,false,22903936,$22.90M,942,4,0,4
1827,MINT VALLEY,3325 WASHINGTON WAY,LONGVIEW,WA,98632,1936,1/1/1936 0:00:00,3,false,22875848,$22.88M,2102,7,0,7
18409,ALLIANCE NIAGARA,P.O. BOX 258,SANBORN,NY,14132-0258,1967,1/1/1967 0:00:00,3,false,22857271,$22.86M,1139,3,0,3
12291,GEORGIA POWER VALDOSTA,1707 Dow Street,Valdosta,GA,31601,1958,1/1/1958 0:00:00,3,false,22853279,$22.85M,2792,4,6,10
62826,ROCKFORD MUNICIPAL EMPLOYEES,634 N Church St,Rockford,IL,61103,1942,1/1/1942 0:00:00,3,false,22817572,$22.82M,2136,5,0,5
19605,FINANCIAL EDUCATORS,P. O. Box 11197,Daytona Beach,FL,32120-1197,1969,1/1/1969 0:00:00,3,false,22794607,$22.79M,1402,5,0,5
22978,MAIN IMPACT,1312 Main St,Murray,KY,42071-1823,1978,2/10/1978 0:00:00,3,false,22736752,$22.74M,1999,4,3,7
60389,AMERICAN PRIDE,1431 VALLEY VIEW BLVD,ALTOONA,PA,16602,1934,1/1/1934 0:00:00,3,false,22698100,$22.70M,1829,4,0,4
63008,NEW ORLEANS POLICE DEPARTMENT EMP.,1615 POYDRAS ST STE 110,New Orleans,LA,70112-5414,1928,6/30/1928 0:00:00,3,false,22682348,$22.68M,1690,4,1,5
68077,MARYVILLE MUNICIPAL,321 W BROADWAY AVE,MARYVILLE,TN,37801,1971,12/6/1993 0:00:00,3,false,22674070,$22.67M,920,2,1,3
60429,GENERATIONS,5618 Harrison Ave,Rockford,IL,61108,1944,1/1/1944 0:00:00,3,false,22569978,$22.57M,2135,4,2,6
60707,ROME KRAFT EMPLOYEES,P.O. Box 387,Coosa,GA,30129,1955,1/1/1955 0:00:00,3,false,22564232,$22.56M,1740,4,0,4
65426,WESTERN ILLINOIS SCHOOL EMPLOYEES,1416 MAINE ST,QUINCY,IL,62301,1936,1/1/1936 0:00:00,3,false,22560148,$22.56M,1693,3,0,3
63211,WHEAT STATE,1400 S Oliver,Wichita,KS,67218,1963,10/16/1963 0:00:00,3,false,22539157,$22.54M,3472,7,1,8
3475,SOMERVILLE SCHOOL EMPLOYEES,P.O. BOX 440053,Somerville,MA,02144,1939,1/1/1939 0:00:00,3,false,22530598,$22.53M,1810,3,0,3
63899,MEMBERS 1ST,PO Box 8245,Brattleboro,VT,05304-8245,1957,4/18/1957 0:00:00,3,false,22464212,$22.46M,2124,6,2,8
61872,MONMOUTH COUNTY POSTAL EMPLOYEES,PO Box 518,Red Bank,NJ,07701,1928,1/1/1928 0:00:00,3,false,22410887,$22.41M,1026,2,1,3
4787,TANDEM,21043 Mound Rd,Warren,MI,48091-2903,1941,12/9/1941 0:00:00,3,true,22404877,$22.40M,2174,5,1,6
67382,GENUINE PARTS,5420 Peachtree Industrial Blvd,Norcross,GA,30071,1937,3/8/1937 0:00:00,3,false,22348163,$22.35M,1480,2,0,2
62929,FEDERAL EMPLOYEES,P.O. BOX 5006,MONROE,LA,71211,1941,7/11/1941 0:00:00,3,false,22311526,$22.31M,1316,4,0,4
16655,S C I,P.O. Box 3258,Florence,SC,29502,1965,1/1/1965 0:00:00,3,false,22305594,$22.31M,1667,4,0,4
67799,SALINA INTERPAROCHIAL,1927 S. OHIO,SALINA,KS,67401,1961,7/16/1961 0:00:00,3,false,22296697,$22.30M,2357,3,0,3
9441,METRO NORTH,310 DUNDAS DR,JACKSONVILLE,FL,32218-5588,1954,1/1/1954 0:00:00,3,false,22216955,$22.22M,1287,4,2,6
67354,GLYNN COUNTY FEDERAL EMPLOYEES,"C/O BLDG 86, FLETC",BRUNSWICK,GA,31524,1953,3/1/1991 0:00:00,3,false,22191277,$22.19M,1021,4,0,4
9476,WEST PENN P&P,PO BOX 398,BEAVER,PA,15009,1954,1/1/1954 0:00:00,3,false,22144012,$22.14M,4449,2,1,3
1131,ESSEX COUNTY TEACHERS,125 FRANKLIN ST.,BLOOMFIELD,NJ,07003-5730,1936,1/1/1936 0:00:00,3,true,22124489,$22.12M,3658,8,3,11
17953,TEXSTAR,141 Park Place Blvd,Kenedy,TX,78119,1967,1/1/1967 0:00:00,3,false,22107008,$22.11M,1213,4,0,4
65071,UNITE,403 Washington St.,Cedar Falls,IA,50613,1955,1/1/1955 0:00:00,3,false,22065410,$22.07M,1570,5,0,5
14402,IBEW/SJ CASCADE,1825 12th St SE Ste 130,Salem,OR,97302-2159,1961,5/31/1961 0:00:00,3,false,22064425,$22.06M,2786,4,0,4
21140,WESTERN PA,"2300 Freeport Rd, 15 Feldarelli Squ",New Kensington,PA,15068-4669,1973,1/9/1973 0:00:00,3,false,22055586,$22.06M,1251,3,1,4
24674,TRADES & LABOR,610 SO BROADWAY AVE,ALBERT LEA,MN,56007,1958,1/1/1958 0:00:00,3,false,21996615,$22.00M,2295,5,0,5
24720,DN COMMUNITY,3964 Fulton Dr NW,Canton,OH,44718,1954,1/1/1954 0:00:00,3,false,21932467,$21.93M,3033,7,0,7
26,FARMERS,6611 DUNN AVE,JACKSONVILLE,FL,32218,1934,1/1/1934 0:00:00,3,false,21843885,$21.84M,1162,3,4,7
2446,INTERNAL REVENUE,"1555 POYDRAS STREET, SUITE 250",NEW ORLEANS,LA,70112-3726,1937,1/1/1937 0:00:00,3,false,21814546,$21.81M,1522,3,0,3
8129,MOUNTAIN WEST,P.O. Box 4295,Butte,MT,59701-1916,1952,10/14/1952 0:00:00,3,false,21785983,$21.79M,2949,7,3,10
16947,K I T,9711 Linn Station Rd,Louisville,KY,40223,1965,1/1/1965 0:00:00,3,false,21698065,$21.70M,1852,6,2,8
66899,RICHMOND VIRGINIA FIRE POLICE CREDI,900 Hermitage Rd,Richmond,VA,23220-2001,1929,5/15/1929 0:00:00,3,false,21687968,$21.69M,1696,5,0,5
17555,STEEL VALLEY,3840 Pearl Rd,Cleveland,OH,44109-2751,1966,7/11/1966 0:00:00,3,true,21628024,$21.63M,3281,6,3,9
19171,NORTHEAST PANHANDLE TEACHERS,PO Box 118,Perryton,TX,79070-0118,1969,1/1/1969 0:00:00,3,false,21626408,$21.63M,2446,3,1,4
20410,NORTHSIDE,980 JOHNSON FERRY RD NE STE 190,ATLANTA,GA,30342,1970,1/1/1970 0:00:00,3,false,21618511,$21.62M,6090,7,0,7
5123,INTERNATIONAL UAW,8000 E JEFFERSON AVE,DETROIT,MI,48214-3963,1944,7/13/1944 0:00:00,3,false,21617397,$21.62M,1974,4,0,4
24627,1ST COOPERATIVE,808 Knox Abbott Dr,Cayce,SC,29033-3318,1970,1/1/1970 0:00:00,3,false,21613887,$21.61M,2511,2,1,3
11950,COVINGTON SCHOOLS,PO BOX 442,ANDALUSIA,AL,36420,1957,1/1/1957 0:00:00,3,false,21586893,$21.59M,1671,3,0,3
61783,CO-OPERATIVE,313 W 9TH,COFFEYVILLE,KS,67337-5813,1937,1/1/1937 0:00:00,3,false,21489175,$21.49M,2833,6,0,6
14522,SPECIAL METALS,4340 MIDDLE SETTLEMENT RD,NEW HARTFORD,NY,13413-5316,1961,1/1/1961 0:00:00,3,false,21450693,$21.45M,1858,5,1,6
61515,FAYETTE COUNTY SCHOOL EMPLOYEES,193 Edison St,Uniontown,PA,15401,1939,1/1/1939 0:00:00,3,false,21433985,$21.43M,2324,4,1,5
23722,RALEIGH CO. EDUCATORS,105 ADAIR ST,BECKLEY,WV,25801-3733,1980,11/17/1980 0:00:00,3,false,21413798,$21.41M,2287,5,0,5
10481,MCMURREY,P.O. BOX 4575,TYLER,TX,75712-4575,1955,1/1/1955 0:00:00,3,false,21367405,$21.37M,1729,4,1,5
62144,UNITED CHURCHES,20252 Ecorse Rd,Taylor,MI,48180,1957,1/1/1957 0:00:00,3,false,21360951,$21.36M,1174,4,1,5
64267,ELECTRICAL WORKERS LOCAL 58,1366 porter ST,DETROIT,MI,48226,1955,1/1/1955 0:00:00,3,false,21255038,$21.26M,1912,2,0,2
64425,ST. LOUIS POLICEMEN`S,1200 clark ave,saint louis,MO,63103,1934,1/1/1934 0:00:00,3,false,21243790,$21.24M,2153,2,2,4
65493,COMMUNITY SPIRIT CREDIT UNION,160 Industrial Drive,Lawrenceburg,IN,47025-1116,1937,1/1/1937 0:00:00,3,false,21205932,$21.21M,2070,6,0,6
67009,UNITED LABOR,10000 E 66th TER,Raytown,MO,64133-5251,1987,3/3/1987 0:00:00,3,false,21166713,$21.17M,5479,5,0,5
10720,NORTH PENN,"123 BETHLEHEM PIKE, P.O.BOX 527",COLMAR,PA,18915-9778,1955,1/1/1955 0:00:00,3,false,21119017,$21.12M,1311,4,0,4
60855,KONE EMPLOYEES,4502 27TH ST STE K,MOLINE,IL,61265,1953,1/1/1953 0:00:00,3,false,21118340,$21.12M,1726,4,1,5
68451,GENESIS EMPLOYEES,830 Bethesda Dr,Zanesville,OH,43701-1895,0,1/24/1973 0:00:00,3,false,21102824,$21.10M,3570,5,0,5
20629,ST. VINCENT'S MEDICAL CENTER,2800 MAIN ST,BRIDGEPORT,CT,06606,1971,1/1/1971 0:00:00,3,false,21085459,$21.09M,1642,4,0,4
20015,ENCENTUS,1320 S Lewis Ave,Tulsa,OK,74104,1970,1/1/1970 0:00:00,3,false,21061316,$21.06M,4593,10,0,10
23144,LOCAL 804,44 S Bayles Ave Ste 204,Port Washington,NY,11050-3765,1978,7/24/1978 0:00:00,3,false,21041940,$21.04M,3230,5,0,5
10461,MCLENNAN COUNTY EMPLOYEES,215 North 5th Street; Suite 224,Waco,TX,76701,1955,1/1/1955 0:00:00,3,false,21036883,$21.04M,1337,5,0,5
10666,GRAND HERITAGE,201 KOOMLER DR,LAPORTE,IN,46350-2576,1955,11/28/1955 0:00:00,3,false,21022037,$21.02M,2078,5,0,5
16264,DEVILS SLIDE,PO Box 588,Morgan,UT,84050,1964,1/1/1964 0:00:00,3,false,20989307,$20.99M,1766,2,2,4
7392,FORTRESS,615 N Western Ave,Marion,IN,46952,1951,7/30/1951 0:00:00,3,false,20943233,$20.94M,1904,6,0,6
15375,WOLF POINT,PO Box 426,Wolf Point,MT,59201,1963,1/2/1963 0:00:00,3,false,20943028,$20.94M,3214,6,0,6
14040,NIAGARA-WHEATFIELD,"PO BOX 265, 2346 SAUNDERS SETTLEMEN",SANBORN,NY,14132,1960,1/1/1960 0:00:00,3,false,20936641,$20.94M,1836,3,0,3
1129,MOPAC EMPLOYEES,PO Box 205,Palestine,TX,75802-4225,1936,1/1/1936 0:00:00,3,false,20927177,$20.93M,2374,6,1,7
2280,HAMAKUA,P.O. Box 848,Pepeekeo,HI,96783,1937,1/1/1937 0:00:00,3,true,20902517,$20.90M,1773,6,0,6
64038,BLOOMINGTON POSTAL EMPLOYEES,PO BOX 82,BLOOMINGTON,IL,61702,1933,1/30/1933 0:00:00,3,false,20820915,$20.82M,1366,3,1,4
21109,L'OREAL USA,111 Terminal Ave,Clark,NJ,07066,1972,11/13/1972 0:00:00,3,false,20812975,$20.81M,1740,4,2,6
851,CHELSEA EMPLOYEES,311 Chestnut St,Chelsea,MA,02150,1935,1/1/1935 0:00:00,3,false,20784130,$20.78M,2151,4,1,5
67537,LCRA,P O Box 19138,Austin,TX,78760,1940,8/30/1940 0:00:00,3,false,20767812,$20.77M,2103,5,0,5
67542,FIRST PRIORITY,3165 S 27th Street,Abilene,TX,79605,1930,9/2/1930 0:00:00,3,false,20760314,$20.76M,1274,2,0,2
12383,EAST ALABAMA COMMUNITY,P.O. BOX 2588,OPELIKA,AL,36803,1958,1/1/1958 0:00:00,3,false,20750655,$20.75M,3006,6,1,7
17436,MAINE SOLUTIONS,"405 WESTERN AVENUE #515, P.O. BOX 9",SOUTH PORTLAND,ME,04116-9421,1966,1/1/1966 0:00:00,3,false,20710213,$20.71M,1188,3,0,3
67510,BRAZOS COMMUNITY,PO Box 3003,Alvin,TX,77512,1970,8/31/1970 0:00:00,3,false,20671437,$20.67M,1973,6,0,6
22456,THE HEART CENTER,100 PORT WASHINGTON BLVD,ROSLYN,NY,11576,1976,7/19/1976 0:00:00,3,false,20671035,$20.67M,2559,2,1,3
63090,HUTCHINSON GOVERNMENT EMPLOYEES,121 E Avenue A,Hutchinson,KS,67501,1945,8/31/1945 0:00:00,3,false,20651024,$20.65M,2038,4,2,6
12671,COOPERS CAVE,92 Dix Avenue,Glens Falls,NY,12801,1958,1/1/1958 0:00:00,3,false,20628942,$20.63M,1935,4,0,4
195,NORTHWEST ARKANSAS,1460 NORTH WOOLSEY AVE,FAYETTEVILLE,AR,72703,1935,1/1/1935 0:00:00,3,false,20589951,$20.59M,2319,4,1,5
2260,UNION PACIFIC STREAMLINER,1400 DOUGLST ST MS 40,OMAHA,NE,68179-1001,1937,1/1/1937 0:00:00,3,false,20578563,$20.58M,2498,6,0,6
6898,ACADIAN,102 Sunbeam Ln,Lafayette,LA,70506-1521,1950,1/1/1950 0:00:00,3,false,20522049,$20.52M,2717,5,0,5
68011,CORNER STONE,130 historic town square,lancaster,TX,75146,1952,5/1/1952 0:00:00,3,false,20489403,$20.49M,3357,10,1,11
66665,DAIRYLAND POWER,3200 EAST AVENUE SOUTH,LA CROSSE,WI,54601-7227,1952,6/2/1952 0:00:00,3,false,20446835,$20.45M,1225,2,1,3
6070,TRI STATE RAIL,110 W 13TH ST,ERIE,PA,16501,1949,1/1/1949 0:00:00,3,false,20260467,$20.26M,2238,7,1,8
7633,WARREN MUNICIPAL,31300 Hoover,Warren,MI,48093,1952,2/11/1952 0:00:00,3,false,20251337,$20.25M,1330,3,2,5
12847,COMMUNITY HEALTHCARE,2531 Wetmore Ave,Everett,WA,98201,1959,3/6/1959 0:00:00,3,false,20241768,$20.24M,1342,4,2,6
60175,CHICAGO FIREMANS ASSOC,2453 S ARCHER AVE,CHICAGO,IL,60616-2169,1938,1/1/1938 0:00:00,3,false,20201236,$20.20M,2998,3,7,10
22220,KALEIDA HEALTH,100 HIGH ST,BUFFALO,NY,14203-1126,1975,12/15/1975 0:00:00,3,false,20187662,$20.19M,3294,5,0,5
24589,NEIGHBORHOOD TRUST,1112 Saint Nicholas Ave,New York,NY,10032,1995,11/20/1996 0:00:00,3,true,20167624,$20.17M,3083,10,1,11
10613,NIAGARA FALLS A F,2420 Olmstead St,Niagara Falls,NY,14304-5066,1955,1/1/1955 0:00:00,3,false,20104830,$20.10M,1676,4,1,5
12170,LE ROY,7093 W MAIN RD,LE ROY,NY,14482-9352,1958,1/1/1958 0:00:00,3,false,20064461,$20.06M,1563,4,1,5
370,PPG & ASSOCIATES,101 Bailies Run Rd,Creighton,PA,15030-1066,1935,1/1/1935 0:00:00,3,false,20060091,$20.06M,1714,3,2,5
6726,TEMPLE-INLAND,109 N Temple Dr,Diboll,TX,75941,1950,1/1/1950 0:00:00,3,false,20018236,$20.02M,1681,3,1,4
67534,ODESSA EMPLOYEES,1006 E 7th St,Odessa,TX,79761-4623,1953,8/12/1953 0:00:00,3,false,19994372,$19.99M,1367,5,1,6
60201,HARVARD COMMUNITY,1200 S DIVISION ST,HARVARD,IL,60033-8601,1956,1/1/1956 0:00:00,3,false,19981753,$19.98M,3227,7,0,7
22972,CROUSE,730 S CROUSE AVENUE,SYRACUSE,NY,13210-1754,1978,2/8/1978 0:00:00,3,false,19965730,$19.97M,2066,3,2,5
1344,NORTHERN VALLEY,3030 Demers Ave,Grand Forks,ND,58201,1936,1/1/1936 0:00:00,3,false,19961543,$19.96M,1471,4,0,4
11604,EAST ORANGE VA HOSPITAL,385 Tremont Ave,East Orange,NJ,07018-1023,1957,1/1/1957 0:00:00,3,false,19877964,$19.88M,2191,3,1,4
7023,PORT ARTHUR COMMUNITY,3100 Central Mall Drive,Port Arthur,TX,77642,1950,1/1/1950 0:00:00,3,false,19835350,$19.84M,2372,6,4,10
62599,FEDERAL EMPLOYEES,1509 4TH AVE S,BIRMINGHAM,AL,35233-1612,1958,1/1/1958 0:00:00,3,true,19792758,$19.79M,1741,4,1,5
61474,RAILWAY EMPLOYEES,P.O. Box 3776,Muscle Shoals,AL,35662,1935,1/1/1935 0:00:00,3,false,19698563,$19.70M,1372,3,0,3
6368,WACO,P O BOX 646,WACO,TX,76703,1949,1/1/1949 0:00:00,3,false,19644918,$19.64M,1944,4,5,9
7790,RALEIGH COUNTY,200 VETERANS AVE,BECKLEY,WV,25801,1952,4/15/1952 0:00:00,3,false,19566929,$19.57M,2032,4,0,4
66779,OSHKOSH COMMUNITY,250 PEARL AVE,OSHKOSH,WI,54901-4834,1936,6/24/1936 0:00:00,3,false,19546978,$19.55M,3136,5,0,5
62062,CITY,2302 JACK WARNER PKWY,TUSCALOOSA,AL,35401-1034,1950,1/1/1950 0:00:00,3,false,19538008,$19.54M,1518,5,2,7
13966,CHADRON,126 EAST 3RD ST,CHADRON,NE,69337-2381,1960,1/1/1960 0:00:00,3,false,19498347,$19.50M,2240,7,0,7
96737,KYGER CREEK,PO Box 372,Cheshire,OH,45620,0,1/1/1900 0:00:00,3,false,19473654,$19.47M,1520,2,0,2
13655,ALBA-GOLDEN,PO Box 360,Alba,TX,75410,1960,1/1/1960 0:00:00,3,false,19453562,$19.45M,1532,4,1,5
97053,MAUMEE VALLEY,28 N Fearing Blvd,Toledo,OH,43607-3601,1942,12/23/1997 0:00:00,3,false,19445160,$19.45M,2097,4,0,4
63055,ST. LOUIS NEWSPAPER CARRIERS,961 plateau,fenton,MO,63026,1946,2/8/1946 0:00:00,3,false,19441734,$19.44M,518,1,0,1
1111,LOCOMOTIVE & CONTROL EMPLOYEES,1286 E 38th St,Erie,PA,16504-3039,1936,1/1/1936 0:00:00,3,false,19398651,$19.40M,935,3,0,3
17411,DIVERSIFIED GENERAL,631 E BROADWAY,LOGANSPORT,IN,46947,1966,4/27/1966 0:00:00,3,false,19367459,$19.37M,3530,5,0,5
18238,NYM,501 6th St Apt 2F,Brooklyn,NY,11215-3648,1967,1/1/1967 0:00:00,3,false,19365348,$19.37M,2731,4,0,4
16893,NEWRIZONS,120 FIRMAN AVE,HOQUIAM,WA,98550,1965,6/28/1965 0:00:00,3,false,19345597,$19.35M,1564,6,2,8
484,LYNN FIREMENS,30 Boston St Ste 9,Lynn,MA,01904,1935,1/1/1935 0:00:00,3,false,19324148,$19.32M,1594,0,7,7
21157,CINCINNATI HEALTHCARE ASSOCIATES,2139 Auburn Ave.,Cincinnati,OH,45219-2906,1973,1/30/1973 0:00:00,3,false,19269244,$19.27M,3251,5,3,8
9411,HAMILTON HORIZONS,3535 Quakerbridge Rd Suite 600,Hamilton,NJ,08619,1954,1/1/1954 0:00:00,3,false,19248161,$19.25M,2668,6,1,7
67639,AMARILLO POSTAL EMPLOYEES,P.O. 30003,AMARILLO,TX,79120,1931,2/28/1931 0:00:00,3,false,19241056,$19.24M,1864,4,0,4
18172,OLD KENTUCKY HOME,1008 TEMPLIN AVE,BARDSTOWN,KY,40004,1967,1/1/1967 0:00:00,3,false,19195039,$19.20M,2231,9,0,9
18962,CALCASIEU PARISH EMPLOYEES,P.O. Box 1027,Lake Charles,LA,70602,1968,1/1/1968 0:00:00,3,false,19159682,$19.16M,2094,5,0,5
13503,CAL-ED,PO BOX 497,CALIFORNIA,PA,15419,1960,1/1/1960 0:00:00,3,false,19140885,$19.14M,3238,6,1,7
66980,SOUTHERN,P.O. Box 3490,Chattanooga,TN,37404,1943,6/30/1933 0:00:00,3,false,19138259,$19.14M,1686,5,0,5
8825,ALLEG-KISKI POSTAL,501 11TH ST,NEW KENSINGTON,PA,15068,1953,1/1/1953 0:00:00,3,false,19111497,$19.11M,2497,5,1,6
64394,SUMMIT RIDGE,3485 NE RALPH POWELL RD,LEES SUMMIT,MO,64064,1955,1/1/1955 0:00:00,3,false,19099116,$19.10M,1763,4,0,4
20438,ARH,P.O. BOX 1447,MIDDLESBORO,KY,40965,1971,1/1/1971 0:00:00,3,false,18963298,$18.96M,3656,6,0,6
24847,LAKOTA,PO Box 196,Kyle,SD,57752,2012,8/29/2012 0:00:00,3,true,18962630,$18.96M,4152,10,0,10
23753,ALTOONA AREA EMPLOYEES,908 PLEASANT VALLEY BLVD,ALTOONA,PA,16602,1981,2/17/1981 0:00:00,3,false,18941417,$18.94M,1669,1,4,5
22719,CONSUMER'S,PO Box 69,Gregory,SD,57533,1977,5/12/1977 0:00:00,3,false,18912508,$18.91M,1587,4,0,4
12906,BLUE WATER,526 WATER ST RM 113,PORT HURON,MI,48060-5463,1959,3/31/1959 0:00:00,3,false,18841790,$18.84M,1146,5,1,6
9376,SOUTH COAST ILWU,2438 BROADWAY AVE,NORTH BEND,OR,97459,1954,1/1/1954 0:00:00,3,false,18700347,$18.70M,1051,4,0,4
19890,EASTERN PANHANDLE,36 GM Access Rd,Martinsburg,WV,25403,1970,1/5/1970 0:00:00,3,false,18688261,$18.69M,2852,4,3,7
2394,NEW BRUNSWICK POSTAL,PO Box 10088,New Brunswick,NJ,08906,1937,1/1/1937 0:00:00,3,false,18676932,$18.68M,3173,5,1,6
10756,FIRST LINCOLN,5730 R ST STE A,Lincoln,NE,68505-2309,1956,1/1/1956 0:00:00,3,false,18662321,$18.66M,2580,6,2,8
19708,NORTHERN ILLINOIS,817 W LINCOLN HWY,DEKALB,IL,60115,1958,10/13/1969 0:00:00,3,false,18646829,$18.65M,2195,5,0,5
4088,STANWOOD AREA,444 Arona Rd,New Stanton,PA,15672,1940,1/1/1940 0:00:00,3,false,18638895,$18.64M,2247,3,3,6
18964,BITTERROOT COMMUNITY,PO BOX 467,DARBY,MT,59829,1968,1/1/1968 0:00:00,3,false,18572336,$18.57M,2153,4,2,6
2505,77TH STREET DEPOT,5401 S Wentworth Ave Ste 26,Chicago,IL,60609-6300,1938,1/4/1938 0:00:00,3,true,18555619,$18.56M,4509,2,8,10
10690,FAYETTE FEDERAL EMPLOYEES,364 MORGANTOWN ST,UNIONTOWN,PA,15401,1955,1/1/1955 0:00:00,3,false,18470801,$18.47M,1248,2,1,3
67660,SOUTHERN STAR,16035 W Little York Rd,Houston,TX,77084,1953,7/9/1953 0:00:00,3,false,18458692,$18.46M,2800,5,0,5
5935,COWBOY COUNTRY,PO BOX 106,PREMONT,TX,78375,1948,1/1/1948 0:00:00,3,true,18435168,$18.44M,2266,8,0,8
6992,COTEAU VALLEY,212  WEST HICKORY,SISSETON,SD,57262,1950,1/1/1950 0:00:00,3,false,18409520,$18.41M,2176,5,1,6
9145,PUGET SOUND REFINERY,12275 Bartholomew Rd,Anacortes,WA,98221,1954,1/1/1954 0:00:00,3,false,18389696,$18.39M,1148,3,1,4
66476,HOLY FAMILY MEMORIAL,PO Box 37,Manitowoc,WI,54221-0037,1961,3/29/1961 0:00:00,3,false,18389222,$18.39M,1321,5,2,7
3278,SOUTHWEST COMMUNITIES,213 Pine Street,Carnegie,PA,15106,1939,1/1/1939 0:00:00,3,false,18355052,$18.36M,1879,5,0,5
13729,ENERGY PEOPLE,PO BOX 279,MEDFORD,NJ,08055,1960,1/1/1960 0:00:00,3,false,18275981,$18.28M,1087,5,1,6
15784,NOVO,P O Box 129,Norco,CA,92860-0129,1963,1/1/1963 0:00:00,3,true,18268888,$18.27M,2272,5,0,5
61290,DUPAGE COUNTY EMPLOYEES,421 N COUNTY FARM RD,WHEATON,IL,60187-3978,1954,1/1/1954 0:00:00,3,false,18268038,$18.27M,2320,3,1,4
23811,MID-ISLAND,P O Box 5398,Christiansted,VI,00823,1981,8/18/1981 0:00:00,3,true,18247833,$18.25M,2375,6,0,6
22132,FARM CREDIT EMPLOYEES,30 7th St E Ste 265,Saint Paul,MN,55101-4958,1975,8/25/1975 0:00:00,3,false,18245055,$18.25M,1405,4,0,4
6930,CADETS,1751 TRANSIT ROAD,ELMA,NY,14059,1950,1/1/1950 0:00:00,3,false,18229864,$18.23M,1440,2,6,8
66857,GERMANIA,507 Highway 290 E,Brenham,TX,77833,1985,5/29/1986 0:00:00,3,false,18185365,$18.19M,2537,4,0,4
66862,M.E. EMPLOYEES,111 E RANDOLPH ST,WAUSAU,WI,54401,1932,4/19/1932 0:00:00,3,false,18185027,$18.19M,1321,4,0,4
60726,THE WEST TENNESSEE,"13690 Highway 51 South, Suite 107",Atoka,TN,38004,1967,1/1/1967 0:00:00,3,false,18058806,$18.06M,1643,4,1,5
24387,SYRACUSE POSTAL,5640 E TAFT RD,SYRACUSE,NY,13220,1934,9/11/1989 0:00:00,3,false,17989504,$17.99M,1012,3,1,4
67519,LINKAGE,4527 SPEIGHT AVE,WACO,TX,76711,1931,4/18/1931 0:00:00,3,false,17949961,$17.95M,1908,5,0,5
9822,SANTO CHRISTO,149 COLUMBIA STREET,FALL RIVER,MA,02721,1954,1/1/1954 0:00:00,3,false,17943440,$17.94M,2111,5,0,5
62593,MED PARK,2150 32nd Ave S Ste E,Grand Forks,ND,58201,1965,1/1/1965 0:00:00,3,false,17940277,$17.94M,1530,4,0,4
620,POWER ONE,1520 Spy Run Ave,Fort Wayne,IN,46805-4031,1935,10/3/1935 0:00:00,3,false,17905736,$17.91M,1289,5,2,7
12266,ELLIS COUNTY TEACHERS AND EMPLOYEES,P O BOX 308,WAXAHACHIE,TX,75168-0308,1958,1/1/1958 0:00:00,3,false,17871500,$17.87M,2198,3,0,3
7599,HURON AREA EDUCATION,1855 ARIZONA AVE SW,HURON,SD,57350-6582,1952,1/1/1952 0:00:00,3,false,17848636,$17.85M,855,3,1,4
19027,CATTARAUGUS COUNTY EMPLOYEES,100 Fair Oak St,Little Valley,NY,14755,1968,1/1/1968 0:00:00,3,false,17840994,$17.84M,1606,4,0,4
10327,VICTORIA TEACHERS,2207 Wildwood St,Victoria,TX,77901-7363,1955,1/1/1955 0:00:00,3,false,17763535,$17.76M,1366,4,0,4
24690,FASNY,107 WASHINGTON AVE,ALBANY,NY,12210-2231,2003,3/27/2003 0:00:00,3,false,17737167,$17.74M,1155,3,0,3
1166,1166,"95 Woodstown Rd, Unit C",Swedesboro,NJ,08085,1936,1/1/1936 0:00:00,3,false,17690812,$17.69M,2308,3,3,6
67483,1ST UNIVERSITY,24 La Salle Ave unit C,Waco,TX,76706,1956,12/14/1956 0:00:00,3,false,17687912,$17.69M,1900,8,1,9
60247,COMMUNITY HEALTHCARE,48 Haynes ST,Manchester,CT,06040,1959,1/1/1959 0:00:00,3,false,17668272,$17.67M,2306,4,2,6
24428,WHITE COUNTY,508 W BEEBE CAPPS EXPY,SEARCY,AR,72143-6652,1958,2/3/1992 0:00:00,3,false,17636263,$17.64M,2396,6,0,6
13355,FRANKFORT COMMUNITY,PO BOX 311,FRANKFORT,MI,49635,1959,12/2/1959 0:00:00,3,false,17631233,$17.63M,1901,6,0,6
11782,BAYOU COMMUNITY,PO Box 87,Saint Gabriel,LA,70776,1957,1/1/1957 0:00:00,3,true,17624449,$17.62M,1722,5,1,6
64948,LINXUS,1405 W LANE RD STE A,MACHESNEY PARK,IL,61115-1660,1927,1/1/1927 0:00:00,3,false,17592045,$17.59M,2190,3,1,4
24437,LION,PO BOX 10580,EL DORADO,AR,71730,1936,4/1/1992 0:00:00,3,false,17534579,$17.53M,2247,6,0,6
23361,ELECTRIC COOPERATIVES,P.O. BOX 194208,LITTLE ROCK,AR,72219,1979,3/29/1979 0:00:00,3,false,17507515,$17.51M,2782,3,0,3
60825,COMBINED EMPLOYEES,593 RUSSELL PKWY,WARNER ROBINS,GA,31088,1969,1/1/1969 0:00:00,3,false,17483374,$17.48M,2695,4,5,9
97078,BSE,19249 Bagley Rd,Cleveland,OH,44130-3315,1955,1/1/1955 0:00:00,3,false,17429472,$17.43M,2299,5,0,5
13472,BERKELEY COMMUNITY,PO Box 206,Moncks Corner,SC,29461,1960,1/1/1960 0:00:00,3,false,17397255,$17.40M,2443,5,0,5
15848,CBI,"13717 S ROUTE 30, UNIT 157",PLAINFIELD,IL,60544-5560,1963,9/27/1963 0:00:00,3,false,17394144,$17.39M,1188,3,1,4
68100,SKYLINE,3443 DICKERSON PIKE #G10,NASHVILLE,TN,37207-2528,1966,12/10/1993 0:00:00,3,false,17367600,$17.37M,1626,3,3,6
1157,BUFFALO POLICE,68 Court St Rm 180,Buffalo,NY,14202-3405,1936,1/1/1936 0:00:00,3,false,17364591,$17.36M,2503,4,0,4
21202,SOUTH ATLANTIC,1 W Camino Real Ste 110,Boca Raton,FL,33432-5966,1973,3/12/1973 0:00:00,3,false,17363590,$17.36M,2143,4,0,4
19745,ARMSTRONG CO. FEDERAL EMP.,P O Box 210,KITTANNING,PA,16201,1969,1/1/1969 0:00:00,3,false,17360850,$17.36M,2111,3,1,4
15589,CADDO PARISH TEACHERS,PO BOX 3133,SHREVEPORT,LA,71133,1963,1/1/1963 0:00:00,3,true,17352103,$17.35M,3420,4,0,4
22447,LOCAL 41 I.B.E.W.,3564 CALIFORNIA ROAD,ORCHARD PARK,NY,14127,1976,7/8/1976 0:00:00,3,false,17317474,$17.32M,2191,4,0,4
67475,MIDLAND MUNICIPAL EMPLOYEES,P O Box 1152,Midland,TX,79702,1953,9/2/1953 0:00:00,3,false,17291071,$17.29M,1295,2,0,2
24451,SPOKANE MEDIA,6103 N Astor St,Spokane,WA,99208-8102,1938,2/7/1938 0:00:00,3,false,17255481,$17.26M,1117,4,0,4
11364,THE FAMILY FIRST,PO Box 6587,Great Falls,MT,59406-6587,1956,1/1/1956 0:00:00,3,false,17232073,$17.23M,1716,4,1,5
4809,PARTHENON,2290 Rosa L Parks BLvd,Nashville,TN,37228,1942,1/1/1942 0:00:00,3,false,17208560,$17.21M,1759,5,0,5
21831,TRANSIT,20 N CENTRAL AVE FL 3,VALLEY STREAM,NY,11580,1974,11/14/1974 0:00:00,3,true,17185073,$17.19M,3133,4,1,5
2021,TEANECK,PO BOX 1016,TEANECK,NJ,07666,1937,1/1/1937 0:00:00,3,false,17175705,$17.18M,993,2,4,6
6725,L R F D,210 S GAINES ST,LITTLE ROCK,AR,72201-2218,1950,1/1/1950 0:00:00,3,false,17144655,$17.14M,893,1,3,4
19319,JEFFERSON COMMUNITY,PO Box 129,Madison,IN,47250,1969,3/12/1969 0:00:00,3,false,17026232,$17.03M,2000,5,1,6
19514,HEMA,8701 GEORGIA AVE STE 407,SILVER SPRING,MD,20910-3713,1969,1/1/1969 0:00:00,3,false,17005276,$17.01M,1837,2,0,2
7376,FLEUR-DE-LIS,"433 Metairie Rd, St. 114",Metairie,LA,70005,1951,1/1/1951 0:00:00,3,false,16976167,$16.98M,1543,6,1,7
10274,W B H EMPLOYEES,2501 Broadway St,Paducah,KY,42001-3124,1955,1/1/1955 0:00:00,3,false,16932914,$16.93M,2287,6,3,9
21508,ANMED,PO Box 2805,Anderson,SC,29622,1974,1/15/1974 0:00:00,3,false,16878123,$16.88M,2561,6,1,7
12898,FONTANA,17235 Arrow Blvd,Fontana,CA,92335,1959,1/1/1959 0:00:00,3,false,16876644,$16.88M,1418,3,0,3
67801,STATIONERY,1402 S 10th St,Saint Joseph,MO,64503,1952,3/13/1952 0:00:00,3,false,16871468,$16.87M,2005,4,1,5
13933,SAINT VINCENT ERIE,2314 Sassafras St Ste 100,Erie,PA,16502,1960,1/1/1960 0:00:00,3,false,16853055,$16.85M,1697,5,1,6
22337,MARTINSBURG V.A. CENTER,2971 CHARLES TOWN RD,KEARNEYSVILLE,WV,25430,1976,3/25/1976 0:00:00,3,false,16822796,$16.82M,1591,4,0,4
13103,PALACE CITY,720 West Havens Ave,Mitchell,SD,57301,1959,1/1/1959 0:00:00,3,false,16809532,$16.81M,1567,3,3,6
66185,HIGH DESERT COMMUNITY,PO Box 1059,Aztec,NM,87410,1956,3/20/1956 0:00:00,3,false,16802921,$16.80M,1952,4,1,5
8840,ONE SOUTH,148 N SHIELDS LN,NATCHEZ,MS,39120-4195,1953,1/1/1953 0:00:00,3,false,16800868,$16.80M,2860,8,0,8
60077,ECCO,4644 E Spencer Field Rd,Pace,FL,32571,1956,1/1/1956 0:00:00,3,false,16757895,$16.76M,953,3,0,3
20662,ENLIGHTEN,1306 HIGHWAY 70 BYP,JACKSON,TN,38301,1971,1/16/1971 0:00:00,3,false,16728467,$16.73M,1415,4,0,4
62471,MOBILE POSTAL,P. O. Box 160776,Mobile,AL,36616-2776,1949,1/1/1949 0:00:00,3,false,16694964,$16.69M,1611,5,1,6
67439,TXDOT,4174 Old Anson Rd,Abilene,TX,79601,1971,6/7/1971 0:00:00,3,false,16672650,$16.67M,1849,3,1,4
17253,ILA 1351,10920 Spencer Hwy,La Porte,TX,77571,1966,1/1/1966 0:00:00,3,false,16645718,$16.65M,1049,4,1,5
444,SCA,2656 ELLWOOD RD UNIT 1,NEW CASTLE,PA,16101,1935,1/1/1935 0:00:00,3,false,16635345,$16.64M,1667,4,0,4
20354,HILL DISTRICT,2021 Centre Ave,Pittsburgh,PA,15219-6301,1970,1/1/1970 0:00:00,3,true,16621040,$16.62M,3697,4,1,5
67976,APPLIANCE,P.O. BOX 1057,CLEVELAND,TN,37364,1972,11/8/1992 0:00:00,3,false,16564848,$16.56M,1995,4,0,4
63445,GREENSBORO,3701 W WENDOVER AVE,GREENSBORO,NC,27495-0001,1928,1/1/1928 0:00:00,3,false,16562848,$16.56M,1459,5,0,5
24373,LOCAL UNION 392,"1228 Central Parkway, Suite 302",Cincinnati,OH,45202,1982,3/16/1989 0:00:00,3,false,16526380,$16.53M,2733,3,0,3
67963,CORPUS CHRISTI POSTAL EMPLOYEES,PO Box 4545,Corpus Christi,TX,78469-4545,1931,4/17/1931 0:00:00,3,true,16505018,$16.51M,1880,3,4,7
9823,BEVERLY HILLS CITY EMPLOYEES,9298 W 3RD ST,BEVERLY HILLS,CA,90210,1954,1/1/1954 0:00:00,3,false,16496324,$16.50M,1546,4,0,4
8944,HOLY FAMILY PARMA,7367 York Road,Parma,OH,44130,1953,10/15/1953 0:00:00,3,false,16491770,$16.49M,1052,0,13,13
18948,MNCPPC,5211 Campus Drive Suite A,College Park,MD,20740,1968,1/1/1968 0:00:00,3,false,16483149,$16.48M,1687,4,0,4
24578,TOLEDO URBAN,1441 Dorr St,Toledo,OH,43607-3956,1996,6/18/1996 0:00:00,3,true,16469720,$16.47M,3858,11,2,13
64762,CATHOLIC FAMILY,9237 Ward Pkwy Ste 114,Kansas City,MO,64114-3331,1957,1/1/1957 0:00:00,3,false,16465099,$16.47M,2395,3,0,3
884,ATT-WYO CORRECTIONAL EMPLOYEES,221 E Main St,Attica,NY,14011,1935,1/1/1935 0:00:00,3,false,16449447,$16.45M,1627,4,0,4
67564,THE WRIGHT,PO Box 238,Toccoa,GA,30577,1963,11/18/1963 0:00:00,3,false,16407357,$16.41M,1800,6,3,9
96719,GORMAN-RUPP & ASSOCIATES,PO Box 1226,Mansfield,OH,44901,0,12/30/1899 0:00:00,3,false,16377118,$16.38M,1738,5,1,6
62620,INDEPENDENCE TEACHERS,201 N Forest Ave Ste 3,Independence,MO,64050-2697,1959,2/26/1959 0:00:00,3,false,16362995,$16.36M,1876,2,1,3
6008,SEAGOVILLE,2209 N Highway 175,Seagoville,TX,75159-2137,1949,1/1/1949 0:00:00,3,false,16350483,$16.35M,888,4,1,5
64856,PATRIOT,4343 TELEGRAPH,OAKVILLE,MO,63129,1958,1/1/1958 0:00:00,3,false,16344060,$16.34M,1572,2,2,4
567,AMBRAW,PO Box 119,Lawrenceville,IL,62439,1935,9/5/1935 0:00:00,3,false,16337812,$16.34M,2005,4,3,7
20114,TWO RIVERS,204 N 10th St,Arkadelphia,AR,71923-5029,1970,1/1/1970 0:00:00,3,false,16316733,$16.32M,1599,6,1,7
6949,NORTHWESTERN,234 N Main Street,Bryan,OH,43506-1318,1950,10/24/1950 0:00:00,3,false,16308040,$16.31M,1787,4,1,5
61136,OHIO TEAMSTERS,6100 ROCKSIDE WOODS BLVD N  STE 150,INDEPENDENCE,OH,44131,1940,1/1/1940 0:00:00,3,false,16293403,$16.29M,2586,3,0,3
5686,MARSHALL T & P EMPLOYEES,PO BOX 697,MARSHALL,TX,75671-0697,1948,1/1/1948 0:00:00,3,false,16188579,$16.19M,1412,3,0,3
62536,VIRGINIA UNITED METHODIST,P.O. Box 13680,North Chesterfi,VA,23225,1952,1/1/1952 0:00:00,3,false,16170868,$16.17M,2794,6,2,8
67695,ACADEMIC EMPLOYEES,2804 W Ash St,Columbia,MO,65203-4601,1936,10/13/1936 0:00:00,3,false,16170463,$16.17M,1408,4,0,4
66299,K C K FIREMEN & POLICE,1700 NEBRASKA AVE,KANSAS CITY,KS,66102-2717,1949,11/29/1984 0:00:00,3,false,16137088,$16.14M,1906,4,3,7
577,MEMBER PREFERRED,340 S Blue Mound Rd Ste 342,Fort Worth,TX,76131-1051,1935,1/1/1935 0:00:00,3,false,16111630,$16.11M,1401,6,0,6
95786,NORTH COAST CREDIT UNION,22735 LORAIN RD,FAIRVIEW PARK,OH,44126,1958,1/1/1958 0:00:00,3,false,16093679,$16.09M,2327,3,1,4
67757,YOUR BEST CREDIT UNION,"26 Century Blvd, Ste 3",Nashville,TN,37214-3683,1967,1/1/1967 0:00:00,3,false,16085768,$16.09M,1748,4,0,4
14333,TENNESSEE RIVER,P O BOX 91,COUNCE,TN,38326,1961,1/1/1961 0:00:00,3,false,16013849,$16.01M,1584,4,1,5
11409,LITHIUM,1111 BESSEMER CITY KINGS MTN HWY,BESSEMER CITY,NC,28016-9640,1956,1/1/1956 0:00:00,3,false,15947218,$15.95M,1579,5,0,5
61926,ALCOSE,3001 Jacks Run Rd Ste 101,White Oak,PA,15131-2555,1950,1/1/1950 0:00:00,3,false,15932234,$15.93M,2078,5,0,5
20622,MINERVA AREA,3570 Union Ave Se,Minerva,OH,44657,1971,6/2/1971 0:00:00,3,false,15907280,$15.91M,2420,10,0,10
12944,ST. BERNARD PARISH SCHOOL BOARD EMP,200 E SAINT BERNARD HWY,CHALMETTE,LA,70043,1959,1/1/1959 0:00:00,3,false,15902561,$15.90M,3104,2,1,3
67602,CEN TEX MANUFACTURING,P.O. Box 1452,Brownwood,TX,76804,1979,11/15/1979 0:00:00,3,false,15886710,$15.89M,1286,4,0,4
12152,CLIFTY CREEK EMPLOYEES,975 Industrial Dr Ste 4,Madison,IN,47250-3900,1958,1/2/1958 0:00:00,3,false,15873056,$15.87M,1329,3,1,4
24881,CM MEMBERS,P O Box 1444,Columbus,MS,39703,1961,4/21/1986 0:00:00,3,false,15870669,$15.87M,1857,4,0,4
63213,OTTAWA HIWAY,700 E NORRIS DR,OTTAWA,IL,61350,1963,5/1/1963 0:00:00,3,false,15858433,$15.86M,1236,3,2,5
7118,DUNLOP EMPLOYEES,PO Box 1109,Buffalo,NY,14240,1951,1/1/1951 0:00:00,3,false,15817605,$15.82M,1557,3,0,3
95073,MID-CITIES,325 S Santa Fe Ave,Compton,CA,90221,1955,12/31/1984 0:00:00,3,true,15807569,$15.81M,2630,6,0,6
9105,SOUTHERNMOST,1004 Kennedy Drive,Key West,FL,33040-4019,1954,1/1/1954 0:00:00,3,false,15790493,$15.79M,1236,4,1,5
11391,KINZUA,1770 Market St,Warren,PA,16365-2355,1956,1/1/1956 0:00:00,3,false,15741878,$15.74M,1776,4,1,5
2782,LONG ISLAND ALLIANCE,250 VETERANS MEMORIAL HIGHWAY,HAUPPAUGE,NY,11788,1938,1/1/1938 0:00:00,3,false,15733987,$15.73M,2026,2,3,5
12292,BARTON PLANT EMPLOYEES,P.O. Box 433,BOUTTE,LA,70039,1958,1/1/1958 0:00:00,3,false,15687361,$15.69M,1510,4,0,4
64755,DIVISION #6 HIGHWAY,14392 S Outer 40 Rd,Chesterfield,MO,63017,1953,1/1/1953 0:00:00,3,false,15684156,$15.68M,1733,3,0,3
68171,GATEWAY,100 OTIS SMITH DR,CLARKSVILLE,TN,37043-8939,1959,3/23/1959 0:00:00,3,false,15677219,$15.68M,2194,6,1,7
23292,GALLUP,1001 GALLUP DR,OMAHA,NE,68102,1979,1/19/1979 0:00:00,3,false,15662150,$15.66M,1577,5,0,5
7383,FAMILY 1ST,917 Moravia St,New Castle,PA,16101-3916,1951,1/1/1951 0:00:00,3,false,15614104,$15.61M,1686,3,1,4
61339,MOBILE GOVERNMENT EMP.,P. O. Box 2288,Mobile,AL,36652-2288,1928,1/1/1928 0:00:00,3,false,15524006,$15.52M,645,3,1,4
24841,CAPE,323 E Pike St,Clarksburg,WV,26301-2118,1947,12/16/1993 0:00:00,3,false,15502319,$15.50M,1192,2,1,3
23540,TULANE/LOYOLA,1440 Canal St Ste 101,New Orleans,LA,70112-2795,1979,11/20/1979 0:00:00,3,true,15467515,$15.47M,3207,6,2,8
8313,COMMONROOTS,PO BOX 2088,CRANBERRY TOWNS,PA,16066,1953,1/1/1953 0:00:00,3,false,15441626,$15.44M,1755,3,3,6
15591,SCRANTON DOWNTOWN,129 Penn Ave,Scranton,PA,18503-2015,1963,1/1/1963 0:00:00,3,false,15424035,$15.42M,1455,4,1,5
62855,DIVISION 819 TRANSIT EMPLOYEES,186 BROOKSIDE AVE,IRVINGTON,NJ,07111,1945,1/1/1945 0:00:00,3,true,15389818,$15.39M,1599,3,0,3
24773,VAREX,1678 PIONEER RD,SALT LAKE CITY,UT,84104-4205,1967,1/1/1967 0:00:00,3,false,15386956,$15.39M,1159,3,0,3
62895,BURLINGTON NORTHTOWN COMMUNITY,1002 Swift St,North Kansas Ci,MO,64116,1928,3/14/1928 0:00:00,3,false,15364845,$15.36M,1263,3,1,4
23780,NORTHEAST COMMUNITY,127 WAVERLY PL,San Francisco,CA,94108-1610,1981,4/22/1981 0:00:00,3,true,15331085,$15.33M,998,7,0,7
67341,JEFFERSON COUNTY TEACHERS,1500 W Washington St,Monticello,FL,32344-1134,1964,6/12/1964 0:00:00,3,false,15315920,$15.32M,1283,3,0,3
62482,BROWN-FORMAN EMPLOYEES,850 DIXIE HWY,LOUISVILLE,KY,40210-1038,1936,1/1/1936 0:00:00,3,false,15310002,$15.31M,1357,3,0,3
61261,"COMMUNITY CU OF NEW MILFORD, INC.",P.O. BOX 208,NEW MILFORD,CT,06776,1959,1/1/1959 0:00:00,3,false,15283050,$15.28M,1896,4,0,4
67486,REED,10200 EAST FWY #125,HOUSTON,TX,77029-1994,1935,3/18/1935 0:00:00,3,false,15282149,$15.28M,1001,3,0,3
66625,WISCONSIN MEDICAL,1677 S Webster Ave,Green Bay,WI,54301,1965,5/7/1965 0:00:00,3,false,15267180,$15.27M,1251,4,2,6
19538,AMPOT,PO BOX 352,HAMILTON,MS,39746,1969,1/1/1969 0:00:00,3,false,15265302,$15.27M,2128,3,0,3
14016,INLAND,8811 Grossmont Blvd,La Mesa,CA,91942,1960,1/1/1960 0:00:00,3,false,15252001,$15.25M,1272,4,0,4
18254,HARRISON COUNTY,315 Buckhannon Pike,Nutter Fort,WV,26301,1967,7/31/1967 0:00:00,3,false,15234194,$15.23M,1599,3,0,3
14260,MINUTEMAN,301 E North St,RAPID CITY,SD,57701-1458,1961,1/1/1961 0:00:00,3,false,15220584,$15.22M,1177,4,1,5
16571,L.A. HEALTHCARE,PO BOX 17159,LOS ANGELES,CA,90017,1964,1/1/1964 0:00:00,3,true,15212461,$15.21M,1930,4,0,4
63627,WINSLOW SANTA FE,1021 N. Williamson Ave,Winslow,AZ,86047-3738,1955,1/1/1955 0:00:00,3,true,15188133,$15.19M,1790,2,4,6
66933,AUGUSTA HEALTH CARE CREDIT UNION,PO BOX 1000,FISHERSVILLE,VA,22939,1964,4/13/1964 0:00:00,3,false,15133659,$15.13M,1419,2,2,4
17885,TRANSIT WORKERS,919 E CAYUGA ST,PHILADELPHIA,PA,19124,1967,1/1/1967 0:00:00,3,true,15120548,$15.12M,3256,7,0,7
4894,FEDERAL EMPLOYEES NEWARK,970 BROAD STREET,NEWARK,NJ,07102-2534,1942,1/1/1942 0:00:00,3,false,15029108,$15.03M,2354,5,1,6
21845,BLACKHAWK,2358 Darlington RD,Beaver Falls,PA,15010,1974,12/12/1974 0:00:00,3,false,14979209,$14.98M,1163,4,1,5
9843,FRIONA TEXAS,"801 Austin Ave, P.O. Box 848",Friona,TX,79035,1954,1/1/1954 0:00:00,3,false,14969125,$14.97M,1653,6,0,6
66066,THE WAY,19100 E. Shelby Rd,New Knoxville,OH,45871,1982,4/21/1982 0:00:00,3,false,14921101,$14.92M,751,3,0,3
8037,FORT PECK COMMUNITY,P.O. Box 214,Fort Peck,MT,59223,1952,1/1/1952 0:00:00,3,false,14844014,$14.84M,1193,5,0,5
65384,TCP,P O BOX 881,RURAL HALL,NC,27045-9570,1980,1/1/1980 0:00:00,3,false,14812315,$14.81M,2153,5,1,6
8654,TIPPECANOE,PO BOX 4975,LAFAYETTE,IN,47903,1953,5/18/1953 0:00:00,3,false,14808081,$14.81M,1298,3,0,3
7662,GARDEN CITY TEACHERS,PO BOX 705,GARDEN CITY,KS,67846,1952,1/1/1952 0:00:00,3,false,14806111,$14.81M,2035,7,0,7
16989,SOUTH CHARLESTON EMPLOYEES,515 3rd Ave Ste 200,South Charlesto,WV,25303,1965,9/15/1965 0:00:00,3,false,14805364,$14.81M,1216,4,0,4
15433,MEMPHIS MUNICIPAL EMPLOYEES,577 Dr Ml King Jr Ave,Memphis,TN,38126-1942,1963,1/1/1963 0:00:00,3,true,14641198,$14.64M,3195,5,4,9
61540,VERMILION EMPLOYEES,PO BOX 848,ABBEVILLE,LA,70511-0848,1973,3/5/1973 0:00:00,3,false,14504383,$14.50M,2414,3,0,3
12472,LAREDO FIRE DEPARTMENT,P.O. Box 2702,Laredo,TX,78044-2702,1958,7/11/1958 0:00:00,3,true,14497037,$14.50M,1931,5,7,12
63386,SCOTT ASSOCIATES,"14111 Scottslawn Rd, Gilcrest Barn",Marysville,OH,43040,1967,10/17/1967 0:00:00,3,false,14496147,$14.50M,1979,4,1,5
20013,BROCKPORT,400 West Ave,Brockport,NY,14420-1122,1970,1/1/1970 0:00:00,3,false,14480202,$14.48M,1201,4,0,4
16754,FOUR CORNERS,16 Road 6500,Kirtland,NM,87417,1965,1/1/1965 0:00:00,3,true,14480198,$14.48M,4961,11,2,13
12922,CHARLESTON,300 VIRGINIA ST E RM 4203,CHARLESTON,WV,25301-2513,1959,4/3/1959 0:00:00,3,false,14474545,$14.47M,1240,2,0,2
22032,ENTERTAINMENT INDUSTRIES,16 W GRAND ST,ELIZABETH,NJ,07201-2312,1975,5/23/1975 0:00:00,3,false,14390822,$14.39M,1602,4,2,6
5713,NATIONAL EMPLOYEES,P.O. Box 1755,BLUEFIELD,WV,24701,1948,5/3/1948 0:00:00,3,false,14361080,$14.36M,3001,5,0,5
11347,WILMINGTON POLICE & FIRE,"1701 Shallcross Ave, Suite B",Wilmington,DE,19806,1956,10/18/1956 0:00:00,3,false,14334435,$14.33M,3933,3,0,3
66999,LAKEWOOD,PO Box 224,Rib Lake,WI,54470,1961,5/19/1961 0:00:00,3,false,14332004,$14.33M,1122,5,0,5
68010,ALPINE COMMUNITY,111 N 2nd St,Alpine,TX,79830,1954,4/26/1954 0:00:00,3,true,14322179,$14.32M,1980,4,0,4
20610,WALKER COUNTY EDUCATORS,"P. O. Box 725, 925 Osburn Rd",Chickamauga,GA,30707,1971,1/1/1971 0:00:00,3,false,14264060,$14.26M,1404,3,1,4
24530,PRESIDENTS,4135 STATE ROUTE 128,CLEVES,OH,45002-9755,1994,11/15/1994 0:00:00,3,false,14259918,$14.26M,1170,4,2,6
17218,INTEGRIS,2525 NW EXPRESSWAY STE 108,OKLAHOMA CITY,OK,73112,1966,1/1/1966 0:00:00,3,false,14256247,$14.26M,1679,7,0,7
23900,N. MISSISSIPPI HEALTH SERVICES EMP.,830 South Gloster Street,Tupelo,MS,38801,1982,6/8/1982 0:00:00,3,false,14251705,$14.25M,2557,3,1,4
64034,GREATER KINSTON,901 N. QUEEN STREET,KINSTON,NC,28501,1952,1/1/1952 0:00:00,3,true,14232294,$14.23M,3996,5,0,5
287,USNE PENITENTIARY EMPLOYEES,30 E COURT,LEWISBURG,PA,17837,1935,1/1/1935 0:00:00,3,false,14231259,$14.23M,1261,1,2,3
3544,CONNECTICUT LABOR DEPT,200 Folly Brook Blvd,Wethersfield,CT,06109,1939,1/1/1939 0:00:00,3,false,14212955,$14.21M,1166,2,1,3
24944,CCE,PO Box 2772,Fargo,ND,58108-2772,1958,1/1/1958 0:00:00,3,false,14170093,$14.17M,1314,3,0,3
10301,ROMNEY,62 WEST MAIN STREET,ROMNEY,WV,26757-1638,1955,5/12/1955 0:00:00,3,false,14115893,$14.12M,1587,6,0,6
24257,RIVER TOWN,PO BOX 305,FORT SMITH,AR,72902,1958,7/17/1986 0:00:00,3,false,14103832,$14.10M,2392,5,3,8
13102,ONEIDA COUNTY,800 PARK AVE,UTICA,NY,13501,1959,1/1/1959 0:00:00,3,false,14059056,$14.06M,1511,3,0,3
8943,MINOT AREA SCHOOLS,215 2ND ST SE,MINOT,ND,58701,1953,1/1/1953 0:00:00,3,false,14035067,$14.04M,1177,2,1,3
2711,PROFINANCE,334 W 84th Dr,Merrillville,IN,46410,1938,4/14/1938 0:00:00,3,true,14026651,$14.03M,1409,4,0,4
17831,SELF MEMORIAL HOSPITAL,315 EPTING AVE,GREENWOOD,SC,29646-4039,1966,1/1/1966 0:00:00,3,false,14023230,$14.02M,1897,4,1,5
8903,NEW CASTLE BELLCO,1011 WILMINGTON AVE,NEW CASTLE,PA,16101,1953,1/1/1953 0:00:00,3,false,14003527,$14.00M,975,2,0,2
96706,FAITH COMMUNITY UNITED,3550 E 93RD STREET,CLEVELAND,OH,44105-1644,0,5/31/1952 0:00:00,3,true,14003524,$14.00M,4784,3,7,10
65211,WILLIAMSPORT TEACHERS,302 MATTHEWS BLVD,SOUTH WILLIAMSP,PA,17702-7266,1934,1/1/1934 0:00:00,3,false,13992738,$13.99M,1087,3,1,4
10704,P C,"203 N MAIN ST, P O BOX 39",PORT ALLEGANY,PA,16743-1105,1955,1/1/1955 0:00:00,3,false,13989674,$13.99M,1433,5,0,5
67425,CENTRAL TEXAS TEACHERS,PO Box 486,Corsicana,TX,75151,1956,2/6/1956 0:00:00,3,false,13968648,$13.97M,1519,4,1,5
14965,NORTHEAST NEBRASKA,1306 N 13th St,Norfolk,NE,68701-2591,1962,1/1/1962 0:00:00,3,false,13963074,$13.96M,1751,4,1,5
21782,I.B.E.W. - LOCAL NO. 5,"5 Hot Metal Street, Suite 201",Pittsburgh,PA,15203,1974,9/17/1974 0:00:00,3,false,13927524,$13.93M,1541,2,0,2
15067,TRANSFIGURATION PARISH,429 BROADWAY,BROOKLYN,NY,11211,1962,1/1/1962 0:00:00,3,true,13905142,$13.91M,2184,5,0,5
21107,PUTNAM SCHOOL EMPLOYEES,PO BOX 424,ELEANOR,WV,25070,1972,11/9/1972 0:00:00,3,false,13893216,$13.89M,1908,2,1,3
60392,READING BERKS SCHOOL EMPLOYEES,4641 Pottsville Pike,Reading,PA,19605,1947,1/1/1947 0:00:00,3,false,13815724,$13.82M,1270,0,6,6
12648,BLUEGRASS COMMUNITY,PO BOX 81,Ashland,KY,41105,1958,1/1/1958 0:00:00,3,false,13779131,$13.78M,1851,4,0,4
61824,TEAMSTERS,9422 Ulysses St NE Suite 140,Blaine,MN,55434,1974,1/1/1974 0:00:00,3,false,13771801,$13.77M,1823,4,0,4
1236,CAMBRIDGE FIREFIGHTERS,113 Garden St,Cambridge,MA,02138-6700,1936,1/1/1936 0:00:00,3,false,13747970,$13.75M,862,0,3,3
13115,FASSON EMPLOYEES,250 CHESTER ST  # 1-E,PAINESVILLE,OH,44077-4118,1959,7/13/1959 0:00:00,3,false,13747870,$13.75M,1311,3,0,3
24885,SOUTHERN COASTAL,PO BOX 503,BILOXI,MS,39533,1973,1/1/1973 0:00:00,3,false,13688077,$13.69M,1599,6,0,6
61233,WES,38024 2ND ST,WILLOUGHBY,OH,44094-6105,1954,1/1/1954 0:00:00,3,false,13678340,$13.68M,1545,3,1,4
10269,CHEROKEE COUNTY TEACHERS,P O DRAWER A,RUSK,TX,75785,1955,1/1/1955 0:00:00,3,false,13678315,$13.68M,1767,4,0,4
20773,LOCAL 1233,PO BOX 4049,Newark,NJ,07112,1971,11/9/1971 0:00:00,3,true,13672167,$13.67M,905,2,1,3
6689,LATROBE,1812 LIGONIER STREET,LATROBE,PA,15650,1950,1/1/1950 0:00:00,3,false,13655109,$13.66M,1652,3,4,7
6150,DOW BUCKS COUNTY,"310 George Patterson Dr, Suite 100B",Bristol,PA,19007,1949,1/1/1949 0:00:00,3,false,13625791,$13.63M,989,1,2,3
14656,LOCAL 24 EMPLOYEES,5001 Red Bluff Rd,Pasadena,TX,77503,1961,1/1/1961 0:00:00,3,false,13587300,$13.59M,1155,4,0,4
3447,ACME,"34799 CURTIS BLVD, SUITE B",EASTLAKE,OH,44095,1939,9/22/1939 0:00:00,3,false,13536365,$13.54M,1555,3,1,4
19249,ACADIANA MEDICAL,702 Saint Landry Street,Lafayette,LA,70506,1969,1/1/1969 0:00:00,3,false,13504340,$13.50M,1445,4,2,6
288,FARGO VA,2101 N ELM,FARGO,ND,58102,1935,1/1/1935 0:00:00,3,false,13494178,$13.49M,1487,3,0,3
60863,PEORIA POSTAL EMPLOYEES,P. O. Box 1215,Peoria,IL,61654-1215,1928,1/1/1928 0:00:00,3,false,13471978,$13.47M,1183,2,0,2
68127,GREENEVILLE CITY EMPLOYEES',310 S Main St Ste 3,Greeneville,TN,37743-6176,1965,12/28/1993 0:00:00,3,false,13427405,$13.43M,1564,3,0,3
11056,NORTHEAST ALABAMA POSTAL,P O Box 1927,anniston,AL,36202,1956,1/1/1956 0:00:00,3,false,13393002,$13.39M,1247,2,0,2
12365,REFUGIO COUNTY,514 Swift St,Refugio,TX,78377-1809,1958,1/1/1958 0:00:00,3,false,13358156,$13.36M,1138,3,0,3
8118,PATH,1 Path Plz,Jersey City,NJ,07306,1952,1/1/1952 0:00:00,3,false,13324669,$13.32M,1399,3,1,4
67937,DIXIE LINE,567 VERITAS ST,NASHVILLE,TN,37211,1932,9/30/1992 0:00:00,3,false,13322087,$13.32M,834,4,0,4
97066,ST JOE VALLEY,P O BOX 216,ST MARIES,ID,83861,1959,11/10/1959 0:00:00,3,false,13315358,$13.32M,1170,3,3,6
65155,UNITED ASSOCIATION,935 Detroit Ave,CONCORD,CA,94518,1957,1/1/1957 0:00:00,3,false,13279546,$13.28M,2138,2,0,2
1987,EWA,PO Box 60459,Ewa Beach,HI,96706-7459,1937,1/1/1937 0:00:00,3,true,13278392,$13.28M,1569,3,0,3
11164,COASTAL BEND P O,PO Box 1584,Victoria,TX,77902,1956,1/1/1956 0:00:00,3,false,13239608,$13.24M,942,3,1,4
7534,HIALEAH MUNICIPAL EMPLOYEES,P.O. Box 112823,Hialeah,FL,33011,1951,1/1/1951 0:00:00,3,true,13225248,$13.23M,1641,4,1,5
63630,ATCHISON VILLAGE,270A CURRY ST,RICHMOND,CA,94801,1959,1/1/1959 0:00:00,3,true,13208497,$13.21M,1824,6,0,6
16327,MISSISSIPPI HIGHWAY SAFTY PAT,P.O. Box 958,Jackson,MS,39205,1964,1/1/1964 0:00:00,3,false,13197039,$13.20M,1389,2,0,2
10882,LOCAL UNION 1186 IBEW,1935 HAU ST STE 300,HONOLULU,HI,96819-5003,1956,1/1/1956 0:00:00,3,true,13182492,$13.18M,1041,1,0,1
1646,CLAIRTON WORKS,600 State St Unit 3,Clairton,PA,15025,1936,1/1/1936 0:00:00,3,false,13177291,$13.18M,1293,3,0,3
8074,RAPIDES GENERAL HOSPITAL EMPL,"211 FOURTH ST, 1ST FLOOR MEDICAL TE",ALEXANDRIA,LA,71301-8421,1952,1/1/1952 0:00:00,3,false,13159597,$13.16M,1150,4,0,4
60302,BLAW-KNOX,215 S 17th St,Mattoon,IL,61938,1957,1/1/1957 0:00:00,3,false,13128471,$13.13M,1832,3,1,4
3029,VIRGINIA STATE UNIVERSITY,3401 Boisseau St,South Chesterfi,VA,23803-2021,1939,1/1/1939 0:00:00,3,true,13117573,$13.12M,1906,5,0,5
10763,ELECTRICAL WORKERS NO 22,8960 L ST STE 102,OMAHA,NE,68127-1414,1956,1/1/1956 0:00:00,3,false,13097150,$13.10M,2093,3,0,3
11972,YOUR CHOICE,109 KEYSTONE ST,ALTOONA,PA,16602,1957,1/1/1957 0:00:00,3,false,13086568,$13.09M,1437,2,3,5
6237,ALASKA DIST ENGINEERS,P.O. Box 6289,JBER,AK,99506,1949,1/1/1949 0:00:00,3,false,13033890,$13.03M,473,3,0,3
8141,MUSKEGON ST JOSEPH,1903 BARCLAY ST,MUSKEGON,MI,49441,1952,10/20/1952 0:00:00,3,false,13022330,$13.02M,1346,3,1,4
62998,SPOJNIA,1006 Pittston Ave,Scranton,PA,18505,1974,1/1/1974 0:00:00,3,false,12994922,$12.99M,714,2,2,4
4799,PINE BELT,PO Box 1441,Hattiesburg,MS,39403,1942,1/1/1942 0:00:00,3,false,12957706,$12.96M,1579,6,0,6
6196,DERRY AREA,P.O. BOX 128,DERRY,PA,15627,1949,1/1/1949 0:00:00,3,false,12920448,$12.92M,1857,3,2,5
23376,DOE RUN,PO Box 400,BRANDENBURG,KY,40108,1979,5/17/1979 0:00:00,3,false,12878397,$12.88M,1524,5,1,6
66530,SERVICE,2850 S Ashland Ave,Green Bay,WI,54304-5304,1934,2/21/1934 0:00:00,3,false,12845935,$12.85M,997,2,1,3
67440,ANGELINA COUNTY TEACHERS,P.O.BOX 523,LUFKIN,TX,75902,1954,5/13/1954 0:00:00,3,false,12818703,$12.82M,1831,3,0,3
14026,FEDMONT,330 Eastdale Cir,Montgomery,AL,36117,1960,1/1/1960 0:00:00,3,true,12771645,$12.77M,1228,4,1,5
12290,VALDOSTA TEACHERS,102  E. Force Street,Valdosta,GA,31601-3904,1958,1/1/1958 0:00:00,3,true,12766217,$12.77M,2335,6,0,6
1248,FORT SMITH TEACHERS,P. O. BOX 3606,FORT SMITH,AR,72913-3606,1936,1/1/1936 0:00:00,3,false,12757095,$12.76M,1450,3,0,3
5970,METROPOLITAN CHURCH,P.O. BOX 1738,SUFFOLK,VA,23439-1738,1949,1/1/1949 0:00:00,3,true,12755026,$12.76M,1925,5,2,7
20891,KRAFTCOR,2960 Squirrel Tail Hollow Rd,Hawesville,KY,42348,1972,1/1/1972 0:00:00,3,false,12751953,$12.75M,1249,6,0,6
64518,MOWER COUNTY EMPLOYEES,900 18th Ave NW,Austin,MN,55912,1961,1/1/1961 0:00:00,3,false,12739553,$12.74M,790,3,1,4
14634,I B E W 175,3922 VOLUNTEER DR STE11,CHATTANOOGA,TN,37416-3901,1961,1/1/1961 0:00:00,3,false,12697599,$12.70M,1636,3,1,4
23979,GEORGETOWN UNIVERSITY ALUMNI AND ST,STE1328,Washington,DC,20057-0001,1983,2/9/1983 0:00:00,3,false,12683820,$12.68M,4174,0,0,0
1,MORRIS SHEPPARD TEXARKANA,419 W 4TH ST,TEXARKANA,TX,75501,1934,1/1/1934 0:00:00,3,false,12676797,$12.68M,1258,3,0,3
22362,MERCY,11705 Mercy Blvd,Savannah,GA,31419,1976,4/12/1976 0:00:00,3,false,12667404,$12.67M,2231,4,0,4
8993,PUBLIC SERVICE PLAZA,80 Park Plaza,Newark,NJ,07102,1953,1/1/1953 0:00:00,3,false,12658806,$12.66M,958,1,3,4
3683,CONNECTICUT POSTAL,135 Chestnut St,New Britain,CT,06050,1940,1/1/1940 0:00:00,3,false,12583349,$12.58M,1358,1,1,2
65090,"CENTRAL VERMONT MEDICAL CENTER,INC.","130 FISHER RD-BERLIN, PO BOX 547",BARRE,VT,05641,1970,1/1/1970 0:00:00,3,false,12566156,$12.57M,1604,3,0,3
14449,WAYNE COUNTY,3010 W Main St,Richmond,IN,47374-4583,1961,6/22/1961 0:00:00,3,false,12563437,$12.56M,1083,4,0,4
66461,PUBLIC SERVICE,PO Box 1854,Wausau,WI,54402-1854,1935,4/1/1935 0:00:00,3,false,12521181,$12.52M,1007,3,0,3
12673,UNITED HOSPITAL CENTER,"327 Medical Park Dr, Room 301",Bridgeport,WV,26330-9006,1958,11/14/1958 0:00:00,3,false,12492666,$12.49M,1537,3,0,3
64991,QUAKER OATS,3535 CENTER POINT RD NE,CEDAR RAPIDS,IA,52402,1952,1/1/1952 0:00:00,3,false,12489900,$12.49M,1314,3,1,4
3685,INTERNAL REVENUE EMPLOYEES,4905 KOGER BLVD,GREENSBORO,NC,27407,1940,1/1/1940 0:00:00,3,false,12473009,$12.47M,727,3,0,3
21556,PENNSYLVANIA-AMERICAN WATER,6050 Library Rd,Bethel Park,PA,15102-4026,1973,2/25/1974 0:00:00,3,false,12437087,$12.44M,1367,4,1,5
15618,AFGM ENTERPRISES,132 Cayuga Rd,Cheektowaga,NY,14225,1963,1/1/1963 0:00:00,3,false,12429234,$12.43M,1203,3,1,4
5531,MCALESTER AAP,"1 C TREE ROAD, BLDG 3",MCALESTER,OK,74501,1947,1/1/1947 0:00:00,3,false,12424536,$12.42M,1361,4,0,4
22652,CAPITAL AREA TAIWANESE,1644 Piccard Dr,Rockville,MD,20850,1977,3/3/1977 0:00:00,3,true,12406001,$12.41M,512,0,1,1
67793,KNOX CO. EMPLOYEES,400 W MAIN ST RM 355,KNOXVILLE,TN,37902,1974,12/24/1991 0:00:00,3,false,12375746,$12.38M,1366,3,2,5
13469,PENNTECH EMPLOYEES,409C Center St.,Johnsonburg,PA,15845,1960,1/1/1960 0:00:00,3,false,12339685,$12.34M,1308,4,0,4
5272,NORTHERN LIGHTS COMMUNITY,P.O. Box 126,Chatham,MI,49816,1945,2/5/1946 0:00:00,3,false,12334170,$12.33M,1310,3,4,7
10141,DERTOWN SCHOOL,5012 State Route 982 APT 3,Latrobe,PA,15650-3404,1955,1/1/1955 0:00:00,3,false,12326480,$12.33M,705,2,0,2
65424,SPRINGFIELD CITY EMPLOYEES,300 S 7th St ste b4,Springfield,IL,62701-1308,1958,1/1/1958 0:00:00,3,false,12317329,$12.32M,1262,3,0,3
22962,TOMPKINS EMPLOYEES,202 Taughannock Ste. 1B,Ithaca,NY,14850-3345,1978,1/26/1978 0:00:00,3,false,12303371,$12.30M,915,4,0,4
60545,FINANCIAL PARTNERS,940 North MacArthur Blvd,Springfield,IL,62702-2308,1926,1/1/1926 0:00:00,3,false,12286143,$12.29M,1183,4,0,4
21904,EMPLOYEES UNITED,2285 NW 19th,Paris,TX,75460,1975,2/6/1975 0:00:00,3,false,12254499,$12.25M,1178,4,0,4
12175,P S E,472 Weston Canal Rd,Somerset,NJ,08873,1958,1/1/1958 0:00:00,3,false,12246974,$12.25M,1305,0,3,3
60212,MATERNITY B.V.M.,P.O. Box 56,Bourbonnais,IL,60914,1957,1/1/1957 0:00:00,3,false,12239138,$12.24M,1103,3,0,3
5325,SWEMP,601 OLIVE ST,TEXARKANA,TX,75501,1946,1/1/1946 0:00:00,3,false,12211624,$12.21M,999,2,2,4
23276,MARBLEHEAD MUNICIPAL,7 Widger Rd,Marblehead,MA,01945,1978,12/21/1978 0:00:00,3,false,12198250,$12.20M,1239,2,2,4
17550,YTR COMMUNITY,134 3rd St,Tiltonsville,OH,43963,1966,7/7/1966 0:00:00,3,false,12170651,$12.17M,1043,3,0,3
24911,NORTHAMPTON AREA SCHOOL DIST. EMPS,2014 Laubach Ave,Northampton,PA,18067-1351,1939,1/1/1939 0:00:00,3,false,12164199,$12.16M,824,0,1,1
24859,FIRST UNITY,200 N Broadway St,McComb,MS,39648,2014,6/24/2014 0:00:00,3,true,12125456,$12.13M,3983,4,3,7
12912,CIRCUIT,3234 Union Road,CHEEKTOWAGA,NY,14227,1959,1/1/1959 0:00:00,3,false,12117384,$12.12M,1048,5,1,6
9246,PASADENA MUNICIPAL,p.o. box 1274,Pasadena,TX,77501-1274,1954,1/1/1954 0:00:00,3,false,12109317,$12.11M,1183,0,4,4
16271,BAKER HUGHES,PO Box 2188,Houston,TX,77252,1964,1/1/1964 0:00:00,3,true,12093985,$12.09M,1503,3,0,3
68420,DIRECTORS CHOICE,1 SOUTH FAMILY DRIVE,ALBANY,NY,12205,1999,11/23/1999 0:00:00,3,false,12090878,$12.09M,751,2,1,3
900,AMBRIDGE AREA,401 State Street,Baden,PA,15005,1935,1/1/1935 0:00:00,3,false,12042782,$12.04M,974,1,2,3
24892,VICKSBURG RAILROAD,P O Box 802,Vicksburg,MS,39181-0802,1934,1/1/1934 0:00:00,3,false,12037357,$12.04M,1004,4,1,5
13823,BRADFORD AREA,"52 DAVIS ST, STE 1",BRADFORD,PA,16701-2016,1960,1/1/1960 0:00:00,3,false,12018585,$12.02M,1396,3,0,3
24274,GREECE COMMUNITY,1795 ENGLISH RD,ROCHESTER,NY,14616,1975,9/23/1986 0:00:00,3,false,11904182,$11.90M,1367,3,1,4
64999,METROPOLITAN SERVICES,475 ETNA ST STE 27,SAINT PAUL,MN,55106-5849,1939,1/1/1939 0:00:00,3,false,11883424,$11.88M,905,3,0,3
12956,PEOPLES TRANSPORT,136 W. KINGS HWY,MOUNT EPHRAIM,NJ,08059,1959,1/1/1959 0:00:00,3,true,11856944,$11.86M,1453,2,2,4
10047,WABELLCO,1277 Park Ave,Washington,PA,15301,1955,1/1/1955 0:00:00,3,false,11809978,$11.81M,1131,3,0,3
68557,CROSSROADS,PO BOX 67,GOESSEL,KS,67053-8800,1950,1/1/1950 0:00:00,3,false,11798120,$11.80M,1062,2,1,3
2791,TUSKEGEE,304 W MONTGOMERY RD.,TUSKEGEE,AL,36083-1520,1938,1/1/1938 0:00:00,3,true,11791302,$11.79M,2129,3,1,4
24189,CENTRAL NEBRASKA,609 S. LOCUST,GRAND ISLAND,NE,68801,1949,4/26/1985 0:00:00,3,false,11763299,$11.76M,1122,3,0,3
8474,WILLOW ISLAND,7910 S Pleasants Highway,Saint Marys,WV,26170,1953,1/1/1953 0:00:00,3,false,11747580,$11.75M,1749,4,1,5
16364,PROVIDENT,401 S NEW STREET,DOVER,DE,19904,1964,7/22/1964 0:00:00,3,false,11746040,$11.75M,1645,4,2,6
23156,GENERATIONS,706 BOYD BLVD,LA PORTE,IN,46350,1978,8/4/1978 0:00:00,3,false,11742630,$11.74M,1498,3,3,6
6772,SORG BAY WEST,400 N BROAD ST,MIDDLETOWN,OH,45042-1909,1950,6/9/1950 0:00:00,3,false,11735107,$11.74M,806,4,0,4
21190,ASA,1 REGENCY DR,BLOOMFIELD,CT,06002-2310,1973,3/5/1973 0:00:00,3,false,11717705,$11.72M,1082,2,2,4
13873,BROWNFIELD,201 W Hill St,Brownfield,TX,79316,1960,1/1/1960 0:00:00,3,false,11699676,$11.70M,2750,4,1,5
9590,ESPEECO,2801 H St,Bakersfield,CA,93301-1913,1954,6/22/1954 0:00:00,3,false,11693050,$11.69M,1087,3,0,3
514,BEN E KEITH COMPANY EMPLOYEES,PO Box 2628,Fort Worth,TX,76113,1935,1/1/1935 0:00:00,3,false,11692043,$11.69M,1610,3,1,4
7715,EM,50 W IRON AVE,MESA,AZ,85210-6103,1952,1/1/1952 0:00:00,3,false,11684602,$11.68M,2129,4,1,5
10551,SCURRY COUNTY SCHOOL,1903 40TH ST,SNYDER,TX,79549,1955,1/1/1955 0:00:00,3,false,11627899,$11.63M,1144,2,0,2
14226,3RD DISTRICT HIGHWAY,228-A Rue des Voyages,Lafayette,LA,70508-2541,1961,1/1/1961 0:00:00,3,false,11604345,$11.60M,1221,4,0,4
6700,JERSEY CITY FIREMEN,666 Summit Ave,Jersey City,NJ,07306-2509,1950,1/1/1950 0:00:00,3,false,11575016,$11.58M,1434,2,1,3
98,NIAGARA FALLS TEACHERS,6040 Lindbergh Ave,Niagara Falls,NY,14304-3150,1935,1/1/1935 0:00:00,3,false,11560584,$11.56M,1235,2,2,4
67971,TENNESSEE DEPARTMENT OF SAFETY,1150 Foster Ave,Nashville,TN,37243-4400,1971,11/30/1992 0:00:00,3,false,11548004,$11.55M,1663,2,0,2
7027,INTERNATIONALITES,901 N CANAL ST,CARLSBAD,NM,88220-5109,1950,1/1/1950 0:00:00,3,false,11545540,$11.55M,1197,3,0,3
63217,1ST KANSAS,400 S Kansas Ave Ste B,Topeka,KS,66603-3438,1929,7/11/1929 0:00:00,3,false,11540204,$11.54M,1132,2,1,3
64939,K.C. AREA,PO BOX 15566,KANSAS CITY,MO,64106,1946,1/1/1946 0:00:00,3,false,11537873,$11.54M,1989,4,0,4
20857,METRO REALTORS,P.O. Box 1629,West Babylon,NY,11704,1972,1/1/1972 0:00:00,3,false,11533939,$11.53M,1710,5,0,5
2682,SOUTH SHOP,3737 W 127TH ST,ALSIP,IL,60803,1938,3/31/1938 0:00:00,3,false,11517016,$11.52M,1304,2,3,5
4158,ERIE LACKAWANNA RAILROAD CO EMP,"89 Washington Street, 3rd Floor",Hoboken,NJ,07030-4526,1940,1/1/1940 0:00:00,3,false,11485736,$11.49M,1863,1,2,3
422,PITTSBURGH,317 Brownsville Road,Pittsburgh,PA,15210,1935,1/1/1935 0:00:00,3,false,11480884,$11.48M,1336,3,1,4
16699,BILOXI TEACHERS,PO Box 168,Biloxi,MS,39533,1965,1/1/1965 0:00:00,3,false,11474786,$11.47M,1074,1,2,3
20469,I.B.E.W. LU 66,4345 ALLEN GENOA RD,PASADENA,TX,77504,1971,1/1/1971 0:00:00,3,false,11450593,$11.45M,1469,3,0,3
17339,A H E PLANT 3,720 W FRANKLIN ST,WINCHESTER,IN,47394,1966,3/25/1966 0:00:00,3,false,11448097,$11.45M,1470,3,0,3
19295,LIVINGSTON PARISH,PO BOX 687,DENHAM SPRINGS,LA,70727,1969,1/1/1969 0:00:00,3,false,11430674,$11.43M,1740,3,0,3
15016,WAKEFERN,505 Division St,Elizabeth,NJ,07201,1962,1/1/1962 0:00:00,3,false,11375185,$11.38M,1217,2,0,2
8749,SNAKE RIVER,2361 Orchard Dr E,Twin Falls,ID,83301-7987,1953,1/1/1953 0:00:00,3,false,11350536,$11.35M,1277,3,0,3
23060,SEVIER COUNTY SCHOOLS,164 N HENDERSON AVE STE B,SEVIERVILLE,TN,37862,1978,5/10/1978 0:00:00,3,false,11340647,$11.34M,1379,1,2,3
2046,PAMPA TEACHERS,P.O. Box 920,Pampa,TX,79066-0920,1937,1/1/1937 0:00:00,3,false,11334300,$11.33M,1888,5,2,7
16437,JOLIET MUNICIPAL EMPLOYEES,818 e cass st,joliet,IL,60432,1964,9/17/1964 0:00:00,3,false,11308165,$11.31M,867,2,2,4
63042,TOPEKA FIREMEN'S,2447 SE 29th St.,Topeka,KS,66605-2240,1939,10/1/1939 0:00:00,3,false,11298839,$11.30M,886,1,3,4
6687,T & P LONGVIEW,2320 N Eastman Rd,Longview,TX,75605,1950,1/1/1950 0:00:00,3,false,11294222,$11.29M,1049,2,1,3
23678,GOYA FOODS EMPLOYEES,350 County Road,Jersey City,NJ,07307,1980,7/9/1980 0:00:00,3,true,11282479,$11.28M,648,0,0,0
64186,AUSTIN CITY EMPLOYEES,711 4th Ave NE,Austin,MN,55912,1953,1/1/1953 0:00:00,3,false,11280613,$11.28M,778,2,2,4
19723,LOCAL 50 PLUMBERS & STEAMFTRS,7570 Caple Blvd STE C,Northwood,OH,43619-1084,1969,10/16/1969 0:00:00,3,false,11272974,$11.27M,1736,2,0,2
66582,P.I.E.,P. O. Box 35068,Houston,TX,77235,1971,12/29/1971 0:00:00,3,false,11251806,$11.25M,1138,3,0,3
60184,ANCO COMMUNITY,154 3rd St,La SAlle,IL,61301-2312,1955,1/1/1955 0:00:00,3,false,11249812,$11.25M,1899,4,1,5
61760,WHITEWATER COMMUNITY,1157 harrison ave,harrison,OH,45030,1954,1/1/1954 0:00:00,3,false,11229834,$11.23M,1617,4,0,4
24876,VICKSWOOD,PO Box 820240,Vicksburg,MS,39182,1967,1/1/1967 0:00:00,3,false,11199014,$11.20M,1473,4,0,4
13974,GESB SHEET METAL WORKERS,6450 AMERIPLEX DRIVE,PORTAGE,IN,46368,1960,9/29/1960 0:00:00,3,false,11174875,$11.17M,2040,2,1,3
24090,NATRIUM EMPLOYEES,PO Box 168,Proctor,WV,26055,1984,2/13/1984 0:00:00,3,false,11173530,$11.17M,760,3,0,3
62611,NORTHWEST MISSOURI REGIONAL,26155 STOLLS COUNTRY LN,MARYVILLE,MO,64468-7391,1933,9/21/1933 0:00:00,3,false,11167046,$11.17M,2320,4,3,7
24324,MET TRAN,"1900 Main Street, Ste 2023",Houston,TX,77002-8130,1987,12/29/1987 0:00:00,3,true,11146666,$11.15M,2786,4,0,4
24605,MOUNT OLIVE BAPTIST CHURCH,514 N.L. Robinson Dr,Arlington,TX,76011,1997,10/10/1997 0:00:00,3,true,11053720,$11.05M,1311,3,0,3
61532,REEVES COUNTY TEACHERS,312 S Cedar St,Pecos,TX,79772-3211,1967,1/1/1967 0:00:00,3,true,11025407,$11.03M,1369,4,0,4
7731,METHODIST HOSPITAL EMPLOYEES,P. O. Box 655999,Dallas,TX,75265,1952,1/1/1952 0:00:00,3,false,11023226,$11.02M,1670,4,1,5
7021,DACOTAH,2990 E HIGHWAY 44,Rapid City,SD,57702,1950,1/1/1950 0:00:00,3,false,11016215,$11.02M,849,3,0,3
3337,WATERBURY POSTAL EMPLOYEES,PO BOX 241,WATERBURY,CT,06702-0241,1939,1/1/1939 0:00:00,3,false,10970083,$10.97M,968,2,1,3
24810,1ST BERGEN,392 Main St,Hackensack,NJ,07601-5805,2009,1/14/2009 0:00:00,3,true,10954907,$10.95M,1710,5,0,5
9248,UNITED MEMBERS,4833 S SHERIDAN STE 401,TULSA,OK,74145,1954,1/1/1954 0:00:00,3,false,10948366,$10.95M,1226,2,1,3
24776,COMUNIDAD LATINA,1317 WEST WARNER AVE,SANTA ANA,CA,92704,2006,8/15/2006 0:00:00,3,true,10943172,$10.94M,1989,6,1,7
4756,ALLEGHENY VALLEY,250 WILLIAM PITT WAY,PITTSBURGH,PA,15238,1941,1/1/1941 0:00:00,3,false,10942976,$10.94M,837,3,0,3
15935,CHA-TEL,1500 Maccorkle Ave,Charleston,WV,25396,1963,11/18/1963 0:00:00,3,false,10919789,$10.92M,1264,2,1,3
10220,FOCUS FIRST,2113 Chili Ave,Rochester,NY,14624,1955,1/1/1955 0:00:00,3,false,10898836,$10.90M,903,3,1,4
4441,SING SING EMPLOYEES,127 Woodside Ave,Briarcliff Mano,NY,10510,1941,1/1/1941 0:00:00,3,false,10889487,$10.89M,1280,3,2,5
16547,SAN FRANCISCO LEE,915 GRANT AVE,SAN FRANCISCO,CA,94108,1964,1/1/1964 0:00:00,3,true,10883858,$10.88M,591,0,2,2
3182,STAR TECH,5310 DTC PKWY STE H,GREENWOOD VILLA,CO,80111-3010,1939,1/1/1939 0:00:00,3,false,10872754,$10.87M,1607,1,1,2
15297,HALE COUNTY TEACHERS,611 Broadway St.,Plainview,TX,79072,1962,1/1/1962 0:00:00,3,false,10849223,$10.85M,1382,3,0,3
64242,PARIS HI-WAY,PO Box 610,Paris,IL,61944,1955,1/1/1955 0:00:00,3,false,10789819,$10.79M,859,1,0,1
62877,MIDDLETOWN AREA SCHOOLS,1730 Central Avenue,Middletown,OH,45044-4140,1937,4/28/1937 0:00:00,3,false,10750846,$10.75M,1027,3,2,5
8618,WILLIAMSVILLE,656 N French Rd Ste 7,Amherst,NY,14228-2104,1953,1/1/1953 0:00:00,3,false,10750667,$10.75M,1923,3,1,4
24140,NORTH CAROLINA PRESS ASSOCIATION,PO BOX 27744,RALEIGH,NC,27690,1984,8/8/1984 0:00:00,3,false,10747322,$10.75M,1310,0,0,0
14865,BURLINGTON MUNICIPAL EMPLOYEES,7 BEDFORD ST,BURLINGTON,MA,01803-3774,1962,1/1/1962 0:00:00,3,false,10719839,$10.72M,1175,3,0,3
20581,J.C.T.,309 N ALLEN ST,EDNA,TX,77957,1971,1/1/1971 0:00:00,3,false,10702788,$10.70M,612,4,1,5
3056,CAMBRIDGE MUNICIPAL EMPLOYEES,"795 Massachusetts Ave., City Hall",Cambridge,MA,02139-3201,1939,1/1/1939 0:00:00,3,false,10700374,$10.70M,1320,0,4,4
11045,PBA,"Pine Bluff Arsenal, Building 17-120",Pine Bluff,AR,71602,1956,1/1/1956 0:00:00,3,false,10687745,$10.69M,951,3,0,3
14247,I B E W LOCAL 56,962 West 20th Street,Erie,PA,16502,1961,1/1/1961 0:00:00,3,false,10657340,$10.66M,1561,3,1,4
22174,CMC-FCPI EMPLOYEES,415 Colfax Ave,Scranton,PA,18510-2362,1975,10/24/1975 0:00:00,3,false,10651332,$10.65M,1436,3,1,4
24906,EVEREST,"3751 75th Street, FL 1B",Jackson Heights,NY,11372,2018,8/23/2018 0:00:00,3,true,10650462,$10.65M,2167,6,4,10
5822,TEXARKANA TERMINAL EMPLOYEES,3801 TEXAS BLVD,TEXARKANA,TX,75503,1948,1/1/1948 0:00:00,3,false,10646681,$10.65M,1276,4,0,4
61560,CHICAGO'S BRAVEST,"10231 S Western Ave., Floor 2",Chicago,IL,60643,1957,1/1/1957 0:00:00,3,false,10645877,$10.65M,1230,2,3,5
65085,LAKE SUPERIOR,P.O. BOX 38,ONTONAGON,MI,49953-1620,1959,1/1/1959 0:00:00,3,false,10636656,$10.64M,1333,4,0,4
63177,THE CATHOLIC,P.O. BOX 262,AVON LAKE,OH,44012,1956,11/6/1956 0:00:00,3,false,10615375,$10.62M,1265,2,2,4
62486,OPP-MICOLAS,P O DRAWER 70,OPP,AL,36467-0070,1954,1/1/1954 0:00:00,3,false,10581186,$10.58M,1638,4,0,4
19741,FANNIN COUNTY TEACHERS,PO BOX 626,BONHAM,TX,75418,1969,1/1/1969 0:00:00,3,false,10545185,$10.55M,1115,2,0,2
1113,CORRECTIONAL WORKERS,PO BOX 1345,EL RENO,OK,73036,1936,1/1/1936 0:00:00,3,false,10541749,$10.54M,1549,2,2,4
67840,LYNN POLICE,300 Washington St,Lynn,MA,01902,1945,3/22/1945 0:00:00,3,false,10533296,$10.53M,1015,0,7,7
67661,VATAT,614 E 12th St,Austin,TX,78701,1961,7/21/1961 0:00:00,3,false,10504665,$10.50M,1091,2,0,2
66329,L. E. O.,P.O. Box 937,Painesville,OH,44077,1985,4/19/1985 0:00:00,3,false,10484759,$10.48M,1543,4,0,4
67738,BCBST EMPLOYEES,1 CAMERON HILL CIR,CHATTANOOGA,TN,37402,1971,11/15/1991 0:00:00,3,false,10473121,$10.47M,1838,3,0,3
15536,VA BEACH POSTAL,501 Viking Dr # A,Virginia Beach,VA,23452-7306,1963,1/1/1963 0:00:00,3,false,10465671,$10.47M,1055,2,2,4
16584,FAIRLEIGH DICKINSON UNIVERSITY,12 MAIN ST. STE.4,MADISON,NJ,07940,1965,1/1/1965 0:00:00,3,false,10458419,$10.46M,1628,2,5,7
66253,FUNERAL SERVICE,PO Box 7126,Springfield,IL,62791,1983,9/27/1983 0:00:00,3,false,10429301,$10.43M,674,2,0,2
60198,KANKAKEE FEDERATION OF TEACHERS,1200 W Jeffery St,Kankakee,IL,60901-4667,1956,1/1/1956 0:00:00,3,false,10405108,$10.41M,1303,0,4,4
1282,RICHMOND HERITAGE,50 W Commerce Rd,Richmond,VA,23224-2316,1936,1/1/1936 0:00:00,3,true,10384663,$10.38M,1715,4,0,4
5930,HEALTHPLUS,500 H E WOODROW WILSON Ave,JACKSON,MS,39216-4538,1948,1/1/1948 0:00:00,3,true,10380796,$10.38M,1542,4,1,5
22195,CVPH EMPLOYEES,75 BEEKMAN ST,PLATTSBURGH,NY,12901,1975,11/18/1975 0:00:00,3,false,10366446,$10.37M,1304,3,0,3
2460,PRESCOTT,500 N State Route 89,PRESCOTT,AZ,86313-5001,1937,1/1/1937 0:00:00,3,false,10346440,$10.35M,1160,5,2,7
9075,HOBOKEN N J POLICE,PO BOX 1575,HOBOKEN,NJ,07030-1575,1953,1/1/1953 0:00:00,3,false,10291613,$10.29M,782,3,0,3
24843,ARBUCKLE,317 S BROADWAY AVE,ADA,OK,74820,1966,1/1/1966 0:00:00,3,false,10290941,$10.29M,1016,4,2,6
61724,LOUISIANA CENTRAL,"824 ELMWOOD PARK BLVD., STE 100",HARAHAN,LA,70123-3332,1942,1/1/1942 0:00:00,3,false,10246335,$10.25M,1976,4,0,4
64282,NORTH WESTERN EMPLOYEES,1411 W BROADWAY,COUNCIL BLUFFS,IA,51501-3922,1941,1/1/1941 0:00:00,3,false,10237197,$10.24M,1199,2,0,2
68069,CN/IC EMPLOYEES,2005 NONCONNAH BLVD SUITE 7,MEMPHIS,TN,38132,1928,12/3/1993 0:00:00,3,false,10188864,$10.19M,1204,4,1,5
24226,P.S.E. & G. NUCLEAR EMPLOYEES,P.O. BOX 232,HANCOCKS BRIDGE,NJ,08038,1985,12/12/1985 0:00:00,3,false,10172461,$10.17M,1011,3,0,3
8625,ERIE FIREFIGHTERS,3204 Maple St,Erie,PA,16508-2611,1953,1/1/1953 0:00:00,3,false,10136474,$10.14M,766,2,0,2
14408,MIDWAY,P O BOX 232,BERRYVILLE,VA,22611,1961,1/1/1961 0:00:00,3,false,10133862,$10.13M,806,1,3,4
11550,MARYVALE SCHOOLS,1050 MARYVALE DR,CHEEKTOWAGA,NY,14225,1957,1/1/1957 0:00:00,3,false,10124510,$10.12M,915,1,1,2
65561,LINCOLN S.D.A.,4733 PRESCOTT,LINCOLN,NE,68506,1965,1/19/1965 0:00:00,3,false,10121448,$10.12M,1149,3,0,3
68113,LOCAL NO. 317 I.A.F.F.,PO Box 3736,Charleston,WV,25337,1939,12/16/1993 0:00:00,3,false,10117613,$10.12M,415,1,2,3
21606,MORROW COUNTY,800 W Marion Rd,Mount Gilead,OH,43338-1032,1974,4/15/1974 0:00:00,3,false,10095751,$10.10M,1077,4,0,4
61267,ALAMO CITY,4801 NW Loop 410 Ste 100,San Antonio,TX,78229,1955,1/1/1955 0:00:00,3,true,10061357,$10.06M,1105,4,2,6
8052,MISSISSIPPI DHS,767 N PRESIDENT ST,JACKSON,MS,39202,1952,1/1/1952 0:00:00,3,false,10058694,$10.06M,2187,4,0,4
200,A T & T EMPLOYEES PITTSBURGH,635 Grant St,Pittsburgh,PA,15219-4404,1935,1/1/1935 0:00:00,2,false,9943553,$9.94M,902,2,1,3
7069,BLOOMFIELD FIRE AND POLICE,375 Franklin St,Bloomfield,NJ,07003-3414,1951,1/1/1951 0:00:00,2,false,9943538,$9.94M,1286,2,3,5
19,NEW HAVEN TEACHERS,90 Hamilton St,New Haven,CT,06511,1934,1/1/1934 0:00:00,2,false,9933271,$9.93M,1049,0,2,2
66860,GREATER CLEVELAND COMMUNITY,601 Lakeside Ave E Rm 3,Cleveland,OH,44114-1015,1937,11/26/1937 0:00:00,2,true,9878448,$9.88M,2939,6,0,6
67615,WATERTOWN MUNICIPAL,149 MAIN ST,WATERTOWN,MA,02472-4410,1934,4/5/1934 0:00:00,2,false,9875911,$9.88M,682,1,0,1
24547,EVERGREEN PARK SCHOOLS,9901 S KEDZIE AVE,EVERGREEN PARK,IL,60805-3416,1995,7/13/1995 0:00:00,2,false,9861336,$9.86M,977,2,0,2
62502,COOPERATIVE EMPLOYEES,PO BOX 429,ANADARKO,OK,73005,1967,10/23/1967 0:00:00,2,false,9850494,$9.85M,953,3,0,3
11996,COLQUITT COUNTY TEACHER,PO Box 2708,Moultrie,GA,31776,1957,1/1/1957 0:00:00,2,false,9840746,$9.84M,1835,4,0,4
19983,ILA 28,4100-A GREENSHADOW DR,Pasadena,TX,77503,1970,1/1/1970 0:00:00,2,false,9839810,$9.84M,1085,4,0,4
24511,MORTON,88 washington st,taunton,MA,02780-2465,1978,6/30/1994 0:00:00,2,false,9813131,$9.81M,1065,1,1,2
9778,REDLANDS CITY EMPLOYEES,P. O. Box 9115,Redlands,CA,92375,1954,1/1/1954 0:00:00,2,false,9713059,$9.71M,728,1,1,2
62985,GUCO,P.O. Box 1847,Greenville,NC,27835-1847,1970,1/1/1970 0:00:00,2,false,9704393,$9.70M,1390,2,1,3
6304,NEIMAN MARCUS GROUP EMPLOYEES,1618 Main St,Dallas,TX,75201-4720,1949,1/1/1949 0:00:00,2,false,9695752,$9.70M,2597,4,0,4
64222,SOUTH CENTRAL MISSOURI,PO Box 417,Willow Springs,MO,65793,1954,1/1/1954 0:00:00,2,false,9693149,$9.69M,1941,2,0,2
64644,BLUE FLAME,PO Box 7386,Mobile,AL,36670-0386,1954,1/1/1954 0:00:00,2,false,9669920,$9.67M,768,3,0,3
11014,EAST ORANGE FIREMENS,27 West St Ste G,Bloomfield,NJ,07003,1956,1/1/1956 0:00:00,2,true,9647414,$9.65M,805,1,1,2
2370,METROPOLITAN L,949 S Ridgeland,Oak Park,IL,60304,1937,10/13/1937 0:00:00,2,true,9626830,$9.63M,1015,2,1,3
8987,ARKANSAS HEALTH CENTER,6701 HIGHWAY 67 Bldg 67,BENTON,AR,72015,1953,1/1/1953 0:00:00,2,false,9613148,$9.61M,1068,3,0,3
19047,EMERALD CREDIT ASSOCIATION,2117 Kateway,Greenwood,SC,29646,1968,1/1/1968 0:00:00,2,false,9570869,$9.57M,1219,4,0,4
13833,C U P,P O Box 50526,Provo,UT,84605,1960,1/1/1960 0:00:00,2,false,9566655,$9.57M,779,2,2,4
21126,REGIONAL MEDICAL CTR HOPKINS CO EMP,200 CLINIC DR,MADISONVILLE,KY,42431,1972,12/7/1972 0:00:00,2,false,9556666,$9.56M,1362,3,1,4
4509,PUD,960 COMMERCE AVE,LONGVIEW,WA,98632,1941,5/22/1941 0:00:00,2,false,9536380,$9.54M,737,1,2,3
10580,U-1ST COMMUNITY,601 N Canal St,Carlsbad,NM,88220-5805,1955,1/1/1955 0:00:00,2,false,9510128,$9.51M,864,3,0,3
15451,SOLON/CHAGRIN FALLS,33600 INWOOD DR,SOLON,OH,44139-4132,1963,2/19/1963 0:00:00,2,false,9507241,$9.51M,640,1,4,5
64718,MISSOURI BAPTIST,400 E High Street,Jefferson City,MO,65101,1963,1/1/1963 0:00:00,2,false,9495573,$9.50M,938,2,1,3
5780,TREASURY EMPLOYEES,100 W Capitol St # 603,JACKSON,MS,39269,1948,1/1/1948 0:00:00,2,false,9438088,$9.44M,448,1,1,2
15073,DEDHAM TOWN EMPLOYEES,202 BUSSEY ST,DEDHAM,MA,02026,1962,1/1/1962 0:00:00,2,false,9422515,$9.42M,880,2,1,3
9805,ARLINGTON MUNICIPAL,730 MASSACHUSETTS AVE.,ARLINGTON,MA,02476,1954,1/1/1954 0:00:00,2,false,9415257,$9.42M,921,0,4,4
5045,CHICAGO AREA OFFICE,600 W MADISON ST,Chicago,IL,60661-2406,1943,5/25/1943 0:00:00,2,false,9380015,$9.38M,1269,1,1,2
64528,BIRMINGHAM CITY,2725 35th Ave N,Birmingham,AL,35207-2839,1956,1/1/1956 0:00:00,2,true,9331609,$9.33M,2617,4,0,4
14750,LEXINGTON MA,3 FLETCHER AVE,LEXINGTON,MA,02420,1961,12/15/1961 0:00:00,2,false,9308289,$9.31M,1139,2,1,3
10865,GREATER WATERBURY HEALTHCARE,64 ROBBINS ST,WATERBURY,CT,06708,1956,1/1/1956 0:00:00,2,false,9269907,$9.27M,1008,2,0,2
16,WOODMEN,1700 FARNAM ST STE 1000,OMAHA,NE,68102,1934,1/1/1934 0:00:00,2,false,9247964,$9.25M,869,2,3,5
14829,TEAM FIRST,111 CENTERVILLE RD,LANCASTER,PA,17603,1962,1/1/1962 0:00:00,2,false,9232736,$9.23M,811,3,4,7
23052,HMC (NJ),84 Park Ave Ste E103,Flemington,NJ,08822-1172,1978,4/25/1978 0:00:00,2,false,9217873,$9.22M,813,2,0,2
64089,FIRST PACE,161 Marie Ave E,West St Paul,MN,55118-4004,1963,1/1/1963 0:00:00,2,false,9152722,$9.15M,914,3,0,3
9457,E M O T,P. O. Box 3383,Abilene,TX,79604,1954,1/1/1954 0:00:00,2,false,9100711,$9.10M,495,1,1,2
22428,MARION COUNTY SCHOOL EMPLOYEES,1512 Mary Lou Retton Dr,Fairmont,WV,26554,1976,6/28/1976 0:00:00,2,false,9096368,$9.10M,820,2,1,3
376,REGIONAL MEMBERS,P O BOX 9304,COLUMBUS,GA,31908,1935,1/1/1935 0:00:00,2,false,9095631,$9.10M,1282,4,0,4
1457,FINANS,7017 KENNEDY AVE,HAMMOND,IN,46323,1936,6/6/1936 0:00:00,2,false,9092733,$9.09M,1304,3,0,3
10324,JACKSON COUNTY,309 N Allen St,Edna,TX,77957,1955,1/1/1955 0:00:00,2,false,9091299,$9.09M,718,4,1,5
18474,COMBINED,203 NASH ST,HOT SPRINGS,AR,71913,1967,1/1/1967 0:00:00,2,false,9062118,$9.06M,1776,4,2,6
10857,DEER LODGE COUNTY SCHOOL EMP,P.O. Box 1248,Anaconda,MT,59711,1956,1/1/1956 0:00:00,2,false,9059833,$9.06M,482,1,1,2
7210,HEMINGFORD COMMUNITY,P.O. BOX 991,HEMINGFORD,NE,69348-0991,1951,1/1/1951 0:00:00,2,false,9047014,$9.05M,995,3,1,4
14166,COCHRAN COUNTY SCHOOLS,PO BOX 695,MORTON,TX,79346,1961,1/1/1961 0:00:00,2,false,9044519,$9.04M,877,3,0,3
67520,SWEETEX,4421 W Loop 281,Longview,TX,75606,1951,10/3/1951 0:00:00,2,false,9040451,$9.04M,715,1,1,2
65242,INDUSTRIAL EMPLOYEES,1513 S 18th St,Centerville,IA,52544,1967,1/1/1967 0:00:00,2,false,9040244,$9.04M,875,3,0,3
20336,DIVISION 726,4886 ARTHUR KILL RD,STATEN ISLAND,NY,10309,1970,1/1/1970 0:00:00,2,false,9029642,$9.03M,2482,1,8,9
2498,CTA-74TH STREET DEPOT,10057 S Western Ave,Chicago,IL,60643-1925,1939,9/8/1939 0:00:00,2,true,9013205,$9.01M,765,0,6,6
64304,ALEXANDRIA SCHOOLS EMPLOYEES,2303 E Golf Course Rd NE,Alexandria,MN,56308,1954,1/1/1954 0:00:00,2,false,8935913,$8.94M,1110,1,1,2
82504,BOISE FIRE DEPARTMENT,10255 W Hackamore Dr,Boise,ID,83709,1940,10/28/1940 0:00:00,2,false,8930211,$8.93M,1012,1,2,3
14879,A.B.,520 3rd Ave,Duncansville,PA,16635-1414,1962,1/1/1962 0:00:00,2,false,8916291,$8.92M,843,3,1,4
64746,COMMUNITY FIRST,6460 INTERSTATE CT,HANNIBAL,MO,63401,1952,1/1/1952 0:00:00,2,false,8863360,$8.86M,1182,2,3,5
9555,NEW JERSEY COMMUNITY,PO BOX 680,MOORESTOWN,NJ,08057,1954,1/1/1954 0:00:00,2,false,8857667,$8.86M,805,0,0,0
24863,SENECA NATION OF INDIANS,12837 ROUTE 438,IRVING,NY,14081,2015,5/14/2015 0:00:00,2,true,8843750,$8.84M,2659,5,0,5
64340,ONE THIRTEEN,3505 N Chestnut St,Colorado Spring,CO,80907-4101,1958,1/1/1958 0:00:00,2,false,8843613,$8.84M,1056,2,0,2
12837,MARVEL CITY,PO BOX 713,BESSEMER,AL,35021,1959,1/1/1959 0:00:00,2,true,8813115,$8.81M,941,3,0,3
12873,PLATTSBURGH CITY SCHOOL DISTRICT,"49 Broad Street, Suite 101",Plattsburgh,NY,12901-3311,1959,1/1/1959 0:00:00,2,false,8791277,$8.79M,754,3,2,5
21956,U.F.C.W. LOCAL 23,"345 SouthPointe Blvd, Suite 110",Canonsburg,PA,15317,1975,3/19/1975 0:00:00,2,false,8764806,$8.76M,1573,1,1,2
60660,ALLVAC SAVINGS AND,PO BOX 5030,MONROE,NC,28111,1964,1/1/1964 0:00:00,2,false,8762777,$8.76M,1605,3,0,3
11323,PACE,502 8th St,Huntington,WV,25701,1956,10/8/1956 0:00:00,2,false,8747276,$8.75M,1200,3,0,3
19390,DEL MET,8000 N STATE ROAD 3,MUNCIE,IN,47303-9408,1969,4/21/1969 0:00:00,2,false,8744487,$8.74M,923,3,0,3
67708,ST. JOSEPH TEACHERS',2316 VILLAGE DRIVE,SAINT JOSEPH,MO,64506,1931,5/7/1931 0:00:00,2,false,8742829,$8.74M,1124,2,2,4
3736,VICTORIA,701 SAM HOUSTON DR.,VICTORIA,TX,77901-4522,1940,1/1/1940 0:00:00,2,false,8735592,$8.74M,1245,4,0,4
14651,DISTRICT 08,PO BOX 5464,ALEXANDRIA,LA,71307,1961,1/1/1961 0:00:00,2,false,8733087,$8.73M,1511,4,1,5
20720,L. A. MISSION,P.O. Box 630,San Fernando,CA,91341,1971,1/1/1971 0:00:00,2,true,8729008,$8.73M,851,2,1,3
24432,NATURAL STATE,PO BOX 422,SEARCY,AR,72145,1956,2/5/1992 0:00:00,2,false,8714904,$8.71M,1225,3,1,4
13161,RIO BLANCO SCHOOLS,209 E Main St Ste 104,Rangely,CO,81648,1959,1/1/1959 0:00:00,2,false,8708396,$8.71M,776,2,2,4
6048,SHREVEPORT POLICE,2750 MACKEY LANE,SHREVEPORT,LA,71118,1949,1/1/1949 0:00:00,2,false,8706730,$8.71M,1008,2,1,3
12310,FAYETTE,6058 ROBERT C BYRD DR,MOUNT HOPE,WV,25880-0106,1958,6/1/1958 0:00:00,2,false,8706061,$8.71M,774,2,1,3
1669,SARCO,1214 W BROAD ST,BETHLEHEM,PA,18018-4952,1936,1/1/1936 0:00:00,2,false,8702595,$8.70M,630,1,1,2
24281,MOSAIC,31 S Carlton St,Harrisonburg,VA,22801-4324,1986,12/5/1986 0:00:00,2,false,8687531,$8.69M,3127,5,0,5
24429,VA HOSPITAL,4300 W 7TH ST,LITTLE ROCK,AR,72205-5446,1951,2/4/1992 0:00:00,2,false,8668005,$8.67M,1545,3,1,4
6472,YOAKUM COUNTY,PO BOX 395,PLAINS,TX,79355,1949,1/1/1949 0:00:00,2,false,8649566,$8.65M,947,2,1,3
24893,DELTA,PO Box 755,Greenville,MS,38702,1957,12/29/1992 0:00:00,2,false,8639423,$8.64M,1712,4,0,4
8006,STATE AGENCIES,"1525 FAIRFIELD AVE, STE 672",SHREVEPORT,LA,71101,1952,1/1/1952 0:00:00,2,false,8584608,$8.58M,679,2,0,2
841,ALLEGHENY CENTRAL,1253 University Dr Ste 100,Dunbar,PA,15431-2305,1935,1/1/1935 0:00:00,2,false,8556989,$8.56M,877,2,0,2
63988,ELECTRIC MACHINERY EMPLOYEES,800 CENTRAL AVE,MINNEAPOLIS,MN,55413,1946,1/1/1946 0:00:00,2,false,8537974,$8.54M,780,2,0,2
60782,PORT OF HOUSTON,111 East Loop N,Houston,TX,77029,1956,1/1/1956 0:00:00,2,false,8535365,$8.54M,858,3,2,5
66410,KENOSHA POLICE AND FIREMEN'S,625 52ND ST,KENOSHA,WI,53140-3480,1928,5/16/1928 0:00:00,2,false,8522936,$8.52M,1098,1,3,4
2065,LOWELL MUNICIPAL EMPLOYEES,375 Merrimack St,Lowell,MA,01852-5909,1937,3/10/1937 0:00:00,2,false,8508785,$8.51M,1300,1,4,5
10520,ALDERSON FCI,P. O. Box A,Alderson,WV,24910,1955,9/12/1955 0:00:00,2,false,8507512,$8.51M,692,2,0,2
2056,SEWERAGE & WATER BOARD EMPLOYEES,625 Saint Joseph St - B13,New Orleans,LA,70165-6500,1937,1/1/1937 0:00:00,2,true,8504205,$8.50M,1495,3,1,4
21020,ROCK COMMUNITY,P.O. Box 200,Rock,MI,49880,1972,6/1/1972 0:00:00,2,false,8456702,$8.46M,851,1,3,4
16429,LOCAL 20 IBEW,688 W TARRANT RD,GRAND PRAIRIE,TX,75050,1964,1/1/1964 0:00:00,2,false,8448876,$8.45M,3708,4,0,4
24486,CUMBERLAND MUNICIPAL EMPLOYEES,2145 Diamond Hill Road,Cumberland,RI,02864-5135,1962,11/2/1993 0:00:00,2,false,8399494,$8.40M,802,2,0,2
67579,TEX MEX,1420 Cedar Ave,Laredo,TX,78040-7956,1953,4/6/1953 0:00:00,2,true,8391761,$8.39M,2238,6,0,6
20279,SISTER'S HOSPITAL EMPLOYEES,2157 MAIN STREET,BUFFALO,NY,14214,1970,1/1/1970 0:00:00,2,false,8390209,$8.39M,1371,1,3,4
13857,LONGSHORE,3107 John Stevens Way,Hoquiam,WA,98550,1960,7/15/1960 0:00:00,2,false,8354332,$8.35M,405,2,2,4
13426,CITY OF CLARKSBURG,101 S 4TH ST,CLARKSBURG,WV,26301,1960,1/12/1960 0:00:00,2,false,8342970,$8.34M,757,2,1,3
4176,BOX BUTTE PUBLIC EMPLOYEES,P.O. BOX 822,ALLIANCE,NE,69301,1940,1/1/1940 0:00:00,2,false,8337095,$8.34M,661,4,0,4
68180,BURLINGTON NORTHERN SANTA FE RAILWY,5601 W 26th St,Cicero,IL,60804,1937,12/29/1994 0:00:00,2,false,8329208,$8.33M,1715,2,0,2
24850,CRAYOLA LLC EMPLOYEES CREDIT UNION,1100 CHURCH LANE,EASTON,PA,18044-0431,1958,11/19/1958 0:00:00,2,false,8323951,$8.32M,792,2,1,3
2800,MAMTA,"1000 W Boston Post Rd, Mamaroneck H",Mamaroneck,NY,10543-3328,1938,1/1/1938 0:00:00,2,false,8295866,$8.30M,891,1,1,2
12356,IBERVILLE,PO BOX 66,PLAQUEMINE,LA,70765,1958,1/1/1958 0:00:00,2,true,8294721,$8.29M,2180,5,0,5
19973,SUMMIT HAMPTON ROADS,P O Box 9609,Norfolk,VA,23505,1970,1/1/1970 0:00:00,2,false,8228805,$8.23M,1145,4,1,5
62356,L&N EMPLOYEES,4101 Vanderbilt Rd,Birmingham,AL,35217,1952,1/1/1952 0:00:00,2,false,8217531,$8.22M,1416,3,1,4
14758,QUAY SCHOOLS,P.O. BOX 605,Tucumcari,NM,88401,1961,12/21/1961 0:00:00,2,false,8216066,$8.22M,1141,3,1,4
10515,NEW ORLEANS CLERK & CHECKERS,651 BONNABEL BLVD,METAIRIE,LA,70005-2605,1955,1/1/1955 0:00:00,2,false,8209241,$8.21M,1099,2,1,3
6944,JERSEY CITY POLICE,161 STERLING AVE,JERSEY CITY,NJ,07305,1950,1/1/1950 0:00:00,2,false,8195958,$8.20M,1032,2,0,2
23170,ARKANSAS EDUCATION ASSOCIATION,1500 W 4TH ST,LITTLE ROCK,AR,72201,1978,8/15/1978 0:00:00,2,true,8145201,$8.15M,1960,3,0,3
3237,COLFAX POWER PLANT EMPLOYEES,"832 PITTSBURGH STREET, PO BOX 186",SPRINGDALE,PA,15144-1623,1939,1/1/1939 0:00:00,2,false,8130875,$8.13M,1071,2,0,2
60299,PONTIAC DWIGHT PRISON EMPLOYS,300 N LADD ST,PONTIAC,IL,61764-1676,1962,1/1/1962 0:00:00,2,false,8109318,$8.11M,923,1,4,5
21458,BACK MOUNTAIN,PO BOX 1834,SHAVERTOWN,PA,18708,1973,11/16/1973 0:00:00,2,false,8095315,$8.10M,683,1,2,3
4531,KC UNIDOS,2130 Jefferson ST Ste A,Kansas City,MO,64108,1941,6/2/1941 0:00:00,2,true,8075006,$8.08M,1583,3,3,6
96796,"TAPPAN COMMUNITY CREDIT UNION, INC.",191 PARK AVE E,MANSFIELD,OH,44902-1829,0,12/30/1899 0:00:00,2,false,8058937,$8.06M,792,2,2,4
986,URE,201 Beech Street,East Pittsburgh,PA,15112,1936,1/1/1936 0:00:00,2,false,8055415,$8.06M,955,3,0,3
65555,JOLIET FIREFIGHTERS,1000 Galway Rd,Joliet,IL,60431-8627,1958,1/1/1958 0:00:00,2,false,8045989,$8.05M,580,1,9,10
14191,DANVERS MUNICIPAL,1 Sylvan St.,Danvers,MA,01923-2790,1961,1/1/1961 0:00:00,2,false,7992419,$7.99M,1077,1,2,3
15652,U F C W LOCAL 1776,"3031 A WALTON ROAD, SUITE 310",PLYMOUTH MEETIN,PA,19462,1963,1/1/1963 0:00:00,2,false,7982302,$7.98M,2740,3,0,3
4366,F.C.I. ASHLAND,P.O. Box 888,Ashland,KY,41105,1941,1/1/1941 0:00:00,2,false,7938334,$7.94M,755,0,3,3
18353,PRIORITY,PO BOX 10969,RUSSELLVILLE,AR,72812-0969,1967,1/1/1967 0:00:00,2,false,7930364,$7.93M,1971,5,0,5
15459,PENN SOUTH COOPERATIVE,321 8th Ave Fl 1,New York,NY,10001-4818,1963,1/1/1963 0:00:00,2,false,7912693,$7.91M,801,0,14,14
64359,DULUTH POLICE DEPARTMENT EMPLOYEES,2030 N ARLINGTON AVE,DULUTH,MN,55811,1934,1/1/1934 0:00:00,2,false,7901824,$7.90M,695,0,3,3
6277,PHB EMPLOYEES,"7773 West Ridge Road, Box 241",Fairview,PA,16415,1949,1/1/1949 0:00:00,2,false,7890909,$7.89M,1118,2,1,3
63868,GALLATIN STEAM PLANT,1499 STEAM PLANT RD.,GALLATIN,TN,37066,1956,1/1/1956 0:00:00,2,false,7834840,$7.83M,634,1,1,2
22049,PORT OF HAMPTON ROADS ILA,"1355 INTERNATIONAL TERMINAL BLVD, S",NORFOLK,VA,23505,1975,6/6/1975 0:00:00,2,true,7830689,$7.83M,1514,3,1,4
65636,ST. MARY,PO Box 266,Walsenburg,CO,81089,1943,1/9/1981 0:00:00,2,false,7814142,$7.81M,1531,3,0,3
943,SOMERVILLE MASS FIREFIGHTERS,266 BROADWAY,SOMERVILLE,MA,02145,1936,1/1/1936 0:00:00,2,false,7799778,$7.80M,278,0,3,3
67458,WHARTON COUNTY TEACHERS,P. O. Box 1004,Wharton,TX,77488,1953,9/4/1953 0:00:00,2,false,7788323,$7.79M,677,0,5,5
62114,ARCADE,151 Patton Ave  Ste 280,Asheville,NC,28801,1952,1/1/1952 0:00:00,2,false,7771648,$7.77M,787,3,0,3
3462,ST. COLMAN & AFFILIATES,6637 Lorain Ave,Cleveland,OH,44102,1939,10/7/1939 0:00:00,2,false,7742688,$7.74M,3079,4,2,6
90,POST GAZETTE,2201 SWEENEY DR,CLINTON,PA,15026,1934,1/1/1934 0:00:00,2,false,7734894,$7.73M,1381,2,1,3
64323,ACE,1028 14th St SE,Mason City,IA,50401-6955,1934,1/1/1934 0:00:00,2,false,7683224,$7.68M,776,1,1,2
21499,BERKELEY COUNTY PUBLIC SCHOOLS,P.O. Box 1740,Martinsburg,WV,25402,1973,12/28/1973 0:00:00,2,false,7680097,$7.68M,1037,2,0,2
8913,ERIE CITY EMPLOYEES,5 E 34th St,Erie,PA,16504-1507,1953,1/1/1953 0:00:00,2,false,7676489,$7.68M,832,1,2,3
9893,BEE,1414 S DIVISION ST,SALISBURY,MD,21804,1954,1/1/1954 0:00:00,2,false,7668851,$7.67M,996,0,9,9
65448,RIVERVIEW,115 HARDMAN AVE S,SOUTH SAINT PAU,MN,55075-2421,1931,1/1/1931 0:00:00,2,false,7648401,$7.65M,445,2,0,2
18628,MIDDLESEX COUNTY N J EMP,"Middlesex County EFCU, PO Box 10088",New Brunswick,NJ,08906,1968,1/1/1968 0:00:00,2,false,7638513,$7.64M,1243,4,0,4
14512,PORT TERMINAL,8934 Manchester St # 215,Houston,TX,77012-2149,1961,1/1/1961 0:00:00,2,false,7584599,$7.58M,634,2,0,2
17154,SEMINOLE PUBLIC SCHOOLS,207 SW 6th St,Seminole,TX,79360,1965,1/1/1965 0:00:00,2,false,7578052,$7.58M,736,2,0,2
15370,SAKER SHOP RITE,10 CENTERVILLE RD,HOLMDEL,NJ,07733,1962,1/1/1962 0:00:00,2,false,7548540,$7.55M,1442,2,3,5
60750,DULUTH FIRE DEPARTMENT,602 W 2ND ST,DULUTH,MN,55802,1937,1/1/1937 0:00:00,2,false,7513556,$7.51M,364,0,5,5
2275,KAHUKU,PO Box 245,Kahuku,HI,96731-2211,1937,7/28/1937 0:00:00,2,true,7490911,$7.49M,2117,2,0,2
19501,PACE RESOURCES,P.O. BOX 15040,YORK,PA,17405,1969,1/1/1969 0:00:00,2,false,7483018,$7.48M,642,1,3,4
17793,N G M EMPLOYEES,55 WEST ST,KEENE,NH,03431-3374,1966,1/1/1966 0:00:00,2,false,7453664,$7.45M,1174,2,0,2
65606,TEAMSTERS LOCAL #238,5050 J St SW,Cedar Rapids,IA,52404,1955,12/9/1955 0:00:00,2,false,7440015,$7.44M,1743,2,1,3
64208,LOVERS LANE,"1502 S. BELT, SUITE A",SAINT JOSEPH,MO,64507,1956,1/1/1956 0:00:00,2,false,7437752,$7.44M,1038,2,1,3
8920,PAN AMOCO,"3500 CAUSEWAY BLVD, SUITE 100",METAIRIE,LA,70002,1953,1/1/1953 0:00:00,2,false,7393882,$7.39M,1134,1,1,2
7504,CONCORD,833 Marcy Ave,Brooklyn,NY,11216,1951,1/1/1951 0:00:00,2,true,7393729,$7.39M,440,2,1,3
60491,HIGHWAY DISTRICT 19 EMPLOYEES,PO BOX 1085,ATLANTA,TX,75551,1961,1/1/1961 0:00:00,2,false,7353419,$7.35M,1463,4,0,4
20595,MSD,700 W LIBERTY ST,LOUISVILLE,KY,40203-1911,1971,1/1/1971 0:00:00,2,false,7352773,$7.35M,871,3,0,3
9676,LINTON,"C/O PRAXAIR INC, P.O. BOX 44",TONAWANDA,NY,14150,1954,1/1/1954 0:00:00,2,false,7346336,$7.35M,808,2,1,3
64825,DECA,3118 Colerain Ave,Cincinnati,OH,45225-1312,1958,1/1/1958 0:00:00,2,false,7326608,$7.33M,1735,1,1,2
5062,NORTHWOOD,6836 Castor Ave,Philadelphia,PA,19149-2108,1943,1/1/1943 0:00:00,2,false,7320834,$7.32M,319,0,4,4
916,ELIZABETH (N.J.) FIREMEN'S,411 Irvington Ave,Elizabeth,NJ,07208,1936,1/1/1936 0:00:00,2,false,7317679,$7.32M,1133,1,2,3
67327,SHAW-ROSS EMPLOYEES,1600 NW 163rd St,Miami,FL,33169-5641,1982,5/3/1982 0:00:00,2,false,7317347,$7.32M,594,0,0,0
9082,PUBLIC SERVICE H C EMPLOYEES,P.O. BOX 7,Brick,NJ,08723-0007,1953,1/1/1953 0:00:00,2,false,7297535,$7.30M,654,2,0,2
67003,BRANTWOOD,PO Box 6,Brantwood,WI,54513,1932,3/4/1932 0:00:00,2,false,7272369,$7.27M,811,1,1,2
15513,FORT DIX,5408 Delaware Ave,Joint Base MDL,NJ,08640,1963,1/1/1963 0:00:00,2,true,7271598,$7.27M,557,3,0,3
24615,MEDFORD MUNICIPAL EMPLOYEES,85 GEORGE P HASSETT DR RM 200,MEDFORD,MA,02155-3299,1937,6/1/1937 0:00:00,2,false,7267168,$7.27M,761,1,2,3
24804,OAK CLIFF CHRISTIAN,1130 W Camp Wisdom Rd,Dallas,TX,75232-3404,2008,9/22/2008 0:00:00,2,true,7248721,$7.25M,1536,3,1,4
67630,MADISON EDUCATION ASSOC.,P O Box 449,Madison,FL,32341,1963,8/29/1963 0:00:00,2,true,7248125,$7.25M,762,0,3,3
24439,ARKANSAS FARM BUREAU,PO Box 31,Little Rock,AR,72203,1958,4/22/1992 0:00:00,2,false,7239724,$7.24M,520,2,0,2
22723,PAR-DEL EMP.,800 Wyoming Ave,WYOMING,PA,18644-1836,1977,5/17/1977 0:00:00,2,false,7236675,$7.24M,677,1,2,3
2617,LINDEN NJ POLICE & FIREMEN,"300 W ST GEORGE AVENUE, PO BOX 1520",LINDEN,NJ,07036-5638,1938,1/1/1938 0:00:00,2,false,7209884,$7.21M,957,0,4,4
23807,I.L.A. LOCAL 1235,"One Gateway Center, Suite 2600",Newark,NJ,07102,1981,7/22/1981 0:00:00,2,false,7167781,$7.17M,639,2,1,3
2796,COPPER & GLASS,531 MONONGAHELA,GLASSPORT,PA,15045-1424,1938,1/1/1938 0:00:00,2,false,7147745,$7.15M,1255,3,0,3
5987,OCNAC #1,1082 summit ave,jersey city,NJ,07307,1949,1/1/1949 0:00:00,2,true,7141525,$7.14M,2174,2,0,2
20570,CHAMPION,6420 Glenn Hwy,Cambridge,OH,43725,1970,4/21/1970 0:00:00,2,false,7136326,$7.14M,608,1,2,3
19567,THE FLORIST,PO BOX 2202,ROSWELL,NM,88202-2202,1969,1/1/1969 0:00:00,2,false,7136253,$7.14M,680,2,1,3
63851,C-F LA.,PO BOX 468,DONALDSONVILLE,LA,70346,1977,1/1/1977 0:00:00,2,false,7133522,$7.13M,1145,1,1,2
67427,GALVESTON GOVERNMENT EMPLOYEES,PO Box 1149,Dickinson,TX,77539-1149,1933,7/19/1933 0:00:00,2,false,7130944,$7.13M,1739,2,0,2
16061,CITY OF DEER PARK,2005 Center St,Deer Park,TX,77536,1964,1/1/1964 0:00:00,2,false,7116581,$7.12M,690,2,0,2
7910,WEST MICHIGAN POSTAL SERVICE,P. O. BOX 341,MUSKEGON,MI,49443,1952,6/11/1952 0:00:00,2,false,7059955,$7.06M,810,2,0,2
62316,WESTACRES,3700 WESTACRES DRIVE,WEST BLOOMFIELD,MI,48324,1936,1/1/1936 0:00:00,2,false,7054103,$7.05M,587,0,5,5
5589,KC FAIRFAX,104 SUNSHINE RD,KANSAS CITY,KS,66115-1314,1947,1/1/1947 0:00:00,2,false,7047618,$7.05M,1857,4,3,7
64594,FIREMAN'S,1808 7TH AVE N,BIRMINGHAM,AL,35203-2201,1929,1/1/1929 0:00:00,2,true,7030935,$7.03M,947,0,3,3
24845,STEPPING STONES COMMUNITY,603 N Church St,Wilmington,DE,19801,2011,9/30/2011 0:00:00,2,true,7002491,$7.00M,2696,2,1,3
12227,PASSAIC POLICE,330 PASSAIC ST,PASSAIC,NJ,07055-5815,1958,1/1/1958 0:00:00,2,true,6999649,$7.00M,618,0,2,2
20392,BROWNSVILLE CITY EMPLOYEES,PO BOX 911,BROWNSVILLE,TX,78522,1970,1/1/1970 0:00:00,2,true,6978051,$6.98M,1388,3,0,3
12259,SHERWIN,PO Box 1294,Portland,TX,78374,1958,1/1/1958 0:00:00,2,false,6973444,$6.97M,1908,3,0,3
13938,CROUSE HINDS EMPLOYEES,1201 Wolf St,Syracuse,NY,13208-1375,1960,1/1/1960 0:00:00,2,false,6972816,$6.97M,587,1,0,1
63802,MEMORIAL,6800 Longview Rd,Chattanooga,TN,37421,1959,1/1/1959 0:00:00,2,false,6955272,$6.96M,1288,4,0,4
14329,UNION COUNTY EMPLOYEES,10 Elizabethtown Plz - Fl3,Elizabeth,NJ,07202-3451,1961,1/1/1961 0:00:00,2,false,6950683,$6.95M,1027,1,2,3
378,FLORIDA CUSTOMS,"5519 W Hillsborough Ave, Suite 111",Tampa,FL,33634,1935,1/1/1935 0:00:00,2,false,6946278,$6.95M,1042,2,0,2
67149,S E A,PO BOX 355,Richfield,UT,84701,1957,1/1/1957 0:00:00,2,false,6923677,$6.92M,684,0,2,2
1059,GRAND CENTRAL TERMINAL EMPLOYEES,15 VANDERBILT AVE STE D41,NEW YORK,NY,10017-3815,1936,1/1/1936 0:00:00,2,false,6914335,$6.91M,1482,2,0,2
23760,HALIFAX COUNTY COMMUNITY,1176 HUELL MATHEWS HWY,SOUTH BOSTON,VA,24592,1981,3/12/1981 0:00:00,2,true,6909183,$6.91M,1593,3,0,3
6088,D C FIRE DEPARTMENT,P.O. BOX 70190,WASHINGTON,DC,20024,1949,1/1/1949 0:00:00,2,false,6906910,$6.91M,1720,4,2,6
68124,PATHWAY,P O BOX 2035,CLEVELAND,TN,37320,1967,12/23/1993 0:00:00,2,false,6869660,$6.87M,965,2,1,3
13672,VICTORIA CITY-COUNTY EMPLOYEES,205 N Bridge St Ste 111,Victoria,TX,77901,1960,1/1/1960 0:00:00,2,false,6864911,$6.86M,895,2,0,2
67716,SOUTHEAST MISSOURI COMMUNITY,312 W Main St,Park Hills,MO,63601-2544,1951,2/12/1951 0:00:00,2,false,6847761,$6.85M,1204,4,0,4
7473,ALEXANDRIA T & P,3900 TERMINAL RD,ALEXANDRIA,LA,71302-3731,1951,1/1/1951 0:00:00,2,false,6780899,$6.78M,783,3,0,3
24759,MEADOW GROVE,P.O.BOX 108,MEADOW GROVE,NE,68752-0108,1984,1/27/1984 0:00:00,2,false,6777286,$6.78M,479,2,0,2
5539,PHILADELPHIA LETTER CARRIERS,"2512 S BROAD ST., GROUND FLORR",PHILADELPHIA,PA,19145,1947,1/1/1947 0:00:00,2,false,6763468,$6.76M,1157,1,3,4
23174,U.A.L.U. 354,"P.O DRAWER I, 271 ARMBRUST RD",YOUNGWOOD,PA,15697,1978,8/23/1978 0:00:00,2,false,6754195,$6.75M,1575,2,2,4
6144,RED LAKE CO OP,PO Box 154,Red Lake Falls,MN,56750,1949,1/1/1949 0:00:00,2,false,6748044,$6.75M,1430,2,1,3
63258,MOWER COUNTY CATHOLIC PARISHES,PO Box 885,Austin,MN,55912,1935,1/1/1935 0:00:00,2,false,6740949,$6.74M,1008,2,2,4
23109,MOLEX EMPLOYEES,2222 WELLINGTON CT,LISLE,IL,60532,1978,6/14/1978 0:00:00,2,false,6729328,$6.73M,1153,0,3,3
14917,GIBBONS AND REED EMPLOYEES,PO BOX 30429,SALT LAKE CITY,UT,84130,1962,3/28/1962 0:00:00,2,false,6724609,$6.72M,1094,2,0,2
11377,SWEETWATER REGIONAL,PO Box 218,Sweetwater,TX,79556,1956,1/1/1956 0:00:00,2,false,6717232,$6.72M,821,3,0,3
10739,ANDREWS SCHOOL,PO Box 2049,Andrews,TX,79714-2049,1956,1/1/1956 0:00:00,2,false,6708965,$6.71M,805,2,1,3
60039,PEOPLES CHOICE,402 W 12th St,Coffeyville,KS,67337,1935,1/1/1935 0:00:00,2,false,6691318,$6.69M,608,3,0,3
15230,MOFFAT COUNTY SCHOOLS,585 Tucker St,Craig,CO,81625-1909,1962,10/5/1962 0:00:00,2,false,6690481,$6.69M,804,2,0,2
65774,TEACHERS,2300 NW 23rd St,Oklahoma CIty,OK,73107,1935,1/1/1935 0:00:00,2,true,6666397,$6.67M,1377,4,0,4
15847,U-HAUL,P O BOX 21506,Phoenix,AZ,85036,1963,9/26/1963 0:00:00,2,false,6654801,$6.65M,3723,4,0,4
64397,FEDCO,PO Box 658,Jefferson City,MO,65102,1960,1/1/1960 0:00:00,2,false,6630828,$6.63M,411,0,0,0
640,MAINE MEDIA,PO BOX 7702,PORTLAND,ME,04112,1935,1/1/1935 0:00:00,2,false,6618177,$6.62M,890,1,1,2
66755,COMPASSIONATE CARE,"430 E Division St, P O Box 1474",Fond du Lac,WI,54936-1474,1971,2/9/1971 0:00:00,2,false,6596911,$6.60M,1113,3,1,4
14375,DISTRICT 62 HIGHWAY,685 N MORRISON BLVD,HAMMOND,LA,70401-2309,1961,1/1/1961 0:00:00,2,false,6556790,$6.56M,788,2,2,4
16449,NORTHEAST MISSISSIPPI,101 3rd Ave S,Amory,MS,38821,1964,1/1/1964 0:00:00,2,false,6555644,$6.56M,909,3,0,3
64782,ORLEX GOVERNMENT EMPLOYEES,5043 US Route 5,Newport,VT,05855-9843,1953,1/1/1953 0:00:00,2,false,6552556,$6.55M,1286,3,0,3
65259,STATE EMPLOYEES COMMUNITY,4500 College Avenue Ste 200,Alton,IL,62002,1952,1/1/1952 0:00:00,2,false,6547608,$6.55M,1022,3,0,3
24947,GENERATIONS UNITED,420 Lexington Ave Rm 850,New York,NY,10170-0033,2023,4/13/2023 4:00:00 AM,2,false,6532785,$6.53M,227,0,0,0
65841,DECATUR POSTAL,214 N Franklin St Box 104-A,Decatur,IL,62523,1928,5/8/1928 0:00:00,2,false,6529946,$6.53M,494,1,2,3
21530,UKRAINIAN SELFRELIANCE OF WEST. PA.,"700 Washington Ave, Suite 100",Carnegie,PA,15106,1973,2/6/1974 0:00:00,2,false,6490352,$6.49M,803,2,3,5
3120,JOHNSTOWN SCHOOL EMPLOYEES,738 VIEWMONT AVE,JOHNSTOWN,PA,15905,1939,1/1/1939 0:00:00,2,false,6451738,$6.45M,528,1,1,2
61232,PEORIA HIWAY,1025 W Detweiller Dr,Peoria,IL,61615-2064,1951,1/1/1951 0:00:00,2,false,6405844,$6.41M,660,1,3,4
12028,DENOCOS,1244 GLENN ST,CRESCENT CITY,CA,95531-2113,1957,1/1/1957 0:00:00,2,false,6373435,$6.37M,734,1,1,2
62429,DU PONT EMPLOYEES,"801 35th Street,  Suite A",Fort Madison,IA,52627,1949,2/24/1949 0:00:00,2,false,6370910,$6.37M,613,0,2,2
63676,COLUMBIANA COUNTY SCHOOL EMPL,"330B N Market St, PO Box 444",Lisbon,OH,44432-1146,1955,4/11/1955 0:00:00,2,false,6370182,$6.37M,873,2,1,3
5345,MONTGOMERY VA,345 PERRY HILL RD,MONTGOMERY,AL,36109,1946,1/1/1946 0:00:00,2,false,6368645,$6.37M,755,1,0,1
24430,FORT ROOTS,P.O. BOX 733,NORTH LITTLE RO,AR,72115,1935,2/4/1992 0:00:00,2,false,6355764,$6.36M,892,3,0,3
64645,ALABAMA POSTAL,P. O. Box 11627,Birmingham,AL,35202,1927,1/1/1927 0:00:00,2,false,6344175,$6.34M,902,2,2,4
15211,DISTRICT 58,PO BOX 110,CHASE,LA,71324,1962,1/1/1962 0:00:00,2,false,6320241,$6.32M,705,1,0,1
67785,TOPEKA POLICE,320 S KANSAS AVE STE 100,TOPEKA,KS,66603-3644,1952,4/13/1952 0:00:00,2,false,6311242,$6.31M,1037,2,1,3
15265,WARE COUNTY SCHOOL EMPLOYEES,1301 BAILEY ST,WAYCROSS,GA,31501,1962,1/1/1962 0:00:00,2,false,6296282,$6.30M,800,2,0,2
9497,SHAWNEE TVA EMPLOYEES,7755 METROPOLIS LAKE RD,WEST PADUCAH,KY,42086,1954,1/1/1954 0:00:00,2,false,6254697,$6.25M,959,0,3,3
24506,EPISCOPAL COMMUNITY,840 Echo Park Ave,Los Angeles,CA,90026,1994,5/6/1994 0:00:00,2,true,6238440,$6.24M,1015,1,1,2
23287,VULCRAFT EMPLOYEES,PO BOX 1000,ST JOE,IN,46785,1978,11/16/1978 0:00:00,2,false,6215142,$6.22M,730,0,3,3
11458,MOORE COUNTY SCHOOLS,1114 E 1st St,Dumas,TX,79029-3301,1956,1/1/1956 0:00:00,2,false,6194538,$6.19M,812,2,1,3
12225,RAPIDES,612 BROADWAY AVE,ALEXANDRIA,LA,71302,1958,1/1/1958 0:00:00,2,true,6188644,$6.19M,1149,3,1,4
60873,PEORIA CITY EMPLOYEES,"Peoria City Employees Credit Union,",Peoria,IL,61603-3766,1955,1/1/1955 0:00:00,2,false,6187276,$6.19M,1009,1,3,4
10614,KEARNY MUNICIPAL EMPLOYEES,645 kearny ave,kearny,NJ,07032,1955,1/1/1955 0:00:00,2,false,6182379,$6.18M,708,0,4,4
14824,MEMORIAL,PO BOX 1810,GULFPORT,MS,39502-1810,1962,1/1/1962 0:00:00,2,false,6174030,$6.17M,1157,3,2,5
60582,RIG EMPLOYEES,100 Graphic Packaging Int Way,Macon,GA,31206,1949,1/1/1949 0:00:00,2,false,6149498,$6.15M,606,1,0,1
65905,PEORIA BELL,8103 N University St,Peoria,IL,61615,1935,12/30/1935 0:00:00,2,false,6145620,$6.15M,612,2,0,2
19045,NEWELL,"309 Long St, P.O. Box 7",Newell,PA,15466,1968,1/1/1968 0:00:00,2,false,6140600,$6.14M,909,2,0,2
2208,UTICA POLICE DEPARTMENT,"UTICA POLICE DEPT.FCU, 413 ORISKANY",UTICA,NY,13502,1937,1/1/1937 0:00:00,2,false,6104272,$6.10M,607,0,2,2
798,TRANSIT AUTHORITY DIVISION B,3961 10th Avenue Room 230,New York,NY,10034,1935,1/1/1935 0:00:00,2,true,6103956,$6.10M,1525,3,0,3
3558,SUGAR VALLEY,PO BOX 745,SCOTTSBLUFF,NE,69363,1940,1/1/1940 0:00:00,2,false,6101352,$6.10M,1542,3,0,3
22681,TWIN OAKS,PO Box 70,Apple Grove,WV,25502,1977,3/28/1977 0:00:00,2,false,6054424,$6.05M,1154,4,0,4
14505,GRIFFITH INSTITUTE EMPLOYEES,"64 East Main Street, Suite 3",Springville,NY,14141,1961,1/1/1961 0:00:00,2,false,6047126,$6.05M,605,0,2,2
68529,LIGHT COMMERCE,PO Box 670494,HOUSTON,TX,77267,2004,1/17/2004 0:00:00,2,true,6030708,$6.03M,844,2,0,2
67078,HOLLYFRONTIER EMPLOYEE'S,P O Box 666,Bountiful,UT,84011,1940,1/1/1940 0:00:00,2,false,6025839,$6.03M,742,1,1,2
2158,NATURAL RESOURCES CONSERVATION SERV,P O Box 6567,Fort Worth,TX,76115-0567,1937,1/1/1937 0:00:00,2,false,6014473,$6.01M,737,1,0,1
23467,VALLEY PRIDE,"New Bridge Center # 120-121, 480 Pi",Kingston,PA,18704,1979,8/10/1979 0:00:00,2,false,6014020,$6.01M,600,2,0,2
67831,ALLEN HOSPITAL PERSONNEL,1825 Logan Avenue,Waterloo,IA,50703-1916,1961,7/31/1961 0:00:00,2,false,6012155,$6.01M,861,2,1,3
60396,SKEL-TEX,PO Box 660,skellytown,TX,79080,1964,1/1/1964 0:00:00,2,false,5986178,$5.99M,543,1,2,3
63468,VALLEY EDUCATORS,910 Main St,Alamosa,CO,81101,1959,5/4/1959 0:00:00,2,true,5979931,$5.98M,1016,3,0,3
22322,FIRST CARE,109 Highland Ave SW,Roanoke,VA,24016,1976,3/18/1976 0:00:00,2,false,5953695,$5.95M,1263,2,1,3
60409,COBURN,P.O. Box 2177,Beaumont,TX,77701,1952,1/1/1952 0:00:00,2,false,5945983,$5.95M,941,1,0,1
21968,LOUISIANA BAPTIST,1250 macarthur dr,alexandria,LA,71303-3124,1975,3/28/1975 0:00:00,2,false,5941790,$5.94M,795,2,0,2
16016,PAWTUCKET MUNICIPAL EMPLOYEES,137 ROOSEVELT AVE.,PAWTUCKET,RI,02860-2129,1964,1/1/1964 0:00:00,2,false,5928457,$5.93M,1374,2,2,4
60715,SOUTH CAROLINA METHODIST CONF,PO BOX 11335,COLUMBIA,SC,29211,1955,1/1/1955 0:00:00,2,false,5925316,$5.93M,1003,1,3,4
6112,WATERTOWN POSTAL,"232 COMMERCE PARK DR, P O BOX 6601",WATERTOWN,NY,13601,1949,1/1/1949 0:00:00,2,false,5919741,$5.92M,503,0,3,3
67933,CONTAINER MUTUAL,PO Box 2000,Fernandina Beac,FL,32035,1941,6/16/1941 0:00:00,2,false,5902849,$5.90M,572,1,1,2
17679,HEALTH ALLIANCE,230 HIGHLAND AVE,SOMERVILLE,MA,02143-1408,1966,1/1/1966 0:00:00,2,false,5896535,$5.90M,1226,2,0,2
61946,RINCONES PRESBYTERIAN,PO BOX 149,CHACON,NM,87713,1960,1/1/1960 0:00:00,2,true,5895032,$5.90M,730,2,0,2
67578,NCE,"901 LEOPARD STREET, COUNTY COURTHOU",CORPUS CHRISTI,TX,78401-3808,1966,12/13/1966 0:00:00,2,true,5863759,$5.86M,1349,3,0,3
65862,NEW HAVEN FIREFIGHTERS,P.O. BOX 413,NEW HAVEN,CT,06513,1951,1/1/1951 0:00:00,2,false,5859563,$5.86M,720,0,3,3
66044,REGIONAL WATER AUTHORITY EMPLOYEES,90 Sargent Drive,New Haven,CT,06511,1955,2/28/1955 0:00:00,2,false,5826157,$5.83M,462,1,1,2
2127,WEST HUDSON TEACHERS,180 Prospect Ave,North Arlington,NJ,07031-5808,1937,1/1/1937 0:00:00,2,false,5823267,$5.82M,811,1,1,2
19881,OHIO COUNTY PUBLIC SCHOOLS,280 FULTON ST,WHEELING,WV,26003,1970,1/5/1970 0:00:00,2,false,5758460,$5.76M,620,3,0,3
62624,ST. JAMES PARISH,6195 Cheviot Rd,Cincinnati,OH,45247-6120,1939,1/1/1939 0:00:00,2,false,5754716,$5.75M,803,1,3,4
11992,ST. PASCHAL BAYLONS,5384 WILSON MILLS RD,HIGHLAND HEIGHT,OH,44143-3023,1957,10/1/1957 0:00:00,2,false,5731976,$5.73M,258,0,2,2
17112,NORWOOD TOWN EMPLOYEES,PO Box 340,Norwood,MA,02062-4330,1965,1/1/1965 0:00:00,2,false,5714898,$5.71M,778,0,3,3
63891,LATVIAN,3152 17th Ave S,Minneapolis,MN,55407,1965,1/1/1965 0:00:00,2,false,5710495,$5.71M,731,2,0,2
10729,THE NEW HAVEN POLICE AND MUNICIPAL,1 Union Ave,New Haven,CT,06519,1956,1/1/1956 0:00:00,2,true,5706058,$5.71M,837,2,2,4
15174,LEE,Post Office Box 1741,Washington,DC,20013,1962,1/1/1962 0:00:00,2,true,5692462,$5.69M,251,0,2,2
795,HUNTINGTON WEST VA FIREMENS,PO Box 2133,Huntington,WV,25721-2133,1935,11/30/1935 0:00:00,2,false,5689542,$5.69M,645,0,3,3
61963,OLD SPANISH TRAIL,P O BOX 37,WESTLAKE,LA,70669,1941,1/1/1941 0:00:00,2,false,5685385,$5.69M,928,3,0,3
63830,SIKESTON PUBLIC SCHOOLS,PO BOX 1971,Sikeston,MO,63801-2241,1976,2/19/1976 0:00:00,2,false,5660228,$5.66M,1193,0,0,0
22400,BROSNAN YARD,1038 GUY PAINE RD,MACON,GA,31206,1976,5/24/1976 0:00:00,2,false,5657225,$5.66M,1196,2,0,2
8940,MODERN EMPLOYEES,1727 MOSELEY ST,OWENSBORO,KY,42303-3830,1953,1/1/1953 0:00:00,2,false,5654878,$5.65M,517,3,0,3
146,TEL-U-WATT,P. O. BOX 3070,MINOT,ND,58702-3070,1935,1/1/1935 0:00:00,2,false,5654530,$5.65M,352,0,2,2
20463,N. J. LATVIAN,1017 State Route 33,Freehold,NJ,07728-8440,1971,1/1/1971 0:00:00,2,false,5654349,$5.65M,136,0,2,2
18816,S.T.E.C.,PO BOX 151,NURSERY,TX,77976,1968,1/1/1968 0:00:00,2,false,5635870,$5.64M,697,2,0,2
7024,SOUTH TEXAS REGIONAL,220 W Hillside Rd Ste 15,Laredo,TX,78041,1950,1/1/1950 0:00:00,2,true,5627158,$5.63M,1352,3,0,3
64462,NORTHEAST SCHOOLS AND HOSPITAL,189 E Main St Ste C,Newport,VT,05855-5562,1969,4/16/1969 0:00:00,2,false,5619567,$5.62M,1003,2,0,2
24946,FOR MEMBERS ONLY,5656 S Stony Island Ave,Chicago,IL,60637-1906,2023,2/3/2023 0:00:00,2,true,5613960,$5.61M,11283,2,0,2
14815,LOCAL 355 MD,1030 S DUKELAND ST,BALTIMORE,MD,21223-3303,1962,1/1/1962 0:00:00,2,false,5602517,$5.60M,1442,1,0,1
81553,EFFINGHAM HIGHWAY,P.O. Box 1161,Effingham,IL,62401,0,1/1/1900 0:00:00,2,false,5591732,$5.59M,1010,1,1,2
65039,POLK COUNTY,"111 COURT AVE STE 110, ADMINISTRATI",DES MOINES,IA,50309-2219,1955,1/1/1955 0:00:00,2,false,5589245,$5.59M,653,2,0,2
17681,TOMBIGBEE,P O DRAWER 539,AMORY,MS,38821,1966,1/1/1966 0:00:00,2,false,5574112,$5.57M,1084,0,3,3
22740,HSM,PO BOX 128,HICKORY,NC,28603,1977,6/1/1977 0:00:00,2,false,5572086,$5.57M,2160,3,1,4
13544,POLY SCIENTIFIC EMPLOYEES,1213 N MAIN ST,BLACKSBURG,VA,24060,1960,1/1/1960 0:00:00,2,false,5561490,$5.56M,696,0,2,2
61765,CENTRAL KANSAS EDUCATION,1101 S Ohio St. Ste D,Salina,KS,67401-6212,1960,1/1/1960 0:00:00,2,false,5559611,$5.56M,792,1,3,4
65427,CARBONDALE HIGHWAY,PO Box 713,Carbondale,IL,62903,1951,1/1/1951 0:00:00,2,false,5557126,$5.56M,695,3,0,3
67855,TRI-COUNTY,PO BOX 55,GRINNELL,KS,67738-0055,1960,11/17/1960 0:00:00,2,false,5516480,$5.52M,478,1,1,2
16979,LOCAL 606 ELECTRICAL WORKERS,820 VIRGINIA DR,ORLANDO,FL,32803-2530,1965,1/1/1965 0:00:00,2,false,5486460,$5.49M,410,2,0,2
61559,DEMING SCHOOLS EMPLOYEES,PO BOX 1494,DEMING,NM,88031-1494,1954,1/1/1954 0:00:00,2,false,5485962,$5.49M,859,2,0,2
19017,ST. PATS EMPLOYEES,500 W Broadway St,Missoula,MT,59802-4008,1968,1/1/1968 0:00:00,2,false,5484746,$5.48M,663,1,0,1
64967,A.S.H. EMPLOYEES,PO BOX 644,ANNA,IL,62906,1952,1/1/1952 0:00:00,2,false,5478228,$5.48M,1157,2,0,2
67687,MACON FIREMEN'S,899 Oglethorpe St,MACON,GA,31201-6801,1942,4/18/1942 0:00:00,2,false,5477801,$5.48M,669,2,0,2
9000,NICKEL STEEL,1067 s. main st.,lima,OH,45804-2043,1953,11/10/1953 0:00:00,2,false,5477486,$5.48M,524,3,0,3
66499,MADISON FIRE DEPARTMENT,1437 MONROE ST,MADISON,WI,53711-2018,1931,9/16/1931 0:00:00,2,false,5461939,$5.46M,850,0,2,2
1463,APPALACHIAN POWER EMPLOYEES,1122 7TH AVENUE,HUNTINGTON,WV,25701,1936,6/10/1936 0:00:00,2,false,5438189,$5.44M,836,2,0,2
18814,GARLAND COUNTY EDUCATORS,190 AVIATION PLZ STE E,HOT SPRINGS,AR,71913-5531,1968,1/1/1968 0:00:00,2,false,5427737,$5.43M,730,2,0,2
24623,BROOKLAND,949 Sunset Blvd,West Columbia,SC,29169,1999,5/24/1999 0:00:00,2,true,5409208,$5.41M,1238,4,2,6
18144,MONTOURSVILLE AREA,999 N LOYALSOCK AVE STE A,MONTOURSVILLE,PA,17754,1967,1/1/1967 0:00:00,2,false,5396556,$5.40M,686,2,1,3
67703,DEXTER PUBLIC SCHOOLS,1031 Brown Pilot Ln,Dexter,MO,63841-1803,1966,5/10/1966 0:00:00,2,false,5381604,$5.38M,683,1,0,1
24704,SOUTH SIDE COMMUNITY,"5401 S Wentworth Ave, Suite 25",Chicago,IL,60609,2003,9/10/2003 0:00:00,2,true,5377038,$5.38M,1500,4,1,5
8593,WATER'S EDGE,1976 Popps Ferry Road,Biloxi,MS,39532,1953,1/1/1953 0:00:00,2,false,5364872,$5.36M,614,2,0,2
20267,FRIO COUNTY,114 S Oak St,Pearsall,TX,78061-3220,1970,1/1/1970 0:00:00,2,false,5363851,$5.36M,1664,3,0,3
15797,IRON WORKERS,2201 Liberty Ave Ste 201,Pittsburgh,PA,15222-4512,1963,1/1/1963 0:00:00,2,false,5362773,$5.36M,3565,1,0,1
2794,HAXTUN COMMUNITY,P O Box 41,Haxtun,CO,8073180731,1938,1/1/1938 0:00:00,2,false,5346950,$5.35M,715,3,2,5
16278,SCHENECTADY COUNTY EMPLOYEES,388 Broadway Suite B,Schenectady,NY,12305,1964,1/1/1964 0:00:00,2,false,5327176,$5.33M,656,1,0,1
24930,CAPITAL,4210 50th Street Suite E,Lubbock,TX,79413,2021,10/21/2021 0:00:00,2,false,5321220,$5.32M,821,10,71,81
60293,DECATUR POLICEMEN,707 W South Side Dr,Decatur,IL,62521=4021,1936,1/1/1936 0:00:00,2,false,5312258,$5.31M,391,2,1,3
23327,SOUTHERN GAS,PO BOX 2600,LITTLE ROCK,AR,72203,1979,3/1/1979 0:00:00,2,false,5278999,$5.28M,512,2,0,2
61277,CHEMCO,1638 INDUSTRIAL RD,MC INTOSH,AL,36553-6609,1953,1/1/1953 0:00:00,2,false,5277054,$5.28M,361,1,1,2
21029,PORT OF HOUSTON WAREHOUSE,1717 East Loop N Ste 160,Houston,TX,77029-4018,1972,7/12/1972 0:00:00,2,false,5274490,$5.27M,269,1,1,2
13180,HEMPFIELD AREA,151 BUS GARAGE RD,GREENSBURG,PA,15601-6433,1959,1/1/1959 0:00:00,2,false,5263190,$5.26M,508,0,2,2
15938,SIXTH AVENUE BAPTIST,1101 MARTIN LUTHER KING JR DR,BIRMINGHAM,AL,35211-2841,1963,1/1/1963 0:00:00,2,true,5260309,$5.26M,841,2,0,2
23309,SISSETON-WAHPETON,P.O. Box 627,Agency Village,SD,57262,1979,1/30/1979 0:00:00,2,true,5257173,$5.26M,1181,5,2,7
2612,MULTI-SCHOOLS,1033 Main St,Wampum,PA,16157,1938,1/1/1938 0:00:00,2,false,5256878,$5.26M,752,1,2,3
67621,PAMPA MUNICIPAL,P.O.Box 1259,Pampa,TX,79066-1259,1953,5/20/1953 0:00:00,2,false,5234926,$5.23M,585,2,1,3
24958,NEW JERSEY STATE PBA,158 Main St,Woodbridge,NJ,07095-2108,2024,2/23/2024 5:00:00 AM,2,false,5220755,$5.22M,809,1,0,1
21057,C C M H,801 Ann St,Parkersburg,WV,26101,1972,8/24/1972 0:00:00,2,false,5216212,$5.22M,938,3,0,3
10180,FORT MORGAN SCHOOLS,PO Box 547,Fort Morgan,CO,80701,1955,1/1/1955 0:00:00,2,false,5212982,$5.21M,440,0,2,2
24234,OMEGA PSI PHI FRATERNITY,"568 Liberty Hill Rd, c/o Peach Stat",Toccoa,GA,30577-7996,1986,1/31/1986 0:00:00,2,true,5211411,$5.21M,2461,0,0,0
67829,HUTCHINSON POSTAL & COMMUNITY,2306 N MAIN ST,HUTCHINSON,KS,67502,1929,8/2/1929 0:00:00,2,false,5186581,$5.19M,713,3,0,3
20228,MONTELL,P O Box 3412,Sulphur,LA,70664-3412,1970,1/1/1970 0:00:00,2,false,5182194,$5.18M,682,0,2,2
67797,ELLIS,PO BOX 105,ELLIS,KS,67637,1952,4/14/1952 0:00:00,2,false,5157062,$5.16M,697,1,1,2
9907,DAKOTA RAIL LINE,270 4TH ST NE,HURON,SD,57350-1614,1954,1/1/1954 0:00:00,2,false,5155821,$5.16M,493,1,2,3
11285,CORNING GLASS WORKS HARRODSBG,680 E Office St,Harrodsburg,KY,40330,1956,1/1/1956 0:00:00,2,false,5146501,$5.15M,670,2,0,2
63715,GREENSBURG TEACHERS,270 ARBOR HILL RD,GREENSBURG,PA,15601-5947,1939,1/1/1939 0:00:00,2,false,5128100,$5.13M,641,1,1,2
24743,CHARLESTON POSTAL,1000 CENTRE WAY,CHARLESTON,WV,25309,1925,1/4/1993 0:00:00,2,false,5126793,$5.13M,667,2,1,3
6311,TVH,P.O. BOX 2151,TUSKEGEE,AL,36083,1949,1/1/1949 0:00:00,2,true,5125275,$5.13M,710,1,3,4
22083,E L C O,PO Box 6129,Elberton,GA,30635,1975,6/30/1975 0:00:00,2,false,5121829,$5.12M,673,1,1,2
17014,PENN-TRAFFORD SCHOOL EMP.,612 State Route 130 Apt 2,Trafford,PA,15085-1348,1965,1/1/1965 0:00:00,2,false,5106728,$5.11M,548,1,0,1
4611,NEWARK POLICE,1 LINCOLN AVE,NEWARK,NJ,07104,1941,1/1/1941 0:00:00,2,false,5085750,$5.09M,1198,3,1,4
65466,MORTON,121 Morton Drive,South Hutchinso,KS,67505-1319,1941,1/1/1941 0:00:00,2,false,5079625,$5.08M,777,3,0,3
15009,MORGAN CITY,PO BOX 610,MORGAN CITY,LA,70381,1962,1/1/1962 0:00:00,2,false,5067702,$5.07M,881,3,2,5
65840,I.B.E.W. LOCAL #146,3390 N Woodford St,Decatur,IL,62526,1958,1/10/1958 0:00:00,2,false,5064281,$5.06M,653,1,1,2
20513,ALCOA MUNICIPAL EMPLOYEES,727 UNIVERSAL ST,ALCOA,TN,37701,1971,1/1/1971 0:00:00,2,false,5054763,$5.05M,856,1,1,2
11459,WINSLOW SCHOOL EMPLOYEES,1520 W THIRD ST,WINSLOW,AZ,86047-2920,1956,12/27/1956 0:00:00,2,false,5050707,$5.05M,556,1,1,2
21615,SABINE SCHOOL EMPLOYEES,P O BOX 755,MANY,LA,71449,1974,4/15/1974 0:00:00,2,false,5047785,$5.05M,625,1,1,2
2467,NORTHSIDE L,1419 W Roosevelt Rd,Broadview,IL,60155,1937,12/4/1937 0:00:00,2,true,5047659,$5.05M,835,2,0,2
21879,P.H.I.,P O Box 82405,Lafayette,LA,70598-2405,1975,1/9/1975 0:00:00,2,false,5034762,$5.03M,861,3,0,3
2246,PARLIN DUPONT EMPLOYEES,"389 Washington Rd, Office 2",Sayreville,NJ,08872-1990,1937,1/1/1937 0:00:00,2,false,5030971,$5.03M,829,2,1,3
66259,ORLEANS PARISH SHERIFF'S,2800 Perdido Street,New Orleans,LA,70119,1983,8/22/1983 0:00:00,2,true,5028193,$5.03M,926,1,1,2
24905,COMMUNITY PARTNERS,P. O. BOX 5,NEWTON,MS,39345,1971,1/1/1971 0:00:00,2,true,5009474,$5.01M,2113,4,2,6
14185,KRAFTSMAN,PO Box 1241,Hopewell,VA,23860,1961,1/1/1961 0:00:00,2,false,5002644,$5.00M,461,0,2,2
9888,HB TELCO,375 3rd St SW,Huron,SD,57350-1945,1954,1/1/1954 0:00:00,2,false,4989217,$4.99M,1029,2,0,2
15522,LOCAL 265 IBEW,PO BOX 22725,LINCOLN,NE,68542,1963,1/1/1963 0:00:00,2,false,4984980,$4.98M,1402,1,1,2
1599,MCDONALD COMMUNITY,408 OHIO AVE,MC DONALD,OH,44437,1936,8/20/1936 0:00:00,2,false,4954634,$4.95M,738,2,1,3
24682,PIONEER COMMUNITY,PO BOX 117,PALISADE,NE,69040,2002,11/15/2002 0:00:00,2,false,4952793,$4.95M,722,2,0,2
20303,FARMERS BRANCH CITY EMPLOYEES,13515 BEE ST STE 400,FARMERS BRANCH,TX,75234-4787,1970,1/1/1970 0:00:00,2,false,4931614,$4.93M,450,0,0,0
67485,CORPUS CHRISTI S.P.,P.O. Box 556,Corpus Christi,TX,78403,1953,8/20/1953 0:00:00,2,true,4909666,$4.91M,620,2,0,2
10859,W T COMMUNITY,755 Ohio Pike,Cincinnati,OH,45245,1956,2/19/1956 0:00:00,2,false,4887715,$4.89M,622,5,2,7
17841,VALLEY AGRICULTURAL,1141 CUMMINGS RD,SANTA PAULA,CA,93060,1966,1/1/1966 0:00:00,2,false,4873162,$4.87M,569,0,3,3
67338,ELECTRICIANS' LOCAL 349,1657 NW 17TH  AVE,MIAMI,FL,33125,1947,9/24/1947 0:00:00,2,false,4854449,$4.85M,619,2,1,3
24894,MERIDIAN POSTAL,P O Box 654,Meridian,MS,39302-0654,1932,1/1/1932 0:00:00,2,false,4852675,$4.85M,344,0,3,3
24290,UNIVERSITY OF PENNSYLVANIA STUDENTS,"3401 Walnut St, Frnt 431A",Philadelphia,PA,19104,1987,2/18/1987 0:00:00,2,false,4847942,$4.85M,689,0,69,69
21875,TRI-COUNTY,"30 School St, PO Box 241",Delevan,NY,14042-9803,1974,1/9/1975 0:00:00,2,false,4831189,$4.83M,706,1,5,6
67549,MIDWESTERN STATE UNIVERSITY,3410 Taft Blvd,Wichita Falls,TX,76308,1955,4/6/1955 0:00:00,2,false,4830203,$4.83M,894,1,1,2
12508,SANTA MARIA ASSOCIATED EMPLOYEES,314 W Cook St Rm 1,Santa Maria,CA,93458-5557,1958,1/1/1958 0:00:00,2,false,4823055,$4.82M,1029,2,0,2
8339,PATERSON POLICE,111 Broadway,Paterson,NJ,07505-1124,1953,1/1/1953 0:00:00,2,false,4819309,$4.82M,533,0,4,4
64568,URBANA MUNICIPAL EMPLOYEES,1606 Willow View Rd Ste 1O,Urbana,IL,61802-7446,1950,1/1/1950 0:00:00,2,false,4804952,$4.80M,768,2,0,2
15234,CHESWICK ATOMIC DIVISION,PO Box 518,Harwick,PA,15049,1962,1/1/1962 0:00:00,2,false,4787238,$4.79M,475,0,2,2
24956,REVERE FIREFIGHTERS,199 Revere St,Revere,MA,02151,1957,4/8/1957 0:00:00,2,false,4749351,$4.75M,232,0,3,3
19446,MIDDLESEX-ESSEX POSTAL EMPLOYEES,PO Box 577,NORTH READING,MA,01864,1969,1/1/1969 0:00:00,2,false,4724913,$4.72M,644,0,2,2
7253,EAST BATON ROUGE TEACHERS,4836 Plank Rd,Baton Rouge,LA,70805,1951,1/1/1951 0:00:00,2,true,4715193,$4.72M,1580,2,1,3
67882,LYNN TEACHERS,33 NORTH COMMON STREET,LYNN,MA,01902-4311,1935,2/23/1935 0:00:00,2,false,4665032,$4.67M,679,1,1,2
24867,REDEEMER,"4160 W Spring Creek Pkwy, Suite 250",Plano,TX,75024,2015,8/26/2015 0:00:00,2,true,4663639,$4.66M,1022,2,1,3
24431,COOPERATIVE EXTENSION SERVICE,2301 S UNIVERSITY AVE,LITTLE ROCK,AR,72204-4940,1946,2/4/1992 0:00:00,2,false,4630335,$4.63M,733,2,1,3
13559,NOTEWORTHY,1900 Superior Avenue E. Suite #126,Cleveland,OH,44114,1960,3/3/1960 0:00:00,2,false,4626722,$4.63M,728,1,0,1
65239,BURLINGTON MUNICIPAL EMPLOYEES,418 Valley St,Burlington,IA,52601-5515,1939,1/1/1939 0:00:00,2,false,4625939,$4.63M,640,2,0,2
21575,BEKA,PO Box 312,Lindale,GA,30147,1974,3/14/1974 0:00:00,2,false,4619819,$4.62M,447,2,0,2
18423,S. C. H. D. DIST #7,PO Box 556,Orangeburg,SC,29116-0556,1967,1/1/1967 0:00:00,2,false,4617458,$4.62M,540,1,2,3
60190,PEORIA FIRE FIGHTERS,505 NE Monroe,Peoria,IL,61602,1952,1/1/1952 0:00:00,2,false,4606240,$4.61M,345,0,4,4
68144,HURD EMPLOYEES,200 W Church St,Greeneville,TN,37745-3806,1968,5/20/1994 0:00:00,2,false,4584559,$4.58M,423,1,1,2
9310,DELTA REFINING CO EMP,2385 Riverport Rd,Memphis,TN,38109,1954,1/1/1954 0:00:00,2,false,4574969,$4.57M,275,0,4,4
13516,LOCOGA,PO Box 5787,Valdosta,GA,31603,1960,1/1/1960 0:00:00,2,false,4557758,$4.56M,675,2,0,2
17250,CO-NE,113 CEDAR ST,JULESBURG,CO,80737,1966,1/1/1966 0:00:00,2,false,4513680,$4.51M,695,2,0,2
65111,OPTIONS,"5935 S Zang St, Unit 4",Littleton,CO,80127,1979,1/1/1979 0:00:00,2,false,4509591,$4.51M,558,2,0,2
62717,OAK LAWN MUNICIPAL EMPLOYEES,"9446 RAYMOND AVE, LOWER LEVEL",OAK LAWN,IL,60453,1962,1/1/1962 0:00:00,2,false,4507449,$4.51M,822,0,3,3
17849,ARKANSAS KRAFT EMPLOYEES,336 Highway 113,Morrilton,AR,72110,1966,1/1/1966 0:00:00,2,false,4506033,$4.51M,520,0,3,3
67156,UINTAH,PO BOX 805,VERNAL,UT,84078-0805,1955,1/1/1955 0:00:00,2,false,4504392,$4.50M,940,0,0,0
2348,GAF LINDEN EMPLOYEES,1 Campus Dr,Parsippany,NJ,07054-4404,1937,1/1/1937 0:00:00,2,false,4503617,$4.50M,499,1,0,1
9974,SHELBY/BOLIVAR COUNTY,630 GAINES HWY,BOYLE,MS,38730,1955,1/1/1955 0:00:00,2,true,4501422,$4.50M,1962,3,1,4
22953,AVH,1301 carlisle st,natrona heights,PA,15065,1978,1/20/1978 0:00:00,2,false,4499148,$4.50M,573,1,1,2
8967,DAVISON EMPLOYEES,PO BOX 2358,SULPHUR,LA,70664,1953,1/1/1953 0:00:00,2,false,4491523,$4.49M,671,2,1,3
23974,YOGAVILLE,108 Yogaville Way,Buckingham,VA,23921,1983,1/21/1983 0:00:00,2,false,4487709,$4.49M,394,1,1,2
64688,LISBON FARMERS UNION,PO BOX AB,LISBON,ND,58054-4113,1945,1/1/1945 0:00:00,2,false,4481065,$4.48M,237,1,1,2
888,COXSACKIE CORRECTIONAL EMP.,11260 State Route 9W STE 1,Coxsackie,NY,12051-3030,1935,1/1/1935 0:00:00,2,false,4453021,$4.45M,584,0,2,2
68603,NUEVA ESPERANZA COMMUNITY,PO Box 9875,Toledo,OH,43697,2010,6/29/2010 0:00:00,2,true,4445067,$4.45M,712,3,0,3
67468,HIGHWAY DISTRICT 2,P O Box 330932,Fort Worth,TX,76163,1958,9/5/1958 0:00:00,2,false,4439547,$4.44M,665,2,0,2
14972,NORMAL CITY EMPLOYEES,100 East Phoenix Avenue,Normal,IL,61761,1962,4/24/1962 0:00:00,2,false,4423147,$4.42M,593,0,3,3
65040,GAS & ELECTRIC EMPLOYEES,1602 S Monroe Ave,mason city,IA,50401,1932,1/1/1932 0:00:00,2,false,4401544,$4.40M,372,0,2,2
24784,NEW COVENANT DOMINION,1185 Boston Rd,Bronx,NY,10456-5384,2007,3/23/2007 0:00:00,2,true,4377731,$4.38M,660,3,0,3
5781,ZIEGLER,901 W 94TH ST,BLOOMINGTON,MN,55420-4235,1948,1/1/1948 0:00:00,2,false,4365603,$4.37M,705,0,2,2
2495,CHICAGO AVENUE GARAGE,"4909 W Division Street, Suite 403",Chicago,IL,60651-3161,1937,12/29/1937 0:00:00,2,true,4345765,$4.35M,549,0,3,3
19432,FO ME BO CO,P. O. BOX 398,WABASH,IN,46992,1969,5/12/1969 0:00:00,2,false,4314326,$4.31M,684,2,0,2
64917,DUBUQUE POSTAL EMPLOYEES,1155 LORAS BLVD,DUBUQUE,IA,52001,1927,3/12/1979 0:00:00,2,false,4312105,$4.31M,302,1,0,1
67651,INTERCORP,1100 SW 15TH AVE,AMARILLO,TX,79102,1941,1/29/1941 0:00:00,2,false,4284919,$4.28M,620,2,0,2
4906,TRENTON NJ FIREMEN,244 PERRY ST,TRENTON,NJ,08618-3926,1942,1/1/1942 0:00:00,2,false,4276764,$4.28M,786,0,5,5
20147,TEAM FINANCIAL,2190 North Loop W Ste 108,Houston,TX,77018-8007,1970,1/1/1970 0:00:00,2,true,4254884,$4.25M,982,0,0,0
67715,OUR LADY OF SNOWS,268 Highway H,Henley,MO,65040,1961,6/9/1961 0:00:00,2,false,4248014,$4.25M,859,1,4,5
16769,DELAWARE RIVER & BAY AUTH EMP,PO BOX 71,NEW CASTLE,DE,19720,1965,4/14/1965 0:00:00,2,false,4239815,$4.24M,396,0,5,5
10746,UPSTATE TELCO,137 Harrison Street,Gloversville,NY,12078,1956,1/1/1956 0:00:00,2,false,4217862,$4.22M,527,1,1,2
15565,BELTON,PO BOX 269,BELTON,TX,76513,1963,1/1/1963 0:00:00,2,false,4178752,$4.18M,790,2,0,2
13248,S H P E,POST OFFICE BOX 487,GREENSBURG,LA,70441,1959,1/1/1959 0:00:00,2,true,4156414,$4.16M,1310,3,0,3
16770,MUW,1100 College St # 41,Columbus,MS,39701-5821,1965,1/1/1965 0:00:00,2,false,4136858,$4.14M,441,3,1,4
67469,HIGHWAY DISTRICT 9,2417 COLUMBUS AVE,WACO,TX,76701,1953,7/28/1953 0:00:00,2,false,4116694,$4.12M,714,2,0,2
61055,CHEM FAMILY,702 Clydesdale Av,Anniston,AL,36201,1928,1/1/1928 0:00:00,2,false,4075457,$4.08M,179,0,1,1
67779,P.I.A.S.,5200 Maryland Way Ste 301,Brentwood,TN,37027-5072,1961,12/16/1991 0:00:00,2,false,4047985,$4.05M,543,2,1,3
20529,G. C. A.,P O BOX 7278,LAKE CHARLES,LA,70606,1971,1/1/1971 0:00:00,2,false,4045641,$4.05M,785,2,0,2
67783,C & R,P.O. Box 896,Clay Center,KS,67432-2502,1962,2/13/1962 0:00:00,2,false,4043172,$4.04M,678,2,0,2
4488,T H P,PO Box 2106,Terre Haute,IN,47802,1941,5/12/1941 0:00:00,2,false,4035933,$4.04M,904,2,0,2
11331,M D U EMPLOYEES,210 S. Merrill Ave,Glendive,MT,59330,1956,1/1/1956 0:00:00,2,false,4013485,$4.01M,487,1,1,2
18446,ASBESTOS WORKERS LOCAL 14,2014 Hornig Rd,Philadelphia,PA,19116,1967,1/1/1967 0:00:00,2,false,4011652,$4.01M,491,0,0,0
2003,MCKEESPORT AREA PUBLIC SCHOOL EMP,3590 ONEIL BLVD,MCKEESPORT,PA,15132,1937,1/1/1937 0:00:00,2,false,4008841,$4.01M,542,1,0,1
6443,BAYONNE CITY EMPLOYEES,630 Avenue C,Bayonne,NJ,07002-3878,1949,1/1/1949 0:00:00,2,false,4001000,$4.00M,681,1,1,2
4393,SUNKIST EMPLOYEES,27770 N Entertainment Dr,Valencia,CA,91355-1092,1941,3/26/1941 0:00:00,2,true,3997580,$4.00M,508,1,1,2
67624,OAK FARMS EMPLOYEES,PO BOX 1270,HOUSTON,TX,77251,1953,4/17/1953 0:00:00,2,false,3992015,$3.99M,747,2,1,3
67480,THD DISTRICT 17,PO Box 1312,Bryan,TX,77806,1955,12/9/1955 0:00:00,2,false,3971798,$3.97M,499,2,1,3
14708,MACHINISTS - BOILERMAKERS,25 Cornell Ave,Gladstone,OR,97027,1961,11/28/1961 0:00:00,2,false,3971508,$3.97M,490,1,1,2
12900,KENNAFORD,442 Chalybeate Road,Bedford,PA,15522,1959,1/1/1959 0:00:00,2,false,3953211,$3.95M,700,1,1,2
67456,EVERMAN PARKWAY,1216 EVERMAN PKWY,FORT WORTH,TX,76140-5002,1953,4/20/1953 0:00:00,2,false,3939528,$3.94M,564,1,1,2
24539,TRANSIT OPERATIONS,725 N 7TH ST,MINNEAPOLIS,MN,55411,1936,3/14/1995 0:00:00,2,true,3937845,$3.94M,638,1,0,1
23125,PENINSULA GEN HOSP&MED CENTR EMPLS,100 E Carroll St,Salisbury,MD,21801,1978,6/28/1978 0:00:00,2,false,3913128,$3.91M,833,0,3,3
24919,GROWING OAKS,299 Industrial Blvd,Goldsby,OK,73093,2020,8/7/2020 0:00:00,2,false,3912019,$3.91M,468,3,2,5
22527,WEST MONROE,2305 North 7th Street,West Monroe,LA,71291,1976,9/27/1976 0:00:00,2,false,3910158,$3.91M,407,2,0,2
62258,COAST GUARD EMPLOYEES,"Hale Boggs Federal Building, 500 Po",New Orleans,LA,70130,1950,10/3/1950 0:00:00,2,false,3895328,$3.90M,610,1,2,3
10393,ELECTRICAL WORKERS LOCAL 130,3200 RIDGELAKE DR STE 304,METAIRIE,LA,70002-4960,1955,1/1/1955 0:00:00,2,false,3894073,$3.89M,1480,2,0,2
2641,BAYONNE SCHOOL EMPLOYEES,667 AVENUE A,BAYONNE,NJ,07002,1938,1/1/1938 0:00:00,2,false,3893118,$3.89M,1055,0,3,3
23630,B. M. H.,PO BOX 3060,CLEVELAND,TN,37320,1980,3/26/1980 0:00:00,2,false,3878262,$3.88M,476,2,1,3
12274,PLAINS,P. O. Box 670,Plainview,TX,79073,1958,1/1/1958 0:00:00,2,false,3858037,$3.86M,442,2,1,3
13481,WESTERN SPRINGS,810 HILLGROVE AVE.,WESTERN SPRINGS,IL,60558,1960,2/3/1960 0:00:00,2,false,3837807,$3.84M,467,0,2,2
24612,FAIRMONT SCHOOL EMPLOYEES,900 JOHNSON ST,FAIRMONT,MN,56031,1957,1/1/1957 0:00:00,2,false,3833826,$3.83M,529,0,3,3
23245,TRINITY U.C.C.,400 W 95th S,Chicago,IL,60628-1120,1978,11/20/1978 0:00:00,2,true,3816961,$3.82M,671,0,1,1
14376,LOUISIANA MACHINERY EMPLOYEES,"2414 Ferrand St Ste 4, Louisiana Ma",Monroe,LA,71201-3249,1961,1/1/1961 0:00:00,2,false,3775869,$3.78M,691,2,0,2
68513,SMART CHOICE,1075 BLYTHE AVE SE,CLEVELAND,TN,37311-2948,2003,1/9/2003 0:00:00,2,true,3771933,$3.77M,948,2,0,2
6318,HOUSTON BELT & TERMINAL,9810 FM 1960 BYPASS RD W STE 105,HUMBLE,TX,77338-3573,1949,1/1/1949 0:00:00,2,false,3753617,$3.75M,593,2,0,2
2414,ROBERTS DAIRY EMPLOYEES,P.O. BOX 0366,OMAHA,NE,68101-0366,1937,1/1/1937 0:00:00,2,false,3731030,$3.73M,559,2,0,2
11123,S R I EMPLOYEES,2016 10th Ave S Ste 102A,Birmingham,AL,35205,1956,1/1/1956 0:00:00,2,false,3711291,$3.71M,163,0,2,2
67417,UNION PACIFIC EMPLOYEES,550 Lindbergh DR,Beaumont,TX,77707,1953,3/9/1953 0:00:00,2,false,3703568,$3.70M,642,2,0,2
8001,MVP POSTAL AND PRINTING,16501 SHADY GROVE RD,GAITHERSBURG,MD,20898,1952,1/1/1952 0:00:00,2,false,3700325,$3.70M,587,1,0,1
18405,CHULA VISTA CITY EMPLOYEES,276 Fourth Avenue,Chula Vista,CA,91910,1967,1/1/1967 0:00:00,2,false,3689598,$3.69M,541,1,0,1
1134,CO-OPERATIVE,PO BOX 307,WOODRIDGE,NY,12789,1936,1/1/1936 0:00:00,2,false,3678945,$3.68M,437,3,0,3
3790,SCIENCE PARK,2 AMITY RD,NEW HAVEN,CT,06515,1940,1/1/1940 0:00:00,2,true,3672187,$3.67M,602,1,1,2
1343,EMPIRT 207,"3961 10th Ave, Rm. 234",new york,NY,10034,1936,1/1/1936 0:00:00,2,true,3667691,$3.67M,796,0,5,5
21710,GOODYEAR SAN ANGELO,PO BOX 232,SAN ANGELO,TX,76902-0232,1974,6/20/1974 0:00:00,2,false,3662209,$3.66M,346,1,2,3
11761,PECO,6201 Hwy 180 East,Mineral Wells,TX,76067,1957,1/1/1957 0:00:00,2,false,3660294,$3.66M,810,2,0,2
13634,KELLOGG MEMPHIS EMPLOYEES,2168 FRISCO AVE,MEMPHIS,TN,38114-4621,1960,1/1/1960 0:00:00,2,false,3648445,$3.65M,526,2,0,2
14172,METREX,P O Box 157,Kenilworth,NJ,07033,1961,1/1/1961 0:00:00,2,false,3637186,$3.64M,411,1,2,3
24532,COVENANT SAVINGS,2904 E. Stan Schlueter loop Bldg. A,Killeen,TX,76542,1994,12/5/1994 0:00:00,2,true,3634376,$3.63M,1189,2,2,4
4192,BELMONT MUNICIPAL,PO BOX 56,BELMONT,MA,02478,1940,1/1/1940 0:00:00,2,false,3622860,$3.62M,386,2,0,2
24695,NEBRASKA RURAL COMMUNITY,PO Box 747,Morrill,NE,69358,2003,6/16/2003 0:00:00,2,false,3621901,$3.62M,614,2,0,2
63903,RADIO CAB,1613 NW KEARNEY ST,PORTLAND,OR,97209-2312,1948,4/23/1948 0:00:00,2,false,3614860,$3.61M,193,1,0,1
15063,NEW KENSINGTON MUNICIPAL,301 11th St,New Kensington,PA,15068-6179,1962,1/1/1962 0:00:00,2,false,3613945,$3.61M,246,1,1,2
22695,GREAT HORIZONS,7550 Hohman Ave,Munster,IN,46321,1977,4/15/1977 0:00:00,2,false,3607335,$3.61M,451,1,1,2
1851,UTILITY EMPLOYEES,PO BOX 480,ABERDEEN,WA,98520,1936,1/1/1936 0:00:00,2,false,3593605,$3.59M,365,0,3,3
2583,SAINT NICHOLAS,PO Box 1213,Wilkes Barre,PA,18703,1938,1/1/1938 0:00:00,2,false,3582845,$3.58M,925,1,7,8
9102,F.F.E.,P. O. BOX 2551,FARGO,ND,58108-2551,1954,1/1/1954 0:00:00,2,false,3564848,$3.56M,446,0,2,2
15928,TROY,2175 6TH AVE,TROY,NY,12180,1963,1/1/1963 0:00:00,2,false,3557057,$3.56M,524,1,2,3
17371,SMMH,815 Freeport Road,Pittsburgh,PA,15215,1966,1/1/1966 0:00:00,2,false,3540315,$3.54M,766,1,1,2
68291,GEORGIA GUARD,1030 SHURLING DR,MACON,GA,31211,1997,5/21/1997 0:00:00,2,false,3513173,$3.51M,710,3,0,3
22340,SUNCOMP EMPLOYEES,15559 Lee Hwy,BRISTOL,VA,24202-3801,1976,3/26/1976 0:00:00,2,false,3495117,$3.50M,235,1,0,1
12794,POWELL SCHOOLS,PO Box 369,Powell,WY,82435-1960,1959,1/1/1959 0:00:00,2,false,3483980,$3.48M,393,0,2,2
62936,N.O. PORT COMMISSION EMPLOYEES,P O BOX 60046,New Orleans,LA,70130-1805,1952,1/23/1952 0:00:00,2,false,3479994,$3.48M,575,0,3,3
21240,POCONO MEDICAL CENTER,PO BOX 1144,East Stroudsbur,PA,18301,1973,4/23/1973 0:00:00,2,false,3471173,$3.47M,898,1,1,2
3575,BRIDGEPORT POST OFFICE,P.O. Box 349,Bridgeport,CT,06601,1940,1/1/1940 0:00:00,2,false,3464238,$3.46M,486,0,4,4
24910,OTOE-MISSOURIA,7480 Highway 177 Ste A,Red Rock,OK,74651,2019,3/25/2019 0:00:00,2,true,3450080,$3.45M,713,4,0,4
5524,CHRISTO REY,15246 VOLLMER RD,NEY,OH,43549-9773,1947,6/20/1947 0:00:00,2,false,3444945,$3.44M,525,0,1,1
12440,"MASTERS, MATES & PILOTS (MM&P)",700 Maritime Blvd,Linthicum,MD,21090,1958,1/1/1958 0:00:00,2,false,3437493,$3.44M,611,1,0,1
67531,DEL RIO S.P.,106 N MAIN ST,DEL RIO,TX,78840,1954,5/12/1954 0:00:00,2,true,3386663,$3.39M,762,3,0,3
12826,BASF CHATTANOOGA,2120 POLYMER DR,CHATTANOOGA,TN,37421-2207,1959,1/1/1959 0:00:00,2,false,3383703,$3.38M,423,1,0,1
16520,TVA MID-SOUTH,PO Box 918,Memphis,TN,38101,1964,1/1/1964 0:00:00,2,false,3377124,$3.38M,173,0,2,2
64943,DES MOINES FIRE DEPARTMENT,1330 MULBERRY,DES MOINES,IA,50309,1931,1/1/1931 0:00:00,2,false,3351531,$3.35M,935,0,3,3
61518,HERSHEY ROBINSON EMPLOYEES,1401 W Main St,Robinson,IL,62454-1263,1973,1/1/1973 0:00:00,2,false,3318951,$3.32M,685,1,1,2
1130,LONGVIEW,108 Carmon Ct,White Oak,TX,75693,1936,1/1/1936 0:00:00,2,false,3315784,$3.32M,516,2,1,3
21368,VIDOR TEACHERS,1255 N Main St,Vidor,TX,77662-3740,1973,7/27/1973 0:00:00,2,false,3287062,$3.29M,473,1,0,1
96799,U.P.S.,700 W Pete Rose Way Ste 150,Cincinnati,OH,45203-1917,0,1/1/1900 0:00:00,2,false,3283083,$3.28M,626,2,0,2
61393,LEE COUNTY,PO BOX 907,KEOKUK,IA,52632,1966,1/1/1966 0:00:00,2,false,3282256,$3.28M,530,2,0,2
24940,PEOPLE TRUST COMMUNITY,4103 E Broadway St,North Little Ro,AR,72117-4120,2022,9/16/2022 0:00:00,2,true,3276409,$3.28M,1796,7,1,8
24167,NEW COMMUNITY,274 S Orange Ave,Newark,NJ,07103-2419,1984,11/29/1984 0:00:00,2,true,3251527,$3.25M,3531,3,0,3
65256,SPRINGFIELD FIREFIGHTERS,2401 Peoria Rd,Springfield,IL,62702-1200,1938,1/1/1938 0:00:00,2,false,3250806,$3.25M,369,1,0,1
24683,UNITED NEIGHBORHOOD,1434 Poplar St,Augusta,GA,30901,2002,11/25/2002 0:00:00,2,true,3241380,$3.24M,645,3,0,3
23990,ANDALUSIA MILLS EMPLOYEES CREDIT AS,200 WAITS DR,ANDALUSIA,AL,36421,1983,2/28/1983 0:00:00,2,false,3226321,$3.23M,863,1,1,2
5960,U.S.B. EMPLOYEES,300 Falcon St.,Wilmington,CA,90744-6407,1949,1/1/1949 0:00:00,2,false,3200485,$3.20M,301,0,1,1
24935,UNITY OF EATONVILLE,323 E Kennedy Blvd Ste F,Eatonville,FL,32751,2021,12/21/2021 0:00:00,2,true,3192623,$3.19M,404,1,1,2
16014,COFFEE COUNTY TEACHERS,1006 Madison Ave N,Douglas,GA,31533-3128,1964,1/1/1964 0:00:00,2,false,3166285,$3.17M,923,2,1,3
12771,PUERTO RICO EMPLOYEE GROUPS,P.O. BOX 11940,SAN JUAN,PR,00922,1959,1/1/1959 0:00:00,2,true,3158810,$3.16M,861,2,2,4
67414,FEDERAL EMPLOYEES,PO BOX 433,TEXARKANA,TX,75504,1932,2/5/1932 0:00:00,2,false,3154969,$3.15M,369,2,0,2
17311,DEMOPOLIS,PO BOX 727,DEMOPOLIS,AL,36732,1966,1/1/1966 0:00:00,2,true,3145506,$3.15M,734,1,0,1
5839,SOUTHEAST LOUISIANA VETERANS HEALTH,"2400 Canal Street, Ste 1Q130",New Orleans,LA,70119,1948,1/1/1948 0:00:00,2,true,3131543,$3.13M,981,2,0,2
17396,CONCORDIA PARISH SCHOOL EMP,P O BOX 1525,FERRIDAY,LA,71334,1966,1/1/1966 0:00:00,2,true,3123332,$3.12M,1369,0,5,5
61838,TRUMBULL,366 Church Hill Road,Trumbull,CT,06611-3820,1974,1/1/1974 0:00:00,2,false,3120390,$3.12M,437,1,1,2
3226,ACBA FED CREDIT UNION (3226),"The Bank Tower - Ste 801, 307 4th A",Pittsburgh,PA,15222,1939,1/1/1939 0:00:00,2,false,3118531,$3.12M,982,2,3,5
6184,ST. ANN'S ARLINGTON,PO BOX 5630,ARLINGTON,VA,22205,1949,1/1/1949 0:00:00,2,false,3111849,$3.11M,334,0,3,3
6240,B I,PO BOX 345,Sewickley,PA,15143,1949,1/1/1949 0:00:00,2,false,3110167,$3.11M,314,1,2,3
67237,SUPERIOR MUNICIPAL EMPLOYEES,"1316 N 14TH ST, SUITE 205",SUPERIOR,WI,54880,1988,10/13/1988 0:00:00,2,false,3101956,$3.10M,527,1,1,2
67688,MACON-BIBB EMPLOYEES CREDIT UNION,150 Willie Smokie Glover Dr,Macon,GA,31201-2822,1951,2/28/1951 0:00:00,2,true,3099478,$3.10M,885,1,1,2
66686,"WISCONSIN LATVIAN, INC.",PO BOX 510167,MILWAUKEE,WI,53203,1961,9/22/1961 0:00:00,2,false,3097052,$3.10M,372,0,2,2
9044,COLUMBUS CLUB,PO Box 1231,San Fernando,CA,91341,1953,1/1/1953 0:00:00,2,true,3087500,$3.09M,196,1,2,3
17331,S AND J SCHOOL EMPLOYEES,PO Box 2161,Wintersville,OH,43953,1966,3/25/1966 0:00:00,2,false,3068738,$3.07M,624,3,1,4
4487,SOUTH BEND TRANSIT,1401 S Lafayette Blvd Ste 100,South Bend,IN,46613,1941,5/10/1941 0:00:00,2,false,3058013,$3.06M,371,3,0,3
18582,FRANKLIN REGIONAL SCHOOLS,4068 Bushy Run Rd,Jeannette,PA,15644-4548,1968,1/1/1968 0:00:00,2,false,3055530,$3.06M,381,1,2,3
13777,LEFORS,P.O.Box 425,lefors,TX,79054,1960,1/1/1960 0:00:00,2,false,3055275,$3.06M,547,2,1,3
8962,VELMA,PO BOX 186,VELMA,OK,73491,1953,1/1/1953 0:00:00,2,false,3047583,$3.05M,708,1,1,2
16085,FLINT,PO Box 374,Reynolds,GA,31076,1964,1/1/1964 0:00:00,2,false,2984667,$2.98M,609,1,1,2
13062,B. P. S.,906 W Corpus Christi St,Beeville,TX,78102-5510,1959,1/1/1959 0:00:00,2,false,2974520,$2.97M,337,0,2,2
12505,FORT LIGONIER,1917 PENN AVENUE,JEROME,PA,15937,1958,1/1/1958 0:00:00,2,false,2960212,$2.96M,351,0,2,2
1601,U S PIPE BESSEMER EMPLOYEES,2115 N 19th Street,Bessemer,AL,35020,1936,1/1/1936 0:00:00,2,false,2906331,$2.91M,503,2,0,2
9496,SP TRAINMEN,12655 Woodforest Blvd Ste 855,Houston,TX,77015-3466,1954,1/1/1954 0:00:00,2,true,2852991,$2.85M,485,1,1,2
5163,GREAT NECK SCHOOL EMPLOYEES,345 Lakeville Rd,Great Neck,NY,11020-1639,1945,1/1/1945 0:00:00,2,false,2839023,$2.84M,343,1,0,1
17067,OUR MOTHER OF MERCY PARISH HOUSTON,4000 Sumpter St. Suite A,Houston,TX,77020,1965,1/1/1965 0:00:00,2,true,2833588,$2.83M,462,1,0,1
18013,PLUMBERS 55,980 KEYNOTE CIR,BROOKLYN HEIGHT,OH,44131-1828,1967,3/27/1967 0:00:00,2,false,2817156,$2.82M,1033,1,0,1
10741,PUBLIC SERVICE E.D. TRENTON,PO Box 3365,Mercerville,NJ,08619,1956,1/1/1956 0:00:00,2,false,2811613,$2.81M,259,0,2,2
24937,WEDEVELOPMENT,3123 Prospect AVe,Kansas City,MO,64128,2022,7/22/2022 0:00:00,2,true,2809135,$2.81M,698,2,0,2
65193,WATERLOO FIREMEN'S,425 E 3rd St,Waterloo,IA,50703,1933,1/1/1933 0:00:00,2,false,2798446,$2.80M,322,0,1,1
22314,CHOCTAW,PO BOX 6284,CHOCTAW,MS,39350,1976,3/10/1976 0:00:00,2,true,2768466,$2.77M,2067,3,0,3
96660,ANTIOCH,8629 Cedar Ave.,Cleveland,OH,44106,0,1/1/1900 0:00:00,2,true,2758461,$2.76M,719,1,1,2
24039,N.I.C.E.,611 E State St Ste 9,Geneva,IL,60134-2372,1983,7/22/1983 0:00:00,2,false,2756149,$2.76M,357,1,0,1
20951,OPC,PO Box 145,Durkee,OR,97905,1972,4/1/1972 0:00:00,2,false,2734875,$2.73M,310,0,1,1
67407,NAVARRO,317 W. 3rd Ave. Bldg. B,Corsicana,TX,75110,1953,1/6/1953 0:00:00,2,false,2733680,$2.73M,677,1,1,2
63459,WILLIAMSON COUNTY CATHOLIC,P.O. Box 250,Herrin,IL,62948,1952,10/11/1952 0:00:00,2,false,2726729,$2.73M,633,1,1,2
24925,MAUN,"3250 Route 27, Suite #201",Kendall Park,NJ,08824,2021,4/26/2021 0:00:00,2,true,2710475,$2.71M,355,0,1,1
16383,NEW ENGLAND LEE,PO Box 120226,Boston,MA,02112-0226,1964,1/1/1964 0:00:00,2,true,2704332,$2.70M,252,0,2,2
9952,I R E B,2 Metrotech Ctr Fl 7,Brooklyn,NY,11201-3838,1955,1/1/1955 0:00:00,2,false,2702483,$2.70M,245,0,5,5
24823,URBAN UPBOUND,1303B 40TH AVE,LONG ISLAND CIT,NY,11101,2009,12/9/2009 0:00:00,2,true,2693510,$2.69M,1513,7,0,7
61425,AURORA FIREFIGHTERS',88 N La Salle St,Aurora,IL,60505-3333,1944,1/1/1944 0:00:00,2,false,2693444,$2.69M,448,0,3,3
20656,CHOPTANK ELECTRIC COOP EMPLOY,10384 River Road,Denton,MD,21629-1919,1971,1/1/1971 0:00:00,2,false,2674262,$2.67M,292,0,0,0
13965,OREM CITY EMPLOYEES,56 N STATE ST,OREM,UT,84057,1960,1/1/1960 0:00:00,2,false,2655875,$2.66M,711,0,3,3
9554,COUNCILL,PO BOX 267,NORMAL,AL,35762,1954,1/1/1954 0:00:00,2,true,2651173,$2.65M,610,1,1,2
24433,ARKANSAS TEACHERS,P. O. Box 2518,LIttle Rock,AR,72203,1958,2/7/1992 0:00:00,2,true,2650683,$2.65M,615,1,4,5
24648,LCO,PO Box 1710,Hayward,WI,54843,2001,2/9/2001 0:00:00,2,true,2650334,$2.65M,1301,5,1,6
67691,J C FEDERAL EMPLOYEES,PO Box 1003,Jefferson City,MO,65101-3441,1950,9/18/1991 0:00:00,2,false,2644429,$2.64M,598,1,2,3
3256,LONG BEACH TEACHERS,322 Lagoon Drive West,Long Beach,NY,11561,1939,1/1/1939 0:00:00,2,false,2625186,$2.63M,359,0,2,2
68675,JAFARI NO-INTEREST,"2323 South Voss Raod, Suite 390",Houston,TX,77057,2016,2/16/2016 0:00:00,2,true,2612654,$2.61M,356,0,0,0
20547,UPSTATE MILK EMPLOYEES,PO Box 268,Lancaster,NY,14086-0268,1971,1/1/1971 0:00:00,2,false,2594845,$2.59M,455,1,1,2
12613,GLOVER,PO Box 579,Honolulu,HI,96809,1958,1/1/1958 0:00:00,2,false,2590066,$2.59M,194,0,2,2
24435,U.P. EMPLOYEES,1000 W  4TH ST,NORTH LITTLE RO,AR,72114-5368,1952,2/13/1992 0:00:00,2,false,2582776,$2.58M,919,2,0,2
20957,TEAMSTERS LOCAL 697,901 Market St,Wheeling,WV,26003-2918,1972,4/1/1972 0:00:00,2,false,2549758,$2.55M,556,2,0,2
24284,PLUMBERS & FITTERS LOCAL 675,1109 Bethel St Lowr Level,Honolulu,HI,96813,1987,1/13/1987 0:00:00,2,false,2544162,$2.54M,875,1,2,3
15752,NUCOR EMPLOYEES,PO BOX 680169,FORT PAYNE,AL,35968,1963,1/1/1963 0:00:00,2,false,2520154,$2.52M,281,1,0,1
18462,T E A,PO Box 3380,Houma,LA,70361,1967,1/1/1967 0:00:00,2,true,2517103,$2.52M,938,2,1,3
21367,PLANTERS,245 Culloden St,Suffolk,VA,23434,1973,7/26/1973 0:00:00,2,true,2508372,$2.51M,477,1,1,2
12546,MEDICAL EMPLOYEES OF STATEN ISLAND,355 BARD AVE,STATEN ISLAND,NY,10310,1958,1/1/1958 0:00:00,2,false,2504403,$2.50M,785,2,0,2
12735,W B R T,673 Rosedale Rd,Port Allen,LA,70767,1959,1/1/1959 0:00:00,2,true,2499832,$2.50M,1089,1,1,2
8626,ERIE POLICE,300 State St Ste 303,Erie,PA,16507,1953,1/1/1953 0:00:00,2,false,2471411,$2.47M,430,0,3,3
65995,MERCER,100 S.E. 3rd Ave,Aledo,IL,61231,1969,1/31/1969 0:00:00,2,false,2467395,$2.47M,413,0,2,2
20874,BULAB EMPLOYEES,1256 N MCLEAN BLVD,MEMPHIS,TN,38108,1972,1/1/1972 0:00:00,2,false,2440462,$2.44M,314,1,2,3
524,BOSTON CUSTOMS,"10 Causeway Street, Room 436",Boston,MA,02222,1935,1/1/1935 0:00:00,2,false,2409061,$2.41M,350,0,4,4
17437,STOUGHTON TOWN EMPLOYEES,10 Pearl St,Stoughton,MA,02072-2364,1966,1/1/1966 0:00:00,2,false,2408170,$2.41M,470,0,3,3
24943,THE MORNING STAR,PO Box 955,Lame Deer,MT,59043,2022,11/18/2022 0:00:00,2,true,2396018,$2.40M,2235,4,0,4
12859,FAITH COOPERATIVE,P O Box 397538,Dallas,TX,75339-7538,1959,1/1/1959 0:00:00,2,true,2391735,$2.39M,985,1,1,2
11986,HIGH STREET BAPTIST CHURCH,2302 Florida Ave NW,Roanoke,VA,24017,1957,1/1/1957 0:00:00,2,true,2368857,$2.37M,277,0,1,1
66662,SCHOOL EMPLOYEES,3025 Tower Ave,Superior,WI,54880-4483,1936,3/2/1936 0:00:00,2,false,2363438,$2.36M,555,0,4,4
65759,B.E.A.,101 School St,Bethalto,IL,62010,1954,1/20/1954 0:00:00,2,false,2344043,$2.34M,426,0,2,2
19619,TRINITY BAPTIST CHURCH,124 W Darlington St,Florence,SC,29501-2804,1969,1/1/1969 0:00:00,2,true,2317959,$2.32M,193,0,2,2
17136,MT PLEASANT AREA SCHOOL EMP,505 N CHURCH ST,MOUNT PLEASANT,PA,15666-1110,1965,1/1/1965 0:00:00,2,false,2286852,$2.29M,142,0,1,1
66159,NEWARK POST OFFICE EMPLOYEES,PO Box 1570,NEWARK,NJ,07101-1570,1924,8/15/1924 0:00:00,2,true,2270527,$2.27M,937,0,7,7
13274,NORTH ADAMS M E,60 Roberts Drive Ste 112,North Adams,MA,01247,1959,1/1/1959 0:00:00,2,false,2258655,$2.26M,334,1,1,2
21787,M G EMPLOYEES,PO Box 66,Marysville,OH,43040,1974,9/30/1974 0:00:00,2,false,2236073,$2.24M,130,1,0,1
16636,PENN HILLS MUNICIPAL,102 Duff Rd,Pittsburgh,PA,15235-3219,1965,1/1/1965 0:00:00,2,false,2233080,$2.23M,204,0,2,2
67641,LEHRER INTERESTS,P.O. BOX 428,GARWOOD,TX,77442,1955,4/16/1955 0:00:00,2,false,2218985,$2.22M,103,0,2,2
68135,METROPOLITAN TEACHERS,1605 JEFFERSON STREET,NASHVILLE,TN,37208,1957,3/7/1994 0:00:00,2,true,2204200,$2.20M,1177,0,2,2
8255,HOBART IND SCHOOL EMPLOYEES,2211 E 10TH ST,HOBART,IN,46342-5313,1952,12/17/1952 0:00:00,2,false,2198443,$2.20M,403,0,2,2
277,CLIFTON NJ POSTAL EMPLOYEES,PO Box 2033,Clifton,NJ,07015,1935,1/1/1935 0:00:00,2,false,2187183,$2.19M,246,0,2,2
62950,DANFOSS EMPLOYEES,14900 Technology Dr,Eden Prairie,MN,55344-2208,1949,1/1/1949 0:00:00,2,false,2168808,$2.17M,351,1,0,1
65346,SALEM SCHOOL SYSTEM,P.O. Box 456,Salem,IL,62881-0456,1956,1/1/1956 0:00:00,2,false,2160902,$2.16M,371,1,1,2
15673,ISRAEL METHCOMM,PO Box 19144,Chicago,IL,60619,1963,6/13/1963 0:00:00,2,true,2145576,$2.15M,230,1,1,2
63378,QUINCY POSTAL EMPLOYEES,P O BOX 3003,QUINCY,IL,62305-3003,1930,2/24/1930 0:00:00,2,false,2137229,$2.14M,319,0,2,2
23725,B. BRAUN,901 MARCON BLVD,ALLENTOWN,PA,18109,1980,11/26/1980 0:00:00,2,false,2135510,$2.14M,862,0,0,0
13654,MT TAYLOR,PO BOX 2550,MILAN,NM,87021,1960,1/1/1960 0:00:00,2,false,2110937,$2.11M,259,0,1,1
67022,1ST CLASS EXPRESS,PO BOX 1,WAUKESHA,WI,53187-0001,1932,4/5/1932 0:00:00,2,false,2107662,$2.11M,626,0,6,6
66546,AIR TECH,1919 E.GRANGE AVE,MILWAUKEE,WI,53207-6104,1956,11/28/1956 0:00:00,2,false,2100506,$2.10M,662,0,2,2
63793,NIAGARA FRONTIER FEDERAL MUNICIPAL,615 MAIN ST,NIAGARA FALLS,NY,14302-7099,1931,1/1/1931 0:00:00,2,false,2091101,$2.09M,278,1,1,2
22070,NORTH ALABAMA PAPERMAKERS,PO Box 508,Stevenson,AL,35772,1975,6/19/1975 0:00:00,2,false,2077545,$2.08M,327,1,0,1
24895,MISSISSIPPI COLLEGE EMPLOYEES,Box 4033,Clinton,MS,39058,1958,1/1/1958 0:00:00,2,false,2059991,$2.06M,166,0,2,2
62338,EVANSTON FIREMENS,702 MADISON,EVANSTON,IL,60202,1940,1/1/1940 0:00:00,2,false,2058883,$2.06M,153,0,1,1
19416,GLAMORGAN EMPLOYEES,P  O  Box   1392,Lynchburg,VA,24505-1392,1969,1/1/1969 0:00:00,2,true,2056465,$2.06M,368,0,3,3
10177,TAYCO EMPLOYEES,P.O. Box 762,South Shore,KY,41175,1955,1/1/1955 0:00:00,2,false,2054994,$2.05M,398,0,1,1
17675,G E A EMPLOYEES,PO Box 386,Pearisburg,VA,24134,1966,1/1/1966 0:00:00,2,false,2051209,$2.05M,313,0,0,0
3420,ATLANTIC CITY POLICE,P.O. Box 84,Northfield,NJ,08225,1939,1/1/1939 0:00:00,2,false,2048964,$2.05M,260,0,2,2
17023,DISTRICT 123,4201 W 93rd St,Oak Lawn,IL,60453,1965,10/5/1965 0:00:00,2,false,2032878,$2.03M,268,0,1,1
18775,GREATER LATROBE SCHOOLS,1043 Valleyview Dr,Latrobe,PA,15650-4727,1968,1/1/1968 0:00:00,2,false,2030637,$2.03M,339,0,1,1
18861,SYMPHONY,301 MASSACHUSETTS AVE,BOSTON,MA,02115,1968,1/1/1968 0:00:00,2,false,2028627,$2.03M,219,0,1,1
7700,ARKANSAS AM & N COLLEGE,"1200 University Dr, Mail Slot 4963",Pine Bluff,AR,71601,1952,1/1/1952 0:00:00,1,true,1999807,$2.00M,473,2,0,2
4025,HAULPAK,"2300 NE ADAMS ST, PO BOX 240",PEORIA,IL,61650,1940,7/30/1940 0:00:00,1,false,1994612,$1.99M,483,1,1,2
66565,STOPPENBACH,318 Wisconsin Dr,Jefferson,WI,53549,1937,6/21/1937 0:00:00,1,false,1994006,$1.99M,510,1,1,2
18422,LATVIAN,4 RIGA LN,MELVILLE,NY,11747-3406,1967,1/1/1967 0:00:00,1,false,1984034,$1.98M,102,0,1,1
64108,FOUNTAIN VALLEY,10200 Slater Ave,Fountain Valley,CA,92708,1967,6/5/1967 0:00:00,1,false,1978772,$1.98M,176,1,0,1
65906,AURORA POSTAL EMPLOYEES,P O Box 2662,Aurora,IL,60507-2662,1932,6/1/1932 0:00:00,1,false,1974001,$1.97M,424,0,3,3
22700,KOREAN CATHOLIC,17615 Old Baltimore Rd,Olney,MD,20832,1977,4/20/1977 0:00:00,1,true,1973248,$1.97M,311,1,1,2
19985,ARABI SUGAR WORKERS,11448 S Easterlyn Cir,New Orleans,LA,70128-5204,1970,1/1/1970 0:00:00,1,true,1928186,$1.93M,277,1,1,2
24880,PEARL MUNICIPAL,2420 Old Brandon Rd,Pearl,MS,39208-4601,1981,2/25/1981 0:00:00,1,false,1924725,$1.92M,712,0,3,3
13599,FLEXPAK,1654 W 1250 S,Woods Cross,UT,84087,1960,1/1/1960 0:00:00,1,false,1924031,$1.92M,216,0,1,1
64269,S E C U,3200 MAIN St,KEOKUK,IA,52632,1963,1/1/1963 0:00:00,1,false,1915593,$1.92M,721,1,0,1
19430,TEAMSTERS LOCAL 92,1105 9th St SW,Canton,OH,44707,1969,5/6/1969 0:00:00,1,false,1913845,$1.91M,518,1,0,1
62167,I.M. DETROIT DISTRICT,2101 GRATIOT AVENUE,DETROIT,MI,48207-2709,1957,1/1/1957 0:00:00,1,false,1911174,$1.91M,53,0,0,0
23556,PAPER CONVERTERS LOCAL 286/1034,410 N 8TH ST,PHILADELPHIA,PA,19123-3903,1979,12/21/1979 0:00:00,1,false,1909125,$1.91M,2159,1,1,2
65874,TAYLORVILLE SCHOOL EMPLOYEES,1106 W Franklin St,Taylorville,IL,62568-2308,1955,4/22/1955 0:00:00,1,false,1908463,$1.91M,406,0,2,2
7677,W T N M ATLANTIC,PO BOX 467,DENVER CITY,TX,79323-0467,1952,1/1/1952 0:00:00,1,false,1899401,$1.90M,466,1,1,2
2932,TRENTON TEACHERS,PO BOX 9335,TRENTON,NJ,08650,1938,1/1/1938 0:00:00,1,false,1886881,$1.89M,405,1,0,1
67474,HIGHWAY EMPLOYEES,PO Box 4571,Tyler,TX,75712-4571,1959,5/11/1959 0:00:00,1,false,1886463,$1.89M,437,2,0,2
14537,"JAMES WARD, JR.",P.O. BOX 1082,JENNINGS,LA,70546-6429,1961,1/1/1961 0:00:00,1,true,1886374,$1.89M,479,1,0,1
22131,FEDERATION OF GREENE COUNTY EMPL.,PO Box 543,Eutaw,AL,35462,1975,8/25/1975 0:00:00,1,true,1833074,$1.83M,886,2,0,2
5321,CRIERS,665C Azalea Plz,Monroe Township,NJ,08831-5214,1946,1/1/1946 0:00:00,1,false,1823019,$1.82M,113,0,0,0
9501,GUERNSEY COMMUNITY,P.O. BOX 669,GUERNSEY,WY,82214,1954,1/1/1954 0:00:00,1,false,1821739,$1.82M,268,0,3,3
20292,SLOAN PUBLIC SCHOOLS,305 Cayuga Creek Road,Cheektowaga,NY,14227-1707,1970,1/1/1970 0:00:00,1,false,1798137,$1.80M,490,1,0,1
64709,NORTHEAST REGIONAL,514 BROADWAY,HANNIBAL,MO,63401-4302,1953,1/1/1953 0:00:00,1,false,1794991,$1.79M,347,1,1,2
21231,SCF WESTCHESTER N. Y. EMPLOYEES,1000 WESTCHESTER AVE,WHITE PLAINS,NY,10610,1973,4/6/1973 0:00:00,1,false,1792643,$1.79M,372,2,1,3
23294,VITELCO EMPLOYEES,PO Box 303920,Charlotte Amali,VI,00803-3920,1979,1/19/1979 0:00:00,1,true,1790781,$1.79M,333,0,4,4
24781,URBAN BEGINNINGS CHOICE,"1830 Wayne Trce, Ste 204",Fort Wayne,IN,46803-2657,2006,12/19/2006 0:00:00,1,true,1786521,$1.79M,294,1,2,3
67622,AMERICAN BAPTIST ASSOCIATION,PO Box 489,Angleton,TX,77516,1970,3/17/1970 0:00:00,1,false,1763936,$1.76M,390,0,2,2
61268,BOTHWELL HOSPITAL EMPLOYEES,600 E 13TH ST,SEDALIA,MO,65301-5912,1972,1/1/1972 0:00:00,1,false,1756594,$1.76M,854,2,0,2
68126,GREENEVILLE WORKS EMPLS. SAV. ASSN.,2745 Snapps Ferry Rd,GREENEVILLE,TN,37745,1976,12/23/1993 0:00:00,1,false,1754509,$1.75M,387,1,0,1
7045,JUDICIAL & JUSTICE,"600 S Maestri Pl  Rm 166, F Edward",New Orleans,LA,70130,1950,1/1/1950 0:00:00,1,false,1754311,$1.75M,375,1,0,1
20004,IBEW LOCAL UNION 80,5307 E Virginia Beach Blvd,Norfolk,VA,23502,1970,1/1/1970 0:00:00,1,false,1753492,$1.75M,746,1,0,1
66274,EDDYVILLE COOPERATIVE,501 Central Ave,Eddyville,NE,68834,1984,1/27/1984 0:00:00,1,false,1749533,$1.75M,116,1,1,2
24483,EAST END FOOD COOPERATIVE,7516 MEADE ST,PITTSBURGH,PA,15208,1993,9/21/1993 0:00:00,1,false,1748883,$1.75M,409,1,1,2
23908,FLINT RIVER EMPLOYEES,"2449 Stagecoach Road, P.O. Box 238",Oglethorpe,GA,31068,1982,6/28/1982 0:00:00,1,false,1748353,$1.75M,373,0,2,2
3869,EAGLE,525 COMMERCIAL ST,ATCHISON,KS,66002-2418,1940,1/1/1940 0:00:00,1,false,1745399,$1.75M,314,1,1,2
3356,ELIZABETH POLICE DEPARTMENT E,1 POLICE PLZ,ELIZABETH,NJ,07201-2300,1939,1/1/1939 0:00:00,1,false,1745142,$1.75M,282,7,0,7
18343,USEM MENA,500 MORROW ST N,MENA,AR,71953,1967,1/1/1967 0:00:00,1,false,1742556,$1.74M,398,0,1,1
23525,ST. LUKE'S COMMUNITY,11011 Hall Rd,Houston,TX,77089,1979,10/25/1979 0:00:00,1,false,1724317,$1.72M,302,0,1,1
13821,B V M S N,1152 Oak Rd,Walnutport,PA,18088-9728,1960,1/1/1960 0:00:00,1,false,1722298,$1.72M,184,0,0,0
62656,BERYLCO EMPLOYEES',PO BOX 363,HAMBURG,PA,19526,1975,1/1/1975 0:00:00,1,false,1715798,$1.72M,130,0,3,3
12748,XAVIER UNIVERSITY,1 Drexel Dr,New Orleans,LA,70125-1056,1959,1/1/1959 0:00:00,1,true,1709175,$1.71M,383,0,1,1
8097,TRICOUNTY,P.O. Box 531,Harlowton,MT,59036,1952,1/1/1952 0:00:00,1,false,1693311,$1.69M,236,1,2,3
169,GARY FIREFIGHTERS ASSOCIATION,200 E 5TH AVE,GARY,IN,46402,1935,3/27/1935 0:00:00,1,true,1657587,$1.66M,295,3,0,3
12619,PUBLIC SERVICE EDWARDSPT PL E,PO Box 642,Linton,IN,47441,1958,10/21/1958 0:00:00,1,false,1646831,$1.65M,271,0,1,1
23627,M.O.S.E.S.,"90 North Washington St, Ste 3",Boston,MA,02114,1980,3/26/1980 0:00:00,1,false,1624553,$1.62M,282,0,1,1
14898,INLAND MOTOR EMPLOYEES,PO Box 3394,Radford,VA,24143,1962,1/1/1962 0:00:00,1,false,1610383,$1.61M,496,1,2,3
67110,PROVO POLICE & FIRE DEPT.,P.O. Box 1402,Provo,UT,84603-1402,1949,1/1/1949 0:00:00,1,false,1592315,$1.59M,625,0,2,2
147,NORTHERN STS PWR COMPANY EMP,1206 5th Ave S,Grand Forks,ND,58201,1935,1/1/1935 0:00:00,1,false,1584029,$1.58M,122,0,2,2
15001,SALT EMPLOYEES,PO BOX 246,GRAND SALINE,TX,75140,1962,1/1/1962 0:00:00,1,false,1578746,$1.58M,315,1,1,2
20419,BYKOTA,457 Grand Ave,Brooklyn,NY,11238,1970,1/1/1970 0:00:00,1,false,1575800,$1.58M,913,0,2,2
60923,PARK MANOR CHRISTIAN CHURCH,600 EAST 73RD STREET,CHICAGO,IL,60619-1827,1955,1/1/1955 0:00:00,1,true,1574240,$1.57M,255,0,0,0
12608,OLATHE,PO Box 239,Olathe,CO,81425-9737,1958,1/1/1958 0:00:00,1,false,1538807,$1.54M,279,1,0,1
18759,OCEAN COUNTY EMPLOYEES,PO BOX 2191,TOMS RIVER,NJ,08754,1968,1/1/1968 0:00:00,1,false,1520946,$1.52M,353,0,1,1
24711,HOMEWOOD,2005 RIDGE RD,HOMEWOOD,IL,60430,1937,12/18/2003 0:00:00,1,false,1485798,$1.49M,588,0,2,2
67750,ST. AUGUSTINE,PO Box 6,Kelso,MO,63758,1933,5/15/1933 0:00:00,1,false,1474007,$1.47M,427,0,0,0
68161,A.U.B. EMPLOYEES',100 New Englewood Rd,Athens,TN,37303,1965,6/27/1994 0:00:00,1,false,1466539,$1.47M,216,0,2,2
66320,TEXAS GULF CAROLINA EMP,1530 NC Highway 306 South,Aurora,NC,27806-9245,1968,3/7/1968 0:00:00,1,false,1448484,$1.45M,400,2,1,3
96652,540 I.B.E.W.,2333 Nave Rd SE,Massillon,OH,44646-8822,0,12/30/1899 0:00:00,1,false,1443344,$1.44M,428,0,1,1
66036,KAN COLO,"KAN COLO CREDIT UNION, 216 NORTH MA",HOISINGTON,KS,67544,1966,1/1/1966 0:00:00,1,false,1423430,$1.42M,112,0,1,1
67800,SALINA MUNICIPAL,1939B S OHIO CT,SALINA,KS,67401-6602,1947,2/15/1947 0:00:00,1,false,1413757,$1.41M,349,1,0,1
24463,BRENTWOOD BAPTIST CHURCH,P.O. BOX 450206,HOUSTON,TX,77245,1993,3/31/1993 0:00:00,1,true,1386663,$1.39M,626,0,4,4
18142,CITY OF FAIRMONT,P.O. Box 868,Fairmont,WV,26554,1967,5/23/1967 0:00:00,1,false,1386620,$1.39M,336,4,0,4
24583,NRS COMMUNITY DEVELOPMENT,PO BOX 130520,BIRMINGHAM,AL,35213,1996,9/3/1996 0:00:00,1,true,1375897,$1.38M,775,0,1,1
82762,HAMMOND FIREFIGHTERS ASSN.,4949 Calumet Ave,Hammond,IN,46327-1818,1938,1/1/1938 0:00:00,1,false,1360653,$1.36M,287,3,0,3
3006,CONCORA WABASH,455 FACTORY ST,WABASH,IN,46992-3212,1938,12/9/1938 0:00:00,1,false,1354300,$1.35M,258,1,1,2
2892,PLAINFIELD POLICE & FIREMEN'S,315 Cental Ave,Plainfield,NJ,07060-4206,1938,1/1/1938 0:00:00,1,true,1352040,$1.35M,509,0,2,2
14011,BERRIEN TEACHERS,P.O. BOX 625,NASHVILLE,GA,31639,1960,1/1/1960 0:00:00,1,false,1347349,$1.35M,255,0,2,2
24896,NATCHEZ EDUCATORS,P. O. Box 774,Natchez,MS,39121,1961,1/1/1961 0:00:00,1,true,1326759,$1.33M,393,0,2,2
61448,ETHICON SUTURE,P. O. Box 5275,River Forest,IL,60305-5275,1952,1/1/1952 0:00:00,1,true,1305530,$1.31M,484,0,0,0
60688,COLLEGE AND UNIVERSITY,1901 W Carroll Ave Ste 200,Chicago,IL,60612-2401,1967,1/1/1967 0:00:00,1,false,1301990,$1.30M,347,0,1,1
14712,IBEW 141,187 MILLROSE DR,SAINT CLAIRSVIL,OH,43950,1961,11/28/1961 0:00:00,1,false,1297866,$1.30M,309,1,0,1
68120,HARDIN COUNTY HOSPITAL EMPLOYEES,935 Wayne Rd,Savannah,TN,38372,1964,12/20/1993 0:00:00,1,false,1289329,$1.29M,297,0,1,1
7172,ST. PHILIP'S CHURCH,"204 W 134th st, Undercroft Room U-1",New York,NY,10030,1951,1/1/1951 0:00:00,1,true,1271816,$1.27M,309,0,1,1
17454,RICHMOND LIGHT EMPLOYEES,P.O. Box 908,Richmond,IN,47375-0908,1954,5/17/1966 0:00:00,1,false,1271580,$1.27M,150,0,2,2
3251,GARY POLICE DEPARTMENT EMPLOYEES,"555 POLK St., Ste 2017",GARY,IN,46402-1741,1939,5/10/1939 0:00:00,1,true,1264720,$1.26M,102,0,2,2
15296,MANCHESTER,"10 Central St, Town Hall",Manchester,MA,01944-1308,1962,1/1/1962 0:00:00,1,false,1261054,$1.26M,300,0,1,1
64723,CO - LIB,1640 S Lindbergh Blvd,Saint Louis,MO,63131,1955,1/1/1955 0:00:00,1,false,1251179,$1.25M,233,0,1,1
15757,MT ZION INDIANAPOLIS,3549 BOULEVARD PL,INDIANAPOLIS,IN,46208,1963,8/7/1963 0:00:00,1,true,1248016,$1.25M,144,1,1,2
3787,SHAKER HEIGHTS,3400 Lee Rd,Shaker Heights,OH,44120,1940,4/8/1940 0:00:00,1,false,1240606,$1.24M,139,0,1,1
62441,CABOT EMPLOYEES,PO BOX 598,FRANKLIN,LA,70538,1956,1/1/1956 0:00:00,1,false,1229198,$1.23M,129,0,1,1
13224,NORTH SANPETE,11917 E 24711 N,Fairview,UT,84629,1959,1/1/1959 0:00:00,1,false,1229115,$1.23M,351,0,1,1
24200,LOGAN COUNTY SCHOOL EMPLOYEES,PO 601,Logan,WV,25601,1985,6/27/1985 0:00:00,1,false,1225625,$1.23M,406,0,1,1
64777,BLUESCOPE EMPLOYEES',PO BOX 419917,KANSAS CITY,MO,64141,1937,1/1/1937 0:00:00,1,false,1219174,$1.22M,730,0,1,1
67965,SPRINGFIELD STREET RAILWAY EMP.,640 PAGE BLVD STE 102,SPRINGFIELD,MA,01104-3040,1926,11/6/1926 0:00:00,1,true,1172147,$1.17M,166,1,0,1
10648,MARYKNOLL OF L A,222 S Hewitt St,Los Angeles,CA,90012,1955,1/1/1955 0:00:00,1,true,1168733,$1.17M,156,0,1,1
13533,CTA SOUTH,8050 S KING DR,CHICAGO,IL,60619-3700,1960,2/25/1960 0:00:00,1,true,1159712,$1.16M,612,0,2,2
132,MOUNT VERNON NY POSTAL EMPLOYEES,"15 South First Ave, PO Box 1173",Mount Vernon,NY,10550,1935,1/1/1935 0:00:00,1,true,1154412,$1.15M,146,0,2,2
3602,FROID,P.O. BOX 249,FROID,MT,59226,1940,1/1/1940 0:00:00,1,false,1149800,$1.15M,165,0,2,2
68740,ARISE COMMUNITY,"227 Colfax Ave N, Suite 30A",Minneapolis,MN,55405-1402,2024,3/18/2024 0:00:00,1,true,1138332,$1.14M,66,2,1,3
67812,MID PLAINS,PO BOX 615,GLASCO,KS,67445,1964,1/22/1964 0:00:00,1,false,1138239,$1.14M,239,0,2,2
60627,CLIFFORD-JACOBS EMPLOYEES,P.O. BOX 830,CHAMPAIGN,IL,61824,1956,1/1/1956 0:00:00,1,false,1130769,$1.13M,162,0,2,2
21355,ST. JOHN UNITED,184 Goodell St,Buffalo,NY,14204,1973,7/13/1973 0:00:00,1,true,1125406,$1.13M,423,0,1,1
10225,BECCO BUFFALO,"Evonik, 35 Sawyer Ave",Tonawanda,NY,14150,1955,1/1/1955 0:00:00,1,false,1116070,$1.12M,146,0,3,3
24857,BRADFORD AREA SCHOOL EMPLOYEES,"125 Main Street, Suite 206",Bradford,PA,16701,1939,3/2/1939 0:00:00,1,false,1113746,$1.11M,267,1,1,2
13367,AKRON SCHOOL EMPLOYEES,67 Cedar St,Akron,NY,14001,1959,1/1/1959 0:00:00,1,false,1108196,$1.11M,211,0,1,1
24043,MESSIAH BAPTIST-JUBILEE,P O Box 696,Brockton,MA,02303-0696,1983,8/4/1983 0:00:00,1,true,1099475,$1.10M,226,0,0,0
930,AMNH EMPLOYEES,200 central park west,NEW YORK,NY,10024,1936,1/1/1936 0:00:00,1,false,1070156,$1.07M,203,0,3,3
60261,GRAPHIC ARTS,"401 Edwards St Ste 210, Suite 210",Shreveport,LA,71101-5557,1952,1/1/1952 0:00:00,1,true,1069586,$1.07M,223,1,1,2
6667,TSU,3500 John Merritt Blvd.,Nashville,TN,37209,1950,1/1/1950 0:00:00,1,true,1063985,$1.06M,326,0,2,2
24535,FIRST BAPTIST CHURCH OF VIENNA (VA),PO BOX 1905,VIENNA,VA,22180-4143,1995,1/3/1995 0:00:00,1,true,1063126,$1.06M,204,0,0,0
12289,LITTLEFIELD SCHOOL EMPLOYEES,P.O. Box 567,Littlefield,TX,79339,1958,1/1/1958 0:00:00,1,false,1050038,$1.05M,217,0,1,1
16256,WASHINGTON EDUCATIONAL ASSOC,308 - 11TH AVENUE,FRANKLINTON,LA,70438,1964,1/1/1964 0:00:00,1,false,1047986,$1.05M,368,0,2,2
4170,ABYSSINIAN BAPTIST CHURCH,132 ODELL CLARK PL,NEW YORK CITY,NY,10030,1940,1/1/1940 0:00:00,1,true,1044795,$1.04M,355,0,0,0
11900,MOJAVE PLANT EMPLOYEES,9350 OAK CREEK ROAD,MOJAVE,CA,93501,1957,1/1/1957 0:00:00,1,false,1041862,$1.04M,199,0,1,1
24219,MT. AIRY BAPTIST CHURCH,1100 N Capitol St NW Fl 2,Washington,DC,20002-7506,1985,10/25/1985 0:00:00,1,true,1039695,$1.04M,239,0,0,0
20585,B.S. AND C.P. HOSPITALS EMPLOYEES,1500 Waters Place,Bronx,NY,10461,1971,1/1/1971 0:00:00,1,true,1035380,$1.04M,527,0,5,5
19253,ISSAQUENA COUNTY,PO BOX 87,MAYERSVILLE,MS,39113,1969,1/1/1969 0:00:00,1,true,1035294,$1.04M,523,0,2,2
67130,SOUTH SANPETE,39 S Main St,Manti,UT,84642,1956,1/1/1956 0:00:00,1,false,1031582,$1.03M,194,0,2,2
4871,E R R L,600 E MERMAID LN,WYNDMOOR,PA,19038,1942,1/1/1942 0:00:00,1,false,1027289,$1.03M,188,0,2,2
68153,WCG EMPLOYEES,PO BOX 284,MARTIN,TN,38237,1962,6/14/1994 0:00:00,1,false,1022246,$1.02M,239,0,1,1
14610,MORNING STAR,1014 E PINE ST,TULSA,OK,74106-4957,1961,1/1/1961 0:00:00,1,true,1006163,$1.01M,403,0,2,2
19285,NORTHERN MONTANA HOSPITAL,PO Box 1231,Havre,MT,59501,1969,2/27/1969 0:00:00,1,false,1002980,$1.00M,189,0,2,2
11340,ST. MICHAELS,678 SCHOOL ST,CRAIG,CO,81625,1956,1/1/1956 0:00:00,1,false,991014,$991.01K,185,0,1,1
64252,FELLOWSHIP BAPTIST CHURCH,4543 S PRINCETON AVE,CHICAGO,IL,60609-3620,1977,1/1/1977 0:00:00,1,true,990846,$990.85K,385,0,4,4
5127,CHURCH OF THE MASTER,81 MORNINGSIDE AVE,NEW YORK,NY,10027-5130,1944,1/1/1944 0:00:00,1,true,986702,$986.70K,251,0,0,0
20550,TEAMSTERS LOCAL UNION #270,701 ELYSIAN FIELDS AVE,NEW ORLEANS,LA,70117,1971,1/1/1971 0:00:00,1,true,981584,$981.58K,497,1,1,2
17588,BATTERY EMPLOYEES,507 E Monroe St,Attica,IN,47918-1416,1966,7/26/1966 0:00:00,1,false,974450,$974.45K,186,1,1,2
61056,REAVIS - STICKNEY,6034 W 77TH ST,BURBANK,IL,60459,1955,1/1/1955 0:00:00,1,false,973984,$973.98K,270,0,2,2
66663,POLICE,1315 N 23RD ST STE 101,SHEBOYGAN,WI,53081-3180,1934,10/29/1934 0:00:00,1,false,950742,$950.74K,138,0,1,1
15817,PILGRIM CUCC,3118 Blodgett St,Houston,TX,77004,1963,1/1/1963 0:00:00,1,true,939312,$939.31K,212,1,0,1
24262,PHI BETA SIGMA,145 Kennedy St. N. W,Washington,DC,20011-5260,1986,8/11/1986 0:00:00,1,true,937176,$937.18K,1807,0,0,0
15588,G G W,2128 Jackson Ave,New Orleans,LA,70113,1963,1/1/1963 0:00:00,1,true,934764,$934.76K,136,1,0,1
2806,HARRISON TEACHERS,PO BOX 789,HARRISON,NY,10528-3721,1938,1/1/1938 0:00:00,1,false,932892,$932.89K,260,0,1,1
17969,TERMINALS,90 TENNYSON ST,CARTERET,NJ,07008,1967,1/1/1967 0:00:00,1,false,921146,$921.15K,75,1,0,1
10773,STRATTON AIR NATIONAL GUARD,"1 AIR NATIONAL GUARD RD, SCOTIA",SCOTIA,NY,12302,1956,1/1/1956 0:00:00,1,false,920831,$920.83K,870,0,1,1
18218,TEXAS LEE,6918 Corporate Dr # STEA5,Houston,TX,77036-5139,1967,1/1/1967 0:00:00,1,true,910410,$910.41K,100,0,0,0
7877,FOURTH WARD,60233 Smilin Acres Rd,amite,LA,70422-3841,1952,1/1/1952 0:00:00,1,false,905097,$905.10K,231,0,1,1
17105,PEAR ORCHARD,3390 SARAH ST,BEAUMONT,TX,77705-3022,1965,1/1/1965 0:00:00,1,true,892602,$892.60K,582,1,1,2
22522,S. T. P. EMPLOYEES,"PO Box 1017, 200 Oliphant Drive",Duncansville,PA,16635-1017,1976,9/23/1976 0:00:00,1,false,886563,$886.56K,239,0,1,1
3110,WHITE PLAINS P O EMPLOYEES,"100 Fisher Ave, PO Box 2",White Plains,NY,10602-0002,1939,1/1/1939 0:00:00,1,true,853472,$853.47K,92,0,1,1
15089,S T S P,P.O. Box 592,Lacombe,LA,70445-0592,1962,1/1/1962 0:00:00,1,false,827159,$827.16K,293,1,1,2
22219,U B C SOUTHERN COUNCIL INDUSTRIA WO,PO BOX 1397,MINDEN,LA,71058,1975,12/15/1975 0:00:00,1,true,808522,$808.52K,345,0,1,1
18234,STEAMFITTERS PHILA,470 DOUGLAS DR.,WEST CHESTER,PA,19380,1967,1/1/1967 0:00:00,1,false,805131,$805.13K,868,1,0,1
64731,SMARTCHOICE,1 Les Buzz Way,Spring Valley,IL,61362,1957,1/1/1957 0:00:00,1,false,802114,$802.11K,248,0,1,1
17715,CITIZENS CHOICE,PO Box 17879,Natchez,MS,39122,1966,1/1/1966 0:00:00,1,true,769332,$769.33K,365,0,2,2
24853,NEW LIFE,1152 N 63rd St,Philadelphia,PA,19151-3208,2003,3/19/2003 0:00:00,1,true,762654,$762.65K,554,0,3,3
18882,C T A F C,14 S ASHLAND AVE,CHICAGO,IL,60607-1806,1968,6/27/1968 0:00:00,1,true,759657,$759.66K,680,0,1,1
24950,YOUNG COMMUNITY,2200 Greene Way,LOUISVILLE,KY,40220,2023,11/8/2023 0:00:00,1,true,755281,$755.28K,159,2,0,2
24769,EMPOWERMENT COMMUNITY DEVELOPMENT,6011 W. Orem,Houston,TX,77085,2006,5/2/2006 0:00:00,1,true,755012,$755.01K,596,0,1,1
68044,HOLY REDEEMER COMMUNITY OF SE WIS.,3500 WEST MOTHER DANIELS WAY,MILWAUKEE,WI,53209,1993,4/28/1993 0:00:00,1,true,752067,$752.07K,247,1,3,4
67563,HARRIS EMPLOYEES,315 West 12th Ave,Cordele,GA,31015-2333,1947,5/20/1947 0:00:00,1,false,750500,$750.50K,187,1,1,2
65896,MEA,2 Sage Dr,Monticello,IL,61856,1958,3/29/1958 0:00:00,1,false,749257,$749.26K,123,0,1,1
16525,MOUNT CARMEL BAPTIST,5800 Race St,Philadelphia,PA,19139,1964,1/1/1964 0:00:00,1,true,746064,$746.06K,102,0,0,0
24434,NORTH LITTLE ROCK EDUCATORS,2525 Main St,North Little Ro,AR,72114-2315,1956,2/11/1992 0:00:00,1,false,727899,$727.90K,283,0,1,1
11380,FIDELIS,448 WEST 152ND ST,NEW YORK,NY,10031,1956,11/7/1956 0:00:00,1,false,700923,$700.92K,329,0,1,1
61265,KIEF PROTECTIVE MUTUAL BENEFIT ASS.,"701 Cottage Grove Ro Ste E230, Room",Bloomfield,CT,06002-4211,1945,1/1/1945 0:00:00,1,false,685687,$685.69K,109,0,1,1
18823,STS PETER & PAUL,429 Broadway,Brooklyn,NY,11211,1968,5/24/1968 0:00:00,1,false,679076,$679.08K,107,0,1,1
68165,OLIVET BAPTIST,10000 Woodland Hills Dr,Cordova,TN,38018,1978,7/7/1994 0:00:00,1,true,668498,$668.50K,918,0,0,0
17361,MUSICIANS,1939 STADIUM OAKS CT STE 110,ARLINGTON,TX,76011-7802,1966,1/1/1966 0:00:00,1,false,663666,$663.67K,176,0,1,1
16570,LOS ANGELES LEE,964 N Hill St,Los Angeles,CA,90012,1964,1/1/1964 0:00:00,1,true,657847,$657.85K,67,0,1,1
61021,I.B.E.W. LOCAL #681,6111 JACKSBORO HWY.,WICHITA FALLS,TX,76302,1958,1/1/1958 0:00:00,1,false,654131,$654.13K,328,0,1,1
65136,ST. ATHANASIUS,1255 3RD STREET,JESUP,IA,50648,1953,1/1/1953 0:00:00,1,false,650387,$650.39K,233,1,0,1
63143,IMMACULATE HEART OF MARY,P.O. Box 93156,Lafayette,LA,70509,1942,7/28/1942 0:00:00,1,true,624370,$624.37K,354,0,2,2
64938,OUR FAMILY SOCIAL,4833 S 92nd Ave,Omaha,NE,68127,1950,1/1/1950 0:00:00,1,false,616656,$616.66K,418,0,1,1
10011,MUNICIPAL EMPLOYEES,222 ARKANSAS AVE,BOGALUSA,LA,70427-3810,1955,1/1/1955 0:00:00,1,false,611486,$611.49K,150,0,2,2
8216,QUINDARO HOMES,660 Manorcrest Dr,Kansas City,KS,66101,1952,1/1/1952 0:00:00,1,false,611445,$611.45K,182,0,1,1
24848,COMMUNITY PROMISE,P.O. BOX 3337,KALAMAZOO,MI,49003,2012,9/28/2012 0:00:00,1,false,610783,$610.78K,246,1,2,3
21440,MESSIAH BAPTIST CHURCH,13 - 17 Oak Street,East Orange,NJ,07018,1973,10/30/1973 0:00:00,1,true,610282,$610.28K,185,0,1,1
7301,UNION,PO BOX 603,FARMERVILLE,LA,71241,1951,1/1/1951 0:00:00,1,true,599424,$599.42K,571,1,0,1
24960,TRIBE,4630 Summit Pass,Eagan,MN,55122,2024,5/22/2024 4:00:00 AM,1,true,599179,$599.18K,1,0,0,0
11658,AVENUE BAPTIST BROTHERHOOD,901 W 70th St,Shreveport,LA,71106,1957,1/1/1957 0:00:00,1,true,592376,$592.38K,96,0,0,0
65091,ST. PATRICK S PARISH,PO Box 21,Fairfield,VT,05455,1953,1/1/1953 0:00:00,1,false,582051,$582.05K,313,0,1,1
24767,UNIFIED HOMEOWNERS OF ILLINOIS,4464 N MILWAUKEE AVE,CHICAGO,IL,60630,2006,2/28/2006 0:00:00,1,true,576258,$576.26K,298,1,1,2
22785,RICHLAND PARISH SCHOOLS,"411 Foster Street, RPSB Annex Build",Rayville,LA,71269-5549,1977,8/4/1977 0:00:00,1,false,566603,$566.60K,135,0,1,1
17126,EAGLE CAN EMPLOYEES,2400 Charles St,Wellsburg,WV,26070,1965,12/2/1965 0:00:00,1,false,546831,$546.83K,113,1,0,1
24942,NEW YORK EPISCOPAL,"Cathedral House, 1047 Amsterdam Ave",New York,NY,10025-1741,2022,11/7/2022 0:00:00,1,true,545748,$545.75K,387,1,0,1
6672,U S EMPLOYEES,P O Box 885,Fairmont,WV,26555-0885,1950,4/21/1950 0:00:00,1,false,545343,$545.34K,116,0,1,1
24903,CAMDEN FIREMEN'S,PO BOX 680,MOORESTOWN,NJ,08057,1945,9/8/1945 0:00:00,1,true,537822,$537.82K,144,0,0,0
82527,MINI-CASSIA EMPL.,PO Box 524,Burley,ID,83318,1955,1/21/1955 0:00:00,1,false,535609,$535.61K,339,0,1,1
10253,AKRON,PO Box 456,Akron,CO,80720,1955,1/1/1955 0:00:00,1,false,531100,$531.10K,230,0,1,1
14617,LONZA,3500 Trenton Ave.,Williamsport,PA,17701-7924,1961,1/1/1961 0:00:00,1,false,530843,$530.84K,97,0,2,2
16126,GARY MUNICIPAL EMPLOYEES,"401 BROADWAY, ROOM B1",GARY,IN,46402,1964,3/9/1964 0:00:00,1,true,527742,$527.74K,132,0,3,3
24270,FIRST FRONTIER,155 SHERMAN ST,LYNBROOK,NY,11563-2038,1986,8/26/1986 0:00:00,1,false,513795,$513.79K,125,0,0,0
61566,ST. MARK,8441 S Saint Lawrence Ave,Chicago,IL,60619-6022,1954,1/1/1954 0:00:00,1,true,504730,$504.73K,168,0,0,0
14657,VALLEY WIDE,1330 E Highway 40,Vernal,UT,84078,1961,11/2/1961 0:00:00,1,false,477722,$477.72K,152,1,0,1
10636,BRUNSWICK COUNTY TEACHERS,P O Box 23,Lawrenceville,VA,23868,1955,1/1/1955 0:00:00,1,true,475000,$475.00K,279,0,3,3
10308,ALTON MUNICIPAL EMPLOYEES,3212 COLLEGE AVE,ALTON,IL,62002,1955,5/17/1955 0:00:00,1,false,472489,$472.49K,243,0,2,2
21393,DELANCEY STREET,600 EMBARCADERO,SAN FRANCISCO,CA,94107,1973,9/7/1973 0:00:00,1,false,468083,$468.08K,83,0,1,1
22417,ST. MARY PARISH SCHOOL EMP.,P. O. Box 209,Franklin,LA,70538,1976,6/10/1976 0:00:00,1,true,447514,$447.51K,261,0,2,2
67499,PARIS DISTRICT,P. O. BOX 53,Paris,TX,75461,1952,12/19/1952 0:00:00,1,false,439287,$439.29K,221,0,1,1
24123,M.W.P.H. GRAND LODGE OF ILLINOIS,809 E 42ND PL,CHICAGO,IL,60653,1984,5/29/1984 0:00:00,1,true,431331,$431.33K,254,0,0,0
10778,H A L E,5745 LEE RD,INDIANAPOLIS,IN,46216-2063,1956,1/31/1956 0:00:00,1,false,428788,$428.79K,193,0,1,1
60680,ST. GREGORY PARISH,5545 N Paulina St,Chicago,IL,60640-1113,1950,1/1/1950 0:00:00,1,false,426262,$426.26K,120,0,0,0
14469,MAHONING VALLEY,15 Colonial Dr Ste 14,Youngstown,OH,44505-2164,1961,7/6/1961 0:00:00,1,true,423603,$423.60K,242,1,0,1
9527,F A B CHURCH,P. O. Box 1512,Savannah,GA,31402,1954,1/1/1954 0:00:00,1,true,415538,$415.54K,264,0,0,0
68112,W. VIRGINIA STATE CONVENTION,PO Box 253,Hilltop,WV,25855,1984,12/16/1993 0:00:00,1,true,410963,$410.96K,194,0,4,4
1665,NEW ORLEANS PUBLIC BELT RAILROAD,P O BOX 11231,NEW ORLEANS,LA,70181-1231,1936,1/1/1936 0:00:00,1,false,409994,$409.99K,141,0,1,1
10803,ISRAEL MEMORIAL A M E,54 Lincoln Street,Newark,NJ,07108,1956,1/1/1956 0:00:00,1,true,406660,$406.66K,183,0,0,0
96066,SERVICES,P.O. BOX 3107,NAPERVILLE,IL,60566-7107,0,7/26/1989 0:00:00,1,false,399638,$399.64K,2845,0,0,0
67024,MT. ZION,2500W 30TH ST,ZION,IL,60099-3016,1987,6/4/1987 0:00:00,1,true,399497,$399.50K,202,0,0,0
65780,COGIC,P. O. BOX 5057,LAFAYETTE,LA,70502,1981,9/3/1981 0:00:00,1,true,392292,$392.29K,253,0,0,0
16790,UNION BAPTIST GREENBURGH,31 MANHATTAN AVE,WHITE PLAINS,NY,10607,1965,1/1/1965 0:00:00,1,true,388207,$388.21K,161,0,0,0
14058,ST. MARTIN DE PORRES PARISH,PO Box 24174,Chicago,IL,60624,1960,11/29/1960 0:00:00,1,true,385646,$385.65K,155,0,0,0
1546,MERCER COUNTY IMPROVEMENT AUTHORITY,600 SLOAN AVE,HAMILTON,NJ,08619,1936,1/1/1936 0:00:00,1,true,384122,$384.12K,202,0,2,2
21683,WEST SIDE BAPTIST CHURCH,4675 Page Blvd,Saint Louis,MO,63113-2400,1974,6/4/1974 0:00:00,1,true,383986,$383.99K,336,0,0,0
18858,SPC BROOKLYN,29 Claver Pl,Brooklyn,NY,11238,1968,1/1/1968 0:00:00,1,true,382989,$382.99K,298,0,1,1
153,MERIDEN POSTAL EMPLOYEES,"Meriden Postal Emplyees FCU, 190 Ce",Meriden,CT,06450,1935,1/1/1935 0:00:00,1,false,381370,$381.37K,52,0,1,1
22151,CLEVELAND CHURCH OF CHRIST,1035 E. 105TH STREET,CLEVELAND,OH,44108,1975,10/6/1975 0:00:00,1,true,380804,$380.80K,374,0,0,0
67108,PRESTO LEWISTON EMPLOYEES,1110 E 200 S,Lewiston,UT,84320,1977,1/1/1977 0:00:00,1,false,367815,$367.81K,109,0,1,1
96691,WRIGHT-DUNBAR AREA,PO Box 17605,Dayton,OH,45417-0605,1955,1/1/1955 0:00:00,1,true,367128,$367.13K,305,0,4,4
3868,SUNFLOWER,P.O. Box 213,Valley Center,KS,67147,1940,1/1/1940 0:00:00,1,false,362901,$362.90K,100,1,0,1
65062,ST. LUDMILA S,2107 J St. SW,Cedar Rapids,IA,52404,1962,1/1/1962 0:00:00,1,false,354971,$354.97K,103,0,2,2
23658,PAUL QUINN,10616 Guy R. Brewer Blvd,Jamaica,NY,11433-2119,1980,5/27/1980 0:00:00,1,true,352506,$352.51K,150,0,0,0
21614,FIRST BAPTIST CHURCH (STRATFORD),40 Johnson Ct,Stratford,CT,06615,1974,4/15/1974 0:00:00,1,true,345268,$345.27K,215,0,0,0
24640,MOUNT PLEASANT BAPTIST CHURCH,PO BOX 11146,ALEXANDRIA,VA,22312,2000,9/27/2000 0:00:00,1,true,337764,$337.76K,120,0,0,0
66660,ALLOY EMPLOYEES,1045 PERKINS AVE,WAUKESHA,WI,53186,1961,3/30/1961 0:00:00,1,false,330547,$330.55K,165,0,1,1
15454,SHILOH ENGLEWOOD,7058 South Racine Ave,Chicago,IL,60636-3509,1963,2/20/1963 0:00:00,1,true,324134,$324.13K,148,0,0,0
65564,SAINT NORBERT'S,2559 KINGWOOD ST.,PITTSBURGH,PA,15234,1935,2/25/1935 0:00:00,1,false,313313,$313.31K,65,0,1,1
20060,URBAN EMPOWERMENT,215 Park Row Ste. 1,New York,NY,10038-1149,1970,1/1/1970 0:00:00,1,true,313084,$313.08K,70,0,0,0
12375,NORWALK POSTAL EMPLOYEES,3528 E MAIN ST STE 1,WATERBURY,CT,06705,1958,1/1/1958 0:00:00,1,false,308485,$308.49K,290,0,0,0
66296,ST. HELENA PARISH,1425 W 112th St,Chicago,IL,60643-3629,1984,10/30/1984 0:00:00,1,true,301171,$301.17K,153,0,0,0
96821,HEEKIN CAN EMPL,8200 BROADWELL RD,CINCINNATI,OH,45244-1608,1900,11/30/1940 0:00:00,1,false,298791,$298.79K,58,0,2,2
65484,ST. JUDE,205 W MONROE ST FL 7,CHICAGO,IL,60606-5060,1958,1/1/1958 0:00:00,1,false,283306,$283.31K,82,0,0,0
16728,PINN MEMORIAL,2251 N 54th St,Philadelphia,PA,19131-2321,1965,1/1/1965 0:00:00,1,true,283167,$283.17K,89,0,0,0
66613,STOUGHTON U.S. RUBBER EMPLOYEES,PO BOX 395,STOUGHTON,WI,53589,1951,10/17/1951 0:00:00,1,false,278864,$278.86K,299,0,5,5
9613,SARGENT,5109 NANNIE HELEN BURROUGHS AVE. N.,WASHINGTON,DC,20019,1954,1/1/1954 0:00:00,1,true,277962,$277.96K,391,0,1,1
64892,JONES METHODIST CHURCH,1975 POST STREET,SAN FRANCISCO,CA,94115,1953,1/1/1953 0:00:00,1,true,270667,$270.67K,254,1,0,1
24614,GIDEON,1500 Ridgeland Avenue,Waukegan,IL,60085,1998,11/9/1998 0:00:00,1,true,265590,$265.59K,260,0,4,4
4246,FAR ROCKAWAY POSTAL,P.O. Box 900001,Far Rockaway,NY,11690,1941,1/1/1941 0:00:00,1,true,249828,$249.83K,57,0,1,1
65231,PILGRIM BAPTIST,3300 S. Indiana Ave.,Chicago,IL,60616-3839,1953,1/1/1953 0:00:00,1,false,249741,$249.74K,148,0,0,0
19775,GREATER CENTENNIAL,114 W 4th S,Mount Vernon,NY,10550-4062,1969,1/1/1969 0:00:00,1,true,242403,$242.40K,182,0,1,1
20839,MORNING STAR BAPTIST,307 Shaw Ave,Clairton,PA,15025,1972,1/1/1972 0:00:00,1,true,237833,$237.83K,266,1,0,1
24246,MT. JEZREEL,420 University Blvd E,Silver Spring,MD,20901,1986,4/10/1986 0:00:00,1,true,231642,$231.64K,182,0,0,0
1992,MCKEESPORT CONGREGATIONAL,1313 Wilson St,McKeesport,PA,15132,1937,1/1/1937 0:00:00,1,false,228735,$228.74K,66,0,0,0
11783,S I PHILADELPHIA,636 N 43RD STREET,PHILADELPHIA,PA,19104,1957,1/1/1957 0:00:00,1,true,212106,$212.11K,75,0,0,0
11567,BRISTOL VA SCHOOL SYSTEM,220 Lee St,Bristol,VA,24201,1957,1/1/1957 0:00:00,1,false,211098,$211.10K,133,0,1,1
4416,IBERIA PARISH,500 French St,New Iberia,LA,70560,1941,1/1/1941 0:00:00,1,false,210825,$210.82K,246,0,1,1
22007,WAYLAND TEMPLE BAPTIST,2500 CECIL B MOORE AVE,PHILADELPHIA,PA,19121-2815,1975,4/30/1975 0:00:00,1,true,208198,$208.20K,77,0,0,0
16614,NATCO EMPLOYEES,155 BROOKSIDE AVE,WEST WARWICK,RI,02893,1965,1/1/1965 0:00:00,1,false,199512,$199.51K,29,0,2,2
68547,CATHOLICS UNITED,PO BOX 662,HUTCHINSON,KS,67504-0662,2005,11/10/2005 0:00:00,1,false,199220,$199.22K,97,0,0,0
23615,HEARD A.M.E.,310 E 8TH AVE,ROSELLE,NJ,07203,1980,3/7/1980 0:00:00,1,true,193863,$193.86K,186,0,0,0
18528,SAINT JOHN A M E,917 GARDEN AVE,NIAGARA FALLS,NY,14305-2446,1968,1/1/1968 0:00:00,1,true,192211,$192.21K,172,0,2,2
66089,BEREAN,5147 S. DEARBORN,CHICAGO,IL,60609,1955,10/11/1955 0:00:00,1,true,185137,$185.14K,263,0,1,1
67140,BECKSTRAND AND ASSOCIATES,6322 S 3000 E Ste 160,Salt Lake City,UT,84121-7290,1983,1/1/1983 0:00:00,1,false,176500,$176.50K,16,0,0,0
2098,ALIQUIPPA TEACHERS,680 6th St,Beaver,PA,15009-1940,1937,1/1/1937 0:00:00,1,false,169195,$169.19K,130,0,1,1
17691,PMI EMPLOYEES,1725 Desales St NW,Washington,DC,20036,1966,1/1/1966 0:00:00,1,false,165492,$165.49K,55,0,0,0
24266,M.A.B.C.,2012 69TH AVE,PHILADELPHIA,PA,19138-2095,1986,8/14/1986 0:00:00,1,true,159640,$159.64K,132,0,0,0
24073,PARAMOUNT BAPTIST CHURCH,3924 4th St SE,Washington,DC,20032-3005,1983,12/12/1983 0:00:00,1,true,159398,$159.40K,184,0,0,0
20890,STEPHENS COUNTY COMMUNITY,PO BOX 6,TOCCOA,GA,30577,1972,1/1/1972 0:00:00,1,false,156555,$156.56K,115,0,0,0
23896,EAST END BAPTIST TABERNACLE,548 CENTRAL AVE,BRIDGEPORT,CT,06607,1982,5/20/1982 0:00:00,1,true,148861,$148.86K,195,0,0,0
63595,MOUNT VERNON BAPTIST CHURCH,1007 S Roxboro St,Durham,NC,27707,1948,1/1/1948 0:00:00,1,true,140348,$140.35K,206,0,0,0
18562,MT ZION WOODLAWN,10180 WOODLAWN BLVD,CINCINNATI,OH,45215,1968,1/31/1968 0:00:00,1,true,134939,$134.94K,161,0,0,0
24733,SERVICE STATION DEALERS,906 RHAWN ST,PHILA,PA,19111-2627,1973,1/1/1973 0:00:00,1,false,128649,$128.65K,53,0,0,0
7256,COMMUNITY,4610 S. PRAIRIE AVE,CHICAGO,IL,60653,1951,4/30/1951 0:00:00,1,true,119385,$119.39K,154,0,0,0
24975,AFRICAN DIASPORA,1425 Ferguson Ave,Saint Louis,MO,63133,2025,5/15/2025 0:00:00,1,true,100000,$100.00K,1,0,0,0
22323,JOHN WESLEY AME ZION CHURCH,1615 14TH ST NW,WASHINGTON,DC,20009-4306,1976,3/19/1976 0:00:00,1,true,91668,$91.67K,100,0,0,0
23888,BEREA,1641 BERGEN STREET,BROOKLYN,NY,11213-2416,1982,5/7/1982 0:00:00,1,true,88854,$88.85K,96,0,0,0
24972,HERITAGE HUB,2645 Winrock Blvd,Houston,TX,77057,2025,3/7/2025 0:00:00,1,true,86376,$86.38K,75,0,0,0
6506,MT GILEAD,1625 13TH ST NW,WASHINGTON,DC,20009,1950,1/1/1950 0:00:00,1,true,79160,$79.16K,52,0,0,0
23177,SOUTHERN BAPTIST CHURCH OF NEW YORK,12 WEST 108TH STREET,NEW YORK,NY,10025,1978,8/24/1978 0:00:00,1,true,77742,$77.74K,105,0,2,2
66300,IMPERIAL,1130 S 16th St,Springfield,IL,62703-2643,1957,10/28/1957 0:00:00,1,true,73742,$73.74K,199,0,0,0
18950,MCDOWELL COUNTY,21 Bank Street,Welch,WV,24801,1968,9/27/1968 0:00:00,1,false,65680,$65.68K,32,0,0,0
65680,BETHEL A.M.E. CHURCH,"4440 S Michigan Ave, Bldg 2 - Secon",Chicago,IL,60653-3117,1974,6/12/1974 0:00:00,1,true,53337,$53.34K,92,0,0,0
17269,HOLY TRINITY BAPTIST,1818 Bainbridge St,Philadelphia,PA,19146-1807,1966,1/1/1966 0:00:00,1,true,32294,$32.29K,111,0,0,0
5655,UNION CONGREGATIONAL,"P.O. Box 313, Lincoln Station",New York,NY,10037,1948,1/1/1948 0:00:00,1,true,2241,$2.24K,1,0,0,0
24961,FAIR BREAK,Post Office Box 1884,Memphis,TN,38101,2024,5/30/2024 0:00:00,1,true,22,$22,1,0,0,0